16:47:46 [TestNG-test-Test-3] INFO  verifyingDisplaySizeFilterFunctionality_Laptop_16-47-46 - No existing WebDriver found for current thread. Initializing a new ChromeDriver...
16:47:46 [TestNG-test-Test-3] INFO  verifyingDisplaySizeFilterFunctionality_Laptop_16-47-46 - WebDriverManager: chromedriver setup OK
16:47:48 [TestNG-test-Test-3] INFO  verifyingDisplaySizeFilterFunctionality_Laptop_16-47-46 - ChromeDriver initialized successfully for thread: 36
16:47:50 [TestNG-test-Test-3] INFO  verifyingDisplaySizeFilterFunctionality_Laptop_16-47-46 - [verifyingDisplaySizeFilterFunctionality_Laptop_16-47-46] Opening amazon Landing page
16:47:50 [TestNG-test-Test-3] INFO  verifyingDisplaySizeFilterFunctionality_Laptop_16-47-46 - [verifyingDisplaySizeFilterFunctionality_Laptop_16-47-46] Within safeFindElement method
16:47:50 [TestNG-test-Test-3] INFO  verifyingDisplaySizeFilterFunctionality_Laptop_16-47-46 - [verifyingDisplaySizeFilterFunctionality_Laptop_16-47-46]Found the element returning it ,element ->[[ChromeDriver: chrome on windows (d96befd5bae2f5e1aed52ddaefadbd1d)] -> xpath: //a[@id='nav-logo-sprites']]
16:47:51 [TestNG-test-Test-3] INFO  verifyingDisplaySizeFilterFunctionality_Laptop_16-47-46 - [verifyingDisplaySizeFilterFunctionality_Laptop_16-47-46] Giving input within the search bar
16:47:51 [TestNG-test-Test-3] INFO  verifyingDisplaySizeFilterFunctionality_Laptop_16-47-46 - [verifyingDisplaySizeFilterFunctionality_Laptop_16-47-46] Within safeClick method
16:47:54 [TestNG-test-Test-3] INFO  verifyingDisplaySizeFilterFunctionality_Laptop_16-47-46 - [verifyingDisplaySizeFilterFunctionality_Laptop_16-47-46] Clicked the  [[ChromeDriver: chrome on windows (d96befd5bae2f5e1aed52ddaefadbd1d)] -> xpath: //input[@id='nav-search-submit-button']]   using safeClick
16:47:54 [TestNG-test-Test-3] INFO  verifyingDisplaySizeFilterFunctionality_Laptop_16-47-46 - [verifyingDisplaySizeFilterFunctionality_Laptop_16-47-46] Clicking on the submit in the search bar
16:47:54 [TestNG-test-Test-3] INFO  verifyingDisplaySizeFilterFunctionality_Laptop_16-47-46 - [verifyingDisplaySizeFilterFunctionality_Laptop_16-47-46] Within filterCheckUnderList method
16:47:54 [TestNG-test-Test-3] INFO  verifyingDisplaySizeFilterFunctionality_Laptop_16-47-46 - [verifyingDisplaySizeFilterFunctionality_Laptop_16-47-46] Found the Filter within the filter check List
16:47:54 [TestNG-test-Test-3] INFO  verifyingDisplaySizeFilterFunctionality_Laptop_16-47-46 - [verifyingDisplaySizeFilterFunctionality_Laptop_16-47-46] Within applyFilterAndValidateProductsWithResult method
16:47:54 [TestNG-test-Test-3] INFO  verifyingDisplaySizeFilterFunctionality_Laptop_16-47-46 - [verifyingDisplaySizeFilterFunctionality_Laptop_16-47-46] Within safeFindElements 
16:47:54 [TestNG-test-Test-3] INFO  verifyingDisplaySizeFilterFunctionality_Laptop_16-47-46 - [verifyingDisplaySizeFilterFunctionality_Laptop_16-47-46] Returning the  [[[ChromeDriver: chrome on windows (d96befd5bae2f5e1aed52ddaefadbd1d)] -> xpath: //span[@class='a-size-base a-color-base puis-bold-weight-text' and text()='Screen Size']/parent::div/following-sibling::ul//span[@class='a-size-base a-color-base']], [[ChromeDriver: chrome on windows (d96befd5bae2f5e1aed52ddaefadbd1d)] -> xpath: //span[@class='a-size-base a-color-base puis-bold-weight-text' and text()='Screen Size']/parent::div/following-sibling::ul//span[@class='a-size-base a-color-base']], [[ChromeDriver: chrome on windows (d96befd5bae2f5e1aed52ddaefadbd1d)] -> xpath: //span[@class='a-size-base a-color-base puis-bold-weight-text' and text()='Screen Size']/parent::div/following-sibling::ul//span[@class='a-size-base a-color-base']], [[ChromeDriver: chrome on windows (d96befd5bae2f5e1aed52ddaefadbd1d)] -> xpath: //span[@class='a-size-base a-color-base puis-bold-weight-text' and text()='Screen Size']/parent::div/following-sibling::ul//span[@class='a-size-base a-color-base']], [[ChromeDriver: chrome on windows (d96befd5bae2f5e1aed52ddaefadbd1d)] -> xpath: //span[@class='a-size-base a-color-base puis-bold-weight-text' and text()='Screen Size']/parent::div/following-sibling::ul//span[@class='a-size-base a-color-base']], [[ChromeDriver: chrome on windows (d96befd5bae2f5e1aed52ddaefadbd1d)] -> xpath: //span[@class='a-size-base a-color-base puis-bold-weight-text' and text()='Screen Size']/parent::div/following-sibling::ul//span[@class='a-size-base a-color-base']], [[ChromeDriver: chrome on windows (d96befd5bae2f5e1aed52ddaefadbd1d)] -> xpath: //span[@class='a-size-base a-color-base puis-bold-weight-text' and text()='Screen Size']/parent::div/following-sibling::ul//span[@class='a-size-base a-color-base']]] from the safeFindElements method
16:47:54 [TestNG-test-Test-3] INFO  verifyingDisplaySizeFilterFunctionality_Laptop_16-47-46 - [verifyingDisplaySizeFilterFunctionality_Laptop_16-47-46] Within applyFilterAndValidateProductsWithResult filterOptions size is -> 7
16:47:54 [TestNG-test-Test-3] INFO  verifyingDisplaySizeFilterFunctionality_Laptop_16-47-46 - [verifyingDisplaySizeFilterFunctionality_Laptop_16-47-46] Execution is Not CRON Job Hence refering to normal keys from UtilData
16:47:54 [TestNG-test-Test-3] INFO  verifyingDisplaySizeFilterFunctionality_Laptop_16-47-46 - [verifyingDisplaySizeFilterFunctionality_Laptop_16-47-46] Within filterOptions loop in applyFilterAndValidateProductsWithResult
16:47:54 [TestNG-test-Test-3] INFO  verifyingDisplaySizeFilterFunctionality_Laptop_16-47-46 - [verifyingDisplaySizeFilterFunctionality_Laptop_16-47-46] Within safeFindElements 
16:47:54 [TestNG-test-Test-3] INFO  verifyingDisplaySizeFilterFunctionality_Laptop_16-47-46 - [verifyingDisplaySizeFilterFunctionality_Laptop_16-47-46] Returning the  [[[ChromeDriver: chrome on windows (d96befd5bae2f5e1aed52ddaefadbd1d)] -> xpath: //span[@class='a-size-base a-color-base puis-bold-weight-text' and text()='Screen Size']/parent::div/following-sibling::ul//span[@class='a-size-base a-color-base']], [[ChromeDriver: chrome on windows (d96befd5bae2f5e1aed52ddaefadbd1d)] -> xpath: //span[@class='a-size-base a-color-base puis-bold-weight-text' and text()='Screen Size']/parent::div/following-sibling::ul//span[@class='a-size-base a-color-base']], [[ChromeDriver: chrome on windows (d96befd5bae2f5e1aed52ddaefadbd1d)] -> xpath: //span[@class='a-size-base a-color-base puis-bold-weight-text' and text()='Screen Size']/parent::div/following-sibling::ul//span[@class='a-size-base a-color-base']], [[ChromeDriver: chrome on windows (d96befd5bae2f5e1aed52ddaefadbd1d)] -> xpath: //span[@class='a-size-base a-color-base puis-bold-weight-text' and text()='Screen Size']/parent::div/following-sibling::ul//span[@class='a-size-base a-color-base']], [[ChromeDriver: chrome on windows (d96befd5bae2f5e1aed52ddaefadbd1d)] -> xpath: //span[@class='a-size-base a-color-base puis-bold-weight-text' and text()='Screen Size']/parent::div/following-sibling::ul//span[@class='a-size-base a-color-base']], [[ChromeDriver: chrome on windows (d96befd5bae2f5e1aed52ddaefadbd1d)] -> xpath: //span[@class='a-size-base a-color-base puis-bold-weight-text' and text()='Screen Size']/parent::div/following-sibling::ul//span[@class='a-size-base a-color-base']], [[ChromeDriver: chrome on windows (d96befd5bae2f5e1aed52ddaefadbd1d)] -> xpath: //span[@class='a-size-base a-color-base puis-bold-weight-text' and text()='Screen Size']/parent::div/following-sibling::ul//span[@class='a-size-base a-color-base']]] from the safeFindElements method
16:47:54 [TestNG-test-Test-3] INFO  verifyingDisplaySizeFilterFunctionality_Laptop_16-47-46 - [verifyingDisplaySizeFilterFunctionality_Laptop_16-47-46] Trying to read filter option 0 (attempt 1/3)
16:47:55 [TestNG-test-Test-3] INFO  verifyingDisplaySizeFilterFunctionality_Laptop_16-47-46 - [verifyingDisplaySizeFilterFunctionality_Laptop_16-47-46] Successfully read filter option 0 = 'Up to 13.9 in'
16:47:55 [TestNG-test-Test-3] INFO  verifyingDisplaySizeFilterFunctionality_Laptop_16-47-46 - [verifyingDisplaySizeFilterFunctionality_Laptop_16-47-46] Within getfilterByTypeAndName method
16:47:55 [TestNG-test-Test-3] INFO  verifyingDisplaySizeFilterFunctionality_Laptop_16-47-46 - [verifyingDisplaySizeFilterFunctionality_Laptop_16-47-46] Within safeClickBooleanWithScreenShot method
16:47:55 [TestNG-test-Test-3] INFO  verifyingDisplaySizeFilterFunctionality_Laptop_16-47-46 - [verifyingDisplaySizeFilterFunctionality_Laptop_16-47-46] Within getAppliedfilterByTypeAndName method
16:47:55 [TestNG-test-Test-3] INFO  verifyingDisplaySizeFilterFunctionality_Laptop_16-47-46 - [verifyingDisplaySizeFilterFunctionality_Laptop_16-47-46] Within smoothScrollToElement method
16:47:55 [TestNG-test-Test-3] INFO  verifyingDisplaySizeFilterFunctionality_Laptop_16-47-46 - [verifyingDisplaySizeFilterFunctionality_Laptop_16-47-46] Within safeFindElement method
16:47:55 [TestNG-test-Test-3] INFO  verifyingDisplaySizeFilterFunctionality_Laptop_16-47-46 - [verifyingDisplaySizeFilterFunctionality_Laptop_16-47-46]Found the element returning it ,element ->[[ChromeDriver: chrome on windows (d96befd5bae2f5e1aed52ddaefadbd1d)] -> xpath: //span[@class='a-size-base a-color-base puis-bold-weight-text' and text()='Screen Size']]
16:47:55 [TestNG-test-Test-3] INFO  verifyingDisplaySizeFilterFunctionality_Laptop_16-47-46 - [verifyingDisplaySizeFilterFunctionality_Laptop_16-47-46] Successfully scrolled to element: By.xpath: //span[@class='a-size-base a-color-base puis-bold-weight-text' and text()='Screen Size']
16:47:55 [TestNG-test-Test-3] INFO  verifyingDisplaySizeFilterFunctionality_Laptop_16-47-46 - [verifyingDisplaySizeFilterFunctionality_Laptop_16-47-46] Within getMoreButtonByFilterTypeAndName method
16:47:55 [TestNG-test-Test-3] INFO  verifyingDisplaySizeFilterFunctionality_Laptop_16-47-46 - [verifyingDisplaySizeFilterFunctionality_Laptop_16-47-46] could not find more button
16:47:56 [TestNG-test-Test-3] INFO  verifyingDisplaySizeFilterFunctionality_Laptop_16-47-46 - [verifyingDisplaySizeFilterFunctionality_Laptop_16-47-46] Within getAppliedfilterByTypeAndName method
16:47:56 [TestNG-test-Test-3] INFO  verifyingDisplaySizeFilterFunctionality_Laptop_16-47-46 - [verifyingDisplaySizeFilterFunctionality_Laptop_16-47-46] Within smoothScrollToElement method
16:47:56 [TestNG-test-Test-3] INFO  verifyingDisplaySizeFilterFunctionality_Laptop_16-47-46 - [verifyingDisplaySizeFilterFunctionality_Laptop_16-47-46] Within safeFindElement method
16:47:57 [TestNG-test-Test-3] INFO  verifyingDisplaySizeFilterFunctionality_Laptop_16-47-46 - [verifyingDisplaySizeFilterFunctionality_Laptop_16-47-46]Found the element returning it ,element ->[[ChromeDriver: chrome on windows (d96befd5bae2f5e1aed52ddaefadbd1d)] -> xpath: //span[@class='a-size-base a-color-base puis-bold-weight-text' and text()='Screen Size']]
16:47:57 [TestNG-test-Test-3] INFO  verifyingDisplaySizeFilterFunctionality_Laptop_16-47-46 - [verifyingDisplaySizeFilterFunctionality_Laptop_16-47-46] Successfully scrolled to element: By.xpath: //span[@class='a-size-base a-color-base puis-bold-weight-text' and text()='Screen Size']
16:47:57 [TestNG-test-Test-3] INFO  verifyingDisplaySizeFilterFunctionality_Laptop_16-47-46 - [verifyingDisplaySizeFilterFunctionality_Laptop_16-47-46] Within getMoreButtonByFilterTypeAndName method
16:47:57 [TestNG-test-Test-3] INFO  verifyingDisplaySizeFilterFunctionality_Laptop_16-47-46 - [verifyingDisplaySizeFilterFunctionality_Laptop_16-47-46] could not find more button
16:47:57 [TestNG-test-Test-3] INFO  verifyingDisplaySizeFilterFunctionality_Laptop_16-47-46 - [verifyingDisplaySizeFilterFunctionality_Laptop_16-47-46] Within getfilterByTypeAndName method
16:47:57 [TestNG-test-Test-3] INFO  verifyingDisplaySizeFilterFunctionality_Laptop_16-47-46 - [verifyingDisplaySizeFilterFunctionality_Laptop_16-47-46] Within smoothScrollToElement method
16:47:57 [TestNG-test-Test-3] INFO  verifyingDisplaySizeFilterFunctionality_Laptop_16-47-46 - [verifyingDisplaySizeFilterFunctionality_Laptop_16-47-46] Within safeFindElement method
16:47:57 [TestNG-test-Test-3] INFO  verifyingDisplaySizeFilterFunctionality_Laptop_16-47-46 - [verifyingDisplaySizeFilterFunctionality_Laptop_16-47-46]Found the element returning it ,element ->[[ChromeDriver: chrome on windows (d96befd5bae2f5e1aed52ddaefadbd1d)] -> xpath: //span[@class='a-size-base a-color-base puis-bold-weight-text' and text()='Screen Size']/parent::div/following-sibling::ul//span[@class='a-size-base a-color-base a-text-bold' and text()='Up to 13.9 in']]
16:47:57 [TestNG-test-Test-3] INFO  verifyingDisplaySizeFilterFunctionality_Laptop_16-47-46 - [verifyingDisplaySizeFilterFunctionality_Laptop_16-47-46] Successfully scrolled to element: By.xpath: //span[@class='a-size-base a-color-base puis-bold-weight-text' and text()='Screen Size']/parent::div/following-sibling::ul//span[@class='a-size-base a-color-base a-text-bold' and text()='Up to 13.9 in']
16:47:57 [TestNG-test-Test-3] INFO  verifyingDisplaySizeFilterFunctionality_Laptop_16-47-46 - [verifyingDisplaySizeFilterFunctionality_Laptop_16-47-46] Clicked the element using safe click ,element is [[ChromeDriver: chrome on windows (d96befd5bae2f5e1aed52ddaefadbd1d)] -> xpath: //span[@class='a-size-base a-color-base puis-bold-weight-text' and text()='Screen Size']/parent::div/following-sibling::ul//span[@class='a-size-base a-color-base' and text()='Up to 13.9 in']]
16:47:58 [TestNG-test-Test-3] INFO  verifyingDisplaySizeFilterFunctionality_Laptop_16-47-46 - [verifyingDisplaySizeFilterFunctionality_Laptop_16-47-46] Within safeFindElements 
16:47:58 [TestNG-test-Test-3] INFO  verifyingDisplaySizeFilterFunctionality_Laptop_16-47-46 - [verifyingDisplaySizeFilterFunctionality_Laptop_16-47-46] Returning the  [[[ChromeDriver: chrome on windows (d96befd5bae2f5e1aed52ddaefadbd1d)] -> xpath: //div[@data-cy='title-recipe']], [[ChromeDriver: chrome on windows (d96befd5bae2f5e1aed52ddaefadbd1d)] -> xpath: //div[@data-cy='title-recipe']], [[ChromeDriver: chrome on windows (d96befd5bae2f5e1aed52ddaefadbd1d)] -> xpath: //div[@data-cy='title-recipe']], [[ChromeDriver: chrome on windows (d96befd5bae2f5e1aed52ddaefadbd1d)] -> xpath: //div[@data-cy='title-recipe']], [[ChromeDriver: chrome on windows (d96befd5bae2f5e1aed52ddaefadbd1d)] -> xpath: //div[@data-cy='title-recipe']], [[ChromeDriver: chrome on windows (d96befd5bae2f5e1aed52ddaefadbd1d)] -> xpath: //div[@data-cy='title-recipe']], [[ChromeDriver: chrome on windows (d96befd5bae2f5e1aed52ddaefadbd1d)] -> xpath: //div[@data-cy='title-recipe']], [[ChromeDriver: chrome on windows (d96befd5bae2f5e1aed52ddaefadbd1d)] -> xpath: //div[@data-cy='title-recipe']], [[ChromeDriver: chrome on windows (d96befd5bae2f5e1aed52ddaefadbd1d)] -> xpath: //div[@data-cy='title-recipe']], [[ChromeDriver: chrome on windows (d96befd5bae2f5e1aed52ddaefadbd1d)] -> xpath: //div[@data-cy='title-recipe']], [[ChromeDriver: chrome on windows (d96befd5bae2f5e1aed52ddaefadbd1d)] -> xpath: //div[@data-cy='title-recipe']], [[ChromeDriver: chrome on windows (d96befd5bae2f5e1aed52ddaefadbd1d)] -> xpath: //div[@data-cy='title-recipe']], [[ChromeDriver: chrome on windows (d96befd5bae2f5e1aed52ddaefadbd1d)] -> xpath: //div[@data-cy='title-recipe']], [[ChromeDriver: chrome on windows (d96befd5bae2f5e1aed52ddaefadbd1d)] -> xpath: //div[@data-cy='title-recipe']], [[ChromeDriver: chrome on windows (d96befd5bae2f5e1aed52ddaefadbd1d)] -> xpath: //div[@data-cy='title-recipe']], [[ChromeDriver: chrome on windows (d96befd5bae2f5e1aed52ddaefadbd1d)] -> xpath: //div[@data-cy='title-recipe']]] from the safeFindElements method
16:47:58 [TestNG-test-Test-3] INFO  verifyingDisplaySizeFilterFunctionality_Laptop_16-47-46 - [verifyingDisplaySizeFilterFunctionality_Laptop_16-47-46] Execution is Not CRON Job Hence refering to normal keys from UtilData
16:47:58 [TestNG-test-Test-3] INFO  verifyingDisplaySizeFilterFunctionality_Laptop_16-47-46 - [verifyingDisplaySizeFilterFunctionality_Laptop_16-47-46] Within safeFindElements 
16:47:58 [TestNG-test-Test-3] INFO  verifyingDisplaySizeFilterFunctionality_Laptop_16-47-46 - [verifyingDisplaySizeFilterFunctionality_Laptop_16-47-46] Returning the  [[[ChromeDriver: chrome on windows (d96befd5bae2f5e1aed52ddaefadbd1d)] -> xpath: //div[@data-cy='title-recipe']], [[ChromeDriver: chrome on windows (d96befd5bae2f5e1aed52ddaefadbd1d)] -> xpath: //div[@data-cy='title-recipe']], [[ChromeDriver: chrome on windows (d96befd5bae2f5e1aed52ddaefadbd1d)] -> xpath: //div[@data-cy='title-recipe']], [[ChromeDriver: chrome on windows (d96befd5bae2f5e1aed52ddaefadbd1d)] -> xpath: //div[@data-cy='title-recipe']], [[ChromeDriver: chrome on windows (d96befd5bae2f5e1aed52ddaefadbd1d)] -> xpath: //div[@data-cy='title-recipe']], [[ChromeDriver: chrome on windows (d96befd5bae2f5e1aed52ddaefadbd1d)] -> xpath: //div[@data-cy='title-recipe']], [[ChromeDriver: chrome on windows (d96befd5bae2f5e1aed52ddaefadbd1d)] -> xpath: //div[@data-cy='title-recipe']], [[ChromeDriver: chrome on windows (d96befd5bae2f5e1aed52ddaefadbd1d)] -> xpath: //div[@data-cy='title-recipe']], [[ChromeDriver: chrome on windows (d96befd5bae2f5e1aed52ddaefadbd1d)] -> xpath: //div[@data-cy='title-recipe']], [[ChromeDriver: chrome on windows (d96befd5bae2f5e1aed52ddaefadbd1d)] -> xpath: //div[@data-cy='title-recipe']], [[ChromeDriver: chrome on windows (d96befd5bae2f5e1aed52ddaefadbd1d)] -> xpath: //div[@data-cy='title-recipe']], [[ChromeDriver: chrome on windows (d96befd5bae2f5e1aed52ddaefadbd1d)] -> xpath: //div[@data-cy='title-recipe']], [[ChromeDriver: chrome on windows (d96befd5bae2f5e1aed52ddaefadbd1d)] -> xpath: //div[@data-cy='title-recipe']], [[ChromeDriver: chrome on windows (d96befd5bae2f5e1aed52ddaefadbd1d)] -> xpath: //div[@data-cy='title-recipe']], [[ChromeDriver: chrome on windows (d96befd5bae2f5e1aed52ddaefadbd1d)] -> xpath: //div[@data-cy='title-recipe']], [[ChromeDriver: chrome on windows (d96befd5bae2f5e1aed52ddaefadbd1d)] -> xpath: //div[@data-cy='title-recipe']]] from the safeFindElements method
16:47:58 [TestNG-test-Test-3] INFO  verifyingDisplaySizeFilterFunctionality_Laptop_16-47-46 - [verifyingDisplaySizeFilterFunctionality_Laptop_16-47-46] Within productNameListingPage loop in applyFilterAndValidateProductsWithResult
16:47:58 [TestNG-test-Test-3] INFO  verifyingDisplaySizeFilterFunctionality_Laptop_16-47-46 - [verifyingDisplaySizeFilterFunctionality_Laptop_16-47-46] Within getProductByIndex method
16:47:58 [TestNG-test-Test-3] INFO  verifyingDisplaySizeFilterFunctionality_Laptop_16-47-46 - [verifyingDisplaySizeFilterFunctionality_Laptop_16-47-46] Within safeFindElement method
16:47:58 [TestNG-test-Test-3] INFO  verifyingDisplaySizeFilterFunctionality_Laptop_16-47-46 - [verifyingDisplaySizeFilterFunctionality_Laptop_16-47-46]Found the element returning it ,element ->[[ChromeDriver: chrome on windows (d96befd5bae2f5e1aed52ddaefadbd1d)] -> xpath: (//div[@data-cy='title-recipe'])[1]]
16:47:58 [TestNG-test-Test-3] INFO  verifyingDisplaySizeFilterFunctionality_Laptop_16-47-46 - [verifyingDisplaySizeFilterFunctionality_Laptop_16-47-46] Within getProductByIndex method
16:47:58 [TestNG-test-Test-3] INFO  verifyingDisplaySizeFilterFunctionality_Laptop_16-47-46 - [verifyingDisplaySizeFilterFunctionality_Laptop_16-47-46] Within smoothScrollToElement method
16:47:58 [TestNG-test-Test-3] INFO  verifyingDisplaySizeFilterFunctionality_Laptop_16-47-46 - [verifyingDisplaySizeFilterFunctionality_Laptop_16-47-46] Within safeFindElement method
16:47:58 [TestNG-test-Test-3] INFO  verifyingDisplaySizeFilterFunctionality_Laptop_16-47-46 - [verifyingDisplaySizeFilterFunctionality_Laptop_16-47-46]Found the element returning it ,element ->[[ChromeDriver: chrome on windows (d96befd5bae2f5e1aed52ddaefadbd1d)] -> xpath: (//div[@data-cy='title-recipe'])[1]]
16:47:58 [TestNG-test-Test-3] INFO  verifyingDisplaySizeFilterFunctionality_Laptop_16-47-46 - [verifyingDisplaySizeFilterFunctionality_Laptop_16-47-46] Successfully scrolled to element: By.xpath: (//div[@data-cy='title-recipe'])[1]
16:47:58 [TestNG-test-Test-3] INFO  verifyingDisplaySizeFilterFunctionality_Laptop_16-47-46 - [verifyingDisplaySizeFilterFunctionality_Laptop_16-47-46] Getting product by index in productNameListingPage loop
16:47:58 [TestNG-test-Test-3] INFO  verifyingDisplaySizeFilterFunctionality_Laptop_16-47-46 - [verifyingDisplaySizeFilterFunctionality_Laptop_16-47-46] Opened product in new tab via Ctrl+Click inside productNameListingPage loop
16:47:58 [TestNG-test-Test-3] INFO  verifyingDisplaySizeFilterFunctionality_Laptop_16-47-46 - [verifyingDisplaySizeFilterFunctionality_Laptop_16-47-46] Waiting for new window to open...
16:47:58 [TestNG-test-Test-3] INFO  verifyingDisplaySizeFilterFunctionality_Laptop_16-47-46 - [verifyingDisplaySizeFilterFunctionality_Laptop_16-47-46] Switched to new window -> 29168F2797567B9D50D3D4E1294F6FC6
16:47:58 [TestNG-test-Test-3] INFO  verifyingDisplaySizeFilterFunctionality_Laptop_16-47-46 - [verifyingDisplaySizeFilterFunctionality_Laptop_16-47-46] Swithcing to the new window  within productNameListingPage loop
16:47:58 [TestNG-test-Test-3] INFO  verifyingDisplaySizeFilterFunctionality_Laptop_16-47-46 - [verifyingDisplaySizeFilterFunctionality_Laptop_16-47-46] Clicked product name to open in new tab from productNameListingPage loop
16:47:58 [TestNG-test-Test-3] INFO  verifyingDisplaySizeFilterFunctionality_Laptop_16-47-46 - [verifyingDisplaySizeFilterFunctionality_Laptop_16-47-46] Within safeFindElement method
16:48:04 [TestNG-test-Test-3] INFO  verifyingDisplaySizeFilterFunctionality_Laptop_16-47-46 - [verifyingDisplaySizeFilterFunctionality_Laptop_16-47-46]Found the element returning it ,element ->[[ChromeDriver: chrome on windows (d96befd5bae2f5e1aed52ddaefadbd1d)] -> xpath: //span[@id='productTitle']]
16:48:04 [TestNG-test-Test-3] INFO  verifyingDisplaySizeFilterFunctionality_Laptop_16-47-46 - [verifyingDisplaySizeFilterFunctionality_Laptop_16-47-46] Within safeFindElement method
16:48:04 [TestNG-test-Test-3] INFO  verifyingDisplaySizeFilterFunctionality_Laptop_16-47-46 - [verifyingDisplaySizeFilterFunctionality_Laptop_16-47-46]Found the element returning it ,element ->[[ChromeDriver: chrome on windows (d96befd5bae2f5e1aed52ddaefadbd1d)] -> xpath: //div[@class='a-section a-spacing-small a-spacing-top-small']]
16:48:04 [TestNG-test-Test-3] INFO  verifyingDisplaySizeFilterFunctionality_Laptop_16-47-46 - [verifyingDisplaySizeFilterFunctionality_Laptop_16-47-46] Within safeFindElement method
16:48:04 [TestNG-test-Test-3] INFO  verifyingDisplaySizeFilterFunctionality_Laptop_16-47-46 - [verifyingDisplaySizeFilterFunctionality_Laptop_16-47-46]Found the element returning it ,element ->[[ChromeDriver: chrome on windows (d96befd5bae2f5e1aed52ddaefadbd1d)] -> xpath: //div[@id='feature-bullets']]
16:48:04 [TestNG-test-Test-3] INFO  verifyingDisplaySizeFilterFunctionality_Laptop_16-47-46 - [verifyingDisplaySizeFilterFunctionality_Laptop_16-47-46] Within safeFindElement method
16:48:04 [TestNG-test-Test-3] INFO  verifyingDisplaySizeFilterFunctionality_Laptop_16-47-46 - [verifyingDisplaySizeFilterFunctionality_Laptop_16-47-46]Found the element returning it ,element ->[[ChromeDriver: chrome on windows (d96befd5bae2f5e1aed52ddaefadbd1d)] -> xpath: //div[@id='prodDetails']]
16:48:04 [TestNG-test-Test-3] INFO  verifyingDisplaySizeFilterFunctionality_Laptop_16-47-46 - [verifyingDisplaySizeFilterFunctionality_Laptop_16-47-46] Extracting 'name' , 'keyFeatures', 'about' , 'techDetails' within productNameListingPage loop
16:48:04 [TestNG-test-Test-3] INFO  verifyingDisplaySizeFilterFunctionality_Laptop_16-47-46 - [verifyingDisplaySizeFilterFunctionality_Laptop_16-47-46] Waiting until element is visible in viewport
16:48:15 [TestNG-test-Test-3] INFO  verifyingDisplaySizeFilterFunctionality_Laptop_16-47-46 - [verifyingDisplaySizeFilterFunctionality_Laptop_16-47-46] Within smoothScrollToElement method
16:48:15 [TestNG-test-Test-3] INFO  verifyingDisplaySizeFilterFunctionality_Laptop_16-47-46 - [verifyingDisplaySizeFilterFunctionality_Laptop_16-47-46] Within safeFindElement method
16:48:15 [TestNG-test-Test-3] INFO  verifyingDisplaySizeFilterFunctionality_Laptop_16-47-46 - [verifyingDisplaySizeFilterFunctionality_Laptop_16-47-46]Found the element returning it ,element ->[[ChromeDriver: chrome on windows (d96befd5bae2f5e1aed52ddaefadbd1d)] -> xpath: //a[@id='seeMoreDetailsLink']]
16:48:15 [TestNG-test-Test-3] INFO  verifyingDisplaySizeFilterFunctionality_Laptop_16-47-46 - [verifyingDisplaySizeFilterFunctionality_Laptop_16-47-46] Successfully scrolled to element: By.xpath: //a[@id='seeMoreDetailsLink']
16:48:15 [TestNG-test-Test-3] INFO  verifyingDisplaySizeFilterFunctionality_Laptop_16-47-46 - [verifyingDisplaySizeFilterFunctionality_Laptop_16-47-46] Within safeClick method
16:48:15 [TestNG-test-Test-3] INFO  verifyingDisplaySizeFilterFunctionality_Laptop_16-47-46 - [verifyingDisplaySizeFilterFunctionality_Laptop_16-47-46] Clicked the  [[ChromeDriver: chrome on windows (d96befd5bae2f5e1aed52ddaefadbd1d)] -> xpath: //a[@id='seeMoreDetailsLink']]   using safeClick
16:48:15 [TestNG-test-Test-3] INFO  verifyingDisplaySizeFilterFunctionality_Laptop_16-47-46 - [verifyingDisplaySizeFilterFunctionality_Laptop_16-47-46] Within try block for clicking see more deatils within productNameListingPage loop
16:48:15 [TestNG-test-Test-3] INFO  verifyingDisplaySizeFilterFunctionality_Laptop_16-47-46 - [verifyingDisplaySizeFilterFunctionality_Laptop_16-47-46] Within closeCurrentWindowAndSwitchBack method
16:48:15 [TestNG-test-Test-3] INFO  verifyingDisplaySizeFilterFunctionality_Laptop_16-47-46 - [verifyingDisplaySizeFilterFunctionality_Laptop_16-47-46] Total open windows/tabs count -> 2
16:48:15 [TestNG-test-Test-3] INFO  verifyingDisplaySizeFilterFunctionality_Laptop_16-47-46 - [verifyingDisplaySizeFilterFunctionality_Laptop_16-47-46] Original window handle -> 01169DBC6D57717DF5944C0123E17E1D
16:48:15 [TestNG-test-Test-3] INFO  verifyingDisplaySizeFilterFunctionality_Laptop_16-47-46 - [verifyingDisplaySizeFilterFunctionality_Laptop_16-47-46] Found new tab/window handle -> 29168F2797567B9D50D3D4E1294F6FC6 (will be closed)
16:48:15 [TestNG-test-Test-3] INFO  verifyingDisplaySizeFilterFunctionality_Laptop_16-47-46 - [verifyingDisplaySizeFilterFunctionality_Laptop_16-47-46] Successfully switched to new tab/window -> 29168F2797567B9D50D3D4E1294F6FC6
16:48:16 [TestNG-test-Test-3] INFO  verifyingDisplaySizeFilterFunctionality_Laptop_16-47-46 - [verifyingDisplaySizeFilterFunctionality_Laptop_16-47-46] Closed the newly opened tab/window -> 29168F2797567B9D50D3D4E1294F6FC6
16:48:16 [TestNG-test-Test-3] INFO  verifyingDisplaySizeFilterFunctionality_Laptop_16-47-46 - [verifyingDisplaySizeFilterFunctionality_Laptop_16-47-46] Switched back to the original window -> 01169DBC6D57717DF5944C0123E17E1D
16:48:16 [TestNG-test-Test-3] INFO  verifyingDisplaySizeFilterFunctionality_Laptop_16-47-46 - [verifyingDisplaySizeFilterFunctionality_Laptop_16-47-46]  going back to product listing via closeCurrentWindowAndSwitchBack 
16:48:16 [TestNG-test-Test-3] INFO  verifyingDisplaySizeFilterFunctionality_Laptop_16-47-46 - [verifyingDisplaySizeFilterFunctionality_Laptop_16-47-46]  Added 'filter','title','keyFeatures', 'about', 'techDetails' into the Map -> productResult
16:48:16 [TestNG-test-Test-3] INFO  verifyingDisplaySizeFilterFunctionality_Laptop_16-47-46 - [verifyingDisplaySizeFilterFunctionality_Laptop_16-47-46]  Added 'productResult' Map into the 'results' i.e list of maps 
16:48:16 [TestNG-test-Test-3] INFO  verifyingDisplaySizeFilterFunctionality_Laptop_16-47-46 - [verifyingDisplaySizeFilterFunctionality_Laptop_16-47-46]==========================================================================================================
16:48:16 [TestNG-test-Test-3] INFO  verifyingDisplaySizeFilterFunctionality_Laptop_16-47-46 - [verifyingDisplaySizeFilterFunctionality_Laptop_16-47-46] Within safeFindElements 
16:48:16 [TestNG-test-Test-3] INFO  verifyingDisplaySizeFilterFunctionality_Laptop_16-47-46 - [verifyingDisplaySizeFilterFunctionality_Laptop_16-47-46] Returning the  [[[ChromeDriver: chrome on windows (d96befd5bae2f5e1aed52ddaefadbd1d)] -> xpath: //div[@data-cy='title-recipe']], [[ChromeDriver: chrome on windows (d96befd5bae2f5e1aed52ddaefadbd1d)] -> xpath: //div[@data-cy='title-recipe']], [[ChromeDriver: chrome on windows (d96befd5bae2f5e1aed52ddaefadbd1d)] -> xpath: //div[@data-cy='title-recipe']], [[ChromeDriver: chrome on windows (d96befd5bae2f5e1aed52ddaefadbd1d)] -> xpath: //div[@data-cy='title-recipe']], [[ChromeDriver: chrome on windows (d96befd5bae2f5e1aed52ddaefadbd1d)] -> xpath: //div[@data-cy='title-recipe']], [[ChromeDriver: chrome on windows (d96befd5bae2f5e1aed52ddaefadbd1d)] -> xpath: //div[@data-cy='title-recipe']], [[ChromeDriver: chrome on windows (d96befd5bae2f5e1aed52ddaefadbd1d)] -> xpath: //div[@data-cy='title-recipe']], [[ChromeDriver: chrome on windows (d96befd5bae2f5e1aed52ddaefadbd1d)] -> xpath: //div[@data-cy='title-recipe']], [[ChromeDriver: chrome on windows (d96befd5bae2f5e1aed52ddaefadbd1d)] -> xpath: //div[@data-cy='title-recipe']], [[ChromeDriver: chrome on windows (d96befd5bae2f5e1aed52ddaefadbd1d)] -> xpath: //div[@data-cy='title-recipe']], [[ChromeDriver: chrome on windows (d96befd5bae2f5e1aed52ddaefadbd1d)] -> xpath: //div[@data-cy='title-recipe']], [[ChromeDriver: chrome on windows (d96befd5bae2f5e1aed52ddaefadbd1d)] -> xpath: //div[@data-cy='title-recipe']], [[ChromeDriver: chrome on windows (d96befd5bae2f5e1aed52ddaefadbd1d)] -> xpath: //div[@data-cy='title-recipe']], [[ChromeDriver: chrome on windows (d96befd5bae2f5e1aed52ddaefadbd1d)] -> xpath: //div[@data-cy='title-recipe']], [[ChromeDriver: chrome on windows (d96befd5bae2f5e1aed52ddaefadbd1d)] -> xpath: //div[@data-cy='title-recipe']], [[ChromeDriver: chrome on windows (d96befd5bae2f5e1aed52ddaefadbd1d)] -> xpath: //div[@data-cy='title-recipe']]] from the safeFindElements method
16:48:16 [TestNG-test-Test-3] INFO  verifyingDisplaySizeFilterFunctionality_Laptop_16-47-46 - [verifyingDisplaySizeFilterFunctionality_Laptop_16-47-46] Within productNameListingPage loop in applyFilterAndValidateProductsWithResult
16:48:16 [TestNG-test-Test-3] INFO  verifyingDisplaySizeFilterFunctionality_Laptop_16-47-46 - [verifyingDisplaySizeFilterFunctionality_Laptop_16-47-46] Within getProductByIndex method
16:48:16 [TestNG-test-Test-3] INFO  verifyingDisplaySizeFilterFunctionality_Laptop_16-47-46 - [verifyingDisplaySizeFilterFunctionality_Laptop_16-47-46] Within safeFindElement method
16:48:16 [TestNG-test-Test-3] INFO  verifyingDisplaySizeFilterFunctionality_Laptop_16-47-46 - [verifyingDisplaySizeFilterFunctionality_Laptop_16-47-46]Found the element returning it ,element ->[[ChromeDriver: chrome on windows (d96befd5bae2f5e1aed52ddaefadbd1d)] -> xpath: (//div[@data-cy='title-recipe'])[2]]
16:48:16 [TestNG-test-Test-3] INFO  verifyingDisplaySizeFilterFunctionality_Laptop_16-47-46 - [verifyingDisplaySizeFilterFunctionality_Laptop_16-47-46] Within getProductByIndex method
16:48:16 [TestNG-test-Test-3] INFO  verifyingDisplaySizeFilterFunctionality_Laptop_16-47-46 - [verifyingDisplaySizeFilterFunctionality_Laptop_16-47-46] Within smoothScrollToElement method
16:48:16 [TestNG-test-Test-3] INFO  verifyingDisplaySizeFilterFunctionality_Laptop_16-47-46 - [verifyingDisplaySizeFilterFunctionality_Laptop_16-47-46] Within safeFindElement method
16:48:16 [TestNG-test-Test-3] INFO  verifyingDisplaySizeFilterFunctionality_Laptop_16-47-46 - [verifyingDisplaySizeFilterFunctionality_Laptop_16-47-46]Found the element returning it ,element ->[[ChromeDriver: chrome on windows (d96befd5bae2f5e1aed52ddaefadbd1d)] -> xpath: (//div[@data-cy='title-recipe'])[2]]
16:48:16 [TestNG-test-Test-3] INFO  verifyingDisplaySizeFilterFunctionality_Laptop_16-47-46 - [verifyingDisplaySizeFilterFunctionality_Laptop_16-47-46] Successfully scrolled to element: By.xpath: (//div[@data-cy='title-recipe'])[2]
16:48:16 [TestNG-test-Test-3] INFO  verifyingDisplaySizeFilterFunctionality_Laptop_16-47-46 - [verifyingDisplaySizeFilterFunctionality_Laptop_16-47-46] Getting product by index in productNameListingPage loop
16:48:16 [TestNG-test-Test-3] INFO  verifyingDisplaySizeFilterFunctionality_Laptop_16-47-46 - [verifyingDisplaySizeFilterFunctionality_Laptop_16-47-46] Opened product in new tab via Ctrl+Click inside productNameListingPage loop
16:48:16 [TestNG-test-Test-3] INFO  verifyingDisplaySizeFilterFunctionality_Laptop_16-47-46 - [verifyingDisplaySizeFilterFunctionality_Laptop_16-47-46] Waiting for new window to open...
16:48:16 [TestNG-test-Test-3] INFO  verifyingDisplaySizeFilterFunctionality_Laptop_16-47-46 - [verifyingDisplaySizeFilterFunctionality_Laptop_16-47-46] Switched to new window -> EAB50F13C4C67D2772782F6677B3483F
16:48:16 [TestNG-test-Test-3] INFO  verifyingDisplaySizeFilterFunctionality_Laptop_16-47-46 - [verifyingDisplaySizeFilterFunctionality_Laptop_16-47-46] Swithcing to the new window  within productNameListingPage loop
16:48:16 [TestNG-test-Test-3] INFO  verifyingDisplaySizeFilterFunctionality_Laptop_16-47-46 - [verifyingDisplaySizeFilterFunctionality_Laptop_16-47-46] Clicked product name to open in new tab from productNameListingPage loop
16:48:16 [TestNG-test-Test-3] INFO  verifyingDisplaySizeFilterFunctionality_Laptop_16-47-46 - [verifyingDisplaySizeFilterFunctionality_Laptop_16-47-46] Within safeFindElement method
16:48:22 [TestNG-test-Test-3] INFO  verifyingDisplaySizeFilterFunctionality_Laptop_16-47-46 - [verifyingDisplaySizeFilterFunctionality_Laptop_16-47-46]Found the element returning it ,element ->[[ChromeDriver: chrome on windows (d96befd5bae2f5e1aed52ddaefadbd1d)] -> xpath: //span[@id='productTitle']]
16:48:22 [TestNG-test-Test-3] INFO  verifyingDisplaySizeFilterFunctionality_Laptop_16-47-46 - [verifyingDisplaySizeFilterFunctionality_Laptop_16-47-46] Within safeFindElement method
16:48:22 [TestNG-test-Test-3] INFO  verifyingDisplaySizeFilterFunctionality_Laptop_16-47-46 - [verifyingDisplaySizeFilterFunctionality_Laptop_16-47-46]Found the element returning it ,element ->[[ChromeDriver: chrome on windows (d96befd5bae2f5e1aed52ddaefadbd1d)] -> xpath: //div[@class='a-section a-spacing-small a-spacing-top-small']]
16:48:22 [TestNG-test-Test-3] INFO  verifyingDisplaySizeFilterFunctionality_Laptop_16-47-46 - [verifyingDisplaySizeFilterFunctionality_Laptop_16-47-46] Within safeFindElement method
16:48:22 [TestNG-test-Test-3] INFO  verifyingDisplaySizeFilterFunctionality_Laptop_16-47-46 - [verifyingDisplaySizeFilterFunctionality_Laptop_16-47-46]Found the element returning it ,element ->[[ChromeDriver: chrome on windows (d96befd5bae2f5e1aed52ddaefadbd1d)] -> xpath: //div[@id='feature-bullets']]
16:48:22 [TestNG-test-Test-3] INFO  verifyingDisplaySizeFilterFunctionality_Laptop_16-47-46 - [verifyingDisplaySizeFilterFunctionality_Laptop_16-47-46] Within safeFindElement method
16:48:22 [TestNG-test-Test-3] INFO  verifyingDisplaySizeFilterFunctionality_Laptop_16-47-46 - [verifyingDisplaySizeFilterFunctionality_Laptop_16-47-46]Found the element returning it ,element ->[[ChromeDriver: chrome on windows (d96befd5bae2f5e1aed52ddaefadbd1d)] -> xpath: //div[@id='prodDetails']]
16:48:22 [TestNG-test-Test-3] INFO  verifyingDisplaySizeFilterFunctionality_Laptop_16-47-46 - [verifyingDisplaySizeFilterFunctionality_Laptop_16-47-46] Extracting 'name' , 'keyFeatures', 'about' , 'techDetails' within productNameListingPage loop
16:48:22 [TestNG-test-Test-3] INFO  verifyingDisplaySizeFilterFunctionality_Laptop_16-47-46 - [verifyingDisplaySizeFilterFunctionality_Laptop_16-47-46] Waiting until element is visible in viewport
16:48:33 [TestNG-test-Test-3] INFO  verifyingDisplaySizeFilterFunctionality_Laptop_16-47-46 - [verifyingDisplaySizeFilterFunctionality_Laptop_16-47-46] Within smoothScrollToElement method
16:48:33 [TestNG-test-Test-3] INFO  verifyingDisplaySizeFilterFunctionality_Laptop_16-47-46 - [verifyingDisplaySizeFilterFunctionality_Laptop_16-47-46] Within safeFindElement method
16:48:33 [TestNG-test-Test-3] INFO  verifyingDisplaySizeFilterFunctionality_Laptop_16-47-46 - [verifyingDisplaySizeFilterFunctionality_Laptop_16-47-46]Found the element returning it ,element ->[[ChromeDriver: chrome on windows (d96befd5bae2f5e1aed52ddaefadbd1d)] -> xpath: //a[@id='seeMoreDetailsLink']]
16:48:33 [TestNG-test-Test-3] INFO  verifyingDisplaySizeFilterFunctionality_Laptop_16-47-46 - [verifyingDisplaySizeFilterFunctionality_Laptop_16-47-46] Successfully scrolled to element: By.xpath: //a[@id='seeMoreDetailsLink']
16:48:33 [TestNG-test-Test-3] INFO  verifyingDisplaySizeFilterFunctionality_Laptop_16-47-46 - [verifyingDisplaySizeFilterFunctionality_Laptop_16-47-46] Within safeClick method
16:48:33 [TestNG-test-Test-3] INFO  verifyingDisplaySizeFilterFunctionality_Laptop_16-47-46 - [verifyingDisplaySizeFilterFunctionality_Laptop_16-47-46] Clicked the  [[ChromeDriver: chrome on windows (d96befd5bae2f5e1aed52ddaefadbd1d)] -> xpath: //a[@id='seeMoreDetailsLink']]   using safeClick
16:48:33 [TestNG-test-Test-3] INFO  verifyingDisplaySizeFilterFunctionality_Laptop_16-47-46 - [verifyingDisplaySizeFilterFunctionality_Laptop_16-47-46] Within try block for clicking see more deatils within productNameListingPage loop
16:48:33 [TestNG-test-Test-3] INFO  verifyingDisplaySizeFilterFunctionality_Laptop_16-47-46 - [verifyingDisplaySizeFilterFunctionality_Laptop_16-47-46] Within closeCurrentWindowAndSwitchBack method
16:48:33 [TestNG-test-Test-3] INFO  verifyingDisplaySizeFilterFunctionality_Laptop_16-47-46 - [verifyingDisplaySizeFilterFunctionality_Laptop_16-47-46] Total open windows/tabs count -> 2
16:48:33 [TestNG-test-Test-3] INFO  verifyingDisplaySizeFilterFunctionality_Laptop_16-47-46 - [verifyingDisplaySizeFilterFunctionality_Laptop_16-47-46] Original window handle -> 01169DBC6D57717DF5944C0123E17E1D
16:48:33 [TestNG-test-Test-3] INFO  verifyingDisplaySizeFilterFunctionality_Laptop_16-47-46 - [verifyingDisplaySizeFilterFunctionality_Laptop_16-47-46] Found new tab/window handle -> EAB50F13C4C67D2772782F6677B3483F (will be closed)
16:48:33 [TestNG-test-Test-3] INFO  verifyingDisplaySizeFilterFunctionality_Laptop_16-47-46 - [verifyingDisplaySizeFilterFunctionality_Laptop_16-47-46] Successfully switched to new tab/window -> EAB50F13C4C67D2772782F6677B3483F
16:48:34 [TestNG-test-Test-3] INFO  verifyingDisplaySizeFilterFunctionality_Laptop_16-47-46 - [verifyingDisplaySizeFilterFunctionality_Laptop_16-47-46] Closed the newly opened tab/window -> EAB50F13C4C67D2772782F6677B3483F
16:48:34 [TestNG-test-Test-3] INFO  verifyingDisplaySizeFilterFunctionality_Laptop_16-47-46 - [verifyingDisplaySizeFilterFunctionality_Laptop_16-47-46] Switched back to the original window -> 01169DBC6D57717DF5944C0123E17E1D
16:48:34 [TestNG-test-Test-3] INFO  verifyingDisplaySizeFilterFunctionality_Laptop_16-47-46 - [verifyingDisplaySizeFilterFunctionality_Laptop_16-47-46]  going back to product listing via closeCurrentWindowAndSwitchBack 
16:48:34 [TestNG-test-Test-3] INFO  verifyingDisplaySizeFilterFunctionality_Laptop_16-47-46 - [verifyingDisplaySizeFilterFunctionality_Laptop_16-47-46]  Added 'filter','title','keyFeatures', 'about', 'techDetails' into the Map -> productResult
16:48:34 [TestNG-test-Test-3] INFO  verifyingDisplaySizeFilterFunctionality_Laptop_16-47-46 - [verifyingDisplaySizeFilterFunctionality_Laptop_16-47-46]  Added 'productResult' Map into the 'results' i.e list of maps 
16:48:34 [TestNG-test-Test-3] INFO  verifyingDisplaySizeFilterFunctionality_Laptop_16-47-46 - [verifyingDisplaySizeFilterFunctionality_Laptop_16-47-46]==========================================================================================================
16:48:34 [TestNG-test-Test-3] INFO  verifyingDisplaySizeFilterFunctionality_Laptop_16-47-46 - [verifyingDisplaySizeFilterFunctionality_Laptop_16-47-46] Within safeClick method
16:48:34 [TestNG-test-Test-3] INFO  verifyingDisplaySizeFilterFunctionality_Laptop_16-47-46 - [verifyingDisplaySizeFilterFunctionality_Laptop_16-47-46] Clicked the  [[ChromeDriver: chrome on windows (d96befd5bae2f5e1aed52ddaefadbd1d)] -> xpath: //span[@class='a-size-base a-color-base' and text()='Clear']]   using safeClick
16:48:34 [TestNG-test-Test-3] INFO  verifyingDisplaySizeFilterFunctionality_Laptop_16-47-46 - [verifyingDisplaySizeFilterFunctionality_Laptop_16-47-46] Clearing the filter value ->Up to 13.9 inwithin productNameListingPage loop
16:48:34 [TestNG-test-Test-3] INFO  verifyingDisplaySizeFilterFunctionality_Laptop_16-47-46 - [verifyingDisplaySizeFilterFunctionality_Laptop_16-47-46]==========================================================================================================
16:48:34 [TestNG-test-Test-3] INFO  verifyingDisplaySizeFilterFunctionality_Laptop_16-47-46 - [verifyingDisplaySizeFilterFunctionality_Laptop_16-47-46]==========================================================================================================
16:48:34 [TestNG-test-Test-3] INFO  verifyingDisplaySizeFilterFunctionality_Laptop_16-47-46 - [verifyingDisplaySizeFilterFunctionality_Laptop_16-47-46] Within filterOptions loop in applyFilterAndValidateProductsWithResult
16:48:34 [TestNG-test-Test-3] INFO  verifyingDisplaySizeFilterFunctionality_Laptop_16-47-46 - [verifyingDisplaySizeFilterFunctionality_Laptop_16-47-46] Within safeFindElements 
16:48:35 [TestNG-test-Test-3] INFO  verifyingDisplaySizeFilterFunctionality_Laptop_16-47-46 - [verifyingDisplaySizeFilterFunctionality_Laptop_16-47-46] Returning the  [[[ChromeDriver: chrome on windows (d96befd5bae2f5e1aed52ddaefadbd1d)] -> xpath: //span[@class='a-size-base a-color-base puis-bold-weight-text' and text()='Screen Size']/parent::div/following-sibling::ul//span[@class='a-size-base a-color-base']], [[ChromeDriver: chrome on windows (d96befd5bae2f5e1aed52ddaefadbd1d)] -> xpath: //span[@class='a-size-base a-color-base puis-bold-weight-text' and text()='Screen Size']/parent::div/following-sibling::ul//span[@class='a-size-base a-color-base']], [[ChromeDriver: chrome on windows (d96befd5bae2f5e1aed52ddaefadbd1d)] -> xpath: //span[@class='a-size-base a-color-base puis-bold-weight-text' and text()='Screen Size']/parent::div/following-sibling::ul//span[@class='a-size-base a-color-base']], [[ChromeDriver: chrome on windows (d96befd5bae2f5e1aed52ddaefadbd1d)] -> xpath: //span[@class='a-size-base a-color-base puis-bold-weight-text' and text()='Screen Size']/parent::div/following-sibling::ul//span[@class='a-size-base a-color-base']], [[ChromeDriver: chrome on windows (d96befd5bae2f5e1aed52ddaefadbd1d)] -> xpath: //span[@class='a-size-base a-color-base puis-bold-weight-text' and text()='Screen Size']/parent::div/following-sibling::ul//span[@class='a-size-base a-color-base']], [[ChromeDriver: chrome on windows (d96befd5bae2f5e1aed52ddaefadbd1d)] -> xpath: //span[@class='a-size-base a-color-base puis-bold-weight-text' and text()='Screen Size']/parent::div/following-sibling::ul//span[@class='a-size-base a-color-base']], [[ChromeDriver: chrome on windows (d96befd5bae2f5e1aed52ddaefadbd1d)] -> xpath: //span[@class='a-size-base a-color-base puis-bold-weight-text' and text()='Screen Size']/parent::div/following-sibling::ul//span[@class='a-size-base a-color-base']]] from the safeFindElements method
16:48:35 [TestNG-test-Test-3] INFO  verifyingDisplaySizeFilterFunctionality_Laptop_16-47-46 - [verifyingDisplaySizeFilterFunctionality_Laptop_16-47-46] Trying to read filter option 1 (attempt 1/3)
16:48:35 [TestNG-test-Test-3] INFO  verifyingDisplaySizeFilterFunctionality_Laptop_16-47-46 - [verifyingDisplaySizeFilterFunctionality_Laptop_16-47-46] Successfully read filter option 1 = '14 to 14.9 in'
16:48:35 [TestNG-test-Test-3] INFO  verifyingDisplaySizeFilterFunctionality_Laptop_16-47-46 - [verifyingDisplaySizeFilterFunctionality_Laptop_16-47-46] Within getfilterByTypeAndName method
16:48:35 [TestNG-test-Test-3] INFO  verifyingDisplaySizeFilterFunctionality_Laptop_16-47-46 - [verifyingDisplaySizeFilterFunctionality_Laptop_16-47-46] Within safeClickBooleanWithScreenShot method
16:48:35 [TestNG-test-Test-3] INFO  verifyingDisplaySizeFilterFunctionality_Laptop_16-47-46 - [verifyingDisplaySizeFilterFunctionality_Laptop_16-47-46] Within getAppliedfilterByTypeAndName method
16:48:35 [TestNG-test-Test-3] INFO  verifyingDisplaySizeFilterFunctionality_Laptop_16-47-46 - [verifyingDisplaySizeFilterFunctionality_Laptop_16-47-46] Within smoothScrollToElement method
16:48:35 [TestNG-test-Test-3] INFO  verifyingDisplaySizeFilterFunctionality_Laptop_16-47-46 - [verifyingDisplaySizeFilterFunctionality_Laptop_16-47-46] Within safeFindElement method
16:48:36 [TestNG-test-Test-3] INFO  verifyingDisplaySizeFilterFunctionality_Laptop_16-47-46 - [verifyingDisplaySizeFilterFunctionality_Laptop_16-47-46]Found the element returning it ,element ->[[ChromeDriver: chrome on windows (d96befd5bae2f5e1aed52ddaefadbd1d)] -> xpath: //span[@class='a-size-base a-color-base puis-bold-weight-text' and text()='Screen Size']]
16:48:36 [TestNG-test-Test-3] INFO  verifyingDisplaySizeFilterFunctionality_Laptop_16-47-46 - [verifyingDisplaySizeFilterFunctionality_Laptop_16-47-46] Successfully scrolled to element: By.xpath: //span[@class='a-size-base a-color-base puis-bold-weight-text' and text()='Screen Size']
16:48:36 [TestNG-test-Test-3] INFO  verifyingDisplaySizeFilterFunctionality_Laptop_16-47-46 - [verifyingDisplaySizeFilterFunctionality_Laptop_16-47-46] Within getMoreButtonByFilterTypeAndName method
16:48:36 [TestNG-test-Test-3] INFO  verifyingDisplaySizeFilterFunctionality_Laptop_16-47-46 - [verifyingDisplaySizeFilterFunctionality_Laptop_16-47-46] could not find more button
16:48:37 [TestNG-test-Test-3] INFO  verifyingDisplaySizeFilterFunctionality_Laptop_16-47-46 - [verifyingDisplaySizeFilterFunctionality_Laptop_16-47-46] Within getAppliedfilterByTypeAndName method
16:48:37 [TestNG-test-Test-3] INFO  verifyingDisplaySizeFilterFunctionality_Laptop_16-47-46 - [verifyingDisplaySizeFilterFunctionality_Laptop_16-47-46] Within smoothScrollToElement method
16:48:37 [TestNG-test-Test-3] INFO  verifyingDisplaySizeFilterFunctionality_Laptop_16-47-46 - [verifyingDisplaySizeFilterFunctionality_Laptop_16-47-46] Within safeFindElement method
16:48:38 [TestNG-test-Test-3] INFO  verifyingDisplaySizeFilterFunctionality_Laptop_16-47-46 - [verifyingDisplaySizeFilterFunctionality_Laptop_16-47-46]Found the element returning it ,element ->[[ChromeDriver: chrome on windows (d96befd5bae2f5e1aed52ddaefadbd1d)] -> xpath: //span[@class='a-size-base a-color-base puis-bold-weight-text' and text()='Screen Size']]
16:48:38 [TestNG-test-Test-3] INFO  verifyingDisplaySizeFilterFunctionality_Laptop_16-47-46 - [verifyingDisplaySizeFilterFunctionality_Laptop_16-47-46] Successfully scrolled to element: By.xpath: //span[@class='a-size-base a-color-base puis-bold-weight-text' and text()='Screen Size']
16:48:38 [TestNG-test-Test-3] INFO  verifyingDisplaySizeFilterFunctionality_Laptop_16-47-46 - [verifyingDisplaySizeFilterFunctionality_Laptop_16-47-46] Within getMoreButtonByFilterTypeAndName method
16:48:38 [TestNG-test-Test-3] INFO  verifyingDisplaySizeFilterFunctionality_Laptop_16-47-46 - [verifyingDisplaySizeFilterFunctionality_Laptop_16-47-46] could not find more button
16:48:38 [TestNG-test-Test-3] INFO  verifyingDisplaySizeFilterFunctionality_Laptop_16-47-46 - [verifyingDisplaySizeFilterFunctionality_Laptop_16-47-46] Within getfilterByTypeAndName method
16:48:38 [TestNG-test-Test-3] INFO  verifyingDisplaySizeFilterFunctionality_Laptop_16-47-46 - [verifyingDisplaySizeFilterFunctionality_Laptop_16-47-46] Within smoothScrollToElement method
16:48:38 [TestNG-test-Test-3] INFO  verifyingDisplaySizeFilterFunctionality_Laptop_16-47-46 - [verifyingDisplaySizeFilterFunctionality_Laptop_16-47-46] Within safeFindElement method
16:48:39 [TestNG-test-Test-3] INFO  verifyingDisplaySizeFilterFunctionality_Laptop_16-47-46 - [verifyingDisplaySizeFilterFunctionality_Laptop_16-47-46]Found the element returning it ,element ->[[ChromeDriver: chrome on windows (d96befd5bae2f5e1aed52ddaefadbd1d)] -> xpath: //span[@class='a-size-base a-color-base puis-bold-weight-text' and text()='Screen Size']/parent::div/following-sibling::ul//span[@class='a-size-base a-color-base a-text-bold' and text()='14 to 14.9 in']]
16:48:39 [TestNG-test-Test-3] INFO  verifyingDisplaySizeFilterFunctionality_Laptop_16-47-46 - [verifyingDisplaySizeFilterFunctionality_Laptop_16-47-46] Successfully scrolled to element: By.xpath: //span[@class='a-size-base a-color-base puis-bold-weight-text' and text()='Screen Size']/parent::div/following-sibling::ul//span[@class='a-size-base a-color-base a-text-bold' and text()='14 to 14.9 in']
16:48:39 [TestNG-test-Test-3] INFO  verifyingDisplaySizeFilterFunctionality_Laptop_16-47-46 - [verifyingDisplaySizeFilterFunctionality_Laptop_16-47-46] Clicked the element using safe click ,element is [[ChromeDriver: chrome on windows (d96befd5bae2f5e1aed52ddaefadbd1d)] -> xpath: //span[@class='a-size-base a-color-base puis-bold-weight-text' and text()='Screen Size']/parent::div/following-sibling::ul//span[@class='a-size-base a-color-base' and text()='14 to 14.9 in']]
16:48:39 [TestNG-test-Test-3] INFO  verifyingDisplaySizeFilterFunctionality_Laptop_16-47-46 - [verifyingDisplaySizeFilterFunctionality_Laptop_16-47-46] Within safeFindElements 
16:48:39 [TestNG-test-Test-3] INFO  verifyingDisplaySizeFilterFunctionality_Laptop_16-47-46 - [verifyingDisplaySizeFilterFunctionality_Laptop_16-47-46] Returning the  [[[ChromeDriver: chrome on windows (d96befd5bae2f5e1aed52ddaefadbd1d)] -> xpath: //div[@data-cy='title-recipe']], [[ChromeDriver: chrome on windows (d96befd5bae2f5e1aed52ddaefadbd1d)] -> xpath: //div[@data-cy='title-recipe']], [[ChromeDriver: chrome on windows (d96befd5bae2f5e1aed52ddaefadbd1d)] -> xpath: //div[@data-cy='title-recipe']], [[ChromeDriver: chrome on windows (d96befd5bae2f5e1aed52ddaefadbd1d)] -> xpath: //div[@data-cy='title-recipe']], [[ChromeDriver: chrome on windows (d96befd5bae2f5e1aed52ddaefadbd1d)] -> xpath: //div[@data-cy='title-recipe']], [[ChromeDriver: chrome on windows (d96befd5bae2f5e1aed52ddaefadbd1d)] -> xpath: //div[@data-cy='title-recipe']], [[ChromeDriver: chrome on windows (d96befd5bae2f5e1aed52ddaefadbd1d)] -> xpath: //div[@data-cy='title-recipe']], [[ChromeDriver: chrome on windows (d96befd5bae2f5e1aed52ddaefadbd1d)] -> xpath: //div[@data-cy='title-recipe']], [[ChromeDriver: chrome on windows (d96befd5bae2f5e1aed52ddaefadbd1d)] -> xpath: //div[@data-cy='title-recipe']], [[ChromeDriver: chrome on windows (d96befd5bae2f5e1aed52ddaefadbd1d)] -> xpath: //div[@data-cy='title-recipe']], [[ChromeDriver: chrome on windows (d96befd5bae2f5e1aed52ddaefadbd1d)] -> xpath: //div[@data-cy='title-recipe']], [[ChromeDriver: chrome on windows (d96befd5bae2f5e1aed52ddaefadbd1d)] -> xpath: //div[@data-cy='title-recipe']], [[ChromeDriver: chrome on windows (d96befd5bae2f5e1aed52ddaefadbd1d)] -> xpath: //div[@data-cy='title-recipe']], [[ChromeDriver: chrome on windows (d96befd5bae2f5e1aed52ddaefadbd1d)] -> xpath: //div[@data-cy='title-recipe']], [[ChromeDriver: chrome on windows (d96befd5bae2f5e1aed52ddaefadbd1d)] -> xpath: //div[@data-cy='title-recipe']], [[ChromeDriver: chrome on windows (d96befd5bae2f5e1aed52ddaefadbd1d)] -> xpath: //div[@data-cy='title-recipe']]] from the safeFindElements method
16:48:39 [TestNG-test-Test-3] INFO  verifyingDisplaySizeFilterFunctionality_Laptop_16-47-46 - [verifyingDisplaySizeFilterFunctionality_Laptop_16-47-46] Execution is Not CRON Job Hence refering to normal keys from UtilData
16:48:39 [TestNG-test-Test-3] INFO  verifyingDisplaySizeFilterFunctionality_Laptop_16-47-46 - [verifyingDisplaySizeFilterFunctionality_Laptop_16-47-46] Within safeFindElements 
16:48:39 [TestNG-test-Test-3] INFO  verifyingDisplaySizeFilterFunctionality_Laptop_16-47-46 - [verifyingDisplaySizeFilterFunctionality_Laptop_16-47-46] Returning the  [[[ChromeDriver: chrome on windows (d96befd5bae2f5e1aed52ddaefadbd1d)] -> xpath: //div[@data-cy='title-recipe']], [[ChromeDriver: chrome on windows (d96befd5bae2f5e1aed52ddaefadbd1d)] -> xpath: //div[@data-cy='title-recipe']], [[ChromeDriver: chrome on windows (d96befd5bae2f5e1aed52ddaefadbd1d)] -> xpath: //div[@data-cy='title-recipe']], [[ChromeDriver: chrome on windows (d96befd5bae2f5e1aed52ddaefadbd1d)] -> xpath: //div[@data-cy='title-recipe']], [[ChromeDriver: chrome on windows (d96befd5bae2f5e1aed52ddaefadbd1d)] -> xpath: //div[@data-cy='title-recipe']], [[ChromeDriver: chrome on windows (d96befd5bae2f5e1aed52ddaefadbd1d)] -> xpath: //div[@data-cy='title-recipe']], [[ChromeDriver: chrome on windows (d96befd5bae2f5e1aed52ddaefadbd1d)] -> xpath: //div[@data-cy='title-recipe']], [[ChromeDriver: chrome on windows (d96befd5bae2f5e1aed52ddaefadbd1d)] -> xpath: //div[@data-cy='title-recipe']], [[ChromeDriver: chrome on windows (d96befd5bae2f5e1aed52ddaefadbd1d)] -> xpath: //div[@data-cy='title-recipe']], [[ChromeDriver: chrome on windows (d96befd5bae2f5e1aed52ddaefadbd1d)] -> xpath: //div[@data-cy='title-recipe']], [[ChromeDriver: chrome on windows (d96befd5bae2f5e1aed52ddaefadbd1d)] -> xpath: //div[@data-cy='title-recipe']], [[ChromeDriver: chrome on windows (d96befd5bae2f5e1aed52ddaefadbd1d)] -> xpath: //div[@data-cy='title-recipe']], [[ChromeDriver: chrome on windows (d96befd5bae2f5e1aed52ddaefadbd1d)] -> xpath: //div[@data-cy='title-recipe']], [[ChromeDriver: chrome on windows (d96befd5bae2f5e1aed52ddaefadbd1d)] -> xpath: //div[@data-cy='title-recipe']], [[ChromeDriver: chrome on windows (d96befd5bae2f5e1aed52ddaefadbd1d)] -> xpath: //div[@data-cy='title-recipe']], [[ChromeDriver: chrome on windows (d96befd5bae2f5e1aed52ddaefadbd1d)] -> xpath: //div[@data-cy='title-recipe']]] from the safeFindElements method
16:48:39 [TestNG-test-Test-3] INFO  verifyingDisplaySizeFilterFunctionality_Laptop_16-47-46 - [verifyingDisplaySizeFilterFunctionality_Laptop_16-47-46] Within productNameListingPage loop in applyFilterAndValidateProductsWithResult
16:48:39 [TestNG-test-Test-3] INFO  verifyingDisplaySizeFilterFunctionality_Laptop_16-47-46 - [verifyingDisplaySizeFilterFunctionality_Laptop_16-47-46] Within getProductByIndex method
16:48:39 [TestNG-test-Test-3] INFO  verifyingDisplaySizeFilterFunctionality_Laptop_16-47-46 - [verifyingDisplaySizeFilterFunctionality_Laptop_16-47-46] Within safeFindElement method
16:48:39 [TestNG-test-Test-3] INFO  verifyingDisplaySizeFilterFunctionality_Laptop_16-47-46 - [verifyingDisplaySizeFilterFunctionality_Laptop_16-47-46]Found the element returning it ,element ->[[ChromeDriver: chrome on windows (d96befd5bae2f5e1aed52ddaefadbd1d)] -> xpath: (//div[@data-cy='title-recipe'])[1]]
16:48:39 [TestNG-test-Test-3] INFO  verifyingDisplaySizeFilterFunctionality_Laptop_16-47-46 - [verifyingDisplaySizeFilterFunctionality_Laptop_16-47-46] Within getProductByIndex method
16:48:39 [TestNG-test-Test-3] INFO  verifyingDisplaySizeFilterFunctionality_Laptop_16-47-46 - [verifyingDisplaySizeFilterFunctionality_Laptop_16-47-46] Within smoothScrollToElement method
16:48:39 [TestNG-test-Test-3] INFO  verifyingDisplaySizeFilterFunctionality_Laptop_16-47-46 - [verifyingDisplaySizeFilterFunctionality_Laptop_16-47-46] Within safeFindElement method
16:48:39 [TestNG-test-Test-3] INFO  verifyingDisplaySizeFilterFunctionality_Laptop_16-47-46 - [verifyingDisplaySizeFilterFunctionality_Laptop_16-47-46]Found the element returning it ,element ->[[ChromeDriver: chrome on windows (d96befd5bae2f5e1aed52ddaefadbd1d)] -> xpath: (//div[@data-cy='title-recipe'])[1]]
16:48:39 [TestNG-test-Test-3] INFO  verifyingDisplaySizeFilterFunctionality_Laptop_16-47-46 - [verifyingDisplaySizeFilterFunctionality_Laptop_16-47-46] Successfully scrolled to element: By.xpath: (//div[@data-cy='title-recipe'])[1]
16:48:39 [TestNG-test-Test-3] INFO  verifyingDisplaySizeFilterFunctionality_Laptop_16-47-46 - [verifyingDisplaySizeFilterFunctionality_Laptop_16-47-46] Getting product by index in productNameListingPage loop
16:48:39 [TestNG-test-Test-3] INFO  verifyingDisplaySizeFilterFunctionality_Laptop_16-47-46 - [verifyingDisplaySizeFilterFunctionality_Laptop_16-47-46] Opened product in new tab via Ctrl+Click inside productNameListingPage loop
16:48:39 [TestNG-test-Test-3] INFO  verifyingDisplaySizeFilterFunctionality_Laptop_16-47-46 - [verifyingDisplaySizeFilterFunctionality_Laptop_16-47-46] Waiting for new window to open...
16:48:39 [TestNG-test-Test-3] INFO  verifyingDisplaySizeFilterFunctionality_Laptop_16-47-46 - [verifyingDisplaySizeFilterFunctionality_Laptop_16-47-46] Switched to new window -> 11302C10CC81343229F2145A279EE91F
16:48:39 [TestNG-test-Test-3] INFO  verifyingDisplaySizeFilterFunctionality_Laptop_16-47-46 - [verifyingDisplaySizeFilterFunctionality_Laptop_16-47-46] Swithcing to the new window  within productNameListingPage loop
16:48:39 [TestNG-test-Test-3] INFO  verifyingDisplaySizeFilterFunctionality_Laptop_16-47-46 - [verifyingDisplaySizeFilterFunctionality_Laptop_16-47-46] Clicked product name to open in new tab from productNameListingPage loop
16:48:39 [TestNG-test-Test-3] INFO  verifyingDisplaySizeFilterFunctionality_Laptop_16-47-46 - [verifyingDisplaySizeFilterFunctionality_Laptop_16-47-46] Within safeFindElement method
16:48:43 [TestNG-test-Test-3] INFO  verifyingDisplaySizeFilterFunctionality_Laptop_16-47-46 - [verifyingDisplaySizeFilterFunctionality_Laptop_16-47-46]Found the element returning it ,element ->[[ChromeDriver: chrome on windows (d96befd5bae2f5e1aed52ddaefadbd1d)] -> xpath: //span[@id='productTitle']]
16:48:43 [TestNG-test-Test-3] INFO  verifyingDisplaySizeFilterFunctionality_Laptop_16-47-46 - [verifyingDisplaySizeFilterFunctionality_Laptop_16-47-46] Within safeFindElement method
16:48:43 [TestNG-test-Test-3] INFO  verifyingDisplaySizeFilterFunctionality_Laptop_16-47-46 - [verifyingDisplaySizeFilterFunctionality_Laptop_16-47-46]Found the element returning it ,element ->[[ChromeDriver: chrome on windows (d96befd5bae2f5e1aed52ddaefadbd1d)] -> xpath: //div[@class='a-section a-spacing-small a-spacing-top-small']]
16:48:43 [TestNG-test-Test-3] INFO  verifyingDisplaySizeFilterFunctionality_Laptop_16-47-46 - [verifyingDisplaySizeFilterFunctionality_Laptop_16-47-46] Within safeFindElement method
16:48:43 [TestNG-test-Test-3] INFO  verifyingDisplaySizeFilterFunctionality_Laptop_16-47-46 - [verifyingDisplaySizeFilterFunctionality_Laptop_16-47-46]Found the element returning it ,element ->[[ChromeDriver: chrome on windows (d96befd5bae2f5e1aed52ddaefadbd1d)] -> xpath: //div[@id='feature-bullets']]
16:48:43 [TestNG-test-Test-3] INFO  verifyingDisplaySizeFilterFunctionality_Laptop_16-47-46 - [verifyingDisplaySizeFilterFunctionality_Laptop_16-47-46] Within safeFindElement method
16:48:43 [TestNG-test-Test-3] INFO  verifyingDisplaySizeFilterFunctionality_Laptop_16-47-46 - [verifyingDisplaySizeFilterFunctionality_Laptop_16-47-46]Found the element returning it ,element ->[[ChromeDriver: chrome on windows (d96befd5bae2f5e1aed52ddaefadbd1d)] -> xpath: //div[@id='prodDetails']]
16:48:43 [TestNG-test-Test-3] INFO  verifyingDisplaySizeFilterFunctionality_Laptop_16-47-46 - [verifyingDisplaySizeFilterFunctionality_Laptop_16-47-46] Extracting 'name' , 'keyFeatures', 'about' , 'techDetails' within productNameListingPage loop
16:48:43 [TestNG-test-Test-3] INFO  verifyingDisplaySizeFilterFunctionality_Laptop_16-47-46 - [verifyingDisplaySizeFilterFunctionality_Laptop_16-47-46] Waiting until element is visible in viewport
16:48:53 [TestNG-test-Test-3] INFO  verifyingDisplaySizeFilterFunctionality_Laptop_16-47-46 - [verifyingDisplaySizeFilterFunctionality_Laptop_16-47-46] Within smoothScrollToElement method
16:48:53 [TestNG-test-Test-3] INFO  verifyingDisplaySizeFilterFunctionality_Laptop_16-47-46 - [verifyingDisplaySizeFilterFunctionality_Laptop_16-47-46] Within safeFindElement method
16:48:53 [TestNG-test-Test-3] INFO  verifyingDisplaySizeFilterFunctionality_Laptop_16-47-46 - [verifyingDisplaySizeFilterFunctionality_Laptop_16-47-46]Found the element returning it ,element ->[[ChromeDriver: chrome on windows (d96befd5bae2f5e1aed52ddaefadbd1d)] -> xpath: //a[@id='seeMoreDetailsLink']]
16:48:53 [TestNG-test-Test-3] INFO  verifyingDisplaySizeFilterFunctionality_Laptop_16-47-46 - [verifyingDisplaySizeFilterFunctionality_Laptop_16-47-46] Successfully scrolled to element: By.xpath: //a[@id='seeMoreDetailsLink']
16:48:53 [TestNG-test-Test-3] INFO  verifyingDisplaySizeFilterFunctionality_Laptop_16-47-46 - [verifyingDisplaySizeFilterFunctionality_Laptop_16-47-46] Within safeClick method
16:48:54 [TestNG-test-Test-3] INFO  verifyingDisplaySizeFilterFunctionality_Laptop_16-47-46 - [verifyingDisplaySizeFilterFunctionality_Laptop_16-47-46] Clicked the  [[ChromeDriver: chrome on windows (d96befd5bae2f5e1aed52ddaefadbd1d)] -> xpath: //a[@id='seeMoreDetailsLink']]   using safeClick
16:48:54 [TestNG-test-Test-3] INFO  verifyingDisplaySizeFilterFunctionality_Laptop_16-47-46 - [verifyingDisplaySizeFilterFunctionality_Laptop_16-47-46] Within try block for clicking see more deatils within productNameListingPage loop
16:48:54 [TestNG-test-Test-3] INFO  verifyingDisplaySizeFilterFunctionality_Laptop_16-47-46 - [verifyingDisplaySizeFilterFunctionality_Laptop_16-47-46] Within closeCurrentWindowAndSwitchBack method
16:48:54 [TestNG-test-Test-3] INFO  verifyingDisplaySizeFilterFunctionality_Laptop_16-47-46 - [verifyingDisplaySizeFilterFunctionality_Laptop_16-47-46] Total open windows/tabs count -> 2
16:48:54 [TestNG-test-Test-3] INFO  verifyingDisplaySizeFilterFunctionality_Laptop_16-47-46 - [verifyingDisplaySizeFilterFunctionality_Laptop_16-47-46] Original window handle -> 01169DBC6D57717DF5944C0123E17E1D
16:48:54 [TestNG-test-Test-3] INFO  verifyingDisplaySizeFilterFunctionality_Laptop_16-47-46 - [verifyingDisplaySizeFilterFunctionality_Laptop_16-47-46] Found new tab/window handle -> 11302C10CC81343229F2145A279EE91F (will be closed)
16:48:54 [TestNG-test-Test-3] INFO  verifyingDisplaySizeFilterFunctionality_Laptop_16-47-46 - [verifyingDisplaySizeFilterFunctionality_Laptop_16-47-46] Successfully switched to new tab/window -> 11302C10CC81343229F2145A279EE91F
16:48:54 [TestNG-test-Test-3] INFO  verifyingDisplaySizeFilterFunctionality_Laptop_16-47-46 - [verifyingDisplaySizeFilterFunctionality_Laptop_16-47-46] Closed the newly opened tab/window -> 11302C10CC81343229F2145A279EE91F
16:48:54 [TestNG-test-Test-3] INFO  verifyingDisplaySizeFilterFunctionality_Laptop_16-47-46 - [verifyingDisplaySizeFilterFunctionality_Laptop_16-47-46] Switched back to the original window -> 01169DBC6D57717DF5944C0123E17E1D
16:48:54 [TestNG-test-Test-3] INFO  verifyingDisplaySizeFilterFunctionality_Laptop_16-47-46 - [verifyingDisplaySizeFilterFunctionality_Laptop_16-47-46]  going back to product listing via closeCurrentWindowAndSwitchBack 
16:48:54 [TestNG-test-Test-3] INFO  verifyingDisplaySizeFilterFunctionality_Laptop_16-47-46 - [verifyingDisplaySizeFilterFunctionality_Laptop_16-47-46]  Added 'filter','title','keyFeatures', 'about', 'techDetails' into the Map -> productResult
16:48:54 [TestNG-test-Test-3] INFO  verifyingDisplaySizeFilterFunctionality_Laptop_16-47-46 - [verifyingDisplaySizeFilterFunctionality_Laptop_16-47-46]  Added 'productResult' Map into the 'results' i.e list of maps 
16:48:54 [TestNG-test-Test-3] INFO  verifyingDisplaySizeFilterFunctionality_Laptop_16-47-46 - [verifyingDisplaySizeFilterFunctionality_Laptop_16-47-46]==========================================================================================================
16:48:54 [TestNG-test-Test-3] INFO  verifyingDisplaySizeFilterFunctionality_Laptop_16-47-46 - [verifyingDisplaySizeFilterFunctionality_Laptop_16-47-46] Within safeFindElements 
16:48:54 [TestNG-test-Test-3] INFO  verifyingDisplaySizeFilterFunctionality_Laptop_16-47-46 - [verifyingDisplaySizeFilterFunctionality_Laptop_16-47-46] Returning the  [[[ChromeDriver: chrome on windows (d96befd5bae2f5e1aed52ddaefadbd1d)] -> xpath: //div[@data-cy='title-recipe']], [[ChromeDriver: chrome on windows (d96befd5bae2f5e1aed52ddaefadbd1d)] -> xpath: //div[@data-cy='title-recipe']], [[ChromeDriver: chrome on windows (d96befd5bae2f5e1aed52ddaefadbd1d)] -> xpath: //div[@data-cy='title-recipe']], [[ChromeDriver: chrome on windows (d96befd5bae2f5e1aed52ddaefadbd1d)] -> xpath: //div[@data-cy='title-recipe']], [[ChromeDriver: chrome on windows (d96befd5bae2f5e1aed52ddaefadbd1d)] -> xpath: //div[@data-cy='title-recipe']], [[ChromeDriver: chrome on windows (d96befd5bae2f5e1aed52ddaefadbd1d)] -> xpath: //div[@data-cy='title-recipe']], [[ChromeDriver: chrome on windows (d96befd5bae2f5e1aed52ddaefadbd1d)] -> xpath: //div[@data-cy='title-recipe']], [[ChromeDriver: chrome on windows (d96befd5bae2f5e1aed52ddaefadbd1d)] -> xpath: //div[@data-cy='title-recipe']], [[ChromeDriver: chrome on windows (d96befd5bae2f5e1aed52ddaefadbd1d)] -> xpath: //div[@data-cy='title-recipe']], [[ChromeDriver: chrome on windows (d96befd5bae2f5e1aed52ddaefadbd1d)] -> xpath: //div[@data-cy='title-recipe']], [[ChromeDriver: chrome on windows (d96befd5bae2f5e1aed52ddaefadbd1d)] -> xpath: //div[@data-cy='title-recipe']], [[ChromeDriver: chrome on windows (d96befd5bae2f5e1aed52ddaefadbd1d)] -> xpath: //div[@data-cy='title-recipe']], [[ChromeDriver: chrome on windows (d96befd5bae2f5e1aed52ddaefadbd1d)] -> xpath: //div[@data-cy='title-recipe']], [[ChromeDriver: chrome on windows (d96befd5bae2f5e1aed52ddaefadbd1d)] -> xpath: //div[@data-cy='title-recipe']], [[ChromeDriver: chrome on windows (d96befd5bae2f5e1aed52ddaefadbd1d)] -> xpath: //div[@data-cy='title-recipe']], [[ChromeDriver: chrome on windows (d96befd5bae2f5e1aed52ddaefadbd1d)] -> xpath: //div[@data-cy='title-recipe']]] from the safeFindElements method
16:48:54 [TestNG-test-Test-3] INFO  verifyingDisplaySizeFilterFunctionality_Laptop_16-47-46 - [verifyingDisplaySizeFilterFunctionality_Laptop_16-47-46] Within productNameListingPage loop in applyFilterAndValidateProductsWithResult
16:48:54 [TestNG-test-Test-3] INFO  verifyingDisplaySizeFilterFunctionality_Laptop_16-47-46 - [verifyingDisplaySizeFilterFunctionality_Laptop_16-47-46] Within getProductByIndex method
16:48:54 [TestNG-test-Test-3] INFO  verifyingDisplaySizeFilterFunctionality_Laptop_16-47-46 - [verifyingDisplaySizeFilterFunctionality_Laptop_16-47-46] Within safeFindElement method
16:48:54 [TestNG-test-Test-3] INFO  verifyingDisplaySizeFilterFunctionality_Laptop_16-47-46 - [verifyingDisplaySizeFilterFunctionality_Laptop_16-47-46]Found the element returning it ,element ->[[ChromeDriver: chrome on windows (d96befd5bae2f5e1aed52ddaefadbd1d)] -> xpath: (//div[@data-cy='title-recipe'])[2]]
16:48:54 [TestNG-test-Test-3] INFO  verifyingDisplaySizeFilterFunctionality_Laptop_16-47-46 - [verifyingDisplaySizeFilterFunctionality_Laptop_16-47-46] Within getProductByIndex method
16:48:54 [TestNG-test-Test-3] INFO  verifyingDisplaySizeFilterFunctionality_Laptop_16-47-46 - [verifyingDisplaySizeFilterFunctionality_Laptop_16-47-46] Within smoothScrollToElement method
16:48:54 [TestNG-test-Test-3] INFO  verifyingDisplaySizeFilterFunctionality_Laptop_16-47-46 - [verifyingDisplaySizeFilterFunctionality_Laptop_16-47-46] Within safeFindElement method
16:48:54 [TestNG-test-Test-3] INFO  verifyingDisplaySizeFilterFunctionality_Laptop_16-47-46 - [verifyingDisplaySizeFilterFunctionality_Laptop_16-47-46]Found the element returning it ,element ->[[ChromeDriver: chrome on windows (d96befd5bae2f5e1aed52ddaefadbd1d)] -> xpath: (//div[@data-cy='title-recipe'])[2]]
16:48:54 [TestNG-test-Test-3] INFO  verifyingDisplaySizeFilterFunctionality_Laptop_16-47-46 - [verifyingDisplaySizeFilterFunctionality_Laptop_16-47-46] Successfully scrolled to element: By.xpath: (//div[@data-cy='title-recipe'])[2]
16:48:54 [TestNG-test-Test-3] INFO  verifyingDisplaySizeFilterFunctionality_Laptop_16-47-46 - [verifyingDisplaySizeFilterFunctionality_Laptop_16-47-46] Getting product by index in productNameListingPage loop
16:48:54 [TestNG-test-Test-3] INFO  verifyingDisplaySizeFilterFunctionality_Laptop_16-47-46 - [verifyingDisplaySizeFilterFunctionality_Laptop_16-47-46] Opened product in new tab via Ctrl+Click inside productNameListingPage loop
16:48:54 [TestNG-test-Test-3] INFO  verifyingDisplaySizeFilterFunctionality_Laptop_16-47-46 - [verifyingDisplaySizeFilterFunctionality_Laptop_16-47-46] Waiting for new window to open...
16:48:55 [TestNG-test-Test-3] INFO  verifyingDisplaySizeFilterFunctionality_Laptop_16-47-46 - [verifyingDisplaySizeFilterFunctionality_Laptop_16-47-46] Switched to new window -> F14DEB814C9FF7336FF4A067E375CDCD
16:48:55 [TestNG-test-Test-3] INFO  verifyingDisplaySizeFilterFunctionality_Laptop_16-47-46 - [verifyingDisplaySizeFilterFunctionality_Laptop_16-47-46] Swithcing to the new window  within productNameListingPage loop
16:48:55 [TestNG-test-Test-3] INFO  verifyingDisplaySizeFilterFunctionality_Laptop_16-47-46 - [verifyingDisplaySizeFilterFunctionality_Laptop_16-47-46] Clicked product name to open in new tab from productNameListingPage loop
16:48:55 [TestNG-test-Test-3] INFO  verifyingDisplaySizeFilterFunctionality_Laptop_16-47-46 - [verifyingDisplaySizeFilterFunctionality_Laptop_16-47-46] Within safeFindElement method
16:48:57 [TestNG-test-Test-3] INFO  verifyingDisplaySizeFilterFunctionality_Laptop_16-47-46 - [verifyingDisplaySizeFilterFunctionality_Laptop_16-47-46]Found the element returning it ,element ->[[ChromeDriver: chrome on windows (d96befd5bae2f5e1aed52ddaefadbd1d)] -> xpath: //span[@id='productTitle']]
16:48:57 [TestNG-test-Test-3] INFO  verifyingDisplaySizeFilterFunctionality_Laptop_16-47-46 - [verifyingDisplaySizeFilterFunctionality_Laptop_16-47-46] Within safeFindElement method
16:48:57 [TestNG-test-Test-3] INFO  verifyingDisplaySizeFilterFunctionality_Laptop_16-47-46 - [verifyingDisplaySizeFilterFunctionality_Laptop_16-47-46]Found the element returning it ,element ->[[ChromeDriver: chrome on windows (d96befd5bae2f5e1aed52ddaefadbd1d)] -> xpath: //div[@class='a-section a-spacing-small a-spacing-top-small']]
16:48:58 [TestNG-test-Test-3] INFO  verifyingDisplaySizeFilterFunctionality_Laptop_16-47-46 - [verifyingDisplaySizeFilterFunctionality_Laptop_16-47-46] Within safeFindElement method
16:48:58 [TestNG-test-Test-3] INFO  verifyingDisplaySizeFilterFunctionality_Laptop_16-47-46 - [verifyingDisplaySizeFilterFunctionality_Laptop_16-47-46]Found the element returning it ,element ->[[ChromeDriver: chrome on windows (d96befd5bae2f5e1aed52ddaefadbd1d)] -> xpath: //div[@id='feature-bullets']]
16:48:58 [TestNG-test-Test-3] INFO  verifyingDisplaySizeFilterFunctionality_Laptop_16-47-46 - [verifyingDisplaySizeFilterFunctionality_Laptop_16-47-46] Within safeFindElement method
16:48:58 [TestNG-test-Test-3] INFO  verifyingDisplaySizeFilterFunctionality_Laptop_16-47-46 - [verifyingDisplaySizeFilterFunctionality_Laptop_16-47-46]Found the element returning it ,element ->[[ChromeDriver: chrome on windows (d96befd5bae2f5e1aed52ddaefadbd1d)] -> xpath: //div[@id='prodDetails']]
16:48:58 [TestNG-test-Test-3] INFO  verifyingDisplaySizeFilterFunctionality_Laptop_16-47-46 - [verifyingDisplaySizeFilterFunctionality_Laptop_16-47-46] Extracting 'name' , 'keyFeatures', 'about' , 'techDetails' within productNameListingPage loop
16:48:58 [TestNG-test-Test-3] INFO  verifyingDisplaySizeFilterFunctionality_Laptop_16-47-46 - [verifyingDisplaySizeFilterFunctionality_Laptop_16-47-46] Waiting until element is visible in viewport
16:48:58 [TestNG-test-Test-3] INFO  verifyingDisplaySizeFilterFunctionality_Laptop_16-47-46 - [verifyingDisplaySizeFilterFunctionality_Laptop_16-47-46] Within smoothScrollToElement method
16:48:58 [TestNG-test-Test-3] INFO  verifyingDisplaySizeFilterFunctionality_Laptop_16-47-46 - [verifyingDisplaySizeFilterFunctionality_Laptop_16-47-46] Within safeFindElement method
16:48:58 [TestNG-test-Test-3] INFO  verifyingDisplaySizeFilterFunctionality_Laptop_16-47-46 - [verifyingDisplaySizeFilterFunctionality_Laptop_16-47-46]Found the element returning it ,element ->[[ChromeDriver: chrome on windows (d96befd5bae2f5e1aed52ddaefadbd1d)] -> xpath: //a[@id='seeMoreDetailsLink']]
16:48:58 [TestNG-test-Test-3] INFO  verifyingDisplaySizeFilterFunctionality_Laptop_16-47-46 - [verifyingDisplaySizeFilterFunctionality_Laptop_16-47-46] Successfully scrolled to element: By.xpath: //a[@id='seeMoreDetailsLink']
16:48:58 [TestNG-test-Test-3] INFO  verifyingDisplaySizeFilterFunctionality_Laptop_16-47-46 - [verifyingDisplaySizeFilterFunctionality_Laptop_16-47-46] Within safeClick method
16:48:58 [TestNG-test-Test-3] INFO  verifyingDisplaySizeFilterFunctionality_Laptop_16-47-46 - [verifyingDisplaySizeFilterFunctionality_Laptop_16-47-46] Clicked the  [[ChromeDriver: chrome on windows (d96befd5bae2f5e1aed52ddaefadbd1d)] -> xpath: //a[@id='seeMoreDetailsLink']]   using safeClick
16:48:58 [TestNG-test-Test-3] INFO  verifyingDisplaySizeFilterFunctionality_Laptop_16-47-46 - [verifyingDisplaySizeFilterFunctionality_Laptop_16-47-46] Within try block for clicking see more deatils within productNameListingPage loop
16:48:58 [TestNG-test-Test-3] INFO  verifyingDisplaySizeFilterFunctionality_Laptop_16-47-46 - [verifyingDisplaySizeFilterFunctionality_Laptop_16-47-46] Within closeCurrentWindowAndSwitchBack method
16:48:58 [TestNG-test-Test-3] INFO  verifyingDisplaySizeFilterFunctionality_Laptop_16-47-46 - [verifyingDisplaySizeFilterFunctionality_Laptop_16-47-46] Total open windows/tabs count -> 2
16:48:58 [TestNG-test-Test-3] INFO  verifyingDisplaySizeFilterFunctionality_Laptop_16-47-46 - [verifyingDisplaySizeFilterFunctionality_Laptop_16-47-46] Original window handle -> 01169DBC6D57717DF5944C0123E17E1D
16:48:58 [TestNG-test-Test-3] INFO  verifyingDisplaySizeFilterFunctionality_Laptop_16-47-46 - [verifyingDisplaySizeFilterFunctionality_Laptop_16-47-46] Found new tab/window handle -> F14DEB814C9FF7336FF4A067E375CDCD (will be closed)
16:48:58 [TestNG-test-Test-3] INFO  verifyingDisplaySizeFilterFunctionality_Laptop_16-47-46 - [verifyingDisplaySizeFilterFunctionality_Laptop_16-47-46] Successfully switched to new tab/window -> F14DEB814C9FF7336FF4A067E375CDCD
16:48:58 [TestNG-test-Test-3] INFO  verifyingDisplaySizeFilterFunctionality_Laptop_16-47-46 - [verifyingDisplaySizeFilterFunctionality_Laptop_16-47-46] Closed the newly opened tab/window -> F14DEB814C9FF7336FF4A067E375CDCD
16:48:58 [TestNG-test-Test-3] INFO  verifyingDisplaySizeFilterFunctionality_Laptop_16-47-46 - [verifyingDisplaySizeFilterFunctionality_Laptop_16-47-46] Switched back to the original window -> 01169DBC6D57717DF5944C0123E17E1D
16:48:58 [TestNG-test-Test-3] INFO  verifyingDisplaySizeFilterFunctionality_Laptop_16-47-46 - [verifyingDisplaySizeFilterFunctionality_Laptop_16-47-46]  going back to product listing via closeCurrentWindowAndSwitchBack 
16:48:58 [TestNG-test-Test-3] INFO  verifyingDisplaySizeFilterFunctionality_Laptop_16-47-46 - [verifyingDisplaySizeFilterFunctionality_Laptop_16-47-46]  Added 'filter','title','keyFeatures', 'about', 'techDetails' into the Map -> productResult
16:48:58 [TestNG-test-Test-3] INFO  verifyingDisplaySizeFilterFunctionality_Laptop_16-47-46 - [verifyingDisplaySizeFilterFunctionality_Laptop_16-47-46]  Added 'productResult' Map into the 'results' i.e list of maps 
16:48:58 [TestNG-test-Test-3] INFO  verifyingDisplaySizeFilterFunctionality_Laptop_16-47-46 - [verifyingDisplaySizeFilterFunctionality_Laptop_16-47-46]==========================================================================================================
16:48:58 [TestNG-test-Test-3] INFO  verifyingDisplaySizeFilterFunctionality_Laptop_16-47-46 - [verifyingDisplaySizeFilterFunctionality_Laptop_16-47-46] Within safeClick method
16:48:59 [TestNG-test-Test-3] INFO  verifyingDisplaySizeFilterFunctionality_Laptop_16-47-46 - [verifyingDisplaySizeFilterFunctionality_Laptop_16-47-46] Clicked the  [[ChromeDriver: chrome on windows (d96befd5bae2f5e1aed52ddaefadbd1d)] -> xpath: //span[@class='a-size-base a-color-base' and text()='Clear']]   using safeClick
16:48:59 [TestNG-test-Test-3] INFO  verifyingDisplaySizeFilterFunctionality_Laptop_16-47-46 - [verifyingDisplaySizeFilterFunctionality_Laptop_16-47-46] Clearing the filter value ->14 to 14.9 inwithin productNameListingPage loop
16:48:59 [TestNG-test-Test-3] INFO  verifyingDisplaySizeFilterFunctionality_Laptop_16-47-46 - [verifyingDisplaySizeFilterFunctionality_Laptop_16-47-46]==========================================================================================================
16:48:59 [TestNG-test-Test-3] INFO  verifyingDisplaySizeFilterFunctionality_Laptop_16-47-46 - [verifyingDisplaySizeFilterFunctionality_Laptop_16-47-46]==========================================================================================================
16:48:59 [TestNG-test-Test-3] INFO  verifyingDisplaySizeFilterFunctionality_Laptop_16-47-46 - [verifyingDisplaySizeFilterFunctionality_Laptop_16-47-46] Within filterOptions loop in applyFilterAndValidateProductsWithResult
16:48:59 [TestNG-test-Test-3] INFO  verifyingDisplaySizeFilterFunctionality_Laptop_16-47-46 - [verifyingDisplaySizeFilterFunctionality_Laptop_16-47-46] Within safeFindElements 
16:49:00 [TestNG-test-Test-3] INFO  verifyingDisplaySizeFilterFunctionality_Laptop_16-47-46 - [verifyingDisplaySizeFilterFunctionality_Laptop_16-47-46] Returning the  [[[ChromeDriver: chrome on windows (d96befd5bae2f5e1aed52ddaefadbd1d)] -> xpath: //span[@class='a-size-base a-color-base puis-bold-weight-text' and text()='Screen Size']/parent::div/following-sibling::ul//span[@class='a-size-base a-color-base']], [[ChromeDriver: chrome on windows (d96befd5bae2f5e1aed52ddaefadbd1d)] -> xpath: //span[@class='a-size-base a-color-base puis-bold-weight-text' and text()='Screen Size']/parent::div/following-sibling::ul//span[@class='a-size-base a-color-base']], [[ChromeDriver: chrome on windows (d96befd5bae2f5e1aed52ddaefadbd1d)] -> xpath: //span[@class='a-size-base a-color-base puis-bold-weight-text' and text()='Screen Size']/parent::div/following-sibling::ul//span[@class='a-size-base a-color-base']], [[ChromeDriver: chrome on windows (d96befd5bae2f5e1aed52ddaefadbd1d)] -> xpath: //span[@class='a-size-base a-color-base puis-bold-weight-text' and text()='Screen Size']/parent::div/following-sibling::ul//span[@class='a-size-base a-color-base']], [[ChromeDriver: chrome on windows (d96befd5bae2f5e1aed52ddaefadbd1d)] -> xpath: //span[@class='a-size-base a-color-base puis-bold-weight-text' and text()='Screen Size']/parent::div/following-sibling::ul//span[@class='a-size-base a-color-base']], [[ChromeDriver: chrome on windows (d96befd5bae2f5e1aed52ddaefadbd1d)] -> xpath: //span[@class='a-size-base a-color-base puis-bold-weight-text' and text()='Screen Size']/parent::div/following-sibling::ul//span[@class='a-size-base a-color-base']], [[ChromeDriver: chrome on windows (d96befd5bae2f5e1aed52ddaefadbd1d)] -> xpath: //span[@class='a-size-base a-color-base puis-bold-weight-text' and text()='Screen Size']/parent::div/following-sibling::ul//span[@class='a-size-base a-color-base']]] from the safeFindElements method
16:49:00 [TestNG-test-Test-3] INFO  verifyingDisplaySizeFilterFunctionality_Laptop_16-47-46 - [verifyingDisplaySizeFilterFunctionality_Laptop_16-47-46] Trying to read filter option 2 (attempt 1/3)
16:49:00 [TestNG-test-Test-3] INFO  verifyingDisplaySizeFilterFunctionality_Laptop_16-47-46 - [verifyingDisplaySizeFilterFunctionality_Laptop_16-47-46] Successfully read filter option 2 = '15 to 15.9 in'
16:49:00 [TestNG-test-Test-3] INFO  verifyingDisplaySizeFilterFunctionality_Laptop_16-47-46 - [verifyingDisplaySizeFilterFunctionality_Laptop_16-47-46] Within getfilterByTypeAndName method
16:49:00 [TestNG-test-Test-3] INFO  verifyingDisplaySizeFilterFunctionality_Laptop_16-47-46 - [verifyingDisplaySizeFilterFunctionality_Laptop_16-47-46] Within safeClickBooleanWithScreenShot method
16:49:00 [TestNG-test-Test-3] INFO  verifyingDisplaySizeFilterFunctionality_Laptop_16-47-46 - [verifyingDisplaySizeFilterFunctionality_Laptop_16-47-46] Within getAppliedfilterByTypeAndName method
16:49:00 [TestNG-test-Test-3] INFO  verifyingDisplaySizeFilterFunctionality_Laptop_16-47-46 - [verifyingDisplaySizeFilterFunctionality_Laptop_16-47-46] Within smoothScrollToElement method
16:49:00 [TestNG-test-Test-3] INFO  verifyingDisplaySizeFilterFunctionality_Laptop_16-47-46 - [verifyingDisplaySizeFilterFunctionality_Laptop_16-47-46] Within safeFindElement method
16:49:00 [TestNG-test-Test-3] INFO  verifyingDisplaySizeFilterFunctionality_Laptop_16-47-46 - [verifyingDisplaySizeFilterFunctionality_Laptop_16-47-46]Found the element returning it ,element ->[[ChromeDriver: chrome on windows (d96befd5bae2f5e1aed52ddaefadbd1d)] -> xpath: //span[@class='a-size-base a-color-base puis-bold-weight-text' and text()='Screen Size']]
16:49:00 [TestNG-test-Test-3] INFO  verifyingDisplaySizeFilterFunctionality_Laptop_16-47-46 - [verifyingDisplaySizeFilterFunctionality_Laptop_16-47-46] Successfully scrolled to element: By.xpath: //span[@class='a-size-base a-color-base puis-bold-weight-text' and text()='Screen Size']
16:49:00 [TestNG-test-Test-3] INFO  verifyingDisplaySizeFilterFunctionality_Laptop_16-47-46 - [verifyingDisplaySizeFilterFunctionality_Laptop_16-47-46] Within getMoreButtonByFilterTypeAndName method
16:49:00 [TestNG-test-Test-3] INFO  verifyingDisplaySizeFilterFunctionality_Laptop_16-47-46 - [verifyingDisplaySizeFilterFunctionality_Laptop_16-47-46] could not find more button
16:49:01 [TestNG-test-Test-3] INFO  verifyingDisplaySizeFilterFunctionality_Laptop_16-47-46 - [verifyingDisplaySizeFilterFunctionality_Laptop_16-47-46] Within getAppliedfilterByTypeAndName method
16:49:01 [TestNG-test-Test-3] INFO  verifyingDisplaySizeFilterFunctionality_Laptop_16-47-46 - [verifyingDisplaySizeFilterFunctionality_Laptop_16-47-46] Within smoothScrollToElement method
16:49:01 [TestNG-test-Test-3] INFO  verifyingDisplaySizeFilterFunctionality_Laptop_16-47-46 - [verifyingDisplaySizeFilterFunctionality_Laptop_16-47-46] Within safeFindElement method
16:49:02 [TestNG-test-Test-3] INFO  verifyingDisplaySizeFilterFunctionality_Laptop_16-47-46 - [verifyingDisplaySizeFilterFunctionality_Laptop_16-47-46]Found the element returning it ,element ->[[ChromeDriver: chrome on windows (d96befd5bae2f5e1aed52ddaefadbd1d)] -> xpath: //span[@class='a-size-base a-color-base puis-bold-weight-text' and text()='Screen Size']]
16:49:02 [TestNG-test-Test-3] INFO  verifyingDisplaySizeFilterFunctionality_Laptop_16-47-46 - [verifyingDisplaySizeFilterFunctionality_Laptop_16-47-46] Successfully scrolled to element: By.xpath: //span[@class='a-size-base a-color-base puis-bold-weight-text' and text()='Screen Size']
16:49:02 [TestNG-test-Test-3] INFO  verifyingDisplaySizeFilterFunctionality_Laptop_16-47-46 - [verifyingDisplaySizeFilterFunctionality_Laptop_16-47-46] Within getMoreButtonByFilterTypeAndName method
16:49:02 [TestNG-test-Test-3] INFO  verifyingDisplaySizeFilterFunctionality_Laptop_16-47-46 - [verifyingDisplaySizeFilterFunctionality_Laptop_16-47-46] could not find more button
16:49:02 [TestNG-test-Test-3] INFO  verifyingDisplaySizeFilterFunctionality_Laptop_16-47-46 - [verifyingDisplaySizeFilterFunctionality_Laptop_16-47-46] Within getfilterByTypeAndName method
16:49:02 [TestNG-test-Test-3] INFO  verifyingDisplaySizeFilterFunctionality_Laptop_16-47-46 - [verifyingDisplaySizeFilterFunctionality_Laptop_16-47-46] Within smoothScrollToElement method
16:49:02 [TestNG-test-Test-3] INFO  verifyingDisplaySizeFilterFunctionality_Laptop_16-47-46 - [verifyingDisplaySizeFilterFunctionality_Laptop_16-47-46] Within safeFindElement method
16:49:02 [TestNG-test-Test-3] INFO  verifyingDisplaySizeFilterFunctionality_Laptop_16-47-46 - [verifyingDisplaySizeFilterFunctionality_Laptop_16-47-46]Found the element returning it ,element ->[[ChromeDriver: chrome on windows (d96befd5bae2f5e1aed52ddaefadbd1d)] -> xpath: //span[@class='a-size-base a-color-base puis-bold-weight-text' and text()='Screen Size']/parent::div/following-sibling::ul//span[@class='a-size-base a-color-base a-text-bold' and text()='15 to 15.9 in']]
16:49:03 [TestNG-test-Test-3] INFO  verifyingDisplaySizeFilterFunctionality_Laptop_16-47-46 - [verifyingDisplaySizeFilterFunctionality_Laptop_16-47-46] Successfully scrolled to element: By.xpath: //span[@class='a-size-base a-color-base puis-bold-weight-text' and text()='Screen Size']/parent::div/following-sibling::ul//span[@class='a-size-base a-color-base a-text-bold' and text()='15 to 15.9 in']
16:49:03 [TestNG-test-Test-3] INFO  verifyingDisplaySizeFilterFunctionality_Laptop_16-47-46 - [verifyingDisplaySizeFilterFunctionality_Laptop_16-47-46] Clicked the element using safe click ,element is [[ChromeDriver: chrome on windows (d96befd5bae2f5e1aed52ddaefadbd1d)] -> xpath: //span[@class='a-size-base a-color-base puis-bold-weight-text' and text()='Screen Size']/parent::div/following-sibling::ul//span[@class='a-size-base a-color-base' and text()='15 to 15.9 in']]
16:49:03 [TestNG-test-Test-3] INFO  verifyingDisplaySizeFilterFunctionality_Laptop_16-47-46 - [verifyingDisplaySizeFilterFunctionality_Laptop_16-47-46] Within safeFindElements 
16:49:03 [TestNG-test-Test-3] INFO  verifyingDisplaySizeFilterFunctionality_Laptop_16-47-46 - [verifyingDisplaySizeFilterFunctionality_Laptop_16-47-46] Returning the  [[[ChromeDriver: chrome on windows (d96befd5bae2f5e1aed52ddaefadbd1d)] -> xpath: //div[@data-cy='title-recipe']], [[ChromeDriver: chrome on windows (d96befd5bae2f5e1aed52ddaefadbd1d)] -> xpath: //div[@data-cy='title-recipe']], [[ChromeDriver: chrome on windows (d96befd5bae2f5e1aed52ddaefadbd1d)] -> xpath: //div[@data-cy='title-recipe']], [[ChromeDriver: chrome on windows (d96befd5bae2f5e1aed52ddaefadbd1d)] -> xpath: //div[@data-cy='title-recipe']], [[ChromeDriver: chrome on windows (d96befd5bae2f5e1aed52ddaefadbd1d)] -> xpath: //div[@data-cy='title-recipe']], [[ChromeDriver: chrome on windows (d96befd5bae2f5e1aed52ddaefadbd1d)] -> xpath: //div[@data-cy='title-recipe']], [[ChromeDriver: chrome on windows (d96befd5bae2f5e1aed52ddaefadbd1d)] -> xpath: //div[@data-cy='title-recipe']], [[ChromeDriver: chrome on windows (d96befd5bae2f5e1aed52ddaefadbd1d)] -> xpath: //div[@data-cy='title-recipe']], [[ChromeDriver: chrome on windows (d96befd5bae2f5e1aed52ddaefadbd1d)] -> xpath: //div[@data-cy='title-recipe']], [[ChromeDriver: chrome on windows (d96befd5bae2f5e1aed52ddaefadbd1d)] -> xpath: //div[@data-cy='title-recipe']], [[ChromeDriver: chrome on windows (d96befd5bae2f5e1aed52ddaefadbd1d)] -> xpath: //div[@data-cy='title-recipe']], [[ChromeDriver: chrome on windows (d96befd5bae2f5e1aed52ddaefadbd1d)] -> xpath: //div[@data-cy='title-recipe']], [[ChromeDriver: chrome on windows (d96befd5bae2f5e1aed52ddaefadbd1d)] -> xpath: //div[@data-cy='title-recipe']], [[ChromeDriver: chrome on windows (d96befd5bae2f5e1aed52ddaefadbd1d)] -> xpath: //div[@data-cy='title-recipe']], [[ChromeDriver: chrome on windows (d96befd5bae2f5e1aed52ddaefadbd1d)] -> xpath: //div[@data-cy='title-recipe']], [[ChromeDriver: chrome on windows (d96befd5bae2f5e1aed52ddaefadbd1d)] -> xpath: //div[@data-cy='title-recipe']]] from the safeFindElements method
16:49:03 [TestNG-test-Test-3] INFO  verifyingDisplaySizeFilterFunctionality_Laptop_16-47-46 - [verifyingDisplaySizeFilterFunctionality_Laptop_16-47-46] Execution is Not CRON Job Hence refering to normal keys from UtilData
16:49:03 [TestNG-test-Test-3] INFO  verifyingDisplaySizeFilterFunctionality_Laptop_16-47-46 - [verifyingDisplaySizeFilterFunctionality_Laptop_16-47-46] Within safeFindElements 
16:49:03 [TestNG-test-Test-3] INFO  verifyingDisplaySizeFilterFunctionality_Laptop_16-47-46 - [verifyingDisplaySizeFilterFunctionality_Laptop_16-47-46] Returning the  [[[ChromeDriver: chrome on windows (d96befd5bae2f5e1aed52ddaefadbd1d)] -> xpath: //div[@data-cy='title-recipe']], [[ChromeDriver: chrome on windows (d96befd5bae2f5e1aed52ddaefadbd1d)] -> xpath: //div[@data-cy='title-recipe']], [[ChromeDriver: chrome on windows (d96befd5bae2f5e1aed52ddaefadbd1d)] -> xpath: //div[@data-cy='title-recipe']], [[ChromeDriver: chrome on windows (d96befd5bae2f5e1aed52ddaefadbd1d)] -> xpath: //div[@data-cy='title-recipe']], [[ChromeDriver: chrome on windows (d96befd5bae2f5e1aed52ddaefadbd1d)] -> xpath: //div[@data-cy='title-recipe']], [[ChromeDriver: chrome on windows (d96befd5bae2f5e1aed52ddaefadbd1d)] -> xpath: //div[@data-cy='title-recipe']], [[ChromeDriver: chrome on windows (d96befd5bae2f5e1aed52ddaefadbd1d)] -> xpath: //div[@data-cy='title-recipe']], [[ChromeDriver: chrome on windows (d96befd5bae2f5e1aed52ddaefadbd1d)] -> xpath: //div[@data-cy='title-recipe']], [[ChromeDriver: chrome on windows (d96befd5bae2f5e1aed52ddaefadbd1d)] -> xpath: //div[@data-cy='title-recipe']], [[ChromeDriver: chrome on windows (d96befd5bae2f5e1aed52ddaefadbd1d)] -> xpath: //div[@data-cy='title-recipe']], [[ChromeDriver: chrome on windows (d96befd5bae2f5e1aed52ddaefadbd1d)] -> xpath: //div[@data-cy='title-recipe']], [[ChromeDriver: chrome on windows (d96befd5bae2f5e1aed52ddaefadbd1d)] -> xpath: //div[@data-cy='title-recipe']], [[ChromeDriver: chrome on windows (d96befd5bae2f5e1aed52ddaefadbd1d)] -> xpath: //div[@data-cy='title-recipe']], [[ChromeDriver: chrome on windows (d96befd5bae2f5e1aed52ddaefadbd1d)] -> xpath: //div[@data-cy='title-recipe']], [[ChromeDriver: chrome on windows (d96befd5bae2f5e1aed52ddaefadbd1d)] -> xpath: //div[@data-cy='title-recipe']], [[ChromeDriver: chrome on windows (d96befd5bae2f5e1aed52ddaefadbd1d)] -> xpath: //div[@data-cy='title-recipe']]] from the safeFindElements method
16:49:03 [TestNG-test-Test-3] INFO  verifyingDisplaySizeFilterFunctionality_Laptop_16-47-46 - [verifyingDisplaySizeFilterFunctionality_Laptop_16-47-46] Within productNameListingPage loop in applyFilterAndValidateProductsWithResult
16:49:03 [TestNG-test-Test-3] INFO  verifyingDisplaySizeFilterFunctionality_Laptop_16-47-46 - [verifyingDisplaySizeFilterFunctionality_Laptop_16-47-46] Within getProductByIndex method
16:49:03 [TestNG-test-Test-3] INFO  verifyingDisplaySizeFilterFunctionality_Laptop_16-47-46 - [verifyingDisplaySizeFilterFunctionality_Laptop_16-47-46] Within safeFindElement method
16:49:03 [TestNG-test-Test-3] INFO  verifyingDisplaySizeFilterFunctionality_Laptop_16-47-46 - [verifyingDisplaySizeFilterFunctionality_Laptop_16-47-46]Found the element returning it ,element ->[[ChromeDriver: chrome on windows (d96befd5bae2f5e1aed52ddaefadbd1d)] -> xpath: (//div[@data-cy='title-recipe'])[1]]
16:49:03 [TestNG-test-Test-3] INFO  verifyingDisplaySizeFilterFunctionality_Laptop_16-47-46 - [verifyingDisplaySizeFilterFunctionality_Laptop_16-47-46] Within getProductByIndex method
16:49:03 [TestNG-test-Test-3] INFO  verifyingDisplaySizeFilterFunctionality_Laptop_16-47-46 - [verifyingDisplaySizeFilterFunctionality_Laptop_16-47-46] Within smoothScrollToElement method
16:49:03 [TestNG-test-Test-3] INFO  verifyingDisplaySizeFilterFunctionality_Laptop_16-47-46 - [verifyingDisplaySizeFilterFunctionality_Laptop_16-47-46] Within safeFindElement method
16:49:03 [TestNG-test-Test-3] INFO  verifyingDisplaySizeFilterFunctionality_Laptop_16-47-46 - [verifyingDisplaySizeFilterFunctionality_Laptop_16-47-46]Found the element returning it ,element ->[[ChromeDriver: chrome on windows (d96befd5bae2f5e1aed52ddaefadbd1d)] -> xpath: (//div[@data-cy='title-recipe'])[1]]
16:49:03 [TestNG-test-Test-3] INFO  verifyingDisplaySizeFilterFunctionality_Laptop_16-47-46 - [verifyingDisplaySizeFilterFunctionality_Laptop_16-47-46] Successfully scrolled to element: By.xpath: (//div[@data-cy='title-recipe'])[1]
16:49:03 [TestNG-test-Test-3] INFO  verifyingDisplaySizeFilterFunctionality_Laptop_16-47-46 - [verifyingDisplaySizeFilterFunctionality_Laptop_16-47-46] Getting product by index in productNameListingPage loop
16:49:03 [TestNG-test-Test-3] INFO  verifyingDisplaySizeFilterFunctionality_Laptop_16-47-46 - [verifyingDisplaySizeFilterFunctionality_Laptop_16-47-46] Opened product in new tab via Ctrl+Click inside productNameListingPage loop
16:49:03 [TestNG-test-Test-3] INFO  verifyingDisplaySizeFilterFunctionality_Laptop_16-47-46 - [verifyingDisplaySizeFilterFunctionality_Laptop_16-47-46] Waiting for new window to open...
16:49:03 [TestNG-test-Test-3] INFO  verifyingDisplaySizeFilterFunctionality_Laptop_16-47-46 - [verifyingDisplaySizeFilterFunctionality_Laptop_16-47-46] Switched to new window -> F6F52CC6B6E5E119856BE73235F23717
16:49:03 [TestNG-test-Test-3] INFO  verifyingDisplaySizeFilterFunctionality_Laptop_16-47-46 - [verifyingDisplaySizeFilterFunctionality_Laptop_16-47-46] Swithcing to the new window  within productNameListingPage loop
16:49:03 [TestNG-test-Test-3] INFO  verifyingDisplaySizeFilterFunctionality_Laptop_16-47-46 - [verifyingDisplaySizeFilterFunctionality_Laptop_16-47-46] Clicked product name to open in new tab from productNameListingPage loop
16:49:03 [TestNG-test-Test-3] INFO  verifyingDisplaySizeFilterFunctionality_Laptop_16-47-46 - [verifyingDisplaySizeFilterFunctionality_Laptop_16-47-46] Within safeFindElement method
16:49:06 [TestNG-test-Test-3] INFO  verifyingDisplaySizeFilterFunctionality_Laptop_16-47-46 - [verifyingDisplaySizeFilterFunctionality_Laptop_16-47-46]Found the element returning it ,element ->[[ChromeDriver: chrome on windows (d96befd5bae2f5e1aed52ddaefadbd1d)] -> xpath: //span[@id='productTitle']]
16:49:06 [TestNG-test-Test-3] INFO  verifyingDisplaySizeFilterFunctionality_Laptop_16-47-46 - [verifyingDisplaySizeFilterFunctionality_Laptop_16-47-46] Within safeFindElement method
16:49:07 [TestNG-test-Test-3] INFO  verifyingDisplaySizeFilterFunctionality_Laptop_16-47-46 - [verifyingDisplaySizeFilterFunctionality_Laptop_16-47-46]Found the element returning it ,element ->[[ChromeDriver: chrome on windows (d96befd5bae2f5e1aed52ddaefadbd1d)] -> xpath: //div[@class='a-section a-spacing-small a-spacing-top-small']]
16:49:07 [TestNG-test-Test-3] INFO  verifyingDisplaySizeFilterFunctionality_Laptop_16-47-46 - [verifyingDisplaySizeFilterFunctionality_Laptop_16-47-46] Within safeFindElement method
16:49:07 [TestNG-test-Test-3] INFO  verifyingDisplaySizeFilterFunctionality_Laptop_16-47-46 - [verifyingDisplaySizeFilterFunctionality_Laptop_16-47-46]Found the element returning it ,element ->[[ChromeDriver: chrome on windows (d96befd5bae2f5e1aed52ddaefadbd1d)] -> xpath: //div[@id='feature-bullets']]
16:49:07 [TestNG-test-Test-3] INFO  verifyingDisplaySizeFilterFunctionality_Laptop_16-47-46 - [verifyingDisplaySizeFilterFunctionality_Laptop_16-47-46] Within safeFindElement method
16:49:07 [TestNG-test-Test-3] INFO  verifyingDisplaySizeFilterFunctionality_Laptop_16-47-46 - [verifyingDisplaySizeFilterFunctionality_Laptop_16-47-46]Found the element returning it ,element ->[[ChromeDriver: chrome on windows (d96befd5bae2f5e1aed52ddaefadbd1d)] -> xpath: //div[@id='prodDetails']]
16:49:07 [TestNG-test-Test-3] INFO  verifyingDisplaySizeFilterFunctionality_Laptop_16-47-46 - [verifyingDisplaySizeFilterFunctionality_Laptop_16-47-46] Extracting 'name' , 'keyFeatures', 'about' , 'techDetails' within productNameListingPage loop
16:49:07 [TestNG-test-Test-3] INFO  verifyingDisplaySizeFilterFunctionality_Laptop_16-47-46 - [verifyingDisplaySizeFilterFunctionality_Laptop_16-47-46] Waiting until element is visible in viewport
16:49:17 [TestNG-test-Test-3] INFO  verifyingDisplaySizeFilterFunctionality_Laptop_16-47-46 - [verifyingDisplaySizeFilterFunctionality_Laptop_16-47-46] Within smoothScrollToElement method
16:49:17 [TestNG-test-Test-3] INFO  verifyingDisplaySizeFilterFunctionality_Laptop_16-47-46 - [verifyingDisplaySizeFilterFunctionality_Laptop_16-47-46] Within safeFindElement method
16:49:17 [TestNG-test-Test-3] INFO  verifyingDisplaySizeFilterFunctionality_Laptop_16-47-46 - [verifyingDisplaySizeFilterFunctionality_Laptop_16-47-46]Found the element returning it ,element ->[[ChromeDriver: chrome on windows (d96befd5bae2f5e1aed52ddaefadbd1d)] -> xpath: //a[@id='seeMoreDetailsLink']]
16:49:17 [TestNG-test-Test-3] INFO  verifyingDisplaySizeFilterFunctionality_Laptop_16-47-46 - [verifyingDisplaySizeFilterFunctionality_Laptop_16-47-46] Successfully scrolled to element: By.xpath: //a[@id='seeMoreDetailsLink']
16:49:17 [TestNG-test-Test-3] INFO  verifyingDisplaySizeFilterFunctionality_Laptop_16-47-46 - [verifyingDisplaySizeFilterFunctionality_Laptop_16-47-46] Within safeClick method
16:49:17 [TestNG-test-Test-3] INFO  verifyingDisplaySizeFilterFunctionality_Laptop_16-47-46 - [verifyingDisplaySizeFilterFunctionality_Laptop_16-47-46] Clicked the  [[ChromeDriver: chrome on windows (d96befd5bae2f5e1aed52ddaefadbd1d)] -> xpath: //a[@id='seeMoreDetailsLink']]   using safeClick
16:49:17 [TestNG-test-Test-3] INFO  verifyingDisplaySizeFilterFunctionality_Laptop_16-47-46 - [verifyingDisplaySizeFilterFunctionality_Laptop_16-47-46] Within try block for clicking see more deatils within productNameListingPage loop
16:49:17 [TestNG-test-Test-3] INFO  verifyingDisplaySizeFilterFunctionality_Laptop_16-47-46 - [verifyingDisplaySizeFilterFunctionality_Laptop_16-47-46] Within closeCurrentWindowAndSwitchBack method
16:49:17 [TestNG-test-Test-3] INFO  verifyingDisplaySizeFilterFunctionality_Laptop_16-47-46 - [verifyingDisplaySizeFilterFunctionality_Laptop_16-47-46] Total open windows/tabs count -> 2
16:49:17 [TestNG-test-Test-3] INFO  verifyingDisplaySizeFilterFunctionality_Laptop_16-47-46 - [verifyingDisplaySizeFilterFunctionality_Laptop_16-47-46] Original window handle -> 01169DBC6D57717DF5944C0123E17E1D
16:49:17 [TestNG-test-Test-3] INFO  verifyingDisplaySizeFilterFunctionality_Laptop_16-47-46 - [verifyingDisplaySizeFilterFunctionality_Laptop_16-47-46] Found new tab/window handle -> F6F52CC6B6E5E119856BE73235F23717 (will be closed)
16:49:17 [TestNG-test-Test-3] INFO  verifyingDisplaySizeFilterFunctionality_Laptop_16-47-46 - [verifyingDisplaySizeFilterFunctionality_Laptop_16-47-46] Successfully switched to new tab/window -> F6F52CC6B6E5E119856BE73235F23717
16:49:17 [TestNG-test-Test-3] INFO  verifyingDisplaySizeFilterFunctionality_Laptop_16-47-46 - [verifyingDisplaySizeFilterFunctionality_Laptop_16-47-46] Closed the newly opened tab/window -> F6F52CC6B6E5E119856BE73235F23717
16:49:17 [TestNG-test-Test-3] INFO  verifyingDisplaySizeFilterFunctionality_Laptop_16-47-46 - [verifyingDisplaySizeFilterFunctionality_Laptop_16-47-46] Switched back to the original window -> 01169DBC6D57717DF5944C0123E17E1D
16:49:17 [TestNG-test-Test-3] INFO  verifyingDisplaySizeFilterFunctionality_Laptop_16-47-46 - [verifyingDisplaySizeFilterFunctionality_Laptop_16-47-46]  going back to product listing via closeCurrentWindowAndSwitchBack 
16:49:17 [TestNG-test-Test-3] INFO  verifyingDisplaySizeFilterFunctionality_Laptop_16-47-46 - [verifyingDisplaySizeFilterFunctionality_Laptop_16-47-46]  Added 'filter','title','keyFeatures', 'about', 'techDetails' into the Map -> productResult
16:49:17 [TestNG-test-Test-3] INFO  verifyingDisplaySizeFilterFunctionality_Laptop_16-47-46 - [verifyingDisplaySizeFilterFunctionality_Laptop_16-47-46]  Added 'productResult' Map into the 'results' i.e list of maps 
16:49:17 [TestNG-test-Test-3] INFO  verifyingDisplaySizeFilterFunctionality_Laptop_16-47-46 - [verifyingDisplaySizeFilterFunctionality_Laptop_16-47-46]==========================================================================================================
16:49:17 [TestNG-test-Test-3] INFO  verifyingDisplaySizeFilterFunctionality_Laptop_16-47-46 - [verifyingDisplaySizeFilterFunctionality_Laptop_16-47-46] Within safeFindElements 
16:49:17 [TestNG-test-Test-3] INFO  verifyingDisplaySizeFilterFunctionality_Laptop_16-47-46 - [verifyingDisplaySizeFilterFunctionality_Laptop_16-47-46] Returning the  [[[ChromeDriver: chrome on windows (d96befd5bae2f5e1aed52ddaefadbd1d)] -> xpath: //div[@data-cy='title-recipe']], [[ChromeDriver: chrome on windows (d96befd5bae2f5e1aed52ddaefadbd1d)] -> xpath: //div[@data-cy='title-recipe']], [[ChromeDriver: chrome on windows (d96befd5bae2f5e1aed52ddaefadbd1d)] -> xpath: //div[@data-cy='title-recipe']], [[ChromeDriver: chrome on windows (d96befd5bae2f5e1aed52ddaefadbd1d)] -> xpath: //div[@data-cy='title-recipe']], [[ChromeDriver: chrome on windows (d96befd5bae2f5e1aed52ddaefadbd1d)] -> xpath: //div[@data-cy='title-recipe']], [[ChromeDriver: chrome on windows (d96befd5bae2f5e1aed52ddaefadbd1d)] -> xpath: //div[@data-cy='title-recipe']], [[ChromeDriver: chrome on windows (d96befd5bae2f5e1aed52ddaefadbd1d)] -> xpath: //div[@data-cy='title-recipe']], [[ChromeDriver: chrome on windows (d96befd5bae2f5e1aed52ddaefadbd1d)] -> xpath: //div[@data-cy='title-recipe']], [[ChromeDriver: chrome on windows (d96befd5bae2f5e1aed52ddaefadbd1d)] -> xpath: //div[@data-cy='title-recipe']], [[ChromeDriver: chrome on windows (d96befd5bae2f5e1aed52ddaefadbd1d)] -> xpath: //div[@data-cy='title-recipe']], [[ChromeDriver: chrome on windows (d96befd5bae2f5e1aed52ddaefadbd1d)] -> xpath: //div[@data-cy='title-recipe']], [[ChromeDriver: chrome on windows (d96befd5bae2f5e1aed52ddaefadbd1d)] -> xpath: //div[@data-cy='title-recipe']], [[ChromeDriver: chrome on windows (d96befd5bae2f5e1aed52ddaefadbd1d)] -> xpath: //div[@data-cy='title-recipe']], [[ChromeDriver: chrome on windows (d96befd5bae2f5e1aed52ddaefadbd1d)] -> xpath: //div[@data-cy='title-recipe']], [[ChromeDriver: chrome on windows (d96befd5bae2f5e1aed52ddaefadbd1d)] -> xpath: //div[@data-cy='title-recipe']], [[ChromeDriver: chrome on windows (d96befd5bae2f5e1aed52ddaefadbd1d)] -> xpath: //div[@data-cy='title-recipe']]] from the safeFindElements method
16:49:17 [TestNG-test-Test-3] INFO  verifyingDisplaySizeFilterFunctionality_Laptop_16-47-46 - [verifyingDisplaySizeFilterFunctionality_Laptop_16-47-46] Within productNameListingPage loop in applyFilterAndValidateProductsWithResult
16:49:17 [TestNG-test-Test-3] INFO  verifyingDisplaySizeFilterFunctionality_Laptop_16-47-46 - [verifyingDisplaySizeFilterFunctionality_Laptop_16-47-46] Within getProductByIndex method
16:49:17 [TestNG-test-Test-3] INFO  verifyingDisplaySizeFilterFunctionality_Laptop_16-47-46 - [verifyingDisplaySizeFilterFunctionality_Laptop_16-47-46] Within safeFindElement method
16:49:17 [TestNG-test-Test-3] INFO  verifyingDisplaySizeFilterFunctionality_Laptop_16-47-46 - [verifyingDisplaySizeFilterFunctionality_Laptop_16-47-46]Found the element returning it ,element ->[[ChromeDriver: chrome on windows (d96befd5bae2f5e1aed52ddaefadbd1d)] -> xpath: (//div[@data-cy='title-recipe'])[2]]
16:49:17 [TestNG-test-Test-3] INFO  verifyingDisplaySizeFilterFunctionality_Laptop_16-47-46 - [verifyingDisplaySizeFilterFunctionality_Laptop_16-47-46] Within getProductByIndex method
16:49:17 [TestNG-test-Test-3] INFO  verifyingDisplaySizeFilterFunctionality_Laptop_16-47-46 - [verifyingDisplaySizeFilterFunctionality_Laptop_16-47-46] Within smoothScrollToElement method
16:49:17 [TestNG-test-Test-3] INFO  verifyingDisplaySizeFilterFunctionality_Laptop_16-47-46 - [verifyingDisplaySizeFilterFunctionality_Laptop_16-47-46] Within safeFindElement method
16:49:17 [TestNG-test-Test-3] INFO  verifyingDisplaySizeFilterFunctionality_Laptop_16-47-46 - [verifyingDisplaySizeFilterFunctionality_Laptop_16-47-46]Found the element returning it ,element ->[[ChromeDriver: chrome on windows (d96befd5bae2f5e1aed52ddaefadbd1d)] -> xpath: (//div[@data-cy='title-recipe'])[2]]
16:49:17 [TestNG-test-Test-3] INFO  verifyingDisplaySizeFilterFunctionality_Laptop_16-47-46 - [verifyingDisplaySizeFilterFunctionality_Laptop_16-47-46] Successfully scrolled to element: By.xpath: (//div[@data-cy='title-recipe'])[2]
16:49:17 [TestNG-test-Test-3] INFO  verifyingDisplaySizeFilterFunctionality_Laptop_16-47-46 - [verifyingDisplaySizeFilterFunctionality_Laptop_16-47-46] Getting product by index in productNameListingPage loop
16:49:18 [TestNG-test-Test-3] INFO  verifyingDisplaySizeFilterFunctionality_Laptop_16-47-46 - [verifyingDisplaySizeFilterFunctionality_Laptop_16-47-46] Opened product in new tab via Ctrl+Click inside productNameListingPage loop
16:49:18 [TestNG-test-Test-3] INFO  verifyingDisplaySizeFilterFunctionality_Laptop_16-47-46 - [verifyingDisplaySizeFilterFunctionality_Laptop_16-47-46] Waiting for new window to open...
16:49:18 [TestNG-test-Test-3] INFO  verifyingDisplaySizeFilterFunctionality_Laptop_16-47-46 - [verifyingDisplaySizeFilterFunctionality_Laptop_16-47-46] Switched to new window -> 5614ADCD5CB903BF6CC48BD1EA5588E0
16:49:18 [TestNG-test-Test-3] INFO  verifyingDisplaySizeFilterFunctionality_Laptop_16-47-46 - [verifyingDisplaySizeFilterFunctionality_Laptop_16-47-46] Swithcing to the new window  within productNameListingPage loop
16:49:18 [TestNG-test-Test-3] INFO  verifyingDisplaySizeFilterFunctionality_Laptop_16-47-46 - [verifyingDisplaySizeFilterFunctionality_Laptop_16-47-46] Clicked product name to open in new tab from productNameListingPage loop
16:49:18 [TestNG-test-Test-3] INFO  verifyingDisplaySizeFilterFunctionality_Laptop_16-47-46 - [verifyingDisplaySizeFilterFunctionality_Laptop_16-47-46] Within safeFindElement method
16:49:21 [TestNG-test-Test-3] INFO  verifyingDisplaySizeFilterFunctionality_Laptop_16-47-46 - [verifyingDisplaySizeFilterFunctionality_Laptop_16-47-46]Found the element returning it ,element ->[[ChromeDriver: chrome on windows (d96befd5bae2f5e1aed52ddaefadbd1d)] -> xpath: //span[@id='productTitle']]
16:49:21 [TestNG-test-Test-3] INFO  verifyingDisplaySizeFilterFunctionality_Laptop_16-47-46 - [verifyingDisplaySizeFilterFunctionality_Laptop_16-47-46] Within safeFindElement method
16:49:21 [TestNG-test-Test-3] INFO  verifyingDisplaySizeFilterFunctionality_Laptop_16-47-46 - [verifyingDisplaySizeFilterFunctionality_Laptop_16-47-46]Found the element returning it ,element ->[[ChromeDriver: chrome on windows (d96befd5bae2f5e1aed52ddaefadbd1d)] -> xpath: //div[@class='a-section a-spacing-small a-spacing-top-small']]
16:49:21 [TestNG-test-Test-3] INFO  verifyingDisplaySizeFilterFunctionality_Laptop_16-47-46 - [verifyingDisplaySizeFilterFunctionality_Laptop_16-47-46] Within safeFindElement method
16:49:21 [TestNG-test-Test-3] INFO  verifyingDisplaySizeFilterFunctionality_Laptop_16-47-46 - [verifyingDisplaySizeFilterFunctionality_Laptop_16-47-46]Found the element returning it ,element ->[[ChromeDriver: chrome on windows (d96befd5bae2f5e1aed52ddaefadbd1d)] -> xpath: //div[@id='feature-bullets']]
16:49:21 [TestNG-test-Test-3] INFO  verifyingDisplaySizeFilterFunctionality_Laptop_16-47-46 - [verifyingDisplaySizeFilterFunctionality_Laptop_16-47-46] Within safeFindElement method
16:49:21 [TestNG-test-Test-3] INFO  verifyingDisplaySizeFilterFunctionality_Laptop_16-47-46 - [verifyingDisplaySizeFilterFunctionality_Laptop_16-47-46]Found the element returning it ,element ->[[ChromeDriver: chrome on windows (d96befd5bae2f5e1aed52ddaefadbd1d)] -> xpath: //div[@id='prodDetails']]
16:49:21 [TestNG-test-Test-3] INFO  verifyingDisplaySizeFilterFunctionality_Laptop_16-47-46 - [verifyingDisplaySizeFilterFunctionality_Laptop_16-47-46] Extracting 'name' , 'keyFeatures', 'about' , 'techDetails' within productNameListingPage loop
16:49:21 [TestNG-test-Test-3] INFO  verifyingDisplaySizeFilterFunctionality_Laptop_16-47-46 - [verifyingDisplaySizeFilterFunctionality_Laptop_16-47-46] Waiting until element is visible in viewport
16:49:31 [TestNG-test-Test-3] INFO  verifyingDisplaySizeFilterFunctionality_Laptop_16-47-46 - [verifyingDisplaySizeFilterFunctionality_Laptop_16-47-46] Within smoothScrollToElement method
16:49:31 [TestNG-test-Test-3] INFO  verifyingDisplaySizeFilterFunctionality_Laptop_16-47-46 - [verifyingDisplaySizeFilterFunctionality_Laptop_16-47-46] Within safeFindElement method
16:49:31 [TestNG-test-Test-3] INFO  verifyingDisplaySizeFilterFunctionality_Laptop_16-47-46 - [verifyingDisplaySizeFilterFunctionality_Laptop_16-47-46]Found the element returning it ,element ->[[ChromeDriver: chrome on windows (d96befd5bae2f5e1aed52ddaefadbd1d)] -> xpath: //a[@id='seeMoreDetailsLink']]
16:49:31 [TestNG-test-Test-3] INFO  verifyingDisplaySizeFilterFunctionality_Laptop_16-47-46 - [verifyingDisplaySizeFilterFunctionality_Laptop_16-47-46] Successfully scrolled to element: By.xpath: //a[@id='seeMoreDetailsLink']
16:49:31 [TestNG-test-Test-3] INFO  verifyingDisplaySizeFilterFunctionality_Laptop_16-47-46 - [verifyingDisplaySizeFilterFunctionality_Laptop_16-47-46] Within safeClick method
16:49:31 [TestNG-test-Test-3] INFO  verifyingDisplaySizeFilterFunctionality_Laptop_16-47-46 - [verifyingDisplaySizeFilterFunctionality_Laptop_16-47-46] Clicked the  [[ChromeDriver: chrome on windows (d96befd5bae2f5e1aed52ddaefadbd1d)] -> xpath: //a[@id='seeMoreDetailsLink']]   using safeClick
16:49:31 [TestNG-test-Test-3] INFO  verifyingDisplaySizeFilterFunctionality_Laptop_16-47-46 - [verifyingDisplaySizeFilterFunctionality_Laptop_16-47-46] Within try block for clicking see more deatils within productNameListingPage loop
16:49:31 [TestNG-test-Test-3] INFO  verifyingDisplaySizeFilterFunctionality_Laptop_16-47-46 - [verifyingDisplaySizeFilterFunctionality_Laptop_16-47-46] Within closeCurrentWindowAndSwitchBack method
16:49:31 [TestNG-test-Test-3] INFO  verifyingDisplaySizeFilterFunctionality_Laptop_16-47-46 - [verifyingDisplaySizeFilterFunctionality_Laptop_16-47-46] Total open windows/tabs count -> 2
16:49:31 [TestNG-test-Test-3] INFO  verifyingDisplaySizeFilterFunctionality_Laptop_16-47-46 - [verifyingDisplaySizeFilterFunctionality_Laptop_16-47-46] Original window handle -> 01169DBC6D57717DF5944C0123E17E1D
16:49:31 [TestNG-test-Test-3] INFO  verifyingDisplaySizeFilterFunctionality_Laptop_16-47-46 - [verifyingDisplaySizeFilterFunctionality_Laptop_16-47-46] Found new tab/window handle -> 5614ADCD5CB903BF6CC48BD1EA5588E0 (will be closed)
16:49:31 [TestNG-test-Test-3] INFO  verifyingDisplaySizeFilterFunctionality_Laptop_16-47-46 - [verifyingDisplaySizeFilterFunctionality_Laptop_16-47-46] Successfully switched to new tab/window -> 5614ADCD5CB903BF6CC48BD1EA5588E0
16:49:32 [TestNG-test-Test-3] INFO  verifyingDisplaySizeFilterFunctionality_Laptop_16-47-46 - [verifyingDisplaySizeFilterFunctionality_Laptop_16-47-46] Closed the newly opened tab/window -> 5614ADCD5CB903BF6CC48BD1EA5588E0
16:49:32 [TestNG-test-Test-3] INFO  verifyingDisplaySizeFilterFunctionality_Laptop_16-47-46 - [verifyingDisplaySizeFilterFunctionality_Laptop_16-47-46] Switched back to the original window -> 01169DBC6D57717DF5944C0123E17E1D
16:49:32 [TestNG-test-Test-3] INFO  verifyingDisplaySizeFilterFunctionality_Laptop_16-47-46 - [verifyingDisplaySizeFilterFunctionality_Laptop_16-47-46]  going back to product listing via closeCurrentWindowAndSwitchBack 
16:49:32 [TestNG-test-Test-3] INFO  verifyingDisplaySizeFilterFunctionality_Laptop_16-47-46 - [verifyingDisplaySizeFilterFunctionality_Laptop_16-47-46]  Added 'filter','title','keyFeatures', 'about', 'techDetails' into the Map -> productResult
16:49:32 [TestNG-test-Test-3] INFO  verifyingDisplaySizeFilterFunctionality_Laptop_16-47-46 - [verifyingDisplaySizeFilterFunctionality_Laptop_16-47-46]  Added 'productResult' Map into the 'results' i.e list of maps 
16:49:32 [TestNG-test-Test-3] INFO  verifyingDisplaySizeFilterFunctionality_Laptop_16-47-46 - [verifyingDisplaySizeFilterFunctionality_Laptop_16-47-46]==========================================================================================================
16:49:32 [TestNG-test-Test-3] INFO  verifyingDisplaySizeFilterFunctionality_Laptop_16-47-46 - [verifyingDisplaySizeFilterFunctionality_Laptop_16-47-46] Within safeClick method
16:49:32 [TestNG-test-Test-3] INFO  verifyingDisplaySizeFilterFunctionality_Laptop_16-47-46 - [verifyingDisplaySizeFilterFunctionality_Laptop_16-47-46] Clicked the  [[ChromeDriver: chrome on windows (d96befd5bae2f5e1aed52ddaefadbd1d)] -> xpath: //span[@class='a-size-base a-color-base' and text()='Clear']]   using safeClick
16:49:32 [TestNG-test-Test-3] INFO  verifyingDisplaySizeFilterFunctionality_Laptop_16-47-46 - [verifyingDisplaySizeFilterFunctionality_Laptop_16-47-46] Clearing the filter value ->15 to 15.9 inwithin productNameListingPage loop
16:49:32 [TestNG-test-Test-3] INFO  verifyingDisplaySizeFilterFunctionality_Laptop_16-47-46 - [verifyingDisplaySizeFilterFunctionality_Laptop_16-47-46]==========================================================================================================
16:49:32 [TestNG-test-Test-3] INFO  verifyingDisplaySizeFilterFunctionality_Laptop_16-47-46 - [verifyingDisplaySizeFilterFunctionality_Laptop_16-47-46]==========================================================================================================
16:49:32 [TestNG-test-Test-3] INFO  verifyingDisplaySizeFilterFunctionality_Laptop_16-47-46 - [verifyingDisplaySizeFilterFunctionality_Laptop_16-47-46] returning the 'results' i.e list of Maps
16:49:32 [TestNG-test-Test-3] ERROR verifyingDisplaySizeFilterFunctionality_Laptop_16-47-46 - [verifyingDisplaySizeFilterFunctionality_Laptop_16-47-46]  Mismatch found for filter 'up to 13.9 in' on product 'ebook 11.6" hd laptop | best student & office work laptop | celeron n4020 | 4gb ddr4 | 128gb emmc + m.2 ssd expandable slot | win 11 home |31wh battery | uhd graphics 600 | black'
16:49:32 [TestNG-test-Test-3] ERROR verifyingDisplaySizeFilterFunctionality_Laptop_16-47-46 - [verifyingDisplaySizeFilterFunctionality_Laptop_16-47-46]  Mismatch found for filter 'up to 13.9 in' on product 'apple 2026 macbook neo 13" laptop with a18 pro chip: built for ai and apple intelligence, liquid retina display, 8gb unified memory, 512gb ssd storage, 1080p facetime hd camera, touch id; blush'
16:49:32 [TestNG-test-Test-3] ERROR verifyingDisplaySizeFilterFunctionality_Laptop_16-47-46 - [verifyingDisplaySizeFilterFunctionality_Laptop_16-47-46]  Mismatch found for filter '14 to 14.9 in' on product 'asus vivobook 14 (2025), (i5-14th gen) intel core 5 120u,fingerprint sensor,8gb ram,512gb ssd,fhd, 14", (35.5 cm),win11,m365 basic(1y) office 24, silver, 1.4 kg, x1404vap-eb1521ws, thin & light laptop'
16:49:32 [TestNG-test-Test-3] ERROR verifyingDisplaySizeFilterFunctionality_Laptop_16-47-46 - [verifyingDisplaySizeFilterFunctionality_Laptop_16-47-46]  Mismatch found for filter '14 to 14.9 in' on product 'lenovo 14 (2026), intel core i5 13th gen 13420h - (8 gb ddr5/512 gb ssd/intel uhd graphics/windows 11 pro) thin and light business laptop/14.0" fhd display/luna grey/copilot key/1.4 kg/ms office 2024'
16:49:32 [TestNG-test-Test-3] ERROR verifyingDisplaySizeFilterFunctionality_Laptop_16-47-46 - [verifyingDisplaySizeFilterFunctionality_Laptop_16-47-46]  Mismatch found for filter '15 to 15.9 in' on product 'lenovo v15 g4 amd athlon silver 7120u laptop 8gb lpddr5 ram, 512 gb ssd pcie, windows 11 lifetime validity,15.6" fhd screen, amd radeon 610m, silver, 1 year brand warranty'
16:49:32 [TestNG-test-Test-3] ERROR verifyingDisplaySizeFilterFunctionality_Laptop_16-47-46 - [verifyingDisplaySizeFilterFunctionality_Laptop_16-47-46]  Mismatch found for filter '15 to 15.9 in' on product 'lenovo v15 g4 amd ryzen 5 7520u 15.6 inch fhd laptop, amd graphics, 16gb ddr5 5500mhz ram, 512gb ssd nvme, windows 11, dolby audio, arctic grey, 1 year onsite brand warranty'
16:49:32 [TestNG-test-Test-3] INFO  verifyingDisplaySizeFilterFunctionality_Laptop_16-47-46 - [verifyingDisplaySizeFilterFunctionality_Laptop_16-47-46]  Final assertion for display size filter validation starting...
