20:29:42 [TestNG-test-Test-3] INFO  verifyingDisplaySizeFilterFunctionality_Laptop_20-29-42 - No existing WebDriver found for current thread. Initializing a new ChromeDriver...
20:29:42 [TestNG-test-Test-3] INFO  verifyingDisplaySizeFilterFunctionality_Laptop_20-29-42 - WebDriverManager: chromedriver setup OK
20:29:43 [TestNG-test-Test-3] INFO  verifyingDisplaySizeFilterFunctionality_Laptop_20-29-42 - ChromeDriver initialized successfully for thread: 36
20:29:46 [TestNG-test-Test-3] INFO  verifyingDisplaySizeFilterFunctionality_Laptop_20-29-42 - [verifyingDisplaySizeFilterFunctionality_Laptop_20-29-42] Opening amazon Landing page
20:29:46 [TestNG-test-Test-3] INFO  verifyingDisplaySizeFilterFunctionality_Laptop_20-29-42 - [verifyingDisplaySizeFilterFunctionality_Laptop_20-29-42] Within safeFindElement method
20:29:46 [TestNG-test-Test-3] INFO  verifyingDisplaySizeFilterFunctionality_Laptop_20-29-42 - [verifyingDisplaySizeFilterFunctionality_Laptop_20-29-42]Found the element returning it ,element ->[[ChromeDriver: chrome on windows (5f28c669577438246038219e80837668)] -> xpath: //a[@id='nav-logo-sprites']]
20:29:47 [TestNG-test-Test-3] INFO  verifyingDisplaySizeFilterFunctionality_Laptop_20-29-42 - [verifyingDisplaySizeFilterFunctionality_Laptop_20-29-42] Giving input within the search bar
20:29:47 [TestNG-test-Test-3] INFO  verifyingDisplaySizeFilterFunctionality_Laptop_20-29-42 - [verifyingDisplaySizeFilterFunctionality_Laptop_20-29-42] Within safeClick method
20:29:49 [TestNG-test-Test-3] INFO  verifyingDisplaySizeFilterFunctionality_Laptop_20-29-42 - [verifyingDisplaySizeFilterFunctionality_Laptop_20-29-42] Clicked the  [[ChromeDriver: chrome on windows (5f28c669577438246038219e80837668)] -> xpath: //input[@id='nav-search-submit-button']]   using safeClick
20:29:49 [TestNG-test-Test-3] INFO  verifyingDisplaySizeFilterFunctionality_Laptop_20-29-42 - [verifyingDisplaySizeFilterFunctionality_Laptop_20-29-42] Clicking on the submit in the search bar
20:29:50 [TestNG-test-Test-3] INFO  verifyingDisplaySizeFilterFunctionality_Laptop_20-29-42 - [verifyingDisplaySizeFilterFunctionality_Laptop_20-29-42] Within filterCheckUnderList method
20:29:50 [TestNG-test-Test-3] INFO  verifyingDisplaySizeFilterFunctionality_Laptop_20-29-42 - [verifyingDisplaySizeFilterFunctionality_Laptop_20-29-42] Found the Filter within the filter check List
20:29:50 [TestNG-test-Test-3] INFO  verifyingDisplaySizeFilterFunctionality_Laptop_20-29-42 - [verifyingDisplaySizeFilterFunctionality_Laptop_20-29-42] Within applyFilterAndValidateProductsWithResult method
20:29:50 [TestNG-test-Test-3] INFO  verifyingDisplaySizeFilterFunctionality_Laptop_20-29-42 - [verifyingDisplaySizeFilterFunctionality_Laptop_20-29-42] Within safeFindElements 
20:29:50 [TestNG-test-Test-3] INFO  verifyingDisplaySizeFilterFunctionality_Laptop_20-29-42 - [verifyingDisplaySizeFilterFunctionality_Laptop_20-29-42] Returning the  [[[ChromeDriver: chrome on windows (5f28c669577438246038219e80837668)] -> xpath: //span[@class='a-size-base a-color-base puis-bold-weight-text' and text()='Screen Size']/parent::div/following-sibling::ul//span[@class='a-size-base a-color-base']], [[ChromeDriver: chrome on windows (5f28c669577438246038219e80837668)] -> xpath: //span[@class='a-size-base a-color-base puis-bold-weight-text' and text()='Screen Size']/parent::div/following-sibling::ul//span[@class='a-size-base a-color-base']], [[ChromeDriver: chrome on windows (5f28c669577438246038219e80837668)] -> xpath: //span[@class='a-size-base a-color-base puis-bold-weight-text' and text()='Screen Size']/parent::div/following-sibling::ul//span[@class='a-size-base a-color-base']], [[ChromeDriver: chrome on windows (5f28c669577438246038219e80837668)] -> xpath: //span[@class='a-size-base a-color-base puis-bold-weight-text' and text()='Screen Size']/parent::div/following-sibling::ul//span[@class='a-size-base a-color-base']], [[ChromeDriver: chrome on windows (5f28c669577438246038219e80837668)] -> xpath: //span[@class='a-size-base a-color-base puis-bold-weight-text' and text()='Screen Size']/parent::div/following-sibling::ul//span[@class='a-size-base a-color-base']], [[ChromeDriver: chrome on windows (5f28c669577438246038219e80837668)] -> xpath: //span[@class='a-size-base a-color-base puis-bold-weight-text' and text()='Screen Size']/parent::div/following-sibling::ul//span[@class='a-size-base a-color-base']], [[ChromeDriver: chrome on windows (5f28c669577438246038219e80837668)] -> xpath: //span[@class='a-size-base a-color-base puis-bold-weight-text' and text()='Screen Size']/parent::div/following-sibling::ul//span[@class='a-size-base a-color-base']]] from the safeFindElements method
20:29:50 [TestNG-test-Test-3] INFO  verifyingDisplaySizeFilterFunctionality_Laptop_20-29-42 - [verifyingDisplaySizeFilterFunctionality_Laptop_20-29-42] Within applyFilterAndValidateProductsWithResult filterOptions size is -> 7
20:29:50 [TestNG-test-Test-3] INFO  verifyingDisplaySizeFilterFunctionality_Laptop_20-29-42 - [verifyingDisplaySizeFilterFunctionality_Laptop_20-29-42] Execution is scheduled type /CRON Job on CI Hence refering to CI keys from UtilData
20:29:50 [TestNG-test-Test-3] INFO  verifyingDisplaySizeFilterFunctionality_Laptop_20-29-42 - [verifyingDisplaySizeFilterFunctionality_Laptop_20-29-42] Within filterOptions loop in applyFilterAndValidateProductsWithResult
20:29:50 [TestNG-test-Test-3] INFO  verifyingDisplaySizeFilterFunctionality_Laptop_20-29-42 - [verifyingDisplaySizeFilterFunctionality_Laptop_20-29-42] Within safeFindElements 
20:29:50 [TestNG-test-Test-3] INFO  verifyingDisplaySizeFilterFunctionality_Laptop_20-29-42 - [verifyingDisplaySizeFilterFunctionality_Laptop_20-29-42] Returning the  [[[ChromeDriver: chrome on windows (5f28c669577438246038219e80837668)] -> xpath: //span[@class='a-size-base a-color-base puis-bold-weight-text' and text()='Screen Size']/parent::div/following-sibling::ul//span[@class='a-size-base a-color-base']], [[ChromeDriver: chrome on windows (5f28c669577438246038219e80837668)] -> xpath: //span[@class='a-size-base a-color-base puis-bold-weight-text' and text()='Screen Size']/parent::div/following-sibling::ul//span[@class='a-size-base a-color-base']], [[ChromeDriver: chrome on windows (5f28c669577438246038219e80837668)] -> xpath: //span[@class='a-size-base a-color-base puis-bold-weight-text' and text()='Screen Size']/parent::div/following-sibling::ul//span[@class='a-size-base a-color-base']], [[ChromeDriver: chrome on windows (5f28c669577438246038219e80837668)] -> xpath: //span[@class='a-size-base a-color-base puis-bold-weight-text' and text()='Screen Size']/parent::div/following-sibling::ul//span[@class='a-size-base a-color-base']], [[ChromeDriver: chrome on windows (5f28c669577438246038219e80837668)] -> xpath: //span[@class='a-size-base a-color-base puis-bold-weight-text' and text()='Screen Size']/parent::div/following-sibling::ul//span[@class='a-size-base a-color-base']], [[ChromeDriver: chrome on windows (5f28c669577438246038219e80837668)] -> xpath: //span[@class='a-size-base a-color-base puis-bold-weight-text' and text()='Screen Size']/parent::div/following-sibling::ul//span[@class='a-size-base a-color-base']], [[ChromeDriver: chrome on windows (5f28c669577438246038219e80837668)] -> xpath: //span[@class='a-size-base a-color-base puis-bold-weight-text' and text()='Screen Size']/parent::div/following-sibling::ul//span[@class='a-size-base a-color-base']]] from the safeFindElements method
20:29:50 [TestNG-test-Test-3] INFO  verifyingDisplaySizeFilterFunctionality_Laptop_20-29-42 - [verifyingDisplaySizeFilterFunctionality_Laptop_20-29-42] Trying to read filter option 0 (attempt 1/3)
20:29:50 [TestNG-test-Test-3] INFO  verifyingDisplaySizeFilterFunctionality_Laptop_20-29-42 - [verifyingDisplaySizeFilterFunctionality_Laptop_20-29-42] Successfully read filter option 0 = 'Up to 13.9 in'
20:29:50 [TestNG-test-Test-3] INFO  verifyingDisplaySizeFilterFunctionality_Laptop_20-29-42 - [verifyingDisplaySizeFilterFunctionality_Laptop_20-29-42] Within getfilterByTypeAndName method
20:29:50 [TestNG-test-Test-3] INFO  verifyingDisplaySizeFilterFunctionality_Laptop_20-29-42 - [verifyingDisplaySizeFilterFunctionality_Laptop_20-29-42] Within safeClickBooleanWithScreenShot method
20:29:50 [TestNG-test-Test-3] INFO  verifyingDisplaySizeFilterFunctionality_Laptop_20-29-42 - [verifyingDisplaySizeFilterFunctionality_Laptop_20-29-42] Within getAppliedfilterByTypeAndName method
20:29:50 [TestNG-test-Test-3] INFO  verifyingDisplaySizeFilterFunctionality_Laptop_20-29-42 - [verifyingDisplaySizeFilterFunctionality_Laptop_20-29-42] Within smoothScrollToElement method
20:29:50 [TestNG-test-Test-3] INFO  verifyingDisplaySizeFilterFunctionality_Laptop_20-29-42 - [verifyingDisplaySizeFilterFunctionality_Laptop_20-29-42] Within safeFindElement method
20:29:50 [TestNG-test-Test-3] INFO  verifyingDisplaySizeFilterFunctionality_Laptop_20-29-42 - [verifyingDisplaySizeFilterFunctionality_Laptop_20-29-42]Found the element returning it ,element ->[[ChromeDriver: chrome on windows (5f28c669577438246038219e80837668)] -> xpath: //span[@class='a-size-base a-color-base puis-bold-weight-text' and text()='Screen Size']]
20:29:50 [TestNG-test-Test-3] INFO  verifyingDisplaySizeFilterFunctionality_Laptop_20-29-42 - [verifyingDisplaySizeFilterFunctionality_Laptop_20-29-42] Successfully scrolled to element: By.xpath: //span[@class='a-size-base a-color-base puis-bold-weight-text' and text()='Screen Size']
20:29:50 [TestNG-test-Test-3] INFO  verifyingDisplaySizeFilterFunctionality_Laptop_20-29-42 - [verifyingDisplaySizeFilterFunctionality_Laptop_20-29-42] Within getMoreButtonByFilterTypeAndName method
20:29:50 [TestNG-test-Test-3] INFO  verifyingDisplaySizeFilterFunctionality_Laptop_20-29-42 - [verifyingDisplaySizeFilterFunctionality_Laptop_20-29-42] could not find more button
20:29:51 [TestNG-test-Test-3] INFO  verifyingDisplaySizeFilterFunctionality_Laptop_20-29-42 - [verifyingDisplaySizeFilterFunctionality_Laptop_20-29-42] Within getAppliedfilterByTypeAndName method
20:29:51 [TestNG-test-Test-3] INFO  verifyingDisplaySizeFilterFunctionality_Laptop_20-29-42 - [verifyingDisplaySizeFilterFunctionality_Laptop_20-29-42] Within smoothScrollToElement method
20:29:51 [TestNG-test-Test-3] INFO  verifyingDisplaySizeFilterFunctionality_Laptop_20-29-42 - [verifyingDisplaySizeFilterFunctionality_Laptop_20-29-42] Within safeFindElement method
20:29:52 [TestNG-test-Test-3] INFO  verifyingDisplaySizeFilterFunctionality_Laptop_20-29-42 - [verifyingDisplaySizeFilterFunctionality_Laptop_20-29-42]Found the element returning it ,element ->[[ChromeDriver: chrome on windows (5f28c669577438246038219e80837668)] -> xpath: //span[@class='a-size-base a-color-base puis-bold-weight-text' and text()='Screen Size']]
20:29:52 [TestNG-test-Test-3] INFO  verifyingDisplaySizeFilterFunctionality_Laptop_20-29-42 - [verifyingDisplaySizeFilterFunctionality_Laptop_20-29-42] Successfully scrolled to element: By.xpath: //span[@class='a-size-base a-color-base puis-bold-weight-text' and text()='Screen Size']
20:29:52 [TestNG-test-Test-3] INFO  verifyingDisplaySizeFilterFunctionality_Laptop_20-29-42 - [verifyingDisplaySizeFilterFunctionality_Laptop_20-29-42] Within getMoreButtonByFilterTypeAndName method
20:29:52 [TestNG-test-Test-3] INFO  verifyingDisplaySizeFilterFunctionality_Laptop_20-29-42 - [verifyingDisplaySizeFilterFunctionality_Laptop_20-29-42] could not find more button
20:29:52 [TestNG-test-Test-3] INFO  verifyingDisplaySizeFilterFunctionality_Laptop_20-29-42 - [verifyingDisplaySizeFilterFunctionality_Laptop_20-29-42] Within getfilterByTypeAndName method
20:29:52 [TestNG-test-Test-3] INFO  verifyingDisplaySizeFilterFunctionality_Laptop_20-29-42 - [verifyingDisplaySizeFilterFunctionality_Laptop_20-29-42] Within smoothScrollToElement method
20:29:52 [TestNG-test-Test-3] INFO  verifyingDisplaySizeFilterFunctionality_Laptop_20-29-42 - [verifyingDisplaySizeFilterFunctionality_Laptop_20-29-42] Within safeFindElement method
20:29:53 [TestNG-test-Test-3] INFO  verifyingDisplaySizeFilterFunctionality_Laptop_20-29-42 - [verifyingDisplaySizeFilterFunctionality_Laptop_20-29-42]Found the element returning it ,element ->[[ChromeDriver: chrome on windows (5f28c669577438246038219e80837668)] -> xpath: //span[@class='a-size-base a-color-base puis-bold-weight-text' and text()='Screen Size']/parent::div/following-sibling::ul//span[@class='a-size-base a-color-base a-text-bold' and text()='Up to 13.9 in']]
20:29:53 [TestNG-test-Test-3] INFO  verifyingDisplaySizeFilterFunctionality_Laptop_20-29-42 - [verifyingDisplaySizeFilterFunctionality_Laptop_20-29-42] Successfully scrolled to element: By.xpath: //span[@class='a-size-base a-color-base puis-bold-weight-text' and text()='Screen Size']/parent::div/following-sibling::ul//span[@class='a-size-base a-color-base a-text-bold' and text()='Up to 13.9 in']
20:29:53 [TestNG-test-Test-3] INFO  verifyingDisplaySizeFilterFunctionality_Laptop_20-29-42 - [verifyingDisplaySizeFilterFunctionality_Laptop_20-29-42] Clicked the element using safe click ,element is [[ChromeDriver: chrome on windows (5f28c669577438246038219e80837668)] -> xpath: //span[@class='a-size-base a-color-base puis-bold-weight-text' and text()='Screen Size']/parent::div/following-sibling::ul//span[@class='a-size-base a-color-base' and text()='Up to 13.9 in']]
20:29:53 [TestNG-test-Test-3] INFO  verifyingDisplaySizeFilterFunctionality_Laptop_20-29-42 - [verifyingDisplaySizeFilterFunctionality_Laptop_20-29-42] Within safeFindElements 
20:29:53 [TestNG-test-Test-3] INFO  verifyingDisplaySizeFilterFunctionality_Laptop_20-29-42 - [verifyingDisplaySizeFilterFunctionality_Laptop_20-29-42] Returning the  [[[ChromeDriver: chrome on windows (5f28c669577438246038219e80837668)] -> xpath: //div[@data-cy='title-recipe']], [[ChromeDriver: chrome on windows (5f28c669577438246038219e80837668)] -> xpath: //div[@data-cy='title-recipe']], [[ChromeDriver: chrome on windows (5f28c669577438246038219e80837668)] -> xpath: //div[@data-cy='title-recipe']], [[ChromeDriver: chrome on windows (5f28c669577438246038219e80837668)] -> xpath: //div[@data-cy='title-recipe']], [[ChromeDriver: chrome on windows (5f28c669577438246038219e80837668)] -> xpath: //div[@data-cy='title-recipe']], [[ChromeDriver: chrome on windows (5f28c669577438246038219e80837668)] -> xpath: //div[@data-cy='title-recipe']], [[ChromeDriver: chrome on windows (5f28c669577438246038219e80837668)] -> xpath: //div[@data-cy='title-recipe']], [[ChromeDriver: chrome on windows (5f28c669577438246038219e80837668)] -> xpath: //div[@data-cy='title-recipe']], [[ChromeDriver: chrome on windows (5f28c669577438246038219e80837668)] -> xpath: //div[@data-cy='title-recipe']], [[ChromeDriver: chrome on windows (5f28c669577438246038219e80837668)] -> xpath: //div[@data-cy='title-recipe']], [[ChromeDriver: chrome on windows (5f28c669577438246038219e80837668)] -> xpath: //div[@data-cy='title-recipe']], [[ChromeDriver: chrome on windows (5f28c669577438246038219e80837668)] -> xpath: //div[@data-cy='title-recipe']], [[ChromeDriver: chrome on windows (5f28c669577438246038219e80837668)] -> xpath: //div[@data-cy='title-recipe']], [[ChromeDriver: chrome on windows (5f28c669577438246038219e80837668)] -> xpath: //div[@data-cy='title-recipe']], [[ChromeDriver: chrome on windows (5f28c669577438246038219e80837668)] -> xpath: //div[@data-cy='title-recipe']], [[ChromeDriver: chrome on windows (5f28c669577438246038219e80837668)] -> xpath: //div[@data-cy='title-recipe']]] from the safeFindElements method
20:29:53 [TestNG-test-Test-3] INFO  verifyingDisplaySizeFilterFunctionality_Laptop_20-29-42 - [verifyingDisplaySizeFilterFunctionality_Laptop_20-29-42] Execution is scheduled type /CRON Job on CI Hence refering to CI keys from UtilData
20:29:53 [TestNG-test-Test-3] INFO  verifyingDisplaySizeFilterFunctionality_Laptop_20-29-42 - [verifyingDisplaySizeFilterFunctionality_Laptop_20-29-42] Within safeFindElements 
20:29:53 [TestNG-test-Test-3] INFO  verifyingDisplaySizeFilterFunctionality_Laptop_20-29-42 - [verifyingDisplaySizeFilterFunctionality_Laptop_20-29-42] Returning the  [[[ChromeDriver: chrome on windows (5f28c669577438246038219e80837668)] -> xpath: //div[@data-cy='title-recipe']], [[ChromeDriver: chrome on windows (5f28c669577438246038219e80837668)] -> xpath: //div[@data-cy='title-recipe']], [[ChromeDriver: chrome on windows (5f28c669577438246038219e80837668)] -> xpath: //div[@data-cy='title-recipe']], [[ChromeDriver: chrome on windows (5f28c669577438246038219e80837668)] -> xpath: //div[@data-cy='title-recipe']], [[ChromeDriver: chrome on windows (5f28c669577438246038219e80837668)] -> xpath: //div[@data-cy='title-recipe']], [[ChromeDriver: chrome on windows (5f28c669577438246038219e80837668)] -> xpath: //div[@data-cy='title-recipe']], [[ChromeDriver: chrome on windows (5f28c669577438246038219e80837668)] -> xpath: //div[@data-cy='title-recipe']], [[ChromeDriver: chrome on windows (5f28c669577438246038219e80837668)] -> xpath: //div[@data-cy='title-recipe']], [[ChromeDriver: chrome on windows (5f28c669577438246038219e80837668)] -> xpath: //div[@data-cy='title-recipe']], [[ChromeDriver: chrome on windows (5f28c669577438246038219e80837668)] -> xpath: //div[@data-cy='title-recipe']], [[ChromeDriver: chrome on windows (5f28c669577438246038219e80837668)] -> xpath: //div[@data-cy='title-recipe']], [[ChromeDriver: chrome on windows (5f28c669577438246038219e80837668)] -> xpath: //div[@data-cy='title-recipe']], [[ChromeDriver: chrome on windows (5f28c669577438246038219e80837668)] -> xpath: //div[@data-cy='title-recipe']], [[ChromeDriver: chrome on windows (5f28c669577438246038219e80837668)] -> xpath: //div[@data-cy='title-recipe']], [[ChromeDriver: chrome on windows (5f28c669577438246038219e80837668)] -> xpath: //div[@data-cy='title-recipe']], [[ChromeDriver: chrome on windows (5f28c669577438246038219e80837668)] -> xpath: //div[@data-cy='title-recipe']]] from the safeFindElements method
20:29:53 [TestNG-test-Test-3] INFO  verifyingDisplaySizeFilterFunctionality_Laptop_20-29-42 - [verifyingDisplaySizeFilterFunctionality_Laptop_20-29-42] Within productNameListingPage loop in applyFilterAndValidateProductsWithResult
20:29:53 [TestNG-test-Test-3] INFO  verifyingDisplaySizeFilterFunctionality_Laptop_20-29-42 - [verifyingDisplaySizeFilterFunctionality_Laptop_20-29-42] Within getProductByIndex method
20:29:53 [TestNG-test-Test-3] INFO  verifyingDisplaySizeFilterFunctionality_Laptop_20-29-42 - [verifyingDisplaySizeFilterFunctionality_Laptop_20-29-42] Within safeFindElement method
20:29:53 [TestNG-test-Test-3] INFO  verifyingDisplaySizeFilterFunctionality_Laptop_20-29-42 - [verifyingDisplaySizeFilterFunctionality_Laptop_20-29-42]Found the element returning it ,element ->[[ChromeDriver: chrome on windows (5f28c669577438246038219e80837668)] -> xpath: (//div[@data-cy='title-recipe'])[1]]
20:29:53 [TestNG-test-Test-3] INFO  verifyingDisplaySizeFilterFunctionality_Laptop_20-29-42 - [verifyingDisplaySizeFilterFunctionality_Laptop_20-29-42] Within getProductByIndex method
20:29:53 [TestNG-test-Test-3] INFO  verifyingDisplaySizeFilterFunctionality_Laptop_20-29-42 - [verifyingDisplaySizeFilterFunctionality_Laptop_20-29-42] Within smoothScrollToElement method
20:29:53 [TestNG-test-Test-3] INFO  verifyingDisplaySizeFilterFunctionality_Laptop_20-29-42 - [verifyingDisplaySizeFilterFunctionality_Laptop_20-29-42] Within safeFindElement method
20:29:53 [TestNG-test-Test-3] INFO  verifyingDisplaySizeFilterFunctionality_Laptop_20-29-42 - [verifyingDisplaySizeFilterFunctionality_Laptop_20-29-42]Found the element returning it ,element ->[[ChromeDriver: chrome on windows (5f28c669577438246038219e80837668)] -> xpath: (//div[@data-cy='title-recipe'])[1]]
20:29:53 [TestNG-test-Test-3] INFO  verifyingDisplaySizeFilterFunctionality_Laptop_20-29-42 - [verifyingDisplaySizeFilterFunctionality_Laptop_20-29-42] Successfully scrolled to element: By.xpath: (//div[@data-cy='title-recipe'])[1]
20:29:53 [TestNG-test-Test-3] INFO  verifyingDisplaySizeFilterFunctionality_Laptop_20-29-42 - [verifyingDisplaySizeFilterFunctionality_Laptop_20-29-42] Getting product by index in productNameListingPage loop
20:29:54 [TestNG-test-Test-3] INFO  verifyingDisplaySizeFilterFunctionality_Laptop_20-29-42 - [verifyingDisplaySizeFilterFunctionality_Laptop_20-29-42] Opened product in new tab via Ctrl+Click inside productNameListingPage loop
20:29:54 [TestNG-test-Test-3] INFO  verifyingDisplaySizeFilterFunctionality_Laptop_20-29-42 - [verifyingDisplaySizeFilterFunctionality_Laptop_20-29-42] Waiting for new window to open...
20:29:54 [TestNG-test-Test-3] INFO  verifyingDisplaySizeFilterFunctionality_Laptop_20-29-42 - [verifyingDisplaySizeFilterFunctionality_Laptop_20-29-42] Switched to new window -> 69713148E02C29776EDD559E05CEF2F1
20:29:54 [TestNG-test-Test-3] INFO  verifyingDisplaySizeFilterFunctionality_Laptop_20-29-42 - [verifyingDisplaySizeFilterFunctionality_Laptop_20-29-42] Swithcing to the new window  within productNameListingPage loop
20:29:54 [TestNG-test-Test-3] INFO  verifyingDisplaySizeFilterFunctionality_Laptop_20-29-42 - [verifyingDisplaySizeFilterFunctionality_Laptop_20-29-42] Clicked product name to open in new tab from productNameListingPage loop
20:29:54 [TestNG-test-Test-3] INFO  verifyingDisplaySizeFilterFunctionality_Laptop_20-29-42 - [verifyingDisplaySizeFilterFunctionality_Laptop_20-29-42] Within safeFindElement method
20:29:58 [TestNG-test-Test-3] INFO  verifyingDisplaySizeFilterFunctionality_Laptop_20-29-42 - [verifyingDisplaySizeFilterFunctionality_Laptop_20-29-42]Found the element returning it ,element ->[[ChromeDriver: chrome on windows (5f28c669577438246038219e80837668)] -> xpath: //span[@id='productTitle']]
20:29:58 [TestNG-test-Test-3] INFO  verifyingDisplaySizeFilterFunctionality_Laptop_20-29-42 - [verifyingDisplaySizeFilterFunctionality_Laptop_20-29-42] Within safeFindElement method
20:29:59 [TestNG-test-Test-3] INFO  verifyingDisplaySizeFilterFunctionality_Laptop_20-29-42 - [verifyingDisplaySizeFilterFunctionality_Laptop_20-29-42]Found the element returning it ,element ->[[ChromeDriver: chrome on windows (5f28c669577438246038219e80837668)] -> xpath: //div[@class='a-section a-spacing-small a-spacing-top-small']]
20:29:59 [TestNG-test-Test-3] INFO  verifyingDisplaySizeFilterFunctionality_Laptop_20-29-42 - [verifyingDisplaySizeFilterFunctionality_Laptop_20-29-42] Within safeFindElement method
20:29:59 [TestNG-test-Test-3] INFO  verifyingDisplaySizeFilterFunctionality_Laptop_20-29-42 - [verifyingDisplaySizeFilterFunctionality_Laptop_20-29-42]Found the element returning it ,element ->[[ChromeDriver: chrome on windows (5f28c669577438246038219e80837668)] -> xpath: //div[@id='feature-bullets']]
20:29:59 [TestNG-test-Test-3] INFO  verifyingDisplaySizeFilterFunctionality_Laptop_20-29-42 - [verifyingDisplaySizeFilterFunctionality_Laptop_20-29-42] Within safeFindElement method
20:29:59 [TestNG-test-Test-3] INFO  verifyingDisplaySizeFilterFunctionality_Laptop_20-29-42 - [verifyingDisplaySizeFilterFunctionality_Laptop_20-29-42]Found the element returning it ,element ->[[ChromeDriver: chrome on windows (5f28c669577438246038219e80837668)] -> xpath: //div[@id='prodDetails']]
20:29:59 [TestNG-test-Test-3] INFO  verifyingDisplaySizeFilterFunctionality_Laptop_20-29-42 - [verifyingDisplaySizeFilterFunctionality_Laptop_20-29-42] Extracting 'name' , 'keyFeatures', 'about' , 'techDetails' within productNameListingPage loop
20:29:59 [TestNG-test-Test-3] INFO  verifyingDisplaySizeFilterFunctionality_Laptop_20-29-42 - [verifyingDisplaySizeFilterFunctionality_Laptop_20-29-42] Waiting until element is visible in viewport
20:30:09 [TestNG-test-Test-3] INFO  verifyingDisplaySizeFilterFunctionality_Laptop_20-29-42 - [verifyingDisplaySizeFilterFunctionality_Laptop_20-29-42] Within smoothScrollToElement method
20:30:09 [TestNG-test-Test-3] INFO  verifyingDisplaySizeFilterFunctionality_Laptop_20-29-42 - [verifyingDisplaySizeFilterFunctionality_Laptop_20-29-42] Within safeFindElement method
20:30:09 [TestNG-test-Test-3] INFO  verifyingDisplaySizeFilterFunctionality_Laptop_20-29-42 - [verifyingDisplaySizeFilterFunctionality_Laptop_20-29-42]Found the element returning it ,element ->[[ChromeDriver: chrome on windows (5f28c669577438246038219e80837668)] -> xpath: //a[@id='seeMoreDetailsLink']]
20:30:09 [TestNG-test-Test-3] INFO  verifyingDisplaySizeFilterFunctionality_Laptop_20-29-42 - [verifyingDisplaySizeFilterFunctionality_Laptop_20-29-42] Successfully scrolled to element: By.xpath: //a[@id='seeMoreDetailsLink']
20:30:09 [TestNG-test-Test-3] INFO  verifyingDisplaySizeFilterFunctionality_Laptop_20-29-42 - [verifyingDisplaySizeFilterFunctionality_Laptop_20-29-42] Within safeClick method
20:30:10 [TestNG-test-Test-3] INFO  verifyingDisplaySizeFilterFunctionality_Laptop_20-29-42 - [verifyingDisplaySizeFilterFunctionality_Laptop_20-29-42] Clicked the  [[ChromeDriver: chrome on windows (5f28c669577438246038219e80837668)] -> xpath: //a[@id='seeMoreDetailsLink']]   using safeClick
20:30:10 [TestNG-test-Test-3] INFO  verifyingDisplaySizeFilterFunctionality_Laptop_20-29-42 - [verifyingDisplaySizeFilterFunctionality_Laptop_20-29-42] Within try block for clicking see more deatils within productNameListingPage loop
20:30:10 [TestNG-test-Test-3] INFO  verifyingDisplaySizeFilterFunctionality_Laptop_20-29-42 - [verifyingDisplaySizeFilterFunctionality_Laptop_20-29-42] Within closeCurrentWindowAndSwitchBack method
20:30:10 [TestNG-test-Test-3] INFO  verifyingDisplaySizeFilterFunctionality_Laptop_20-29-42 - [verifyingDisplaySizeFilterFunctionality_Laptop_20-29-42] Total open windows/tabs count -> 2
20:30:10 [TestNG-test-Test-3] INFO  verifyingDisplaySizeFilterFunctionality_Laptop_20-29-42 - [verifyingDisplaySizeFilterFunctionality_Laptop_20-29-42] Original window handle -> 4FD498FF7C268EAD07E38C1D5D5B2EA7
20:30:10 [TestNG-test-Test-3] INFO  verifyingDisplaySizeFilterFunctionality_Laptop_20-29-42 - [verifyingDisplaySizeFilterFunctionality_Laptop_20-29-42] Found new tab/window handle -> 69713148E02C29776EDD559E05CEF2F1 (will be closed)
20:30:10 [TestNG-test-Test-3] INFO  verifyingDisplaySizeFilterFunctionality_Laptop_20-29-42 - [verifyingDisplaySizeFilterFunctionality_Laptop_20-29-42] Successfully switched to new tab/window -> 69713148E02C29776EDD559E05CEF2F1
20:30:10 [TestNG-test-Test-3] INFO  verifyingDisplaySizeFilterFunctionality_Laptop_20-29-42 - [verifyingDisplaySizeFilterFunctionality_Laptop_20-29-42] Closed the newly opened tab/window -> 69713148E02C29776EDD559E05CEF2F1
20:30:10 [TestNG-test-Test-3] INFO  verifyingDisplaySizeFilterFunctionality_Laptop_20-29-42 - [verifyingDisplaySizeFilterFunctionality_Laptop_20-29-42] Switched back to the original window -> 4FD498FF7C268EAD07E38C1D5D5B2EA7
20:30:10 [TestNG-test-Test-3] INFO  verifyingDisplaySizeFilterFunctionality_Laptop_20-29-42 - [verifyingDisplaySizeFilterFunctionality_Laptop_20-29-42]  going back to product listing via closeCurrentWindowAndSwitchBack 
20:30:10 [TestNG-test-Test-3] INFO  verifyingDisplaySizeFilterFunctionality_Laptop_20-29-42 - [verifyingDisplaySizeFilterFunctionality_Laptop_20-29-42]  Added 'filter','title','keyFeatures', 'about', 'techDetails' into the Map -> productResult
20:30:10 [TestNG-test-Test-3] INFO  verifyingDisplaySizeFilterFunctionality_Laptop_20-29-42 - [verifyingDisplaySizeFilterFunctionality_Laptop_20-29-42]  Added 'productResult' Map into the 'results' i.e list of maps 
20:30:10 [TestNG-test-Test-3] INFO  verifyingDisplaySizeFilterFunctionality_Laptop_20-29-42 - [verifyingDisplaySizeFilterFunctionality_Laptop_20-29-42]==========================================================================================================
20:30:10 [TestNG-test-Test-3] INFO  verifyingDisplaySizeFilterFunctionality_Laptop_20-29-42 - [verifyingDisplaySizeFilterFunctionality_Laptop_20-29-42] Within safeFindElements 
20:30:10 [TestNG-test-Test-3] INFO  verifyingDisplaySizeFilterFunctionality_Laptop_20-29-42 - [verifyingDisplaySizeFilterFunctionality_Laptop_20-29-42] Returning the  [[[ChromeDriver: chrome on windows (5f28c669577438246038219e80837668)] -> xpath: //div[@data-cy='title-recipe']], [[ChromeDriver: chrome on windows (5f28c669577438246038219e80837668)] -> xpath: //div[@data-cy='title-recipe']], [[ChromeDriver: chrome on windows (5f28c669577438246038219e80837668)] -> xpath: //div[@data-cy='title-recipe']], [[ChromeDriver: chrome on windows (5f28c669577438246038219e80837668)] -> xpath: //div[@data-cy='title-recipe']], [[ChromeDriver: chrome on windows (5f28c669577438246038219e80837668)] -> xpath: //div[@data-cy='title-recipe']], [[ChromeDriver: chrome on windows (5f28c669577438246038219e80837668)] -> xpath: //div[@data-cy='title-recipe']], [[ChromeDriver: chrome on windows (5f28c669577438246038219e80837668)] -> xpath: //div[@data-cy='title-recipe']], [[ChromeDriver: chrome on windows (5f28c669577438246038219e80837668)] -> xpath: //div[@data-cy='title-recipe']], [[ChromeDriver: chrome on windows (5f28c669577438246038219e80837668)] -> xpath: //div[@data-cy='title-recipe']], [[ChromeDriver: chrome on windows (5f28c669577438246038219e80837668)] -> xpath: //div[@data-cy='title-recipe']], [[ChromeDriver: chrome on windows (5f28c669577438246038219e80837668)] -> xpath: //div[@data-cy='title-recipe']], [[ChromeDriver: chrome on windows (5f28c669577438246038219e80837668)] -> xpath: //div[@data-cy='title-recipe']], [[ChromeDriver: chrome on windows (5f28c669577438246038219e80837668)] -> xpath: //div[@data-cy='title-recipe']], [[ChromeDriver: chrome on windows (5f28c669577438246038219e80837668)] -> xpath: //div[@data-cy='title-recipe']], [[ChromeDriver: chrome on windows (5f28c669577438246038219e80837668)] -> xpath: //div[@data-cy='title-recipe']], [[ChromeDriver: chrome on windows (5f28c669577438246038219e80837668)] -> xpath: //div[@data-cy='title-recipe']]] from the safeFindElements method
20:30:10 [TestNG-test-Test-3] INFO  verifyingDisplaySizeFilterFunctionality_Laptop_20-29-42 - [verifyingDisplaySizeFilterFunctionality_Laptop_20-29-42] Within productNameListingPage loop in applyFilterAndValidateProductsWithResult
20:30:10 [TestNG-test-Test-3] INFO  verifyingDisplaySizeFilterFunctionality_Laptop_20-29-42 - [verifyingDisplaySizeFilterFunctionality_Laptop_20-29-42] Within getProductByIndex method
20:30:10 [TestNG-test-Test-3] INFO  verifyingDisplaySizeFilterFunctionality_Laptop_20-29-42 - [verifyingDisplaySizeFilterFunctionality_Laptop_20-29-42] Within safeFindElement method
20:30:10 [TestNG-test-Test-3] INFO  verifyingDisplaySizeFilterFunctionality_Laptop_20-29-42 - [verifyingDisplaySizeFilterFunctionality_Laptop_20-29-42]Found the element returning it ,element ->[[ChromeDriver: chrome on windows (5f28c669577438246038219e80837668)] -> xpath: (//div[@data-cy='title-recipe'])[2]]
20:30:10 [TestNG-test-Test-3] INFO  verifyingDisplaySizeFilterFunctionality_Laptop_20-29-42 - [verifyingDisplaySizeFilterFunctionality_Laptop_20-29-42] Within getProductByIndex method
20:30:10 [TestNG-test-Test-3] INFO  verifyingDisplaySizeFilterFunctionality_Laptop_20-29-42 - [verifyingDisplaySizeFilterFunctionality_Laptop_20-29-42] Within smoothScrollToElement method
20:30:10 [TestNG-test-Test-3] INFO  verifyingDisplaySizeFilterFunctionality_Laptop_20-29-42 - [verifyingDisplaySizeFilterFunctionality_Laptop_20-29-42] Within safeFindElement method
20:30:10 [TestNG-test-Test-3] INFO  verifyingDisplaySizeFilterFunctionality_Laptop_20-29-42 - [verifyingDisplaySizeFilterFunctionality_Laptop_20-29-42]Found the element returning it ,element ->[[ChromeDriver: chrome on windows (5f28c669577438246038219e80837668)] -> xpath: (//div[@data-cy='title-recipe'])[2]]
20:30:10 [TestNG-test-Test-3] INFO  verifyingDisplaySizeFilterFunctionality_Laptop_20-29-42 - [verifyingDisplaySizeFilterFunctionality_Laptop_20-29-42] Successfully scrolled to element: By.xpath: (//div[@data-cy='title-recipe'])[2]
20:30:10 [TestNG-test-Test-3] INFO  verifyingDisplaySizeFilterFunctionality_Laptop_20-29-42 - [verifyingDisplaySizeFilterFunctionality_Laptop_20-29-42] Getting product by index in productNameListingPage loop
20:30:10 [TestNG-test-Test-3] INFO  verifyingDisplaySizeFilterFunctionality_Laptop_20-29-42 - [verifyingDisplaySizeFilterFunctionality_Laptop_20-29-42] Opened product in new tab via Ctrl+Click inside productNameListingPage loop
20:30:10 [TestNG-test-Test-3] INFO  verifyingDisplaySizeFilterFunctionality_Laptop_20-29-42 - [verifyingDisplaySizeFilterFunctionality_Laptop_20-29-42] Waiting for new window to open...
20:30:10 [TestNG-test-Test-3] INFO  verifyingDisplaySizeFilterFunctionality_Laptop_20-29-42 - [verifyingDisplaySizeFilterFunctionality_Laptop_20-29-42] Switched to new window -> 69544A8725167AC92AF40B35B3DC2EFA
20:30:10 [TestNG-test-Test-3] INFO  verifyingDisplaySizeFilterFunctionality_Laptop_20-29-42 - [verifyingDisplaySizeFilterFunctionality_Laptop_20-29-42] Swithcing to the new window  within productNameListingPage loop
20:30:10 [TestNG-test-Test-3] INFO  verifyingDisplaySizeFilterFunctionality_Laptop_20-29-42 - [verifyingDisplaySizeFilterFunctionality_Laptop_20-29-42] Clicked product name to open in new tab from productNameListingPage loop
20:30:10 [TestNG-test-Test-3] INFO  verifyingDisplaySizeFilterFunctionality_Laptop_20-29-42 - [verifyingDisplaySizeFilterFunctionality_Laptop_20-29-42] Within safeFindElement method
20:30:13 [TestNG-test-Test-3] INFO  verifyingDisplaySizeFilterFunctionality_Laptop_20-29-42 - [verifyingDisplaySizeFilterFunctionality_Laptop_20-29-42]Found the element returning it ,element ->[[ChromeDriver: chrome on windows (5f28c669577438246038219e80837668)] -> xpath: //span[@id='productTitle']]
20:30:13 [TestNG-test-Test-3] INFO  verifyingDisplaySizeFilterFunctionality_Laptop_20-29-42 - [verifyingDisplaySizeFilterFunctionality_Laptop_20-29-42] Within safeFindElement method
20:30:13 [TestNG-test-Test-3] INFO  verifyingDisplaySizeFilterFunctionality_Laptop_20-29-42 - [verifyingDisplaySizeFilterFunctionality_Laptop_20-29-42]Found the element returning it ,element ->[[ChromeDriver: chrome on windows (5f28c669577438246038219e80837668)] -> xpath: //div[@class='a-section a-spacing-small a-spacing-top-small']]
20:30:13 [TestNG-test-Test-3] INFO  verifyingDisplaySizeFilterFunctionality_Laptop_20-29-42 - [verifyingDisplaySizeFilterFunctionality_Laptop_20-29-42] Within safeFindElement method
20:30:13 [TestNG-test-Test-3] INFO  verifyingDisplaySizeFilterFunctionality_Laptop_20-29-42 - [verifyingDisplaySizeFilterFunctionality_Laptop_20-29-42]Found the element returning it ,element ->[[ChromeDriver: chrome on windows (5f28c669577438246038219e80837668)] -> xpath: //div[@id='feature-bullets']]
20:30:14 [TestNG-test-Test-3] INFO  verifyingDisplaySizeFilterFunctionality_Laptop_20-29-42 - [verifyingDisplaySizeFilterFunctionality_Laptop_20-29-42] Within safeFindElement method
20:30:14 [TestNG-test-Test-3] INFO  verifyingDisplaySizeFilterFunctionality_Laptop_20-29-42 - [verifyingDisplaySizeFilterFunctionality_Laptop_20-29-42]Found the element returning it ,element ->[[ChromeDriver: chrome on windows (5f28c669577438246038219e80837668)] -> xpath: //div[@id='prodDetails']]
20:30:14 [TestNG-test-Test-3] INFO  verifyingDisplaySizeFilterFunctionality_Laptop_20-29-42 - [verifyingDisplaySizeFilterFunctionality_Laptop_20-29-42] Extracting 'name' , 'keyFeatures', 'about' , 'techDetails' within productNameListingPage loop
20:30:14 [TestNG-test-Test-3] INFO  verifyingDisplaySizeFilterFunctionality_Laptop_20-29-42 - [verifyingDisplaySizeFilterFunctionality_Laptop_20-29-42] Waiting until element is visible in viewport
20:30:14 [TestNG-test-Test-3] INFO  verifyingDisplaySizeFilterFunctionality_Laptop_20-29-42 - [verifyingDisplaySizeFilterFunctionality_Laptop_20-29-42] Within smoothScrollToElement method
20:30:14 [TestNG-test-Test-3] INFO  verifyingDisplaySizeFilterFunctionality_Laptop_20-29-42 - [verifyingDisplaySizeFilterFunctionality_Laptop_20-29-42] Within safeFindElement method
20:30:14 [TestNG-test-Test-3] INFO  verifyingDisplaySizeFilterFunctionality_Laptop_20-29-42 - [verifyingDisplaySizeFilterFunctionality_Laptop_20-29-42]Found the element returning it ,element ->[[ChromeDriver: chrome on windows (5f28c669577438246038219e80837668)] -> xpath: //a[@id='seeMoreDetailsLink']]
20:30:14 [TestNG-test-Test-3] INFO  verifyingDisplaySizeFilterFunctionality_Laptop_20-29-42 - [verifyingDisplaySizeFilterFunctionality_Laptop_20-29-42] Successfully scrolled to element: By.xpath: //a[@id='seeMoreDetailsLink']
20:30:14 [TestNG-test-Test-3] INFO  verifyingDisplaySizeFilterFunctionality_Laptop_20-29-42 - [verifyingDisplaySizeFilterFunctionality_Laptop_20-29-42] Within safeClick method
20:30:14 [TestNG-test-Test-3] INFO  verifyingDisplaySizeFilterFunctionality_Laptop_20-29-42 - [verifyingDisplaySizeFilterFunctionality_Laptop_20-29-42] Clicked the  [[ChromeDriver: chrome on windows (5f28c669577438246038219e80837668)] -> xpath: //a[@id='seeMoreDetailsLink']]   using safeClick
20:30:14 [TestNG-test-Test-3] INFO  verifyingDisplaySizeFilterFunctionality_Laptop_20-29-42 - [verifyingDisplaySizeFilterFunctionality_Laptop_20-29-42] Within try block for clicking see more deatils within productNameListingPage loop
20:30:14 [TestNG-test-Test-3] INFO  verifyingDisplaySizeFilterFunctionality_Laptop_20-29-42 - [verifyingDisplaySizeFilterFunctionality_Laptop_20-29-42] Within closeCurrentWindowAndSwitchBack method
20:30:14 [TestNG-test-Test-3] INFO  verifyingDisplaySizeFilterFunctionality_Laptop_20-29-42 - [verifyingDisplaySizeFilterFunctionality_Laptop_20-29-42] Total open windows/tabs count -> 2
20:30:14 [TestNG-test-Test-3] INFO  verifyingDisplaySizeFilterFunctionality_Laptop_20-29-42 - [verifyingDisplaySizeFilterFunctionality_Laptop_20-29-42] Original window handle -> 4FD498FF7C268EAD07E38C1D5D5B2EA7
20:30:14 [TestNG-test-Test-3] INFO  verifyingDisplaySizeFilterFunctionality_Laptop_20-29-42 - [verifyingDisplaySizeFilterFunctionality_Laptop_20-29-42] Found new tab/window handle -> 69544A8725167AC92AF40B35B3DC2EFA (will be closed)
20:30:14 [TestNG-test-Test-3] INFO  verifyingDisplaySizeFilterFunctionality_Laptop_20-29-42 - [verifyingDisplaySizeFilterFunctionality_Laptop_20-29-42] Successfully switched to new tab/window -> 69544A8725167AC92AF40B35B3DC2EFA
20:30:14 [TestNG-test-Test-3] INFO  verifyingDisplaySizeFilterFunctionality_Laptop_20-29-42 - [verifyingDisplaySizeFilterFunctionality_Laptop_20-29-42] Closed the newly opened tab/window -> 69544A8725167AC92AF40B35B3DC2EFA
20:30:14 [TestNG-test-Test-3] INFO  verifyingDisplaySizeFilterFunctionality_Laptop_20-29-42 - [verifyingDisplaySizeFilterFunctionality_Laptop_20-29-42] Switched back to the original window -> 4FD498FF7C268EAD07E38C1D5D5B2EA7
20:30:14 [TestNG-test-Test-3] INFO  verifyingDisplaySizeFilterFunctionality_Laptop_20-29-42 - [verifyingDisplaySizeFilterFunctionality_Laptop_20-29-42]  going back to product listing via closeCurrentWindowAndSwitchBack 
20:30:14 [TestNG-test-Test-3] INFO  verifyingDisplaySizeFilterFunctionality_Laptop_20-29-42 - [verifyingDisplaySizeFilterFunctionality_Laptop_20-29-42]  Added 'filter','title','keyFeatures', 'about', 'techDetails' into the Map -> productResult
20:30:14 [TestNG-test-Test-3] INFO  verifyingDisplaySizeFilterFunctionality_Laptop_20-29-42 - [verifyingDisplaySizeFilterFunctionality_Laptop_20-29-42]  Added 'productResult' Map into the 'results' i.e list of maps 
20:30:14 [TestNG-test-Test-3] INFO  verifyingDisplaySizeFilterFunctionality_Laptop_20-29-42 - [verifyingDisplaySizeFilterFunctionality_Laptop_20-29-42]==========================================================================================================
20:30:14 [TestNG-test-Test-3] INFO  verifyingDisplaySizeFilterFunctionality_Laptop_20-29-42 - [verifyingDisplaySizeFilterFunctionality_Laptop_20-29-42] Within safeFindElements 
20:30:14 [TestNG-test-Test-3] INFO  verifyingDisplaySizeFilterFunctionality_Laptop_20-29-42 - [verifyingDisplaySizeFilterFunctionality_Laptop_20-29-42] Returning the  [[[ChromeDriver: chrome on windows (5f28c669577438246038219e80837668)] -> xpath: //div[@data-cy='title-recipe']], [[ChromeDriver: chrome on windows (5f28c669577438246038219e80837668)] -> xpath: //div[@data-cy='title-recipe']], [[ChromeDriver: chrome on windows (5f28c669577438246038219e80837668)] -> xpath: //div[@data-cy='title-recipe']], [[ChromeDriver: chrome on windows (5f28c669577438246038219e80837668)] -> xpath: //div[@data-cy='title-recipe']], [[ChromeDriver: chrome on windows (5f28c669577438246038219e80837668)] -> xpath: //div[@data-cy='title-recipe']], [[ChromeDriver: chrome on windows (5f28c669577438246038219e80837668)] -> xpath: //div[@data-cy='title-recipe']], [[ChromeDriver: chrome on windows (5f28c669577438246038219e80837668)] -> xpath: //div[@data-cy='title-recipe']], [[ChromeDriver: chrome on windows (5f28c669577438246038219e80837668)] -> xpath: //div[@data-cy='title-recipe']], [[ChromeDriver: chrome on windows (5f28c669577438246038219e80837668)] -> xpath: //div[@data-cy='title-recipe']], [[ChromeDriver: chrome on windows (5f28c669577438246038219e80837668)] -> xpath: //div[@data-cy='title-recipe']], [[ChromeDriver: chrome on windows (5f28c669577438246038219e80837668)] -> xpath: //div[@data-cy='title-recipe']], [[ChromeDriver: chrome on windows (5f28c669577438246038219e80837668)] -> xpath: //div[@data-cy='title-recipe']], [[ChromeDriver: chrome on windows (5f28c669577438246038219e80837668)] -> xpath: //div[@data-cy='title-recipe']], [[ChromeDriver: chrome on windows (5f28c669577438246038219e80837668)] -> xpath: //div[@data-cy='title-recipe']], [[ChromeDriver: chrome on windows (5f28c669577438246038219e80837668)] -> xpath: //div[@data-cy='title-recipe']], [[ChromeDriver: chrome on windows (5f28c669577438246038219e80837668)] -> xpath: //div[@data-cy='title-recipe']]] from the safeFindElements method
20:30:14 [TestNG-test-Test-3] INFO  verifyingDisplaySizeFilterFunctionality_Laptop_20-29-42 - [verifyingDisplaySizeFilterFunctionality_Laptop_20-29-42] Within productNameListingPage loop in applyFilterAndValidateProductsWithResult
20:30:14 [TestNG-test-Test-3] INFO  verifyingDisplaySizeFilterFunctionality_Laptop_20-29-42 - [verifyingDisplaySizeFilterFunctionality_Laptop_20-29-42] Within getProductByIndex method
20:30:14 [TestNG-test-Test-3] INFO  verifyingDisplaySizeFilterFunctionality_Laptop_20-29-42 - [verifyingDisplaySizeFilterFunctionality_Laptop_20-29-42] Within safeFindElement method
20:30:14 [TestNG-test-Test-3] INFO  verifyingDisplaySizeFilterFunctionality_Laptop_20-29-42 - [verifyingDisplaySizeFilterFunctionality_Laptop_20-29-42]Found the element returning it ,element ->[[ChromeDriver: chrome on windows (5f28c669577438246038219e80837668)] -> xpath: (//div[@data-cy='title-recipe'])[3]]
20:30:14 [TestNG-test-Test-3] INFO  verifyingDisplaySizeFilterFunctionality_Laptop_20-29-42 - [verifyingDisplaySizeFilterFunctionality_Laptop_20-29-42] Within getProductByIndex method
20:30:14 [TestNG-test-Test-3] INFO  verifyingDisplaySizeFilterFunctionality_Laptop_20-29-42 - [verifyingDisplaySizeFilterFunctionality_Laptop_20-29-42] Within smoothScrollToElement method
20:30:14 [TestNG-test-Test-3] INFO  verifyingDisplaySizeFilterFunctionality_Laptop_20-29-42 - [verifyingDisplaySizeFilterFunctionality_Laptop_20-29-42] Within safeFindElement method
20:30:14 [TestNG-test-Test-3] INFO  verifyingDisplaySizeFilterFunctionality_Laptop_20-29-42 - [verifyingDisplaySizeFilterFunctionality_Laptop_20-29-42]Found the element returning it ,element ->[[ChromeDriver: chrome on windows (5f28c669577438246038219e80837668)] -> xpath: (//div[@data-cy='title-recipe'])[3]]
20:30:15 [TestNG-test-Test-3] INFO  verifyingDisplaySizeFilterFunctionality_Laptop_20-29-42 - [verifyingDisplaySizeFilterFunctionality_Laptop_20-29-42] Successfully scrolled to element: By.xpath: (//div[@data-cy='title-recipe'])[3]
20:30:15 [TestNG-test-Test-3] INFO  verifyingDisplaySizeFilterFunctionality_Laptop_20-29-42 - [verifyingDisplaySizeFilterFunctionality_Laptop_20-29-42] Getting product by index in productNameListingPage loop
20:30:15 [TestNG-test-Test-3] INFO  verifyingDisplaySizeFilterFunctionality_Laptop_20-29-42 - [verifyingDisplaySizeFilterFunctionality_Laptop_20-29-42] Opened product in new tab via Ctrl+Click inside productNameListingPage loop
20:30:15 [TestNG-test-Test-3] INFO  verifyingDisplaySizeFilterFunctionality_Laptop_20-29-42 - [verifyingDisplaySizeFilterFunctionality_Laptop_20-29-42] Waiting for new window to open...
20:30:15 [TestNG-test-Test-3] INFO  verifyingDisplaySizeFilterFunctionality_Laptop_20-29-42 - [verifyingDisplaySizeFilterFunctionality_Laptop_20-29-42] Switched to new window -> A4F551A07EDA570376E7C0CDD98CD1D7
20:30:15 [TestNG-test-Test-3] INFO  verifyingDisplaySizeFilterFunctionality_Laptop_20-29-42 - [verifyingDisplaySizeFilterFunctionality_Laptop_20-29-42] Swithcing to the new window  within productNameListingPage loop
20:30:15 [TestNG-test-Test-3] INFO  verifyingDisplaySizeFilterFunctionality_Laptop_20-29-42 - [verifyingDisplaySizeFilterFunctionality_Laptop_20-29-42] Clicked product name to open in new tab from productNameListingPage loop
20:30:15 [TestNG-test-Test-3] INFO  verifyingDisplaySizeFilterFunctionality_Laptop_20-29-42 - [verifyingDisplaySizeFilterFunctionality_Laptop_20-29-42] Within safeFindElement method
20:30:18 [TestNG-test-Test-3] INFO  verifyingDisplaySizeFilterFunctionality_Laptop_20-29-42 - [verifyingDisplaySizeFilterFunctionality_Laptop_20-29-42]Found the element returning it ,element ->[[ChromeDriver: chrome on windows (5f28c669577438246038219e80837668)] -> xpath: //span[@id='productTitle']]
20:30:18 [TestNG-test-Test-3] INFO  verifyingDisplaySizeFilterFunctionality_Laptop_20-29-42 - [verifyingDisplaySizeFilterFunctionality_Laptop_20-29-42] Within safeFindElement method
20:30:18 [TestNG-test-Test-3] INFO  verifyingDisplaySizeFilterFunctionality_Laptop_20-29-42 - [verifyingDisplaySizeFilterFunctionality_Laptop_20-29-42]Found the element returning it ,element ->[[ChromeDriver: chrome on windows (5f28c669577438246038219e80837668)] -> xpath: //div[@class='a-section a-spacing-small a-spacing-top-small']]
20:30:18 [TestNG-test-Test-3] INFO  verifyingDisplaySizeFilterFunctionality_Laptop_20-29-42 - [verifyingDisplaySizeFilterFunctionality_Laptop_20-29-42] Within safeFindElement method
20:30:19 [TestNG-test-Test-3] INFO  verifyingDisplaySizeFilterFunctionality_Laptop_20-29-42 - [verifyingDisplaySizeFilterFunctionality_Laptop_20-29-42]Found the element returning it ,element ->[[ChromeDriver: chrome on windows (5f28c669577438246038219e80837668)] -> xpath: //div[@id='feature-bullets']]
20:30:19 [TestNG-test-Test-3] INFO  verifyingDisplaySizeFilterFunctionality_Laptop_20-29-42 - [verifyingDisplaySizeFilterFunctionality_Laptop_20-29-42] Within safeFindElement method
20:30:19 [TestNG-test-Test-3] INFO  verifyingDisplaySizeFilterFunctionality_Laptop_20-29-42 - [verifyingDisplaySizeFilterFunctionality_Laptop_20-29-42]Found the element returning it ,element ->[[ChromeDriver: chrome on windows (5f28c669577438246038219e80837668)] -> xpath: //div[@id='prodDetails']]
20:30:19 [TestNG-test-Test-3] INFO  verifyingDisplaySizeFilterFunctionality_Laptop_20-29-42 - [verifyingDisplaySizeFilterFunctionality_Laptop_20-29-42] Extracting 'name' , 'keyFeatures', 'about' , 'techDetails' within productNameListingPage loop
20:30:19 [TestNG-test-Test-3] INFO  verifyingDisplaySizeFilterFunctionality_Laptop_20-29-42 - [verifyingDisplaySizeFilterFunctionality_Laptop_20-29-42] Waiting until element is visible in viewport
20:30:19 [TestNG-test-Test-3] INFO  verifyingDisplaySizeFilterFunctionality_Laptop_20-29-42 - [verifyingDisplaySizeFilterFunctionality_Laptop_20-29-42] Within smoothScrollToElement method
20:30:19 [TestNG-test-Test-3] INFO  verifyingDisplaySizeFilterFunctionality_Laptop_20-29-42 - [verifyingDisplaySizeFilterFunctionality_Laptop_20-29-42] Within safeFindElement method
20:30:19 [TestNG-test-Test-3] INFO  verifyingDisplaySizeFilterFunctionality_Laptop_20-29-42 - [verifyingDisplaySizeFilterFunctionality_Laptop_20-29-42]Found the element returning it ,element ->[[ChromeDriver: chrome on windows (5f28c669577438246038219e80837668)] -> xpath: //a[@id='seeMoreDetailsLink']]
20:30:19 [TestNG-test-Test-3] INFO  verifyingDisplaySizeFilterFunctionality_Laptop_20-29-42 - [verifyingDisplaySizeFilterFunctionality_Laptop_20-29-42] Successfully scrolled to element: By.xpath: //a[@id='seeMoreDetailsLink']
20:30:19 [TestNG-test-Test-3] INFO  verifyingDisplaySizeFilterFunctionality_Laptop_20-29-42 - [verifyingDisplaySizeFilterFunctionality_Laptop_20-29-42] Within safeClick method
20:30:19 [TestNG-test-Test-3] INFO  verifyingDisplaySizeFilterFunctionality_Laptop_20-29-42 - [verifyingDisplaySizeFilterFunctionality_Laptop_20-29-42] Clicked the  [[ChromeDriver: chrome on windows (5f28c669577438246038219e80837668)] -> xpath: //a[@id='seeMoreDetailsLink']]   using safeClick
20:30:19 [TestNG-test-Test-3] INFO  verifyingDisplaySizeFilterFunctionality_Laptop_20-29-42 - [verifyingDisplaySizeFilterFunctionality_Laptop_20-29-42] Within try block for clicking see more deatils within productNameListingPage loop
20:30:19 [TestNG-test-Test-3] INFO  verifyingDisplaySizeFilterFunctionality_Laptop_20-29-42 - [verifyingDisplaySizeFilterFunctionality_Laptop_20-29-42] Within closeCurrentWindowAndSwitchBack method
20:30:19 [TestNG-test-Test-3] INFO  verifyingDisplaySizeFilterFunctionality_Laptop_20-29-42 - [verifyingDisplaySizeFilterFunctionality_Laptop_20-29-42] Total open windows/tabs count -> 2
20:30:19 [TestNG-test-Test-3] INFO  verifyingDisplaySizeFilterFunctionality_Laptop_20-29-42 - [verifyingDisplaySizeFilterFunctionality_Laptop_20-29-42] Original window handle -> 4FD498FF7C268EAD07E38C1D5D5B2EA7
20:30:19 [TestNG-test-Test-3] INFO  verifyingDisplaySizeFilterFunctionality_Laptop_20-29-42 - [verifyingDisplaySizeFilterFunctionality_Laptop_20-29-42] Found new tab/window handle -> A4F551A07EDA570376E7C0CDD98CD1D7 (will be closed)
20:30:19 [TestNG-test-Test-3] INFO  verifyingDisplaySizeFilterFunctionality_Laptop_20-29-42 - [verifyingDisplaySizeFilterFunctionality_Laptop_20-29-42] Successfully switched to new tab/window -> A4F551A07EDA570376E7C0CDD98CD1D7
20:30:19 [TestNG-test-Test-3] INFO  verifyingDisplaySizeFilterFunctionality_Laptop_20-29-42 - [verifyingDisplaySizeFilterFunctionality_Laptop_20-29-42] Closed the newly opened tab/window -> A4F551A07EDA570376E7C0CDD98CD1D7
20:30:19 [TestNG-test-Test-3] INFO  verifyingDisplaySizeFilterFunctionality_Laptop_20-29-42 - [verifyingDisplaySizeFilterFunctionality_Laptop_20-29-42] Switched back to the original window -> 4FD498FF7C268EAD07E38C1D5D5B2EA7
20:30:19 [TestNG-test-Test-3] INFO  verifyingDisplaySizeFilterFunctionality_Laptop_20-29-42 - [verifyingDisplaySizeFilterFunctionality_Laptop_20-29-42]  going back to product listing via closeCurrentWindowAndSwitchBack 
20:30:19 [TestNG-test-Test-3] INFO  verifyingDisplaySizeFilterFunctionality_Laptop_20-29-42 - [verifyingDisplaySizeFilterFunctionality_Laptop_20-29-42]  Added 'filter','title','keyFeatures', 'about', 'techDetails' into the Map -> productResult
20:30:19 [TestNG-test-Test-3] INFO  verifyingDisplaySizeFilterFunctionality_Laptop_20-29-42 - [verifyingDisplaySizeFilterFunctionality_Laptop_20-29-42]  Added 'productResult' Map into the 'results' i.e list of maps 
20:30:19 [TestNG-test-Test-3] INFO  verifyingDisplaySizeFilterFunctionality_Laptop_20-29-42 - [verifyingDisplaySizeFilterFunctionality_Laptop_20-29-42]==========================================================================================================
20:30:19 [TestNG-test-Test-3] INFO  verifyingDisplaySizeFilterFunctionality_Laptop_20-29-42 - [verifyingDisplaySizeFilterFunctionality_Laptop_20-29-42] Within safeFindElements 
20:30:19 [TestNG-test-Test-3] INFO  verifyingDisplaySizeFilterFunctionality_Laptop_20-29-42 - [verifyingDisplaySizeFilterFunctionality_Laptop_20-29-42] Returning the  [[[ChromeDriver: chrome on windows (5f28c669577438246038219e80837668)] -> xpath: //div[@data-cy='title-recipe']], [[ChromeDriver: chrome on windows (5f28c669577438246038219e80837668)] -> xpath: //div[@data-cy='title-recipe']], [[ChromeDriver: chrome on windows (5f28c669577438246038219e80837668)] -> xpath: //div[@data-cy='title-recipe']], [[ChromeDriver: chrome on windows (5f28c669577438246038219e80837668)] -> xpath: //div[@data-cy='title-recipe']], [[ChromeDriver: chrome on windows (5f28c669577438246038219e80837668)] -> xpath: //div[@data-cy='title-recipe']], [[ChromeDriver: chrome on windows (5f28c669577438246038219e80837668)] -> xpath: //div[@data-cy='title-recipe']], [[ChromeDriver: chrome on windows (5f28c669577438246038219e80837668)] -> xpath: //div[@data-cy='title-recipe']], [[ChromeDriver: chrome on windows (5f28c669577438246038219e80837668)] -> xpath: //div[@data-cy='title-recipe']], [[ChromeDriver: chrome on windows (5f28c669577438246038219e80837668)] -> xpath: //div[@data-cy='title-recipe']], [[ChromeDriver: chrome on windows (5f28c669577438246038219e80837668)] -> xpath: //div[@data-cy='title-recipe']], [[ChromeDriver: chrome on windows (5f28c669577438246038219e80837668)] -> xpath: //div[@data-cy='title-recipe']], [[ChromeDriver: chrome on windows (5f28c669577438246038219e80837668)] -> xpath: //div[@data-cy='title-recipe']], [[ChromeDriver: chrome on windows (5f28c669577438246038219e80837668)] -> xpath: //div[@data-cy='title-recipe']], [[ChromeDriver: chrome on windows (5f28c669577438246038219e80837668)] -> xpath: //div[@data-cy='title-recipe']], [[ChromeDriver: chrome on windows (5f28c669577438246038219e80837668)] -> xpath: //div[@data-cy='title-recipe']], [[ChromeDriver: chrome on windows (5f28c669577438246038219e80837668)] -> xpath: //div[@data-cy='title-recipe']]] from the safeFindElements method
20:30:19 [TestNG-test-Test-3] INFO  verifyingDisplaySizeFilterFunctionality_Laptop_20-29-42 - [verifyingDisplaySizeFilterFunctionality_Laptop_20-29-42] Within productNameListingPage loop in applyFilterAndValidateProductsWithResult
20:30:19 [TestNG-test-Test-3] INFO  verifyingDisplaySizeFilterFunctionality_Laptop_20-29-42 - [verifyingDisplaySizeFilterFunctionality_Laptop_20-29-42] Within getProductByIndex method
20:30:19 [TestNG-test-Test-3] INFO  verifyingDisplaySizeFilterFunctionality_Laptop_20-29-42 - [verifyingDisplaySizeFilterFunctionality_Laptop_20-29-42] Within safeFindElement method
20:30:19 [TestNG-test-Test-3] INFO  verifyingDisplaySizeFilterFunctionality_Laptop_20-29-42 - [verifyingDisplaySizeFilterFunctionality_Laptop_20-29-42]Found the element returning it ,element ->[[ChromeDriver: chrome on windows (5f28c669577438246038219e80837668)] -> xpath: (//div[@data-cy='title-recipe'])[4]]
20:30:19 [TestNG-test-Test-3] INFO  verifyingDisplaySizeFilterFunctionality_Laptop_20-29-42 - [verifyingDisplaySizeFilterFunctionality_Laptop_20-29-42] Within getProductByIndex method
20:30:19 [TestNG-test-Test-3] INFO  verifyingDisplaySizeFilterFunctionality_Laptop_20-29-42 - [verifyingDisplaySizeFilterFunctionality_Laptop_20-29-42] Within smoothScrollToElement method
20:30:19 [TestNG-test-Test-3] INFO  verifyingDisplaySizeFilterFunctionality_Laptop_20-29-42 - [verifyingDisplaySizeFilterFunctionality_Laptop_20-29-42] Within safeFindElement method
20:30:19 [TestNG-test-Test-3] INFO  verifyingDisplaySizeFilterFunctionality_Laptop_20-29-42 - [verifyingDisplaySizeFilterFunctionality_Laptop_20-29-42]Found the element returning it ,element ->[[ChromeDriver: chrome on windows (5f28c669577438246038219e80837668)] -> xpath: (//div[@data-cy='title-recipe'])[4]]
20:30:19 [TestNG-test-Test-3] INFO  verifyingDisplaySizeFilterFunctionality_Laptop_20-29-42 - [verifyingDisplaySizeFilterFunctionality_Laptop_20-29-42] Successfully scrolled to element: By.xpath: (//div[@data-cy='title-recipe'])[4]
20:30:19 [TestNG-test-Test-3] INFO  verifyingDisplaySizeFilterFunctionality_Laptop_20-29-42 - [verifyingDisplaySizeFilterFunctionality_Laptop_20-29-42] Getting product by index in productNameListingPage loop
20:30:20 [TestNG-test-Test-3] INFO  verifyingDisplaySizeFilterFunctionality_Laptop_20-29-42 - [verifyingDisplaySizeFilterFunctionality_Laptop_20-29-42] Opened product in new tab via Ctrl+Click inside productNameListingPage loop
20:30:20 [TestNG-test-Test-3] INFO  verifyingDisplaySizeFilterFunctionality_Laptop_20-29-42 - [verifyingDisplaySizeFilterFunctionality_Laptop_20-29-42] Waiting for new window to open...
20:30:20 [TestNG-test-Test-3] INFO  verifyingDisplaySizeFilterFunctionality_Laptop_20-29-42 - [verifyingDisplaySizeFilterFunctionality_Laptop_20-29-42] Switched to new window -> 68E08D351980BC76822902AD762C6B50
20:30:20 [TestNG-test-Test-3] INFO  verifyingDisplaySizeFilterFunctionality_Laptop_20-29-42 - [verifyingDisplaySizeFilterFunctionality_Laptop_20-29-42] Swithcing to the new window  within productNameListingPage loop
20:30:20 [TestNG-test-Test-3] INFO  verifyingDisplaySizeFilterFunctionality_Laptop_20-29-42 - [verifyingDisplaySizeFilterFunctionality_Laptop_20-29-42] Clicked product name to open in new tab from productNameListingPage loop
20:30:20 [TestNG-test-Test-3] INFO  verifyingDisplaySizeFilterFunctionality_Laptop_20-29-42 - [verifyingDisplaySizeFilterFunctionality_Laptop_20-29-42] Within safeFindElement method
20:30:23 [TestNG-test-Test-3] INFO  verifyingDisplaySizeFilterFunctionality_Laptop_20-29-42 - [verifyingDisplaySizeFilterFunctionality_Laptop_20-29-42]Found the element returning it ,element ->[[ChromeDriver: chrome on windows (5f28c669577438246038219e80837668)] -> xpath: //span[@id='productTitle']]
20:30:23 [TestNG-test-Test-3] INFO  verifyingDisplaySizeFilterFunctionality_Laptop_20-29-42 - [verifyingDisplaySizeFilterFunctionality_Laptop_20-29-42] Within safeFindElement method
20:30:23 [TestNG-test-Test-3] INFO  verifyingDisplaySizeFilterFunctionality_Laptop_20-29-42 - [verifyingDisplaySizeFilterFunctionality_Laptop_20-29-42]Found the element returning it ,element ->[[ChromeDriver: chrome on windows (5f28c669577438246038219e80837668)] -> xpath: //div[@class='a-section a-spacing-small a-spacing-top-small']]
20:30:23 [TestNG-test-Test-3] INFO  verifyingDisplaySizeFilterFunctionality_Laptop_20-29-42 - [verifyingDisplaySizeFilterFunctionality_Laptop_20-29-42] Within safeFindElement method
20:30:23 [TestNG-test-Test-3] INFO  verifyingDisplaySizeFilterFunctionality_Laptop_20-29-42 - [verifyingDisplaySizeFilterFunctionality_Laptop_20-29-42]Found the element returning it ,element ->[[ChromeDriver: chrome on windows (5f28c669577438246038219e80837668)] -> xpath: //div[@id='feature-bullets']]
20:30:23 [TestNG-test-Test-3] INFO  verifyingDisplaySizeFilterFunctionality_Laptop_20-29-42 - [verifyingDisplaySizeFilterFunctionality_Laptop_20-29-42] Within safeFindElement method
20:30:23 [TestNG-test-Test-3] INFO  verifyingDisplaySizeFilterFunctionality_Laptop_20-29-42 - [verifyingDisplaySizeFilterFunctionality_Laptop_20-29-42]Found the element returning it ,element ->[[ChromeDriver: chrome on windows (5f28c669577438246038219e80837668)] -> xpath: //div[@id='prodDetails']]
20:30:23 [TestNG-test-Test-3] INFO  verifyingDisplaySizeFilterFunctionality_Laptop_20-29-42 - [verifyingDisplaySizeFilterFunctionality_Laptop_20-29-42] Extracting 'name' , 'keyFeatures', 'about' , 'techDetails' within productNameListingPage loop
20:30:23 [TestNG-test-Test-3] INFO  verifyingDisplaySizeFilterFunctionality_Laptop_20-29-42 - [verifyingDisplaySizeFilterFunctionality_Laptop_20-29-42] Waiting until element is visible in viewport
20:30:34 [TestNG-test-Test-3] INFO  verifyingDisplaySizeFilterFunctionality_Laptop_20-29-42 - [verifyingDisplaySizeFilterFunctionality_Laptop_20-29-42] Within smoothScrollToElement method
20:30:34 [TestNG-test-Test-3] INFO  verifyingDisplaySizeFilterFunctionality_Laptop_20-29-42 - [verifyingDisplaySizeFilterFunctionality_Laptop_20-29-42] Within safeFindElement method
20:30:34 [TestNG-test-Test-3] INFO  verifyingDisplaySizeFilterFunctionality_Laptop_20-29-42 - [verifyingDisplaySizeFilterFunctionality_Laptop_20-29-42]Found the element returning it ,element ->[[ChromeDriver: chrome on windows (5f28c669577438246038219e80837668)] -> xpath: //a[@id='seeMoreDetailsLink']]
20:30:34 [TestNG-test-Test-3] INFO  verifyingDisplaySizeFilterFunctionality_Laptop_20-29-42 - [verifyingDisplaySizeFilterFunctionality_Laptop_20-29-42] Successfully scrolled to element: By.xpath: //a[@id='seeMoreDetailsLink']
20:30:34 [TestNG-test-Test-3] INFO  verifyingDisplaySizeFilterFunctionality_Laptop_20-29-42 - [verifyingDisplaySizeFilterFunctionality_Laptop_20-29-42] Within safeClick method
20:30:34 [TestNG-test-Test-3] INFO  verifyingDisplaySizeFilterFunctionality_Laptop_20-29-42 - [verifyingDisplaySizeFilterFunctionality_Laptop_20-29-42] Clicked the  [[ChromeDriver: chrome on windows (5f28c669577438246038219e80837668)] -> xpath: //a[@id='seeMoreDetailsLink']]   using safeClick
20:30:34 [TestNG-test-Test-3] INFO  verifyingDisplaySizeFilterFunctionality_Laptop_20-29-42 - [verifyingDisplaySizeFilterFunctionality_Laptop_20-29-42] Within try block for clicking see more deatils within productNameListingPage loop
20:30:34 [TestNG-test-Test-3] INFO  verifyingDisplaySizeFilterFunctionality_Laptop_20-29-42 - [verifyingDisplaySizeFilterFunctionality_Laptop_20-29-42] Within closeCurrentWindowAndSwitchBack method
20:30:34 [TestNG-test-Test-3] INFO  verifyingDisplaySizeFilterFunctionality_Laptop_20-29-42 - [verifyingDisplaySizeFilterFunctionality_Laptop_20-29-42] Total open windows/tabs count -> 2
20:30:34 [TestNG-test-Test-3] INFO  verifyingDisplaySizeFilterFunctionality_Laptop_20-29-42 - [verifyingDisplaySizeFilterFunctionality_Laptop_20-29-42] Original window handle -> 4FD498FF7C268EAD07E38C1D5D5B2EA7
20:30:34 [TestNG-test-Test-3] INFO  verifyingDisplaySizeFilterFunctionality_Laptop_20-29-42 - [verifyingDisplaySizeFilterFunctionality_Laptop_20-29-42] Found new tab/window handle -> 68E08D351980BC76822902AD762C6B50 (will be closed)
20:30:34 [TestNG-test-Test-3] INFO  verifyingDisplaySizeFilterFunctionality_Laptop_20-29-42 - [verifyingDisplaySizeFilterFunctionality_Laptop_20-29-42] Successfully switched to new tab/window -> 68E08D351980BC76822902AD762C6B50
20:30:34 [TestNG-test-Test-3] INFO  verifyingDisplaySizeFilterFunctionality_Laptop_20-29-42 - [verifyingDisplaySizeFilterFunctionality_Laptop_20-29-42] Closed the newly opened tab/window -> 68E08D351980BC76822902AD762C6B50
20:30:34 [TestNG-test-Test-3] INFO  verifyingDisplaySizeFilterFunctionality_Laptop_20-29-42 - [verifyingDisplaySizeFilterFunctionality_Laptop_20-29-42] Switched back to the original window -> 4FD498FF7C268EAD07E38C1D5D5B2EA7
20:30:34 [TestNG-test-Test-3] INFO  verifyingDisplaySizeFilterFunctionality_Laptop_20-29-42 - [verifyingDisplaySizeFilterFunctionality_Laptop_20-29-42]  going back to product listing via closeCurrentWindowAndSwitchBack 
20:30:34 [TestNG-test-Test-3] INFO  verifyingDisplaySizeFilterFunctionality_Laptop_20-29-42 - [verifyingDisplaySizeFilterFunctionality_Laptop_20-29-42]  Added 'filter','title','keyFeatures', 'about', 'techDetails' into the Map -> productResult
20:30:34 [TestNG-test-Test-3] INFO  verifyingDisplaySizeFilterFunctionality_Laptop_20-29-42 - [verifyingDisplaySizeFilterFunctionality_Laptop_20-29-42]  Added 'productResult' Map into the 'results' i.e list of maps 
20:30:34 [TestNG-test-Test-3] INFO  verifyingDisplaySizeFilterFunctionality_Laptop_20-29-42 - [verifyingDisplaySizeFilterFunctionality_Laptop_20-29-42]==========================================================================================================
20:30:34 [TestNG-test-Test-3] INFO  verifyingDisplaySizeFilterFunctionality_Laptop_20-29-42 - [verifyingDisplaySizeFilterFunctionality_Laptop_20-29-42] Within safeFindElements 
20:30:34 [TestNG-test-Test-3] INFO  verifyingDisplaySizeFilterFunctionality_Laptop_20-29-42 - [verifyingDisplaySizeFilterFunctionality_Laptop_20-29-42] Returning the  [[[ChromeDriver: chrome on windows (5f28c669577438246038219e80837668)] -> xpath: //div[@data-cy='title-recipe']], [[ChromeDriver: chrome on windows (5f28c669577438246038219e80837668)] -> xpath: //div[@data-cy='title-recipe']], [[ChromeDriver: chrome on windows (5f28c669577438246038219e80837668)] -> xpath: //div[@data-cy='title-recipe']], [[ChromeDriver: chrome on windows (5f28c669577438246038219e80837668)] -> xpath: //div[@data-cy='title-recipe']], [[ChromeDriver: chrome on windows (5f28c669577438246038219e80837668)] -> xpath: //div[@data-cy='title-recipe']], [[ChromeDriver: chrome on windows (5f28c669577438246038219e80837668)] -> xpath: //div[@data-cy='title-recipe']], [[ChromeDriver: chrome on windows (5f28c669577438246038219e80837668)] -> xpath: //div[@data-cy='title-recipe']], [[ChromeDriver: chrome on windows (5f28c669577438246038219e80837668)] -> xpath: //div[@data-cy='title-recipe']], [[ChromeDriver: chrome on windows (5f28c669577438246038219e80837668)] -> xpath: //div[@data-cy='title-recipe']], [[ChromeDriver: chrome on windows (5f28c669577438246038219e80837668)] -> xpath: //div[@data-cy='title-recipe']], [[ChromeDriver: chrome on windows (5f28c669577438246038219e80837668)] -> xpath: //div[@data-cy='title-recipe']], [[ChromeDriver: chrome on windows (5f28c669577438246038219e80837668)] -> xpath: //div[@data-cy='title-recipe']], [[ChromeDriver: chrome on windows (5f28c669577438246038219e80837668)] -> xpath: //div[@data-cy='title-recipe']], [[ChromeDriver: chrome on windows (5f28c669577438246038219e80837668)] -> xpath: //div[@data-cy='title-recipe']], [[ChromeDriver: chrome on windows (5f28c669577438246038219e80837668)] -> xpath: //div[@data-cy='title-recipe']], [[ChromeDriver: chrome on windows (5f28c669577438246038219e80837668)] -> xpath: //div[@data-cy='title-recipe']]] from the safeFindElements method
20:30:34 [TestNG-test-Test-3] INFO  verifyingDisplaySizeFilterFunctionality_Laptop_20-29-42 - [verifyingDisplaySizeFilterFunctionality_Laptop_20-29-42] Within productNameListingPage loop in applyFilterAndValidateProductsWithResult
20:30:35 [TestNG-test-Test-3] INFO  verifyingDisplaySizeFilterFunctionality_Laptop_20-29-42 - [verifyingDisplaySizeFilterFunctionality_Laptop_20-29-42] Within getProductByIndex method
20:30:35 [TestNG-test-Test-3] INFO  verifyingDisplaySizeFilterFunctionality_Laptop_20-29-42 - [verifyingDisplaySizeFilterFunctionality_Laptop_20-29-42] Within safeFindElement method
20:30:35 [TestNG-test-Test-3] INFO  verifyingDisplaySizeFilterFunctionality_Laptop_20-29-42 - [verifyingDisplaySizeFilterFunctionality_Laptop_20-29-42]Found the element returning it ,element ->[[ChromeDriver: chrome on windows (5f28c669577438246038219e80837668)] -> xpath: (//div[@data-cy='title-recipe'])[5]]
20:30:35 [TestNG-test-Test-3] INFO  verifyingDisplaySizeFilterFunctionality_Laptop_20-29-42 - [verifyingDisplaySizeFilterFunctionality_Laptop_20-29-42] Within getProductByIndex method
20:30:35 [TestNG-test-Test-3] INFO  verifyingDisplaySizeFilterFunctionality_Laptop_20-29-42 - [verifyingDisplaySizeFilterFunctionality_Laptop_20-29-42] Within smoothScrollToElement method
20:30:35 [TestNG-test-Test-3] INFO  verifyingDisplaySizeFilterFunctionality_Laptop_20-29-42 - [verifyingDisplaySizeFilterFunctionality_Laptop_20-29-42] Within safeFindElement method
20:30:35 [TestNG-test-Test-3] INFO  verifyingDisplaySizeFilterFunctionality_Laptop_20-29-42 - [verifyingDisplaySizeFilterFunctionality_Laptop_20-29-42]Found the element returning it ,element ->[[ChromeDriver: chrome on windows (5f28c669577438246038219e80837668)] -> xpath: (//div[@data-cy='title-recipe'])[5]]
20:30:35 [TestNG-test-Test-3] INFO  verifyingDisplaySizeFilterFunctionality_Laptop_20-29-42 - [verifyingDisplaySizeFilterFunctionality_Laptop_20-29-42] Successfully scrolled to element: By.xpath: (//div[@data-cy='title-recipe'])[5]
20:30:35 [TestNG-test-Test-3] INFO  verifyingDisplaySizeFilterFunctionality_Laptop_20-29-42 - [verifyingDisplaySizeFilterFunctionality_Laptop_20-29-42] Getting product by index in productNameListingPage loop
20:30:35 [TestNG-test-Test-3] INFO  verifyingDisplaySizeFilterFunctionality_Laptop_20-29-42 - [verifyingDisplaySizeFilterFunctionality_Laptop_20-29-42] Opened product in new tab via Ctrl+Click inside productNameListingPage loop
20:30:35 [TestNG-test-Test-3] INFO  verifyingDisplaySizeFilterFunctionality_Laptop_20-29-42 - [verifyingDisplaySizeFilterFunctionality_Laptop_20-29-42] Waiting for new window to open...
20:30:35 [TestNG-test-Test-3] INFO  verifyingDisplaySizeFilterFunctionality_Laptop_20-29-42 - [verifyingDisplaySizeFilterFunctionality_Laptop_20-29-42] Switched to new window -> 6EDB829857FA97CC3C2A250F100CCF53
20:30:35 [TestNG-test-Test-3] INFO  verifyingDisplaySizeFilterFunctionality_Laptop_20-29-42 - [verifyingDisplaySizeFilterFunctionality_Laptop_20-29-42] Swithcing to the new window  within productNameListingPage loop
20:30:35 [TestNG-test-Test-3] INFO  verifyingDisplaySizeFilterFunctionality_Laptop_20-29-42 - [verifyingDisplaySizeFilterFunctionality_Laptop_20-29-42] Clicked product name to open in new tab from productNameListingPage loop
20:30:35 [TestNG-test-Test-3] INFO  verifyingDisplaySizeFilterFunctionality_Laptop_20-29-42 - [verifyingDisplaySizeFilterFunctionality_Laptop_20-29-42] Within safeFindElement method
20:30:38 [TestNG-test-Test-3] INFO  verifyingDisplaySizeFilterFunctionality_Laptop_20-29-42 - [verifyingDisplaySizeFilterFunctionality_Laptop_20-29-42]Found the element returning it ,element ->[[ChromeDriver: chrome on windows (5f28c669577438246038219e80837668)] -> xpath: //span[@id='productTitle']]
20:30:38 [TestNG-test-Test-3] INFO  verifyingDisplaySizeFilterFunctionality_Laptop_20-29-42 - [verifyingDisplaySizeFilterFunctionality_Laptop_20-29-42] Within safeFindElement method
20:30:38 [TestNG-test-Test-3] INFO  verifyingDisplaySizeFilterFunctionality_Laptop_20-29-42 - [verifyingDisplaySizeFilterFunctionality_Laptop_20-29-42]Found the element returning it ,element ->[[ChromeDriver: chrome on windows (5f28c669577438246038219e80837668)] -> xpath: //div[@class='a-section a-spacing-small a-spacing-top-small']]
20:30:38 [TestNG-test-Test-3] INFO  verifyingDisplaySizeFilterFunctionality_Laptop_20-29-42 - [verifyingDisplaySizeFilterFunctionality_Laptop_20-29-42] Within safeFindElement method
20:30:38 [TestNG-test-Test-3] INFO  verifyingDisplaySizeFilterFunctionality_Laptop_20-29-42 - [verifyingDisplaySizeFilterFunctionality_Laptop_20-29-42]Found the element returning it ,element ->[[ChromeDriver: chrome on windows (5f28c669577438246038219e80837668)] -> xpath: //div[@id='feature-bullets']]
20:30:38 [TestNG-test-Test-3] INFO  verifyingDisplaySizeFilterFunctionality_Laptop_20-29-42 - [verifyingDisplaySizeFilterFunctionality_Laptop_20-29-42] Within safeFindElement method
20:30:38 [TestNG-test-Test-3] INFO  verifyingDisplaySizeFilterFunctionality_Laptop_20-29-42 - [verifyingDisplaySizeFilterFunctionality_Laptop_20-29-42]Found the element returning it ,element ->[[ChromeDriver: chrome on windows (5f28c669577438246038219e80837668)] -> xpath: //div[@id='prodDetails']]
20:30:38 [TestNG-test-Test-3] INFO  verifyingDisplaySizeFilterFunctionality_Laptop_20-29-42 - [verifyingDisplaySizeFilterFunctionality_Laptop_20-29-42] Extracting 'name' , 'keyFeatures', 'about' , 'techDetails' within productNameListingPage loop
20:30:38 [TestNG-test-Test-3] INFO  verifyingDisplaySizeFilterFunctionality_Laptop_20-29-42 - [verifyingDisplaySizeFilterFunctionality_Laptop_20-29-42] Waiting until element is visible in viewport
20:30:48 [TestNG-test-Test-3] INFO  verifyingDisplaySizeFilterFunctionality_Laptop_20-29-42 - [verifyingDisplaySizeFilterFunctionality_Laptop_20-29-42] Within smoothScrollToElement method
20:30:48 [TestNG-test-Test-3] INFO  verifyingDisplaySizeFilterFunctionality_Laptop_20-29-42 - [verifyingDisplaySizeFilterFunctionality_Laptop_20-29-42] Within safeFindElement method
20:30:48 [TestNG-test-Test-3] INFO  verifyingDisplaySizeFilterFunctionality_Laptop_20-29-42 - [verifyingDisplaySizeFilterFunctionality_Laptop_20-29-42]Found the element returning it ,element ->[[ChromeDriver: chrome on windows (5f28c669577438246038219e80837668)] -> xpath: //a[@id='seeMoreDetailsLink']]
20:30:48 [TestNG-test-Test-3] INFO  verifyingDisplaySizeFilterFunctionality_Laptop_20-29-42 - [verifyingDisplaySizeFilterFunctionality_Laptop_20-29-42] Successfully scrolled to element: By.xpath: //a[@id='seeMoreDetailsLink']
20:30:48 [TestNG-test-Test-3] INFO  verifyingDisplaySizeFilterFunctionality_Laptop_20-29-42 - [verifyingDisplaySizeFilterFunctionality_Laptop_20-29-42] Within safeClick method
20:30:49 [TestNG-test-Test-3] INFO  verifyingDisplaySizeFilterFunctionality_Laptop_20-29-42 - [verifyingDisplaySizeFilterFunctionality_Laptop_20-29-42] Clicked the  [[ChromeDriver: chrome on windows (5f28c669577438246038219e80837668)] -> xpath: //a[@id='seeMoreDetailsLink']]   using safeClick
20:30:49 [TestNG-test-Test-3] INFO  verifyingDisplaySizeFilterFunctionality_Laptop_20-29-42 - [verifyingDisplaySizeFilterFunctionality_Laptop_20-29-42] Within try block for clicking see more deatils within productNameListingPage loop
20:30:49 [TestNG-test-Test-3] INFO  verifyingDisplaySizeFilterFunctionality_Laptop_20-29-42 - [verifyingDisplaySizeFilterFunctionality_Laptop_20-29-42] Within closeCurrentWindowAndSwitchBack method
20:30:49 [TestNG-test-Test-3] INFO  verifyingDisplaySizeFilterFunctionality_Laptop_20-29-42 - [verifyingDisplaySizeFilterFunctionality_Laptop_20-29-42] Total open windows/tabs count -> 2
20:30:49 [TestNG-test-Test-3] INFO  verifyingDisplaySizeFilterFunctionality_Laptop_20-29-42 - [verifyingDisplaySizeFilterFunctionality_Laptop_20-29-42] Original window handle -> 4FD498FF7C268EAD07E38C1D5D5B2EA7
20:30:49 [TestNG-test-Test-3] INFO  verifyingDisplaySizeFilterFunctionality_Laptop_20-29-42 - [verifyingDisplaySizeFilterFunctionality_Laptop_20-29-42] Found new tab/window handle -> 6EDB829857FA97CC3C2A250F100CCF53 (will be closed)
20:30:49 [TestNG-test-Test-3] INFO  verifyingDisplaySizeFilterFunctionality_Laptop_20-29-42 - [verifyingDisplaySizeFilterFunctionality_Laptop_20-29-42] Successfully switched to new tab/window -> 6EDB829857FA97CC3C2A250F100CCF53
20:30:49 [TestNG-test-Test-3] INFO  verifyingDisplaySizeFilterFunctionality_Laptop_20-29-42 - [verifyingDisplaySizeFilterFunctionality_Laptop_20-29-42] Closed the newly opened tab/window -> 6EDB829857FA97CC3C2A250F100CCF53
20:30:49 [TestNG-test-Test-3] INFO  verifyingDisplaySizeFilterFunctionality_Laptop_20-29-42 - [verifyingDisplaySizeFilterFunctionality_Laptop_20-29-42] Switched back to the original window -> 4FD498FF7C268EAD07E38C1D5D5B2EA7
20:30:49 [TestNG-test-Test-3] INFO  verifyingDisplaySizeFilterFunctionality_Laptop_20-29-42 - [verifyingDisplaySizeFilterFunctionality_Laptop_20-29-42]  going back to product listing via closeCurrentWindowAndSwitchBack 
20:30:49 [TestNG-test-Test-3] INFO  verifyingDisplaySizeFilterFunctionality_Laptop_20-29-42 - [verifyingDisplaySizeFilterFunctionality_Laptop_20-29-42]  Added 'filter','title','keyFeatures', 'about', 'techDetails' into the Map -> productResult
20:30:49 [TestNG-test-Test-3] INFO  verifyingDisplaySizeFilterFunctionality_Laptop_20-29-42 - [verifyingDisplaySizeFilterFunctionality_Laptop_20-29-42]  Added 'productResult' Map into the 'results' i.e list of maps 
20:30:49 [TestNG-test-Test-3] INFO  verifyingDisplaySizeFilterFunctionality_Laptop_20-29-42 - [verifyingDisplaySizeFilterFunctionality_Laptop_20-29-42]==========================================================================================================
20:30:49 [TestNG-test-Test-3] INFO  verifyingDisplaySizeFilterFunctionality_Laptop_20-29-42 - [verifyingDisplaySizeFilterFunctionality_Laptop_20-29-42] Within safeFindElements 
20:30:49 [TestNG-test-Test-3] INFO  verifyingDisplaySizeFilterFunctionality_Laptop_20-29-42 - [verifyingDisplaySizeFilterFunctionality_Laptop_20-29-42] Returning the  [[[ChromeDriver: chrome on windows (5f28c669577438246038219e80837668)] -> xpath: //div[@data-cy='title-recipe']], [[ChromeDriver: chrome on windows (5f28c669577438246038219e80837668)] -> xpath: //div[@data-cy='title-recipe']], [[ChromeDriver: chrome on windows (5f28c669577438246038219e80837668)] -> xpath: //div[@data-cy='title-recipe']], [[ChromeDriver: chrome on windows (5f28c669577438246038219e80837668)] -> xpath: //div[@data-cy='title-recipe']], [[ChromeDriver: chrome on windows (5f28c669577438246038219e80837668)] -> xpath: //div[@data-cy='title-recipe']], [[ChromeDriver: chrome on windows (5f28c669577438246038219e80837668)] -> xpath: //div[@data-cy='title-recipe']], [[ChromeDriver: chrome on windows (5f28c669577438246038219e80837668)] -> xpath: //div[@data-cy='title-recipe']], [[ChromeDriver: chrome on windows (5f28c669577438246038219e80837668)] -> xpath: //div[@data-cy='title-recipe']], [[ChromeDriver: chrome on windows (5f28c669577438246038219e80837668)] -> xpath: //div[@data-cy='title-recipe']], [[ChromeDriver: chrome on windows (5f28c669577438246038219e80837668)] -> xpath: //div[@data-cy='title-recipe']], [[ChromeDriver: chrome on windows (5f28c669577438246038219e80837668)] -> xpath: //div[@data-cy='title-recipe']], [[ChromeDriver: chrome on windows (5f28c669577438246038219e80837668)] -> xpath: //div[@data-cy='title-recipe']], [[ChromeDriver: chrome on windows (5f28c669577438246038219e80837668)] -> xpath: //div[@data-cy='title-recipe']], [[ChromeDriver: chrome on windows (5f28c669577438246038219e80837668)] -> xpath: //div[@data-cy='title-recipe']], [[ChromeDriver: chrome on windows (5f28c669577438246038219e80837668)] -> xpath: //div[@data-cy='title-recipe']], [[ChromeDriver: chrome on windows (5f28c669577438246038219e80837668)] -> xpath: //div[@data-cy='title-recipe']]] from the safeFindElements method
20:30:49 [TestNG-test-Test-3] INFO  verifyingDisplaySizeFilterFunctionality_Laptop_20-29-42 - [verifyingDisplaySizeFilterFunctionality_Laptop_20-29-42] Within productNameListingPage loop in applyFilterAndValidateProductsWithResult
20:30:49 [TestNG-test-Test-3] INFO  verifyingDisplaySizeFilterFunctionality_Laptop_20-29-42 - [verifyingDisplaySizeFilterFunctionality_Laptop_20-29-42] Within getProductByIndex method
20:30:49 [TestNG-test-Test-3] INFO  verifyingDisplaySizeFilterFunctionality_Laptop_20-29-42 - [verifyingDisplaySizeFilterFunctionality_Laptop_20-29-42] Within safeFindElement method
20:30:49 [TestNG-test-Test-3] INFO  verifyingDisplaySizeFilterFunctionality_Laptop_20-29-42 - [verifyingDisplaySizeFilterFunctionality_Laptop_20-29-42]Found the element returning it ,element ->[[ChromeDriver: chrome on windows (5f28c669577438246038219e80837668)] -> xpath: (//div[@data-cy='title-recipe'])[6]]
20:30:49 [TestNG-test-Test-3] INFO  verifyingDisplaySizeFilterFunctionality_Laptop_20-29-42 - [verifyingDisplaySizeFilterFunctionality_Laptop_20-29-42] Within getProductByIndex method
20:30:49 [TestNG-test-Test-3] INFO  verifyingDisplaySizeFilterFunctionality_Laptop_20-29-42 - [verifyingDisplaySizeFilterFunctionality_Laptop_20-29-42] Within smoothScrollToElement method
20:30:49 [TestNG-test-Test-3] INFO  verifyingDisplaySizeFilterFunctionality_Laptop_20-29-42 - [verifyingDisplaySizeFilterFunctionality_Laptop_20-29-42] Within safeFindElement method
20:30:49 [TestNG-test-Test-3] INFO  verifyingDisplaySizeFilterFunctionality_Laptop_20-29-42 - [verifyingDisplaySizeFilterFunctionality_Laptop_20-29-42]Found the element returning it ,element ->[[ChromeDriver: chrome on windows (5f28c669577438246038219e80837668)] -> xpath: (//div[@data-cy='title-recipe'])[6]]
20:30:50 [TestNG-test-Test-3] INFO  verifyingDisplaySizeFilterFunctionality_Laptop_20-29-42 - [verifyingDisplaySizeFilterFunctionality_Laptop_20-29-42] Successfully scrolled to element: By.xpath: (//div[@data-cy='title-recipe'])[6]
20:30:50 [TestNG-test-Test-3] INFO  verifyingDisplaySizeFilterFunctionality_Laptop_20-29-42 - [verifyingDisplaySizeFilterFunctionality_Laptop_20-29-42] Getting product by index in productNameListingPage loop
20:30:50 [TestNG-test-Test-3] INFO  verifyingDisplaySizeFilterFunctionality_Laptop_20-29-42 - [verifyingDisplaySizeFilterFunctionality_Laptop_20-29-42] Opened product in new tab via Ctrl+Click inside productNameListingPage loop
20:30:50 [TestNG-test-Test-3] INFO  verifyingDisplaySizeFilterFunctionality_Laptop_20-29-42 - [verifyingDisplaySizeFilterFunctionality_Laptop_20-29-42] Waiting for new window to open...
20:30:50 [TestNG-test-Test-3] INFO  verifyingDisplaySizeFilterFunctionality_Laptop_20-29-42 - [verifyingDisplaySizeFilterFunctionality_Laptop_20-29-42] Switched to new window -> EFA2325577984D9F55888FA42AE8142D
20:30:50 [TestNG-test-Test-3] INFO  verifyingDisplaySizeFilterFunctionality_Laptop_20-29-42 - [verifyingDisplaySizeFilterFunctionality_Laptop_20-29-42] Swithcing to the new window  within productNameListingPage loop
20:30:50 [TestNG-test-Test-3] INFO  verifyingDisplaySizeFilterFunctionality_Laptop_20-29-42 - [verifyingDisplaySizeFilterFunctionality_Laptop_20-29-42] Clicked product name to open in new tab from productNameListingPage loop
20:30:50 [TestNG-test-Test-3] INFO  verifyingDisplaySizeFilterFunctionality_Laptop_20-29-42 - [verifyingDisplaySizeFilterFunctionality_Laptop_20-29-42] Within safeFindElement method
20:30:53 [TestNG-test-Test-3] INFO  verifyingDisplaySizeFilterFunctionality_Laptop_20-29-42 - [verifyingDisplaySizeFilterFunctionality_Laptop_20-29-42]Found the element returning it ,element ->[[ChromeDriver: chrome on windows (5f28c669577438246038219e80837668)] -> xpath: //span[@id='productTitle']]
20:30:53 [TestNG-test-Test-3] INFO  verifyingDisplaySizeFilterFunctionality_Laptop_20-29-42 - [verifyingDisplaySizeFilterFunctionality_Laptop_20-29-42] Within safeFindElement method
20:30:53 [TestNG-test-Test-3] INFO  verifyingDisplaySizeFilterFunctionality_Laptop_20-29-42 - [verifyingDisplaySizeFilterFunctionality_Laptop_20-29-42]Found the element returning it ,element ->[[ChromeDriver: chrome on windows (5f28c669577438246038219e80837668)] -> xpath: //div[@class='a-section a-spacing-small a-spacing-top-small']]
20:30:53 [TestNG-test-Test-3] INFO  verifyingDisplaySizeFilterFunctionality_Laptop_20-29-42 - [verifyingDisplaySizeFilterFunctionality_Laptop_20-29-42] Within safeFindElement method
20:30:53 [TestNG-test-Test-3] INFO  verifyingDisplaySizeFilterFunctionality_Laptop_20-29-42 - [verifyingDisplaySizeFilterFunctionality_Laptop_20-29-42]Found the element returning it ,element ->[[ChromeDriver: chrome on windows (5f28c669577438246038219e80837668)] -> xpath: //div[@id='feature-bullets']]
20:30:53 [TestNG-test-Test-3] INFO  verifyingDisplaySizeFilterFunctionality_Laptop_20-29-42 - [verifyingDisplaySizeFilterFunctionality_Laptop_20-29-42] Within safeFindElement method
20:30:54 [TestNG-test-Test-3] INFO  verifyingDisplaySizeFilterFunctionality_Laptop_20-29-42 - [verifyingDisplaySizeFilterFunctionality_Laptop_20-29-42]Found the element returning it ,element ->[[ChromeDriver: chrome on windows (5f28c669577438246038219e80837668)] -> xpath: //div[@id='prodDetails']]
20:30:54 [TestNG-test-Test-3] INFO  verifyingDisplaySizeFilterFunctionality_Laptop_20-29-42 - [verifyingDisplaySizeFilterFunctionality_Laptop_20-29-42] Extracting 'name' , 'keyFeatures', 'about' , 'techDetails' within productNameListingPage loop
20:30:54 [TestNG-test-Test-3] INFO  verifyingDisplaySizeFilterFunctionality_Laptop_20-29-42 - [verifyingDisplaySizeFilterFunctionality_Laptop_20-29-42] Waiting until element is visible in viewport
20:31:04 [TestNG-test-Test-3] INFO  verifyingDisplaySizeFilterFunctionality_Laptop_20-29-42 - [verifyingDisplaySizeFilterFunctionality_Laptop_20-29-42] Within smoothScrollToElement method
20:31:04 [TestNG-test-Test-3] INFO  verifyingDisplaySizeFilterFunctionality_Laptop_20-29-42 - [verifyingDisplaySizeFilterFunctionality_Laptop_20-29-42] Within safeFindElement method
20:31:04 [TestNG-test-Test-3] INFO  verifyingDisplaySizeFilterFunctionality_Laptop_20-29-42 - [verifyingDisplaySizeFilterFunctionality_Laptop_20-29-42]Found the element returning it ,element ->[[ChromeDriver: chrome on windows (5f28c669577438246038219e80837668)] -> xpath: //a[@id='seeMoreDetailsLink']]
20:31:04 [TestNG-test-Test-3] INFO  verifyingDisplaySizeFilterFunctionality_Laptop_20-29-42 - [verifyingDisplaySizeFilterFunctionality_Laptop_20-29-42] Successfully scrolled to element: By.xpath: //a[@id='seeMoreDetailsLink']
20:31:04 [TestNG-test-Test-3] INFO  verifyingDisplaySizeFilterFunctionality_Laptop_20-29-42 - [verifyingDisplaySizeFilterFunctionality_Laptop_20-29-42] Within safeClick method
20:31:04 [TestNG-test-Test-3] INFO  verifyingDisplaySizeFilterFunctionality_Laptop_20-29-42 - [verifyingDisplaySizeFilterFunctionality_Laptop_20-29-42] Clicked the  [[ChromeDriver: chrome on windows (5f28c669577438246038219e80837668)] -> xpath: //a[@id='seeMoreDetailsLink']]   using safeClick
20:31:04 [TestNG-test-Test-3] INFO  verifyingDisplaySizeFilterFunctionality_Laptop_20-29-42 - [verifyingDisplaySizeFilterFunctionality_Laptop_20-29-42] Within try block for clicking see more deatils within productNameListingPage loop
20:31:04 [TestNG-test-Test-3] INFO  verifyingDisplaySizeFilterFunctionality_Laptop_20-29-42 - [verifyingDisplaySizeFilterFunctionality_Laptop_20-29-42] Within closeCurrentWindowAndSwitchBack method
20:31:04 [TestNG-test-Test-3] INFO  verifyingDisplaySizeFilterFunctionality_Laptop_20-29-42 - [verifyingDisplaySizeFilterFunctionality_Laptop_20-29-42] Total open windows/tabs count -> 2
20:31:04 [TestNG-test-Test-3] INFO  verifyingDisplaySizeFilterFunctionality_Laptop_20-29-42 - [verifyingDisplaySizeFilterFunctionality_Laptop_20-29-42] Original window handle -> 4FD498FF7C268EAD07E38C1D5D5B2EA7
20:31:04 [TestNG-test-Test-3] INFO  verifyingDisplaySizeFilterFunctionality_Laptop_20-29-42 - [verifyingDisplaySizeFilterFunctionality_Laptop_20-29-42] Found new tab/window handle -> EFA2325577984D9F55888FA42AE8142D (will be closed)
20:31:04 [TestNG-test-Test-3] INFO  verifyingDisplaySizeFilterFunctionality_Laptop_20-29-42 - [verifyingDisplaySizeFilterFunctionality_Laptop_20-29-42] Successfully switched to new tab/window -> EFA2325577984D9F55888FA42AE8142D
20:31:04 [TestNG-test-Test-3] INFO  verifyingDisplaySizeFilterFunctionality_Laptop_20-29-42 - [verifyingDisplaySizeFilterFunctionality_Laptop_20-29-42] Closed the newly opened tab/window -> EFA2325577984D9F55888FA42AE8142D
20:31:04 [TestNG-test-Test-3] INFO  verifyingDisplaySizeFilterFunctionality_Laptop_20-29-42 - [verifyingDisplaySizeFilterFunctionality_Laptop_20-29-42] Switched back to the original window -> 4FD498FF7C268EAD07E38C1D5D5B2EA7
20:31:04 [TestNG-test-Test-3] INFO  verifyingDisplaySizeFilterFunctionality_Laptop_20-29-42 - [verifyingDisplaySizeFilterFunctionality_Laptop_20-29-42]  going back to product listing via closeCurrentWindowAndSwitchBack 
20:31:04 [TestNG-test-Test-3] INFO  verifyingDisplaySizeFilterFunctionality_Laptop_20-29-42 - [verifyingDisplaySizeFilterFunctionality_Laptop_20-29-42]  Added 'filter','title','keyFeatures', 'about', 'techDetails' into the Map -> productResult
20:31:04 [TestNG-test-Test-3] INFO  verifyingDisplaySizeFilterFunctionality_Laptop_20-29-42 - [verifyingDisplaySizeFilterFunctionality_Laptop_20-29-42]  Added 'productResult' Map into the 'results' i.e list of maps 
20:31:04 [TestNG-test-Test-3] INFO  verifyingDisplaySizeFilterFunctionality_Laptop_20-29-42 - [verifyingDisplaySizeFilterFunctionality_Laptop_20-29-42]==========================================================================================================
20:31:04 [TestNG-test-Test-3] INFO  verifyingDisplaySizeFilterFunctionality_Laptop_20-29-42 - [verifyingDisplaySizeFilterFunctionality_Laptop_20-29-42] Within safeFindElements 
20:31:05 [TestNG-test-Test-3] INFO  verifyingDisplaySizeFilterFunctionality_Laptop_20-29-42 - [verifyingDisplaySizeFilterFunctionality_Laptop_20-29-42] Returning the  [[[ChromeDriver: chrome on windows (5f28c669577438246038219e80837668)] -> xpath: //div[@data-cy='title-recipe']], [[ChromeDriver: chrome on windows (5f28c669577438246038219e80837668)] -> xpath: //div[@data-cy='title-recipe']], [[ChromeDriver: chrome on windows (5f28c669577438246038219e80837668)] -> xpath: //div[@data-cy='title-recipe']], [[ChromeDriver: chrome on windows (5f28c669577438246038219e80837668)] -> xpath: //div[@data-cy='title-recipe']], [[ChromeDriver: chrome on windows (5f28c669577438246038219e80837668)] -> xpath: //div[@data-cy='title-recipe']], [[ChromeDriver: chrome on windows (5f28c669577438246038219e80837668)] -> xpath: //div[@data-cy='title-recipe']], [[ChromeDriver: chrome on windows (5f28c669577438246038219e80837668)] -> xpath: //div[@data-cy='title-recipe']], [[ChromeDriver: chrome on windows (5f28c669577438246038219e80837668)] -> xpath: //div[@data-cy='title-recipe']], [[ChromeDriver: chrome on windows (5f28c669577438246038219e80837668)] -> xpath: //div[@data-cy='title-recipe']], [[ChromeDriver: chrome on windows (5f28c669577438246038219e80837668)] -> xpath: //div[@data-cy='title-recipe']], [[ChromeDriver: chrome on windows (5f28c669577438246038219e80837668)] -> xpath: //div[@data-cy='title-recipe']], [[ChromeDriver: chrome on windows (5f28c669577438246038219e80837668)] -> xpath: //div[@data-cy='title-recipe']], [[ChromeDriver: chrome on windows (5f28c669577438246038219e80837668)] -> xpath: //div[@data-cy='title-recipe']], [[ChromeDriver: chrome on windows (5f28c669577438246038219e80837668)] -> xpath: //div[@data-cy='title-recipe']], [[ChromeDriver: chrome on windows (5f28c669577438246038219e80837668)] -> xpath: //div[@data-cy='title-recipe']], [[ChromeDriver: chrome on windows (5f28c669577438246038219e80837668)] -> xpath: //div[@data-cy='title-recipe']]] from the safeFindElements method
20:31:05 [TestNG-test-Test-3] INFO  verifyingDisplaySizeFilterFunctionality_Laptop_20-29-42 - [verifyingDisplaySizeFilterFunctionality_Laptop_20-29-42] Within productNameListingPage loop in applyFilterAndValidateProductsWithResult
20:31:05 [TestNG-test-Test-3] INFO  verifyingDisplaySizeFilterFunctionality_Laptop_20-29-42 - [verifyingDisplaySizeFilterFunctionality_Laptop_20-29-42] Within getProductByIndex method
20:31:05 [TestNG-test-Test-3] INFO  verifyingDisplaySizeFilterFunctionality_Laptop_20-29-42 - [verifyingDisplaySizeFilterFunctionality_Laptop_20-29-42] Within safeFindElement method
20:31:05 [TestNG-test-Test-3] INFO  verifyingDisplaySizeFilterFunctionality_Laptop_20-29-42 - [verifyingDisplaySizeFilterFunctionality_Laptop_20-29-42]Found the element returning it ,element ->[[ChromeDriver: chrome on windows (5f28c669577438246038219e80837668)] -> xpath: (//div[@data-cy='title-recipe'])[7]]
20:31:05 [TestNG-test-Test-3] INFO  verifyingDisplaySizeFilterFunctionality_Laptop_20-29-42 - [verifyingDisplaySizeFilterFunctionality_Laptop_20-29-42] Within getProductByIndex method
20:31:05 [TestNG-test-Test-3] INFO  verifyingDisplaySizeFilterFunctionality_Laptop_20-29-42 - [verifyingDisplaySizeFilterFunctionality_Laptop_20-29-42] Within smoothScrollToElement method
20:31:05 [TestNG-test-Test-3] INFO  verifyingDisplaySizeFilterFunctionality_Laptop_20-29-42 - [verifyingDisplaySizeFilterFunctionality_Laptop_20-29-42] Within safeFindElement method
20:31:05 [TestNG-test-Test-3] INFO  verifyingDisplaySizeFilterFunctionality_Laptop_20-29-42 - [verifyingDisplaySizeFilterFunctionality_Laptop_20-29-42]Found the element returning it ,element ->[[ChromeDriver: chrome on windows (5f28c669577438246038219e80837668)] -> xpath: (//div[@data-cy='title-recipe'])[7]]
20:31:05 [TestNG-test-Test-3] INFO  verifyingDisplaySizeFilterFunctionality_Laptop_20-29-42 - [verifyingDisplaySizeFilterFunctionality_Laptop_20-29-42] Successfully scrolled to element: By.xpath: (//div[@data-cy='title-recipe'])[7]
20:31:05 [TestNG-test-Test-3] INFO  verifyingDisplaySizeFilterFunctionality_Laptop_20-29-42 - [verifyingDisplaySizeFilterFunctionality_Laptop_20-29-42] Getting product by index in productNameListingPage loop
20:31:05 [TestNG-test-Test-3] INFO  verifyingDisplaySizeFilterFunctionality_Laptop_20-29-42 - [verifyingDisplaySizeFilterFunctionality_Laptop_20-29-42] Opened product in new tab via Ctrl+Click inside productNameListingPage loop
20:31:05 [TestNG-test-Test-3] INFO  verifyingDisplaySizeFilterFunctionality_Laptop_20-29-42 - [verifyingDisplaySizeFilterFunctionality_Laptop_20-29-42] Waiting for new window to open...
20:31:05 [TestNG-test-Test-3] INFO  verifyingDisplaySizeFilterFunctionality_Laptop_20-29-42 - [verifyingDisplaySizeFilterFunctionality_Laptop_20-29-42] Switched to new window -> 212405F8BADB25B6BEAD4A30F9EE4AE0
20:31:05 [TestNG-test-Test-3] INFO  verifyingDisplaySizeFilterFunctionality_Laptop_20-29-42 - [verifyingDisplaySizeFilterFunctionality_Laptop_20-29-42] Swithcing to the new window  within productNameListingPage loop
20:31:05 [TestNG-test-Test-3] INFO  verifyingDisplaySizeFilterFunctionality_Laptop_20-29-42 - [verifyingDisplaySizeFilterFunctionality_Laptop_20-29-42] Clicked product name to open in new tab from productNameListingPage loop
20:31:05 [TestNG-test-Test-3] INFO  verifyingDisplaySizeFilterFunctionality_Laptop_20-29-42 - [verifyingDisplaySizeFilterFunctionality_Laptop_20-29-42] Within safeFindElement method
20:31:09 [TestNG-test-Test-3] INFO  verifyingDisplaySizeFilterFunctionality_Laptop_20-29-42 - [verifyingDisplaySizeFilterFunctionality_Laptop_20-29-42]Found the element returning it ,element ->[[ChromeDriver: chrome on windows (5f28c669577438246038219e80837668)] -> xpath: //span[@id='productTitle']]
20:31:09 [TestNG-test-Test-3] INFO  verifyingDisplaySizeFilterFunctionality_Laptop_20-29-42 - [verifyingDisplaySizeFilterFunctionality_Laptop_20-29-42] Within safeFindElement method
20:31:10 [TestNG-test-Test-3] INFO  verifyingDisplaySizeFilterFunctionality_Laptop_20-29-42 - [verifyingDisplaySizeFilterFunctionality_Laptop_20-29-42]Found the element returning it ,element ->[[ChromeDriver: chrome on windows (5f28c669577438246038219e80837668)] -> xpath: //div[@class='a-section a-spacing-small a-spacing-top-small']]
20:31:10 [TestNG-test-Test-3] INFO  verifyingDisplaySizeFilterFunctionality_Laptop_20-29-42 - [verifyingDisplaySizeFilterFunctionality_Laptop_20-29-42] Within safeFindElement method
20:31:10 [TestNG-test-Test-3] INFO  verifyingDisplaySizeFilterFunctionality_Laptop_20-29-42 - [verifyingDisplaySizeFilterFunctionality_Laptop_20-29-42]Found the element returning it ,element ->[[ChromeDriver: chrome on windows (5f28c669577438246038219e80837668)] -> xpath: //div[@id='feature-bullets']]
20:31:10 [TestNG-test-Test-3] INFO  verifyingDisplaySizeFilterFunctionality_Laptop_20-29-42 - [verifyingDisplaySizeFilterFunctionality_Laptop_20-29-42] Within safeFindElement method
20:31:10 [TestNG-test-Test-3] INFO  verifyingDisplaySizeFilterFunctionality_Laptop_20-29-42 - [verifyingDisplaySizeFilterFunctionality_Laptop_20-29-42]Found the element returning it ,element ->[[ChromeDriver: chrome on windows (5f28c669577438246038219e80837668)] -> xpath: //div[@id='prodDetails']]
20:31:10 [TestNG-test-Test-3] INFO  verifyingDisplaySizeFilterFunctionality_Laptop_20-29-42 - [verifyingDisplaySizeFilterFunctionality_Laptop_20-29-42] Extracting 'name' , 'keyFeatures', 'about' , 'techDetails' within productNameListingPage loop
20:31:10 [TestNG-test-Test-3] INFO  verifyingDisplaySizeFilterFunctionality_Laptop_20-29-42 - [verifyingDisplaySizeFilterFunctionality_Laptop_20-29-42] Waiting until element is visible in viewport
20:31:20 [TestNG-test-Test-3] INFO  verifyingDisplaySizeFilterFunctionality_Laptop_20-29-42 - [verifyingDisplaySizeFilterFunctionality_Laptop_20-29-42] Within smoothScrollToElement method
20:31:20 [TestNG-test-Test-3] INFO  verifyingDisplaySizeFilterFunctionality_Laptop_20-29-42 - [verifyingDisplaySizeFilterFunctionality_Laptop_20-29-42] Within safeFindElement method
20:31:20 [TestNG-test-Test-3] INFO  verifyingDisplaySizeFilterFunctionality_Laptop_20-29-42 - [verifyingDisplaySizeFilterFunctionality_Laptop_20-29-42]Found the element returning it ,element ->[[ChromeDriver: chrome on windows (5f28c669577438246038219e80837668)] -> xpath: //a[@id='seeMoreDetailsLink']]
20:31:20 [TestNG-test-Test-3] INFO  verifyingDisplaySizeFilterFunctionality_Laptop_20-29-42 - [verifyingDisplaySizeFilterFunctionality_Laptop_20-29-42] Successfully scrolled to element: By.xpath: //a[@id='seeMoreDetailsLink']
20:31:20 [TestNG-test-Test-3] INFO  verifyingDisplaySizeFilterFunctionality_Laptop_20-29-42 - [verifyingDisplaySizeFilterFunctionality_Laptop_20-29-42] Within safeClick method
20:31:20 [TestNG-test-Test-3] INFO  verifyingDisplaySizeFilterFunctionality_Laptop_20-29-42 - [verifyingDisplaySizeFilterFunctionality_Laptop_20-29-42] Clicked the  [[ChromeDriver: chrome on windows (5f28c669577438246038219e80837668)] -> xpath: //a[@id='seeMoreDetailsLink']]   using safeClick
20:31:20 [TestNG-test-Test-3] INFO  verifyingDisplaySizeFilterFunctionality_Laptop_20-29-42 - [verifyingDisplaySizeFilterFunctionality_Laptop_20-29-42] Within try block for clicking see more deatils within productNameListingPage loop
20:31:20 [TestNG-test-Test-3] INFO  verifyingDisplaySizeFilterFunctionality_Laptop_20-29-42 - [verifyingDisplaySizeFilterFunctionality_Laptop_20-29-42] Within closeCurrentWindowAndSwitchBack method
20:31:20 [TestNG-test-Test-3] INFO  verifyingDisplaySizeFilterFunctionality_Laptop_20-29-42 - [verifyingDisplaySizeFilterFunctionality_Laptop_20-29-42] Total open windows/tabs count -> 2
20:31:20 [TestNG-test-Test-3] INFO  verifyingDisplaySizeFilterFunctionality_Laptop_20-29-42 - [verifyingDisplaySizeFilterFunctionality_Laptop_20-29-42] Original window handle -> 4FD498FF7C268EAD07E38C1D5D5B2EA7
20:31:20 [TestNG-test-Test-3] INFO  verifyingDisplaySizeFilterFunctionality_Laptop_20-29-42 - [verifyingDisplaySizeFilterFunctionality_Laptop_20-29-42] Found new tab/window handle -> 212405F8BADB25B6BEAD4A30F9EE4AE0 (will be closed)
20:31:21 [TestNG-test-Test-3] INFO  verifyingDisplaySizeFilterFunctionality_Laptop_20-29-42 - [verifyingDisplaySizeFilterFunctionality_Laptop_20-29-42] Successfully switched to new tab/window -> 212405F8BADB25B6BEAD4A30F9EE4AE0
20:31:21 [TestNG-test-Test-3] INFO  verifyingDisplaySizeFilterFunctionality_Laptop_20-29-42 - [verifyingDisplaySizeFilterFunctionality_Laptop_20-29-42] Closed the newly opened tab/window -> 212405F8BADB25B6BEAD4A30F9EE4AE0
20:31:21 [TestNG-test-Test-3] INFO  verifyingDisplaySizeFilterFunctionality_Laptop_20-29-42 - [verifyingDisplaySizeFilterFunctionality_Laptop_20-29-42] Switched back to the original window -> 4FD498FF7C268EAD07E38C1D5D5B2EA7
20:31:21 [TestNG-test-Test-3] INFO  verifyingDisplaySizeFilterFunctionality_Laptop_20-29-42 - [verifyingDisplaySizeFilterFunctionality_Laptop_20-29-42]  going back to product listing via closeCurrentWindowAndSwitchBack 
20:31:21 [TestNG-test-Test-3] INFO  verifyingDisplaySizeFilterFunctionality_Laptop_20-29-42 - [verifyingDisplaySizeFilterFunctionality_Laptop_20-29-42]  Added 'filter','title','keyFeatures', 'about', 'techDetails' into the Map -> productResult
20:31:21 [TestNG-test-Test-3] INFO  verifyingDisplaySizeFilterFunctionality_Laptop_20-29-42 - [verifyingDisplaySizeFilterFunctionality_Laptop_20-29-42]  Added 'productResult' Map into the 'results' i.e list of maps 
20:31:21 [TestNG-test-Test-3] INFO  verifyingDisplaySizeFilterFunctionality_Laptop_20-29-42 - [verifyingDisplaySizeFilterFunctionality_Laptop_20-29-42]==========================================================================================================
20:31:21 [TestNG-test-Test-3] INFO  verifyingDisplaySizeFilterFunctionality_Laptop_20-29-42 - [verifyingDisplaySizeFilterFunctionality_Laptop_20-29-42] Within safeFindElements 
20:31:21 [TestNG-test-Test-3] INFO  verifyingDisplaySizeFilterFunctionality_Laptop_20-29-42 - [verifyingDisplaySizeFilterFunctionality_Laptop_20-29-42] Returning the  [[[ChromeDriver: chrome on windows (5f28c669577438246038219e80837668)] -> xpath: //div[@data-cy='title-recipe']], [[ChromeDriver: chrome on windows (5f28c669577438246038219e80837668)] -> xpath: //div[@data-cy='title-recipe']], [[ChromeDriver: chrome on windows (5f28c669577438246038219e80837668)] -> xpath: //div[@data-cy='title-recipe']], [[ChromeDriver: chrome on windows (5f28c669577438246038219e80837668)] -> xpath: //div[@data-cy='title-recipe']], [[ChromeDriver: chrome on windows (5f28c669577438246038219e80837668)] -> xpath: //div[@data-cy='title-recipe']], [[ChromeDriver: chrome on windows (5f28c669577438246038219e80837668)] -> xpath: //div[@data-cy='title-recipe']], [[ChromeDriver: chrome on windows (5f28c669577438246038219e80837668)] -> xpath: //div[@data-cy='title-recipe']], [[ChromeDriver: chrome on windows (5f28c669577438246038219e80837668)] -> xpath: //div[@data-cy='title-recipe']], [[ChromeDriver: chrome on windows (5f28c669577438246038219e80837668)] -> xpath: //div[@data-cy='title-recipe']], [[ChromeDriver: chrome on windows (5f28c669577438246038219e80837668)] -> xpath: //div[@data-cy='title-recipe']], [[ChromeDriver: chrome on windows (5f28c669577438246038219e80837668)] -> xpath: //div[@data-cy='title-recipe']], [[ChromeDriver: chrome on windows (5f28c669577438246038219e80837668)] -> xpath: //div[@data-cy='title-recipe']], [[ChromeDriver: chrome on windows (5f28c669577438246038219e80837668)] -> xpath: //div[@data-cy='title-recipe']], [[ChromeDriver: chrome on windows (5f28c669577438246038219e80837668)] -> xpath: //div[@data-cy='title-recipe']], [[ChromeDriver: chrome on windows (5f28c669577438246038219e80837668)] -> xpath: //div[@data-cy='title-recipe']], [[ChromeDriver: chrome on windows (5f28c669577438246038219e80837668)] -> xpath: //div[@data-cy='title-recipe']]] from the safeFindElements method
20:31:21 [TestNG-test-Test-3] INFO  verifyingDisplaySizeFilterFunctionality_Laptop_20-29-42 - [verifyingDisplaySizeFilterFunctionality_Laptop_20-29-42] Within productNameListingPage loop in applyFilterAndValidateProductsWithResult
20:31:21 [TestNG-test-Test-3] INFO  verifyingDisplaySizeFilterFunctionality_Laptop_20-29-42 - [verifyingDisplaySizeFilterFunctionality_Laptop_20-29-42] Within getProductByIndex method
20:31:21 [TestNG-test-Test-3] INFO  verifyingDisplaySizeFilterFunctionality_Laptop_20-29-42 - [verifyingDisplaySizeFilterFunctionality_Laptop_20-29-42] Within safeFindElement method
20:31:21 [TestNG-test-Test-3] INFO  verifyingDisplaySizeFilterFunctionality_Laptop_20-29-42 - [verifyingDisplaySizeFilterFunctionality_Laptop_20-29-42]Found the element returning it ,element ->[[ChromeDriver: chrome on windows (5f28c669577438246038219e80837668)] -> xpath: (//div[@data-cy='title-recipe'])[8]]
20:31:21 [TestNG-test-Test-3] INFO  verifyingDisplaySizeFilterFunctionality_Laptop_20-29-42 - [verifyingDisplaySizeFilterFunctionality_Laptop_20-29-42] Within getProductByIndex method
20:31:21 [TestNG-test-Test-3] INFO  verifyingDisplaySizeFilterFunctionality_Laptop_20-29-42 - [verifyingDisplaySizeFilterFunctionality_Laptop_20-29-42] Within smoothScrollToElement method
20:31:21 [TestNG-test-Test-3] INFO  verifyingDisplaySizeFilterFunctionality_Laptop_20-29-42 - [verifyingDisplaySizeFilterFunctionality_Laptop_20-29-42] Within safeFindElement method
20:31:21 [TestNG-test-Test-3] INFO  verifyingDisplaySizeFilterFunctionality_Laptop_20-29-42 - [verifyingDisplaySizeFilterFunctionality_Laptop_20-29-42]Found the element returning it ,element ->[[ChromeDriver: chrome on windows (5f28c669577438246038219e80837668)] -> xpath: (//div[@data-cy='title-recipe'])[8]]
20:31:21 [TestNG-test-Test-3] INFO  verifyingDisplaySizeFilterFunctionality_Laptop_20-29-42 - [verifyingDisplaySizeFilterFunctionality_Laptop_20-29-42] Successfully scrolled to element: By.xpath: (//div[@data-cy='title-recipe'])[8]
20:31:21 [TestNG-test-Test-3] INFO  verifyingDisplaySizeFilterFunctionality_Laptop_20-29-42 - [verifyingDisplaySizeFilterFunctionality_Laptop_20-29-42] Getting product by index in productNameListingPage loop
20:31:21 [TestNG-test-Test-3] INFO  verifyingDisplaySizeFilterFunctionality_Laptop_20-29-42 - [verifyingDisplaySizeFilterFunctionality_Laptop_20-29-42] Opened product in new tab via Ctrl+Click inside productNameListingPage loop
20:31:21 [TestNG-test-Test-3] INFO  verifyingDisplaySizeFilterFunctionality_Laptop_20-29-42 - [verifyingDisplaySizeFilterFunctionality_Laptop_20-29-42] Waiting for new window to open...
20:31:21 [TestNG-test-Test-3] INFO  verifyingDisplaySizeFilterFunctionality_Laptop_20-29-42 - [verifyingDisplaySizeFilterFunctionality_Laptop_20-29-42] Switched to new window -> 04106EEC63613A599E3528867DC386B6
20:31:21 [TestNG-test-Test-3] INFO  verifyingDisplaySizeFilterFunctionality_Laptop_20-29-42 - [verifyingDisplaySizeFilterFunctionality_Laptop_20-29-42] Swithcing to the new window  within productNameListingPage loop
20:31:21 [TestNG-test-Test-3] INFO  verifyingDisplaySizeFilterFunctionality_Laptop_20-29-42 - [verifyingDisplaySizeFilterFunctionality_Laptop_20-29-42] Clicked product name to open in new tab from productNameListingPage loop
20:31:21 [TestNG-test-Test-3] INFO  verifyingDisplaySizeFilterFunctionality_Laptop_20-29-42 - [verifyingDisplaySizeFilterFunctionality_Laptop_20-29-42] Within safeFindElement method
20:31:25 [TestNG-test-Test-3] INFO  verifyingDisplaySizeFilterFunctionality_Laptop_20-29-42 - [verifyingDisplaySizeFilterFunctionality_Laptop_20-29-42]Found the element returning it ,element ->[[ChromeDriver: chrome on windows (5f28c669577438246038219e80837668)] -> xpath: //span[@id='productTitle']]
20:31:25 [TestNG-test-Test-3] INFO  verifyingDisplaySizeFilterFunctionality_Laptop_20-29-42 - [verifyingDisplaySizeFilterFunctionality_Laptop_20-29-42] Within safeFindElement method
20:31:26 [TestNG-test-Test-3] INFO  verifyingDisplaySizeFilterFunctionality_Laptop_20-29-42 - [verifyingDisplaySizeFilterFunctionality_Laptop_20-29-42]Found the element returning it ,element ->[[ChromeDriver: chrome on windows (5f28c669577438246038219e80837668)] -> xpath: //div[@class='a-section a-spacing-small a-spacing-top-small']]
20:31:26 [TestNG-test-Test-3] INFO  verifyingDisplaySizeFilterFunctionality_Laptop_20-29-42 - [verifyingDisplaySizeFilterFunctionality_Laptop_20-29-42] Within safeFindElement method
20:31:26 [TestNG-test-Test-3] INFO  verifyingDisplaySizeFilterFunctionality_Laptop_20-29-42 - [verifyingDisplaySizeFilterFunctionality_Laptop_20-29-42]Found the element returning it ,element ->[[ChromeDriver: chrome on windows (5f28c669577438246038219e80837668)] -> xpath: //div[@id='feature-bullets']]
20:31:26 [TestNG-test-Test-3] INFO  verifyingDisplaySizeFilterFunctionality_Laptop_20-29-42 - [verifyingDisplaySizeFilterFunctionality_Laptop_20-29-42] Within safeFindElement method
20:31:26 [TestNG-test-Test-3] INFO  verifyingDisplaySizeFilterFunctionality_Laptop_20-29-42 - [verifyingDisplaySizeFilterFunctionality_Laptop_20-29-42]Found the element returning it ,element ->[[ChromeDriver: chrome on windows (5f28c669577438246038219e80837668)] -> xpath: //div[@id='prodDetails']]
20:31:26 [TestNG-test-Test-3] INFO  verifyingDisplaySizeFilterFunctionality_Laptop_20-29-42 - [verifyingDisplaySizeFilterFunctionality_Laptop_20-29-42] Extracting 'name' , 'keyFeatures', 'about' , 'techDetails' within productNameListingPage loop
20:31:26 [TestNG-test-Test-3] INFO  verifyingDisplaySizeFilterFunctionality_Laptop_20-29-42 - [verifyingDisplaySizeFilterFunctionality_Laptop_20-29-42] Waiting until element is visible in viewport
20:31:37 [TestNG-test-Test-3] INFO  verifyingDisplaySizeFilterFunctionality_Laptop_20-29-42 - [verifyingDisplaySizeFilterFunctionality_Laptop_20-29-42] Within smoothScrollToElement method
20:31:37 [TestNG-test-Test-3] INFO  verifyingDisplaySizeFilterFunctionality_Laptop_20-29-42 - [verifyingDisplaySizeFilterFunctionality_Laptop_20-29-42] Within safeFindElement method
20:31:37 [TestNG-test-Test-3] INFO  verifyingDisplaySizeFilterFunctionality_Laptop_20-29-42 - [verifyingDisplaySizeFilterFunctionality_Laptop_20-29-42]Found the element returning it ,element ->[[ChromeDriver: chrome on windows (5f28c669577438246038219e80837668)] -> xpath: //a[@id='seeMoreDetailsLink']]
20:31:37 [TestNG-test-Test-3] INFO  verifyingDisplaySizeFilterFunctionality_Laptop_20-29-42 - [verifyingDisplaySizeFilterFunctionality_Laptop_20-29-42] Successfully scrolled to element: By.xpath: //a[@id='seeMoreDetailsLink']
20:31:37 [TestNG-test-Test-3] INFO  verifyingDisplaySizeFilterFunctionality_Laptop_20-29-42 - [verifyingDisplaySizeFilterFunctionality_Laptop_20-29-42] Within safeClick method
20:31:37 [TestNG-test-Test-3] INFO  verifyingDisplaySizeFilterFunctionality_Laptop_20-29-42 - [verifyingDisplaySizeFilterFunctionality_Laptop_20-29-42] Clicked the  [[ChromeDriver: chrome on windows (5f28c669577438246038219e80837668)] -> xpath: //a[@id='seeMoreDetailsLink']]   using safeClick
20:31:37 [TestNG-test-Test-3] INFO  verifyingDisplaySizeFilterFunctionality_Laptop_20-29-42 - [verifyingDisplaySizeFilterFunctionality_Laptop_20-29-42] Within try block for clicking see more deatils within productNameListingPage loop
20:31:37 [TestNG-test-Test-3] INFO  verifyingDisplaySizeFilterFunctionality_Laptop_20-29-42 - [verifyingDisplaySizeFilterFunctionality_Laptop_20-29-42] Within closeCurrentWindowAndSwitchBack method
20:31:37 [TestNG-test-Test-3] INFO  verifyingDisplaySizeFilterFunctionality_Laptop_20-29-42 - [verifyingDisplaySizeFilterFunctionality_Laptop_20-29-42] Total open windows/tabs count -> 2
20:31:37 [TestNG-test-Test-3] INFO  verifyingDisplaySizeFilterFunctionality_Laptop_20-29-42 - [verifyingDisplaySizeFilterFunctionality_Laptop_20-29-42] Original window handle -> 4FD498FF7C268EAD07E38C1D5D5B2EA7
20:31:37 [TestNG-test-Test-3] INFO  verifyingDisplaySizeFilterFunctionality_Laptop_20-29-42 - [verifyingDisplaySizeFilterFunctionality_Laptop_20-29-42] Found new tab/window handle -> 04106EEC63613A599E3528867DC386B6 (will be closed)
20:31:37 [TestNG-test-Test-3] INFO  verifyingDisplaySizeFilterFunctionality_Laptop_20-29-42 - [verifyingDisplaySizeFilterFunctionality_Laptop_20-29-42] Successfully switched to new tab/window -> 04106EEC63613A599E3528867DC386B6
20:31:37 [TestNG-test-Test-3] INFO  verifyingDisplaySizeFilterFunctionality_Laptop_20-29-42 - [verifyingDisplaySizeFilterFunctionality_Laptop_20-29-42] Closed the newly opened tab/window -> 04106EEC63613A599E3528867DC386B6
20:31:37 [TestNG-test-Test-3] INFO  verifyingDisplaySizeFilterFunctionality_Laptop_20-29-42 - [verifyingDisplaySizeFilterFunctionality_Laptop_20-29-42] Switched back to the original window -> 4FD498FF7C268EAD07E38C1D5D5B2EA7
20:31:37 [TestNG-test-Test-3] INFO  verifyingDisplaySizeFilterFunctionality_Laptop_20-29-42 - [verifyingDisplaySizeFilterFunctionality_Laptop_20-29-42]  going back to product listing via closeCurrentWindowAndSwitchBack 
20:31:37 [TestNG-test-Test-3] INFO  verifyingDisplaySizeFilterFunctionality_Laptop_20-29-42 - [verifyingDisplaySizeFilterFunctionality_Laptop_20-29-42]  Added 'filter','title','keyFeatures', 'about', 'techDetails' into the Map -> productResult
20:31:37 [TestNG-test-Test-3] INFO  verifyingDisplaySizeFilterFunctionality_Laptop_20-29-42 - [verifyingDisplaySizeFilterFunctionality_Laptop_20-29-42]  Added 'productResult' Map into the 'results' i.e list of maps 
20:31:37 [TestNG-test-Test-3] INFO  verifyingDisplaySizeFilterFunctionality_Laptop_20-29-42 - [verifyingDisplaySizeFilterFunctionality_Laptop_20-29-42]==========================================================================================================
20:31:37 [TestNG-test-Test-3] INFO  verifyingDisplaySizeFilterFunctionality_Laptop_20-29-42 - [verifyingDisplaySizeFilterFunctionality_Laptop_20-29-42] Within safeFindElements 
20:31:37 [TestNG-test-Test-3] INFO  verifyingDisplaySizeFilterFunctionality_Laptop_20-29-42 - [verifyingDisplaySizeFilterFunctionality_Laptop_20-29-42] Returning the  [[[ChromeDriver: chrome on windows (5f28c669577438246038219e80837668)] -> xpath: //div[@data-cy='title-recipe']], [[ChromeDriver: chrome on windows (5f28c669577438246038219e80837668)] -> xpath: //div[@data-cy='title-recipe']], [[ChromeDriver: chrome on windows (5f28c669577438246038219e80837668)] -> xpath: //div[@data-cy='title-recipe']], [[ChromeDriver: chrome on windows (5f28c669577438246038219e80837668)] -> xpath: //div[@data-cy='title-recipe']], [[ChromeDriver: chrome on windows (5f28c669577438246038219e80837668)] -> xpath: //div[@data-cy='title-recipe']], [[ChromeDriver: chrome on windows (5f28c669577438246038219e80837668)] -> xpath: //div[@data-cy='title-recipe']], [[ChromeDriver: chrome on windows (5f28c669577438246038219e80837668)] -> xpath: //div[@data-cy='title-recipe']], [[ChromeDriver: chrome on windows (5f28c669577438246038219e80837668)] -> xpath: //div[@data-cy='title-recipe']], [[ChromeDriver: chrome on windows (5f28c669577438246038219e80837668)] -> xpath: //div[@data-cy='title-recipe']], [[ChromeDriver: chrome on windows (5f28c669577438246038219e80837668)] -> xpath: //div[@data-cy='title-recipe']], [[ChromeDriver: chrome on windows (5f28c669577438246038219e80837668)] -> xpath: //div[@data-cy='title-recipe']], [[ChromeDriver: chrome on windows (5f28c669577438246038219e80837668)] -> xpath: //div[@data-cy='title-recipe']], [[ChromeDriver: chrome on windows (5f28c669577438246038219e80837668)] -> xpath: //div[@data-cy='title-recipe']], [[ChromeDriver: chrome on windows (5f28c669577438246038219e80837668)] -> xpath: //div[@data-cy='title-recipe']], [[ChromeDriver: chrome on windows (5f28c669577438246038219e80837668)] -> xpath: //div[@data-cy='title-recipe']], [[ChromeDriver: chrome on windows (5f28c669577438246038219e80837668)] -> xpath: //div[@data-cy='title-recipe']]] from the safeFindElements method
20:31:37 [TestNG-test-Test-3] INFO  verifyingDisplaySizeFilterFunctionality_Laptop_20-29-42 - [verifyingDisplaySizeFilterFunctionality_Laptop_20-29-42] Within productNameListingPage loop in applyFilterAndValidateProductsWithResult
20:31:37 [TestNG-test-Test-3] INFO  verifyingDisplaySizeFilterFunctionality_Laptop_20-29-42 - [verifyingDisplaySizeFilterFunctionality_Laptop_20-29-42] Within getProductByIndex method
20:31:37 [TestNG-test-Test-3] INFO  verifyingDisplaySizeFilterFunctionality_Laptop_20-29-42 - [verifyingDisplaySizeFilterFunctionality_Laptop_20-29-42] Within safeFindElement method
20:31:37 [TestNG-test-Test-3] INFO  verifyingDisplaySizeFilterFunctionality_Laptop_20-29-42 - [verifyingDisplaySizeFilterFunctionality_Laptop_20-29-42]Found the element returning it ,element ->[[ChromeDriver: chrome on windows (5f28c669577438246038219e80837668)] -> xpath: (//div[@data-cy='title-recipe'])[9]]
20:31:37 [TestNG-test-Test-3] INFO  verifyingDisplaySizeFilterFunctionality_Laptop_20-29-42 - [verifyingDisplaySizeFilterFunctionality_Laptop_20-29-42] Within getProductByIndex method
20:31:37 [TestNG-test-Test-3] INFO  verifyingDisplaySizeFilterFunctionality_Laptop_20-29-42 - [verifyingDisplaySizeFilterFunctionality_Laptop_20-29-42] Within smoothScrollToElement method
20:31:37 [TestNG-test-Test-3] INFO  verifyingDisplaySizeFilterFunctionality_Laptop_20-29-42 - [verifyingDisplaySizeFilterFunctionality_Laptop_20-29-42] Within safeFindElement method
20:31:37 [TestNG-test-Test-3] INFO  verifyingDisplaySizeFilterFunctionality_Laptop_20-29-42 - [verifyingDisplaySizeFilterFunctionality_Laptop_20-29-42]Found the element returning it ,element ->[[ChromeDriver: chrome on windows (5f28c669577438246038219e80837668)] -> xpath: (//div[@data-cy='title-recipe'])[9]]
20:31:37 [TestNG-test-Test-3] INFO  verifyingDisplaySizeFilterFunctionality_Laptop_20-29-42 - [verifyingDisplaySizeFilterFunctionality_Laptop_20-29-42] Successfully scrolled to element: By.xpath: (//div[@data-cy='title-recipe'])[9]
20:31:37 [TestNG-test-Test-3] INFO  verifyingDisplaySizeFilterFunctionality_Laptop_20-29-42 - [verifyingDisplaySizeFilterFunctionality_Laptop_20-29-42] Getting product by index in productNameListingPage loop
20:31:37 [TestNG-test-Test-3] INFO  verifyingDisplaySizeFilterFunctionality_Laptop_20-29-42 - [verifyingDisplaySizeFilterFunctionality_Laptop_20-29-42] Opened product in new tab via Ctrl+Click inside productNameListingPage loop
20:31:37 [TestNG-test-Test-3] INFO  verifyingDisplaySizeFilterFunctionality_Laptop_20-29-42 - [verifyingDisplaySizeFilterFunctionality_Laptop_20-29-42] Waiting for new window to open...
20:31:38 [TestNG-test-Test-3] INFO  verifyingDisplaySizeFilterFunctionality_Laptop_20-29-42 - [verifyingDisplaySizeFilterFunctionality_Laptop_20-29-42] Switched to new window -> 771A9F5E58D9C62A5ABFAD1E4F8B39A8
20:31:38 [TestNG-test-Test-3] INFO  verifyingDisplaySizeFilterFunctionality_Laptop_20-29-42 - [verifyingDisplaySizeFilterFunctionality_Laptop_20-29-42] Swithcing to the new window  within productNameListingPage loop
20:31:38 [TestNG-test-Test-3] INFO  verifyingDisplaySizeFilterFunctionality_Laptop_20-29-42 - [verifyingDisplaySizeFilterFunctionality_Laptop_20-29-42] Clicked product name to open in new tab from productNameListingPage loop
20:31:38 [TestNG-test-Test-3] INFO  verifyingDisplaySizeFilterFunctionality_Laptop_20-29-42 - [verifyingDisplaySizeFilterFunctionality_Laptop_20-29-42] Within safeFindElement method
20:31:41 [TestNG-test-Test-3] INFO  verifyingDisplaySizeFilterFunctionality_Laptop_20-29-42 - [verifyingDisplaySizeFilterFunctionality_Laptop_20-29-42]Found the element returning it ,element ->[[ChromeDriver: chrome on windows (5f28c669577438246038219e80837668)] -> xpath: //span[@id='productTitle']]
20:31:41 [TestNG-test-Test-3] INFO  verifyingDisplaySizeFilterFunctionality_Laptop_20-29-42 - [verifyingDisplaySizeFilterFunctionality_Laptop_20-29-42] Within safeFindElement method
20:31:42 [TestNG-test-Test-3] INFO  verifyingDisplaySizeFilterFunctionality_Laptop_20-29-42 - [verifyingDisplaySizeFilterFunctionality_Laptop_20-29-42]Found the element returning it ,element ->[[ChromeDriver: chrome on windows (5f28c669577438246038219e80837668)] -> xpath: //div[@class='a-section a-spacing-small a-spacing-top-small']]
20:31:42 [TestNG-test-Test-3] INFO  verifyingDisplaySizeFilterFunctionality_Laptop_20-29-42 - [verifyingDisplaySizeFilterFunctionality_Laptop_20-29-42] Within safeFindElement method
20:31:42 [TestNG-test-Test-3] INFO  verifyingDisplaySizeFilterFunctionality_Laptop_20-29-42 - [verifyingDisplaySizeFilterFunctionality_Laptop_20-29-42]Found the element returning it ,element ->[[ChromeDriver: chrome on windows (5f28c669577438246038219e80837668)] -> xpath: //div[@id='feature-bullets']]
20:31:42 [TestNG-test-Test-3] INFO  verifyingDisplaySizeFilterFunctionality_Laptop_20-29-42 - [verifyingDisplaySizeFilterFunctionality_Laptop_20-29-42] Within safeFindElement method
20:31:42 [TestNG-test-Test-3] INFO  verifyingDisplaySizeFilterFunctionality_Laptop_20-29-42 - [verifyingDisplaySizeFilterFunctionality_Laptop_20-29-42]Found the element returning it ,element ->[[ChromeDriver: chrome on windows (5f28c669577438246038219e80837668)] -> xpath: //div[@id='prodDetails']]
20:31:42 [TestNG-test-Test-3] INFO  verifyingDisplaySizeFilterFunctionality_Laptop_20-29-42 - [verifyingDisplaySizeFilterFunctionality_Laptop_20-29-42] Extracting 'name' , 'keyFeatures', 'about' , 'techDetails' within productNameListingPage loop
20:31:42 [TestNG-test-Test-3] INFO  verifyingDisplaySizeFilterFunctionality_Laptop_20-29-42 - [verifyingDisplaySizeFilterFunctionality_Laptop_20-29-42] Waiting until element is visible in viewport
20:31:52 [TestNG-test-Test-3] INFO  verifyingDisplaySizeFilterFunctionality_Laptop_20-29-42 - [verifyingDisplaySizeFilterFunctionality_Laptop_20-29-42] Within smoothScrollToElement method
20:31:52 [TestNG-test-Test-3] INFO  verifyingDisplaySizeFilterFunctionality_Laptop_20-29-42 - [verifyingDisplaySizeFilterFunctionality_Laptop_20-29-42] Within safeFindElement method
20:31:52 [TestNG-test-Test-3] INFO  verifyingDisplaySizeFilterFunctionality_Laptop_20-29-42 - [verifyingDisplaySizeFilterFunctionality_Laptop_20-29-42]Found the element returning it ,element ->[[ChromeDriver: chrome on windows (5f28c669577438246038219e80837668)] -> xpath: //a[@id='seeMoreDetailsLink']]
20:31:52 [TestNG-test-Test-3] INFO  verifyingDisplaySizeFilterFunctionality_Laptop_20-29-42 - [verifyingDisplaySizeFilterFunctionality_Laptop_20-29-42] Successfully scrolled to element: By.xpath: //a[@id='seeMoreDetailsLink']
20:31:52 [TestNG-test-Test-3] INFO  verifyingDisplaySizeFilterFunctionality_Laptop_20-29-42 - [verifyingDisplaySizeFilterFunctionality_Laptop_20-29-42] Within safeClick method
20:31:52 [TestNG-test-Test-3] INFO  verifyingDisplaySizeFilterFunctionality_Laptop_20-29-42 - [verifyingDisplaySizeFilterFunctionality_Laptop_20-29-42] Clicked the  [[ChromeDriver: chrome on windows (5f28c669577438246038219e80837668)] -> xpath: //a[@id='seeMoreDetailsLink']]   using safeClick
20:31:52 [TestNG-test-Test-3] INFO  verifyingDisplaySizeFilterFunctionality_Laptop_20-29-42 - [verifyingDisplaySizeFilterFunctionality_Laptop_20-29-42] Within try block for clicking see more deatils within productNameListingPage loop
20:31:52 [TestNG-test-Test-3] INFO  verifyingDisplaySizeFilterFunctionality_Laptop_20-29-42 - [verifyingDisplaySizeFilterFunctionality_Laptop_20-29-42] Within closeCurrentWindowAndSwitchBack method
20:31:52 [TestNG-test-Test-3] INFO  verifyingDisplaySizeFilterFunctionality_Laptop_20-29-42 - [verifyingDisplaySizeFilterFunctionality_Laptop_20-29-42] Total open windows/tabs count -> 2
20:31:52 [TestNG-test-Test-3] INFO  verifyingDisplaySizeFilterFunctionality_Laptop_20-29-42 - [verifyingDisplaySizeFilterFunctionality_Laptop_20-29-42] Original window handle -> 4FD498FF7C268EAD07E38C1D5D5B2EA7
20:31:52 [TestNG-test-Test-3] INFO  verifyingDisplaySizeFilterFunctionality_Laptop_20-29-42 - [verifyingDisplaySizeFilterFunctionality_Laptop_20-29-42] Found new tab/window handle -> 771A9F5E58D9C62A5ABFAD1E4F8B39A8 (will be closed)
20:31:52 [TestNG-test-Test-3] INFO  verifyingDisplaySizeFilterFunctionality_Laptop_20-29-42 - [verifyingDisplaySizeFilterFunctionality_Laptop_20-29-42] Successfully switched to new tab/window -> 771A9F5E58D9C62A5ABFAD1E4F8B39A8
20:31:53 [TestNG-test-Test-3] INFO  verifyingDisplaySizeFilterFunctionality_Laptop_20-29-42 - [verifyingDisplaySizeFilterFunctionality_Laptop_20-29-42] Closed the newly opened tab/window -> 771A9F5E58D9C62A5ABFAD1E4F8B39A8
20:31:53 [TestNG-test-Test-3] INFO  verifyingDisplaySizeFilterFunctionality_Laptop_20-29-42 - [verifyingDisplaySizeFilterFunctionality_Laptop_20-29-42] Switched back to the original window -> 4FD498FF7C268EAD07E38C1D5D5B2EA7
20:31:53 [TestNG-test-Test-3] INFO  verifyingDisplaySizeFilterFunctionality_Laptop_20-29-42 - [verifyingDisplaySizeFilterFunctionality_Laptop_20-29-42]  going back to product listing via closeCurrentWindowAndSwitchBack 
20:31:53 [TestNG-test-Test-3] INFO  verifyingDisplaySizeFilterFunctionality_Laptop_20-29-42 - [verifyingDisplaySizeFilterFunctionality_Laptop_20-29-42]  Added 'filter','title','keyFeatures', 'about', 'techDetails' into the Map -> productResult
20:31:53 [TestNG-test-Test-3] INFO  verifyingDisplaySizeFilterFunctionality_Laptop_20-29-42 - [verifyingDisplaySizeFilterFunctionality_Laptop_20-29-42]  Added 'productResult' Map into the 'results' i.e list of maps 
20:31:53 [TestNG-test-Test-3] INFO  verifyingDisplaySizeFilterFunctionality_Laptop_20-29-42 - [verifyingDisplaySizeFilterFunctionality_Laptop_20-29-42]==========================================================================================================
20:31:53 [TestNG-test-Test-3] INFO  verifyingDisplaySizeFilterFunctionality_Laptop_20-29-42 - [verifyingDisplaySizeFilterFunctionality_Laptop_20-29-42] Within safeFindElements 
20:31:53 [TestNG-test-Test-3] INFO  verifyingDisplaySizeFilterFunctionality_Laptop_20-29-42 - [verifyingDisplaySizeFilterFunctionality_Laptop_20-29-42] Returning the  [[[ChromeDriver: chrome on windows (5f28c669577438246038219e80837668)] -> xpath: //div[@data-cy='title-recipe']], [[ChromeDriver: chrome on windows (5f28c669577438246038219e80837668)] -> xpath: //div[@data-cy='title-recipe']], [[ChromeDriver: chrome on windows (5f28c669577438246038219e80837668)] -> xpath: //div[@data-cy='title-recipe']], [[ChromeDriver: chrome on windows (5f28c669577438246038219e80837668)] -> xpath: //div[@data-cy='title-recipe']], [[ChromeDriver: chrome on windows (5f28c669577438246038219e80837668)] -> xpath: //div[@data-cy='title-recipe']], [[ChromeDriver: chrome on windows (5f28c669577438246038219e80837668)] -> xpath: //div[@data-cy='title-recipe']], [[ChromeDriver: chrome on windows (5f28c669577438246038219e80837668)] -> xpath: //div[@data-cy='title-recipe']], [[ChromeDriver: chrome on windows (5f28c669577438246038219e80837668)] -> xpath: //div[@data-cy='title-recipe']], [[ChromeDriver: chrome on windows (5f28c669577438246038219e80837668)] -> xpath: //div[@data-cy='title-recipe']], [[ChromeDriver: chrome on windows (5f28c669577438246038219e80837668)] -> xpath: //div[@data-cy='title-recipe']], [[ChromeDriver: chrome on windows (5f28c669577438246038219e80837668)] -> xpath: //div[@data-cy='title-recipe']], [[ChromeDriver: chrome on windows (5f28c669577438246038219e80837668)] -> xpath: //div[@data-cy='title-recipe']], [[ChromeDriver: chrome on windows (5f28c669577438246038219e80837668)] -> xpath: //div[@data-cy='title-recipe']], [[ChromeDriver: chrome on windows (5f28c669577438246038219e80837668)] -> xpath: //div[@data-cy='title-recipe']], [[ChromeDriver: chrome on windows (5f28c669577438246038219e80837668)] -> xpath: //div[@data-cy='title-recipe']], [[ChromeDriver: chrome on windows (5f28c669577438246038219e80837668)] -> xpath: //div[@data-cy='title-recipe']]] from the safeFindElements method
20:31:53 [TestNG-test-Test-3] INFO  verifyingDisplaySizeFilterFunctionality_Laptop_20-29-42 - [verifyingDisplaySizeFilterFunctionality_Laptop_20-29-42] Within productNameListingPage loop in applyFilterAndValidateProductsWithResult
20:31:53 [TestNG-test-Test-3] INFO  verifyingDisplaySizeFilterFunctionality_Laptop_20-29-42 - [verifyingDisplaySizeFilterFunctionality_Laptop_20-29-42] Within getProductByIndex method
20:31:53 [TestNG-test-Test-3] INFO  verifyingDisplaySizeFilterFunctionality_Laptop_20-29-42 - [verifyingDisplaySizeFilterFunctionality_Laptop_20-29-42] Within safeFindElement method
20:31:53 [TestNG-test-Test-3] INFO  verifyingDisplaySizeFilterFunctionality_Laptop_20-29-42 - [verifyingDisplaySizeFilterFunctionality_Laptop_20-29-42]Found the element returning it ,element ->[[ChromeDriver: chrome on windows (5f28c669577438246038219e80837668)] -> xpath: (//div[@data-cy='title-recipe'])[10]]
20:31:53 [TestNG-test-Test-3] INFO  verifyingDisplaySizeFilterFunctionality_Laptop_20-29-42 - [verifyingDisplaySizeFilterFunctionality_Laptop_20-29-42] Within getProductByIndex method
20:31:53 [TestNG-test-Test-3] INFO  verifyingDisplaySizeFilterFunctionality_Laptop_20-29-42 - [verifyingDisplaySizeFilterFunctionality_Laptop_20-29-42] Within smoothScrollToElement method
20:31:53 [TestNG-test-Test-3] INFO  verifyingDisplaySizeFilterFunctionality_Laptop_20-29-42 - [verifyingDisplaySizeFilterFunctionality_Laptop_20-29-42] Within safeFindElement method
20:31:53 [TestNG-test-Test-3] INFO  verifyingDisplaySizeFilterFunctionality_Laptop_20-29-42 - [verifyingDisplaySizeFilterFunctionality_Laptop_20-29-42]Found the element returning it ,element ->[[ChromeDriver: chrome on windows (5f28c669577438246038219e80837668)] -> xpath: (//div[@data-cy='title-recipe'])[10]]
20:31:53 [TestNG-test-Test-3] INFO  verifyingDisplaySizeFilterFunctionality_Laptop_20-29-42 - [verifyingDisplaySizeFilterFunctionality_Laptop_20-29-42] Successfully scrolled to element: By.xpath: (//div[@data-cy='title-recipe'])[10]
20:31:53 [TestNG-test-Test-3] INFO  verifyingDisplaySizeFilterFunctionality_Laptop_20-29-42 - [verifyingDisplaySizeFilterFunctionality_Laptop_20-29-42] Getting product by index in productNameListingPage loop
20:31:53 [TestNG-test-Test-3] INFO  verifyingDisplaySizeFilterFunctionality_Laptop_20-29-42 - [verifyingDisplaySizeFilterFunctionality_Laptop_20-29-42] Opened product in new tab via Ctrl+Click inside productNameListingPage loop
20:31:53 [TestNG-test-Test-3] INFO  verifyingDisplaySizeFilterFunctionality_Laptop_20-29-42 - [verifyingDisplaySizeFilterFunctionality_Laptop_20-29-42] Waiting for new window to open...
20:31:53 [TestNG-test-Test-3] INFO  verifyingDisplaySizeFilterFunctionality_Laptop_20-29-42 - [verifyingDisplaySizeFilterFunctionality_Laptop_20-29-42] Switched to new window -> EA514D166CD4DDCB57D13EBC7FC7AB98
20:31:53 [TestNG-test-Test-3] INFO  verifyingDisplaySizeFilterFunctionality_Laptop_20-29-42 - [verifyingDisplaySizeFilterFunctionality_Laptop_20-29-42] Swithcing to the new window  within productNameListingPage loop
20:31:53 [TestNG-test-Test-3] INFO  verifyingDisplaySizeFilterFunctionality_Laptop_20-29-42 - [verifyingDisplaySizeFilterFunctionality_Laptop_20-29-42] Clicked product name to open in new tab from productNameListingPage loop
20:31:53 [TestNG-test-Test-3] INFO  verifyingDisplaySizeFilterFunctionality_Laptop_20-29-42 - [verifyingDisplaySizeFilterFunctionality_Laptop_20-29-42] Within safeFindElement method
20:31:56 [TestNG-test-Test-3] INFO  verifyingDisplaySizeFilterFunctionality_Laptop_20-29-42 - [verifyingDisplaySizeFilterFunctionality_Laptop_20-29-42]Found the element returning it ,element ->[[ChromeDriver: chrome on windows (5f28c669577438246038219e80837668)] -> xpath: //span[@id='productTitle']]
20:31:56 [TestNG-test-Test-3] INFO  verifyingDisplaySizeFilterFunctionality_Laptop_20-29-42 - [verifyingDisplaySizeFilterFunctionality_Laptop_20-29-42] Within safeFindElement method
20:31:57 [TestNG-test-Test-3] INFO  verifyingDisplaySizeFilterFunctionality_Laptop_20-29-42 - [verifyingDisplaySizeFilterFunctionality_Laptop_20-29-42]Found the element returning it ,element ->[[ChromeDriver: chrome on windows (5f28c669577438246038219e80837668)] -> xpath: //div[@class='a-section a-spacing-small a-spacing-top-small']]
20:31:57 [TestNG-test-Test-3] INFO  verifyingDisplaySizeFilterFunctionality_Laptop_20-29-42 - [verifyingDisplaySizeFilterFunctionality_Laptop_20-29-42] Within safeFindElement method
20:31:57 [TestNG-test-Test-3] INFO  verifyingDisplaySizeFilterFunctionality_Laptop_20-29-42 - [verifyingDisplaySizeFilterFunctionality_Laptop_20-29-42]Found the element returning it ,element ->[[ChromeDriver: chrome on windows (5f28c669577438246038219e80837668)] -> xpath: //div[@id='feature-bullets']]
20:31:57 [TestNG-test-Test-3] INFO  verifyingDisplaySizeFilterFunctionality_Laptop_20-29-42 - [verifyingDisplaySizeFilterFunctionality_Laptop_20-29-42] Within safeFindElement method
20:31:57 [TestNG-test-Test-3] INFO  verifyingDisplaySizeFilterFunctionality_Laptop_20-29-42 - [verifyingDisplaySizeFilterFunctionality_Laptop_20-29-42]Found the element returning it ,element ->[[ChromeDriver: chrome on windows (5f28c669577438246038219e80837668)] -> xpath: //div[@id='prodDetails']]
20:31:57 [TestNG-test-Test-3] INFO  verifyingDisplaySizeFilterFunctionality_Laptop_20-29-42 - [verifyingDisplaySizeFilterFunctionality_Laptop_20-29-42] Extracting 'name' , 'keyFeatures', 'about' , 'techDetails' within productNameListingPage loop
20:31:57 [TestNG-test-Test-3] INFO  verifyingDisplaySizeFilterFunctionality_Laptop_20-29-42 - [verifyingDisplaySizeFilterFunctionality_Laptop_20-29-42] Waiting until element is visible in viewport
20:32:07 [TestNG-test-Test-3] INFO  verifyingDisplaySizeFilterFunctionality_Laptop_20-29-42 - [verifyingDisplaySizeFilterFunctionality_Laptop_20-29-42] Within smoothScrollToElement method
20:32:07 [TestNG-test-Test-3] INFO  verifyingDisplaySizeFilterFunctionality_Laptop_20-29-42 - [verifyingDisplaySizeFilterFunctionality_Laptop_20-29-42] Within safeFindElement method
20:32:07 [TestNG-test-Test-3] INFO  verifyingDisplaySizeFilterFunctionality_Laptop_20-29-42 - [verifyingDisplaySizeFilterFunctionality_Laptop_20-29-42]Found the element returning it ,element ->[[ChromeDriver: chrome on windows (5f28c669577438246038219e80837668)] -> xpath: //a[@id='seeMoreDetailsLink']]
20:32:07 [TestNG-test-Test-3] INFO  verifyingDisplaySizeFilterFunctionality_Laptop_20-29-42 - [verifyingDisplaySizeFilterFunctionality_Laptop_20-29-42] Successfully scrolled to element: By.xpath: //a[@id='seeMoreDetailsLink']
20:32:07 [TestNG-test-Test-3] INFO  verifyingDisplaySizeFilterFunctionality_Laptop_20-29-42 - [verifyingDisplaySizeFilterFunctionality_Laptop_20-29-42] Within safeClick method
20:32:08 [TestNG-test-Test-3] INFO  verifyingDisplaySizeFilterFunctionality_Laptop_20-29-42 - [verifyingDisplaySizeFilterFunctionality_Laptop_20-29-42] Clicked the  [[ChromeDriver: chrome on windows (5f28c669577438246038219e80837668)] -> xpath: //a[@id='seeMoreDetailsLink']]   using safeClick
20:32:08 [TestNG-test-Test-3] INFO  verifyingDisplaySizeFilterFunctionality_Laptop_20-29-42 - [verifyingDisplaySizeFilterFunctionality_Laptop_20-29-42] Within try block for clicking see more deatils within productNameListingPage loop
20:32:08 [TestNG-test-Test-3] INFO  verifyingDisplaySizeFilterFunctionality_Laptop_20-29-42 - [verifyingDisplaySizeFilterFunctionality_Laptop_20-29-42] Within closeCurrentWindowAndSwitchBack method
20:32:08 [TestNG-test-Test-3] INFO  verifyingDisplaySizeFilterFunctionality_Laptop_20-29-42 - [verifyingDisplaySizeFilterFunctionality_Laptop_20-29-42] Total open windows/tabs count -> 2
20:32:08 [TestNG-test-Test-3] INFO  verifyingDisplaySizeFilterFunctionality_Laptop_20-29-42 - [verifyingDisplaySizeFilterFunctionality_Laptop_20-29-42] Original window handle -> 4FD498FF7C268EAD07E38C1D5D5B2EA7
20:32:08 [TestNG-test-Test-3] INFO  verifyingDisplaySizeFilterFunctionality_Laptop_20-29-42 - [verifyingDisplaySizeFilterFunctionality_Laptop_20-29-42] Found new tab/window handle -> EA514D166CD4DDCB57D13EBC7FC7AB98 (will be closed)
20:32:08 [TestNG-test-Test-3] INFO  verifyingDisplaySizeFilterFunctionality_Laptop_20-29-42 - [verifyingDisplaySizeFilterFunctionality_Laptop_20-29-42] Successfully switched to new tab/window -> EA514D166CD4DDCB57D13EBC7FC7AB98
20:32:08 [TestNG-test-Test-3] INFO  verifyingDisplaySizeFilterFunctionality_Laptop_20-29-42 - [verifyingDisplaySizeFilterFunctionality_Laptop_20-29-42] Closed the newly opened tab/window -> EA514D166CD4DDCB57D13EBC7FC7AB98
20:32:08 [TestNG-test-Test-3] INFO  verifyingDisplaySizeFilterFunctionality_Laptop_20-29-42 - [verifyingDisplaySizeFilterFunctionality_Laptop_20-29-42] Switched back to the original window -> 4FD498FF7C268EAD07E38C1D5D5B2EA7
20:32:08 [TestNG-test-Test-3] INFO  verifyingDisplaySizeFilterFunctionality_Laptop_20-29-42 - [verifyingDisplaySizeFilterFunctionality_Laptop_20-29-42]  going back to product listing via closeCurrentWindowAndSwitchBack 
20:32:08 [TestNG-test-Test-3] INFO  verifyingDisplaySizeFilterFunctionality_Laptop_20-29-42 - [verifyingDisplaySizeFilterFunctionality_Laptop_20-29-42]  Added 'filter','title','keyFeatures', 'about', 'techDetails' into the Map -> productResult
20:32:08 [TestNG-test-Test-3] INFO  verifyingDisplaySizeFilterFunctionality_Laptop_20-29-42 - [verifyingDisplaySizeFilterFunctionality_Laptop_20-29-42]  Added 'productResult' Map into the 'results' i.e list of maps 
20:32:08 [TestNG-test-Test-3] INFO  verifyingDisplaySizeFilterFunctionality_Laptop_20-29-42 - [verifyingDisplaySizeFilterFunctionality_Laptop_20-29-42]==========================================================================================================
20:32:08 [TestNG-test-Test-3] INFO  verifyingDisplaySizeFilterFunctionality_Laptop_20-29-42 - [verifyingDisplaySizeFilterFunctionality_Laptop_20-29-42] Within safeFindElements 
20:32:08 [TestNG-test-Test-3] INFO  verifyingDisplaySizeFilterFunctionality_Laptop_20-29-42 - [verifyingDisplaySizeFilterFunctionality_Laptop_20-29-42] Returning the  [[[ChromeDriver: chrome on windows (5f28c669577438246038219e80837668)] -> xpath: //div[@data-cy='title-recipe']], [[ChromeDriver: chrome on windows (5f28c669577438246038219e80837668)] -> xpath: //div[@data-cy='title-recipe']], [[ChromeDriver: chrome on windows (5f28c669577438246038219e80837668)] -> xpath: //div[@data-cy='title-recipe']], [[ChromeDriver: chrome on windows (5f28c669577438246038219e80837668)] -> xpath: //div[@data-cy='title-recipe']], [[ChromeDriver: chrome on windows (5f28c669577438246038219e80837668)] -> xpath: //div[@data-cy='title-recipe']], [[ChromeDriver: chrome on windows (5f28c669577438246038219e80837668)] -> xpath: //div[@data-cy='title-recipe']], [[ChromeDriver: chrome on windows (5f28c669577438246038219e80837668)] -> xpath: //div[@data-cy='title-recipe']], [[ChromeDriver: chrome on windows (5f28c669577438246038219e80837668)] -> xpath: //div[@data-cy='title-recipe']], [[ChromeDriver: chrome on windows (5f28c669577438246038219e80837668)] -> xpath: //div[@data-cy='title-recipe']], [[ChromeDriver: chrome on windows (5f28c669577438246038219e80837668)] -> xpath: //div[@data-cy='title-recipe']], [[ChromeDriver: chrome on windows (5f28c669577438246038219e80837668)] -> xpath: //div[@data-cy='title-recipe']], [[ChromeDriver: chrome on windows (5f28c669577438246038219e80837668)] -> xpath: //div[@data-cy='title-recipe']], [[ChromeDriver: chrome on windows (5f28c669577438246038219e80837668)] -> xpath: //div[@data-cy='title-recipe']], [[ChromeDriver: chrome on windows (5f28c669577438246038219e80837668)] -> xpath: //div[@data-cy='title-recipe']], [[ChromeDriver: chrome on windows (5f28c669577438246038219e80837668)] -> xpath: //div[@data-cy='title-recipe']], [[ChromeDriver: chrome on windows (5f28c669577438246038219e80837668)] -> xpath: //div[@data-cy='title-recipe']]] from the safeFindElements method
20:32:08 [TestNG-test-Test-3] INFO  verifyingDisplaySizeFilterFunctionality_Laptop_20-29-42 - [verifyingDisplaySizeFilterFunctionality_Laptop_20-29-42] Within productNameListingPage loop in applyFilterAndValidateProductsWithResult
20:32:08 [TestNG-test-Test-3] INFO  verifyingDisplaySizeFilterFunctionality_Laptop_20-29-42 - [verifyingDisplaySizeFilterFunctionality_Laptop_20-29-42] Within getProductByIndex method
20:32:08 [TestNG-test-Test-3] INFO  verifyingDisplaySizeFilterFunctionality_Laptop_20-29-42 - [verifyingDisplaySizeFilterFunctionality_Laptop_20-29-42] Within safeFindElement method
20:32:08 [TestNG-test-Test-3] INFO  verifyingDisplaySizeFilterFunctionality_Laptop_20-29-42 - [verifyingDisplaySizeFilterFunctionality_Laptop_20-29-42]Found the element returning it ,element ->[[ChromeDriver: chrome on windows (5f28c669577438246038219e80837668)] -> xpath: (//div[@data-cy='title-recipe'])[11]]
20:32:08 [TestNG-test-Test-3] INFO  verifyingDisplaySizeFilterFunctionality_Laptop_20-29-42 - [verifyingDisplaySizeFilterFunctionality_Laptop_20-29-42] Within getProductByIndex method
20:32:08 [TestNG-test-Test-3] INFO  verifyingDisplaySizeFilterFunctionality_Laptop_20-29-42 - [verifyingDisplaySizeFilterFunctionality_Laptop_20-29-42] Within smoothScrollToElement method
20:32:08 [TestNG-test-Test-3] INFO  verifyingDisplaySizeFilterFunctionality_Laptop_20-29-42 - [verifyingDisplaySizeFilterFunctionality_Laptop_20-29-42] Within safeFindElement method
20:32:08 [TestNG-test-Test-3] INFO  verifyingDisplaySizeFilterFunctionality_Laptop_20-29-42 - [verifyingDisplaySizeFilterFunctionality_Laptop_20-29-42]Found the element returning it ,element ->[[ChromeDriver: chrome on windows (5f28c669577438246038219e80837668)] -> xpath: (//div[@data-cy='title-recipe'])[11]]
20:32:08 [TestNG-test-Test-3] INFO  verifyingDisplaySizeFilterFunctionality_Laptop_20-29-42 - [verifyingDisplaySizeFilterFunctionality_Laptop_20-29-42] Successfully scrolled to element: By.xpath: (//div[@data-cy='title-recipe'])[11]
20:32:08 [TestNG-test-Test-3] INFO  verifyingDisplaySizeFilterFunctionality_Laptop_20-29-42 - [verifyingDisplaySizeFilterFunctionality_Laptop_20-29-42] Getting product by index in productNameListingPage loop
20:32:08 [TestNG-test-Test-3] INFO  verifyingDisplaySizeFilterFunctionality_Laptop_20-29-42 - [verifyingDisplaySizeFilterFunctionality_Laptop_20-29-42] Opened product in new tab via Ctrl+Click inside productNameListingPage loop
20:32:08 [TestNG-test-Test-3] INFO  verifyingDisplaySizeFilterFunctionality_Laptop_20-29-42 - [verifyingDisplaySizeFilterFunctionality_Laptop_20-29-42] Waiting for new window to open...
20:32:08 [TestNG-test-Test-3] INFO  verifyingDisplaySizeFilterFunctionality_Laptop_20-29-42 - [verifyingDisplaySizeFilterFunctionality_Laptop_20-29-42] Switched to new window -> E19E31FBB35089E357A4B82F9726517D
20:32:08 [TestNG-test-Test-3] INFO  verifyingDisplaySizeFilterFunctionality_Laptop_20-29-42 - [verifyingDisplaySizeFilterFunctionality_Laptop_20-29-42] Swithcing to the new window  within productNameListingPage loop
20:32:08 [TestNG-test-Test-3] INFO  verifyingDisplaySizeFilterFunctionality_Laptop_20-29-42 - [verifyingDisplaySizeFilterFunctionality_Laptop_20-29-42] Clicked product name to open in new tab from productNameListingPage loop
20:32:08 [TestNG-test-Test-3] INFO  verifyingDisplaySizeFilterFunctionality_Laptop_20-29-42 - [verifyingDisplaySizeFilterFunctionality_Laptop_20-29-42] Within safeFindElement method
20:32:11 [TestNG-test-Test-3] INFO  verifyingDisplaySizeFilterFunctionality_Laptop_20-29-42 - [verifyingDisplaySizeFilterFunctionality_Laptop_20-29-42]Found the element returning it ,element ->[[ChromeDriver: chrome on windows (5f28c669577438246038219e80837668)] -> xpath: //span[@id='productTitle']]
20:32:11 [TestNG-test-Test-3] INFO  verifyingDisplaySizeFilterFunctionality_Laptop_20-29-42 - [verifyingDisplaySizeFilterFunctionality_Laptop_20-29-42] Within safeFindElement method
20:32:12 [TestNG-test-Test-3] INFO  verifyingDisplaySizeFilterFunctionality_Laptop_20-29-42 - [verifyingDisplaySizeFilterFunctionality_Laptop_20-29-42]Found the element returning it ,element ->[[ChromeDriver: chrome on windows (5f28c669577438246038219e80837668)] -> xpath: //div[@class='a-section a-spacing-small a-spacing-top-small']]
20:32:12 [TestNG-test-Test-3] INFO  verifyingDisplaySizeFilterFunctionality_Laptop_20-29-42 - [verifyingDisplaySizeFilterFunctionality_Laptop_20-29-42] Within safeFindElement method
20:32:12 [TestNG-test-Test-3] INFO  verifyingDisplaySizeFilterFunctionality_Laptop_20-29-42 - [verifyingDisplaySizeFilterFunctionality_Laptop_20-29-42]Found the element returning it ,element ->[[ChromeDriver: chrome on windows (5f28c669577438246038219e80837668)] -> xpath: //div[@id='feature-bullets']]
20:32:12 [TestNG-test-Test-3] INFO  verifyingDisplaySizeFilterFunctionality_Laptop_20-29-42 - [verifyingDisplaySizeFilterFunctionality_Laptop_20-29-42] Within safeFindElement method
20:32:12 [TestNG-test-Test-3] INFO  verifyingDisplaySizeFilterFunctionality_Laptop_20-29-42 - [verifyingDisplaySizeFilterFunctionality_Laptop_20-29-42]Found the element returning it ,element ->[[ChromeDriver: chrome on windows (5f28c669577438246038219e80837668)] -> xpath: //div[@id='prodDetails']]
20:32:12 [TestNG-test-Test-3] INFO  verifyingDisplaySizeFilterFunctionality_Laptop_20-29-42 - [verifyingDisplaySizeFilterFunctionality_Laptop_20-29-42] Extracting 'name' , 'keyFeatures', 'about' , 'techDetails' within productNameListingPage loop
20:32:12 [TestNG-test-Test-3] INFO  verifyingDisplaySizeFilterFunctionality_Laptop_20-29-42 - [verifyingDisplaySizeFilterFunctionality_Laptop_20-29-42] Waiting until element is visible in viewport
20:32:22 [TestNG-test-Test-3] INFO  verifyingDisplaySizeFilterFunctionality_Laptop_20-29-42 - [verifyingDisplaySizeFilterFunctionality_Laptop_20-29-42] Within smoothScrollToElement method
20:32:22 [TestNG-test-Test-3] INFO  verifyingDisplaySizeFilterFunctionality_Laptop_20-29-42 - [verifyingDisplaySizeFilterFunctionality_Laptop_20-29-42] Within safeFindElement method
20:32:22 [TestNG-test-Test-3] INFO  verifyingDisplaySizeFilterFunctionality_Laptop_20-29-42 - [verifyingDisplaySizeFilterFunctionality_Laptop_20-29-42]Found the element returning it ,element ->[[ChromeDriver: chrome on windows (5f28c669577438246038219e80837668)] -> xpath: //a[@id='seeMoreDetailsLink']]
20:32:22 [TestNG-test-Test-3] INFO  verifyingDisplaySizeFilterFunctionality_Laptop_20-29-42 - [verifyingDisplaySizeFilterFunctionality_Laptop_20-29-42] Successfully scrolled to element: By.xpath: //a[@id='seeMoreDetailsLink']
20:32:22 [TestNG-test-Test-3] INFO  verifyingDisplaySizeFilterFunctionality_Laptop_20-29-42 - [verifyingDisplaySizeFilterFunctionality_Laptop_20-29-42] Within safeClick method
20:32:22 [TestNG-test-Test-3] INFO  verifyingDisplaySizeFilterFunctionality_Laptop_20-29-42 - [verifyingDisplaySizeFilterFunctionality_Laptop_20-29-42] Clicked the  [[ChromeDriver: chrome on windows (5f28c669577438246038219e80837668)] -> xpath: //a[@id='seeMoreDetailsLink']]   using safeClick
20:32:22 [TestNG-test-Test-3] INFO  verifyingDisplaySizeFilterFunctionality_Laptop_20-29-42 - [verifyingDisplaySizeFilterFunctionality_Laptop_20-29-42] Within try block for clicking see more deatils within productNameListingPage loop
20:32:22 [TestNG-test-Test-3] INFO  verifyingDisplaySizeFilterFunctionality_Laptop_20-29-42 - [verifyingDisplaySizeFilterFunctionality_Laptop_20-29-42] Within closeCurrentWindowAndSwitchBack method
20:32:22 [TestNG-test-Test-3] INFO  verifyingDisplaySizeFilterFunctionality_Laptop_20-29-42 - [verifyingDisplaySizeFilterFunctionality_Laptop_20-29-42] Total open windows/tabs count -> 2
20:32:22 [TestNG-test-Test-3] INFO  verifyingDisplaySizeFilterFunctionality_Laptop_20-29-42 - [verifyingDisplaySizeFilterFunctionality_Laptop_20-29-42] Original window handle -> 4FD498FF7C268EAD07E38C1D5D5B2EA7
20:32:22 [TestNG-test-Test-3] INFO  verifyingDisplaySizeFilterFunctionality_Laptop_20-29-42 - [verifyingDisplaySizeFilterFunctionality_Laptop_20-29-42] Found new tab/window handle -> E19E31FBB35089E357A4B82F9726517D (will be closed)
20:32:22 [TestNG-test-Test-3] INFO  verifyingDisplaySizeFilterFunctionality_Laptop_20-29-42 - [verifyingDisplaySizeFilterFunctionality_Laptop_20-29-42] Successfully switched to new tab/window -> E19E31FBB35089E357A4B82F9726517D
20:32:23 [TestNG-test-Test-3] INFO  verifyingDisplaySizeFilterFunctionality_Laptop_20-29-42 - [verifyingDisplaySizeFilterFunctionality_Laptop_20-29-42] Closed the newly opened tab/window -> E19E31FBB35089E357A4B82F9726517D
20:32:23 [TestNG-test-Test-3] INFO  verifyingDisplaySizeFilterFunctionality_Laptop_20-29-42 - [verifyingDisplaySizeFilterFunctionality_Laptop_20-29-42] Switched back to the original window -> 4FD498FF7C268EAD07E38C1D5D5B2EA7
20:32:23 [TestNG-test-Test-3] INFO  verifyingDisplaySizeFilterFunctionality_Laptop_20-29-42 - [verifyingDisplaySizeFilterFunctionality_Laptop_20-29-42]  going back to product listing via closeCurrentWindowAndSwitchBack 
20:32:23 [TestNG-test-Test-3] INFO  verifyingDisplaySizeFilterFunctionality_Laptop_20-29-42 - [verifyingDisplaySizeFilterFunctionality_Laptop_20-29-42]  Added 'filter','title','keyFeatures', 'about', 'techDetails' into the Map -> productResult
20:32:23 [TestNG-test-Test-3] INFO  verifyingDisplaySizeFilterFunctionality_Laptop_20-29-42 - [verifyingDisplaySizeFilterFunctionality_Laptop_20-29-42]  Added 'productResult' Map into the 'results' i.e list of maps 
20:32:23 [TestNG-test-Test-3] INFO  verifyingDisplaySizeFilterFunctionality_Laptop_20-29-42 - [verifyingDisplaySizeFilterFunctionality_Laptop_20-29-42]==========================================================================================================
20:32:23 [TestNG-test-Test-3] INFO  verifyingDisplaySizeFilterFunctionality_Laptop_20-29-42 - [verifyingDisplaySizeFilterFunctionality_Laptop_20-29-42] Within safeFindElements 
20:32:23 [TestNG-test-Test-3] INFO  verifyingDisplaySizeFilterFunctionality_Laptop_20-29-42 - [verifyingDisplaySizeFilterFunctionality_Laptop_20-29-42] Returning the  [[[ChromeDriver: chrome on windows (5f28c669577438246038219e80837668)] -> xpath: //div[@data-cy='title-recipe']], [[ChromeDriver: chrome on windows (5f28c669577438246038219e80837668)] -> xpath: //div[@data-cy='title-recipe']], [[ChromeDriver: chrome on windows (5f28c669577438246038219e80837668)] -> xpath: //div[@data-cy='title-recipe']], [[ChromeDriver: chrome on windows (5f28c669577438246038219e80837668)] -> xpath: //div[@data-cy='title-recipe']], [[ChromeDriver: chrome on windows (5f28c669577438246038219e80837668)] -> xpath: //div[@data-cy='title-recipe']], [[ChromeDriver: chrome on windows (5f28c669577438246038219e80837668)] -> xpath: //div[@data-cy='title-recipe']], [[ChromeDriver: chrome on windows (5f28c669577438246038219e80837668)] -> xpath: //div[@data-cy='title-recipe']], [[ChromeDriver: chrome on windows (5f28c669577438246038219e80837668)] -> xpath: //div[@data-cy='title-recipe']], [[ChromeDriver: chrome on windows (5f28c669577438246038219e80837668)] -> xpath: //div[@data-cy='title-recipe']], [[ChromeDriver: chrome on windows (5f28c669577438246038219e80837668)] -> xpath: //div[@data-cy='title-recipe']], [[ChromeDriver: chrome on windows (5f28c669577438246038219e80837668)] -> xpath: //div[@data-cy='title-recipe']], [[ChromeDriver: chrome on windows (5f28c669577438246038219e80837668)] -> xpath: //div[@data-cy='title-recipe']], [[ChromeDriver: chrome on windows (5f28c669577438246038219e80837668)] -> xpath: //div[@data-cy='title-recipe']], [[ChromeDriver: chrome on windows (5f28c669577438246038219e80837668)] -> xpath: //div[@data-cy='title-recipe']], [[ChromeDriver: chrome on windows (5f28c669577438246038219e80837668)] -> xpath: //div[@data-cy='title-recipe']], [[ChromeDriver: chrome on windows (5f28c669577438246038219e80837668)] -> xpath: //div[@data-cy='title-recipe']]] from the safeFindElements method
20:32:23 [TestNG-test-Test-3] INFO  verifyingDisplaySizeFilterFunctionality_Laptop_20-29-42 - [verifyingDisplaySizeFilterFunctionality_Laptop_20-29-42] Within productNameListingPage loop in applyFilterAndValidateProductsWithResult
20:32:23 [TestNG-test-Test-3] INFO  verifyingDisplaySizeFilterFunctionality_Laptop_20-29-42 - [verifyingDisplaySizeFilterFunctionality_Laptop_20-29-42] Within getProductByIndex method
20:32:23 [TestNG-test-Test-3] INFO  verifyingDisplaySizeFilterFunctionality_Laptop_20-29-42 - [verifyingDisplaySizeFilterFunctionality_Laptop_20-29-42] Within safeFindElement method
20:32:23 [TestNG-test-Test-3] INFO  verifyingDisplaySizeFilterFunctionality_Laptop_20-29-42 - [verifyingDisplaySizeFilterFunctionality_Laptop_20-29-42]Found the element returning it ,element ->[[ChromeDriver: chrome on windows (5f28c669577438246038219e80837668)] -> xpath: (//div[@data-cy='title-recipe'])[12]]
20:32:23 [TestNG-test-Test-3] INFO  verifyingDisplaySizeFilterFunctionality_Laptop_20-29-42 - [verifyingDisplaySizeFilterFunctionality_Laptop_20-29-42] Within getProductByIndex method
20:32:23 [TestNG-test-Test-3] INFO  verifyingDisplaySizeFilterFunctionality_Laptop_20-29-42 - [verifyingDisplaySizeFilterFunctionality_Laptop_20-29-42] Within smoothScrollToElement method
20:32:23 [TestNG-test-Test-3] INFO  verifyingDisplaySizeFilterFunctionality_Laptop_20-29-42 - [verifyingDisplaySizeFilterFunctionality_Laptop_20-29-42] Within safeFindElement method
20:32:23 [TestNG-test-Test-3] INFO  verifyingDisplaySizeFilterFunctionality_Laptop_20-29-42 - [verifyingDisplaySizeFilterFunctionality_Laptop_20-29-42]Found the element returning it ,element ->[[ChromeDriver: chrome on windows (5f28c669577438246038219e80837668)] -> xpath: (//div[@data-cy='title-recipe'])[12]]
20:32:23 [TestNG-test-Test-3] INFO  verifyingDisplaySizeFilterFunctionality_Laptop_20-29-42 - [verifyingDisplaySizeFilterFunctionality_Laptop_20-29-42] Successfully scrolled to element: By.xpath: (//div[@data-cy='title-recipe'])[12]
20:32:23 [TestNG-test-Test-3] INFO  verifyingDisplaySizeFilterFunctionality_Laptop_20-29-42 - [verifyingDisplaySizeFilterFunctionality_Laptop_20-29-42] Getting product by index in productNameListingPage loop
20:32:23 [TestNG-test-Test-3] INFO  verifyingDisplaySizeFilterFunctionality_Laptop_20-29-42 - [verifyingDisplaySizeFilterFunctionality_Laptop_20-29-42] Opened product in new tab via Ctrl+Click inside productNameListingPage loop
20:32:23 [TestNG-test-Test-3] INFO  verifyingDisplaySizeFilterFunctionality_Laptop_20-29-42 - [verifyingDisplaySizeFilterFunctionality_Laptop_20-29-42] Waiting for new window to open...
20:32:23 [TestNG-test-Test-3] INFO  verifyingDisplaySizeFilterFunctionality_Laptop_20-29-42 - [verifyingDisplaySizeFilterFunctionality_Laptop_20-29-42] Switched to new window -> 57E6259FFF8CEF4B1BC566D3BB449A5E
20:32:23 [TestNG-test-Test-3] INFO  verifyingDisplaySizeFilterFunctionality_Laptop_20-29-42 - [verifyingDisplaySizeFilterFunctionality_Laptop_20-29-42] Swithcing to the new window  within productNameListingPage loop
20:32:23 [TestNG-test-Test-3] INFO  verifyingDisplaySizeFilterFunctionality_Laptop_20-29-42 - [verifyingDisplaySizeFilterFunctionality_Laptop_20-29-42] Clicked product name to open in new tab from productNameListingPage loop
20:32:23 [TestNG-test-Test-3] INFO  verifyingDisplaySizeFilterFunctionality_Laptop_20-29-42 - [verifyingDisplaySizeFilterFunctionality_Laptop_20-29-42] Within safeFindElement method
20:32:26 [TestNG-test-Test-3] INFO  verifyingDisplaySizeFilterFunctionality_Laptop_20-29-42 - [verifyingDisplaySizeFilterFunctionality_Laptop_20-29-42]Found the element returning it ,element ->[[ChromeDriver: chrome on windows (5f28c669577438246038219e80837668)] -> xpath: //span[@id='productTitle']]
20:32:26 [TestNG-test-Test-3] INFO  verifyingDisplaySizeFilterFunctionality_Laptop_20-29-42 - [verifyingDisplaySizeFilterFunctionality_Laptop_20-29-42] Within safeFindElement method
20:32:26 [TestNG-test-Test-3] INFO  verifyingDisplaySizeFilterFunctionality_Laptop_20-29-42 - [verifyingDisplaySizeFilterFunctionality_Laptop_20-29-42]Found the element returning it ,element ->[[ChromeDriver: chrome on windows (5f28c669577438246038219e80837668)] -> xpath: //div[@class='a-section a-spacing-small a-spacing-top-small']]
20:32:26 [TestNG-test-Test-3] INFO  verifyingDisplaySizeFilterFunctionality_Laptop_20-29-42 - [verifyingDisplaySizeFilterFunctionality_Laptop_20-29-42] Within safeFindElement method
20:32:27 [TestNG-test-Test-3] INFO  verifyingDisplaySizeFilterFunctionality_Laptop_20-29-42 - [verifyingDisplaySizeFilterFunctionality_Laptop_20-29-42]Found the element returning it ,element ->[[ChromeDriver: chrome on windows (5f28c669577438246038219e80837668)] -> xpath: //div[@id='feature-bullets']]
20:32:27 [TestNG-test-Test-3] INFO  verifyingDisplaySizeFilterFunctionality_Laptop_20-29-42 - [verifyingDisplaySizeFilterFunctionality_Laptop_20-29-42] Within safeFindElement method
20:32:27 [TestNG-test-Test-3] INFO  verifyingDisplaySizeFilterFunctionality_Laptop_20-29-42 - [verifyingDisplaySizeFilterFunctionality_Laptop_20-29-42]Found the element returning it ,element ->[[ChromeDriver: chrome on windows (5f28c669577438246038219e80837668)] -> xpath: //div[@id='prodDetails']]
20:32:27 [TestNG-test-Test-3] INFO  verifyingDisplaySizeFilterFunctionality_Laptop_20-29-42 - [verifyingDisplaySizeFilterFunctionality_Laptop_20-29-42] Extracting 'name' , 'keyFeatures', 'about' , 'techDetails' within productNameListingPage loop
20:32:27 [TestNG-test-Test-3] INFO  verifyingDisplaySizeFilterFunctionality_Laptop_20-29-42 - [verifyingDisplaySizeFilterFunctionality_Laptop_20-29-42] Waiting until element is visible in viewport
20:32:37 [TestNG-test-Test-3] INFO  verifyingDisplaySizeFilterFunctionality_Laptop_20-29-42 - [verifyingDisplaySizeFilterFunctionality_Laptop_20-29-42] Within smoothScrollToElement method
20:32:37 [TestNG-test-Test-3] INFO  verifyingDisplaySizeFilterFunctionality_Laptop_20-29-42 - [verifyingDisplaySizeFilterFunctionality_Laptop_20-29-42] Within safeFindElement method
20:32:37 [TestNG-test-Test-3] INFO  verifyingDisplaySizeFilterFunctionality_Laptop_20-29-42 - [verifyingDisplaySizeFilterFunctionality_Laptop_20-29-42]Found the element returning it ,element ->[[ChromeDriver: chrome on windows (5f28c669577438246038219e80837668)] -> xpath: //a[@id='seeMoreDetailsLink']]
20:32:37 [TestNG-test-Test-3] INFO  verifyingDisplaySizeFilterFunctionality_Laptop_20-29-42 - [verifyingDisplaySizeFilterFunctionality_Laptop_20-29-42] Successfully scrolled to element: By.xpath: //a[@id='seeMoreDetailsLink']
20:32:37 [TestNG-test-Test-3] INFO  verifyingDisplaySizeFilterFunctionality_Laptop_20-29-42 - [verifyingDisplaySizeFilterFunctionality_Laptop_20-29-42] Within safeClick method
20:32:37 [TestNG-test-Test-3] INFO  verifyingDisplaySizeFilterFunctionality_Laptop_20-29-42 - [verifyingDisplaySizeFilterFunctionality_Laptop_20-29-42] Clicked the  [[ChromeDriver: chrome on windows (5f28c669577438246038219e80837668)] -> xpath: //a[@id='seeMoreDetailsLink']]   using safeClick
20:32:37 [TestNG-test-Test-3] INFO  verifyingDisplaySizeFilterFunctionality_Laptop_20-29-42 - [verifyingDisplaySizeFilterFunctionality_Laptop_20-29-42] Within try block for clicking see more deatils within productNameListingPage loop
20:32:37 [TestNG-test-Test-3] INFO  verifyingDisplaySizeFilterFunctionality_Laptop_20-29-42 - [verifyingDisplaySizeFilterFunctionality_Laptop_20-29-42] Within closeCurrentWindowAndSwitchBack method
20:32:37 [TestNG-test-Test-3] INFO  verifyingDisplaySizeFilterFunctionality_Laptop_20-29-42 - [verifyingDisplaySizeFilterFunctionality_Laptop_20-29-42] Total open windows/tabs count -> 2
20:32:37 [TestNG-test-Test-3] INFO  verifyingDisplaySizeFilterFunctionality_Laptop_20-29-42 - [verifyingDisplaySizeFilterFunctionality_Laptop_20-29-42] Original window handle -> 4FD498FF7C268EAD07E38C1D5D5B2EA7
20:32:37 [TestNG-test-Test-3] INFO  verifyingDisplaySizeFilterFunctionality_Laptop_20-29-42 - [verifyingDisplaySizeFilterFunctionality_Laptop_20-29-42] Found new tab/window handle -> 57E6259FFF8CEF4B1BC566D3BB449A5E (will be closed)
20:32:37 [TestNG-test-Test-3] INFO  verifyingDisplaySizeFilterFunctionality_Laptop_20-29-42 - [verifyingDisplaySizeFilterFunctionality_Laptop_20-29-42] Successfully switched to new tab/window -> 57E6259FFF8CEF4B1BC566D3BB449A5E
20:32:37 [TestNG-test-Test-3] INFO  verifyingDisplaySizeFilterFunctionality_Laptop_20-29-42 - [verifyingDisplaySizeFilterFunctionality_Laptop_20-29-42] Closed the newly opened tab/window -> 57E6259FFF8CEF4B1BC566D3BB449A5E
20:32:37 [TestNG-test-Test-3] INFO  verifyingDisplaySizeFilterFunctionality_Laptop_20-29-42 - [verifyingDisplaySizeFilterFunctionality_Laptop_20-29-42] Switched back to the original window -> 4FD498FF7C268EAD07E38C1D5D5B2EA7
20:32:37 [TestNG-test-Test-3] INFO  verifyingDisplaySizeFilterFunctionality_Laptop_20-29-42 - [verifyingDisplaySizeFilterFunctionality_Laptop_20-29-42]  going back to product listing via closeCurrentWindowAndSwitchBack 
20:32:37 [TestNG-test-Test-3] INFO  verifyingDisplaySizeFilterFunctionality_Laptop_20-29-42 - [verifyingDisplaySizeFilterFunctionality_Laptop_20-29-42]  Added 'filter','title','keyFeatures', 'about', 'techDetails' into the Map -> productResult
20:32:37 [TestNG-test-Test-3] INFO  verifyingDisplaySizeFilterFunctionality_Laptop_20-29-42 - [verifyingDisplaySizeFilterFunctionality_Laptop_20-29-42]  Added 'productResult' Map into the 'results' i.e list of maps 
20:32:37 [TestNG-test-Test-3] INFO  verifyingDisplaySizeFilterFunctionality_Laptop_20-29-42 - [verifyingDisplaySizeFilterFunctionality_Laptop_20-29-42]==========================================================================================================
20:32:37 [TestNG-test-Test-3] INFO  verifyingDisplaySizeFilterFunctionality_Laptop_20-29-42 - [verifyingDisplaySizeFilterFunctionality_Laptop_20-29-42] Within safeFindElements 
20:32:38 [TestNG-test-Test-3] INFO  verifyingDisplaySizeFilterFunctionality_Laptop_20-29-42 - [verifyingDisplaySizeFilterFunctionality_Laptop_20-29-42] Returning the  [[[ChromeDriver: chrome on windows (5f28c669577438246038219e80837668)] -> xpath: //div[@data-cy='title-recipe']], [[ChromeDriver: chrome on windows (5f28c669577438246038219e80837668)] -> xpath: //div[@data-cy='title-recipe']], [[ChromeDriver: chrome on windows (5f28c669577438246038219e80837668)] -> xpath: //div[@data-cy='title-recipe']], [[ChromeDriver: chrome on windows (5f28c669577438246038219e80837668)] -> xpath: //div[@data-cy='title-recipe']], [[ChromeDriver: chrome on windows (5f28c669577438246038219e80837668)] -> xpath: //div[@data-cy='title-recipe']], [[ChromeDriver: chrome on windows (5f28c669577438246038219e80837668)] -> xpath: //div[@data-cy='title-recipe']], [[ChromeDriver: chrome on windows (5f28c669577438246038219e80837668)] -> xpath: //div[@data-cy='title-recipe']], [[ChromeDriver: chrome on windows (5f28c669577438246038219e80837668)] -> xpath: //div[@data-cy='title-recipe']], [[ChromeDriver: chrome on windows (5f28c669577438246038219e80837668)] -> xpath: //div[@data-cy='title-recipe']], [[ChromeDriver: chrome on windows (5f28c669577438246038219e80837668)] -> xpath: //div[@data-cy='title-recipe']], [[ChromeDriver: chrome on windows (5f28c669577438246038219e80837668)] -> xpath: //div[@data-cy='title-recipe']], [[ChromeDriver: chrome on windows (5f28c669577438246038219e80837668)] -> xpath: //div[@data-cy='title-recipe']], [[ChromeDriver: chrome on windows (5f28c669577438246038219e80837668)] -> xpath: //div[@data-cy='title-recipe']], [[ChromeDriver: chrome on windows (5f28c669577438246038219e80837668)] -> xpath: //div[@data-cy='title-recipe']], [[ChromeDriver: chrome on windows (5f28c669577438246038219e80837668)] -> xpath: //div[@data-cy='title-recipe']], [[ChromeDriver: chrome on windows (5f28c669577438246038219e80837668)] -> xpath: //div[@data-cy='title-recipe']]] from the safeFindElements method
20:32:38 [TestNG-test-Test-3] INFO  verifyingDisplaySizeFilterFunctionality_Laptop_20-29-42 - [verifyingDisplaySizeFilterFunctionality_Laptop_20-29-42] Within productNameListingPage loop in applyFilterAndValidateProductsWithResult
20:32:38 [TestNG-test-Test-3] INFO  verifyingDisplaySizeFilterFunctionality_Laptop_20-29-42 - [verifyingDisplaySizeFilterFunctionality_Laptop_20-29-42] Within getProductByIndex method
20:32:38 [TestNG-test-Test-3] INFO  verifyingDisplaySizeFilterFunctionality_Laptop_20-29-42 - [verifyingDisplaySizeFilterFunctionality_Laptop_20-29-42] Within safeFindElement method
20:32:38 [TestNG-test-Test-3] INFO  verifyingDisplaySizeFilterFunctionality_Laptop_20-29-42 - [verifyingDisplaySizeFilterFunctionality_Laptop_20-29-42]Found the element returning it ,element ->[[ChromeDriver: chrome on windows (5f28c669577438246038219e80837668)] -> xpath: (//div[@data-cy='title-recipe'])[13]]
20:32:38 [TestNG-test-Test-3] INFO  verifyingDisplaySizeFilterFunctionality_Laptop_20-29-42 - [verifyingDisplaySizeFilterFunctionality_Laptop_20-29-42] Within getProductByIndex method
20:32:38 [TestNG-test-Test-3] INFO  verifyingDisplaySizeFilterFunctionality_Laptop_20-29-42 - [verifyingDisplaySizeFilterFunctionality_Laptop_20-29-42] Within smoothScrollToElement method
20:32:38 [TestNG-test-Test-3] INFO  verifyingDisplaySizeFilterFunctionality_Laptop_20-29-42 - [verifyingDisplaySizeFilterFunctionality_Laptop_20-29-42] Within safeFindElement method
20:32:38 [TestNG-test-Test-3] INFO  verifyingDisplaySizeFilterFunctionality_Laptop_20-29-42 - [verifyingDisplaySizeFilterFunctionality_Laptop_20-29-42]Found the element returning it ,element ->[[ChromeDriver: chrome on windows (5f28c669577438246038219e80837668)] -> xpath: (//div[@data-cy='title-recipe'])[13]]
20:32:38 [TestNG-test-Test-3] INFO  verifyingDisplaySizeFilterFunctionality_Laptop_20-29-42 - [verifyingDisplaySizeFilterFunctionality_Laptop_20-29-42] Successfully scrolled to element: By.xpath: (//div[@data-cy='title-recipe'])[13]
20:32:38 [TestNG-test-Test-3] INFO  verifyingDisplaySizeFilterFunctionality_Laptop_20-29-42 - [verifyingDisplaySizeFilterFunctionality_Laptop_20-29-42] Getting product by index in productNameListingPage loop
20:32:38 [TestNG-test-Test-3] INFO  verifyingDisplaySizeFilterFunctionality_Laptop_20-29-42 - [verifyingDisplaySizeFilterFunctionality_Laptop_20-29-42] Opened product in new tab via Ctrl+Click inside productNameListingPage loop
20:32:38 [TestNG-test-Test-3] INFO  verifyingDisplaySizeFilterFunctionality_Laptop_20-29-42 - [verifyingDisplaySizeFilterFunctionality_Laptop_20-29-42] Waiting for new window to open...
20:32:38 [TestNG-test-Test-3] INFO  verifyingDisplaySizeFilterFunctionality_Laptop_20-29-42 - [verifyingDisplaySizeFilterFunctionality_Laptop_20-29-42] Switched to new window -> FFF7C762D5E9FA7DBCBA477666C439C5
20:32:38 [TestNG-test-Test-3] INFO  verifyingDisplaySizeFilterFunctionality_Laptop_20-29-42 - [verifyingDisplaySizeFilterFunctionality_Laptop_20-29-42] Swithcing to the new window  within productNameListingPage loop
20:32:38 [TestNG-test-Test-3] INFO  verifyingDisplaySizeFilterFunctionality_Laptop_20-29-42 - [verifyingDisplaySizeFilterFunctionality_Laptop_20-29-42] Clicked product name to open in new tab from productNameListingPage loop
20:32:38 [TestNG-test-Test-3] INFO  verifyingDisplaySizeFilterFunctionality_Laptop_20-29-42 - [verifyingDisplaySizeFilterFunctionality_Laptop_20-29-42] Within safeFindElement method
20:32:42 [TestNG-test-Test-3] INFO  verifyingDisplaySizeFilterFunctionality_Laptop_20-29-42 - [verifyingDisplaySizeFilterFunctionality_Laptop_20-29-42]Found the element returning it ,element ->[[ChromeDriver: chrome on windows (5f28c669577438246038219e80837668)] -> xpath: //span[@id='productTitle']]
20:32:42 [TestNG-test-Test-3] INFO  verifyingDisplaySizeFilterFunctionality_Laptop_20-29-42 - [verifyingDisplaySizeFilterFunctionality_Laptop_20-29-42] Within safeFindElement method
20:32:42 [TestNG-test-Test-3] INFO  verifyingDisplaySizeFilterFunctionality_Laptop_20-29-42 - [verifyingDisplaySizeFilterFunctionality_Laptop_20-29-42]Found the element returning it ,element ->[[ChromeDriver: chrome on windows (5f28c669577438246038219e80837668)] -> xpath: //div[@class='a-section a-spacing-small a-spacing-top-small']]
20:32:42 [TestNG-test-Test-3] INFO  verifyingDisplaySizeFilterFunctionality_Laptop_20-29-42 - [verifyingDisplaySizeFilterFunctionality_Laptop_20-29-42] Within safeFindElement method
20:32:43 [TestNG-test-Test-3] INFO  verifyingDisplaySizeFilterFunctionality_Laptop_20-29-42 - [verifyingDisplaySizeFilterFunctionality_Laptop_20-29-42]Found the element returning it ,element ->[[ChromeDriver: chrome on windows (5f28c669577438246038219e80837668)] -> xpath: //div[@id='feature-bullets']]
20:32:43 [TestNG-test-Test-3] INFO  verifyingDisplaySizeFilterFunctionality_Laptop_20-29-42 - [verifyingDisplaySizeFilterFunctionality_Laptop_20-29-42] Within safeFindElement method
20:32:43 [TestNG-test-Test-3] INFO  verifyingDisplaySizeFilterFunctionality_Laptop_20-29-42 - [verifyingDisplaySizeFilterFunctionality_Laptop_20-29-42]Found the element returning it ,element ->[[ChromeDriver: chrome on windows (5f28c669577438246038219e80837668)] -> xpath: //div[@id='prodDetails']]
20:32:43 [TestNG-test-Test-3] INFO  verifyingDisplaySizeFilterFunctionality_Laptop_20-29-42 - [verifyingDisplaySizeFilterFunctionality_Laptop_20-29-42] Extracting 'name' , 'keyFeatures', 'about' , 'techDetails' within productNameListingPage loop
20:32:43 [TestNG-test-Test-3] INFO  verifyingDisplaySizeFilterFunctionality_Laptop_20-29-42 - [verifyingDisplaySizeFilterFunctionality_Laptop_20-29-42] Waiting until element is visible in viewport
20:32:53 [TestNG-test-Test-3] INFO  verifyingDisplaySizeFilterFunctionality_Laptop_20-29-42 - [verifyingDisplaySizeFilterFunctionality_Laptop_20-29-42] Within smoothScrollToElement method
20:32:53 [TestNG-test-Test-3] INFO  verifyingDisplaySizeFilterFunctionality_Laptop_20-29-42 - [verifyingDisplaySizeFilterFunctionality_Laptop_20-29-42] Within safeFindElement method
20:32:53 [TestNG-test-Test-3] INFO  verifyingDisplaySizeFilterFunctionality_Laptop_20-29-42 - [verifyingDisplaySizeFilterFunctionality_Laptop_20-29-42]Found the element returning it ,element ->[[ChromeDriver: chrome on windows (5f28c669577438246038219e80837668)] -> xpath: //a[@id='seeMoreDetailsLink']]
20:32:53 [TestNG-test-Test-3] INFO  verifyingDisplaySizeFilterFunctionality_Laptop_20-29-42 - [verifyingDisplaySizeFilterFunctionality_Laptop_20-29-42] Successfully scrolled to element: By.xpath: //a[@id='seeMoreDetailsLink']
20:32:53 [TestNG-test-Test-3] INFO  verifyingDisplaySizeFilterFunctionality_Laptop_20-29-42 - [verifyingDisplaySizeFilterFunctionality_Laptop_20-29-42] Within safeClick method
20:32:53 [TestNG-test-Test-3] INFO  verifyingDisplaySizeFilterFunctionality_Laptop_20-29-42 - [verifyingDisplaySizeFilterFunctionality_Laptop_20-29-42] Clicked the  [[ChromeDriver: chrome on windows (5f28c669577438246038219e80837668)] -> xpath: //a[@id='seeMoreDetailsLink']]   using safeClick
20:32:53 [TestNG-test-Test-3] INFO  verifyingDisplaySizeFilterFunctionality_Laptop_20-29-42 - [verifyingDisplaySizeFilterFunctionality_Laptop_20-29-42] Within try block for clicking see more deatils within productNameListingPage loop
20:32:53 [TestNG-test-Test-3] INFO  verifyingDisplaySizeFilterFunctionality_Laptop_20-29-42 - [verifyingDisplaySizeFilterFunctionality_Laptop_20-29-42] Within closeCurrentWindowAndSwitchBack method
20:32:53 [TestNG-test-Test-3] INFO  verifyingDisplaySizeFilterFunctionality_Laptop_20-29-42 - [verifyingDisplaySizeFilterFunctionality_Laptop_20-29-42] Total open windows/tabs count -> 2
20:32:53 [TestNG-test-Test-3] INFO  verifyingDisplaySizeFilterFunctionality_Laptop_20-29-42 - [verifyingDisplaySizeFilterFunctionality_Laptop_20-29-42] Original window handle -> 4FD498FF7C268EAD07E38C1D5D5B2EA7
20:32:53 [TestNG-test-Test-3] INFO  verifyingDisplaySizeFilterFunctionality_Laptop_20-29-42 - [verifyingDisplaySizeFilterFunctionality_Laptop_20-29-42] Found new tab/window handle -> FFF7C762D5E9FA7DBCBA477666C439C5 (will be closed)
20:32:53 [TestNG-test-Test-3] INFO  verifyingDisplaySizeFilterFunctionality_Laptop_20-29-42 - [verifyingDisplaySizeFilterFunctionality_Laptop_20-29-42] Successfully switched to new tab/window -> FFF7C762D5E9FA7DBCBA477666C439C5
20:32:53 [TestNG-test-Test-3] INFO  verifyingDisplaySizeFilterFunctionality_Laptop_20-29-42 - [verifyingDisplaySizeFilterFunctionality_Laptop_20-29-42] Closed the newly opened tab/window -> FFF7C762D5E9FA7DBCBA477666C439C5
20:32:53 [TestNG-test-Test-3] INFO  verifyingDisplaySizeFilterFunctionality_Laptop_20-29-42 - [verifyingDisplaySizeFilterFunctionality_Laptop_20-29-42] Switched back to the original window -> 4FD498FF7C268EAD07E38C1D5D5B2EA7
20:32:53 [TestNG-test-Test-3] INFO  verifyingDisplaySizeFilterFunctionality_Laptop_20-29-42 - [verifyingDisplaySizeFilterFunctionality_Laptop_20-29-42]  going back to product listing via closeCurrentWindowAndSwitchBack 
20:32:53 [TestNG-test-Test-3] INFO  verifyingDisplaySizeFilterFunctionality_Laptop_20-29-42 - [verifyingDisplaySizeFilterFunctionality_Laptop_20-29-42]  Added 'filter','title','keyFeatures', 'about', 'techDetails' into the Map -> productResult
20:32:53 [TestNG-test-Test-3] INFO  verifyingDisplaySizeFilterFunctionality_Laptop_20-29-42 - [verifyingDisplaySizeFilterFunctionality_Laptop_20-29-42]  Added 'productResult' Map into the 'results' i.e list of maps 
20:32:53 [TestNG-test-Test-3] INFO  verifyingDisplaySizeFilterFunctionality_Laptop_20-29-42 - [verifyingDisplaySizeFilterFunctionality_Laptop_20-29-42]==========================================================================================================
20:32:53 [TestNG-test-Test-3] INFO  verifyingDisplaySizeFilterFunctionality_Laptop_20-29-42 - [verifyingDisplaySizeFilterFunctionality_Laptop_20-29-42] Within safeFindElements 
20:32:54 [TestNG-test-Test-3] INFO  verifyingDisplaySizeFilterFunctionality_Laptop_20-29-42 - [verifyingDisplaySizeFilterFunctionality_Laptop_20-29-42] Returning the  [[[ChromeDriver: chrome on windows (5f28c669577438246038219e80837668)] -> xpath: //div[@data-cy='title-recipe']], [[ChromeDriver: chrome on windows (5f28c669577438246038219e80837668)] -> xpath: //div[@data-cy='title-recipe']], [[ChromeDriver: chrome on windows (5f28c669577438246038219e80837668)] -> xpath: //div[@data-cy='title-recipe']], [[ChromeDriver: chrome on windows (5f28c669577438246038219e80837668)] -> xpath: //div[@data-cy='title-recipe']], [[ChromeDriver: chrome on windows (5f28c669577438246038219e80837668)] -> xpath: //div[@data-cy='title-recipe']], [[ChromeDriver: chrome on windows (5f28c669577438246038219e80837668)] -> xpath: //div[@data-cy='title-recipe']], [[ChromeDriver: chrome on windows (5f28c669577438246038219e80837668)] -> xpath: //div[@data-cy='title-recipe']], [[ChromeDriver: chrome on windows (5f28c669577438246038219e80837668)] -> xpath: //div[@data-cy='title-recipe']], [[ChromeDriver: chrome on windows (5f28c669577438246038219e80837668)] -> xpath: //div[@data-cy='title-recipe']], [[ChromeDriver: chrome on windows (5f28c669577438246038219e80837668)] -> xpath: //div[@data-cy='title-recipe']], [[ChromeDriver: chrome on windows (5f28c669577438246038219e80837668)] -> xpath: //div[@data-cy='title-recipe']], [[ChromeDriver: chrome on windows (5f28c669577438246038219e80837668)] -> xpath: //div[@data-cy='title-recipe']], [[ChromeDriver: chrome on windows (5f28c669577438246038219e80837668)] -> xpath: //div[@data-cy='title-recipe']], [[ChromeDriver: chrome on windows (5f28c669577438246038219e80837668)] -> xpath: //div[@data-cy='title-recipe']], [[ChromeDriver: chrome on windows (5f28c669577438246038219e80837668)] -> xpath: //div[@data-cy='title-recipe']], [[ChromeDriver: chrome on windows (5f28c669577438246038219e80837668)] -> xpath: //div[@data-cy='title-recipe']]] from the safeFindElements method
20:32:54 [TestNG-test-Test-3] INFO  verifyingDisplaySizeFilterFunctionality_Laptop_20-29-42 - [verifyingDisplaySizeFilterFunctionality_Laptop_20-29-42] Within productNameListingPage loop in applyFilterAndValidateProductsWithResult
20:32:54 [TestNG-test-Test-3] INFO  verifyingDisplaySizeFilterFunctionality_Laptop_20-29-42 - [verifyingDisplaySizeFilterFunctionality_Laptop_20-29-42] Within getProductByIndex method
20:32:54 [TestNG-test-Test-3] INFO  verifyingDisplaySizeFilterFunctionality_Laptop_20-29-42 - [verifyingDisplaySizeFilterFunctionality_Laptop_20-29-42] Within safeFindElement method
20:32:54 [TestNG-test-Test-3] INFO  verifyingDisplaySizeFilterFunctionality_Laptop_20-29-42 - [verifyingDisplaySizeFilterFunctionality_Laptop_20-29-42]Found the element returning it ,element ->[[ChromeDriver: chrome on windows (5f28c669577438246038219e80837668)] -> xpath: (//div[@data-cy='title-recipe'])[14]]
20:32:54 [TestNG-test-Test-3] INFO  verifyingDisplaySizeFilterFunctionality_Laptop_20-29-42 - [verifyingDisplaySizeFilterFunctionality_Laptop_20-29-42] Within getProductByIndex method
20:32:54 [TestNG-test-Test-3] INFO  verifyingDisplaySizeFilterFunctionality_Laptop_20-29-42 - [verifyingDisplaySizeFilterFunctionality_Laptop_20-29-42] Within smoothScrollToElement method
20:32:54 [TestNG-test-Test-3] INFO  verifyingDisplaySizeFilterFunctionality_Laptop_20-29-42 - [verifyingDisplaySizeFilterFunctionality_Laptop_20-29-42] Within safeFindElement method
20:32:54 [TestNG-test-Test-3] INFO  verifyingDisplaySizeFilterFunctionality_Laptop_20-29-42 - [verifyingDisplaySizeFilterFunctionality_Laptop_20-29-42]Found the element returning it ,element ->[[ChromeDriver: chrome on windows (5f28c669577438246038219e80837668)] -> xpath: (//div[@data-cy='title-recipe'])[14]]
20:32:54 [TestNG-test-Test-3] INFO  verifyingDisplaySizeFilterFunctionality_Laptop_20-29-42 - [verifyingDisplaySizeFilterFunctionality_Laptop_20-29-42] Successfully scrolled to element: By.xpath: (//div[@data-cy='title-recipe'])[14]
20:32:54 [TestNG-test-Test-3] INFO  verifyingDisplaySizeFilterFunctionality_Laptop_20-29-42 - [verifyingDisplaySizeFilterFunctionality_Laptop_20-29-42] Getting product by index in productNameListingPage loop
20:32:54 [TestNG-test-Test-3] INFO  verifyingDisplaySizeFilterFunctionality_Laptop_20-29-42 - [verifyingDisplaySizeFilterFunctionality_Laptop_20-29-42] Opened product in new tab via Ctrl+Click inside productNameListingPage loop
20:32:54 [TestNG-test-Test-3] INFO  verifyingDisplaySizeFilterFunctionality_Laptop_20-29-42 - [verifyingDisplaySizeFilterFunctionality_Laptop_20-29-42] Waiting for new window to open...
20:32:54 [TestNG-test-Test-3] INFO  verifyingDisplaySizeFilterFunctionality_Laptop_20-29-42 - [verifyingDisplaySizeFilterFunctionality_Laptop_20-29-42] Switched to new window -> 7838527A50928D766B3F52EF35975237
20:32:54 [TestNG-test-Test-3] INFO  verifyingDisplaySizeFilterFunctionality_Laptop_20-29-42 - [verifyingDisplaySizeFilterFunctionality_Laptop_20-29-42] Swithcing to the new window  within productNameListingPage loop
20:32:54 [TestNG-test-Test-3] INFO  verifyingDisplaySizeFilterFunctionality_Laptop_20-29-42 - [verifyingDisplaySizeFilterFunctionality_Laptop_20-29-42] Clicked product name to open in new tab from productNameListingPage loop
20:32:54 [TestNG-test-Test-3] INFO  verifyingDisplaySizeFilterFunctionality_Laptop_20-29-42 - [verifyingDisplaySizeFilterFunctionality_Laptop_20-29-42] Within safeFindElement method
20:32:58 [TestNG-test-Test-3] INFO  verifyingDisplaySizeFilterFunctionality_Laptop_20-29-42 - [verifyingDisplaySizeFilterFunctionality_Laptop_20-29-42]Found the element returning it ,element ->[[ChromeDriver: chrome on windows (5f28c669577438246038219e80837668)] -> xpath: //span[@id='productTitle']]
20:32:58 [TestNG-test-Test-3] INFO  verifyingDisplaySizeFilterFunctionality_Laptop_20-29-42 - [verifyingDisplaySizeFilterFunctionality_Laptop_20-29-42] Within safeFindElement method
20:32:58 [TestNG-test-Test-3] INFO  verifyingDisplaySizeFilterFunctionality_Laptop_20-29-42 - [verifyingDisplaySizeFilterFunctionality_Laptop_20-29-42]Found the element returning it ,element ->[[ChromeDriver: chrome on windows (5f28c669577438246038219e80837668)] -> xpath: //div[@class='a-section a-spacing-small a-spacing-top-small']]
20:32:58 [TestNG-test-Test-3] INFO  verifyingDisplaySizeFilterFunctionality_Laptop_20-29-42 - [verifyingDisplaySizeFilterFunctionality_Laptop_20-29-42] Within safeFindElement method
20:32:58 [TestNG-test-Test-3] INFO  verifyingDisplaySizeFilterFunctionality_Laptop_20-29-42 - [verifyingDisplaySizeFilterFunctionality_Laptop_20-29-42]Found the element returning it ,element ->[[ChromeDriver: chrome on windows (5f28c669577438246038219e80837668)] -> xpath: //div[@id='feature-bullets']]
20:32:58 [TestNG-test-Test-3] INFO  verifyingDisplaySizeFilterFunctionality_Laptop_20-29-42 - [verifyingDisplaySizeFilterFunctionality_Laptop_20-29-42] Within safeFindElement method
20:32:58 [TestNG-test-Test-3] INFO  verifyingDisplaySizeFilterFunctionality_Laptop_20-29-42 - [verifyingDisplaySizeFilterFunctionality_Laptop_20-29-42]Found the element returning it ,element ->[[ChromeDriver: chrome on windows (5f28c669577438246038219e80837668)] -> xpath: //div[@id='prodDetails']]
20:32:58 [TestNG-test-Test-3] INFO  verifyingDisplaySizeFilterFunctionality_Laptop_20-29-42 - [verifyingDisplaySizeFilterFunctionality_Laptop_20-29-42] Extracting 'name' , 'keyFeatures', 'about' , 'techDetails' within productNameListingPage loop
20:32:58 [TestNG-test-Test-3] INFO  verifyingDisplaySizeFilterFunctionality_Laptop_20-29-42 - [verifyingDisplaySizeFilterFunctionality_Laptop_20-29-42] Waiting until element is visible in viewport
20:33:09 [TestNG-test-Test-3] INFO  verifyingDisplaySizeFilterFunctionality_Laptop_20-29-42 - [verifyingDisplaySizeFilterFunctionality_Laptop_20-29-42] Within smoothScrollToElement method
20:33:09 [TestNG-test-Test-3] INFO  verifyingDisplaySizeFilterFunctionality_Laptop_20-29-42 - [verifyingDisplaySizeFilterFunctionality_Laptop_20-29-42] Within safeFindElement method
20:33:09 [TestNG-test-Test-3] INFO  verifyingDisplaySizeFilterFunctionality_Laptop_20-29-42 - [verifyingDisplaySizeFilterFunctionality_Laptop_20-29-42]Found the element returning it ,element ->[[ChromeDriver: chrome on windows (5f28c669577438246038219e80837668)] -> xpath: //a[@id='seeMoreDetailsLink']]
20:33:09 [TestNG-test-Test-3] INFO  verifyingDisplaySizeFilterFunctionality_Laptop_20-29-42 - [verifyingDisplaySizeFilterFunctionality_Laptop_20-29-42] Successfully scrolled to element: By.xpath: //a[@id='seeMoreDetailsLink']
20:33:09 [TestNG-test-Test-3] INFO  verifyingDisplaySizeFilterFunctionality_Laptop_20-29-42 - [verifyingDisplaySizeFilterFunctionality_Laptop_20-29-42] Within safeClick method
20:33:09 [TestNG-test-Test-3] INFO  verifyingDisplaySizeFilterFunctionality_Laptop_20-29-42 - [verifyingDisplaySizeFilterFunctionality_Laptop_20-29-42] Clicked the  [[ChromeDriver: chrome on windows (5f28c669577438246038219e80837668)] -> xpath: //a[@id='seeMoreDetailsLink']]   using safeClick
20:33:09 [TestNG-test-Test-3] INFO  verifyingDisplaySizeFilterFunctionality_Laptop_20-29-42 - [verifyingDisplaySizeFilterFunctionality_Laptop_20-29-42] Within try block for clicking see more deatils within productNameListingPage loop
20:33:09 [TestNG-test-Test-3] INFO  verifyingDisplaySizeFilterFunctionality_Laptop_20-29-42 - [verifyingDisplaySizeFilterFunctionality_Laptop_20-29-42] Within closeCurrentWindowAndSwitchBack method
20:33:09 [TestNG-test-Test-3] INFO  verifyingDisplaySizeFilterFunctionality_Laptop_20-29-42 - [verifyingDisplaySizeFilterFunctionality_Laptop_20-29-42] Total open windows/tabs count -> 2
20:33:09 [TestNG-test-Test-3] INFO  verifyingDisplaySizeFilterFunctionality_Laptop_20-29-42 - [verifyingDisplaySizeFilterFunctionality_Laptop_20-29-42] Original window handle -> 4FD498FF7C268EAD07E38C1D5D5B2EA7
20:33:09 [TestNG-test-Test-3] INFO  verifyingDisplaySizeFilterFunctionality_Laptop_20-29-42 - [verifyingDisplaySizeFilterFunctionality_Laptop_20-29-42] Found new tab/window handle -> 7838527A50928D766B3F52EF35975237 (will be closed)
20:33:09 [TestNG-test-Test-3] INFO  verifyingDisplaySizeFilterFunctionality_Laptop_20-29-42 - [verifyingDisplaySizeFilterFunctionality_Laptop_20-29-42] Successfully switched to new tab/window -> 7838527A50928D766B3F52EF35975237
20:33:09 [TestNG-test-Test-3] INFO  verifyingDisplaySizeFilterFunctionality_Laptop_20-29-42 - [verifyingDisplaySizeFilterFunctionality_Laptop_20-29-42] Closed the newly opened tab/window -> 7838527A50928D766B3F52EF35975237
20:33:09 [TestNG-test-Test-3] INFO  verifyingDisplaySizeFilterFunctionality_Laptop_20-29-42 - [verifyingDisplaySizeFilterFunctionality_Laptop_20-29-42] Switched back to the original window -> 4FD498FF7C268EAD07E38C1D5D5B2EA7
20:33:09 [TestNG-test-Test-3] INFO  verifyingDisplaySizeFilterFunctionality_Laptop_20-29-42 - [verifyingDisplaySizeFilterFunctionality_Laptop_20-29-42]  going back to product listing via closeCurrentWindowAndSwitchBack 
20:33:09 [TestNG-test-Test-3] INFO  verifyingDisplaySizeFilterFunctionality_Laptop_20-29-42 - [verifyingDisplaySizeFilterFunctionality_Laptop_20-29-42]  Added 'filter','title','keyFeatures', 'about', 'techDetails' into the Map -> productResult
20:33:09 [TestNG-test-Test-3] INFO  verifyingDisplaySizeFilterFunctionality_Laptop_20-29-42 - [verifyingDisplaySizeFilterFunctionality_Laptop_20-29-42]  Added 'productResult' Map into the 'results' i.e list of maps 
20:33:09 [TestNG-test-Test-3] INFO  verifyingDisplaySizeFilterFunctionality_Laptop_20-29-42 - [verifyingDisplaySizeFilterFunctionality_Laptop_20-29-42]==========================================================================================================
20:33:09 [TestNG-test-Test-3] INFO  verifyingDisplaySizeFilterFunctionality_Laptop_20-29-42 - [verifyingDisplaySizeFilterFunctionality_Laptop_20-29-42] Within safeFindElements 
20:33:09 [TestNG-test-Test-3] INFO  verifyingDisplaySizeFilterFunctionality_Laptop_20-29-42 - [verifyingDisplaySizeFilterFunctionality_Laptop_20-29-42] Returning the  [[[ChromeDriver: chrome on windows (5f28c669577438246038219e80837668)] -> xpath: //div[@data-cy='title-recipe']], [[ChromeDriver: chrome on windows (5f28c669577438246038219e80837668)] -> xpath: //div[@data-cy='title-recipe']], [[ChromeDriver: chrome on windows (5f28c669577438246038219e80837668)] -> xpath: //div[@data-cy='title-recipe']], [[ChromeDriver: chrome on windows (5f28c669577438246038219e80837668)] -> xpath: //div[@data-cy='title-recipe']], [[ChromeDriver: chrome on windows (5f28c669577438246038219e80837668)] -> xpath: //div[@data-cy='title-recipe']], [[ChromeDriver: chrome on windows (5f28c669577438246038219e80837668)] -> xpath: //div[@data-cy='title-recipe']], [[ChromeDriver: chrome on windows (5f28c669577438246038219e80837668)] -> xpath: //div[@data-cy='title-recipe']], [[ChromeDriver: chrome on windows (5f28c669577438246038219e80837668)] -> xpath: //div[@data-cy='title-recipe']], [[ChromeDriver: chrome on windows (5f28c669577438246038219e80837668)] -> xpath: //div[@data-cy='title-recipe']], [[ChromeDriver: chrome on windows (5f28c669577438246038219e80837668)] -> xpath: //div[@data-cy='title-recipe']], [[ChromeDriver: chrome on windows (5f28c669577438246038219e80837668)] -> xpath: //div[@data-cy='title-recipe']], [[ChromeDriver: chrome on windows (5f28c669577438246038219e80837668)] -> xpath: //div[@data-cy='title-recipe']], [[ChromeDriver: chrome on windows (5f28c669577438246038219e80837668)] -> xpath: //div[@data-cy='title-recipe']], [[ChromeDriver: chrome on windows (5f28c669577438246038219e80837668)] -> xpath: //div[@data-cy='title-recipe']], [[ChromeDriver: chrome on windows (5f28c669577438246038219e80837668)] -> xpath: //div[@data-cy='title-recipe']], [[ChromeDriver: chrome on windows (5f28c669577438246038219e80837668)] -> xpath: //div[@data-cy='title-recipe']]] from the safeFindElements method
20:33:09 [TestNG-test-Test-3] INFO  verifyingDisplaySizeFilterFunctionality_Laptop_20-29-42 - [verifyingDisplaySizeFilterFunctionality_Laptop_20-29-42] Within productNameListingPage loop in applyFilterAndValidateProductsWithResult
20:33:09 [TestNG-test-Test-3] INFO  verifyingDisplaySizeFilterFunctionality_Laptop_20-29-42 - [verifyingDisplaySizeFilterFunctionality_Laptop_20-29-42] Within getProductByIndex method
20:33:09 [TestNG-test-Test-3] INFO  verifyingDisplaySizeFilterFunctionality_Laptop_20-29-42 - [verifyingDisplaySizeFilterFunctionality_Laptop_20-29-42] Within safeFindElement method
20:33:09 [TestNG-test-Test-3] INFO  verifyingDisplaySizeFilterFunctionality_Laptop_20-29-42 - [verifyingDisplaySizeFilterFunctionality_Laptop_20-29-42]Found the element returning it ,element ->[[ChromeDriver: chrome on windows (5f28c669577438246038219e80837668)] -> xpath: (//div[@data-cy='title-recipe'])[15]]
20:33:09 [TestNG-test-Test-3] INFO  verifyingDisplaySizeFilterFunctionality_Laptop_20-29-42 - [verifyingDisplaySizeFilterFunctionality_Laptop_20-29-42] Within getProductByIndex method
20:33:09 [TestNG-test-Test-3] INFO  verifyingDisplaySizeFilterFunctionality_Laptop_20-29-42 - [verifyingDisplaySizeFilterFunctionality_Laptop_20-29-42] Within smoothScrollToElement method
20:33:09 [TestNG-test-Test-3] INFO  verifyingDisplaySizeFilterFunctionality_Laptop_20-29-42 - [verifyingDisplaySizeFilterFunctionality_Laptop_20-29-42] Within safeFindElement method
20:33:09 [TestNG-test-Test-3] INFO  verifyingDisplaySizeFilterFunctionality_Laptop_20-29-42 - [verifyingDisplaySizeFilterFunctionality_Laptop_20-29-42]Found the element returning it ,element ->[[ChromeDriver: chrome on windows (5f28c669577438246038219e80837668)] -> xpath: (//div[@data-cy='title-recipe'])[15]]
20:33:09 [TestNG-test-Test-3] INFO  verifyingDisplaySizeFilterFunctionality_Laptop_20-29-42 - [verifyingDisplaySizeFilterFunctionality_Laptop_20-29-42] Successfully scrolled to element: By.xpath: (//div[@data-cy='title-recipe'])[15]
20:33:09 [TestNG-test-Test-3] INFO  verifyingDisplaySizeFilterFunctionality_Laptop_20-29-42 - [verifyingDisplaySizeFilterFunctionality_Laptop_20-29-42] Getting product by index in productNameListingPage loop
20:33:10 [TestNG-test-Test-3] INFO  verifyingDisplaySizeFilterFunctionality_Laptop_20-29-42 - [verifyingDisplaySizeFilterFunctionality_Laptop_20-29-42] Opened product in new tab via Ctrl+Click inside productNameListingPage loop
20:33:10 [TestNG-test-Test-3] INFO  verifyingDisplaySizeFilterFunctionality_Laptop_20-29-42 - [verifyingDisplaySizeFilterFunctionality_Laptop_20-29-42] Waiting for new window to open...
20:33:10 [TestNG-test-Test-3] INFO  verifyingDisplaySizeFilterFunctionality_Laptop_20-29-42 - [verifyingDisplaySizeFilterFunctionality_Laptop_20-29-42] Switched to new window -> 9144B6762808E283D4D7A4AA36C7EAAA
20:33:10 [TestNG-test-Test-3] INFO  verifyingDisplaySizeFilterFunctionality_Laptop_20-29-42 - [verifyingDisplaySizeFilterFunctionality_Laptop_20-29-42] Swithcing to the new window  within productNameListingPage loop
20:33:10 [TestNG-test-Test-3] INFO  verifyingDisplaySizeFilterFunctionality_Laptop_20-29-42 - [verifyingDisplaySizeFilterFunctionality_Laptop_20-29-42] Clicked product name to open in new tab from productNameListingPage loop
20:33:10 [TestNG-test-Test-3] INFO  verifyingDisplaySizeFilterFunctionality_Laptop_20-29-42 - [verifyingDisplaySizeFilterFunctionality_Laptop_20-29-42] Within safeFindElement method
20:33:25 [TestNG-test-Test-3] INFO  verifyingDisplaySizeFilterFunctionality_Laptop_20-29-42 - [verifyingDisplaySizeFilterFunctionality_Laptop_20-29-42]Found the element returning it ,element ->[[ChromeDriver: chrome on windows (5f28c669577438246038219e80837668)] -> xpath: //span[@id='productTitle']]
20:33:25 [TestNG-test-Test-3] INFO  verifyingDisplaySizeFilterFunctionality_Laptop_20-29-42 - [verifyingDisplaySizeFilterFunctionality_Laptop_20-29-42] Within safeFindElement method
20:33:25 [TestNG-test-Test-3] INFO  verifyingDisplaySizeFilterFunctionality_Laptop_20-29-42 - [verifyingDisplaySizeFilterFunctionality_Laptop_20-29-42]Found the element returning it ,element ->[[ChromeDriver: chrome on windows (5f28c669577438246038219e80837668)] -> xpath: //div[@class='a-section a-spacing-small a-spacing-top-small']]
20:33:25 [TestNG-test-Test-3] INFO  verifyingDisplaySizeFilterFunctionality_Laptop_20-29-42 - [verifyingDisplaySizeFilterFunctionality_Laptop_20-29-42] Within safeFindElement method
20:33:26 [TestNG-test-Test-3] INFO  verifyingDisplaySizeFilterFunctionality_Laptop_20-29-42 - [verifyingDisplaySizeFilterFunctionality_Laptop_20-29-42]Found the element returning it ,element ->[[ChromeDriver: chrome on windows (5f28c669577438246038219e80837668)] -> xpath: //div[@id='feature-bullets']]
20:33:26 [TestNG-test-Test-3] INFO  verifyingDisplaySizeFilterFunctionality_Laptop_20-29-42 - [verifyingDisplaySizeFilterFunctionality_Laptop_20-29-42] Within safeFindElement method
20:33:26 [TestNG-test-Test-3] INFO  verifyingDisplaySizeFilterFunctionality_Laptop_20-29-42 - [verifyingDisplaySizeFilterFunctionality_Laptop_20-29-42]Found the element returning it ,element ->[[ChromeDriver: chrome on windows (5f28c669577438246038219e80837668)] -> xpath: //div[@id='prodDetails']]
20:33:26 [TestNG-test-Test-3] INFO  verifyingDisplaySizeFilterFunctionality_Laptop_20-29-42 - [verifyingDisplaySizeFilterFunctionality_Laptop_20-29-42] Extracting 'name' , 'keyFeatures', 'about' , 'techDetails' within productNameListingPage loop
20:33:26 [TestNG-test-Test-3] INFO  verifyingDisplaySizeFilterFunctionality_Laptop_20-29-42 - [verifyingDisplaySizeFilterFunctionality_Laptop_20-29-42] Waiting until element is visible in viewport
20:33:36 [TestNG-test-Test-3] INFO  verifyingDisplaySizeFilterFunctionality_Laptop_20-29-42 - [verifyingDisplaySizeFilterFunctionality_Laptop_20-29-42] Within smoothScrollToElement method
20:33:36 [TestNG-test-Test-3] INFO  verifyingDisplaySizeFilterFunctionality_Laptop_20-29-42 - [verifyingDisplaySizeFilterFunctionality_Laptop_20-29-42] Within safeFindElement method
20:33:36 [TestNG-test-Test-3] INFO  verifyingDisplaySizeFilterFunctionality_Laptop_20-29-42 - [verifyingDisplaySizeFilterFunctionality_Laptop_20-29-42]Found the element returning it ,element ->[[ChromeDriver: chrome on windows (5f28c669577438246038219e80837668)] -> xpath: //a[@id='seeMoreDetailsLink']]
20:33:36 [TestNG-test-Test-3] INFO  verifyingDisplaySizeFilterFunctionality_Laptop_20-29-42 - [verifyingDisplaySizeFilterFunctionality_Laptop_20-29-42] Successfully scrolled to element: By.xpath: //a[@id='seeMoreDetailsLink']
20:33:36 [TestNG-test-Test-3] INFO  verifyingDisplaySizeFilterFunctionality_Laptop_20-29-42 - [verifyingDisplaySizeFilterFunctionality_Laptop_20-29-42] Within safeClick method
20:33:36 [TestNG-test-Test-3] INFO  verifyingDisplaySizeFilterFunctionality_Laptop_20-29-42 - [verifyingDisplaySizeFilterFunctionality_Laptop_20-29-42] Clicked the  [[ChromeDriver: chrome on windows (5f28c669577438246038219e80837668)] -> xpath: //a[@id='seeMoreDetailsLink']]   using safeClick
20:33:36 [TestNG-test-Test-3] INFO  verifyingDisplaySizeFilterFunctionality_Laptop_20-29-42 - [verifyingDisplaySizeFilterFunctionality_Laptop_20-29-42] Within try block for clicking see more deatils within productNameListingPage loop
20:33:36 [TestNG-test-Test-3] INFO  verifyingDisplaySizeFilterFunctionality_Laptop_20-29-42 - [verifyingDisplaySizeFilterFunctionality_Laptop_20-29-42] Within closeCurrentWindowAndSwitchBack method
20:33:36 [TestNG-test-Test-3] INFO  verifyingDisplaySizeFilterFunctionality_Laptop_20-29-42 - [verifyingDisplaySizeFilterFunctionality_Laptop_20-29-42] Total open windows/tabs count -> 2
20:33:36 [TestNG-test-Test-3] INFO  verifyingDisplaySizeFilterFunctionality_Laptop_20-29-42 - [verifyingDisplaySizeFilterFunctionality_Laptop_20-29-42] Original window handle -> 4FD498FF7C268EAD07E38C1D5D5B2EA7
20:33:36 [TestNG-test-Test-3] INFO  verifyingDisplaySizeFilterFunctionality_Laptop_20-29-42 - [verifyingDisplaySizeFilterFunctionality_Laptop_20-29-42] Found new tab/window handle -> 9144B6762808E283D4D7A4AA36C7EAAA (will be closed)
20:33:36 [TestNG-test-Test-3] INFO  verifyingDisplaySizeFilterFunctionality_Laptop_20-29-42 - [verifyingDisplaySizeFilterFunctionality_Laptop_20-29-42] Successfully switched to new tab/window -> 9144B6762808E283D4D7A4AA36C7EAAA
20:33:36 [TestNG-test-Test-3] INFO  verifyingDisplaySizeFilterFunctionality_Laptop_20-29-42 - [verifyingDisplaySizeFilterFunctionality_Laptop_20-29-42] Closed the newly opened tab/window -> 9144B6762808E283D4D7A4AA36C7EAAA
20:33:36 [TestNG-test-Test-3] INFO  verifyingDisplaySizeFilterFunctionality_Laptop_20-29-42 - [verifyingDisplaySizeFilterFunctionality_Laptop_20-29-42] Switched back to the original window -> 4FD498FF7C268EAD07E38C1D5D5B2EA7
20:33:36 [TestNG-test-Test-3] INFO  verifyingDisplaySizeFilterFunctionality_Laptop_20-29-42 - [verifyingDisplaySizeFilterFunctionality_Laptop_20-29-42]  going back to product listing via closeCurrentWindowAndSwitchBack 
20:33:36 [TestNG-test-Test-3] INFO  verifyingDisplaySizeFilterFunctionality_Laptop_20-29-42 - [verifyingDisplaySizeFilterFunctionality_Laptop_20-29-42]  Added 'filter','title','keyFeatures', 'about', 'techDetails' into the Map -> productResult
20:33:36 [TestNG-test-Test-3] INFO  verifyingDisplaySizeFilterFunctionality_Laptop_20-29-42 - [verifyingDisplaySizeFilterFunctionality_Laptop_20-29-42]  Added 'productResult' Map into the 'results' i.e list of maps 
20:33:36 [TestNG-test-Test-3] INFO  verifyingDisplaySizeFilterFunctionality_Laptop_20-29-42 - [verifyingDisplaySizeFilterFunctionality_Laptop_20-29-42]==========================================================================================================
20:33:36 [TestNG-test-Test-3] INFO  verifyingDisplaySizeFilterFunctionality_Laptop_20-29-42 - [verifyingDisplaySizeFilterFunctionality_Laptop_20-29-42] Within safeClick method
20:33:38 [TestNG-test-Test-3] INFO  verifyingDisplaySizeFilterFunctionality_Laptop_20-29-42 - [verifyingDisplaySizeFilterFunctionality_Laptop_20-29-42] Cannot click the butto using safeClick, trying again
20:33:41 [TestNG-test-Test-3] INFO  verifyingDisplaySizeFilterFunctionality_Laptop_20-29-42 - [verifyingDisplaySizeFilterFunctionality_Laptop_20-29-42] Cannot click the butto using safeClick, trying again
20:33:43 [TestNG-test-Test-3] INFO  verifyingDisplaySizeFilterFunctionality_Laptop_20-29-42 - [verifyingDisplaySizeFilterFunctionality_Laptop_20-29-42] Skipping click action: Element not clickable after- 2
20:33:43 [TestNG-test-Test-3] INFO  verifyingDisplaySizeFilterFunctionality_Laptop_20-29-42 - [verifyingDisplaySizeFilterFunctionality_Laptop_20-29-42] Clearing the filter value ->Up to 13.9 inwithin productNameListingPage loop
20:33:43 [TestNG-test-Test-3] INFO  verifyingDisplaySizeFilterFunctionality_Laptop_20-29-42 - [verifyingDisplaySizeFilterFunctionality_Laptop_20-29-42]==========================================================================================================
20:33:43 [TestNG-test-Test-3] INFO  verifyingDisplaySizeFilterFunctionality_Laptop_20-29-42 - [verifyingDisplaySizeFilterFunctionality_Laptop_20-29-42]==========================================================================================================
20:33:43 [TestNG-test-Test-3] INFO  verifyingDisplaySizeFilterFunctionality_Laptop_20-29-42 - [verifyingDisplaySizeFilterFunctionality_Laptop_20-29-42] Within filterOptions loop in applyFilterAndValidateProductsWithResult
20:33:43 [TestNG-test-Test-3] INFO  verifyingDisplaySizeFilterFunctionality_Laptop_20-29-42 - [verifyingDisplaySizeFilterFunctionality_Laptop_20-29-42] Within safeFindElements 
20:33:43 [TestNG-test-Test-3] INFO  verifyingDisplaySizeFilterFunctionality_Laptop_20-29-42 - [verifyingDisplaySizeFilterFunctionality_Laptop_20-29-42] Returning the  [[[ChromeDriver: chrome on windows (5f28c669577438246038219e80837668)] -> xpath: //span[@class='a-size-base a-color-base puis-bold-weight-text' and text()='Screen Size']/parent::div/following-sibling::ul//span[@class='a-size-base a-color-base']], [[ChromeDriver: chrome on windows (5f28c669577438246038219e80837668)] -> xpath: //span[@class='a-size-base a-color-base puis-bold-weight-text' and text()='Screen Size']/parent::div/following-sibling::ul//span[@class='a-size-base a-color-base']], [[ChromeDriver: chrome on windows (5f28c669577438246038219e80837668)] -> xpath: //span[@class='a-size-base a-color-base puis-bold-weight-text' and text()='Screen Size']/parent::div/following-sibling::ul//span[@class='a-size-base a-color-base']], [[ChromeDriver: chrome on windows (5f28c669577438246038219e80837668)] -> xpath: //span[@class='a-size-base a-color-base puis-bold-weight-text' and text()='Screen Size']/parent::div/following-sibling::ul//span[@class='a-size-base a-color-base']], [[ChromeDriver: chrome on windows (5f28c669577438246038219e80837668)] -> xpath: //span[@class='a-size-base a-color-base puis-bold-weight-text' and text()='Screen Size']/parent::div/following-sibling::ul//span[@class='a-size-base a-color-base']], [[ChromeDriver: chrome on windows (5f28c669577438246038219e80837668)] -> xpath: //span[@class='a-size-base a-color-base puis-bold-weight-text' and text()='Screen Size']/parent::div/following-sibling::ul//span[@class='a-size-base a-color-base']]] from the safeFindElements method
20:33:43 [TestNG-test-Test-3] INFO  verifyingDisplaySizeFilterFunctionality_Laptop_20-29-42 - [verifyingDisplaySizeFilterFunctionality_Laptop_20-29-42] Trying to read filter option 1 (attempt 1/3)
20:33:43 [TestNG-test-Test-3] INFO  verifyingDisplaySizeFilterFunctionality_Laptop_20-29-42 - [verifyingDisplaySizeFilterFunctionality_Laptop_20-29-42] Successfully read filter option 1 = '15 to 15.9 in'
20:33:43 [TestNG-test-Test-3] INFO  verifyingDisplaySizeFilterFunctionality_Laptop_20-29-42 - [verifyingDisplaySizeFilterFunctionality_Laptop_20-29-42] Within getfilterByTypeAndName method
20:33:43 [TestNG-test-Test-3] INFO  verifyingDisplaySizeFilterFunctionality_Laptop_20-29-42 - [verifyingDisplaySizeFilterFunctionality_Laptop_20-29-42] Within safeClickBooleanWithScreenShot method
20:33:43 [TestNG-test-Test-3] INFO  verifyingDisplaySizeFilterFunctionality_Laptop_20-29-42 - [verifyingDisplaySizeFilterFunctionality_Laptop_20-29-42] Within getAppliedfilterByTypeAndName method
20:33:43 [TestNG-test-Test-3] INFO  verifyingDisplaySizeFilterFunctionality_Laptop_20-29-42 - [verifyingDisplaySizeFilterFunctionality_Laptop_20-29-42] Within smoothScrollToElement method
20:33:43 [TestNG-test-Test-3] INFO  verifyingDisplaySizeFilterFunctionality_Laptop_20-29-42 - [verifyingDisplaySizeFilterFunctionality_Laptop_20-29-42] Within safeFindElement method
20:33:43 [TestNG-test-Test-3] INFO  verifyingDisplaySizeFilterFunctionality_Laptop_20-29-42 - [verifyingDisplaySizeFilterFunctionality_Laptop_20-29-42]Found the element returning it ,element ->[[ChromeDriver: chrome on windows (5f28c669577438246038219e80837668)] -> xpath: //span[@class='a-size-base a-color-base puis-bold-weight-text' and text()='Screen Size']]
20:33:43 [TestNG-test-Test-3] INFO  verifyingDisplaySizeFilterFunctionality_Laptop_20-29-42 - [verifyingDisplaySizeFilterFunctionality_Laptop_20-29-42] Successfully scrolled to element: By.xpath: //span[@class='a-size-base a-color-base puis-bold-weight-text' and text()='Screen Size']
20:33:43 [TestNG-test-Test-3] INFO  verifyingDisplaySizeFilterFunctionality_Laptop_20-29-42 - [verifyingDisplaySizeFilterFunctionality_Laptop_20-29-42] Within getMoreButtonByFilterTypeAndName method
20:33:43 [TestNG-test-Test-3] INFO  verifyingDisplaySizeFilterFunctionality_Laptop_20-29-42 - [verifyingDisplaySizeFilterFunctionality_Laptop_20-29-42] could not find more button
20:33:43 [TestNG-test-Test-3] INFO  verifyingDisplaySizeFilterFunctionality_Laptop_20-29-42 - [verifyingDisplaySizeFilterFunctionality_Laptop_20-29-42] Within getAppliedfilterByTypeAndName method
20:33:43 [TestNG-test-Test-3] INFO  verifyingDisplaySizeFilterFunctionality_Laptop_20-29-42 - [verifyingDisplaySizeFilterFunctionality_Laptop_20-29-42] Within smoothScrollToElement method
20:33:43 [TestNG-test-Test-3] INFO  verifyingDisplaySizeFilterFunctionality_Laptop_20-29-42 - [verifyingDisplaySizeFilterFunctionality_Laptop_20-29-42] Within safeFindElement method
20:33:45 [TestNG-test-Test-3] INFO  verifyingDisplaySizeFilterFunctionality_Laptop_20-29-42 - [verifyingDisplaySizeFilterFunctionality_Laptop_20-29-42]Found the element returning it ,element ->[[ChromeDriver: chrome on windows (5f28c669577438246038219e80837668)] -> xpath: //span[@class='a-size-base a-color-base puis-bold-weight-text' and text()='Screen Size']]
20:33:45 [TestNG-test-Test-3] INFO  verifyingDisplaySizeFilterFunctionality_Laptop_20-29-42 - [verifyingDisplaySizeFilterFunctionality_Laptop_20-29-42] Successfully scrolled to element: By.xpath: //span[@class='a-size-base a-color-base puis-bold-weight-text' and text()='Screen Size']
20:33:45 [TestNG-test-Test-3] INFO  verifyingDisplaySizeFilterFunctionality_Laptop_20-29-42 - [verifyingDisplaySizeFilterFunctionality_Laptop_20-29-42] Within getMoreButtonByFilterTypeAndName method
20:33:45 [TestNG-test-Test-3] INFO  verifyingDisplaySizeFilterFunctionality_Laptop_20-29-42 - [verifyingDisplaySizeFilterFunctionality_Laptop_20-29-42] could not find more button
20:33:45 [TestNG-test-Test-3] INFO  verifyingDisplaySizeFilterFunctionality_Laptop_20-29-42 - [verifyingDisplaySizeFilterFunctionality_Laptop_20-29-42] Within getfilterByTypeAndName method
20:33:45 [TestNG-test-Test-3] INFO  verifyingDisplaySizeFilterFunctionality_Laptop_20-29-42 - [verifyingDisplaySizeFilterFunctionality_Laptop_20-29-42] Within smoothScrollToElement method
20:33:45 [TestNG-test-Test-3] INFO  verifyingDisplaySizeFilterFunctionality_Laptop_20-29-42 - [verifyingDisplaySizeFilterFunctionality_Laptop_20-29-42] Within safeFindElement method
20:33:45 [TestNG-test-Test-3] INFO  verifyingDisplaySizeFilterFunctionality_Laptop_20-29-42 - [verifyingDisplaySizeFilterFunctionality_Laptop_20-29-42]Found the element returning it ,element ->[[ChromeDriver: chrome on windows (5f28c669577438246038219e80837668)] -> xpath: //span[@class='a-size-base a-color-base puis-bold-weight-text' and text()='Screen Size']/parent::div/following-sibling::ul//span[@class='a-size-base a-color-base a-text-bold' and text()='15 to 15.9 in']]
20:33:45 [TestNG-test-Test-3] INFO  verifyingDisplaySizeFilterFunctionality_Laptop_20-29-42 - [verifyingDisplaySizeFilterFunctionality_Laptop_20-29-42] Successfully scrolled to element: By.xpath: //span[@class='a-size-base a-color-base puis-bold-weight-text' and text()='Screen Size']/parent::div/following-sibling::ul//span[@class='a-size-base a-color-base a-text-bold' and text()='15 to 15.9 in']
20:33:45 [TestNG-test-Test-3] INFO  verifyingDisplaySizeFilterFunctionality_Laptop_20-29-42 - [verifyingDisplaySizeFilterFunctionality_Laptop_20-29-42] Clicked the element using safe click ,element is [[ChromeDriver: chrome on windows (5f28c669577438246038219e80837668)] -> xpath: //span[@class='a-size-base a-color-base puis-bold-weight-text' and text()='Screen Size']/parent::div/following-sibling::ul//span[@class='a-size-base a-color-base' and text()='15 to 15.9 in']]
20:33:45 [TestNG-test-Test-3] INFO  verifyingDisplaySizeFilterFunctionality_Laptop_20-29-42 - [verifyingDisplaySizeFilterFunctionality_Laptop_20-29-42] Within safeFindElements 
20:33:45 [TestNG-test-Test-3] INFO  verifyingDisplaySizeFilterFunctionality_Laptop_20-29-42 - [verifyingDisplaySizeFilterFunctionality_Laptop_20-29-42] Returning the  [[[ChromeDriver: chrome on windows (5f28c669577438246038219e80837668)] -> xpath: //div[@data-cy='title-recipe']], [[ChromeDriver: chrome on windows (5f28c669577438246038219e80837668)] -> xpath: //div[@data-cy='title-recipe']], [[ChromeDriver: chrome on windows (5f28c669577438246038219e80837668)] -> xpath: //div[@data-cy='title-recipe']], [[ChromeDriver: chrome on windows (5f28c669577438246038219e80837668)] -> xpath: //div[@data-cy='title-recipe']], [[ChromeDriver: chrome on windows (5f28c669577438246038219e80837668)] -> xpath: //div[@data-cy='title-recipe']], [[ChromeDriver: chrome on windows (5f28c669577438246038219e80837668)] -> xpath: //div[@data-cy='title-recipe']], [[ChromeDriver: chrome on windows (5f28c669577438246038219e80837668)] -> xpath: //div[@data-cy='title-recipe']], [[ChromeDriver: chrome on windows (5f28c669577438246038219e80837668)] -> xpath: //div[@data-cy='title-recipe']], [[ChromeDriver: chrome on windows (5f28c669577438246038219e80837668)] -> xpath: //div[@data-cy='title-recipe']], [[ChromeDriver: chrome on windows (5f28c669577438246038219e80837668)] -> xpath: //div[@data-cy='title-recipe']], [[ChromeDriver: chrome on windows (5f28c669577438246038219e80837668)] -> xpath: //div[@data-cy='title-recipe']], [[ChromeDriver: chrome on windows (5f28c669577438246038219e80837668)] -> xpath: //div[@data-cy='title-recipe']], [[ChromeDriver: chrome on windows (5f28c669577438246038219e80837668)] -> xpath: //div[@data-cy='title-recipe']], [[ChromeDriver: chrome on windows (5f28c669577438246038219e80837668)] -> xpath: //div[@data-cy='title-recipe']], [[ChromeDriver: chrome on windows (5f28c669577438246038219e80837668)] -> xpath: //div[@data-cy='title-recipe']], [[ChromeDriver: chrome on windows (5f28c669577438246038219e80837668)] -> xpath: //div[@data-cy='title-recipe']]] from the safeFindElements method
20:33:45 [TestNG-test-Test-3] INFO  verifyingDisplaySizeFilterFunctionality_Laptop_20-29-42 - [verifyingDisplaySizeFilterFunctionality_Laptop_20-29-42] Execution is scheduled type /CRON Job on CI Hence refering to CI keys from UtilData
20:33:45 [TestNG-test-Test-3] INFO  verifyingDisplaySizeFilterFunctionality_Laptop_20-29-42 - [verifyingDisplaySizeFilterFunctionality_Laptop_20-29-42] Within safeFindElements 
20:33:45 [TestNG-test-Test-3] INFO  verifyingDisplaySizeFilterFunctionality_Laptop_20-29-42 - [verifyingDisplaySizeFilterFunctionality_Laptop_20-29-42] Returning the  [[[ChromeDriver: chrome on windows (5f28c669577438246038219e80837668)] -> xpath: //div[@data-cy='title-recipe']], [[ChromeDriver: chrome on windows (5f28c669577438246038219e80837668)] -> xpath: //div[@data-cy='title-recipe']], [[ChromeDriver: chrome on windows (5f28c669577438246038219e80837668)] -> xpath: //div[@data-cy='title-recipe']], [[ChromeDriver: chrome on windows (5f28c669577438246038219e80837668)] -> xpath: //div[@data-cy='title-recipe']], [[ChromeDriver: chrome on windows (5f28c669577438246038219e80837668)] -> xpath: //div[@data-cy='title-recipe']], [[ChromeDriver: chrome on windows (5f28c669577438246038219e80837668)] -> xpath: //div[@data-cy='title-recipe']], [[ChromeDriver: chrome on windows (5f28c669577438246038219e80837668)] -> xpath: //div[@data-cy='title-recipe']], [[ChromeDriver: chrome on windows (5f28c669577438246038219e80837668)] -> xpath: //div[@data-cy='title-recipe']], [[ChromeDriver: chrome on windows (5f28c669577438246038219e80837668)] -> xpath: //div[@data-cy='title-recipe']], [[ChromeDriver: chrome on windows (5f28c669577438246038219e80837668)] -> xpath: //div[@data-cy='title-recipe']], [[ChromeDriver: chrome on windows (5f28c669577438246038219e80837668)] -> xpath: //div[@data-cy='title-recipe']], [[ChromeDriver: chrome on windows (5f28c669577438246038219e80837668)] -> xpath: //div[@data-cy='title-recipe']], [[ChromeDriver: chrome on windows (5f28c669577438246038219e80837668)] -> xpath: //div[@data-cy='title-recipe']], [[ChromeDriver: chrome on windows (5f28c669577438246038219e80837668)] -> xpath: //div[@data-cy='title-recipe']], [[ChromeDriver: chrome on windows (5f28c669577438246038219e80837668)] -> xpath: //div[@data-cy='title-recipe']], [[ChromeDriver: chrome on windows (5f28c669577438246038219e80837668)] -> xpath: //div[@data-cy='title-recipe']]] from the safeFindElements method
20:33:45 [TestNG-test-Test-3] INFO  verifyingDisplaySizeFilterFunctionality_Laptop_20-29-42 - [verifyingDisplaySizeFilterFunctionality_Laptop_20-29-42] Within productNameListingPage loop in applyFilterAndValidateProductsWithResult
20:33:45 [TestNG-test-Test-3] INFO  verifyingDisplaySizeFilterFunctionality_Laptop_20-29-42 - [verifyingDisplaySizeFilterFunctionality_Laptop_20-29-42] Within getProductByIndex method
20:33:45 [TestNG-test-Test-3] INFO  verifyingDisplaySizeFilterFunctionality_Laptop_20-29-42 - [verifyingDisplaySizeFilterFunctionality_Laptop_20-29-42] Within safeFindElement method
20:33:45 [TestNG-test-Test-3] INFO  verifyingDisplaySizeFilterFunctionality_Laptop_20-29-42 - [verifyingDisplaySizeFilterFunctionality_Laptop_20-29-42]Found the element returning it ,element ->[[ChromeDriver: chrome on windows (5f28c669577438246038219e80837668)] -> xpath: (//div[@data-cy='title-recipe'])[1]]
20:33:45 [TestNG-test-Test-3] INFO  verifyingDisplaySizeFilterFunctionality_Laptop_20-29-42 - [verifyingDisplaySizeFilterFunctionality_Laptop_20-29-42] Within getProductByIndex method
20:33:45 [TestNG-test-Test-3] INFO  verifyingDisplaySizeFilterFunctionality_Laptop_20-29-42 - [verifyingDisplaySizeFilterFunctionality_Laptop_20-29-42] Within smoothScrollToElement method
20:33:45 [TestNG-test-Test-3] INFO  verifyingDisplaySizeFilterFunctionality_Laptop_20-29-42 - [verifyingDisplaySizeFilterFunctionality_Laptop_20-29-42] Within safeFindElement method
20:33:45 [TestNG-test-Test-3] INFO  verifyingDisplaySizeFilterFunctionality_Laptop_20-29-42 - [verifyingDisplaySizeFilterFunctionality_Laptop_20-29-42]Found the element returning it ,element ->[[ChromeDriver: chrome on windows (5f28c669577438246038219e80837668)] -> xpath: (//div[@data-cy='title-recipe'])[1]]
20:33:46 [TestNG-test-Test-3] INFO  verifyingDisplaySizeFilterFunctionality_Laptop_20-29-42 - [verifyingDisplaySizeFilterFunctionality_Laptop_20-29-42] Successfully scrolled to element: By.xpath: (//div[@data-cy='title-recipe'])[1]
20:33:46 [TestNG-test-Test-3] INFO  verifyingDisplaySizeFilterFunctionality_Laptop_20-29-42 - [verifyingDisplaySizeFilterFunctionality_Laptop_20-29-42] Getting product by index in productNameListingPage loop
20:33:46 [TestNG-test-Test-3] INFO  verifyingDisplaySizeFilterFunctionality_Laptop_20-29-42 - [verifyingDisplaySizeFilterFunctionality_Laptop_20-29-42] Opened product in new tab via Ctrl+Click inside productNameListingPage loop
20:33:46 [TestNG-test-Test-3] INFO  verifyingDisplaySizeFilterFunctionality_Laptop_20-29-42 - [verifyingDisplaySizeFilterFunctionality_Laptop_20-29-42] Waiting for new window to open...
20:33:46 [TestNG-test-Test-3] INFO  verifyingDisplaySizeFilterFunctionality_Laptop_20-29-42 - [verifyingDisplaySizeFilterFunctionality_Laptop_20-29-42] Switched to new window -> 8D49FEB7D204FA5001503FAD2B02EF72
20:33:46 [TestNG-test-Test-3] INFO  verifyingDisplaySizeFilterFunctionality_Laptop_20-29-42 - [verifyingDisplaySizeFilterFunctionality_Laptop_20-29-42] Swithcing to the new window  within productNameListingPage loop
20:33:46 [TestNG-test-Test-3] INFO  verifyingDisplaySizeFilterFunctionality_Laptop_20-29-42 - [verifyingDisplaySizeFilterFunctionality_Laptop_20-29-42] Clicked product name to open in new tab from productNameListingPage loop
20:33:46 [TestNG-test-Test-3] INFO  verifyingDisplaySizeFilterFunctionality_Laptop_20-29-42 - [verifyingDisplaySizeFilterFunctionality_Laptop_20-29-42] Within safeFindElement method
20:33:49 [TestNG-test-Test-3] INFO  verifyingDisplaySizeFilterFunctionality_Laptop_20-29-42 - [verifyingDisplaySizeFilterFunctionality_Laptop_20-29-42]Found the element returning it ,element ->[[ChromeDriver: chrome on windows (5f28c669577438246038219e80837668)] -> xpath: //span[@id='productTitle']]
20:33:49 [TestNG-test-Test-3] INFO  verifyingDisplaySizeFilterFunctionality_Laptop_20-29-42 - [verifyingDisplaySizeFilterFunctionality_Laptop_20-29-42] Within safeFindElement method
20:33:49 [TestNG-test-Test-3] INFO  verifyingDisplaySizeFilterFunctionality_Laptop_20-29-42 - [verifyingDisplaySizeFilterFunctionality_Laptop_20-29-42]Found the element returning it ,element ->[[ChromeDriver: chrome on windows (5f28c669577438246038219e80837668)] -> xpath: //div[@class='a-section a-spacing-small a-spacing-top-small']]
20:33:49 [TestNG-test-Test-3] INFO  verifyingDisplaySizeFilterFunctionality_Laptop_20-29-42 - [verifyingDisplaySizeFilterFunctionality_Laptop_20-29-42] Within safeFindElement method
20:33:49 [TestNG-test-Test-3] INFO  verifyingDisplaySizeFilterFunctionality_Laptop_20-29-42 - [verifyingDisplaySizeFilterFunctionality_Laptop_20-29-42]Found the element returning it ,element ->[[ChromeDriver: chrome on windows (5f28c669577438246038219e80837668)] -> xpath: //div[@id='feature-bullets']]
20:33:49 [TestNG-test-Test-3] INFO  verifyingDisplaySizeFilterFunctionality_Laptop_20-29-42 - [verifyingDisplaySizeFilterFunctionality_Laptop_20-29-42] Within safeFindElement method
20:33:49 [TestNG-test-Test-3] INFO  verifyingDisplaySizeFilterFunctionality_Laptop_20-29-42 - [verifyingDisplaySizeFilterFunctionality_Laptop_20-29-42]Found the element returning it ,element ->[[ChromeDriver: chrome on windows (5f28c669577438246038219e80837668)] -> xpath: //div[@id='prodDetails']]
20:33:49 [TestNG-test-Test-3] INFO  verifyingDisplaySizeFilterFunctionality_Laptop_20-29-42 - [verifyingDisplaySizeFilterFunctionality_Laptop_20-29-42] Extracting 'name' , 'keyFeatures', 'about' , 'techDetails' within productNameListingPage loop
20:33:49 [TestNG-test-Test-3] INFO  verifyingDisplaySizeFilterFunctionality_Laptop_20-29-42 - [verifyingDisplaySizeFilterFunctionality_Laptop_20-29-42] Waiting until element is visible in viewport
20:34:00 [TestNG-test-Test-3] INFO  verifyingDisplaySizeFilterFunctionality_Laptop_20-29-42 - [verifyingDisplaySizeFilterFunctionality_Laptop_20-29-42] Within smoothScrollToElement method
20:34:00 [TestNG-test-Test-3] INFO  verifyingDisplaySizeFilterFunctionality_Laptop_20-29-42 - [verifyingDisplaySizeFilterFunctionality_Laptop_20-29-42] Within safeFindElement method
20:34:00 [TestNG-test-Test-3] INFO  verifyingDisplaySizeFilterFunctionality_Laptop_20-29-42 - [verifyingDisplaySizeFilterFunctionality_Laptop_20-29-42]Found the element returning it ,element ->[[ChromeDriver: chrome on windows (5f28c669577438246038219e80837668)] -> xpath: //a[@id='seeMoreDetailsLink']]
20:34:00 [TestNG-test-Test-3] INFO  verifyingDisplaySizeFilterFunctionality_Laptop_20-29-42 - [verifyingDisplaySizeFilterFunctionality_Laptop_20-29-42] Successfully scrolled to element: By.xpath: //a[@id='seeMoreDetailsLink']
20:34:00 [TestNG-test-Test-3] INFO  verifyingDisplaySizeFilterFunctionality_Laptop_20-29-42 - [verifyingDisplaySizeFilterFunctionality_Laptop_20-29-42] Within safeClick method
20:34:01 [TestNG-test-Test-3] INFO  verifyingDisplaySizeFilterFunctionality_Laptop_20-29-42 - [verifyingDisplaySizeFilterFunctionality_Laptop_20-29-42] Clicked the  [[ChromeDriver: chrome on windows (5f28c669577438246038219e80837668)] -> xpath: //a[@id='seeMoreDetailsLink']]   using safeClick
20:34:01 [TestNG-test-Test-3] INFO  verifyingDisplaySizeFilterFunctionality_Laptop_20-29-42 - [verifyingDisplaySizeFilterFunctionality_Laptop_20-29-42] Within try block for clicking see more deatils within productNameListingPage loop
20:34:01 [TestNG-test-Test-3] INFO  verifyingDisplaySizeFilterFunctionality_Laptop_20-29-42 - [verifyingDisplaySizeFilterFunctionality_Laptop_20-29-42] Within closeCurrentWindowAndSwitchBack method
20:34:01 [TestNG-test-Test-3] INFO  verifyingDisplaySizeFilterFunctionality_Laptop_20-29-42 - [verifyingDisplaySizeFilterFunctionality_Laptop_20-29-42] Total open windows/tabs count -> 2
20:34:01 [TestNG-test-Test-3] INFO  verifyingDisplaySizeFilterFunctionality_Laptop_20-29-42 - [verifyingDisplaySizeFilterFunctionality_Laptop_20-29-42] Original window handle -> 4FD498FF7C268EAD07E38C1D5D5B2EA7
20:34:01 [TestNG-test-Test-3] INFO  verifyingDisplaySizeFilterFunctionality_Laptop_20-29-42 - [verifyingDisplaySizeFilterFunctionality_Laptop_20-29-42] Found new tab/window handle -> 8D49FEB7D204FA5001503FAD2B02EF72 (will be closed)
20:34:01 [TestNG-test-Test-3] INFO  verifyingDisplaySizeFilterFunctionality_Laptop_20-29-42 - [verifyingDisplaySizeFilterFunctionality_Laptop_20-29-42] Successfully switched to new tab/window -> 8D49FEB7D204FA5001503FAD2B02EF72
20:34:01 [TestNG-test-Test-3] INFO  verifyingDisplaySizeFilterFunctionality_Laptop_20-29-42 - [verifyingDisplaySizeFilterFunctionality_Laptop_20-29-42] Closed the newly opened tab/window -> 8D49FEB7D204FA5001503FAD2B02EF72
20:34:01 [TestNG-test-Test-3] INFO  verifyingDisplaySizeFilterFunctionality_Laptop_20-29-42 - [verifyingDisplaySizeFilterFunctionality_Laptop_20-29-42] Switched back to the original window -> 4FD498FF7C268EAD07E38C1D5D5B2EA7
20:34:01 [TestNG-test-Test-3] INFO  verifyingDisplaySizeFilterFunctionality_Laptop_20-29-42 - [verifyingDisplaySizeFilterFunctionality_Laptop_20-29-42]  going back to product listing via closeCurrentWindowAndSwitchBack 
20:34:01 [TestNG-test-Test-3] INFO  verifyingDisplaySizeFilterFunctionality_Laptop_20-29-42 - [verifyingDisplaySizeFilterFunctionality_Laptop_20-29-42]  Added 'filter','title','keyFeatures', 'about', 'techDetails' into the Map -> productResult
20:34:01 [TestNG-test-Test-3] INFO  verifyingDisplaySizeFilterFunctionality_Laptop_20-29-42 - [verifyingDisplaySizeFilterFunctionality_Laptop_20-29-42]  Added 'productResult' Map into the 'results' i.e list of maps 
20:34:01 [TestNG-test-Test-3] INFO  verifyingDisplaySizeFilterFunctionality_Laptop_20-29-42 - [verifyingDisplaySizeFilterFunctionality_Laptop_20-29-42]==========================================================================================================
20:34:01 [TestNG-test-Test-3] INFO  verifyingDisplaySizeFilterFunctionality_Laptop_20-29-42 - [verifyingDisplaySizeFilterFunctionality_Laptop_20-29-42] Within safeFindElements 
20:34:01 [TestNG-test-Test-3] INFO  verifyingDisplaySizeFilterFunctionality_Laptop_20-29-42 - [verifyingDisplaySizeFilterFunctionality_Laptop_20-29-42] Returning the  [[[ChromeDriver: chrome on windows (5f28c669577438246038219e80837668)] -> xpath: //div[@data-cy='title-recipe']], [[ChromeDriver: chrome on windows (5f28c669577438246038219e80837668)] -> xpath: //div[@data-cy='title-recipe']], [[ChromeDriver: chrome on windows (5f28c669577438246038219e80837668)] -> xpath: //div[@data-cy='title-recipe']], [[ChromeDriver: chrome on windows (5f28c669577438246038219e80837668)] -> xpath: //div[@data-cy='title-recipe']], [[ChromeDriver: chrome on windows (5f28c669577438246038219e80837668)] -> xpath: //div[@data-cy='title-recipe']], [[ChromeDriver: chrome on windows (5f28c669577438246038219e80837668)] -> xpath: //div[@data-cy='title-recipe']], [[ChromeDriver: chrome on windows (5f28c669577438246038219e80837668)] -> xpath: //div[@data-cy='title-recipe']], [[ChromeDriver: chrome on windows (5f28c669577438246038219e80837668)] -> xpath: //div[@data-cy='title-recipe']], [[ChromeDriver: chrome on windows (5f28c669577438246038219e80837668)] -> xpath: //div[@data-cy='title-recipe']], [[ChromeDriver: chrome on windows (5f28c669577438246038219e80837668)] -> xpath: //div[@data-cy='title-recipe']], [[ChromeDriver: chrome on windows (5f28c669577438246038219e80837668)] -> xpath: //div[@data-cy='title-recipe']], [[ChromeDriver: chrome on windows (5f28c669577438246038219e80837668)] -> xpath: //div[@data-cy='title-recipe']], [[ChromeDriver: chrome on windows (5f28c669577438246038219e80837668)] -> xpath: //div[@data-cy='title-recipe']], [[ChromeDriver: chrome on windows (5f28c669577438246038219e80837668)] -> xpath: //div[@data-cy='title-recipe']], [[ChromeDriver: chrome on windows (5f28c669577438246038219e80837668)] -> xpath: //div[@data-cy='title-recipe']], [[ChromeDriver: chrome on windows (5f28c669577438246038219e80837668)] -> xpath: //div[@data-cy='title-recipe']]] from the safeFindElements method
20:34:01 [TestNG-test-Test-3] INFO  verifyingDisplaySizeFilterFunctionality_Laptop_20-29-42 - [verifyingDisplaySizeFilterFunctionality_Laptop_20-29-42] Within productNameListingPage loop in applyFilterAndValidateProductsWithResult
20:34:01 [TestNG-test-Test-3] INFO  verifyingDisplaySizeFilterFunctionality_Laptop_20-29-42 - [verifyingDisplaySizeFilterFunctionality_Laptop_20-29-42] Within getProductByIndex method
20:34:01 [TestNG-test-Test-3] INFO  verifyingDisplaySizeFilterFunctionality_Laptop_20-29-42 - [verifyingDisplaySizeFilterFunctionality_Laptop_20-29-42] Within safeFindElement method
20:34:01 [TestNG-test-Test-3] INFO  verifyingDisplaySizeFilterFunctionality_Laptop_20-29-42 - [verifyingDisplaySizeFilterFunctionality_Laptop_20-29-42]Found the element returning it ,element ->[[ChromeDriver: chrome on windows (5f28c669577438246038219e80837668)] -> xpath: (//div[@data-cy='title-recipe'])[2]]
20:34:01 [TestNG-test-Test-3] INFO  verifyingDisplaySizeFilterFunctionality_Laptop_20-29-42 - [verifyingDisplaySizeFilterFunctionality_Laptop_20-29-42] Within getProductByIndex method
20:34:01 [TestNG-test-Test-3] INFO  verifyingDisplaySizeFilterFunctionality_Laptop_20-29-42 - [verifyingDisplaySizeFilterFunctionality_Laptop_20-29-42] Within smoothScrollToElement method
20:34:01 [TestNG-test-Test-3] INFO  verifyingDisplaySizeFilterFunctionality_Laptop_20-29-42 - [verifyingDisplaySizeFilterFunctionality_Laptop_20-29-42] Within safeFindElement method
20:34:01 [TestNG-test-Test-3] INFO  verifyingDisplaySizeFilterFunctionality_Laptop_20-29-42 - [verifyingDisplaySizeFilterFunctionality_Laptop_20-29-42]Found the element returning it ,element ->[[ChromeDriver: chrome on windows (5f28c669577438246038219e80837668)] -> xpath: (//div[@data-cy='title-recipe'])[2]]
20:34:01 [TestNG-test-Test-3] INFO  verifyingDisplaySizeFilterFunctionality_Laptop_20-29-42 - [verifyingDisplaySizeFilterFunctionality_Laptop_20-29-42] Successfully scrolled to element: By.xpath: (//div[@data-cy='title-recipe'])[2]
20:34:01 [TestNG-test-Test-3] INFO  verifyingDisplaySizeFilterFunctionality_Laptop_20-29-42 - [verifyingDisplaySizeFilterFunctionality_Laptop_20-29-42] Getting product by index in productNameListingPage loop
20:34:01 [TestNG-test-Test-3] INFO  verifyingDisplaySizeFilterFunctionality_Laptop_20-29-42 - [verifyingDisplaySizeFilterFunctionality_Laptop_20-29-42] Opened product in new tab via Ctrl+Click inside productNameListingPage loop
20:34:01 [TestNG-test-Test-3] INFO  verifyingDisplaySizeFilterFunctionality_Laptop_20-29-42 - [verifyingDisplaySizeFilterFunctionality_Laptop_20-29-42] Waiting for new window to open...
20:34:02 [TestNG-test-Test-3] INFO  verifyingDisplaySizeFilterFunctionality_Laptop_20-29-42 - [verifyingDisplaySizeFilterFunctionality_Laptop_20-29-42] Switched to new window -> BDD9CE8953B8AB0DAD4B95C3DD496AC6
20:34:02 [TestNG-test-Test-3] INFO  verifyingDisplaySizeFilterFunctionality_Laptop_20-29-42 - [verifyingDisplaySizeFilterFunctionality_Laptop_20-29-42] Swithcing to the new window  within productNameListingPage loop
20:34:02 [TestNG-test-Test-3] INFO  verifyingDisplaySizeFilterFunctionality_Laptop_20-29-42 - [verifyingDisplaySizeFilterFunctionality_Laptop_20-29-42] Clicked product name to open in new tab from productNameListingPage loop
20:34:02 [TestNG-test-Test-3] INFO  verifyingDisplaySizeFilterFunctionality_Laptop_20-29-42 - [verifyingDisplaySizeFilterFunctionality_Laptop_20-29-42] Within safeFindElement method
20:34:05 [TestNG-test-Test-3] INFO  verifyingDisplaySizeFilterFunctionality_Laptop_20-29-42 - [verifyingDisplaySizeFilterFunctionality_Laptop_20-29-42]Found the element returning it ,element ->[[ChromeDriver: chrome on windows (5f28c669577438246038219e80837668)] -> xpath: //span[@id='productTitle']]
20:34:05 [TestNG-test-Test-3] INFO  verifyingDisplaySizeFilterFunctionality_Laptop_20-29-42 - [verifyingDisplaySizeFilterFunctionality_Laptop_20-29-42] Within safeFindElement method
20:34:05 [TestNG-test-Test-3] INFO  verifyingDisplaySizeFilterFunctionality_Laptop_20-29-42 - [verifyingDisplaySizeFilterFunctionality_Laptop_20-29-42]Found the element returning it ,element ->[[ChromeDriver: chrome on windows (5f28c669577438246038219e80837668)] -> xpath: //div[@class='a-section a-spacing-small a-spacing-top-small']]
20:34:05 [TestNG-test-Test-3] INFO  verifyingDisplaySizeFilterFunctionality_Laptop_20-29-42 - [verifyingDisplaySizeFilterFunctionality_Laptop_20-29-42] Within safeFindElement method
20:34:05 [TestNG-test-Test-3] INFO  verifyingDisplaySizeFilterFunctionality_Laptop_20-29-42 - [verifyingDisplaySizeFilterFunctionality_Laptop_20-29-42]Found the element returning it ,element ->[[ChromeDriver: chrome on windows (5f28c669577438246038219e80837668)] -> xpath: //div[@id='feature-bullets']]
20:34:05 [TestNG-test-Test-3] INFO  verifyingDisplaySizeFilterFunctionality_Laptop_20-29-42 - [verifyingDisplaySizeFilterFunctionality_Laptop_20-29-42] Within safeFindElement method
20:34:05 [TestNG-test-Test-3] INFO  verifyingDisplaySizeFilterFunctionality_Laptop_20-29-42 - [verifyingDisplaySizeFilterFunctionality_Laptop_20-29-42]Found the element returning it ,element ->[[ChromeDriver: chrome on windows (5f28c669577438246038219e80837668)] -> xpath: //div[@id='prodDetails']]
20:34:05 [TestNG-test-Test-3] INFO  verifyingDisplaySizeFilterFunctionality_Laptop_20-29-42 - [verifyingDisplaySizeFilterFunctionality_Laptop_20-29-42] Extracting 'name' , 'keyFeatures', 'about' , 'techDetails' within productNameListingPage loop
20:34:05 [TestNG-test-Test-3] INFO  verifyingDisplaySizeFilterFunctionality_Laptop_20-29-42 - [verifyingDisplaySizeFilterFunctionality_Laptop_20-29-42] Waiting until element is visible in viewport
20:34:16 [TestNG-test-Test-3] INFO  verifyingDisplaySizeFilterFunctionality_Laptop_20-29-42 - [verifyingDisplaySizeFilterFunctionality_Laptop_20-29-42] Within smoothScrollToElement method
20:34:16 [TestNG-test-Test-3] INFO  verifyingDisplaySizeFilterFunctionality_Laptop_20-29-42 - [verifyingDisplaySizeFilterFunctionality_Laptop_20-29-42] Within safeFindElement method
20:34:16 [TestNG-test-Test-3] INFO  verifyingDisplaySizeFilterFunctionality_Laptop_20-29-42 - [verifyingDisplaySizeFilterFunctionality_Laptop_20-29-42]Found the element returning it ,element ->[[ChromeDriver: chrome on windows (5f28c669577438246038219e80837668)] -> xpath: //a[@id='seeMoreDetailsLink']]
20:34:16 [TestNG-test-Test-3] INFO  verifyingDisplaySizeFilterFunctionality_Laptop_20-29-42 - [verifyingDisplaySizeFilterFunctionality_Laptop_20-29-42] Successfully scrolled to element: By.xpath: //a[@id='seeMoreDetailsLink']
20:34:16 [TestNG-test-Test-3] INFO  verifyingDisplaySizeFilterFunctionality_Laptop_20-29-42 - [verifyingDisplaySizeFilterFunctionality_Laptop_20-29-42] Within safeClick method
20:34:16 [TestNG-test-Test-3] INFO  verifyingDisplaySizeFilterFunctionality_Laptop_20-29-42 - [verifyingDisplaySizeFilterFunctionality_Laptop_20-29-42] Clicked the  [[ChromeDriver: chrome on windows (5f28c669577438246038219e80837668)] -> xpath: //a[@id='seeMoreDetailsLink']]   using safeClick
20:34:16 [TestNG-test-Test-3] INFO  verifyingDisplaySizeFilterFunctionality_Laptop_20-29-42 - [verifyingDisplaySizeFilterFunctionality_Laptop_20-29-42] Within try block for clicking see more deatils within productNameListingPage loop
20:34:16 [TestNG-test-Test-3] INFO  verifyingDisplaySizeFilterFunctionality_Laptop_20-29-42 - [verifyingDisplaySizeFilterFunctionality_Laptop_20-29-42] Within closeCurrentWindowAndSwitchBack method
20:34:16 [TestNG-test-Test-3] INFO  verifyingDisplaySizeFilterFunctionality_Laptop_20-29-42 - [verifyingDisplaySizeFilterFunctionality_Laptop_20-29-42] Total open windows/tabs count -> 2
20:34:16 [TestNG-test-Test-3] INFO  verifyingDisplaySizeFilterFunctionality_Laptop_20-29-42 - [verifyingDisplaySizeFilterFunctionality_Laptop_20-29-42] Original window handle -> 4FD498FF7C268EAD07E38C1D5D5B2EA7
20:34:16 [TestNG-test-Test-3] INFO  verifyingDisplaySizeFilterFunctionality_Laptop_20-29-42 - [verifyingDisplaySizeFilterFunctionality_Laptop_20-29-42] Found new tab/window handle -> BDD9CE8953B8AB0DAD4B95C3DD496AC6 (will be closed)
20:34:16 [TestNG-test-Test-3] INFO  verifyingDisplaySizeFilterFunctionality_Laptop_20-29-42 - [verifyingDisplaySizeFilterFunctionality_Laptop_20-29-42] Successfully switched to new tab/window -> BDD9CE8953B8AB0DAD4B95C3DD496AC6
20:34:16 [TestNG-test-Test-3] INFO  verifyingDisplaySizeFilterFunctionality_Laptop_20-29-42 - [verifyingDisplaySizeFilterFunctionality_Laptop_20-29-42] Closed the newly opened tab/window -> BDD9CE8953B8AB0DAD4B95C3DD496AC6
20:34:16 [TestNG-test-Test-3] INFO  verifyingDisplaySizeFilterFunctionality_Laptop_20-29-42 - [verifyingDisplaySizeFilterFunctionality_Laptop_20-29-42] Switched back to the original window -> 4FD498FF7C268EAD07E38C1D5D5B2EA7
20:34:16 [TestNG-test-Test-3] INFO  verifyingDisplaySizeFilterFunctionality_Laptop_20-29-42 - [verifyingDisplaySizeFilterFunctionality_Laptop_20-29-42]  going back to product listing via closeCurrentWindowAndSwitchBack 
20:34:16 [TestNG-test-Test-3] INFO  verifyingDisplaySizeFilterFunctionality_Laptop_20-29-42 - [verifyingDisplaySizeFilterFunctionality_Laptop_20-29-42]  Added 'filter','title','keyFeatures', 'about', 'techDetails' into the Map -> productResult
20:34:16 [TestNG-test-Test-3] INFO  verifyingDisplaySizeFilterFunctionality_Laptop_20-29-42 - [verifyingDisplaySizeFilterFunctionality_Laptop_20-29-42]  Added 'productResult' Map into the 'results' i.e list of maps 
20:34:16 [TestNG-test-Test-3] INFO  verifyingDisplaySizeFilterFunctionality_Laptop_20-29-42 - [verifyingDisplaySizeFilterFunctionality_Laptop_20-29-42]==========================================================================================================
20:34:16 [TestNG-test-Test-3] INFO  verifyingDisplaySizeFilterFunctionality_Laptop_20-29-42 - [verifyingDisplaySizeFilterFunctionality_Laptop_20-29-42] Within safeFindElements 
20:34:16 [TestNG-test-Test-3] INFO  verifyingDisplaySizeFilterFunctionality_Laptop_20-29-42 - [verifyingDisplaySizeFilterFunctionality_Laptop_20-29-42] Returning the  [[[ChromeDriver: chrome on windows (5f28c669577438246038219e80837668)] -> xpath: //div[@data-cy='title-recipe']], [[ChromeDriver: chrome on windows (5f28c669577438246038219e80837668)] -> xpath: //div[@data-cy='title-recipe']], [[ChromeDriver: chrome on windows (5f28c669577438246038219e80837668)] -> xpath: //div[@data-cy='title-recipe']], [[ChromeDriver: chrome on windows (5f28c669577438246038219e80837668)] -> xpath: //div[@data-cy='title-recipe']], [[ChromeDriver: chrome on windows (5f28c669577438246038219e80837668)] -> xpath: //div[@data-cy='title-recipe']], [[ChromeDriver: chrome on windows (5f28c669577438246038219e80837668)] -> xpath: //div[@data-cy='title-recipe']], [[ChromeDriver: chrome on windows (5f28c669577438246038219e80837668)] -> xpath: //div[@data-cy='title-recipe']], [[ChromeDriver: chrome on windows (5f28c669577438246038219e80837668)] -> xpath: //div[@data-cy='title-recipe']], [[ChromeDriver: chrome on windows (5f28c669577438246038219e80837668)] -> xpath: //div[@data-cy='title-recipe']], [[ChromeDriver: chrome on windows (5f28c669577438246038219e80837668)] -> xpath: //div[@data-cy='title-recipe']], [[ChromeDriver: chrome on windows (5f28c669577438246038219e80837668)] -> xpath: //div[@data-cy='title-recipe']], [[ChromeDriver: chrome on windows (5f28c669577438246038219e80837668)] -> xpath: //div[@data-cy='title-recipe']], [[ChromeDriver: chrome on windows (5f28c669577438246038219e80837668)] -> xpath: //div[@data-cy='title-recipe']], [[ChromeDriver: chrome on windows (5f28c669577438246038219e80837668)] -> xpath: //div[@data-cy='title-recipe']], [[ChromeDriver: chrome on windows (5f28c669577438246038219e80837668)] -> xpath: //div[@data-cy='title-recipe']], [[ChromeDriver: chrome on windows (5f28c669577438246038219e80837668)] -> xpath: //div[@data-cy='title-recipe']]] from the safeFindElements method
20:34:16 [TestNG-test-Test-3] INFO  verifyingDisplaySizeFilterFunctionality_Laptop_20-29-42 - [verifyingDisplaySizeFilterFunctionality_Laptop_20-29-42] Within productNameListingPage loop in applyFilterAndValidateProductsWithResult
20:34:16 [TestNG-test-Test-3] INFO  verifyingDisplaySizeFilterFunctionality_Laptop_20-29-42 - [verifyingDisplaySizeFilterFunctionality_Laptop_20-29-42] Within getProductByIndex method
20:34:16 [TestNG-test-Test-3] INFO  verifyingDisplaySizeFilterFunctionality_Laptop_20-29-42 - [verifyingDisplaySizeFilterFunctionality_Laptop_20-29-42] Within safeFindElement method
20:34:16 [TestNG-test-Test-3] INFO  verifyingDisplaySizeFilterFunctionality_Laptop_20-29-42 - [verifyingDisplaySizeFilterFunctionality_Laptop_20-29-42]Found the element returning it ,element ->[[ChromeDriver: chrome on windows (5f28c669577438246038219e80837668)] -> xpath: (//div[@data-cy='title-recipe'])[3]]
20:34:16 [TestNG-test-Test-3] INFO  verifyingDisplaySizeFilterFunctionality_Laptop_20-29-42 - [verifyingDisplaySizeFilterFunctionality_Laptop_20-29-42] Within getProductByIndex method
20:34:16 [TestNG-test-Test-3] INFO  verifyingDisplaySizeFilterFunctionality_Laptop_20-29-42 - [verifyingDisplaySizeFilterFunctionality_Laptop_20-29-42] Within smoothScrollToElement method
20:34:16 [TestNG-test-Test-3] INFO  verifyingDisplaySizeFilterFunctionality_Laptop_20-29-42 - [verifyingDisplaySizeFilterFunctionality_Laptop_20-29-42] Within safeFindElement method
20:34:16 [TestNG-test-Test-3] INFO  verifyingDisplaySizeFilterFunctionality_Laptop_20-29-42 - [verifyingDisplaySizeFilterFunctionality_Laptop_20-29-42]Found the element returning it ,element ->[[ChromeDriver: chrome on windows (5f28c669577438246038219e80837668)] -> xpath: (//div[@data-cy='title-recipe'])[3]]
20:34:16 [TestNG-test-Test-3] INFO  verifyingDisplaySizeFilterFunctionality_Laptop_20-29-42 - [verifyingDisplaySizeFilterFunctionality_Laptop_20-29-42] Successfully scrolled to element: By.xpath: (//div[@data-cy='title-recipe'])[3]
20:34:16 [TestNG-test-Test-3] INFO  verifyingDisplaySizeFilterFunctionality_Laptop_20-29-42 - [verifyingDisplaySizeFilterFunctionality_Laptop_20-29-42] Getting product by index in productNameListingPage loop
20:34:16 [TestNG-test-Test-3] INFO  verifyingDisplaySizeFilterFunctionality_Laptop_20-29-42 - [verifyingDisplaySizeFilterFunctionality_Laptop_20-29-42] Opened product in new tab via Ctrl+Click inside productNameListingPage loop
20:34:16 [TestNG-test-Test-3] INFO  verifyingDisplaySizeFilterFunctionality_Laptop_20-29-42 - [verifyingDisplaySizeFilterFunctionality_Laptop_20-29-42] Waiting for new window to open...
20:34:16 [TestNG-test-Test-3] INFO  verifyingDisplaySizeFilterFunctionality_Laptop_20-29-42 - [verifyingDisplaySizeFilterFunctionality_Laptop_20-29-42] Switched to new window -> A532B0F866F87307B6F5F47959F3C013
20:34:16 [TestNG-test-Test-3] INFO  verifyingDisplaySizeFilterFunctionality_Laptop_20-29-42 - [verifyingDisplaySizeFilterFunctionality_Laptop_20-29-42] Swithcing to the new window  within productNameListingPage loop
20:34:16 [TestNG-test-Test-3] INFO  verifyingDisplaySizeFilterFunctionality_Laptop_20-29-42 - [verifyingDisplaySizeFilterFunctionality_Laptop_20-29-42] Clicked product name to open in new tab from productNameListingPage loop
20:34:16 [TestNG-test-Test-3] INFO  verifyingDisplaySizeFilterFunctionality_Laptop_20-29-42 - [verifyingDisplaySizeFilterFunctionality_Laptop_20-29-42] Within safeFindElement method
20:34:21 [TestNG-test-Test-3] INFO  verifyingDisplaySizeFilterFunctionality_Laptop_20-29-42 - [verifyingDisplaySizeFilterFunctionality_Laptop_20-29-42]Found the element returning it ,element ->[[ChromeDriver: chrome on windows (5f28c669577438246038219e80837668)] -> xpath: //span[@id='productTitle']]
20:34:21 [TestNG-test-Test-3] INFO  verifyingDisplaySizeFilterFunctionality_Laptop_20-29-42 - [verifyingDisplaySizeFilterFunctionality_Laptop_20-29-42] Within safeFindElement method
20:34:22 [TestNG-test-Test-3] INFO  verifyingDisplaySizeFilterFunctionality_Laptop_20-29-42 - [verifyingDisplaySizeFilterFunctionality_Laptop_20-29-42]Found the element returning it ,element ->[[ChromeDriver: chrome on windows (5f28c669577438246038219e80837668)] -> xpath: //div[@class='a-section a-spacing-small a-spacing-top-small']]
20:34:22 [TestNG-test-Test-3] INFO  verifyingDisplaySizeFilterFunctionality_Laptop_20-29-42 - [verifyingDisplaySizeFilterFunctionality_Laptop_20-29-42] Within safeFindElement method
20:34:22 [TestNG-test-Test-3] INFO  verifyingDisplaySizeFilterFunctionality_Laptop_20-29-42 - [verifyingDisplaySizeFilterFunctionality_Laptop_20-29-42]Found the element returning it ,element ->[[ChromeDriver: chrome on windows (5f28c669577438246038219e80837668)] -> xpath: //div[@id='feature-bullets']]
20:34:22 [TestNG-test-Test-3] INFO  verifyingDisplaySizeFilterFunctionality_Laptop_20-29-42 - [verifyingDisplaySizeFilterFunctionality_Laptop_20-29-42] Within safeFindElement method
20:34:22 [TestNG-test-Test-3] INFO  verifyingDisplaySizeFilterFunctionality_Laptop_20-29-42 - [verifyingDisplaySizeFilterFunctionality_Laptop_20-29-42]Found the element returning it ,element ->[[ChromeDriver: chrome on windows (5f28c669577438246038219e80837668)] -> xpath: //div[@id='prodDetails']]
20:34:22 [TestNG-test-Test-3] INFO  verifyingDisplaySizeFilterFunctionality_Laptop_20-29-42 - [verifyingDisplaySizeFilterFunctionality_Laptop_20-29-42] Extracting 'name' , 'keyFeatures', 'about' , 'techDetails' within productNameListingPage loop
20:34:22 [TestNG-test-Test-3] INFO  verifyingDisplaySizeFilterFunctionality_Laptop_20-29-42 - [verifyingDisplaySizeFilterFunctionality_Laptop_20-29-42] Waiting until element is visible in viewport
20:34:32 [TestNG-test-Test-3] INFO  verifyingDisplaySizeFilterFunctionality_Laptop_20-29-42 - [verifyingDisplaySizeFilterFunctionality_Laptop_20-29-42] Within smoothScrollToElement method
20:34:32 [TestNG-test-Test-3] INFO  verifyingDisplaySizeFilterFunctionality_Laptop_20-29-42 - [verifyingDisplaySizeFilterFunctionality_Laptop_20-29-42] Within safeFindElement method
20:34:32 [TestNG-test-Test-3] INFO  verifyingDisplaySizeFilterFunctionality_Laptop_20-29-42 - [verifyingDisplaySizeFilterFunctionality_Laptop_20-29-42]Found the element returning it ,element ->[[ChromeDriver: chrome on windows (5f28c669577438246038219e80837668)] -> xpath: //a[@id='seeMoreDetailsLink']]
20:34:32 [TestNG-test-Test-3] INFO  verifyingDisplaySizeFilterFunctionality_Laptop_20-29-42 - [verifyingDisplaySizeFilterFunctionality_Laptop_20-29-42] Successfully scrolled to element: By.xpath: //a[@id='seeMoreDetailsLink']
20:34:32 [TestNG-test-Test-3] INFO  verifyingDisplaySizeFilterFunctionality_Laptop_20-29-42 - [verifyingDisplaySizeFilterFunctionality_Laptop_20-29-42] Within safeClick method
20:34:32 [TestNG-test-Test-3] INFO  verifyingDisplaySizeFilterFunctionality_Laptop_20-29-42 - [verifyingDisplaySizeFilterFunctionality_Laptop_20-29-42] Clicked the  [[ChromeDriver: chrome on windows (5f28c669577438246038219e80837668)] -> xpath: //a[@id='seeMoreDetailsLink']]   using safeClick
20:34:32 [TestNG-test-Test-3] INFO  verifyingDisplaySizeFilterFunctionality_Laptop_20-29-42 - [verifyingDisplaySizeFilterFunctionality_Laptop_20-29-42] Within try block for clicking see more deatils within productNameListingPage loop
20:34:32 [TestNG-test-Test-3] INFO  verifyingDisplaySizeFilterFunctionality_Laptop_20-29-42 - [verifyingDisplaySizeFilterFunctionality_Laptop_20-29-42] Within closeCurrentWindowAndSwitchBack method
20:34:32 [TestNG-test-Test-3] INFO  verifyingDisplaySizeFilterFunctionality_Laptop_20-29-42 - [verifyingDisplaySizeFilterFunctionality_Laptop_20-29-42] Total open windows/tabs count -> 2
20:34:32 [TestNG-test-Test-3] INFO  verifyingDisplaySizeFilterFunctionality_Laptop_20-29-42 - [verifyingDisplaySizeFilterFunctionality_Laptop_20-29-42] Original window handle -> 4FD498FF7C268EAD07E38C1D5D5B2EA7
20:34:32 [TestNG-test-Test-3] INFO  verifyingDisplaySizeFilterFunctionality_Laptop_20-29-42 - [verifyingDisplaySizeFilterFunctionality_Laptop_20-29-42] Found new tab/window handle -> A532B0F866F87307B6F5F47959F3C013 (will be closed)
20:34:32 [TestNG-test-Test-3] INFO  verifyingDisplaySizeFilterFunctionality_Laptop_20-29-42 - [verifyingDisplaySizeFilterFunctionality_Laptop_20-29-42] Successfully switched to new tab/window -> A532B0F866F87307B6F5F47959F3C013
20:34:32 [TestNG-test-Test-3] INFO  verifyingDisplaySizeFilterFunctionality_Laptop_20-29-42 - [verifyingDisplaySizeFilterFunctionality_Laptop_20-29-42] Closed the newly opened tab/window -> A532B0F866F87307B6F5F47959F3C013
20:34:32 [TestNG-test-Test-3] INFO  verifyingDisplaySizeFilterFunctionality_Laptop_20-29-42 - [verifyingDisplaySizeFilterFunctionality_Laptop_20-29-42] Switched back to the original window -> 4FD498FF7C268EAD07E38C1D5D5B2EA7
20:34:32 [TestNG-test-Test-3] INFO  verifyingDisplaySizeFilterFunctionality_Laptop_20-29-42 - [verifyingDisplaySizeFilterFunctionality_Laptop_20-29-42]  going back to product listing via closeCurrentWindowAndSwitchBack 
20:34:32 [TestNG-test-Test-3] INFO  verifyingDisplaySizeFilterFunctionality_Laptop_20-29-42 - [verifyingDisplaySizeFilterFunctionality_Laptop_20-29-42]  Added 'filter','title','keyFeatures', 'about', 'techDetails' into the Map -> productResult
20:34:32 [TestNG-test-Test-3] INFO  verifyingDisplaySizeFilterFunctionality_Laptop_20-29-42 - [verifyingDisplaySizeFilterFunctionality_Laptop_20-29-42]  Added 'productResult' Map into the 'results' i.e list of maps 
20:34:32 [TestNG-test-Test-3] INFO  verifyingDisplaySizeFilterFunctionality_Laptop_20-29-42 - [verifyingDisplaySizeFilterFunctionality_Laptop_20-29-42]==========================================================================================================
20:34:32 [TestNG-test-Test-3] INFO  verifyingDisplaySizeFilterFunctionality_Laptop_20-29-42 - [verifyingDisplaySizeFilterFunctionality_Laptop_20-29-42] Within safeFindElements 
20:34:33 [TestNG-test-Test-3] INFO  verifyingDisplaySizeFilterFunctionality_Laptop_20-29-42 - [verifyingDisplaySizeFilterFunctionality_Laptop_20-29-42] Returning the  [[[ChromeDriver: chrome on windows (5f28c669577438246038219e80837668)] -> xpath: //div[@data-cy='title-recipe']], [[ChromeDriver: chrome on windows (5f28c669577438246038219e80837668)] -> xpath: //div[@data-cy='title-recipe']], [[ChromeDriver: chrome on windows (5f28c669577438246038219e80837668)] -> xpath: //div[@data-cy='title-recipe']], [[ChromeDriver: chrome on windows (5f28c669577438246038219e80837668)] -> xpath: //div[@data-cy='title-recipe']], [[ChromeDriver: chrome on windows (5f28c669577438246038219e80837668)] -> xpath: //div[@data-cy='title-recipe']], [[ChromeDriver: chrome on windows (5f28c669577438246038219e80837668)] -> xpath: //div[@data-cy='title-recipe']], [[ChromeDriver: chrome on windows (5f28c669577438246038219e80837668)] -> xpath: //div[@data-cy='title-recipe']], [[ChromeDriver: chrome on windows (5f28c669577438246038219e80837668)] -> xpath: //div[@data-cy='title-recipe']], [[ChromeDriver: chrome on windows (5f28c669577438246038219e80837668)] -> xpath: //div[@data-cy='title-recipe']], [[ChromeDriver: chrome on windows (5f28c669577438246038219e80837668)] -> xpath: //div[@data-cy='title-recipe']], [[ChromeDriver: chrome on windows (5f28c669577438246038219e80837668)] -> xpath: //div[@data-cy='title-recipe']], [[ChromeDriver: chrome on windows (5f28c669577438246038219e80837668)] -> xpath: //div[@data-cy='title-recipe']], [[ChromeDriver: chrome on windows (5f28c669577438246038219e80837668)] -> xpath: //div[@data-cy='title-recipe']], [[ChromeDriver: chrome on windows (5f28c669577438246038219e80837668)] -> xpath: //div[@data-cy='title-recipe']], [[ChromeDriver: chrome on windows (5f28c669577438246038219e80837668)] -> xpath: //div[@data-cy='title-recipe']], [[ChromeDriver: chrome on windows (5f28c669577438246038219e80837668)] -> xpath: //div[@data-cy='title-recipe']]] from the safeFindElements method
20:34:33 [TestNG-test-Test-3] INFO  verifyingDisplaySizeFilterFunctionality_Laptop_20-29-42 - [verifyingDisplaySizeFilterFunctionality_Laptop_20-29-42] Within productNameListingPage loop in applyFilterAndValidateProductsWithResult
20:34:33 [TestNG-test-Test-3] INFO  verifyingDisplaySizeFilterFunctionality_Laptop_20-29-42 - [verifyingDisplaySizeFilterFunctionality_Laptop_20-29-42] Within getProductByIndex method
20:34:33 [TestNG-test-Test-3] INFO  verifyingDisplaySizeFilterFunctionality_Laptop_20-29-42 - [verifyingDisplaySizeFilterFunctionality_Laptop_20-29-42] Within safeFindElement method
20:34:33 [TestNG-test-Test-3] INFO  verifyingDisplaySizeFilterFunctionality_Laptop_20-29-42 - [verifyingDisplaySizeFilterFunctionality_Laptop_20-29-42]Found the element returning it ,element ->[[ChromeDriver: chrome on windows (5f28c669577438246038219e80837668)] -> xpath: (//div[@data-cy='title-recipe'])[4]]
20:34:33 [TestNG-test-Test-3] INFO  verifyingDisplaySizeFilterFunctionality_Laptop_20-29-42 - [verifyingDisplaySizeFilterFunctionality_Laptop_20-29-42] Within getProductByIndex method
20:34:33 [TestNG-test-Test-3] INFO  verifyingDisplaySizeFilterFunctionality_Laptop_20-29-42 - [verifyingDisplaySizeFilterFunctionality_Laptop_20-29-42] Within smoothScrollToElement method
20:34:33 [TestNG-test-Test-3] INFO  verifyingDisplaySizeFilterFunctionality_Laptop_20-29-42 - [verifyingDisplaySizeFilterFunctionality_Laptop_20-29-42] Within safeFindElement method
20:34:33 [TestNG-test-Test-3] INFO  verifyingDisplaySizeFilterFunctionality_Laptop_20-29-42 - [verifyingDisplaySizeFilterFunctionality_Laptop_20-29-42]Found the element returning it ,element ->[[ChromeDriver: chrome on windows (5f28c669577438246038219e80837668)] -> xpath: (//div[@data-cy='title-recipe'])[4]]
20:34:33 [TestNG-test-Test-3] INFO  verifyingDisplaySizeFilterFunctionality_Laptop_20-29-42 - [verifyingDisplaySizeFilterFunctionality_Laptop_20-29-42] Successfully scrolled to element: By.xpath: (//div[@data-cy='title-recipe'])[4]
20:34:33 [TestNG-test-Test-3] INFO  verifyingDisplaySizeFilterFunctionality_Laptop_20-29-42 - [verifyingDisplaySizeFilterFunctionality_Laptop_20-29-42] Getting product by index in productNameListingPage loop
20:34:33 [TestNG-test-Test-3] INFO  verifyingDisplaySizeFilterFunctionality_Laptop_20-29-42 - [verifyingDisplaySizeFilterFunctionality_Laptop_20-29-42] Opened product in new tab via Ctrl+Click inside productNameListingPage loop
20:34:33 [TestNG-test-Test-3] INFO  verifyingDisplaySizeFilterFunctionality_Laptop_20-29-42 - [verifyingDisplaySizeFilterFunctionality_Laptop_20-29-42] Waiting for new window to open...
20:34:33 [TestNG-test-Test-3] INFO  verifyingDisplaySizeFilterFunctionality_Laptop_20-29-42 - [verifyingDisplaySizeFilterFunctionality_Laptop_20-29-42] Switched to new window -> 550192296DD20967E65B2B257F7EB67F
20:34:33 [TestNG-test-Test-3] INFO  verifyingDisplaySizeFilterFunctionality_Laptop_20-29-42 - [verifyingDisplaySizeFilterFunctionality_Laptop_20-29-42] Swithcing to the new window  within productNameListingPage loop
20:34:33 [TestNG-test-Test-3] INFO  verifyingDisplaySizeFilterFunctionality_Laptop_20-29-42 - [verifyingDisplaySizeFilterFunctionality_Laptop_20-29-42] Clicked product name to open in new tab from productNameListingPage loop
20:34:33 [TestNG-test-Test-3] INFO  verifyingDisplaySizeFilterFunctionality_Laptop_20-29-42 - [verifyingDisplaySizeFilterFunctionality_Laptop_20-29-42] Within safeFindElement method
20:34:36 [TestNG-test-Test-3] INFO  verifyingDisplaySizeFilterFunctionality_Laptop_20-29-42 - [verifyingDisplaySizeFilterFunctionality_Laptop_20-29-42]Found the element returning it ,element ->[[ChromeDriver: chrome on windows (5f28c669577438246038219e80837668)] -> xpath: //span[@id='productTitle']]
20:34:36 [TestNG-test-Test-3] INFO  verifyingDisplaySizeFilterFunctionality_Laptop_20-29-42 - [verifyingDisplaySizeFilterFunctionality_Laptop_20-29-42] Within safeFindElement method
20:34:36 [TestNG-test-Test-3] INFO  verifyingDisplaySizeFilterFunctionality_Laptop_20-29-42 - [verifyingDisplaySizeFilterFunctionality_Laptop_20-29-42]Found the element returning it ,element ->[[ChromeDriver: chrome on windows (5f28c669577438246038219e80837668)] -> xpath: //div[@class='a-section a-spacing-small a-spacing-top-small']]
20:34:36 [TestNG-test-Test-3] INFO  verifyingDisplaySizeFilterFunctionality_Laptop_20-29-42 - [verifyingDisplaySizeFilterFunctionality_Laptop_20-29-42] Within safeFindElement method
20:34:36 [TestNG-test-Test-3] INFO  verifyingDisplaySizeFilterFunctionality_Laptop_20-29-42 - [verifyingDisplaySizeFilterFunctionality_Laptop_20-29-42]Found the element returning it ,element ->[[ChromeDriver: chrome on windows (5f28c669577438246038219e80837668)] -> xpath: //div[@id='feature-bullets']]
20:34:36 [TestNG-test-Test-3] INFO  verifyingDisplaySizeFilterFunctionality_Laptop_20-29-42 - [verifyingDisplaySizeFilterFunctionality_Laptop_20-29-42] Within safeFindElement method
20:34:36 [TestNG-test-Test-3] INFO  verifyingDisplaySizeFilterFunctionality_Laptop_20-29-42 - [verifyingDisplaySizeFilterFunctionality_Laptop_20-29-42]Found the element returning it ,element ->[[ChromeDriver: chrome on windows (5f28c669577438246038219e80837668)] -> xpath: //div[@id='prodDetails']]
20:34:36 [TestNG-test-Test-3] INFO  verifyingDisplaySizeFilterFunctionality_Laptop_20-29-42 - [verifyingDisplaySizeFilterFunctionality_Laptop_20-29-42] Extracting 'name' , 'keyFeatures', 'about' , 'techDetails' within productNameListingPage loop
20:34:36 [TestNG-test-Test-3] INFO  verifyingDisplaySizeFilterFunctionality_Laptop_20-29-42 - [verifyingDisplaySizeFilterFunctionality_Laptop_20-29-42] Waiting until element is visible in viewport
20:34:46 [TestNG-test-Test-3] INFO  verifyingDisplaySizeFilterFunctionality_Laptop_20-29-42 - [verifyingDisplaySizeFilterFunctionality_Laptop_20-29-42] Within smoothScrollToElement method
20:34:46 [TestNG-test-Test-3] INFO  verifyingDisplaySizeFilterFunctionality_Laptop_20-29-42 - [verifyingDisplaySizeFilterFunctionality_Laptop_20-29-42] Within safeFindElement method
20:34:46 [TestNG-test-Test-3] INFO  verifyingDisplaySizeFilterFunctionality_Laptop_20-29-42 - [verifyingDisplaySizeFilterFunctionality_Laptop_20-29-42]Found the element returning it ,element ->[[ChromeDriver: chrome on windows (5f28c669577438246038219e80837668)] -> xpath: //a[@id='seeMoreDetailsLink']]
20:34:46 [TestNG-test-Test-3] INFO  verifyingDisplaySizeFilterFunctionality_Laptop_20-29-42 - [verifyingDisplaySizeFilterFunctionality_Laptop_20-29-42] Successfully scrolled to element: By.xpath: //a[@id='seeMoreDetailsLink']
20:34:46 [TestNG-test-Test-3] INFO  verifyingDisplaySizeFilterFunctionality_Laptop_20-29-42 - [verifyingDisplaySizeFilterFunctionality_Laptop_20-29-42] Within safeClick method
20:34:47 [TestNG-test-Test-3] INFO  verifyingDisplaySizeFilterFunctionality_Laptop_20-29-42 - [verifyingDisplaySizeFilterFunctionality_Laptop_20-29-42] Clicked the  [[ChromeDriver: chrome on windows (5f28c669577438246038219e80837668)] -> xpath: //a[@id='seeMoreDetailsLink']]   using safeClick
20:34:47 [TestNG-test-Test-3] INFO  verifyingDisplaySizeFilterFunctionality_Laptop_20-29-42 - [verifyingDisplaySizeFilterFunctionality_Laptop_20-29-42] Within try block for clicking see more deatils within productNameListingPage loop
20:34:47 [TestNG-test-Test-3] INFO  verifyingDisplaySizeFilterFunctionality_Laptop_20-29-42 - [verifyingDisplaySizeFilterFunctionality_Laptop_20-29-42] Within closeCurrentWindowAndSwitchBack method
20:34:47 [TestNG-test-Test-3] INFO  verifyingDisplaySizeFilterFunctionality_Laptop_20-29-42 - [verifyingDisplaySizeFilterFunctionality_Laptop_20-29-42] Total open windows/tabs count -> 2
20:34:47 [TestNG-test-Test-3] INFO  verifyingDisplaySizeFilterFunctionality_Laptop_20-29-42 - [verifyingDisplaySizeFilterFunctionality_Laptop_20-29-42] Original window handle -> 4FD498FF7C268EAD07E38C1D5D5B2EA7
20:34:47 [TestNG-test-Test-3] INFO  verifyingDisplaySizeFilterFunctionality_Laptop_20-29-42 - [verifyingDisplaySizeFilterFunctionality_Laptop_20-29-42] Found new tab/window handle -> 550192296DD20967E65B2B257F7EB67F (will be closed)
20:34:47 [TestNG-test-Test-3] INFO  verifyingDisplaySizeFilterFunctionality_Laptop_20-29-42 - [verifyingDisplaySizeFilterFunctionality_Laptop_20-29-42] Successfully switched to new tab/window -> 550192296DD20967E65B2B257F7EB67F
20:34:47 [TestNG-test-Test-3] INFO  verifyingDisplaySizeFilterFunctionality_Laptop_20-29-42 - [verifyingDisplaySizeFilterFunctionality_Laptop_20-29-42] Closed the newly opened tab/window -> 550192296DD20967E65B2B257F7EB67F
20:34:47 [TestNG-test-Test-3] INFO  verifyingDisplaySizeFilterFunctionality_Laptop_20-29-42 - [verifyingDisplaySizeFilterFunctionality_Laptop_20-29-42] Switched back to the original window -> 4FD498FF7C268EAD07E38C1D5D5B2EA7
20:34:47 [TestNG-test-Test-3] INFO  verifyingDisplaySizeFilterFunctionality_Laptop_20-29-42 - [verifyingDisplaySizeFilterFunctionality_Laptop_20-29-42]  going back to product listing via closeCurrentWindowAndSwitchBack 
20:34:47 [TestNG-test-Test-3] INFO  verifyingDisplaySizeFilterFunctionality_Laptop_20-29-42 - [verifyingDisplaySizeFilterFunctionality_Laptop_20-29-42]  Added 'filter','title','keyFeatures', 'about', 'techDetails' into the Map -> productResult
20:34:47 [TestNG-test-Test-3] INFO  verifyingDisplaySizeFilterFunctionality_Laptop_20-29-42 - [verifyingDisplaySizeFilterFunctionality_Laptop_20-29-42]  Added 'productResult' Map into the 'results' i.e list of maps 
20:34:47 [TestNG-test-Test-3] INFO  verifyingDisplaySizeFilterFunctionality_Laptop_20-29-42 - [verifyingDisplaySizeFilterFunctionality_Laptop_20-29-42]==========================================================================================================
20:34:47 [TestNG-test-Test-3] INFO  verifyingDisplaySizeFilterFunctionality_Laptop_20-29-42 - [verifyingDisplaySizeFilterFunctionality_Laptop_20-29-42] Within safeFindElements 
20:34:47 [TestNG-test-Test-3] INFO  verifyingDisplaySizeFilterFunctionality_Laptop_20-29-42 - [verifyingDisplaySizeFilterFunctionality_Laptop_20-29-42] Returning the  [[[ChromeDriver: chrome on windows (5f28c669577438246038219e80837668)] -> xpath: //div[@data-cy='title-recipe']], [[ChromeDriver: chrome on windows (5f28c669577438246038219e80837668)] -> xpath: //div[@data-cy='title-recipe']], [[ChromeDriver: chrome on windows (5f28c669577438246038219e80837668)] -> xpath: //div[@data-cy='title-recipe']], [[ChromeDriver: chrome on windows (5f28c669577438246038219e80837668)] -> xpath: //div[@data-cy='title-recipe']], [[ChromeDriver: chrome on windows (5f28c669577438246038219e80837668)] -> xpath: //div[@data-cy='title-recipe']], [[ChromeDriver: chrome on windows (5f28c669577438246038219e80837668)] -> xpath: //div[@data-cy='title-recipe']], [[ChromeDriver: chrome on windows (5f28c669577438246038219e80837668)] -> xpath: //div[@data-cy='title-recipe']], [[ChromeDriver: chrome on windows (5f28c669577438246038219e80837668)] -> xpath: //div[@data-cy='title-recipe']], [[ChromeDriver: chrome on windows (5f28c669577438246038219e80837668)] -> xpath: //div[@data-cy='title-recipe']], [[ChromeDriver: chrome on windows (5f28c669577438246038219e80837668)] -> xpath: //div[@data-cy='title-recipe']], [[ChromeDriver: chrome on windows (5f28c669577438246038219e80837668)] -> xpath: //div[@data-cy='title-recipe']], [[ChromeDriver: chrome on windows (5f28c669577438246038219e80837668)] -> xpath: //div[@data-cy='title-recipe']], [[ChromeDriver: chrome on windows (5f28c669577438246038219e80837668)] -> xpath: //div[@data-cy='title-recipe']], [[ChromeDriver: chrome on windows (5f28c669577438246038219e80837668)] -> xpath: //div[@data-cy='title-recipe']], [[ChromeDriver: chrome on windows (5f28c669577438246038219e80837668)] -> xpath: //div[@data-cy='title-recipe']], [[ChromeDriver: chrome on windows (5f28c669577438246038219e80837668)] -> xpath: //div[@data-cy='title-recipe']]] from the safeFindElements method
20:34:47 [TestNG-test-Test-3] INFO  verifyingDisplaySizeFilterFunctionality_Laptop_20-29-42 - [verifyingDisplaySizeFilterFunctionality_Laptop_20-29-42] Within productNameListingPage loop in applyFilterAndValidateProductsWithResult
20:34:47 [TestNG-test-Test-3] INFO  verifyingDisplaySizeFilterFunctionality_Laptop_20-29-42 - [verifyingDisplaySizeFilterFunctionality_Laptop_20-29-42] Within getProductByIndex method
20:34:47 [TestNG-test-Test-3] INFO  verifyingDisplaySizeFilterFunctionality_Laptop_20-29-42 - [verifyingDisplaySizeFilterFunctionality_Laptop_20-29-42] Within safeFindElement method
20:34:47 [TestNG-test-Test-3] INFO  verifyingDisplaySizeFilterFunctionality_Laptop_20-29-42 - [verifyingDisplaySizeFilterFunctionality_Laptop_20-29-42]Found the element returning it ,element ->[[ChromeDriver: chrome on windows (5f28c669577438246038219e80837668)] -> xpath: (//div[@data-cy='title-recipe'])[5]]
20:34:47 [TestNG-test-Test-3] INFO  verifyingDisplaySizeFilterFunctionality_Laptop_20-29-42 - [verifyingDisplaySizeFilterFunctionality_Laptop_20-29-42] Within getProductByIndex method
20:34:47 [TestNG-test-Test-3] INFO  verifyingDisplaySizeFilterFunctionality_Laptop_20-29-42 - [verifyingDisplaySizeFilterFunctionality_Laptop_20-29-42] Within smoothScrollToElement method
20:34:47 [TestNG-test-Test-3] INFO  verifyingDisplaySizeFilterFunctionality_Laptop_20-29-42 - [verifyingDisplaySizeFilterFunctionality_Laptop_20-29-42] Within safeFindElement method
20:34:47 [TestNG-test-Test-3] INFO  verifyingDisplaySizeFilterFunctionality_Laptop_20-29-42 - [verifyingDisplaySizeFilterFunctionality_Laptop_20-29-42]Found the element returning it ,element ->[[ChromeDriver: chrome on windows (5f28c669577438246038219e80837668)] -> xpath: (//div[@data-cy='title-recipe'])[5]]
20:34:47 [TestNG-test-Test-3] INFO  verifyingDisplaySizeFilterFunctionality_Laptop_20-29-42 - [verifyingDisplaySizeFilterFunctionality_Laptop_20-29-42] Successfully scrolled to element: By.xpath: (//div[@data-cy='title-recipe'])[5]
20:34:47 [TestNG-test-Test-3] INFO  verifyingDisplaySizeFilterFunctionality_Laptop_20-29-42 - [verifyingDisplaySizeFilterFunctionality_Laptop_20-29-42] Getting product by index in productNameListingPage loop
20:34:48 [TestNG-test-Test-3] INFO  verifyingDisplaySizeFilterFunctionality_Laptop_20-29-42 - [verifyingDisplaySizeFilterFunctionality_Laptop_20-29-42] Opened product in new tab via Ctrl+Click inside productNameListingPage loop
20:34:48 [TestNG-test-Test-3] INFO  verifyingDisplaySizeFilterFunctionality_Laptop_20-29-42 - [verifyingDisplaySizeFilterFunctionality_Laptop_20-29-42] Waiting for new window to open...
20:34:48 [TestNG-test-Test-3] INFO  verifyingDisplaySizeFilterFunctionality_Laptop_20-29-42 - [verifyingDisplaySizeFilterFunctionality_Laptop_20-29-42] Switched to new window -> 5B32CD012AE457BB5DA72106460A7F74
20:34:48 [TestNG-test-Test-3] INFO  verifyingDisplaySizeFilterFunctionality_Laptop_20-29-42 - [verifyingDisplaySizeFilterFunctionality_Laptop_20-29-42] Swithcing to the new window  within productNameListingPage loop
20:34:48 [TestNG-test-Test-3] INFO  verifyingDisplaySizeFilterFunctionality_Laptop_20-29-42 - [verifyingDisplaySizeFilterFunctionality_Laptop_20-29-42] Clicked product name to open in new tab from productNameListingPage loop
20:34:48 [TestNG-test-Test-3] INFO  verifyingDisplaySizeFilterFunctionality_Laptop_20-29-42 - [verifyingDisplaySizeFilterFunctionality_Laptop_20-29-42] Within safeFindElement method
20:34:50 [TestNG-test-Test-3] INFO  verifyingDisplaySizeFilterFunctionality_Laptop_20-29-42 - [verifyingDisplaySizeFilterFunctionality_Laptop_20-29-42]Found the element returning it ,element ->[[ChromeDriver: chrome on windows (5f28c669577438246038219e80837668)] -> xpath: //span[@id='productTitle']]
20:34:50 [TestNG-test-Test-3] INFO  verifyingDisplaySizeFilterFunctionality_Laptop_20-29-42 - [verifyingDisplaySizeFilterFunctionality_Laptop_20-29-42] Within safeFindElement method
20:34:50 [TestNG-test-Test-3] INFO  verifyingDisplaySizeFilterFunctionality_Laptop_20-29-42 - [verifyingDisplaySizeFilterFunctionality_Laptop_20-29-42]Found the element returning it ,element ->[[ChromeDriver: chrome on windows (5f28c669577438246038219e80837668)] -> xpath: //div[@class='a-section a-spacing-small a-spacing-top-small']]
20:34:50 [TestNG-test-Test-3] INFO  verifyingDisplaySizeFilterFunctionality_Laptop_20-29-42 - [verifyingDisplaySizeFilterFunctionality_Laptop_20-29-42] Within safeFindElement method
20:34:50 [TestNG-test-Test-3] INFO  verifyingDisplaySizeFilterFunctionality_Laptop_20-29-42 - [verifyingDisplaySizeFilterFunctionality_Laptop_20-29-42]Found the element returning it ,element ->[[ChromeDriver: chrome on windows (5f28c669577438246038219e80837668)] -> xpath: //div[@id='feature-bullets']]
20:34:50 [TestNG-test-Test-3] INFO  verifyingDisplaySizeFilterFunctionality_Laptop_20-29-42 - [verifyingDisplaySizeFilterFunctionality_Laptop_20-29-42] Within safeFindElement method
20:34:50 [TestNG-test-Test-3] INFO  verifyingDisplaySizeFilterFunctionality_Laptop_20-29-42 - [verifyingDisplaySizeFilterFunctionality_Laptop_20-29-42]Found the element returning it ,element ->[[ChromeDriver: chrome on windows (5f28c669577438246038219e80837668)] -> xpath: //div[@id='prodDetails']]
20:34:50 [TestNG-test-Test-3] INFO  verifyingDisplaySizeFilterFunctionality_Laptop_20-29-42 - [verifyingDisplaySizeFilterFunctionality_Laptop_20-29-42] Extracting 'name' , 'keyFeatures', 'about' , 'techDetails' within productNameListingPage loop
20:34:50 [TestNG-test-Test-3] INFO  verifyingDisplaySizeFilterFunctionality_Laptop_20-29-42 - [verifyingDisplaySizeFilterFunctionality_Laptop_20-29-42] Waiting until element is visible in viewport
20:35:01 [TestNG-test-Test-3] INFO  verifyingDisplaySizeFilterFunctionality_Laptop_20-29-42 - [verifyingDisplaySizeFilterFunctionality_Laptop_20-29-42] Within smoothScrollToElement method
20:35:01 [TestNG-test-Test-3] INFO  verifyingDisplaySizeFilterFunctionality_Laptop_20-29-42 - [verifyingDisplaySizeFilterFunctionality_Laptop_20-29-42] Within safeFindElement method
20:35:01 [TestNG-test-Test-3] INFO  verifyingDisplaySizeFilterFunctionality_Laptop_20-29-42 - [verifyingDisplaySizeFilterFunctionality_Laptop_20-29-42]Found the element returning it ,element ->[[ChromeDriver: chrome on windows (5f28c669577438246038219e80837668)] -> xpath: //a[@id='seeMoreDetailsLink']]
20:35:01 [TestNG-test-Test-3] INFO  verifyingDisplaySizeFilterFunctionality_Laptop_20-29-42 - [verifyingDisplaySizeFilterFunctionality_Laptop_20-29-42] Successfully scrolled to element: By.xpath: //a[@id='seeMoreDetailsLink']
20:35:01 [TestNG-test-Test-3] INFO  verifyingDisplaySizeFilterFunctionality_Laptop_20-29-42 - [verifyingDisplaySizeFilterFunctionality_Laptop_20-29-42] Within safeClick method
20:35:01 [TestNG-test-Test-3] INFO  verifyingDisplaySizeFilterFunctionality_Laptop_20-29-42 - [verifyingDisplaySizeFilterFunctionality_Laptop_20-29-42] Clicked the  [[ChromeDriver: chrome on windows (5f28c669577438246038219e80837668)] -> xpath: //a[@id='seeMoreDetailsLink']]   using safeClick
20:35:01 [TestNG-test-Test-3] INFO  verifyingDisplaySizeFilterFunctionality_Laptop_20-29-42 - [verifyingDisplaySizeFilterFunctionality_Laptop_20-29-42] Within try block for clicking see more deatils within productNameListingPage loop
20:35:01 [TestNG-test-Test-3] INFO  verifyingDisplaySizeFilterFunctionality_Laptop_20-29-42 - [verifyingDisplaySizeFilterFunctionality_Laptop_20-29-42] Within closeCurrentWindowAndSwitchBack method
20:35:01 [TestNG-test-Test-3] INFO  verifyingDisplaySizeFilterFunctionality_Laptop_20-29-42 - [verifyingDisplaySizeFilterFunctionality_Laptop_20-29-42] Total open windows/tabs count -> 2
20:35:01 [TestNG-test-Test-3] INFO  verifyingDisplaySizeFilterFunctionality_Laptop_20-29-42 - [verifyingDisplaySizeFilterFunctionality_Laptop_20-29-42] Original window handle -> 4FD498FF7C268EAD07E38C1D5D5B2EA7
20:35:01 [TestNG-test-Test-3] INFO  verifyingDisplaySizeFilterFunctionality_Laptop_20-29-42 - [verifyingDisplaySizeFilterFunctionality_Laptop_20-29-42] Found new tab/window handle -> 5B32CD012AE457BB5DA72106460A7F74 (will be closed)
20:35:01 [TestNG-test-Test-3] INFO  verifyingDisplaySizeFilterFunctionality_Laptop_20-29-42 - [verifyingDisplaySizeFilterFunctionality_Laptop_20-29-42] Successfully switched to new tab/window -> 5B32CD012AE457BB5DA72106460A7F74
20:35:02 [TestNG-test-Test-3] INFO  verifyingDisplaySizeFilterFunctionality_Laptop_20-29-42 - [verifyingDisplaySizeFilterFunctionality_Laptop_20-29-42] Closed the newly opened tab/window -> 5B32CD012AE457BB5DA72106460A7F74
20:35:02 [TestNG-test-Test-3] INFO  verifyingDisplaySizeFilterFunctionality_Laptop_20-29-42 - [verifyingDisplaySizeFilterFunctionality_Laptop_20-29-42] Switched back to the original window -> 4FD498FF7C268EAD07E38C1D5D5B2EA7
20:35:02 [TestNG-test-Test-3] INFO  verifyingDisplaySizeFilterFunctionality_Laptop_20-29-42 - [verifyingDisplaySizeFilterFunctionality_Laptop_20-29-42]  going back to product listing via closeCurrentWindowAndSwitchBack 
20:35:02 [TestNG-test-Test-3] INFO  verifyingDisplaySizeFilterFunctionality_Laptop_20-29-42 - [verifyingDisplaySizeFilterFunctionality_Laptop_20-29-42]  Added 'filter','title','keyFeatures', 'about', 'techDetails' into the Map -> productResult
20:35:02 [TestNG-test-Test-3] INFO  verifyingDisplaySizeFilterFunctionality_Laptop_20-29-42 - [verifyingDisplaySizeFilterFunctionality_Laptop_20-29-42]  Added 'productResult' Map into the 'results' i.e list of maps 
20:35:02 [TestNG-test-Test-3] INFO  verifyingDisplaySizeFilterFunctionality_Laptop_20-29-42 - [verifyingDisplaySizeFilterFunctionality_Laptop_20-29-42]==========================================================================================================
20:35:02 [TestNG-test-Test-3] INFO  verifyingDisplaySizeFilterFunctionality_Laptop_20-29-42 - [verifyingDisplaySizeFilterFunctionality_Laptop_20-29-42] Within safeFindElements 
20:35:02 [TestNG-test-Test-3] INFO  verifyingDisplaySizeFilterFunctionality_Laptop_20-29-42 - [verifyingDisplaySizeFilterFunctionality_Laptop_20-29-42] Returning the  [[[ChromeDriver: chrome on windows (5f28c669577438246038219e80837668)] -> xpath: //div[@data-cy='title-recipe']], [[ChromeDriver: chrome on windows (5f28c669577438246038219e80837668)] -> xpath: //div[@data-cy='title-recipe']], [[ChromeDriver: chrome on windows (5f28c669577438246038219e80837668)] -> xpath: //div[@data-cy='title-recipe']], [[ChromeDriver: chrome on windows (5f28c669577438246038219e80837668)] -> xpath: //div[@data-cy='title-recipe']], [[ChromeDriver: chrome on windows (5f28c669577438246038219e80837668)] -> xpath: //div[@data-cy='title-recipe']], [[ChromeDriver: chrome on windows (5f28c669577438246038219e80837668)] -> xpath: //div[@data-cy='title-recipe']], [[ChromeDriver: chrome on windows (5f28c669577438246038219e80837668)] -> xpath: //div[@data-cy='title-recipe']], [[ChromeDriver: chrome on windows (5f28c669577438246038219e80837668)] -> xpath: //div[@data-cy='title-recipe']], [[ChromeDriver: chrome on windows (5f28c669577438246038219e80837668)] -> xpath: //div[@data-cy='title-recipe']], [[ChromeDriver: chrome on windows (5f28c669577438246038219e80837668)] -> xpath: //div[@data-cy='title-recipe']], [[ChromeDriver: chrome on windows (5f28c669577438246038219e80837668)] -> xpath: //div[@data-cy='title-recipe']], [[ChromeDriver: chrome on windows (5f28c669577438246038219e80837668)] -> xpath: //div[@data-cy='title-recipe']], [[ChromeDriver: chrome on windows (5f28c669577438246038219e80837668)] -> xpath: //div[@data-cy='title-recipe']], [[ChromeDriver: chrome on windows (5f28c669577438246038219e80837668)] -> xpath: //div[@data-cy='title-recipe']], [[ChromeDriver: chrome on windows (5f28c669577438246038219e80837668)] -> xpath: //div[@data-cy='title-recipe']], [[ChromeDriver: chrome on windows (5f28c669577438246038219e80837668)] -> xpath: //div[@data-cy='title-recipe']]] from the safeFindElements method
20:35:02 [TestNG-test-Test-3] INFO  verifyingDisplaySizeFilterFunctionality_Laptop_20-29-42 - [verifyingDisplaySizeFilterFunctionality_Laptop_20-29-42] Within productNameListingPage loop in applyFilterAndValidateProductsWithResult
20:35:02 [TestNG-test-Test-3] INFO  verifyingDisplaySizeFilterFunctionality_Laptop_20-29-42 - [verifyingDisplaySizeFilterFunctionality_Laptop_20-29-42] Within getProductByIndex method
20:35:02 [TestNG-test-Test-3] INFO  verifyingDisplaySizeFilterFunctionality_Laptop_20-29-42 - [verifyingDisplaySizeFilterFunctionality_Laptop_20-29-42] Within safeFindElement method
20:35:02 [TestNG-test-Test-3] INFO  verifyingDisplaySizeFilterFunctionality_Laptop_20-29-42 - [verifyingDisplaySizeFilterFunctionality_Laptop_20-29-42]Found the element returning it ,element ->[[ChromeDriver: chrome on windows (5f28c669577438246038219e80837668)] -> xpath: (//div[@data-cy='title-recipe'])[6]]
20:35:02 [TestNG-test-Test-3] INFO  verifyingDisplaySizeFilterFunctionality_Laptop_20-29-42 - [verifyingDisplaySizeFilterFunctionality_Laptop_20-29-42] Within getProductByIndex method
20:35:02 [TestNG-test-Test-3] INFO  verifyingDisplaySizeFilterFunctionality_Laptop_20-29-42 - [verifyingDisplaySizeFilterFunctionality_Laptop_20-29-42] Within smoothScrollToElement method
20:35:02 [TestNG-test-Test-3] INFO  verifyingDisplaySizeFilterFunctionality_Laptop_20-29-42 - [verifyingDisplaySizeFilterFunctionality_Laptop_20-29-42] Within safeFindElement method
20:35:02 [TestNG-test-Test-3] INFO  verifyingDisplaySizeFilterFunctionality_Laptop_20-29-42 - [verifyingDisplaySizeFilterFunctionality_Laptop_20-29-42]Found the element returning it ,element ->[[ChromeDriver: chrome on windows (5f28c669577438246038219e80837668)] -> xpath: (//div[@data-cy='title-recipe'])[6]]
20:35:02 [TestNG-test-Test-3] INFO  verifyingDisplaySizeFilterFunctionality_Laptop_20-29-42 - [verifyingDisplaySizeFilterFunctionality_Laptop_20-29-42] Successfully scrolled to element: By.xpath: (//div[@data-cy='title-recipe'])[6]
20:35:02 [TestNG-test-Test-3] INFO  verifyingDisplaySizeFilterFunctionality_Laptop_20-29-42 - [verifyingDisplaySizeFilterFunctionality_Laptop_20-29-42] Getting product by index in productNameListingPage loop
20:35:02 [TestNG-test-Test-3] INFO  verifyingDisplaySizeFilterFunctionality_Laptop_20-29-42 - [verifyingDisplaySizeFilterFunctionality_Laptop_20-29-42] Opened product in new tab via Ctrl+Click inside productNameListingPage loop
20:35:02 [TestNG-test-Test-3] INFO  verifyingDisplaySizeFilterFunctionality_Laptop_20-29-42 - [verifyingDisplaySizeFilterFunctionality_Laptop_20-29-42] Waiting for new window to open...
20:35:02 [TestNG-test-Test-3] INFO  verifyingDisplaySizeFilterFunctionality_Laptop_20-29-42 - [verifyingDisplaySizeFilterFunctionality_Laptop_20-29-42] Switched to new window -> 36288D15C6A7C3F04C5679B7FB0DDA81
20:35:02 [TestNG-test-Test-3] INFO  verifyingDisplaySizeFilterFunctionality_Laptop_20-29-42 - [verifyingDisplaySizeFilterFunctionality_Laptop_20-29-42] Swithcing to the new window  within productNameListingPage loop
20:35:02 [TestNG-test-Test-3] INFO  verifyingDisplaySizeFilterFunctionality_Laptop_20-29-42 - [verifyingDisplaySizeFilterFunctionality_Laptop_20-29-42] Clicked product name to open in new tab from productNameListingPage loop
20:35:02 [TestNG-test-Test-3] INFO  verifyingDisplaySizeFilterFunctionality_Laptop_20-29-42 - [verifyingDisplaySizeFilterFunctionality_Laptop_20-29-42] Within safeFindElement method
20:35:05 [TestNG-test-Test-3] INFO  verifyingDisplaySizeFilterFunctionality_Laptop_20-29-42 - [verifyingDisplaySizeFilterFunctionality_Laptop_20-29-42]Found the element returning it ,element ->[[ChromeDriver: chrome on windows (5f28c669577438246038219e80837668)] -> xpath: //span[@id='productTitle']]
20:35:05 [TestNG-test-Test-3] INFO  verifyingDisplaySizeFilterFunctionality_Laptop_20-29-42 - [verifyingDisplaySizeFilterFunctionality_Laptop_20-29-42] Within safeFindElement method
20:35:05 [TestNG-test-Test-3] INFO  verifyingDisplaySizeFilterFunctionality_Laptop_20-29-42 - [verifyingDisplaySizeFilterFunctionality_Laptop_20-29-42]Found the element returning it ,element ->[[ChromeDriver: chrome on windows (5f28c669577438246038219e80837668)] -> xpath: //div[@class='a-section a-spacing-small a-spacing-top-small']]
20:35:05 [TestNG-test-Test-3] INFO  verifyingDisplaySizeFilterFunctionality_Laptop_20-29-42 - [verifyingDisplaySizeFilterFunctionality_Laptop_20-29-42] Within safeFindElement method
20:35:05 [TestNG-test-Test-3] INFO  verifyingDisplaySizeFilterFunctionality_Laptop_20-29-42 - [verifyingDisplaySizeFilterFunctionality_Laptop_20-29-42]Found the element returning it ,element ->[[ChromeDriver: chrome on windows (5f28c669577438246038219e80837668)] -> xpath: //div[@id='feature-bullets']]
20:35:05 [TestNG-test-Test-3] INFO  verifyingDisplaySizeFilterFunctionality_Laptop_20-29-42 - [verifyingDisplaySizeFilterFunctionality_Laptop_20-29-42] Within safeFindElement method
20:35:05 [TestNG-test-Test-3] INFO  verifyingDisplaySizeFilterFunctionality_Laptop_20-29-42 - [verifyingDisplaySizeFilterFunctionality_Laptop_20-29-42]Found the element returning it ,element ->[[ChromeDriver: chrome on windows (5f28c669577438246038219e80837668)] -> xpath: //div[@id='prodDetails']]
20:35:05 [TestNG-test-Test-3] INFO  verifyingDisplaySizeFilterFunctionality_Laptop_20-29-42 - [verifyingDisplaySizeFilterFunctionality_Laptop_20-29-42] Extracting 'name' , 'keyFeatures', 'about' , 'techDetails' within productNameListingPage loop
20:35:05 [TestNG-test-Test-3] INFO  verifyingDisplaySizeFilterFunctionality_Laptop_20-29-42 - [verifyingDisplaySizeFilterFunctionality_Laptop_20-29-42] Waiting until element is visible in viewport
20:35:05 [TestNG-test-Test-3] INFO  verifyingDisplaySizeFilterFunctionality_Laptop_20-29-42 - [verifyingDisplaySizeFilterFunctionality_Laptop_20-29-42] Within smoothScrollToElement method
20:35:05 [TestNG-test-Test-3] INFO  verifyingDisplaySizeFilterFunctionality_Laptop_20-29-42 - [verifyingDisplaySizeFilterFunctionality_Laptop_20-29-42] Within safeFindElement method
20:35:05 [TestNG-test-Test-3] INFO  verifyingDisplaySizeFilterFunctionality_Laptop_20-29-42 - [verifyingDisplaySizeFilterFunctionality_Laptop_20-29-42]Found the element returning it ,element ->[[ChromeDriver: chrome on windows (5f28c669577438246038219e80837668)] -> xpath: //a[@id='seeMoreDetailsLink']]
20:35:05 [TestNG-test-Test-3] INFO  verifyingDisplaySizeFilterFunctionality_Laptop_20-29-42 - [verifyingDisplaySizeFilterFunctionality_Laptop_20-29-42] Successfully scrolled to element: By.xpath: //a[@id='seeMoreDetailsLink']
20:35:05 [TestNG-test-Test-3] INFO  verifyingDisplaySizeFilterFunctionality_Laptop_20-29-42 - [verifyingDisplaySizeFilterFunctionality_Laptop_20-29-42] Within safeClick method
20:35:05 [TestNG-test-Test-3] INFO  verifyingDisplaySizeFilterFunctionality_Laptop_20-29-42 - [verifyingDisplaySizeFilterFunctionality_Laptop_20-29-42] Clicked the  [[ChromeDriver: chrome on windows (5f28c669577438246038219e80837668)] -> xpath: //a[@id='seeMoreDetailsLink']]   using safeClick
20:35:05 [TestNG-test-Test-3] INFO  verifyingDisplaySizeFilterFunctionality_Laptop_20-29-42 - [verifyingDisplaySizeFilterFunctionality_Laptop_20-29-42] Within try block for clicking see more deatils within productNameListingPage loop
20:35:05 [TestNG-test-Test-3] INFO  verifyingDisplaySizeFilterFunctionality_Laptop_20-29-42 - [verifyingDisplaySizeFilterFunctionality_Laptop_20-29-42] Within closeCurrentWindowAndSwitchBack method
20:35:05 [TestNG-test-Test-3] INFO  verifyingDisplaySizeFilterFunctionality_Laptop_20-29-42 - [verifyingDisplaySizeFilterFunctionality_Laptop_20-29-42] Total open windows/tabs count -> 2
20:35:05 [TestNG-test-Test-3] INFO  verifyingDisplaySizeFilterFunctionality_Laptop_20-29-42 - [verifyingDisplaySizeFilterFunctionality_Laptop_20-29-42] Original window handle -> 4FD498FF7C268EAD07E38C1D5D5B2EA7
20:35:05 [TestNG-test-Test-3] INFO  verifyingDisplaySizeFilterFunctionality_Laptop_20-29-42 - [verifyingDisplaySizeFilterFunctionality_Laptop_20-29-42] Found new tab/window handle -> 36288D15C6A7C3F04C5679B7FB0DDA81 (will be closed)
20:35:05 [TestNG-test-Test-3] INFO  verifyingDisplaySizeFilterFunctionality_Laptop_20-29-42 - [verifyingDisplaySizeFilterFunctionality_Laptop_20-29-42] Successfully switched to new tab/window -> 36288D15C6A7C3F04C5679B7FB0DDA81
20:35:05 [TestNG-test-Test-3] INFO  verifyingDisplaySizeFilterFunctionality_Laptop_20-29-42 - [verifyingDisplaySizeFilterFunctionality_Laptop_20-29-42] Closed the newly opened tab/window -> 36288D15C6A7C3F04C5679B7FB0DDA81
20:35:05 [TestNG-test-Test-3] INFO  verifyingDisplaySizeFilterFunctionality_Laptop_20-29-42 - [verifyingDisplaySizeFilterFunctionality_Laptop_20-29-42] Switched back to the original window -> 4FD498FF7C268EAD07E38C1D5D5B2EA7
20:35:05 [TestNG-test-Test-3] INFO  verifyingDisplaySizeFilterFunctionality_Laptop_20-29-42 - [verifyingDisplaySizeFilterFunctionality_Laptop_20-29-42]  going back to product listing via closeCurrentWindowAndSwitchBack 
20:35:05 [TestNG-test-Test-3] INFO  verifyingDisplaySizeFilterFunctionality_Laptop_20-29-42 - [verifyingDisplaySizeFilterFunctionality_Laptop_20-29-42]  Added 'filter','title','keyFeatures', 'about', 'techDetails' into the Map -> productResult
20:35:05 [TestNG-test-Test-3] INFO  verifyingDisplaySizeFilterFunctionality_Laptop_20-29-42 - [verifyingDisplaySizeFilterFunctionality_Laptop_20-29-42]  Added 'productResult' Map into the 'results' i.e list of maps 
20:35:05 [TestNG-test-Test-3] INFO  verifyingDisplaySizeFilterFunctionality_Laptop_20-29-42 - [verifyingDisplaySizeFilterFunctionality_Laptop_20-29-42]==========================================================================================================
20:35:05 [TestNG-test-Test-3] INFO  verifyingDisplaySizeFilterFunctionality_Laptop_20-29-42 - [verifyingDisplaySizeFilterFunctionality_Laptop_20-29-42] Within safeFindElements 
20:35:05 [TestNG-test-Test-3] INFO  verifyingDisplaySizeFilterFunctionality_Laptop_20-29-42 - [verifyingDisplaySizeFilterFunctionality_Laptop_20-29-42] Returning the  [[[ChromeDriver: chrome on windows (5f28c669577438246038219e80837668)] -> xpath: //div[@data-cy='title-recipe']], [[ChromeDriver: chrome on windows (5f28c669577438246038219e80837668)] -> xpath: //div[@data-cy='title-recipe']], [[ChromeDriver: chrome on windows (5f28c669577438246038219e80837668)] -> xpath: //div[@data-cy='title-recipe']], [[ChromeDriver: chrome on windows (5f28c669577438246038219e80837668)] -> xpath: //div[@data-cy='title-recipe']], [[ChromeDriver: chrome on windows (5f28c669577438246038219e80837668)] -> xpath: //div[@data-cy='title-recipe']], [[ChromeDriver: chrome on windows (5f28c669577438246038219e80837668)] -> xpath: //div[@data-cy='title-recipe']], [[ChromeDriver: chrome on windows (5f28c669577438246038219e80837668)] -> xpath: //div[@data-cy='title-recipe']], [[ChromeDriver: chrome on windows (5f28c669577438246038219e80837668)] -> xpath: //div[@data-cy='title-recipe']], [[ChromeDriver: chrome on windows (5f28c669577438246038219e80837668)] -> xpath: //div[@data-cy='title-recipe']], [[ChromeDriver: chrome on windows (5f28c669577438246038219e80837668)] -> xpath: //div[@data-cy='title-recipe']], [[ChromeDriver: chrome on windows (5f28c669577438246038219e80837668)] -> xpath: //div[@data-cy='title-recipe']], [[ChromeDriver: chrome on windows (5f28c669577438246038219e80837668)] -> xpath: //div[@data-cy='title-recipe']], [[ChromeDriver: chrome on windows (5f28c669577438246038219e80837668)] -> xpath: //div[@data-cy='title-recipe']], [[ChromeDriver: chrome on windows (5f28c669577438246038219e80837668)] -> xpath: //div[@data-cy='title-recipe']], [[ChromeDriver: chrome on windows (5f28c669577438246038219e80837668)] -> xpath: //div[@data-cy='title-recipe']], [[ChromeDriver: chrome on windows (5f28c669577438246038219e80837668)] -> xpath: //div[@data-cy='title-recipe']]] from the safeFindElements method
20:35:05 [TestNG-test-Test-3] INFO  verifyingDisplaySizeFilterFunctionality_Laptop_20-29-42 - [verifyingDisplaySizeFilterFunctionality_Laptop_20-29-42] Within productNameListingPage loop in applyFilterAndValidateProductsWithResult
20:35:05 [TestNG-test-Test-3] INFO  verifyingDisplaySizeFilterFunctionality_Laptop_20-29-42 - [verifyingDisplaySizeFilterFunctionality_Laptop_20-29-42] Within getProductByIndex method
20:35:05 [TestNG-test-Test-3] INFO  verifyingDisplaySizeFilterFunctionality_Laptop_20-29-42 - [verifyingDisplaySizeFilterFunctionality_Laptop_20-29-42] Within safeFindElement method
20:35:06 [TestNG-test-Test-3] INFO  verifyingDisplaySizeFilterFunctionality_Laptop_20-29-42 - [verifyingDisplaySizeFilterFunctionality_Laptop_20-29-42]Found the element returning it ,element ->[[ChromeDriver: chrome on windows (5f28c669577438246038219e80837668)] -> xpath: (//div[@data-cy='title-recipe'])[7]]
20:35:06 [TestNG-test-Test-3] INFO  verifyingDisplaySizeFilterFunctionality_Laptop_20-29-42 - [verifyingDisplaySizeFilterFunctionality_Laptop_20-29-42] Within getProductByIndex method
20:35:06 [TestNG-test-Test-3] INFO  verifyingDisplaySizeFilterFunctionality_Laptop_20-29-42 - [verifyingDisplaySizeFilterFunctionality_Laptop_20-29-42] Within smoothScrollToElement method
20:35:06 [TestNG-test-Test-3] INFO  verifyingDisplaySizeFilterFunctionality_Laptop_20-29-42 - [verifyingDisplaySizeFilterFunctionality_Laptop_20-29-42] Within safeFindElement method
20:35:06 [TestNG-test-Test-3] INFO  verifyingDisplaySizeFilterFunctionality_Laptop_20-29-42 - [verifyingDisplaySizeFilterFunctionality_Laptop_20-29-42]Found the element returning it ,element ->[[ChromeDriver: chrome on windows (5f28c669577438246038219e80837668)] -> xpath: (//div[@data-cy='title-recipe'])[7]]
20:35:06 [TestNG-test-Test-3] INFO  verifyingDisplaySizeFilterFunctionality_Laptop_20-29-42 - [verifyingDisplaySizeFilterFunctionality_Laptop_20-29-42] Successfully scrolled to element: By.xpath: (//div[@data-cy='title-recipe'])[7]
20:35:06 [TestNG-test-Test-3] INFO  verifyingDisplaySizeFilterFunctionality_Laptop_20-29-42 - [verifyingDisplaySizeFilterFunctionality_Laptop_20-29-42] Getting product by index in productNameListingPage loop
20:35:06 [TestNG-test-Test-3] INFO  verifyingDisplaySizeFilterFunctionality_Laptop_20-29-42 - [verifyingDisplaySizeFilterFunctionality_Laptop_20-29-42] Opened product in new tab via Ctrl+Click inside productNameListingPage loop
20:35:06 [TestNG-test-Test-3] INFO  verifyingDisplaySizeFilterFunctionality_Laptop_20-29-42 - [verifyingDisplaySizeFilterFunctionality_Laptop_20-29-42] Waiting for new window to open...
20:35:06 [TestNG-test-Test-3] INFO  verifyingDisplaySizeFilterFunctionality_Laptop_20-29-42 - [verifyingDisplaySizeFilterFunctionality_Laptop_20-29-42] Switched to new window -> 9FD4CBC96432FCEBDD460C249C4C5166
20:35:06 [TestNG-test-Test-3] INFO  verifyingDisplaySizeFilterFunctionality_Laptop_20-29-42 - [verifyingDisplaySizeFilterFunctionality_Laptop_20-29-42] Swithcing to the new window  within productNameListingPage loop
20:35:06 [TestNG-test-Test-3] INFO  verifyingDisplaySizeFilterFunctionality_Laptop_20-29-42 - [verifyingDisplaySizeFilterFunctionality_Laptop_20-29-42] Clicked product name to open in new tab from productNameListingPage loop
20:35:06 [TestNG-test-Test-3] INFO  verifyingDisplaySizeFilterFunctionality_Laptop_20-29-42 - [verifyingDisplaySizeFilterFunctionality_Laptop_20-29-42] Within safeFindElement method
20:35:09 [TestNG-test-Test-3] INFO  verifyingDisplaySizeFilterFunctionality_Laptop_20-29-42 - [verifyingDisplaySizeFilterFunctionality_Laptop_20-29-42]Found the element returning it ,element ->[[ChromeDriver: chrome on windows (5f28c669577438246038219e80837668)] -> xpath: //span[@id='productTitle']]
20:35:09 [TestNG-test-Test-3] INFO  verifyingDisplaySizeFilterFunctionality_Laptop_20-29-42 - [verifyingDisplaySizeFilterFunctionality_Laptop_20-29-42] Within safeFindElement method
20:35:09 [TestNG-test-Test-3] INFO  verifyingDisplaySizeFilterFunctionality_Laptop_20-29-42 - [verifyingDisplaySizeFilterFunctionality_Laptop_20-29-42]Found the element returning it ,element ->[[ChromeDriver: chrome on windows (5f28c669577438246038219e80837668)] -> xpath: //div[@class='a-section a-spacing-small a-spacing-top-small']]
20:35:09 [TestNG-test-Test-3] INFO  verifyingDisplaySizeFilterFunctionality_Laptop_20-29-42 - [verifyingDisplaySizeFilterFunctionality_Laptop_20-29-42] Within safeFindElement method
20:35:09 [TestNG-test-Test-3] INFO  verifyingDisplaySizeFilterFunctionality_Laptop_20-29-42 - [verifyingDisplaySizeFilterFunctionality_Laptop_20-29-42]Found the element returning it ,element ->[[ChromeDriver: chrome on windows (5f28c669577438246038219e80837668)] -> xpath: //div[@id='feature-bullets']]
20:35:09 [TestNG-test-Test-3] INFO  verifyingDisplaySizeFilterFunctionality_Laptop_20-29-42 - [verifyingDisplaySizeFilterFunctionality_Laptop_20-29-42] Within safeFindElement method
20:35:09 [TestNG-test-Test-3] INFO  verifyingDisplaySizeFilterFunctionality_Laptop_20-29-42 - [verifyingDisplaySizeFilterFunctionality_Laptop_20-29-42]Found the element returning it ,element ->[[ChromeDriver: chrome on windows (5f28c669577438246038219e80837668)] -> xpath: //div[@id='prodDetails']]
20:35:09 [TestNG-test-Test-3] INFO  verifyingDisplaySizeFilterFunctionality_Laptop_20-29-42 - [verifyingDisplaySizeFilterFunctionality_Laptop_20-29-42] Extracting 'name' , 'keyFeatures', 'about' , 'techDetails' within productNameListingPage loop
20:35:09 [TestNG-test-Test-3] INFO  verifyingDisplaySizeFilterFunctionality_Laptop_20-29-42 - [verifyingDisplaySizeFilterFunctionality_Laptop_20-29-42] Waiting until element is visible in viewport
20:35:20 [TestNG-test-Test-3] INFO  verifyingDisplaySizeFilterFunctionality_Laptop_20-29-42 - [verifyingDisplaySizeFilterFunctionality_Laptop_20-29-42] Within smoothScrollToElement method
20:35:20 [TestNG-test-Test-3] INFO  verifyingDisplaySizeFilterFunctionality_Laptop_20-29-42 - [verifyingDisplaySizeFilterFunctionality_Laptop_20-29-42] Within safeFindElement method
20:35:20 [TestNG-test-Test-3] INFO  verifyingDisplaySizeFilterFunctionality_Laptop_20-29-42 - [verifyingDisplaySizeFilterFunctionality_Laptop_20-29-42]Found the element returning it ,element ->[[ChromeDriver: chrome on windows (5f28c669577438246038219e80837668)] -> xpath: //a[@id='seeMoreDetailsLink']]
20:35:20 [TestNG-test-Test-3] INFO  verifyingDisplaySizeFilterFunctionality_Laptop_20-29-42 - [verifyingDisplaySizeFilterFunctionality_Laptop_20-29-42] Successfully scrolled to element: By.xpath: //a[@id='seeMoreDetailsLink']
20:35:20 [TestNG-test-Test-3] INFO  verifyingDisplaySizeFilterFunctionality_Laptop_20-29-42 - [verifyingDisplaySizeFilterFunctionality_Laptop_20-29-42] Within safeClick method
20:35:20 [TestNG-test-Test-3] INFO  verifyingDisplaySizeFilterFunctionality_Laptop_20-29-42 - [verifyingDisplaySizeFilterFunctionality_Laptop_20-29-42] Clicked the  [[ChromeDriver: chrome on windows (5f28c669577438246038219e80837668)] -> xpath: //a[@id='seeMoreDetailsLink']]   using safeClick
20:35:20 [TestNG-test-Test-3] INFO  verifyingDisplaySizeFilterFunctionality_Laptop_20-29-42 - [verifyingDisplaySizeFilterFunctionality_Laptop_20-29-42] Within try block for clicking see more deatils within productNameListingPage loop
20:35:20 [TestNG-test-Test-3] INFO  verifyingDisplaySizeFilterFunctionality_Laptop_20-29-42 - [verifyingDisplaySizeFilterFunctionality_Laptop_20-29-42] Within closeCurrentWindowAndSwitchBack method
20:35:20 [TestNG-test-Test-3] INFO  verifyingDisplaySizeFilterFunctionality_Laptop_20-29-42 - [verifyingDisplaySizeFilterFunctionality_Laptop_20-29-42] Total open windows/tabs count -> 2
20:35:20 [TestNG-test-Test-3] INFO  verifyingDisplaySizeFilterFunctionality_Laptop_20-29-42 - [verifyingDisplaySizeFilterFunctionality_Laptop_20-29-42] Original window handle -> 4FD498FF7C268EAD07E38C1D5D5B2EA7
20:35:20 [TestNG-test-Test-3] INFO  verifyingDisplaySizeFilterFunctionality_Laptop_20-29-42 - [verifyingDisplaySizeFilterFunctionality_Laptop_20-29-42] Found new tab/window handle -> 9FD4CBC96432FCEBDD460C249C4C5166 (will be closed)
20:35:20 [TestNG-test-Test-3] INFO  verifyingDisplaySizeFilterFunctionality_Laptop_20-29-42 - [verifyingDisplaySizeFilterFunctionality_Laptop_20-29-42] Successfully switched to new tab/window -> 9FD4CBC96432FCEBDD460C249C4C5166
20:35:20 [TestNG-test-Test-3] INFO  verifyingDisplaySizeFilterFunctionality_Laptop_20-29-42 - [verifyingDisplaySizeFilterFunctionality_Laptop_20-29-42] Closed the newly opened tab/window -> 9FD4CBC96432FCEBDD460C249C4C5166
20:35:20 [TestNG-test-Test-3] INFO  verifyingDisplaySizeFilterFunctionality_Laptop_20-29-42 - [verifyingDisplaySizeFilterFunctionality_Laptop_20-29-42] Switched back to the original window -> 4FD498FF7C268EAD07E38C1D5D5B2EA7
20:35:20 [TestNG-test-Test-3] INFO  verifyingDisplaySizeFilterFunctionality_Laptop_20-29-42 - [verifyingDisplaySizeFilterFunctionality_Laptop_20-29-42]  going back to product listing via closeCurrentWindowAndSwitchBack 
20:35:20 [TestNG-test-Test-3] INFO  verifyingDisplaySizeFilterFunctionality_Laptop_20-29-42 - [verifyingDisplaySizeFilterFunctionality_Laptop_20-29-42]  Added 'filter','title','keyFeatures', 'about', 'techDetails' into the Map -> productResult
20:35:20 [TestNG-test-Test-3] INFO  verifyingDisplaySizeFilterFunctionality_Laptop_20-29-42 - [verifyingDisplaySizeFilterFunctionality_Laptop_20-29-42]  Added 'productResult' Map into the 'results' i.e list of maps 
20:35:20 [TestNG-test-Test-3] INFO  verifyingDisplaySizeFilterFunctionality_Laptop_20-29-42 - [verifyingDisplaySizeFilterFunctionality_Laptop_20-29-42]==========================================================================================================
20:35:20 [TestNG-test-Test-3] INFO  verifyingDisplaySizeFilterFunctionality_Laptop_20-29-42 - [verifyingDisplaySizeFilterFunctionality_Laptop_20-29-42] Within safeFindElements 
20:35:20 [TestNG-test-Test-3] INFO  verifyingDisplaySizeFilterFunctionality_Laptop_20-29-42 - [verifyingDisplaySizeFilterFunctionality_Laptop_20-29-42] Returning the  [[[ChromeDriver: chrome on windows (5f28c669577438246038219e80837668)] -> xpath: //div[@data-cy='title-recipe']], [[ChromeDriver: chrome on windows (5f28c669577438246038219e80837668)] -> xpath: //div[@data-cy='title-recipe']], [[ChromeDriver: chrome on windows (5f28c669577438246038219e80837668)] -> xpath: //div[@data-cy='title-recipe']], [[ChromeDriver: chrome on windows (5f28c669577438246038219e80837668)] -> xpath: //div[@data-cy='title-recipe']], [[ChromeDriver: chrome on windows (5f28c669577438246038219e80837668)] -> xpath: //div[@data-cy='title-recipe']], [[ChromeDriver: chrome on windows (5f28c669577438246038219e80837668)] -> xpath: //div[@data-cy='title-recipe']], [[ChromeDriver: chrome on windows (5f28c669577438246038219e80837668)] -> xpath: //div[@data-cy='title-recipe']], [[ChromeDriver: chrome on windows (5f28c669577438246038219e80837668)] -> xpath: //div[@data-cy='title-recipe']], [[ChromeDriver: chrome on windows (5f28c669577438246038219e80837668)] -> xpath: //div[@data-cy='title-recipe']], [[ChromeDriver: chrome on windows (5f28c669577438246038219e80837668)] -> xpath: //div[@data-cy='title-recipe']], [[ChromeDriver: chrome on windows (5f28c669577438246038219e80837668)] -> xpath: //div[@data-cy='title-recipe']], [[ChromeDriver: chrome on windows (5f28c669577438246038219e80837668)] -> xpath: //div[@data-cy='title-recipe']], [[ChromeDriver: chrome on windows (5f28c669577438246038219e80837668)] -> xpath: //div[@data-cy='title-recipe']], [[ChromeDriver: chrome on windows (5f28c669577438246038219e80837668)] -> xpath: //div[@data-cy='title-recipe']], [[ChromeDriver: chrome on windows (5f28c669577438246038219e80837668)] -> xpath: //div[@data-cy='title-recipe']], [[ChromeDriver: chrome on windows (5f28c669577438246038219e80837668)] -> xpath: //div[@data-cy='title-recipe']]] from the safeFindElements method
20:35:20 [TestNG-test-Test-3] INFO  verifyingDisplaySizeFilterFunctionality_Laptop_20-29-42 - [verifyingDisplaySizeFilterFunctionality_Laptop_20-29-42] Within productNameListingPage loop in applyFilterAndValidateProductsWithResult
20:35:20 [TestNG-test-Test-3] INFO  verifyingDisplaySizeFilterFunctionality_Laptop_20-29-42 - [verifyingDisplaySizeFilterFunctionality_Laptop_20-29-42] Within getProductByIndex method
20:35:20 [TestNG-test-Test-3] INFO  verifyingDisplaySizeFilterFunctionality_Laptop_20-29-42 - [verifyingDisplaySizeFilterFunctionality_Laptop_20-29-42] Within safeFindElement method
20:35:20 [TestNG-test-Test-3] INFO  verifyingDisplaySizeFilterFunctionality_Laptop_20-29-42 - [verifyingDisplaySizeFilterFunctionality_Laptop_20-29-42]Found the element returning it ,element ->[[ChromeDriver: chrome on windows (5f28c669577438246038219e80837668)] -> xpath: (//div[@data-cy='title-recipe'])[8]]
20:35:20 [TestNG-test-Test-3] INFO  verifyingDisplaySizeFilterFunctionality_Laptop_20-29-42 - [verifyingDisplaySizeFilterFunctionality_Laptop_20-29-42] Within getProductByIndex method
20:35:20 [TestNG-test-Test-3] INFO  verifyingDisplaySizeFilterFunctionality_Laptop_20-29-42 - [verifyingDisplaySizeFilterFunctionality_Laptop_20-29-42] Within smoothScrollToElement method
20:35:20 [TestNG-test-Test-3] INFO  verifyingDisplaySizeFilterFunctionality_Laptop_20-29-42 - [verifyingDisplaySizeFilterFunctionality_Laptop_20-29-42] Within safeFindElement method
20:35:20 [TestNG-test-Test-3] INFO  verifyingDisplaySizeFilterFunctionality_Laptop_20-29-42 - [verifyingDisplaySizeFilterFunctionality_Laptop_20-29-42]Found the element returning it ,element ->[[ChromeDriver: chrome on windows (5f28c669577438246038219e80837668)] -> xpath: (//div[@data-cy='title-recipe'])[8]]
20:35:20 [TestNG-test-Test-3] INFO  verifyingDisplaySizeFilterFunctionality_Laptop_20-29-42 - [verifyingDisplaySizeFilterFunctionality_Laptop_20-29-42] Successfully scrolled to element: By.xpath: (//div[@data-cy='title-recipe'])[8]
20:35:20 [TestNG-test-Test-3] INFO  verifyingDisplaySizeFilterFunctionality_Laptop_20-29-42 - [verifyingDisplaySizeFilterFunctionality_Laptop_20-29-42] Getting product by index in productNameListingPage loop
20:35:20 [TestNG-test-Test-3] INFO  verifyingDisplaySizeFilterFunctionality_Laptop_20-29-42 - [verifyingDisplaySizeFilterFunctionality_Laptop_20-29-42] Opened product in new tab via Ctrl+Click inside productNameListingPage loop
20:35:20 [TestNG-test-Test-3] INFO  verifyingDisplaySizeFilterFunctionality_Laptop_20-29-42 - [verifyingDisplaySizeFilterFunctionality_Laptop_20-29-42] Waiting for new window to open...
20:35:21 [TestNG-test-Test-3] INFO  verifyingDisplaySizeFilterFunctionality_Laptop_20-29-42 - [verifyingDisplaySizeFilterFunctionality_Laptop_20-29-42] Switched to new window -> A80F3E5327C508B2CB2009D9A7F354CC
20:35:21 [TestNG-test-Test-3] INFO  verifyingDisplaySizeFilterFunctionality_Laptop_20-29-42 - [verifyingDisplaySizeFilterFunctionality_Laptop_20-29-42] Swithcing to the new window  within productNameListingPage loop
20:35:21 [TestNG-test-Test-3] INFO  verifyingDisplaySizeFilterFunctionality_Laptop_20-29-42 - [verifyingDisplaySizeFilterFunctionality_Laptop_20-29-42] Clicked product name to open in new tab from productNameListingPage loop
20:35:21 [TestNG-test-Test-3] INFO  verifyingDisplaySizeFilterFunctionality_Laptop_20-29-42 - [verifyingDisplaySizeFilterFunctionality_Laptop_20-29-42] Within safeFindElement method
20:35:23 [TestNG-test-Test-3] INFO  verifyingDisplaySizeFilterFunctionality_Laptop_20-29-42 - [verifyingDisplaySizeFilterFunctionality_Laptop_20-29-42]Found the element returning it ,element ->[[ChromeDriver: chrome on windows (5f28c669577438246038219e80837668)] -> xpath: //span[@id='productTitle']]
20:35:23 [TestNG-test-Test-3] INFO  verifyingDisplaySizeFilterFunctionality_Laptop_20-29-42 - [verifyingDisplaySizeFilterFunctionality_Laptop_20-29-42] Within safeFindElement method
20:35:23 [TestNG-test-Test-3] INFO  verifyingDisplaySizeFilterFunctionality_Laptop_20-29-42 - [verifyingDisplaySizeFilterFunctionality_Laptop_20-29-42]Found the element returning it ,element ->[[ChromeDriver: chrome on windows (5f28c669577438246038219e80837668)] -> xpath: //div[@class='a-section a-spacing-small a-spacing-top-small']]
20:35:23 [TestNG-test-Test-3] INFO  verifyingDisplaySizeFilterFunctionality_Laptop_20-29-42 - [verifyingDisplaySizeFilterFunctionality_Laptop_20-29-42] Within safeFindElement method
20:35:23 [TestNG-test-Test-3] INFO  verifyingDisplaySizeFilterFunctionality_Laptop_20-29-42 - [verifyingDisplaySizeFilterFunctionality_Laptop_20-29-42]Found the element returning it ,element ->[[ChromeDriver: chrome on windows (5f28c669577438246038219e80837668)] -> xpath: //div[@id='feature-bullets']]
20:35:23 [TestNG-test-Test-3] INFO  verifyingDisplaySizeFilterFunctionality_Laptop_20-29-42 - [verifyingDisplaySizeFilterFunctionality_Laptop_20-29-42] Within safeFindElement method
20:35:23 [TestNG-test-Test-3] INFO  verifyingDisplaySizeFilterFunctionality_Laptop_20-29-42 - [verifyingDisplaySizeFilterFunctionality_Laptop_20-29-42]Found the element returning it ,element ->[[ChromeDriver: chrome on windows (5f28c669577438246038219e80837668)] -> xpath: //div[@id='prodDetails']]
20:35:23 [TestNG-test-Test-3] INFO  verifyingDisplaySizeFilterFunctionality_Laptop_20-29-42 - [verifyingDisplaySizeFilterFunctionality_Laptop_20-29-42] Extracting 'name' , 'keyFeatures', 'about' , 'techDetails' within productNameListingPage loop
20:35:23 [TestNG-test-Test-3] INFO  verifyingDisplaySizeFilterFunctionality_Laptop_20-29-42 - [verifyingDisplaySizeFilterFunctionality_Laptop_20-29-42] Waiting until element is visible in viewport
20:35:23 [TestNG-test-Test-3] INFO  verifyingDisplaySizeFilterFunctionality_Laptop_20-29-42 - [verifyingDisplaySizeFilterFunctionality_Laptop_20-29-42] Within smoothScrollToElement method
20:35:23 [TestNG-test-Test-3] INFO  verifyingDisplaySizeFilterFunctionality_Laptop_20-29-42 - [verifyingDisplaySizeFilterFunctionality_Laptop_20-29-42] Within safeFindElement method
20:35:23 [TestNG-test-Test-3] INFO  verifyingDisplaySizeFilterFunctionality_Laptop_20-29-42 - [verifyingDisplaySizeFilterFunctionality_Laptop_20-29-42]Found the element returning it ,element ->[[ChromeDriver: chrome on windows (5f28c669577438246038219e80837668)] -> xpath: //a[@id='seeMoreDetailsLink']]
20:35:23 [TestNG-test-Test-3] INFO  verifyingDisplaySizeFilterFunctionality_Laptop_20-29-42 - [verifyingDisplaySizeFilterFunctionality_Laptop_20-29-42] Successfully scrolled to element: By.xpath: //a[@id='seeMoreDetailsLink']
20:35:23 [TestNG-test-Test-3] INFO  verifyingDisplaySizeFilterFunctionality_Laptop_20-29-42 - [verifyingDisplaySizeFilterFunctionality_Laptop_20-29-42] Within safeClick method
20:35:24 [TestNG-test-Test-3] INFO  verifyingDisplaySizeFilterFunctionality_Laptop_20-29-42 - [verifyingDisplaySizeFilterFunctionality_Laptop_20-29-42] Clicked the  [[ChromeDriver: chrome on windows (5f28c669577438246038219e80837668)] -> xpath: //a[@id='seeMoreDetailsLink']]   using safeClick
20:35:24 [TestNG-test-Test-3] INFO  verifyingDisplaySizeFilterFunctionality_Laptop_20-29-42 - [verifyingDisplaySizeFilterFunctionality_Laptop_20-29-42] Within try block for clicking see more deatils within productNameListingPage loop
20:35:24 [TestNG-test-Test-3] INFO  verifyingDisplaySizeFilterFunctionality_Laptop_20-29-42 - [verifyingDisplaySizeFilterFunctionality_Laptop_20-29-42] Within closeCurrentWindowAndSwitchBack method
20:35:24 [TestNG-test-Test-3] INFO  verifyingDisplaySizeFilterFunctionality_Laptop_20-29-42 - [verifyingDisplaySizeFilterFunctionality_Laptop_20-29-42] Total open windows/tabs count -> 2
20:35:24 [TestNG-test-Test-3] INFO  verifyingDisplaySizeFilterFunctionality_Laptop_20-29-42 - [verifyingDisplaySizeFilterFunctionality_Laptop_20-29-42] Original window handle -> 4FD498FF7C268EAD07E38C1D5D5B2EA7
20:35:24 [TestNG-test-Test-3] INFO  verifyingDisplaySizeFilterFunctionality_Laptop_20-29-42 - [verifyingDisplaySizeFilterFunctionality_Laptop_20-29-42] Found new tab/window handle -> A80F3E5327C508B2CB2009D9A7F354CC (will be closed)
20:35:24 [TestNG-test-Test-3] INFO  verifyingDisplaySizeFilterFunctionality_Laptop_20-29-42 - [verifyingDisplaySizeFilterFunctionality_Laptop_20-29-42] Successfully switched to new tab/window -> A80F3E5327C508B2CB2009D9A7F354CC
20:35:24 [TestNG-test-Test-3] INFO  verifyingDisplaySizeFilterFunctionality_Laptop_20-29-42 - [verifyingDisplaySizeFilterFunctionality_Laptop_20-29-42] Closed the newly opened tab/window -> A80F3E5327C508B2CB2009D9A7F354CC
20:35:24 [TestNG-test-Test-3] INFO  verifyingDisplaySizeFilterFunctionality_Laptop_20-29-42 - [verifyingDisplaySizeFilterFunctionality_Laptop_20-29-42] Switched back to the original window -> 4FD498FF7C268EAD07E38C1D5D5B2EA7
20:35:24 [TestNG-test-Test-3] INFO  verifyingDisplaySizeFilterFunctionality_Laptop_20-29-42 - [verifyingDisplaySizeFilterFunctionality_Laptop_20-29-42]  going back to product listing via closeCurrentWindowAndSwitchBack 
20:35:24 [TestNG-test-Test-3] INFO  verifyingDisplaySizeFilterFunctionality_Laptop_20-29-42 - [verifyingDisplaySizeFilterFunctionality_Laptop_20-29-42]  Added 'filter','title','keyFeatures', 'about', 'techDetails' into the Map -> productResult
20:35:24 [TestNG-test-Test-3] INFO  verifyingDisplaySizeFilterFunctionality_Laptop_20-29-42 - [verifyingDisplaySizeFilterFunctionality_Laptop_20-29-42]  Added 'productResult' Map into the 'results' i.e list of maps 
20:35:24 [TestNG-test-Test-3] INFO  verifyingDisplaySizeFilterFunctionality_Laptop_20-29-42 - [verifyingDisplaySizeFilterFunctionality_Laptop_20-29-42]==========================================================================================================
20:35:24 [TestNG-test-Test-3] INFO  verifyingDisplaySizeFilterFunctionality_Laptop_20-29-42 - [verifyingDisplaySizeFilterFunctionality_Laptop_20-29-42] Within safeFindElements 
20:35:24 [TestNG-test-Test-3] INFO  verifyingDisplaySizeFilterFunctionality_Laptop_20-29-42 - [verifyingDisplaySizeFilterFunctionality_Laptop_20-29-42] Returning the  [[[ChromeDriver: chrome on windows (5f28c669577438246038219e80837668)] -> xpath: //div[@data-cy='title-recipe']], [[ChromeDriver: chrome on windows (5f28c669577438246038219e80837668)] -> xpath: //div[@data-cy='title-recipe']], [[ChromeDriver: chrome on windows (5f28c669577438246038219e80837668)] -> xpath: //div[@data-cy='title-recipe']], [[ChromeDriver: chrome on windows (5f28c669577438246038219e80837668)] -> xpath: //div[@data-cy='title-recipe']], [[ChromeDriver: chrome on windows (5f28c669577438246038219e80837668)] -> xpath: //div[@data-cy='title-recipe']], [[ChromeDriver: chrome on windows (5f28c669577438246038219e80837668)] -> xpath: //div[@data-cy='title-recipe']], [[ChromeDriver: chrome on windows (5f28c669577438246038219e80837668)] -> xpath: //div[@data-cy='title-recipe']], [[ChromeDriver: chrome on windows (5f28c669577438246038219e80837668)] -> xpath: //div[@data-cy='title-recipe']], [[ChromeDriver: chrome on windows (5f28c669577438246038219e80837668)] -> xpath: //div[@data-cy='title-recipe']], [[ChromeDriver: chrome on windows (5f28c669577438246038219e80837668)] -> xpath: //div[@data-cy='title-recipe']], [[ChromeDriver: chrome on windows (5f28c669577438246038219e80837668)] -> xpath: //div[@data-cy='title-recipe']], [[ChromeDriver: chrome on windows (5f28c669577438246038219e80837668)] -> xpath: //div[@data-cy='title-recipe']], [[ChromeDriver: chrome on windows (5f28c669577438246038219e80837668)] -> xpath: //div[@data-cy='title-recipe']], [[ChromeDriver: chrome on windows (5f28c669577438246038219e80837668)] -> xpath: //div[@data-cy='title-recipe']], [[ChromeDriver: chrome on windows (5f28c669577438246038219e80837668)] -> xpath: //div[@data-cy='title-recipe']], [[ChromeDriver: chrome on windows (5f28c669577438246038219e80837668)] -> xpath: //div[@data-cy='title-recipe']]] from the safeFindElements method
20:35:24 [TestNG-test-Test-3] INFO  verifyingDisplaySizeFilterFunctionality_Laptop_20-29-42 - [verifyingDisplaySizeFilterFunctionality_Laptop_20-29-42] Within productNameListingPage loop in applyFilterAndValidateProductsWithResult
20:35:24 [TestNG-test-Test-3] INFO  verifyingDisplaySizeFilterFunctionality_Laptop_20-29-42 - [verifyingDisplaySizeFilterFunctionality_Laptop_20-29-42] Within getProductByIndex method
20:35:24 [TestNG-test-Test-3] INFO  verifyingDisplaySizeFilterFunctionality_Laptop_20-29-42 - [verifyingDisplaySizeFilterFunctionality_Laptop_20-29-42] Within safeFindElement method
20:35:24 [TestNG-test-Test-3] INFO  verifyingDisplaySizeFilterFunctionality_Laptop_20-29-42 - [verifyingDisplaySizeFilterFunctionality_Laptop_20-29-42]Found the element returning it ,element ->[[ChromeDriver: chrome on windows (5f28c669577438246038219e80837668)] -> xpath: (//div[@data-cy='title-recipe'])[9]]
20:35:24 [TestNG-test-Test-3] INFO  verifyingDisplaySizeFilterFunctionality_Laptop_20-29-42 - [verifyingDisplaySizeFilterFunctionality_Laptop_20-29-42] Within getProductByIndex method
20:35:24 [TestNG-test-Test-3] INFO  verifyingDisplaySizeFilterFunctionality_Laptop_20-29-42 - [verifyingDisplaySizeFilterFunctionality_Laptop_20-29-42] Within smoothScrollToElement method
20:35:24 [TestNG-test-Test-3] INFO  verifyingDisplaySizeFilterFunctionality_Laptop_20-29-42 - [verifyingDisplaySizeFilterFunctionality_Laptop_20-29-42] Within safeFindElement method
20:35:24 [TestNG-test-Test-3] INFO  verifyingDisplaySizeFilterFunctionality_Laptop_20-29-42 - [verifyingDisplaySizeFilterFunctionality_Laptop_20-29-42]Found the element returning it ,element ->[[ChromeDriver: chrome on windows (5f28c669577438246038219e80837668)] -> xpath: (//div[@data-cy='title-recipe'])[9]]
20:35:24 [TestNG-test-Test-3] INFO  verifyingDisplaySizeFilterFunctionality_Laptop_20-29-42 - [verifyingDisplaySizeFilterFunctionality_Laptop_20-29-42] Successfully scrolled to element: By.xpath: (//div[@data-cy='title-recipe'])[9]
20:35:24 [TestNG-test-Test-3] INFO  verifyingDisplaySizeFilterFunctionality_Laptop_20-29-42 - [verifyingDisplaySizeFilterFunctionality_Laptop_20-29-42] Getting product by index in productNameListingPage loop
20:35:24 [TestNG-test-Test-3] INFO  verifyingDisplaySizeFilterFunctionality_Laptop_20-29-42 - [verifyingDisplaySizeFilterFunctionality_Laptop_20-29-42] Opened product in new tab via Ctrl+Click inside productNameListingPage loop
20:35:24 [TestNG-test-Test-3] INFO  verifyingDisplaySizeFilterFunctionality_Laptop_20-29-42 - [verifyingDisplaySizeFilterFunctionality_Laptop_20-29-42] Waiting for new window to open...
20:35:24 [TestNG-test-Test-3] INFO  verifyingDisplaySizeFilterFunctionality_Laptop_20-29-42 - [verifyingDisplaySizeFilterFunctionality_Laptop_20-29-42] Switched to new window -> D309F6A24B10C1AAB7FABC4B612DB418
20:35:24 [TestNG-test-Test-3] INFO  verifyingDisplaySizeFilterFunctionality_Laptop_20-29-42 - [verifyingDisplaySizeFilterFunctionality_Laptop_20-29-42] Swithcing to the new window  within productNameListingPage loop
20:35:24 [TestNG-test-Test-3] INFO  verifyingDisplaySizeFilterFunctionality_Laptop_20-29-42 - [verifyingDisplaySizeFilterFunctionality_Laptop_20-29-42] Clicked product name to open in new tab from productNameListingPage loop
20:35:24 [TestNG-test-Test-3] INFO  verifyingDisplaySizeFilterFunctionality_Laptop_20-29-42 - [verifyingDisplaySizeFilterFunctionality_Laptop_20-29-42] Within safeFindElement method
20:35:27 [TestNG-test-Test-3] INFO  verifyingDisplaySizeFilterFunctionality_Laptop_20-29-42 - [verifyingDisplaySizeFilterFunctionality_Laptop_20-29-42]Found the element returning it ,element ->[[ChromeDriver: chrome on windows (5f28c669577438246038219e80837668)] -> xpath: //span[@id='productTitle']]
20:35:27 [TestNG-test-Test-3] INFO  verifyingDisplaySizeFilterFunctionality_Laptop_20-29-42 - [verifyingDisplaySizeFilterFunctionality_Laptop_20-29-42] Within safeFindElement method
20:35:27 [TestNG-test-Test-3] INFO  verifyingDisplaySizeFilterFunctionality_Laptop_20-29-42 - [verifyingDisplaySizeFilterFunctionality_Laptop_20-29-42]Found the element returning it ,element ->[[ChromeDriver: chrome on windows (5f28c669577438246038219e80837668)] -> xpath: //div[@class='a-section a-spacing-small a-spacing-top-small']]
20:35:27 [TestNG-test-Test-3] INFO  verifyingDisplaySizeFilterFunctionality_Laptop_20-29-42 - [verifyingDisplaySizeFilterFunctionality_Laptop_20-29-42] Within safeFindElement method
20:35:27 [TestNG-test-Test-3] INFO  verifyingDisplaySizeFilterFunctionality_Laptop_20-29-42 - [verifyingDisplaySizeFilterFunctionality_Laptop_20-29-42]Found the element returning it ,element ->[[ChromeDriver: chrome on windows (5f28c669577438246038219e80837668)] -> xpath: //div[@id='feature-bullets']]
20:35:27 [TestNG-test-Test-3] INFO  verifyingDisplaySizeFilterFunctionality_Laptop_20-29-42 - [verifyingDisplaySizeFilterFunctionality_Laptop_20-29-42] Within safeFindElement method
20:35:27 [TestNG-test-Test-3] INFO  verifyingDisplaySizeFilterFunctionality_Laptop_20-29-42 - [verifyingDisplaySizeFilterFunctionality_Laptop_20-29-42]Found the element returning it ,element ->[[ChromeDriver: chrome on windows (5f28c669577438246038219e80837668)] -> xpath: //div[@id='prodDetails']]
20:35:27 [TestNG-test-Test-3] INFO  verifyingDisplaySizeFilterFunctionality_Laptop_20-29-42 - [verifyingDisplaySizeFilterFunctionality_Laptop_20-29-42] Extracting 'name' , 'keyFeatures', 'about' , 'techDetails' within productNameListingPage loop
20:35:27 [TestNG-test-Test-3] INFO  verifyingDisplaySizeFilterFunctionality_Laptop_20-29-42 - [verifyingDisplaySizeFilterFunctionality_Laptop_20-29-42] Waiting until element is visible in viewport
20:35:38 [TestNG-test-Test-3] INFO  verifyingDisplaySizeFilterFunctionality_Laptop_20-29-42 - [verifyingDisplaySizeFilterFunctionality_Laptop_20-29-42] Within smoothScrollToElement method
20:35:38 [TestNG-test-Test-3] INFO  verifyingDisplaySizeFilterFunctionality_Laptop_20-29-42 - [verifyingDisplaySizeFilterFunctionality_Laptop_20-29-42] Within safeFindElement method
20:35:38 [TestNG-test-Test-3] INFO  verifyingDisplaySizeFilterFunctionality_Laptop_20-29-42 - [verifyingDisplaySizeFilterFunctionality_Laptop_20-29-42]Found the element returning it ,element ->[[ChromeDriver: chrome on windows (5f28c669577438246038219e80837668)] -> xpath: //a[@id='seeMoreDetailsLink']]
20:35:38 [TestNG-test-Test-3] INFO  verifyingDisplaySizeFilterFunctionality_Laptop_20-29-42 - [verifyingDisplaySizeFilterFunctionality_Laptop_20-29-42] Successfully scrolled to element: By.xpath: //a[@id='seeMoreDetailsLink']
20:35:38 [TestNG-test-Test-3] INFO  verifyingDisplaySizeFilterFunctionality_Laptop_20-29-42 - [verifyingDisplaySizeFilterFunctionality_Laptop_20-29-42] Within safeClick method
20:35:38 [TestNG-test-Test-3] INFO  verifyingDisplaySizeFilterFunctionality_Laptop_20-29-42 - [verifyingDisplaySizeFilterFunctionality_Laptop_20-29-42] Clicked the  [[ChromeDriver: chrome on windows (5f28c669577438246038219e80837668)] -> xpath: //a[@id='seeMoreDetailsLink']]   using safeClick
20:35:38 [TestNG-test-Test-3] INFO  verifyingDisplaySizeFilterFunctionality_Laptop_20-29-42 - [verifyingDisplaySizeFilterFunctionality_Laptop_20-29-42] Within try block for clicking see more deatils within productNameListingPage loop
20:35:38 [TestNG-test-Test-3] INFO  verifyingDisplaySizeFilterFunctionality_Laptop_20-29-42 - [verifyingDisplaySizeFilterFunctionality_Laptop_20-29-42] Within closeCurrentWindowAndSwitchBack method
20:35:38 [TestNG-test-Test-3] INFO  verifyingDisplaySizeFilterFunctionality_Laptop_20-29-42 - [verifyingDisplaySizeFilterFunctionality_Laptop_20-29-42] Total open windows/tabs count -> 2
20:35:38 [TestNG-test-Test-3] INFO  verifyingDisplaySizeFilterFunctionality_Laptop_20-29-42 - [verifyingDisplaySizeFilterFunctionality_Laptop_20-29-42] Original window handle -> 4FD498FF7C268EAD07E38C1D5D5B2EA7
20:35:38 [TestNG-test-Test-3] INFO  verifyingDisplaySizeFilterFunctionality_Laptop_20-29-42 - [verifyingDisplaySizeFilterFunctionality_Laptop_20-29-42] Found new tab/window handle -> D309F6A24B10C1AAB7FABC4B612DB418 (will be closed)
20:35:38 [TestNG-test-Test-3] INFO  verifyingDisplaySizeFilterFunctionality_Laptop_20-29-42 - [verifyingDisplaySizeFilterFunctionality_Laptop_20-29-42] Successfully switched to new tab/window -> D309F6A24B10C1AAB7FABC4B612DB418
20:35:38 [TestNG-test-Test-3] INFO  verifyingDisplaySizeFilterFunctionality_Laptop_20-29-42 - [verifyingDisplaySizeFilterFunctionality_Laptop_20-29-42] Closed the newly opened tab/window -> D309F6A24B10C1AAB7FABC4B612DB418
20:35:38 [TestNG-test-Test-3] INFO  verifyingDisplaySizeFilterFunctionality_Laptop_20-29-42 - [verifyingDisplaySizeFilterFunctionality_Laptop_20-29-42] Switched back to the original window -> 4FD498FF7C268EAD07E38C1D5D5B2EA7
20:35:38 [TestNG-test-Test-3] INFO  verifyingDisplaySizeFilterFunctionality_Laptop_20-29-42 - [verifyingDisplaySizeFilterFunctionality_Laptop_20-29-42]  going back to product listing via closeCurrentWindowAndSwitchBack 
20:35:38 [TestNG-test-Test-3] INFO  verifyingDisplaySizeFilterFunctionality_Laptop_20-29-42 - [verifyingDisplaySizeFilterFunctionality_Laptop_20-29-42]  Added 'filter','title','keyFeatures', 'about', 'techDetails' into the Map -> productResult
20:35:38 [TestNG-test-Test-3] INFO  verifyingDisplaySizeFilterFunctionality_Laptop_20-29-42 - [verifyingDisplaySizeFilterFunctionality_Laptop_20-29-42]  Added 'productResult' Map into the 'results' i.e list of maps 
20:35:38 [TestNG-test-Test-3] INFO  verifyingDisplaySizeFilterFunctionality_Laptop_20-29-42 - [verifyingDisplaySizeFilterFunctionality_Laptop_20-29-42]==========================================================================================================
20:35:38 [TestNG-test-Test-3] INFO  verifyingDisplaySizeFilterFunctionality_Laptop_20-29-42 - [verifyingDisplaySizeFilterFunctionality_Laptop_20-29-42] Within safeFindElements 
20:35:38 [TestNG-test-Test-3] INFO  verifyingDisplaySizeFilterFunctionality_Laptop_20-29-42 - [verifyingDisplaySizeFilterFunctionality_Laptop_20-29-42] Returning the  [[[ChromeDriver: chrome on windows (5f28c669577438246038219e80837668)] -> xpath: //div[@data-cy='title-recipe']], [[ChromeDriver: chrome on windows (5f28c669577438246038219e80837668)] -> xpath: //div[@data-cy='title-recipe']], [[ChromeDriver: chrome on windows (5f28c669577438246038219e80837668)] -> xpath: //div[@data-cy='title-recipe']], [[ChromeDriver: chrome on windows (5f28c669577438246038219e80837668)] -> xpath: //div[@data-cy='title-recipe']], [[ChromeDriver: chrome on windows (5f28c669577438246038219e80837668)] -> xpath: //div[@data-cy='title-recipe']], [[ChromeDriver: chrome on windows (5f28c669577438246038219e80837668)] -> xpath: //div[@data-cy='title-recipe']], [[ChromeDriver: chrome on windows (5f28c669577438246038219e80837668)] -> xpath: //div[@data-cy='title-recipe']], [[ChromeDriver: chrome on windows (5f28c669577438246038219e80837668)] -> xpath: //div[@data-cy='title-recipe']], [[ChromeDriver: chrome on windows (5f28c669577438246038219e80837668)] -> xpath: //div[@data-cy='title-recipe']], [[ChromeDriver: chrome on windows (5f28c669577438246038219e80837668)] -> xpath: //div[@data-cy='title-recipe']], [[ChromeDriver: chrome on windows (5f28c669577438246038219e80837668)] -> xpath: //div[@data-cy='title-recipe']], [[ChromeDriver: chrome on windows (5f28c669577438246038219e80837668)] -> xpath: //div[@data-cy='title-recipe']], [[ChromeDriver: chrome on windows (5f28c669577438246038219e80837668)] -> xpath: //div[@data-cy='title-recipe']], [[ChromeDriver: chrome on windows (5f28c669577438246038219e80837668)] -> xpath: //div[@data-cy='title-recipe']], [[ChromeDriver: chrome on windows (5f28c669577438246038219e80837668)] -> xpath: //div[@data-cy='title-recipe']], [[ChromeDriver: chrome on windows (5f28c669577438246038219e80837668)] -> xpath: //div[@data-cy='title-recipe']]] from the safeFindElements method
20:35:38 [TestNG-test-Test-3] INFO  verifyingDisplaySizeFilterFunctionality_Laptop_20-29-42 - [verifyingDisplaySizeFilterFunctionality_Laptop_20-29-42] Within productNameListingPage loop in applyFilterAndValidateProductsWithResult
20:35:38 [TestNG-test-Test-3] INFO  verifyingDisplaySizeFilterFunctionality_Laptop_20-29-42 - [verifyingDisplaySizeFilterFunctionality_Laptop_20-29-42] Within getProductByIndex method
20:35:38 [TestNG-test-Test-3] INFO  verifyingDisplaySizeFilterFunctionality_Laptop_20-29-42 - [verifyingDisplaySizeFilterFunctionality_Laptop_20-29-42] Within safeFindElement method
20:35:38 [TestNG-test-Test-3] INFO  verifyingDisplaySizeFilterFunctionality_Laptop_20-29-42 - [verifyingDisplaySizeFilterFunctionality_Laptop_20-29-42]Found the element returning it ,element ->[[ChromeDriver: chrome on windows (5f28c669577438246038219e80837668)] -> xpath: (//div[@data-cy='title-recipe'])[10]]
20:35:38 [TestNG-test-Test-3] INFO  verifyingDisplaySizeFilterFunctionality_Laptop_20-29-42 - [verifyingDisplaySizeFilterFunctionality_Laptop_20-29-42] Within getProductByIndex method
20:35:38 [TestNG-test-Test-3] INFO  verifyingDisplaySizeFilterFunctionality_Laptop_20-29-42 - [verifyingDisplaySizeFilterFunctionality_Laptop_20-29-42] Within smoothScrollToElement method
20:35:38 [TestNG-test-Test-3] INFO  verifyingDisplaySizeFilterFunctionality_Laptop_20-29-42 - [verifyingDisplaySizeFilterFunctionality_Laptop_20-29-42] Within safeFindElement method
20:35:38 [TestNG-test-Test-3] INFO  verifyingDisplaySizeFilterFunctionality_Laptop_20-29-42 - [verifyingDisplaySizeFilterFunctionality_Laptop_20-29-42]Found the element returning it ,element ->[[ChromeDriver: chrome on windows (5f28c669577438246038219e80837668)] -> xpath: (//div[@data-cy='title-recipe'])[10]]
20:35:38 [TestNG-test-Test-3] INFO  verifyingDisplaySizeFilterFunctionality_Laptop_20-29-42 - [verifyingDisplaySizeFilterFunctionality_Laptop_20-29-42] Successfully scrolled to element: By.xpath: (//div[@data-cy='title-recipe'])[10]
20:35:38 [TestNG-test-Test-3] INFO  verifyingDisplaySizeFilterFunctionality_Laptop_20-29-42 - [verifyingDisplaySizeFilterFunctionality_Laptop_20-29-42] Getting product by index in productNameListingPage loop
20:35:38 [TestNG-test-Test-3] INFO  verifyingDisplaySizeFilterFunctionality_Laptop_20-29-42 - [verifyingDisplaySizeFilterFunctionality_Laptop_20-29-42] Opened product in new tab via Ctrl+Click inside productNameListingPage loop
20:35:38 [TestNG-test-Test-3] INFO  verifyingDisplaySizeFilterFunctionality_Laptop_20-29-42 - [verifyingDisplaySizeFilterFunctionality_Laptop_20-29-42] Waiting for new window to open...
20:35:38 [TestNG-test-Test-3] INFO  verifyingDisplaySizeFilterFunctionality_Laptop_20-29-42 - [verifyingDisplaySizeFilterFunctionality_Laptop_20-29-42] Switched to new window -> E0F1F4F9B9A0EFB608587B9D3CE22E03
20:35:38 [TestNG-test-Test-3] INFO  verifyingDisplaySizeFilterFunctionality_Laptop_20-29-42 - [verifyingDisplaySizeFilterFunctionality_Laptop_20-29-42] Swithcing to the new window  within productNameListingPage loop
20:35:38 [TestNG-test-Test-3] INFO  verifyingDisplaySizeFilterFunctionality_Laptop_20-29-42 - [verifyingDisplaySizeFilterFunctionality_Laptop_20-29-42] Clicked product name to open in new tab from productNameListingPage loop
20:35:38 [TestNG-test-Test-3] INFO  verifyingDisplaySizeFilterFunctionality_Laptop_20-29-42 - [verifyingDisplaySizeFilterFunctionality_Laptop_20-29-42] Within safeFindElement method
20:35:41 [TestNG-test-Test-3] INFO  verifyingDisplaySizeFilterFunctionality_Laptop_20-29-42 - [verifyingDisplaySizeFilterFunctionality_Laptop_20-29-42]Found the element returning it ,element ->[[ChromeDriver: chrome on windows (5f28c669577438246038219e80837668)] -> xpath: //span[@id='productTitle']]
20:35:41 [TestNG-test-Test-3] INFO  verifyingDisplaySizeFilterFunctionality_Laptop_20-29-42 - [verifyingDisplaySizeFilterFunctionality_Laptop_20-29-42] Within safeFindElement method
20:35:41 [TestNG-test-Test-3] INFO  verifyingDisplaySizeFilterFunctionality_Laptop_20-29-42 - [verifyingDisplaySizeFilterFunctionality_Laptop_20-29-42]Found the element returning it ,element ->[[ChromeDriver: chrome on windows (5f28c669577438246038219e80837668)] -> xpath: //div[@class='a-section a-spacing-small a-spacing-top-small']]
20:35:41 [TestNG-test-Test-3] INFO  verifyingDisplaySizeFilterFunctionality_Laptop_20-29-42 - [verifyingDisplaySizeFilterFunctionality_Laptop_20-29-42] Within safeFindElement method
20:35:41 [TestNG-test-Test-3] INFO  verifyingDisplaySizeFilterFunctionality_Laptop_20-29-42 - [verifyingDisplaySizeFilterFunctionality_Laptop_20-29-42]Found the element returning it ,element ->[[ChromeDriver: chrome on windows (5f28c669577438246038219e80837668)] -> xpath: //div[@id='feature-bullets']]
20:35:41 [TestNG-test-Test-3] INFO  verifyingDisplaySizeFilterFunctionality_Laptop_20-29-42 - [verifyingDisplaySizeFilterFunctionality_Laptop_20-29-42] Within safeFindElement method
20:35:41 [TestNG-test-Test-3] INFO  verifyingDisplaySizeFilterFunctionality_Laptop_20-29-42 - [verifyingDisplaySizeFilterFunctionality_Laptop_20-29-42]Found the element returning it ,element ->[[ChromeDriver: chrome on windows (5f28c669577438246038219e80837668)] -> xpath: //div[@id='prodDetails']]
20:35:41 [TestNG-test-Test-3] INFO  verifyingDisplaySizeFilterFunctionality_Laptop_20-29-42 - [verifyingDisplaySizeFilterFunctionality_Laptop_20-29-42] Extracting 'name' , 'keyFeatures', 'about' , 'techDetails' within productNameListingPage loop
20:35:41 [TestNG-test-Test-3] INFO  verifyingDisplaySizeFilterFunctionality_Laptop_20-29-42 - [verifyingDisplaySizeFilterFunctionality_Laptop_20-29-42] Waiting until element is visible in viewport
20:35:51 [TestNG-test-Test-3] INFO  verifyingDisplaySizeFilterFunctionality_Laptop_20-29-42 - [verifyingDisplaySizeFilterFunctionality_Laptop_20-29-42] Within smoothScrollToElement method
20:35:51 [TestNG-test-Test-3] INFO  verifyingDisplaySizeFilterFunctionality_Laptop_20-29-42 - [verifyingDisplaySizeFilterFunctionality_Laptop_20-29-42] Within safeFindElement method
20:35:52 [TestNG-test-Test-3] INFO  verifyingDisplaySizeFilterFunctionality_Laptop_20-29-42 - [verifyingDisplaySizeFilterFunctionality_Laptop_20-29-42]Found the element returning it ,element ->[[ChromeDriver: chrome on windows (5f28c669577438246038219e80837668)] -> xpath: //a[@id='seeMoreDetailsLink']]
20:35:52 [TestNG-test-Test-3] INFO  verifyingDisplaySizeFilterFunctionality_Laptop_20-29-42 - [verifyingDisplaySizeFilterFunctionality_Laptop_20-29-42] Successfully scrolled to element: By.xpath: //a[@id='seeMoreDetailsLink']
20:35:52 [TestNG-test-Test-3] INFO  verifyingDisplaySizeFilterFunctionality_Laptop_20-29-42 - [verifyingDisplaySizeFilterFunctionality_Laptop_20-29-42] Within safeClick method
20:35:52 [TestNG-test-Test-3] INFO  verifyingDisplaySizeFilterFunctionality_Laptop_20-29-42 - [verifyingDisplaySizeFilterFunctionality_Laptop_20-29-42] Clicked the  [[ChromeDriver: chrome on windows (5f28c669577438246038219e80837668)] -> xpath: //a[@id='seeMoreDetailsLink']]   using safeClick
20:35:52 [TestNG-test-Test-3] INFO  verifyingDisplaySizeFilterFunctionality_Laptop_20-29-42 - [verifyingDisplaySizeFilterFunctionality_Laptop_20-29-42] Within try block for clicking see more deatils within productNameListingPage loop
20:35:52 [TestNG-test-Test-3] INFO  verifyingDisplaySizeFilterFunctionality_Laptop_20-29-42 - [verifyingDisplaySizeFilterFunctionality_Laptop_20-29-42] Within closeCurrentWindowAndSwitchBack method
20:35:52 [TestNG-test-Test-3] INFO  verifyingDisplaySizeFilterFunctionality_Laptop_20-29-42 - [verifyingDisplaySizeFilterFunctionality_Laptop_20-29-42] Total open windows/tabs count -> 2
20:35:52 [TestNG-test-Test-3] INFO  verifyingDisplaySizeFilterFunctionality_Laptop_20-29-42 - [verifyingDisplaySizeFilterFunctionality_Laptop_20-29-42] Original window handle -> 4FD498FF7C268EAD07E38C1D5D5B2EA7
20:35:52 [TestNG-test-Test-3] INFO  verifyingDisplaySizeFilterFunctionality_Laptop_20-29-42 - [verifyingDisplaySizeFilterFunctionality_Laptop_20-29-42] Found new tab/window handle -> E0F1F4F9B9A0EFB608587B9D3CE22E03 (will be closed)
20:35:52 [TestNG-test-Test-3] INFO  verifyingDisplaySizeFilterFunctionality_Laptop_20-29-42 - [verifyingDisplaySizeFilterFunctionality_Laptop_20-29-42] Successfully switched to new tab/window -> E0F1F4F9B9A0EFB608587B9D3CE22E03
20:35:52 [TestNG-test-Test-3] INFO  verifyingDisplaySizeFilterFunctionality_Laptop_20-29-42 - [verifyingDisplaySizeFilterFunctionality_Laptop_20-29-42] Closed the newly opened tab/window -> E0F1F4F9B9A0EFB608587B9D3CE22E03
20:35:52 [TestNG-test-Test-3] INFO  verifyingDisplaySizeFilterFunctionality_Laptop_20-29-42 - [verifyingDisplaySizeFilterFunctionality_Laptop_20-29-42] Switched back to the original window -> 4FD498FF7C268EAD07E38C1D5D5B2EA7
20:35:52 [TestNG-test-Test-3] INFO  verifyingDisplaySizeFilterFunctionality_Laptop_20-29-42 - [verifyingDisplaySizeFilterFunctionality_Laptop_20-29-42]  going back to product listing via closeCurrentWindowAndSwitchBack 
20:35:52 [TestNG-test-Test-3] INFO  verifyingDisplaySizeFilterFunctionality_Laptop_20-29-42 - [verifyingDisplaySizeFilterFunctionality_Laptop_20-29-42]  Added 'filter','title','keyFeatures', 'about', 'techDetails' into the Map -> productResult
20:35:52 [TestNG-test-Test-3] INFO  verifyingDisplaySizeFilterFunctionality_Laptop_20-29-42 - [verifyingDisplaySizeFilterFunctionality_Laptop_20-29-42]  Added 'productResult' Map into the 'results' i.e list of maps 
20:35:52 [TestNG-test-Test-3] INFO  verifyingDisplaySizeFilterFunctionality_Laptop_20-29-42 - [verifyingDisplaySizeFilterFunctionality_Laptop_20-29-42]==========================================================================================================
20:35:52 [TestNG-test-Test-3] INFO  verifyingDisplaySizeFilterFunctionality_Laptop_20-29-42 - [verifyingDisplaySizeFilterFunctionality_Laptop_20-29-42] Within safeFindElements 
20:35:52 [TestNG-test-Test-3] INFO  verifyingDisplaySizeFilterFunctionality_Laptop_20-29-42 - [verifyingDisplaySizeFilterFunctionality_Laptop_20-29-42] Returning the  [[[ChromeDriver: chrome on windows (5f28c669577438246038219e80837668)] -> xpath: //div[@data-cy='title-recipe']], [[ChromeDriver: chrome on windows (5f28c669577438246038219e80837668)] -> xpath: //div[@data-cy='title-recipe']], [[ChromeDriver: chrome on windows (5f28c669577438246038219e80837668)] -> xpath: //div[@data-cy='title-recipe']], [[ChromeDriver: chrome on windows (5f28c669577438246038219e80837668)] -> xpath: //div[@data-cy='title-recipe']], [[ChromeDriver: chrome on windows (5f28c669577438246038219e80837668)] -> xpath: //div[@data-cy='title-recipe']], [[ChromeDriver: chrome on windows (5f28c669577438246038219e80837668)] -> xpath: //div[@data-cy='title-recipe']], [[ChromeDriver: chrome on windows (5f28c669577438246038219e80837668)] -> xpath: //div[@data-cy='title-recipe']], [[ChromeDriver: chrome on windows (5f28c669577438246038219e80837668)] -> xpath: //div[@data-cy='title-recipe']], [[ChromeDriver: chrome on windows (5f28c669577438246038219e80837668)] -> xpath: //div[@data-cy='title-recipe']], [[ChromeDriver: chrome on windows (5f28c669577438246038219e80837668)] -> xpath: //div[@data-cy='title-recipe']], [[ChromeDriver: chrome on windows (5f28c669577438246038219e80837668)] -> xpath: //div[@data-cy='title-recipe']], [[ChromeDriver: chrome on windows (5f28c669577438246038219e80837668)] -> xpath: //div[@data-cy='title-recipe']], [[ChromeDriver: chrome on windows (5f28c669577438246038219e80837668)] -> xpath: //div[@data-cy='title-recipe']], [[ChromeDriver: chrome on windows (5f28c669577438246038219e80837668)] -> xpath: //div[@data-cy='title-recipe']], [[ChromeDriver: chrome on windows (5f28c669577438246038219e80837668)] -> xpath: //div[@data-cy='title-recipe']], [[ChromeDriver: chrome on windows (5f28c669577438246038219e80837668)] -> xpath: //div[@data-cy='title-recipe']]] from the safeFindElements method
20:35:52 [TestNG-test-Test-3] INFO  verifyingDisplaySizeFilterFunctionality_Laptop_20-29-42 - [verifyingDisplaySizeFilterFunctionality_Laptop_20-29-42] Within productNameListingPage loop in applyFilterAndValidateProductsWithResult
20:35:52 [TestNG-test-Test-3] INFO  verifyingDisplaySizeFilterFunctionality_Laptop_20-29-42 - [verifyingDisplaySizeFilterFunctionality_Laptop_20-29-42] Within getProductByIndex method
20:35:52 [TestNG-test-Test-3] INFO  verifyingDisplaySizeFilterFunctionality_Laptop_20-29-42 - [verifyingDisplaySizeFilterFunctionality_Laptop_20-29-42] Within safeFindElement method
20:35:52 [TestNG-test-Test-3] INFO  verifyingDisplaySizeFilterFunctionality_Laptop_20-29-42 - [verifyingDisplaySizeFilterFunctionality_Laptop_20-29-42]Found the element returning it ,element ->[[ChromeDriver: chrome on windows (5f28c669577438246038219e80837668)] -> xpath: (//div[@data-cy='title-recipe'])[11]]
20:35:52 [TestNG-test-Test-3] INFO  verifyingDisplaySizeFilterFunctionality_Laptop_20-29-42 - [verifyingDisplaySizeFilterFunctionality_Laptop_20-29-42] Within getProductByIndex method
20:35:52 [TestNG-test-Test-3] INFO  verifyingDisplaySizeFilterFunctionality_Laptop_20-29-42 - [verifyingDisplaySizeFilterFunctionality_Laptop_20-29-42] Within smoothScrollToElement method
20:35:52 [TestNG-test-Test-3] INFO  verifyingDisplaySizeFilterFunctionality_Laptop_20-29-42 - [verifyingDisplaySizeFilterFunctionality_Laptop_20-29-42] Within safeFindElement method
20:35:52 [TestNG-test-Test-3] INFO  verifyingDisplaySizeFilterFunctionality_Laptop_20-29-42 - [verifyingDisplaySizeFilterFunctionality_Laptop_20-29-42]Found the element returning it ,element ->[[ChromeDriver: chrome on windows (5f28c669577438246038219e80837668)] -> xpath: (//div[@data-cy='title-recipe'])[11]]
20:35:52 [TestNG-test-Test-3] INFO  verifyingDisplaySizeFilterFunctionality_Laptop_20-29-42 - [verifyingDisplaySizeFilterFunctionality_Laptop_20-29-42] Successfully scrolled to element: By.xpath: (//div[@data-cy='title-recipe'])[11]
20:35:52 [TestNG-test-Test-3] INFO  verifyingDisplaySizeFilterFunctionality_Laptop_20-29-42 - [verifyingDisplaySizeFilterFunctionality_Laptop_20-29-42] Getting product by index in productNameListingPage loop
20:35:52 [TestNG-test-Test-3] INFO  verifyingDisplaySizeFilterFunctionality_Laptop_20-29-42 - [verifyingDisplaySizeFilterFunctionality_Laptop_20-29-42] Opened product in new tab via Ctrl+Click inside productNameListingPage loop
20:35:52 [TestNG-test-Test-3] INFO  verifyingDisplaySizeFilterFunctionality_Laptop_20-29-42 - [verifyingDisplaySizeFilterFunctionality_Laptop_20-29-42] Waiting for new window to open...
20:35:52 [TestNG-test-Test-3] INFO  verifyingDisplaySizeFilterFunctionality_Laptop_20-29-42 - [verifyingDisplaySizeFilterFunctionality_Laptop_20-29-42] Switched to new window -> 1B8E77CD18D1F15F62DE05F44A2CF8C1
20:35:52 [TestNG-test-Test-3] INFO  verifyingDisplaySizeFilterFunctionality_Laptop_20-29-42 - [verifyingDisplaySizeFilterFunctionality_Laptop_20-29-42] Swithcing to the new window  within productNameListingPage loop
20:35:52 [TestNG-test-Test-3] INFO  verifyingDisplaySizeFilterFunctionality_Laptop_20-29-42 - [verifyingDisplaySizeFilterFunctionality_Laptop_20-29-42] Clicked product name to open in new tab from productNameListingPage loop
20:35:52 [TestNG-test-Test-3] INFO  verifyingDisplaySizeFilterFunctionality_Laptop_20-29-42 - [verifyingDisplaySizeFilterFunctionality_Laptop_20-29-42] Within safeFindElement method
20:35:58 [TestNG-test-Test-3] INFO  verifyingDisplaySizeFilterFunctionality_Laptop_20-29-42 - [verifyingDisplaySizeFilterFunctionality_Laptop_20-29-42]Found the element returning it ,element ->[[ChromeDriver: chrome on windows (5f28c669577438246038219e80837668)] -> xpath: //span[@id='productTitle']]
20:35:58 [TestNG-test-Test-3] INFO  verifyingDisplaySizeFilterFunctionality_Laptop_20-29-42 - [verifyingDisplaySizeFilterFunctionality_Laptop_20-29-42] Within safeFindElement method
20:35:58 [TestNG-test-Test-3] INFO  verifyingDisplaySizeFilterFunctionality_Laptop_20-29-42 - [verifyingDisplaySizeFilterFunctionality_Laptop_20-29-42]Found the element returning it ,element ->[[ChromeDriver: chrome on windows (5f28c669577438246038219e80837668)] -> xpath: //div[@class='a-section a-spacing-small a-spacing-top-small']]
20:35:58 [TestNG-test-Test-3] INFO  verifyingDisplaySizeFilterFunctionality_Laptop_20-29-42 - [verifyingDisplaySizeFilterFunctionality_Laptop_20-29-42] Within safeFindElement method
20:35:58 [TestNG-test-Test-3] INFO  verifyingDisplaySizeFilterFunctionality_Laptop_20-29-42 - [verifyingDisplaySizeFilterFunctionality_Laptop_20-29-42]Found the element returning it ,element ->[[ChromeDriver: chrome on windows (5f28c669577438246038219e80837668)] -> xpath: //div[@id='feature-bullets']]
20:35:58 [TestNG-test-Test-3] INFO  verifyingDisplaySizeFilterFunctionality_Laptop_20-29-42 - [verifyingDisplaySizeFilterFunctionality_Laptop_20-29-42] Within safeFindElement method
20:35:58 [TestNG-test-Test-3] INFO  verifyingDisplaySizeFilterFunctionality_Laptop_20-29-42 - [verifyingDisplaySizeFilterFunctionality_Laptop_20-29-42]Found the element returning it ,element ->[[ChromeDriver: chrome on windows (5f28c669577438246038219e80837668)] -> xpath: //div[@id='prodDetails']]
20:35:58 [TestNG-test-Test-3] INFO  verifyingDisplaySizeFilterFunctionality_Laptop_20-29-42 - [verifyingDisplaySizeFilterFunctionality_Laptop_20-29-42] Extracting 'name' , 'keyFeatures', 'about' , 'techDetails' within productNameListingPage loop
20:35:58 [TestNG-test-Test-3] INFO  verifyingDisplaySizeFilterFunctionality_Laptop_20-29-42 - [verifyingDisplaySizeFilterFunctionality_Laptop_20-29-42] Waiting until element is visible in viewport
20:36:09 [TestNG-test-Test-3] INFO  verifyingDisplaySizeFilterFunctionality_Laptop_20-29-42 - [verifyingDisplaySizeFilterFunctionality_Laptop_20-29-42] Within smoothScrollToElement method
20:36:09 [TestNG-test-Test-3] INFO  verifyingDisplaySizeFilterFunctionality_Laptop_20-29-42 - [verifyingDisplaySizeFilterFunctionality_Laptop_20-29-42] Within safeFindElement method
20:36:09 [TestNG-test-Test-3] INFO  verifyingDisplaySizeFilterFunctionality_Laptop_20-29-42 - [verifyingDisplaySizeFilterFunctionality_Laptop_20-29-42]Found the element returning it ,element ->[[ChromeDriver: chrome on windows (5f28c669577438246038219e80837668)] -> xpath: //a[@id='seeMoreDetailsLink']]
20:36:09 [TestNG-test-Test-3] INFO  verifyingDisplaySizeFilterFunctionality_Laptop_20-29-42 - [verifyingDisplaySizeFilterFunctionality_Laptop_20-29-42] Successfully scrolled to element: By.xpath: //a[@id='seeMoreDetailsLink']
20:36:09 [TestNG-test-Test-3] INFO  verifyingDisplaySizeFilterFunctionality_Laptop_20-29-42 - [verifyingDisplaySizeFilterFunctionality_Laptop_20-29-42] Within safeClick method
20:36:09 [TestNG-test-Test-3] INFO  verifyingDisplaySizeFilterFunctionality_Laptop_20-29-42 - [verifyingDisplaySizeFilterFunctionality_Laptop_20-29-42] Clicked the  [[ChromeDriver: chrome on windows (5f28c669577438246038219e80837668)] -> xpath: //a[@id='seeMoreDetailsLink']]   using safeClick
20:36:09 [TestNG-test-Test-3] INFO  verifyingDisplaySizeFilterFunctionality_Laptop_20-29-42 - [verifyingDisplaySizeFilterFunctionality_Laptop_20-29-42] Within try block for clicking see more deatils within productNameListingPage loop
20:36:09 [TestNG-test-Test-3] INFO  verifyingDisplaySizeFilterFunctionality_Laptop_20-29-42 - [verifyingDisplaySizeFilterFunctionality_Laptop_20-29-42] Within closeCurrentWindowAndSwitchBack method
20:36:09 [TestNG-test-Test-3] INFO  verifyingDisplaySizeFilterFunctionality_Laptop_20-29-42 - [verifyingDisplaySizeFilterFunctionality_Laptop_20-29-42] Total open windows/tabs count -> 2
20:36:09 [TestNG-test-Test-3] INFO  verifyingDisplaySizeFilterFunctionality_Laptop_20-29-42 - [verifyingDisplaySizeFilterFunctionality_Laptop_20-29-42] Original window handle -> 4FD498FF7C268EAD07E38C1D5D5B2EA7
20:36:09 [TestNG-test-Test-3] INFO  verifyingDisplaySizeFilterFunctionality_Laptop_20-29-42 - [verifyingDisplaySizeFilterFunctionality_Laptop_20-29-42] Found new tab/window handle -> 1B8E77CD18D1F15F62DE05F44A2CF8C1 (will be closed)
20:36:09 [TestNG-test-Test-3] INFO  verifyingDisplaySizeFilterFunctionality_Laptop_20-29-42 - [verifyingDisplaySizeFilterFunctionality_Laptop_20-29-42] Successfully switched to new tab/window -> 1B8E77CD18D1F15F62DE05F44A2CF8C1
20:36:09 [TestNG-test-Test-3] INFO  verifyingDisplaySizeFilterFunctionality_Laptop_20-29-42 - [verifyingDisplaySizeFilterFunctionality_Laptop_20-29-42] Closed the newly opened tab/window -> 1B8E77CD18D1F15F62DE05F44A2CF8C1
20:36:09 [TestNG-test-Test-3] INFO  verifyingDisplaySizeFilterFunctionality_Laptop_20-29-42 - [verifyingDisplaySizeFilterFunctionality_Laptop_20-29-42] Switched back to the original window -> 4FD498FF7C268EAD07E38C1D5D5B2EA7
20:36:09 [TestNG-test-Test-3] INFO  verifyingDisplaySizeFilterFunctionality_Laptop_20-29-42 - [verifyingDisplaySizeFilterFunctionality_Laptop_20-29-42]  going back to product listing via closeCurrentWindowAndSwitchBack 
20:36:09 [TestNG-test-Test-3] INFO  verifyingDisplaySizeFilterFunctionality_Laptop_20-29-42 - [verifyingDisplaySizeFilterFunctionality_Laptop_20-29-42]  Added 'filter','title','keyFeatures', 'about', 'techDetails' into the Map -> productResult
20:36:09 [TestNG-test-Test-3] INFO  verifyingDisplaySizeFilterFunctionality_Laptop_20-29-42 - [verifyingDisplaySizeFilterFunctionality_Laptop_20-29-42]  Added 'productResult' Map into the 'results' i.e list of maps 
20:36:09 [TestNG-test-Test-3] INFO  verifyingDisplaySizeFilterFunctionality_Laptop_20-29-42 - [verifyingDisplaySizeFilterFunctionality_Laptop_20-29-42]==========================================================================================================
20:36:09 [TestNG-test-Test-3] INFO  verifyingDisplaySizeFilterFunctionality_Laptop_20-29-42 - [verifyingDisplaySizeFilterFunctionality_Laptop_20-29-42] Within safeFindElements 
20:36:09 [TestNG-test-Test-3] INFO  verifyingDisplaySizeFilterFunctionality_Laptop_20-29-42 - [verifyingDisplaySizeFilterFunctionality_Laptop_20-29-42] Returning the  [[[ChromeDriver: chrome on windows (5f28c669577438246038219e80837668)] -> xpath: //div[@data-cy='title-recipe']], [[ChromeDriver: chrome on windows (5f28c669577438246038219e80837668)] -> xpath: //div[@data-cy='title-recipe']], [[ChromeDriver: chrome on windows (5f28c669577438246038219e80837668)] -> xpath: //div[@data-cy='title-recipe']], [[ChromeDriver: chrome on windows (5f28c669577438246038219e80837668)] -> xpath: //div[@data-cy='title-recipe']], [[ChromeDriver: chrome on windows (5f28c669577438246038219e80837668)] -> xpath: //div[@data-cy='title-recipe']], [[ChromeDriver: chrome on windows (5f28c669577438246038219e80837668)] -> xpath: //div[@data-cy='title-recipe']], [[ChromeDriver: chrome on windows (5f28c669577438246038219e80837668)] -> xpath: //div[@data-cy='title-recipe']], [[ChromeDriver: chrome on windows (5f28c669577438246038219e80837668)] -> xpath: //div[@data-cy='title-recipe']], [[ChromeDriver: chrome on windows (5f28c669577438246038219e80837668)] -> xpath: //div[@data-cy='title-recipe']], [[ChromeDriver: chrome on windows (5f28c669577438246038219e80837668)] -> xpath: //div[@data-cy='title-recipe']], [[ChromeDriver: chrome on windows (5f28c669577438246038219e80837668)] -> xpath: //div[@data-cy='title-recipe']], [[ChromeDriver: chrome on windows (5f28c669577438246038219e80837668)] -> xpath: //div[@data-cy='title-recipe']], [[ChromeDriver: chrome on windows (5f28c669577438246038219e80837668)] -> xpath: //div[@data-cy='title-recipe']], [[ChromeDriver: chrome on windows (5f28c669577438246038219e80837668)] -> xpath: //div[@data-cy='title-recipe']], [[ChromeDriver: chrome on windows (5f28c669577438246038219e80837668)] -> xpath: //div[@data-cy='title-recipe']], [[ChromeDriver: chrome on windows (5f28c669577438246038219e80837668)] -> xpath: //div[@data-cy='title-recipe']]] from the safeFindElements method
20:36:09 [TestNG-test-Test-3] INFO  verifyingDisplaySizeFilterFunctionality_Laptop_20-29-42 - [verifyingDisplaySizeFilterFunctionality_Laptop_20-29-42] Within productNameListingPage loop in applyFilterAndValidateProductsWithResult
20:36:09 [TestNG-test-Test-3] INFO  verifyingDisplaySizeFilterFunctionality_Laptop_20-29-42 - [verifyingDisplaySizeFilterFunctionality_Laptop_20-29-42] Within getProductByIndex method
20:36:09 [TestNG-test-Test-3] INFO  verifyingDisplaySizeFilterFunctionality_Laptop_20-29-42 - [verifyingDisplaySizeFilterFunctionality_Laptop_20-29-42] Within safeFindElement method
20:36:09 [TestNG-test-Test-3] INFO  verifyingDisplaySizeFilterFunctionality_Laptop_20-29-42 - [verifyingDisplaySizeFilterFunctionality_Laptop_20-29-42]Found the element returning it ,element ->[[ChromeDriver: chrome on windows (5f28c669577438246038219e80837668)] -> xpath: (//div[@data-cy='title-recipe'])[12]]
20:36:09 [TestNG-test-Test-3] INFO  verifyingDisplaySizeFilterFunctionality_Laptop_20-29-42 - [verifyingDisplaySizeFilterFunctionality_Laptop_20-29-42] Within getProductByIndex method
20:36:09 [TestNG-test-Test-3] INFO  verifyingDisplaySizeFilterFunctionality_Laptop_20-29-42 - [verifyingDisplaySizeFilterFunctionality_Laptop_20-29-42] Within smoothScrollToElement method
20:36:09 [TestNG-test-Test-3] INFO  verifyingDisplaySizeFilterFunctionality_Laptop_20-29-42 - [verifyingDisplaySizeFilterFunctionality_Laptop_20-29-42] Within safeFindElement method
20:36:09 [TestNG-test-Test-3] INFO  verifyingDisplaySizeFilterFunctionality_Laptop_20-29-42 - [verifyingDisplaySizeFilterFunctionality_Laptop_20-29-42]Found the element returning it ,element ->[[ChromeDriver: chrome on windows (5f28c669577438246038219e80837668)] -> xpath: (//div[@data-cy='title-recipe'])[12]]
20:36:09 [TestNG-test-Test-3] INFO  verifyingDisplaySizeFilterFunctionality_Laptop_20-29-42 - [verifyingDisplaySizeFilterFunctionality_Laptop_20-29-42] Successfully scrolled to element: By.xpath: (//div[@data-cy='title-recipe'])[12]
20:36:09 [TestNG-test-Test-3] INFO  verifyingDisplaySizeFilterFunctionality_Laptop_20-29-42 - [verifyingDisplaySizeFilterFunctionality_Laptop_20-29-42] Getting product by index in productNameListingPage loop
20:36:09 [TestNG-test-Test-3] INFO  verifyingDisplaySizeFilterFunctionality_Laptop_20-29-42 - [verifyingDisplaySizeFilterFunctionality_Laptop_20-29-42] Opened product in new tab via Ctrl+Click inside productNameListingPage loop
20:36:09 [TestNG-test-Test-3] INFO  verifyingDisplaySizeFilterFunctionality_Laptop_20-29-42 - [verifyingDisplaySizeFilterFunctionality_Laptop_20-29-42] Waiting for new window to open...
20:36:09 [TestNG-test-Test-3] INFO  verifyingDisplaySizeFilterFunctionality_Laptop_20-29-42 - [verifyingDisplaySizeFilterFunctionality_Laptop_20-29-42] Switched to new window -> F2BE68272EEC54286C2A2D754674E082
20:36:09 [TestNG-test-Test-3] INFO  verifyingDisplaySizeFilterFunctionality_Laptop_20-29-42 - [verifyingDisplaySizeFilterFunctionality_Laptop_20-29-42] Swithcing to the new window  within productNameListingPage loop
20:36:09 [TestNG-test-Test-3] INFO  verifyingDisplaySizeFilterFunctionality_Laptop_20-29-42 - [verifyingDisplaySizeFilterFunctionality_Laptop_20-29-42] Clicked product name to open in new tab from productNameListingPage loop
20:36:09 [TestNG-test-Test-3] INFO  verifyingDisplaySizeFilterFunctionality_Laptop_20-29-42 - [verifyingDisplaySizeFilterFunctionality_Laptop_20-29-42] Within safeFindElement method
20:36:13 [TestNG-test-Test-3] INFO  verifyingDisplaySizeFilterFunctionality_Laptop_20-29-42 - [verifyingDisplaySizeFilterFunctionality_Laptop_20-29-42]Found the element returning it ,element ->[[ChromeDriver: chrome on windows (5f28c669577438246038219e80837668)] -> xpath: //span[@id='productTitle']]
20:36:13 [TestNG-test-Test-3] INFO  verifyingDisplaySizeFilterFunctionality_Laptop_20-29-42 - [verifyingDisplaySizeFilterFunctionality_Laptop_20-29-42] Within safeFindElement method
20:36:13 [TestNG-test-Test-3] INFO  verifyingDisplaySizeFilterFunctionality_Laptop_20-29-42 - [verifyingDisplaySizeFilterFunctionality_Laptop_20-29-42]Found the element returning it ,element ->[[ChromeDriver: chrome on windows (5f28c669577438246038219e80837668)] -> xpath: //div[@class='a-section a-spacing-small a-spacing-top-small']]
20:36:13 [TestNG-test-Test-3] INFO  verifyingDisplaySizeFilterFunctionality_Laptop_20-29-42 - [verifyingDisplaySizeFilterFunctionality_Laptop_20-29-42] Within safeFindElement method
20:36:13 [TestNG-test-Test-3] INFO  verifyingDisplaySizeFilterFunctionality_Laptop_20-29-42 - [verifyingDisplaySizeFilterFunctionality_Laptop_20-29-42]Found the element returning it ,element ->[[ChromeDriver: chrome on windows (5f28c669577438246038219e80837668)] -> xpath: //div[@id='feature-bullets']]
20:36:13 [TestNG-test-Test-3] INFO  verifyingDisplaySizeFilterFunctionality_Laptop_20-29-42 - [verifyingDisplaySizeFilterFunctionality_Laptop_20-29-42] Within safeFindElement method
20:36:13 [TestNG-test-Test-3] INFO  verifyingDisplaySizeFilterFunctionality_Laptop_20-29-42 - [verifyingDisplaySizeFilterFunctionality_Laptop_20-29-42]Found the element returning it ,element ->[[ChromeDriver: chrome on windows (5f28c669577438246038219e80837668)] -> xpath: //div[@id='prodDetails']]
20:36:13 [TestNG-test-Test-3] INFO  verifyingDisplaySizeFilterFunctionality_Laptop_20-29-42 - [verifyingDisplaySizeFilterFunctionality_Laptop_20-29-42] Extracting 'name' , 'keyFeatures', 'about' , 'techDetails' within productNameListingPage loop
20:36:13 [TestNG-test-Test-3] INFO  verifyingDisplaySizeFilterFunctionality_Laptop_20-29-42 - [verifyingDisplaySizeFilterFunctionality_Laptop_20-29-42] Waiting until element is visible in viewport
20:36:23 [TestNG-test-Test-3] INFO  verifyingDisplaySizeFilterFunctionality_Laptop_20-29-42 - [verifyingDisplaySizeFilterFunctionality_Laptop_20-29-42] Within smoothScrollToElement method
20:36:23 [TestNG-test-Test-3] INFO  verifyingDisplaySizeFilterFunctionality_Laptop_20-29-42 - [verifyingDisplaySizeFilterFunctionality_Laptop_20-29-42] Within safeFindElement method
20:36:23 [TestNG-test-Test-3] INFO  verifyingDisplaySizeFilterFunctionality_Laptop_20-29-42 - [verifyingDisplaySizeFilterFunctionality_Laptop_20-29-42]Found the element returning it ,element ->[[ChromeDriver: chrome on windows (5f28c669577438246038219e80837668)] -> xpath: //a[@id='seeMoreDetailsLink']]
20:36:23 [TestNG-test-Test-3] INFO  verifyingDisplaySizeFilterFunctionality_Laptop_20-29-42 - [verifyingDisplaySizeFilterFunctionality_Laptop_20-29-42] Successfully scrolled to element: By.xpath: //a[@id='seeMoreDetailsLink']
20:36:23 [TestNG-test-Test-3] INFO  verifyingDisplaySizeFilterFunctionality_Laptop_20-29-42 - [verifyingDisplaySizeFilterFunctionality_Laptop_20-29-42] Within safeClick method
20:36:24 [TestNG-test-Test-3] INFO  verifyingDisplaySizeFilterFunctionality_Laptop_20-29-42 - [verifyingDisplaySizeFilterFunctionality_Laptop_20-29-42] Clicked the  [[ChromeDriver: chrome on windows (5f28c669577438246038219e80837668)] -> xpath: //a[@id='seeMoreDetailsLink']]   using safeClick
20:36:24 [TestNG-test-Test-3] INFO  verifyingDisplaySizeFilterFunctionality_Laptop_20-29-42 - [verifyingDisplaySizeFilterFunctionality_Laptop_20-29-42] Within try block for clicking see more deatils within productNameListingPage loop
20:36:24 [TestNG-test-Test-3] INFO  verifyingDisplaySizeFilterFunctionality_Laptop_20-29-42 - [verifyingDisplaySizeFilterFunctionality_Laptop_20-29-42] Within closeCurrentWindowAndSwitchBack method
20:36:24 [TestNG-test-Test-3] INFO  verifyingDisplaySizeFilterFunctionality_Laptop_20-29-42 - [verifyingDisplaySizeFilterFunctionality_Laptop_20-29-42] Total open windows/tabs count -> 2
20:36:24 [TestNG-test-Test-3] INFO  verifyingDisplaySizeFilterFunctionality_Laptop_20-29-42 - [verifyingDisplaySizeFilterFunctionality_Laptop_20-29-42] Original window handle -> 4FD498FF7C268EAD07E38C1D5D5B2EA7
20:36:24 [TestNG-test-Test-3] INFO  verifyingDisplaySizeFilterFunctionality_Laptop_20-29-42 - [verifyingDisplaySizeFilterFunctionality_Laptop_20-29-42] Found new tab/window handle -> F2BE68272EEC54286C2A2D754674E082 (will be closed)
20:36:24 [TestNG-test-Test-3] INFO  verifyingDisplaySizeFilterFunctionality_Laptop_20-29-42 - [verifyingDisplaySizeFilterFunctionality_Laptop_20-29-42] Successfully switched to new tab/window -> F2BE68272EEC54286C2A2D754674E082
20:36:24 [TestNG-test-Test-3] INFO  verifyingDisplaySizeFilterFunctionality_Laptop_20-29-42 - [verifyingDisplaySizeFilterFunctionality_Laptop_20-29-42] Closed the newly opened tab/window -> F2BE68272EEC54286C2A2D754674E082
20:36:24 [TestNG-test-Test-3] INFO  verifyingDisplaySizeFilterFunctionality_Laptop_20-29-42 - [verifyingDisplaySizeFilterFunctionality_Laptop_20-29-42] Switched back to the original window -> 4FD498FF7C268EAD07E38C1D5D5B2EA7
20:36:24 [TestNG-test-Test-3] INFO  verifyingDisplaySizeFilterFunctionality_Laptop_20-29-42 - [verifyingDisplaySizeFilterFunctionality_Laptop_20-29-42]  going back to product listing via closeCurrentWindowAndSwitchBack 
20:36:24 [TestNG-test-Test-3] INFO  verifyingDisplaySizeFilterFunctionality_Laptop_20-29-42 - [verifyingDisplaySizeFilterFunctionality_Laptop_20-29-42]  Added 'filter','title','keyFeatures', 'about', 'techDetails' into the Map -> productResult
20:36:24 [TestNG-test-Test-3] INFO  verifyingDisplaySizeFilterFunctionality_Laptop_20-29-42 - [verifyingDisplaySizeFilterFunctionality_Laptop_20-29-42]  Added 'productResult' Map into the 'results' i.e list of maps 
20:36:24 [TestNG-test-Test-3] INFO  verifyingDisplaySizeFilterFunctionality_Laptop_20-29-42 - [verifyingDisplaySizeFilterFunctionality_Laptop_20-29-42]==========================================================================================================
20:36:24 [TestNG-test-Test-3] INFO  verifyingDisplaySizeFilterFunctionality_Laptop_20-29-42 - [verifyingDisplaySizeFilterFunctionality_Laptop_20-29-42] Within safeFindElements 
20:36:24 [TestNG-test-Test-3] INFO  verifyingDisplaySizeFilterFunctionality_Laptop_20-29-42 - [verifyingDisplaySizeFilterFunctionality_Laptop_20-29-42] Returning the  [[[ChromeDriver: chrome on windows (5f28c669577438246038219e80837668)] -> xpath: //div[@data-cy='title-recipe']], [[ChromeDriver: chrome on windows (5f28c669577438246038219e80837668)] -> xpath: //div[@data-cy='title-recipe']], [[ChromeDriver: chrome on windows (5f28c669577438246038219e80837668)] -> xpath: //div[@data-cy='title-recipe']], [[ChromeDriver: chrome on windows (5f28c669577438246038219e80837668)] -> xpath: //div[@data-cy='title-recipe']], [[ChromeDriver: chrome on windows (5f28c669577438246038219e80837668)] -> xpath: //div[@data-cy='title-recipe']], [[ChromeDriver: chrome on windows (5f28c669577438246038219e80837668)] -> xpath: //div[@data-cy='title-recipe']], [[ChromeDriver: chrome on windows (5f28c669577438246038219e80837668)] -> xpath: //div[@data-cy='title-recipe']], [[ChromeDriver: chrome on windows (5f28c669577438246038219e80837668)] -> xpath: //div[@data-cy='title-recipe']], [[ChromeDriver: chrome on windows (5f28c669577438246038219e80837668)] -> xpath: //div[@data-cy='title-recipe']], [[ChromeDriver: chrome on windows (5f28c669577438246038219e80837668)] -> xpath: //div[@data-cy='title-recipe']], [[ChromeDriver: chrome on windows (5f28c669577438246038219e80837668)] -> xpath: //div[@data-cy='title-recipe']], [[ChromeDriver: chrome on windows (5f28c669577438246038219e80837668)] -> xpath: //div[@data-cy='title-recipe']], [[ChromeDriver: chrome on windows (5f28c669577438246038219e80837668)] -> xpath: //div[@data-cy='title-recipe']], [[ChromeDriver: chrome on windows (5f28c669577438246038219e80837668)] -> xpath: //div[@data-cy='title-recipe']], [[ChromeDriver: chrome on windows (5f28c669577438246038219e80837668)] -> xpath: //div[@data-cy='title-recipe']], [[ChromeDriver: chrome on windows (5f28c669577438246038219e80837668)] -> xpath: //div[@data-cy='title-recipe']]] from the safeFindElements method
20:36:24 [TestNG-test-Test-3] INFO  verifyingDisplaySizeFilterFunctionality_Laptop_20-29-42 - [verifyingDisplaySizeFilterFunctionality_Laptop_20-29-42] Within productNameListingPage loop in applyFilterAndValidateProductsWithResult
20:36:24 [TestNG-test-Test-3] INFO  verifyingDisplaySizeFilterFunctionality_Laptop_20-29-42 - [verifyingDisplaySizeFilterFunctionality_Laptop_20-29-42] Within getProductByIndex method
20:36:24 [TestNG-test-Test-3] INFO  verifyingDisplaySizeFilterFunctionality_Laptop_20-29-42 - [verifyingDisplaySizeFilterFunctionality_Laptop_20-29-42] Within safeFindElement method
20:36:24 [TestNG-test-Test-3] INFO  verifyingDisplaySizeFilterFunctionality_Laptop_20-29-42 - [verifyingDisplaySizeFilterFunctionality_Laptop_20-29-42]Found the element returning it ,element ->[[ChromeDriver: chrome on windows (5f28c669577438246038219e80837668)] -> xpath: (//div[@data-cy='title-recipe'])[13]]
20:36:24 [TestNG-test-Test-3] INFO  verifyingDisplaySizeFilterFunctionality_Laptop_20-29-42 - [verifyingDisplaySizeFilterFunctionality_Laptop_20-29-42] Within getProductByIndex method
20:36:24 [TestNG-test-Test-3] INFO  verifyingDisplaySizeFilterFunctionality_Laptop_20-29-42 - [verifyingDisplaySizeFilterFunctionality_Laptop_20-29-42] Within smoothScrollToElement method
20:36:24 [TestNG-test-Test-3] INFO  verifyingDisplaySizeFilterFunctionality_Laptop_20-29-42 - [verifyingDisplaySizeFilterFunctionality_Laptop_20-29-42] Within safeFindElement method
20:36:24 [TestNG-test-Test-3] INFO  verifyingDisplaySizeFilterFunctionality_Laptop_20-29-42 - [verifyingDisplaySizeFilterFunctionality_Laptop_20-29-42]Found the element returning it ,element ->[[ChromeDriver: chrome on windows (5f28c669577438246038219e80837668)] -> xpath: (//div[@data-cy='title-recipe'])[13]]
20:36:24 [TestNG-test-Test-3] INFO  verifyingDisplaySizeFilterFunctionality_Laptop_20-29-42 - [verifyingDisplaySizeFilterFunctionality_Laptop_20-29-42] Successfully scrolled to element: By.xpath: (//div[@data-cy='title-recipe'])[13]
20:36:24 [TestNG-test-Test-3] INFO  verifyingDisplaySizeFilterFunctionality_Laptop_20-29-42 - [verifyingDisplaySizeFilterFunctionality_Laptop_20-29-42] Getting product by index in productNameListingPage loop
20:36:24 [TestNG-test-Test-3] INFO  verifyingDisplaySizeFilterFunctionality_Laptop_20-29-42 - [verifyingDisplaySizeFilterFunctionality_Laptop_20-29-42] Opened product in new tab via Ctrl+Click inside productNameListingPage loop
20:36:24 [TestNG-test-Test-3] INFO  verifyingDisplaySizeFilterFunctionality_Laptop_20-29-42 - [verifyingDisplaySizeFilterFunctionality_Laptop_20-29-42] Waiting for new window to open...
20:36:24 [TestNG-test-Test-3] INFO  verifyingDisplaySizeFilterFunctionality_Laptop_20-29-42 - [verifyingDisplaySizeFilterFunctionality_Laptop_20-29-42] Switched to new window -> 575DD2E982C1F4DFAA78EDCBDED87DA9
20:36:24 [TestNG-test-Test-3] INFO  verifyingDisplaySizeFilterFunctionality_Laptop_20-29-42 - [verifyingDisplaySizeFilterFunctionality_Laptop_20-29-42] Swithcing to the new window  within productNameListingPage loop
20:36:24 [TestNG-test-Test-3] INFO  verifyingDisplaySizeFilterFunctionality_Laptop_20-29-42 - [verifyingDisplaySizeFilterFunctionality_Laptop_20-29-42] Clicked product name to open in new tab from productNameListingPage loop
20:36:24 [TestNG-test-Test-3] INFO  verifyingDisplaySizeFilterFunctionality_Laptop_20-29-42 - [verifyingDisplaySizeFilterFunctionality_Laptop_20-29-42] Within safeFindElement method
20:36:27 [TestNG-test-Test-3] INFO  verifyingDisplaySizeFilterFunctionality_Laptop_20-29-42 - [verifyingDisplaySizeFilterFunctionality_Laptop_20-29-42]Found the element returning it ,element ->[[ChromeDriver: chrome on windows (5f28c669577438246038219e80837668)] -> xpath: //span[@id='productTitle']]
20:36:27 [TestNG-test-Test-3] INFO  verifyingDisplaySizeFilterFunctionality_Laptop_20-29-42 - [verifyingDisplaySizeFilterFunctionality_Laptop_20-29-42] Within safeFindElement method
20:36:27 [TestNG-test-Test-3] INFO  verifyingDisplaySizeFilterFunctionality_Laptop_20-29-42 - [verifyingDisplaySizeFilterFunctionality_Laptop_20-29-42]Found the element returning it ,element ->[[ChromeDriver: chrome on windows (5f28c669577438246038219e80837668)] -> xpath: //div[@class='a-section a-spacing-small a-spacing-top-small']]
20:36:27 [TestNG-test-Test-3] INFO  verifyingDisplaySizeFilterFunctionality_Laptop_20-29-42 - [verifyingDisplaySizeFilterFunctionality_Laptop_20-29-42] Within safeFindElement method
20:36:27 [TestNG-test-Test-3] INFO  verifyingDisplaySizeFilterFunctionality_Laptop_20-29-42 - [verifyingDisplaySizeFilterFunctionality_Laptop_20-29-42]Found the element returning it ,element ->[[ChromeDriver: chrome on windows (5f28c669577438246038219e80837668)] -> xpath: //div[@id='feature-bullets']]
20:36:27 [TestNG-test-Test-3] INFO  verifyingDisplaySizeFilterFunctionality_Laptop_20-29-42 - [verifyingDisplaySizeFilterFunctionality_Laptop_20-29-42] Within safeFindElement method
20:36:27 [TestNG-test-Test-3] INFO  verifyingDisplaySizeFilterFunctionality_Laptop_20-29-42 - [verifyingDisplaySizeFilterFunctionality_Laptop_20-29-42]Found the element returning it ,element ->[[ChromeDriver: chrome on windows (5f28c669577438246038219e80837668)] -> xpath: //div[@id='prodDetails']]
20:36:27 [TestNG-test-Test-3] INFO  verifyingDisplaySizeFilterFunctionality_Laptop_20-29-42 - [verifyingDisplaySizeFilterFunctionality_Laptop_20-29-42] Extracting 'name' , 'keyFeatures', 'about' , 'techDetails' within productNameListingPage loop
20:36:27 [TestNG-test-Test-3] INFO  verifyingDisplaySizeFilterFunctionality_Laptop_20-29-42 - [verifyingDisplaySizeFilterFunctionality_Laptop_20-29-42] Waiting until element is visible in viewport
20:36:27 [TestNG-test-Test-3] INFO  verifyingDisplaySizeFilterFunctionality_Laptop_20-29-42 - [verifyingDisplaySizeFilterFunctionality_Laptop_20-29-42] Within smoothScrollToElement method
20:36:27 [TestNG-test-Test-3] INFO  verifyingDisplaySizeFilterFunctionality_Laptop_20-29-42 - [verifyingDisplaySizeFilterFunctionality_Laptop_20-29-42] Within safeFindElement method
20:36:27 [TestNG-test-Test-3] INFO  verifyingDisplaySizeFilterFunctionality_Laptop_20-29-42 - [verifyingDisplaySizeFilterFunctionality_Laptop_20-29-42]Found the element returning it ,element ->[[ChromeDriver: chrome on windows (5f28c669577438246038219e80837668)] -> xpath: //a[@id='seeMoreDetailsLink']]
20:36:27 [TestNG-test-Test-3] INFO  verifyingDisplaySizeFilterFunctionality_Laptop_20-29-42 - [verifyingDisplaySizeFilterFunctionality_Laptop_20-29-42] Successfully scrolled to element: By.xpath: //a[@id='seeMoreDetailsLink']
20:36:27 [TestNG-test-Test-3] INFO  verifyingDisplaySizeFilterFunctionality_Laptop_20-29-42 - [verifyingDisplaySizeFilterFunctionality_Laptop_20-29-42] Within safeClick method
20:36:27 [TestNG-test-Test-3] INFO  verifyingDisplaySizeFilterFunctionality_Laptop_20-29-42 - [verifyingDisplaySizeFilterFunctionality_Laptop_20-29-42] Clicked the  [[ChromeDriver: chrome on windows (5f28c669577438246038219e80837668)] -> xpath: //a[@id='seeMoreDetailsLink']]   using safeClick
20:36:27 [TestNG-test-Test-3] INFO  verifyingDisplaySizeFilterFunctionality_Laptop_20-29-42 - [verifyingDisplaySizeFilterFunctionality_Laptop_20-29-42] Within try block for clicking see more deatils within productNameListingPage loop
20:36:27 [TestNG-test-Test-3] INFO  verifyingDisplaySizeFilterFunctionality_Laptop_20-29-42 - [verifyingDisplaySizeFilterFunctionality_Laptop_20-29-42] Within closeCurrentWindowAndSwitchBack method
20:36:27 [TestNG-test-Test-3] INFO  verifyingDisplaySizeFilterFunctionality_Laptop_20-29-42 - [verifyingDisplaySizeFilterFunctionality_Laptop_20-29-42] Total open windows/tabs count -> 2
20:36:27 [TestNG-test-Test-3] INFO  verifyingDisplaySizeFilterFunctionality_Laptop_20-29-42 - [verifyingDisplaySizeFilterFunctionality_Laptop_20-29-42] Original window handle -> 4FD498FF7C268EAD07E38C1D5D5B2EA7
20:36:27 [TestNG-test-Test-3] INFO  verifyingDisplaySizeFilterFunctionality_Laptop_20-29-42 - [verifyingDisplaySizeFilterFunctionality_Laptop_20-29-42] Found new tab/window handle -> 575DD2E982C1F4DFAA78EDCBDED87DA9 (will be closed)
20:36:27 [TestNG-test-Test-3] INFO  verifyingDisplaySizeFilterFunctionality_Laptop_20-29-42 - [verifyingDisplaySizeFilterFunctionality_Laptop_20-29-42] Successfully switched to new tab/window -> 575DD2E982C1F4DFAA78EDCBDED87DA9
20:36:27 [TestNG-test-Test-3] INFO  verifyingDisplaySizeFilterFunctionality_Laptop_20-29-42 - [verifyingDisplaySizeFilterFunctionality_Laptop_20-29-42] Closed the newly opened tab/window -> 575DD2E982C1F4DFAA78EDCBDED87DA9
20:36:27 [TestNG-test-Test-3] INFO  verifyingDisplaySizeFilterFunctionality_Laptop_20-29-42 - [verifyingDisplaySizeFilterFunctionality_Laptop_20-29-42] Switched back to the original window -> 4FD498FF7C268EAD07E38C1D5D5B2EA7
20:36:27 [TestNG-test-Test-3] INFO  verifyingDisplaySizeFilterFunctionality_Laptop_20-29-42 - [verifyingDisplaySizeFilterFunctionality_Laptop_20-29-42]  going back to product listing via closeCurrentWindowAndSwitchBack 
20:36:27 [TestNG-test-Test-3] INFO  verifyingDisplaySizeFilterFunctionality_Laptop_20-29-42 - [verifyingDisplaySizeFilterFunctionality_Laptop_20-29-42]  Added 'filter','title','keyFeatures', 'about', 'techDetails' into the Map -> productResult
20:36:27 [TestNG-test-Test-3] INFO  verifyingDisplaySizeFilterFunctionality_Laptop_20-29-42 - [verifyingDisplaySizeFilterFunctionality_Laptop_20-29-42]  Added 'productResult' Map into the 'results' i.e list of maps 
20:36:27 [TestNG-test-Test-3] INFO  verifyingDisplaySizeFilterFunctionality_Laptop_20-29-42 - [verifyingDisplaySizeFilterFunctionality_Laptop_20-29-42]==========================================================================================================
20:36:27 [TestNG-test-Test-3] INFO  verifyingDisplaySizeFilterFunctionality_Laptop_20-29-42 - [verifyingDisplaySizeFilterFunctionality_Laptop_20-29-42] Within safeFindElements 
20:36:27 [TestNG-test-Test-3] INFO  verifyingDisplaySizeFilterFunctionality_Laptop_20-29-42 - [verifyingDisplaySizeFilterFunctionality_Laptop_20-29-42] Returning the  [[[ChromeDriver: chrome on windows (5f28c669577438246038219e80837668)] -> xpath: //div[@data-cy='title-recipe']], [[ChromeDriver: chrome on windows (5f28c669577438246038219e80837668)] -> xpath: //div[@data-cy='title-recipe']], [[ChromeDriver: chrome on windows (5f28c669577438246038219e80837668)] -> xpath: //div[@data-cy='title-recipe']], [[ChromeDriver: chrome on windows (5f28c669577438246038219e80837668)] -> xpath: //div[@data-cy='title-recipe']], [[ChromeDriver: chrome on windows (5f28c669577438246038219e80837668)] -> xpath: //div[@data-cy='title-recipe']], [[ChromeDriver: chrome on windows (5f28c669577438246038219e80837668)] -> xpath: //div[@data-cy='title-recipe']], [[ChromeDriver: chrome on windows (5f28c669577438246038219e80837668)] -> xpath: //div[@data-cy='title-recipe']], [[ChromeDriver: chrome on windows (5f28c669577438246038219e80837668)] -> xpath: //div[@data-cy='title-recipe']], [[ChromeDriver: chrome on windows (5f28c669577438246038219e80837668)] -> xpath: //div[@data-cy='title-recipe']], [[ChromeDriver: chrome on windows (5f28c669577438246038219e80837668)] -> xpath: //div[@data-cy='title-recipe']], [[ChromeDriver: chrome on windows (5f28c669577438246038219e80837668)] -> xpath: //div[@data-cy='title-recipe']], [[ChromeDriver: chrome on windows (5f28c669577438246038219e80837668)] -> xpath: //div[@data-cy='title-recipe']], [[ChromeDriver: chrome on windows (5f28c669577438246038219e80837668)] -> xpath: //div[@data-cy='title-recipe']], [[ChromeDriver: chrome on windows (5f28c669577438246038219e80837668)] -> xpath: //div[@data-cy='title-recipe']], [[ChromeDriver: chrome on windows (5f28c669577438246038219e80837668)] -> xpath: //div[@data-cy='title-recipe']], [[ChromeDriver: chrome on windows (5f28c669577438246038219e80837668)] -> xpath: //div[@data-cy='title-recipe']]] from the safeFindElements method
20:36:27 [TestNG-test-Test-3] INFO  verifyingDisplaySizeFilterFunctionality_Laptop_20-29-42 - [verifyingDisplaySizeFilterFunctionality_Laptop_20-29-42] Within productNameListingPage loop in applyFilterAndValidateProductsWithResult
20:36:27 [TestNG-test-Test-3] INFO  verifyingDisplaySizeFilterFunctionality_Laptop_20-29-42 - [verifyingDisplaySizeFilterFunctionality_Laptop_20-29-42] Within getProductByIndex method
20:36:27 [TestNG-test-Test-3] INFO  verifyingDisplaySizeFilterFunctionality_Laptop_20-29-42 - [verifyingDisplaySizeFilterFunctionality_Laptop_20-29-42] Within safeFindElement method
20:36:27 [TestNG-test-Test-3] INFO  verifyingDisplaySizeFilterFunctionality_Laptop_20-29-42 - [verifyingDisplaySizeFilterFunctionality_Laptop_20-29-42]Found the element returning it ,element ->[[ChromeDriver: chrome on windows (5f28c669577438246038219e80837668)] -> xpath: (//div[@data-cy='title-recipe'])[14]]
20:36:27 [TestNG-test-Test-3] INFO  verifyingDisplaySizeFilterFunctionality_Laptop_20-29-42 - [verifyingDisplaySizeFilterFunctionality_Laptop_20-29-42] Within getProductByIndex method
20:36:27 [TestNG-test-Test-3] INFO  verifyingDisplaySizeFilterFunctionality_Laptop_20-29-42 - [verifyingDisplaySizeFilterFunctionality_Laptop_20-29-42] Within smoothScrollToElement method
20:36:27 [TestNG-test-Test-3] INFO  verifyingDisplaySizeFilterFunctionality_Laptop_20-29-42 - [verifyingDisplaySizeFilterFunctionality_Laptop_20-29-42] Within safeFindElement method
20:36:27 [TestNG-test-Test-3] INFO  verifyingDisplaySizeFilterFunctionality_Laptop_20-29-42 - [verifyingDisplaySizeFilterFunctionality_Laptop_20-29-42]Found the element returning it ,element ->[[ChromeDriver: chrome on windows (5f28c669577438246038219e80837668)] -> xpath: (//div[@data-cy='title-recipe'])[14]]
20:36:27 [TestNG-test-Test-3] INFO  verifyingDisplaySizeFilterFunctionality_Laptop_20-29-42 - [verifyingDisplaySizeFilterFunctionality_Laptop_20-29-42] Successfully scrolled to element: By.xpath: (//div[@data-cy='title-recipe'])[14]
20:36:27 [TestNG-test-Test-3] INFO  verifyingDisplaySizeFilterFunctionality_Laptop_20-29-42 - [verifyingDisplaySizeFilterFunctionality_Laptop_20-29-42] Getting product by index in productNameListingPage loop
20:36:28 [TestNG-test-Test-3] INFO  verifyingDisplaySizeFilterFunctionality_Laptop_20-29-42 - [verifyingDisplaySizeFilterFunctionality_Laptop_20-29-42] Opened product in new tab via Ctrl+Click inside productNameListingPage loop
20:36:28 [TestNG-test-Test-3] INFO  verifyingDisplaySizeFilterFunctionality_Laptop_20-29-42 - [verifyingDisplaySizeFilterFunctionality_Laptop_20-29-42] Waiting for new window to open...
20:36:28 [TestNG-test-Test-3] INFO  verifyingDisplaySizeFilterFunctionality_Laptop_20-29-42 - [verifyingDisplaySizeFilterFunctionality_Laptop_20-29-42] Switched to new window -> 1C7A413C0AB73077908712C02397DE58
20:36:28 [TestNG-test-Test-3] INFO  verifyingDisplaySizeFilterFunctionality_Laptop_20-29-42 - [verifyingDisplaySizeFilterFunctionality_Laptop_20-29-42] Swithcing to the new window  within productNameListingPage loop
20:36:28 [TestNG-test-Test-3] INFO  verifyingDisplaySizeFilterFunctionality_Laptop_20-29-42 - [verifyingDisplaySizeFilterFunctionality_Laptop_20-29-42] Clicked product name to open in new tab from productNameListingPage loop
20:36:28 [TestNG-test-Test-3] INFO  verifyingDisplaySizeFilterFunctionality_Laptop_20-29-42 - [verifyingDisplaySizeFilterFunctionality_Laptop_20-29-42] Within safeFindElement method
20:36:30 [TestNG-test-Test-3] INFO  verifyingDisplaySizeFilterFunctionality_Laptop_20-29-42 - [verifyingDisplaySizeFilterFunctionality_Laptop_20-29-42]Found the element returning it ,element ->[[ChromeDriver: chrome on windows (5f28c669577438246038219e80837668)] -> xpath: //span[@id='productTitle']]
20:36:30 [TestNG-test-Test-3] INFO  verifyingDisplaySizeFilterFunctionality_Laptop_20-29-42 - [verifyingDisplaySizeFilterFunctionality_Laptop_20-29-42] Within safeFindElement method
20:36:30 [TestNG-test-Test-3] INFO  verifyingDisplaySizeFilterFunctionality_Laptop_20-29-42 - [verifyingDisplaySizeFilterFunctionality_Laptop_20-29-42]Found the element returning it ,element ->[[ChromeDriver: chrome on windows (5f28c669577438246038219e80837668)] -> xpath: //div[@class='a-section a-spacing-small a-spacing-top-small']]
20:36:30 [TestNG-test-Test-3] INFO  verifyingDisplaySizeFilterFunctionality_Laptop_20-29-42 - [verifyingDisplaySizeFilterFunctionality_Laptop_20-29-42] Within safeFindElement method
20:36:30 [TestNG-test-Test-3] INFO  verifyingDisplaySizeFilterFunctionality_Laptop_20-29-42 - [verifyingDisplaySizeFilterFunctionality_Laptop_20-29-42]Found the element returning it ,element ->[[ChromeDriver: chrome on windows (5f28c669577438246038219e80837668)] -> xpath: //div[@id='feature-bullets']]
20:36:30 [TestNG-test-Test-3] INFO  verifyingDisplaySizeFilterFunctionality_Laptop_20-29-42 - [verifyingDisplaySizeFilterFunctionality_Laptop_20-29-42] Within safeFindElement method
20:36:30 [TestNG-test-Test-3] INFO  verifyingDisplaySizeFilterFunctionality_Laptop_20-29-42 - [verifyingDisplaySizeFilterFunctionality_Laptop_20-29-42]Found the element returning it ,element ->[[ChromeDriver: chrome on windows (5f28c669577438246038219e80837668)] -> xpath: //div[@id='prodDetails']]
20:36:30 [TestNG-test-Test-3] INFO  verifyingDisplaySizeFilterFunctionality_Laptop_20-29-42 - [verifyingDisplaySizeFilterFunctionality_Laptop_20-29-42] Extracting 'name' , 'keyFeatures', 'about' , 'techDetails' within productNameListingPage loop
20:36:30 [TestNG-test-Test-3] INFO  verifyingDisplaySizeFilterFunctionality_Laptop_20-29-42 - [verifyingDisplaySizeFilterFunctionality_Laptop_20-29-42] Waiting until element is visible in viewport
20:36:41 [TestNG-test-Test-3] INFO  verifyingDisplaySizeFilterFunctionality_Laptop_20-29-42 - [verifyingDisplaySizeFilterFunctionality_Laptop_20-29-42] Within smoothScrollToElement method
20:36:41 [TestNG-test-Test-3] INFO  verifyingDisplaySizeFilterFunctionality_Laptop_20-29-42 - [verifyingDisplaySizeFilterFunctionality_Laptop_20-29-42] Within safeFindElement method
20:36:41 [TestNG-test-Test-3] INFO  verifyingDisplaySizeFilterFunctionality_Laptop_20-29-42 - [verifyingDisplaySizeFilterFunctionality_Laptop_20-29-42]Found the element returning it ,element ->[[ChromeDriver: chrome on windows (5f28c669577438246038219e80837668)] -> xpath: //a[@id='seeMoreDetailsLink']]
20:36:41 [TestNG-test-Test-3] INFO  verifyingDisplaySizeFilterFunctionality_Laptop_20-29-42 - [verifyingDisplaySizeFilterFunctionality_Laptop_20-29-42] Successfully scrolled to element: By.xpath: //a[@id='seeMoreDetailsLink']
20:36:41 [TestNG-test-Test-3] INFO  verifyingDisplaySizeFilterFunctionality_Laptop_20-29-42 - [verifyingDisplaySizeFilterFunctionality_Laptop_20-29-42] Within safeClick method
20:36:41 [TestNG-test-Test-3] INFO  verifyingDisplaySizeFilterFunctionality_Laptop_20-29-42 - [verifyingDisplaySizeFilterFunctionality_Laptop_20-29-42] Clicked the  [[ChromeDriver: chrome on windows (5f28c669577438246038219e80837668)] -> xpath: //a[@id='seeMoreDetailsLink']]   using safeClick
20:36:41 [TestNG-test-Test-3] INFO  verifyingDisplaySizeFilterFunctionality_Laptop_20-29-42 - [verifyingDisplaySizeFilterFunctionality_Laptop_20-29-42] Within try block for clicking see more deatils within productNameListingPage loop
20:36:41 [TestNG-test-Test-3] INFO  verifyingDisplaySizeFilterFunctionality_Laptop_20-29-42 - [verifyingDisplaySizeFilterFunctionality_Laptop_20-29-42] Within closeCurrentWindowAndSwitchBack method
20:36:41 [TestNG-test-Test-3] INFO  verifyingDisplaySizeFilterFunctionality_Laptop_20-29-42 - [verifyingDisplaySizeFilterFunctionality_Laptop_20-29-42] Total open windows/tabs count -> 2
20:36:41 [TestNG-test-Test-3] INFO  verifyingDisplaySizeFilterFunctionality_Laptop_20-29-42 - [verifyingDisplaySizeFilterFunctionality_Laptop_20-29-42] Original window handle -> 4FD498FF7C268EAD07E38C1D5D5B2EA7
20:36:41 [TestNG-test-Test-3] INFO  verifyingDisplaySizeFilterFunctionality_Laptop_20-29-42 - [verifyingDisplaySizeFilterFunctionality_Laptop_20-29-42] Found new tab/window handle -> 1C7A413C0AB73077908712C02397DE58 (will be closed)
20:36:41 [TestNG-test-Test-3] INFO  verifyingDisplaySizeFilterFunctionality_Laptop_20-29-42 - [verifyingDisplaySizeFilterFunctionality_Laptop_20-29-42] Successfully switched to new tab/window -> 1C7A413C0AB73077908712C02397DE58
20:36:41 [TestNG-test-Test-3] INFO  verifyingDisplaySizeFilterFunctionality_Laptop_20-29-42 - [verifyingDisplaySizeFilterFunctionality_Laptop_20-29-42] Closed the newly opened tab/window -> 1C7A413C0AB73077908712C02397DE58
20:36:41 [TestNG-test-Test-3] INFO  verifyingDisplaySizeFilterFunctionality_Laptop_20-29-42 - [verifyingDisplaySizeFilterFunctionality_Laptop_20-29-42] Switched back to the original window -> 4FD498FF7C268EAD07E38C1D5D5B2EA7
20:36:41 [TestNG-test-Test-3] INFO  verifyingDisplaySizeFilterFunctionality_Laptop_20-29-42 - [verifyingDisplaySizeFilterFunctionality_Laptop_20-29-42]  going back to product listing via closeCurrentWindowAndSwitchBack 
20:36:41 [TestNG-test-Test-3] INFO  verifyingDisplaySizeFilterFunctionality_Laptop_20-29-42 - [verifyingDisplaySizeFilterFunctionality_Laptop_20-29-42]  Added 'filter','title','keyFeatures', 'about', 'techDetails' into the Map -> productResult
20:36:41 [TestNG-test-Test-3] INFO  verifyingDisplaySizeFilterFunctionality_Laptop_20-29-42 - [verifyingDisplaySizeFilterFunctionality_Laptop_20-29-42]  Added 'productResult' Map into the 'results' i.e list of maps 
20:36:41 [TestNG-test-Test-3] INFO  verifyingDisplaySizeFilterFunctionality_Laptop_20-29-42 - [verifyingDisplaySizeFilterFunctionality_Laptop_20-29-42]==========================================================================================================
20:36:41 [TestNG-test-Test-3] INFO  verifyingDisplaySizeFilterFunctionality_Laptop_20-29-42 - [verifyingDisplaySizeFilterFunctionality_Laptop_20-29-42] Within safeFindElements 
20:36:41 [TestNG-test-Test-3] INFO  verifyingDisplaySizeFilterFunctionality_Laptop_20-29-42 - [verifyingDisplaySizeFilterFunctionality_Laptop_20-29-42] Returning the  [[[ChromeDriver: chrome on windows (5f28c669577438246038219e80837668)] -> xpath: //div[@data-cy='title-recipe']], [[ChromeDriver: chrome on windows (5f28c669577438246038219e80837668)] -> xpath: //div[@data-cy='title-recipe']], [[ChromeDriver: chrome on windows (5f28c669577438246038219e80837668)] -> xpath: //div[@data-cy='title-recipe']], [[ChromeDriver: chrome on windows (5f28c669577438246038219e80837668)] -> xpath: //div[@data-cy='title-recipe']], [[ChromeDriver: chrome on windows (5f28c669577438246038219e80837668)] -> xpath: //div[@data-cy='title-recipe']], [[ChromeDriver: chrome on windows (5f28c669577438246038219e80837668)] -> xpath: //div[@data-cy='title-recipe']], [[ChromeDriver: chrome on windows (5f28c669577438246038219e80837668)] -> xpath: //div[@data-cy='title-recipe']], [[ChromeDriver: chrome on windows (5f28c669577438246038219e80837668)] -> xpath: //div[@data-cy='title-recipe']], [[ChromeDriver: chrome on windows (5f28c669577438246038219e80837668)] -> xpath: //div[@data-cy='title-recipe']], [[ChromeDriver: chrome on windows (5f28c669577438246038219e80837668)] -> xpath: //div[@data-cy='title-recipe']], [[ChromeDriver: chrome on windows (5f28c669577438246038219e80837668)] -> xpath: //div[@data-cy='title-recipe']], [[ChromeDriver: chrome on windows (5f28c669577438246038219e80837668)] -> xpath: //div[@data-cy='title-recipe']], [[ChromeDriver: chrome on windows (5f28c669577438246038219e80837668)] -> xpath: //div[@data-cy='title-recipe']], [[ChromeDriver: chrome on windows (5f28c669577438246038219e80837668)] -> xpath: //div[@data-cy='title-recipe']], [[ChromeDriver: chrome on windows (5f28c669577438246038219e80837668)] -> xpath: //div[@data-cy='title-recipe']], [[ChromeDriver: chrome on windows (5f28c669577438246038219e80837668)] -> xpath: //div[@data-cy='title-recipe']]] from the safeFindElements method
20:36:41 [TestNG-test-Test-3] INFO  verifyingDisplaySizeFilterFunctionality_Laptop_20-29-42 - [verifyingDisplaySizeFilterFunctionality_Laptop_20-29-42] Within productNameListingPage loop in applyFilterAndValidateProductsWithResult
20:36:41 [TestNG-test-Test-3] INFO  verifyingDisplaySizeFilterFunctionality_Laptop_20-29-42 - [verifyingDisplaySizeFilterFunctionality_Laptop_20-29-42] Within getProductByIndex method
20:36:41 [TestNG-test-Test-3] INFO  verifyingDisplaySizeFilterFunctionality_Laptop_20-29-42 - [verifyingDisplaySizeFilterFunctionality_Laptop_20-29-42] Within safeFindElement method
20:36:41 [TestNG-test-Test-3] INFO  verifyingDisplaySizeFilterFunctionality_Laptop_20-29-42 - [verifyingDisplaySizeFilterFunctionality_Laptop_20-29-42]Found the element returning it ,element ->[[ChromeDriver: chrome on windows (5f28c669577438246038219e80837668)] -> xpath: (//div[@data-cy='title-recipe'])[15]]
20:36:41 [TestNG-test-Test-3] INFO  verifyingDisplaySizeFilterFunctionality_Laptop_20-29-42 - [verifyingDisplaySizeFilterFunctionality_Laptop_20-29-42] Within getProductByIndex method
20:36:41 [TestNG-test-Test-3] INFO  verifyingDisplaySizeFilterFunctionality_Laptop_20-29-42 - [verifyingDisplaySizeFilterFunctionality_Laptop_20-29-42] Within smoothScrollToElement method
20:36:41 [TestNG-test-Test-3] INFO  verifyingDisplaySizeFilterFunctionality_Laptop_20-29-42 - [verifyingDisplaySizeFilterFunctionality_Laptop_20-29-42] Within safeFindElement method
20:36:41 [TestNG-test-Test-3] INFO  verifyingDisplaySizeFilterFunctionality_Laptop_20-29-42 - [verifyingDisplaySizeFilterFunctionality_Laptop_20-29-42]Found the element returning it ,element ->[[ChromeDriver: chrome on windows (5f28c669577438246038219e80837668)] -> xpath: (//div[@data-cy='title-recipe'])[15]]
20:36:41 [TestNG-test-Test-3] INFO  verifyingDisplaySizeFilterFunctionality_Laptop_20-29-42 - [verifyingDisplaySizeFilterFunctionality_Laptop_20-29-42] Successfully scrolled to element: By.xpath: (//div[@data-cy='title-recipe'])[15]
20:36:41 [TestNG-test-Test-3] INFO  verifyingDisplaySizeFilterFunctionality_Laptop_20-29-42 - [verifyingDisplaySizeFilterFunctionality_Laptop_20-29-42] Getting product by index in productNameListingPage loop
20:36:42 [TestNG-test-Test-3] INFO  verifyingDisplaySizeFilterFunctionality_Laptop_20-29-42 - [verifyingDisplaySizeFilterFunctionality_Laptop_20-29-42] Opened product in new tab via Ctrl+Click inside productNameListingPage loop
20:36:42 [TestNG-test-Test-3] INFO  verifyingDisplaySizeFilterFunctionality_Laptop_20-29-42 - [verifyingDisplaySizeFilterFunctionality_Laptop_20-29-42] Waiting for new window to open...
20:36:42 [TestNG-test-Test-3] INFO  verifyingDisplaySizeFilterFunctionality_Laptop_20-29-42 - [verifyingDisplaySizeFilterFunctionality_Laptop_20-29-42] Switched to new window -> 3D87981249F08BCA8FEEB71821F2AA7C
20:36:42 [TestNG-test-Test-3] INFO  verifyingDisplaySizeFilterFunctionality_Laptop_20-29-42 - [verifyingDisplaySizeFilterFunctionality_Laptop_20-29-42] Swithcing to the new window  within productNameListingPage loop
20:36:42 [TestNG-test-Test-3] INFO  verifyingDisplaySizeFilterFunctionality_Laptop_20-29-42 - [verifyingDisplaySizeFilterFunctionality_Laptop_20-29-42] Clicked product name to open in new tab from productNameListingPage loop
20:36:42 [TestNG-test-Test-3] INFO  verifyingDisplaySizeFilterFunctionality_Laptop_20-29-42 - [verifyingDisplaySizeFilterFunctionality_Laptop_20-29-42] Within safeFindElement method
20:36:44 [TestNG-test-Test-3] INFO  verifyingDisplaySizeFilterFunctionality_Laptop_20-29-42 - [verifyingDisplaySizeFilterFunctionality_Laptop_20-29-42]Found the element returning it ,element ->[[ChromeDriver: chrome on windows (5f28c669577438246038219e80837668)] -> xpath: //span[@id='productTitle']]
20:36:44 [TestNG-test-Test-3] INFO  verifyingDisplaySizeFilterFunctionality_Laptop_20-29-42 - [verifyingDisplaySizeFilterFunctionality_Laptop_20-29-42] Within safeFindElement method
20:36:44 [TestNG-test-Test-3] INFO  verifyingDisplaySizeFilterFunctionality_Laptop_20-29-42 - [verifyingDisplaySizeFilterFunctionality_Laptop_20-29-42]Found the element returning it ,element ->[[ChromeDriver: chrome on windows (5f28c669577438246038219e80837668)] -> xpath: //div[@class='a-section a-spacing-small a-spacing-top-small']]
20:36:44 [TestNG-test-Test-3] INFO  verifyingDisplaySizeFilterFunctionality_Laptop_20-29-42 - [verifyingDisplaySizeFilterFunctionality_Laptop_20-29-42] Within safeFindElement method
20:36:44 [TestNG-test-Test-3] INFO  verifyingDisplaySizeFilterFunctionality_Laptop_20-29-42 - [verifyingDisplaySizeFilterFunctionality_Laptop_20-29-42]Found the element returning it ,element ->[[ChromeDriver: chrome on windows (5f28c669577438246038219e80837668)] -> xpath: //div[@id='feature-bullets']]
20:36:44 [TestNG-test-Test-3] INFO  verifyingDisplaySizeFilterFunctionality_Laptop_20-29-42 - [verifyingDisplaySizeFilterFunctionality_Laptop_20-29-42] Within safeFindElement method
20:36:44 [TestNG-test-Test-3] INFO  verifyingDisplaySizeFilterFunctionality_Laptop_20-29-42 - [verifyingDisplaySizeFilterFunctionality_Laptop_20-29-42]Found the element returning it ,element ->[[ChromeDriver: chrome on windows (5f28c669577438246038219e80837668)] -> xpath: //div[@id='prodDetails']]
20:36:44 [TestNG-test-Test-3] INFO  verifyingDisplaySizeFilterFunctionality_Laptop_20-29-42 - [verifyingDisplaySizeFilterFunctionality_Laptop_20-29-42] Extracting 'name' , 'keyFeatures', 'about' , 'techDetails' within productNameListingPage loop
20:36:44 [TestNG-test-Test-3] INFO  verifyingDisplaySizeFilterFunctionality_Laptop_20-29-42 - [verifyingDisplaySizeFilterFunctionality_Laptop_20-29-42] Waiting until element is visible in viewport
20:36:55 [TestNG-test-Test-3] INFO  verifyingDisplaySizeFilterFunctionality_Laptop_20-29-42 - [verifyingDisplaySizeFilterFunctionality_Laptop_20-29-42] Within smoothScrollToElement method
20:36:55 [TestNG-test-Test-3] INFO  verifyingDisplaySizeFilterFunctionality_Laptop_20-29-42 - [verifyingDisplaySizeFilterFunctionality_Laptop_20-29-42] Within safeFindElement method
20:36:55 [TestNG-test-Test-3] INFO  verifyingDisplaySizeFilterFunctionality_Laptop_20-29-42 - [verifyingDisplaySizeFilterFunctionality_Laptop_20-29-42]Found the element returning it ,element ->[[ChromeDriver: chrome on windows (5f28c669577438246038219e80837668)] -> xpath: //a[@id='seeMoreDetailsLink']]
20:36:55 [TestNG-test-Test-3] INFO  verifyingDisplaySizeFilterFunctionality_Laptop_20-29-42 - [verifyingDisplaySizeFilterFunctionality_Laptop_20-29-42] Successfully scrolled to element: By.xpath: //a[@id='seeMoreDetailsLink']
20:36:55 [TestNG-test-Test-3] INFO  verifyingDisplaySizeFilterFunctionality_Laptop_20-29-42 - [verifyingDisplaySizeFilterFunctionality_Laptop_20-29-42] Within safeClick method
20:36:55 [TestNG-test-Test-3] INFO  verifyingDisplaySizeFilterFunctionality_Laptop_20-29-42 - [verifyingDisplaySizeFilterFunctionality_Laptop_20-29-42] Clicked the  [[ChromeDriver: chrome on windows (5f28c669577438246038219e80837668)] -> xpath: //a[@id='seeMoreDetailsLink']]   using safeClick
20:36:55 [TestNG-test-Test-3] INFO  verifyingDisplaySizeFilterFunctionality_Laptop_20-29-42 - [verifyingDisplaySizeFilterFunctionality_Laptop_20-29-42] Within try block for clicking see more deatils within productNameListingPage loop
20:36:55 [TestNG-test-Test-3] INFO  verifyingDisplaySizeFilterFunctionality_Laptop_20-29-42 - [verifyingDisplaySizeFilterFunctionality_Laptop_20-29-42] Within closeCurrentWindowAndSwitchBack method
20:36:55 [TestNG-test-Test-3] INFO  verifyingDisplaySizeFilterFunctionality_Laptop_20-29-42 - [verifyingDisplaySizeFilterFunctionality_Laptop_20-29-42] Total open windows/tabs count -> 2
20:36:55 [TestNG-test-Test-3] INFO  verifyingDisplaySizeFilterFunctionality_Laptop_20-29-42 - [verifyingDisplaySizeFilterFunctionality_Laptop_20-29-42] Original window handle -> 4FD498FF7C268EAD07E38C1D5D5B2EA7
20:36:55 [TestNG-test-Test-3] INFO  verifyingDisplaySizeFilterFunctionality_Laptop_20-29-42 - [verifyingDisplaySizeFilterFunctionality_Laptop_20-29-42] Found new tab/window handle -> 3D87981249F08BCA8FEEB71821F2AA7C (will be closed)
20:36:55 [TestNG-test-Test-3] INFO  verifyingDisplaySizeFilterFunctionality_Laptop_20-29-42 - [verifyingDisplaySizeFilterFunctionality_Laptop_20-29-42] Successfully switched to new tab/window -> 3D87981249F08BCA8FEEB71821F2AA7C
20:36:55 [TestNG-test-Test-3] INFO  verifyingDisplaySizeFilterFunctionality_Laptop_20-29-42 - [verifyingDisplaySizeFilterFunctionality_Laptop_20-29-42] Closed the newly opened tab/window -> 3D87981249F08BCA8FEEB71821F2AA7C
20:36:55 [TestNG-test-Test-3] INFO  verifyingDisplaySizeFilterFunctionality_Laptop_20-29-42 - [verifyingDisplaySizeFilterFunctionality_Laptop_20-29-42] Switched back to the original window -> 4FD498FF7C268EAD07E38C1D5D5B2EA7
20:36:55 [TestNG-test-Test-3] INFO  verifyingDisplaySizeFilterFunctionality_Laptop_20-29-42 - [verifyingDisplaySizeFilterFunctionality_Laptop_20-29-42]  going back to product listing via closeCurrentWindowAndSwitchBack 
20:36:55 [TestNG-test-Test-3] INFO  verifyingDisplaySizeFilterFunctionality_Laptop_20-29-42 - [verifyingDisplaySizeFilterFunctionality_Laptop_20-29-42]  Added 'filter','title','keyFeatures', 'about', 'techDetails' into the Map -> productResult
20:36:55 [TestNG-test-Test-3] INFO  verifyingDisplaySizeFilterFunctionality_Laptop_20-29-42 - [verifyingDisplaySizeFilterFunctionality_Laptop_20-29-42]  Added 'productResult' Map into the 'results' i.e list of maps 
20:36:55 [TestNG-test-Test-3] INFO  verifyingDisplaySizeFilterFunctionality_Laptop_20-29-42 - [verifyingDisplaySizeFilterFunctionality_Laptop_20-29-42]==========================================================================================================
20:36:55 [TestNG-test-Test-3] INFO  verifyingDisplaySizeFilterFunctionality_Laptop_20-29-42 - [verifyingDisplaySizeFilterFunctionality_Laptop_20-29-42] Within safeClick method
20:36:56 [TestNG-test-Test-3] INFO  verifyingDisplaySizeFilterFunctionality_Laptop_20-29-42 - [verifyingDisplaySizeFilterFunctionality_Laptop_20-29-42] Cannot click the butto using safeClick, trying again
20:36:59 [TestNG-test-Test-3] INFO  verifyingDisplaySizeFilterFunctionality_Laptop_20-29-42 - [verifyingDisplaySizeFilterFunctionality_Laptop_20-29-42] Cannot click the butto using safeClick, trying again
20:37:02 [TestNG-test-Test-3] INFO  verifyingDisplaySizeFilterFunctionality_Laptop_20-29-42 - [verifyingDisplaySizeFilterFunctionality_Laptop_20-29-42] Skipping click action: Element not clickable after- 2
20:37:02 [TestNG-test-Test-3] INFO  verifyingDisplaySizeFilterFunctionality_Laptop_20-29-42 - [verifyingDisplaySizeFilterFunctionality_Laptop_20-29-42] Clearing the filter value ->15 to 15.9 inwithin productNameListingPage loop
20:37:02 [TestNG-test-Test-3] INFO  verifyingDisplaySizeFilterFunctionality_Laptop_20-29-42 - [verifyingDisplaySizeFilterFunctionality_Laptop_20-29-42]==========================================================================================================
20:37:02 [TestNG-test-Test-3] INFO  verifyingDisplaySizeFilterFunctionality_Laptop_20-29-42 - [verifyingDisplaySizeFilterFunctionality_Laptop_20-29-42]==========================================================================================================
20:37:02 [TestNG-test-Test-3] INFO  verifyingDisplaySizeFilterFunctionality_Laptop_20-29-42 - [verifyingDisplaySizeFilterFunctionality_Laptop_20-29-42] Within filterOptions loop in applyFilterAndValidateProductsWithResult
20:37:02 [TestNG-test-Test-3] INFO  verifyingDisplaySizeFilterFunctionality_Laptop_20-29-42 - [verifyingDisplaySizeFilterFunctionality_Laptop_20-29-42] Within safeFindElements 
20:37:02 [TestNG-test-Test-3] INFO  verifyingDisplaySizeFilterFunctionality_Laptop_20-29-42 - [verifyingDisplaySizeFilterFunctionality_Laptop_20-29-42] Returning the  [[[ChromeDriver: chrome on windows (5f28c669577438246038219e80837668)] -> xpath: //span[@class='a-size-base a-color-base puis-bold-weight-text' and text()='Screen Size']/parent::div/following-sibling::ul//span[@class='a-size-base a-color-base']], [[ChromeDriver: chrome on windows (5f28c669577438246038219e80837668)] -> xpath: //span[@class='a-size-base a-color-base puis-bold-weight-text' and text()='Screen Size']/parent::div/following-sibling::ul//span[@class='a-size-base a-color-base']], [[ChromeDriver: chrome on windows (5f28c669577438246038219e80837668)] -> xpath: //span[@class='a-size-base a-color-base puis-bold-weight-text' and text()='Screen Size']/parent::div/following-sibling::ul//span[@class='a-size-base a-color-base']], [[ChromeDriver: chrome on windows (5f28c669577438246038219e80837668)] -> xpath: //span[@class='a-size-base a-color-base puis-bold-weight-text' and text()='Screen Size']/parent::div/following-sibling::ul//span[@class='a-size-base a-color-base']], [[ChromeDriver: chrome on windows (5f28c669577438246038219e80837668)] -> xpath: //span[@class='a-size-base a-color-base puis-bold-weight-text' and text()='Screen Size']/parent::div/following-sibling::ul//span[@class='a-size-base a-color-base']]] from the safeFindElements method
20:37:02 [TestNG-test-Test-3] INFO  verifyingDisplaySizeFilterFunctionality_Laptop_20-29-42 - [verifyingDisplaySizeFilterFunctionality_Laptop_20-29-42] Trying to read filter option 2 (attempt 1/3)
20:37:02 [TestNG-test-Test-3] INFO  verifyingDisplaySizeFilterFunctionality_Laptop_20-29-42 - [verifyingDisplaySizeFilterFunctionality_Laptop_20-29-42] Successfully read filter option 2 = 'Up to 34 cm'
20:37:02 [TestNG-test-Test-3] INFO  verifyingDisplaySizeFilterFunctionality_Laptop_20-29-42 - [verifyingDisplaySizeFilterFunctionality_Laptop_20-29-42] Within getfilterByTypeAndName method
20:37:02 [TestNG-test-Test-3] INFO  verifyingDisplaySizeFilterFunctionality_Laptop_20-29-42 - [verifyingDisplaySizeFilterFunctionality_Laptop_20-29-42] Within safeClickBooleanWithScreenShot method
20:37:02 [TestNG-test-Test-3] INFO  verifyingDisplaySizeFilterFunctionality_Laptop_20-29-42 - [verifyingDisplaySizeFilterFunctionality_Laptop_20-29-42] Within getAppliedfilterByTypeAndName method
20:37:02 [TestNG-test-Test-3] INFO  verifyingDisplaySizeFilterFunctionality_Laptop_20-29-42 - [verifyingDisplaySizeFilterFunctionality_Laptop_20-29-42] Within smoothScrollToElement method
20:37:02 [TestNG-test-Test-3] INFO  verifyingDisplaySizeFilterFunctionality_Laptop_20-29-42 - [verifyingDisplaySizeFilterFunctionality_Laptop_20-29-42] Within safeFindElement method
20:37:02 [TestNG-test-Test-3] INFO  verifyingDisplaySizeFilterFunctionality_Laptop_20-29-42 - [verifyingDisplaySizeFilterFunctionality_Laptop_20-29-42]Found the element returning it ,element ->[[ChromeDriver: chrome on windows (5f28c669577438246038219e80837668)] -> xpath: //span[@class='a-size-base a-color-base puis-bold-weight-text' and text()='Screen Size']]
20:37:02 [TestNG-test-Test-3] INFO  verifyingDisplaySizeFilterFunctionality_Laptop_20-29-42 - [verifyingDisplaySizeFilterFunctionality_Laptop_20-29-42] Successfully scrolled to element: By.xpath: //span[@class='a-size-base a-color-base puis-bold-weight-text' and text()='Screen Size']
20:37:02 [TestNG-test-Test-3] INFO  verifyingDisplaySizeFilterFunctionality_Laptop_20-29-42 - [verifyingDisplaySizeFilterFunctionality_Laptop_20-29-42] Within getMoreButtonByFilterTypeAndName method
20:37:02 [TestNG-test-Test-3] INFO  verifyingDisplaySizeFilterFunctionality_Laptop_20-29-42 - [verifyingDisplaySizeFilterFunctionality_Laptop_20-29-42] could not find more button
20:37:03 [TestNG-test-Test-3] INFO  verifyingDisplaySizeFilterFunctionality_Laptop_20-29-42 - [verifyingDisplaySizeFilterFunctionality_Laptop_20-29-42] Within getAppliedfilterByTypeAndName method
20:37:03 [TestNG-test-Test-3] INFO  verifyingDisplaySizeFilterFunctionality_Laptop_20-29-42 - [verifyingDisplaySizeFilterFunctionality_Laptop_20-29-42] Within smoothScrollToElement method
20:37:03 [TestNG-test-Test-3] INFO  verifyingDisplaySizeFilterFunctionality_Laptop_20-29-42 - [verifyingDisplaySizeFilterFunctionality_Laptop_20-29-42] Within safeFindElement method
20:37:06 [TestNG-test-Test-3] INFO  verifyingDisplaySizeFilterFunctionality_Laptop_20-29-42 - [verifyingDisplaySizeFilterFunctionality_Laptop_20-29-42]Found the element returning it ,element ->[[ChromeDriver: chrome on windows (5f28c669577438246038219e80837668)] -> xpath: //span[@class='a-size-base a-color-base puis-bold-weight-text' and text()='Screen Size']]
20:37:06 [TestNG-test-Test-3] INFO  verifyingDisplaySizeFilterFunctionality_Laptop_20-29-42 - [verifyingDisplaySizeFilterFunctionality_Laptop_20-29-42] Successfully scrolled to element: By.xpath: //span[@class='a-size-base a-color-base puis-bold-weight-text' and text()='Screen Size']
20:37:06 [TestNG-test-Test-3] INFO  verifyingDisplaySizeFilterFunctionality_Laptop_20-29-42 - [verifyingDisplaySizeFilterFunctionality_Laptop_20-29-42] Within getMoreButtonByFilterTypeAndName method
20:37:06 [TestNG-test-Test-3] INFO  verifyingDisplaySizeFilterFunctionality_Laptop_20-29-42 - [verifyingDisplaySizeFilterFunctionality_Laptop_20-29-42] could not find more button
20:37:06 [TestNG-test-Test-3] INFO  verifyingDisplaySizeFilterFunctionality_Laptop_20-29-42 - [verifyingDisplaySizeFilterFunctionality_Laptop_20-29-42] Within getfilterByTypeAndName method
20:37:06 [TestNG-test-Test-3] INFO  verifyingDisplaySizeFilterFunctionality_Laptop_20-29-42 - [verifyingDisplaySizeFilterFunctionality_Laptop_20-29-42] Within smoothScrollToElement method
20:37:06 [TestNG-test-Test-3] INFO  verifyingDisplaySizeFilterFunctionality_Laptop_20-29-42 - [verifyingDisplaySizeFilterFunctionality_Laptop_20-29-42] Within safeFindElement method
20:37:06 [TestNG-test-Test-3] INFO  verifyingDisplaySizeFilterFunctionality_Laptop_20-29-42 - [verifyingDisplaySizeFilterFunctionality_Laptop_20-29-42]Found the element returning it ,element ->[[ChromeDriver: chrome on windows (5f28c669577438246038219e80837668)] -> xpath: //span[@class='a-size-base a-color-base puis-bold-weight-text' and text()='Screen Size']/parent::div/following-sibling::ul//span[@class='a-size-base a-color-base a-text-bold' and text()='Up to 34 cm']]
20:37:06 [TestNG-test-Test-3] INFO  verifyingDisplaySizeFilterFunctionality_Laptop_20-29-42 - [verifyingDisplaySizeFilterFunctionality_Laptop_20-29-42] Successfully scrolled to element: By.xpath: //span[@class='a-size-base a-color-base puis-bold-weight-text' and text()='Screen Size']/parent::div/following-sibling::ul//span[@class='a-size-base a-color-base a-text-bold' and text()='Up to 34 cm']
20:37:06 [TestNG-test-Test-3] INFO  verifyingDisplaySizeFilterFunctionality_Laptop_20-29-42 - [verifyingDisplaySizeFilterFunctionality_Laptop_20-29-42] Clicked the element using safe click ,element is [[ChromeDriver: chrome on windows (5f28c669577438246038219e80837668)] -> xpath: //span[@class='a-size-base a-color-base puis-bold-weight-text' and text()='Screen Size']/parent::div/following-sibling::ul//span[@class='a-size-base a-color-base' and text()='Up to 34 cm']]
20:37:07 [TestNG-test-Test-3] INFO  verifyingDisplaySizeFilterFunctionality_Laptop_20-29-42 - [verifyingDisplaySizeFilterFunctionality_Laptop_20-29-42] Within safeFindElements 
20:37:07 [TestNG-test-Test-3] INFO  verifyingDisplaySizeFilterFunctionality_Laptop_20-29-42 - [verifyingDisplaySizeFilterFunctionality_Laptop_20-29-42] Returning the  [[[ChromeDriver: chrome on windows (5f28c669577438246038219e80837668)] -> xpath: //div[@data-cy='title-recipe']], [[ChromeDriver: chrome on windows (5f28c669577438246038219e80837668)] -> xpath: //div[@data-cy='title-recipe']], [[ChromeDriver: chrome on windows (5f28c669577438246038219e80837668)] -> xpath: //div[@data-cy='title-recipe']], [[ChromeDriver: chrome on windows (5f28c669577438246038219e80837668)] -> xpath: //div[@data-cy='title-recipe']], [[ChromeDriver: chrome on windows (5f28c669577438246038219e80837668)] -> xpath: //div[@data-cy='title-recipe']], [[ChromeDriver: chrome on windows (5f28c669577438246038219e80837668)] -> xpath: //div[@data-cy='title-recipe']], [[ChromeDriver: chrome on windows (5f28c669577438246038219e80837668)] -> xpath: //div[@data-cy='title-recipe']], [[ChromeDriver: chrome on windows (5f28c669577438246038219e80837668)] -> xpath: //div[@data-cy='title-recipe']], [[ChromeDriver: chrome on windows (5f28c669577438246038219e80837668)] -> xpath: //div[@data-cy='title-recipe']], [[ChromeDriver: chrome on windows (5f28c669577438246038219e80837668)] -> xpath: //div[@data-cy='title-recipe']], [[ChromeDriver: chrome on windows (5f28c669577438246038219e80837668)] -> xpath: //div[@data-cy='title-recipe']], [[ChromeDriver: chrome on windows (5f28c669577438246038219e80837668)] -> xpath: //div[@data-cy='title-recipe']], [[ChromeDriver: chrome on windows (5f28c669577438246038219e80837668)] -> xpath: //div[@data-cy='title-recipe']], [[ChromeDriver: chrome on windows (5f28c669577438246038219e80837668)] -> xpath: //div[@data-cy='title-recipe']], [[ChromeDriver: chrome on windows (5f28c669577438246038219e80837668)] -> xpath: //div[@data-cy='title-recipe']], [[ChromeDriver: chrome on windows (5f28c669577438246038219e80837668)] -> xpath: //div[@data-cy='title-recipe']]] from the safeFindElements method
20:37:07 [TestNG-test-Test-3] INFO  verifyingDisplaySizeFilterFunctionality_Laptop_20-29-42 - [verifyingDisplaySizeFilterFunctionality_Laptop_20-29-42] Execution is scheduled type /CRON Job on CI Hence refering to CI keys from UtilData
20:37:07 [TestNG-test-Test-3] INFO  verifyingDisplaySizeFilterFunctionality_Laptop_20-29-42 - [verifyingDisplaySizeFilterFunctionality_Laptop_20-29-42] Within safeFindElements 
20:37:07 [TestNG-test-Test-3] INFO  verifyingDisplaySizeFilterFunctionality_Laptop_20-29-42 - [verifyingDisplaySizeFilterFunctionality_Laptop_20-29-42] Returning the  [[[ChromeDriver: chrome on windows (5f28c669577438246038219e80837668)] -> xpath: //div[@data-cy='title-recipe']], [[ChromeDriver: chrome on windows (5f28c669577438246038219e80837668)] -> xpath: //div[@data-cy='title-recipe']], [[ChromeDriver: chrome on windows (5f28c669577438246038219e80837668)] -> xpath: //div[@data-cy='title-recipe']], [[ChromeDriver: chrome on windows (5f28c669577438246038219e80837668)] -> xpath: //div[@data-cy='title-recipe']], [[ChromeDriver: chrome on windows (5f28c669577438246038219e80837668)] -> xpath: //div[@data-cy='title-recipe']], [[ChromeDriver: chrome on windows (5f28c669577438246038219e80837668)] -> xpath: //div[@data-cy='title-recipe']], [[ChromeDriver: chrome on windows (5f28c669577438246038219e80837668)] -> xpath: //div[@data-cy='title-recipe']], [[ChromeDriver: chrome on windows (5f28c669577438246038219e80837668)] -> xpath: //div[@data-cy='title-recipe']], [[ChromeDriver: chrome on windows (5f28c669577438246038219e80837668)] -> xpath: //div[@data-cy='title-recipe']], [[ChromeDriver: chrome on windows (5f28c669577438246038219e80837668)] -> xpath: //div[@data-cy='title-recipe']], [[ChromeDriver: chrome on windows (5f28c669577438246038219e80837668)] -> xpath: //div[@data-cy='title-recipe']], [[ChromeDriver: chrome on windows (5f28c669577438246038219e80837668)] -> xpath: //div[@data-cy='title-recipe']], [[ChromeDriver: chrome on windows (5f28c669577438246038219e80837668)] -> xpath: //div[@data-cy='title-recipe']], [[ChromeDriver: chrome on windows (5f28c669577438246038219e80837668)] -> xpath: //div[@data-cy='title-recipe']], [[ChromeDriver: chrome on windows (5f28c669577438246038219e80837668)] -> xpath: //div[@data-cy='title-recipe']], [[ChromeDriver: chrome on windows (5f28c669577438246038219e80837668)] -> xpath: //div[@data-cy='title-recipe']]] from the safeFindElements method
20:37:07 [TestNG-test-Test-3] INFO  verifyingDisplaySizeFilterFunctionality_Laptop_20-29-42 - [verifyingDisplaySizeFilterFunctionality_Laptop_20-29-42] Within productNameListingPage loop in applyFilterAndValidateProductsWithResult
20:37:07 [TestNG-test-Test-3] INFO  verifyingDisplaySizeFilterFunctionality_Laptop_20-29-42 - [verifyingDisplaySizeFilterFunctionality_Laptop_20-29-42] Within getProductByIndex method
20:37:07 [TestNG-test-Test-3] INFO  verifyingDisplaySizeFilterFunctionality_Laptop_20-29-42 - [verifyingDisplaySizeFilterFunctionality_Laptop_20-29-42] Within safeFindElement method
20:37:07 [TestNG-test-Test-3] INFO  verifyingDisplaySizeFilterFunctionality_Laptop_20-29-42 - [verifyingDisplaySizeFilterFunctionality_Laptop_20-29-42]Found the element returning it ,element ->[[ChromeDriver: chrome on windows (5f28c669577438246038219e80837668)] -> xpath: (//div[@data-cy='title-recipe'])[1]]
20:37:07 [TestNG-test-Test-3] INFO  verifyingDisplaySizeFilterFunctionality_Laptop_20-29-42 - [verifyingDisplaySizeFilterFunctionality_Laptop_20-29-42] Within getProductByIndex method
20:37:07 [TestNG-test-Test-3] INFO  verifyingDisplaySizeFilterFunctionality_Laptop_20-29-42 - [verifyingDisplaySizeFilterFunctionality_Laptop_20-29-42] Within smoothScrollToElement method
20:37:07 [TestNG-test-Test-3] INFO  verifyingDisplaySizeFilterFunctionality_Laptop_20-29-42 - [verifyingDisplaySizeFilterFunctionality_Laptop_20-29-42] Within safeFindElement method
20:37:07 [TestNG-test-Test-3] INFO  verifyingDisplaySizeFilterFunctionality_Laptop_20-29-42 - [verifyingDisplaySizeFilterFunctionality_Laptop_20-29-42]Found the element returning it ,element ->[[ChromeDriver: chrome on windows (5f28c669577438246038219e80837668)] -> xpath: (//div[@data-cy='title-recipe'])[1]]
20:37:07 [TestNG-test-Test-3] INFO  verifyingDisplaySizeFilterFunctionality_Laptop_20-29-42 - [verifyingDisplaySizeFilterFunctionality_Laptop_20-29-42] Successfully scrolled to element: By.xpath: (//div[@data-cy='title-recipe'])[1]
20:37:07 [TestNG-test-Test-3] INFO  verifyingDisplaySizeFilterFunctionality_Laptop_20-29-42 - [verifyingDisplaySizeFilterFunctionality_Laptop_20-29-42] Getting product by index in productNameListingPage loop
20:37:07 [TestNG-test-Test-3] INFO  verifyingDisplaySizeFilterFunctionality_Laptop_20-29-42 - [verifyingDisplaySizeFilterFunctionality_Laptop_20-29-42] Opened product in new tab via Ctrl+Click inside productNameListingPage loop
20:37:07 [TestNG-test-Test-3] INFO  verifyingDisplaySizeFilterFunctionality_Laptop_20-29-42 - [verifyingDisplaySizeFilterFunctionality_Laptop_20-29-42] Waiting for new window to open...
20:37:07 [TestNG-test-Test-3] INFO  verifyingDisplaySizeFilterFunctionality_Laptop_20-29-42 - [verifyingDisplaySizeFilterFunctionality_Laptop_20-29-42] Switched to new window -> 8B318486D8D996FC3392AEDE8D9A30D7
20:37:07 [TestNG-test-Test-3] INFO  verifyingDisplaySizeFilterFunctionality_Laptop_20-29-42 - [verifyingDisplaySizeFilterFunctionality_Laptop_20-29-42] Swithcing to the new window  within productNameListingPage loop
20:37:07 [TestNG-test-Test-3] INFO  verifyingDisplaySizeFilterFunctionality_Laptop_20-29-42 - [verifyingDisplaySizeFilterFunctionality_Laptop_20-29-42] Clicked product name to open in new tab from productNameListingPage loop
20:37:07 [TestNG-test-Test-3] INFO  verifyingDisplaySizeFilterFunctionality_Laptop_20-29-42 - [verifyingDisplaySizeFilterFunctionality_Laptop_20-29-42] Within safeFindElement method
20:37:10 [TestNG-test-Test-3] INFO  verifyingDisplaySizeFilterFunctionality_Laptop_20-29-42 - [verifyingDisplaySizeFilterFunctionality_Laptop_20-29-42]Found the element returning it ,element ->[[ChromeDriver: chrome on windows (5f28c669577438246038219e80837668)] -> xpath: //span[@id='productTitle']]
20:37:10 [TestNG-test-Test-3] INFO  verifyingDisplaySizeFilterFunctionality_Laptop_20-29-42 - [verifyingDisplaySizeFilterFunctionality_Laptop_20-29-42] Within safeFindElement method
20:37:10 [TestNG-test-Test-3] INFO  verifyingDisplaySizeFilterFunctionality_Laptop_20-29-42 - [verifyingDisplaySizeFilterFunctionality_Laptop_20-29-42]Found the element returning it ,element ->[[ChromeDriver: chrome on windows (5f28c669577438246038219e80837668)] -> xpath: //div[@class='a-section a-spacing-small a-spacing-top-small']]
20:37:10 [TestNG-test-Test-3] INFO  verifyingDisplaySizeFilterFunctionality_Laptop_20-29-42 - [verifyingDisplaySizeFilterFunctionality_Laptop_20-29-42] Within safeFindElement method
20:37:11 [TestNG-test-Test-3] INFO  verifyingDisplaySizeFilterFunctionality_Laptop_20-29-42 - [verifyingDisplaySizeFilterFunctionality_Laptop_20-29-42]Found the element returning it ,element ->[[ChromeDriver: chrome on windows (5f28c669577438246038219e80837668)] -> xpath: //div[@id='feature-bullets']]
20:37:11 [TestNG-test-Test-3] INFO  verifyingDisplaySizeFilterFunctionality_Laptop_20-29-42 - [verifyingDisplaySizeFilterFunctionality_Laptop_20-29-42] Within safeFindElement method
20:37:11 [TestNG-test-Test-3] INFO  verifyingDisplaySizeFilterFunctionality_Laptop_20-29-42 - [verifyingDisplaySizeFilterFunctionality_Laptop_20-29-42]Found the element returning it ,element ->[[ChromeDriver: chrome on windows (5f28c669577438246038219e80837668)] -> xpath: //div[@id='prodDetails']]
20:37:11 [TestNG-test-Test-3] INFO  verifyingDisplaySizeFilterFunctionality_Laptop_20-29-42 - [verifyingDisplaySizeFilterFunctionality_Laptop_20-29-42] Extracting 'name' , 'keyFeatures', 'about' , 'techDetails' within productNameListingPage loop
20:37:11 [TestNG-test-Test-3] INFO  verifyingDisplaySizeFilterFunctionality_Laptop_20-29-42 - [verifyingDisplaySizeFilterFunctionality_Laptop_20-29-42] Waiting until element is visible in viewport
20:37:21 [TestNG-test-Test-3] INFO  verifyingDisplaySizeFilterFunctionality_Laptop_20-29-42 - [verifyingDisplaySizeFilterFunctionality_Laptop_20-29-42] Within smoothScrollToElement method
20:37:21 [TestNG-test-Test-3] INFO  verifyingDisplaySizeFilterFunctionality_Laptop_20-29-42 - [verifyingDisplaySizeFilterFunctionality_Laptop_20-29-42] Within safeFindElement method
20:37:21 [TestNG-test-Test-3] INFO  verifyingDisplaySizeFilterFunctionality_Laptop_20-29-42 - [verifyingDisplaySizeFilterFunctionality_Laptop_20-29-42]Found the element returning it ,element ->[[ChromeDriver: chrome on windows (5f28c669577438246038219e80837668)] -> xpath: //a[@id='seeMoreDetailsLink']]
20:37:21 [TestNG-test-Test-3] INFO  verifyingDisplaySizeFilterFunctionality_Laptop_20-29-42 - [verifyingDisplaySizeFilterFunctionality_Laptop_20-29-42] Successfully scrolled to element: By.xpath: //a[@id='seeMoreDetailsLink']
20:37:21 [TestNG-test-Test-3] INFO  verifyingDisplaySizeFilterFunctionality_Laptop_20-29-42 - [verifyingDisplaySizeFilterFunctionality_Laptop_20-29-42] Within safeClick method
20:37:21 [TestNG-test-Test-3] INFO  verifyingDisplaySizeFilterFunctionality_Laptop_20-29-42 - [verifyingDisplaySizeFilterFunctionality_Laptop_20-29-42] Clicked the  [[ChromeDriver: chrome on windows (5f28c669577438246038219e80837668)] -> xpath: //a[@id='seeMoreDetailsLink']]   using safeClick
20:37:21 [TestNG-test-Test-3] INFO  verifyingDisplaySizeFilterFunctionality_Laptop_20-29-42 - [verifyingDisplaySizeFilterFunctionality_Laptop_20-29-42] Within try block for clicking see more deatils within productNameListingPage loop
20:37:21 [TestNG-test-Test-3] INFO  verifyingDisplaySizeFilterFunctionality_Laptop_20-29-42 - [verifyingDisplaySizeFilterFunctionality_Laptop_20-29-42] Within closeCurrentWindowAndSwitchBack method
20:37:21 [TestNG-test-Test-3] INFO  verifyingDisplaySizeFilterFunctionality_Laptop_20-29-42 - [verifyingDisplaySizeFilterFunctionality_Laptop_20-29-42] Total open windows/tabs count -> 2
20:37:21 [TestNG-test-Test-3] INFO  verifyingDisplaySizeFilterFunctionality_Laptop_20-29-42 - [verifyingDisplaySizeFilterFunctionality_Laptop_20-29-42] Original window handle -> 4FD498FF7C268EAD07E38C1D5D5B2EA7
20:37:21 [TestNG-test-Test-3] INFO  verifyingDisplaySizeFilterFunctionality_Laptop_20-29-42 - [verifyingDisplaySizeFilterFunctionality_Laptop_20-29-42] Found new tab/window handle -> 8B318486D8D996FC3392AEDE8D9A30D7 (will be closed)
20:37:21 [TestNG-test-Test-3] INFO  verifyingDisplaySizeFilterFunctionality_Laptop_20-29-42 - [verifyingDisplaySizeFilterFunctionality_Laptop_20-29-42] Successfully switched to new tab/window -> 8B318486D8D996FC3392AEDE8D9A30D7
20:37:21 [TestNG-test-Test-3] INFO  verifyingDisplaySizeFilterFunctionality_Laptop_20-29-42 - [verifyingDisplaySizeFilterFunctionality_Laptop_20-29-42] Closed the newly opened tab/window -> 8B318486D8D996FC3392AEDE8D9A30D7
20:37:21 [TestNG-test-Test-3] INFO  verifyingDisplaySizeFilterFunctionality_Laptop_20-29-42 - [verifyingDisplaySizeFilterFunctionality_Laptop_20-29-42] Switched back to the original window -> 4FD498FF7C268EAD07E38C1D5D5B2EA7
20:37:21 [TestNG-test-Test-3] INFO  verifyingDisplaySizeFilterFunctionality_Laptop_20-29-42 - [verifyingDisplaySizeFilterFunctionality_Laptop_20-29-42]  going back to product listing via closeCurrentWindowAndSwitchBack 
20:37:21 [TestNG-test-Test-3] INFO  verifyingDisplaySizeFilterFunctionality_Laptop_20-29-42 - [verifyingDisplaySizeFilterFunctionality_Laptop_20-29-42]  Added 'filter','title','keyFeatures', 'about', 'techDetails' into the Map -> productResult
20:37:21 [TestNG-test-Test-3] INFO  verifyingDisplaySizeFilterFunctionality_Laptop_20-29-42 - [verifyingDisplaySizeFilterFunctionality_Laptop_20-29-42]  Added 'productResult' Map into the 'results' i.e list of maps 
20:37:21 [TestNG-test-Test-3] INFO  verifyingDisplaySizeFilterFunctionality_Laptop_20-29-42 - [verifyingDisplaySizeFilterFunctionality_Laptop_20-29-42]==========================================================================================================
20:37:21 [TestNG-test-Test-3] INFO  verifyingDisplaySizeFilterFunctionality_Laptop_20-29-42 - [verifyingDisplaySizeFilterFunctionality_Laptop_20-29-42] Within safeFindElements 
20:37:21 [TestNG-test-Test-3] INFO  verifyingDisplaySizeFilterFunctionality_Laptop_20-29-42 - [verifyingDisplaySizeFilterFunctionality_Laptop_20-29-42] Returning the  [[[ChromeDriver: chrome on windows (5f28c669577438246038219e80837668)] -> xpath: //div[@data-cy='title-recipe']], [[ChromeDriver: chrome on windows (5f28c669577438246038219e80837668)] -> xpath: //div[@data-cy='title-recipe']], [[ChromeDriver: chrome on windows (5f28c669577438246038219e80837668)] -> xpath: //div[@data-cy='title-recipe']], [[ChromeDriver: chrome on windows (5f28c669577438246038219e80837668)] -> xpath: //div[@data-cy='title-recipe']], [[ChromeDriver: chrome on windows (5f28c669577438246038219e80837668)] -> xpath: //div[@data-cy='title-recipe']], [[ChromeDriver: chrome on windows (5f28c669577438246038219e80837668)] -> xpath: //div[@data-cy='title-recipe']], [[ChromeDriver: chrome on windows (5f28c669577438246038219e80837668)] -> xpath: //div[@data-cy='title-recipe']], [[ChromeDriver: chrome on windows (5f28c669577438246038219e80837668)] -> xpath: //div[@data-cy='title-recipe']], [[ChromeDriver: chrome on windows (5f28c669577438246038219e80837668)] -> xpath: //div[@data-cy='title-recipe']], [[ChromeDriver: chrome on windows (5f28c669577438246038219e80837668)] -> xpath: //div[@data-cy='title-recipe']], [[ChromeDriver: chrome on windows (5f28c669577438246038219e80837668)] -> xpath: //div[@data-cy='title-recipe']], [[ChromeDriver: chrome on windows (5f28c669577438246038219e80837668)] -> xpath: //div[@data-cy='title-recipe']], [[ChromeDriver: chrome on windows (5f28c669577438246038219e80837668)] -> xpath: //div[@data-cy='title-recipe']], [[ChromeDriver: chrome on windows (5f28c669577438246038219e80837668)] -> xpath: //div[@data-cy='title-recipe']], [[ChromeDriver: chrome on windows (5f28c669577438246038219e80837668)] -> xpath: //div[@data-cy='title-recipe']], [[ChromeDriver: chrome on windows (5f28c669577438246038219e80837668)] -> xpath: //div[@data-cy='title-recipe']]] from the safeFindElements method
20:37:21 [TestNG-test-Test-3] INFO  verifyingDisplaySizeFilterFunctionality_Laptop_20-29-42 - [verifyingDisplaySizeFilterFunctionality_Laptop_20-29-42] Within productNameListingPage loop in applyFilterAndValidateProductsWithResult
20:37:21 [TestNG-test-Test-3] INFO  verifyingDisplaySizeFilterFunctionality_Laptop_20-29-42 - [verifyingDisplaySizeFilterFunctionality_Laptop_20-29-42] Within getProductByIndex method
20:37:21 [TestNG-test-Test-3] INFO  verifyingDisplaySizeFilterFunctionality_Laptop_20-29-42 - [verifyingDisplaySizeFilterFunctionality_Laptop_20-29-42] Within safeFindElement method
20:37:21 [TestNG-test-Test-3] INFO  verifyingDisplaySizeFilterFunctionality_Laptop_20-29-42 - [verifyingDisplaySizeFilterFunctionality_Laptop_20-29-42]Found the element returning it ,element ->[[ChromeDriver: chrome on windows (5f28c669577438246038219e80837668)] -> xpath: (//div[@data-cy='title-recipe'])[2]]
20:37:21 [TestNG-test-Test-3] INFO  verifyingDisplaySizeFilterFunctionality_Laptop_20-29-42 - [verifyingDisplaySizeFilterFunctionality_Laptop_20-29-42] Within getProductByIndex method
20:37:21 [TestNG-test-Test-3] INFO  verifyingDisplaySizeFilterFunctionality_Laptop_20-29-42 - [verifyingDisplaySizeFilterFunctionality_Laptop_20-29-42] Within smoothScrollToElement method
20:37:21 [TestNG-test-Test-3] INFO  verifyingDisplaySizeFilterFunctionality_Laptop_20-29-42 - [verifyingDisplaySizeFilterFunctionality_Laptop_20-29-42] Within safeFindElement method
20:37:21 [TestNG-test-Test-3] INFO  verifyingDisplaySizeFilterFunctionality_Laptop_20-29-42 - [verifyingDisplaySizeFilterFunctionality_Laptop_20-29-42]Found the element returning it ,element ->[[ChromeDriver: chrome on windows (5f28c669577438246038219e80837668)] -> xpath: (//div[@data-cy='title-recipe'])[2]]
20:37:21 [TestNG-test-Test-3] INFO  verifyingDisplaySizeFilterFunctionality_Laptop_20-29-42 - [verifyingDisplaySizeFilterFunctionality_Laptop_20-29-42] Successfully scrolled to element: By.xpath: (//div[@data-cy='title-recipe'])[2]
20:37:21 [TestNG-test-Test-3] INFO  verifyingDisplaySizeFilterFunctionality_Laptop_20-29-42 - [verifyingDisplaySizeFilterFunctionality_Laptop_20-29-42] Getting product by index in productNameListingPage loop
20:37:22 [TestNG-test-Test-3] INFO  verifyingDisplaySizeFilterFunctionality_Laptop_20-29-42 - [verifyingDisplaySizeFilterFunctionality_Laptop_20-29-42] Opened product in new tab via Ctrl+Click inside productNameListingPage loop
20:37:22 [TestNG-test-Test-3] INFO  verifyingDisplaySizeFilterFunctionality_Laptop_20-29-42 - [verifyingDisplaySizeFilterFunctionality_Laptop_20-29-42] Waiting for new window to open...
20:37:22 [TestNG-test-Test-3] INFO  verifyingDisplaySizeFilterFunctionality_Laptop_20-29-42 - [verifyingDisplaySizeFilterFunctionality_Laptop_20-29-42] Switched to new window -> B8D7400B823BC69D0E7545C127416571
20:37:22 [TestNG-test-Test-3] INFO  verifyingDisplaySizeFilterFunctionality_Laptop_20-29-42 - [verifyingDisplaySizeFilterFunctionality_Laptop_20-29-42] Swithcing to the new window  within productNameListingPage loop
20:37:22 [TestNG-test-Test-3] INFO  verifyingDisplaySizeFilterFunctionality_Laptop_20-29-42 - [verifyingDisplaySizeFilterFunctionality_Laptop_20-29-42] Clicked product name to open in new tab from productNameListingPage loop
20:37:22 [TestNG-test-Test-3] INFO  verifyingDisplaySizeFilterFunctionality_Laptop_20-29-42 - [verifyingDisplaySizeFilterFunctionality_Laptop_20-29-42] Within safeFindElement method
20:37:25 [TestNG-test-Test-3] INFO  verifyingDisplaySizeFilterFunctionality_Laptop_20-29-42 - [verifyingDisplaySizeFilterFunctionality_Laptop_20-29-42]Found the element returning it ,element ->[[ChromeDriver: chrome on windows (5f28c669577438246038219e80837668)] -> xpath: //span[@id='productTitle']]
20:37:25 [TestNG-test-Test-3] INFO  verifyingDisplaySizeFilterFunctionality_Laptop_20-29-42 - [verifyingDisplaySizeFilterFunctionality_Laptop_20-29-42] Within safeFindElement method
20:37:25 [TestNG-test-Test-3] INFO  verifyingDisplaySizeFilterFunctionality_Laptop_20-29-42 - [verifyingDisplaySizeFilterFunctionality_Laptop_20-29-42]Found the element returning it ,element ->[[ChromeDriver: chrome on windows (5f28c669577438246038219e80837668)] -> xpath: //div[@class='a-section a-spacing-small a-spacing-top-small']]
20:37:25 [TestNG-test-Test-3] INFO  verifyingDisplaySizeFilterFunctionality_Laptop_20-29-42 - [verifyingDisplaySizeFilterFunctionality_Laptop_20-29-42] Within safeFindElement method
20:37:25 [TestNG-test-Test-3] INFO  verifyingDisplaySizeFilterFunctionality_Laptop_20-29-42 - [verifyingDisplaySizeFilterFunctionality_Laptop_20-29-42]Found the element returning it ,element ->[[ChromeDriver: chrome on windows (5f28c669577438246038219e80837668)] -> xpath: //div[@id='feature-bullets']]
20:37:26 [TestNG-test-Test-3] INFO  verifyingDisplaySizeFilterFunctionality_Laptop_20-29-42 - [verifyingDisplaySizeFilterFunctionality_Laptop_20-29-42] Within safeFindElement method
20:37:26 [TestNG-test-Test-3] INFO  verifyingDisplaySizeFilterFunctionality_Laptop_20-29-42 - [verifyingDisplaySizeFilterFunctionality_Laptop_20-29-42]Found the element returning it ,element ->[[ChromeDriver: chrome on windows (5f28c669577438246038219e80837668)] -> xpath: //div[@id='prodDetails']]
20:37:26 [TestNG-test-Test-3] INFO  verifyingDisplaySizeFilterFunctionality_Laptop_20-29-42 - [verifyingDisplaySizeFilterFunctionality_Laptop_20-29-42] Extracting 'name' , 'keyFeatures', 'about' , 'techDetails' within productNameListingPage loop
20:37:26 [TestNG-test-Test-3] INFO  verifyingDisplaySizeFilterFunctionality_Laptop_20-29-42 - [verifyingDisplaySizeFilterFunctionality_Laptop_20-29-42] Waiting until element is visible in viewport
20:37:36 [TestNG-test-Test-3] INFO  verifyingDisplaySizeFilterFunctionality_Laptop_20-29-42 - [verifyingDisplaySizeFilterFunctionality_Laptop_20-29-42] Within smoothScrollToElement method
20:37:36 [TestNG-test-Test-3] INFO  verifyingDisplaySizeFilterFunctionality_Laptop_20-29-42 - [verifyingDisplaySizeFilterFunctionality_Laptop_20-29-42] Within safeFindElement method
20:37:36 [TestNG-test-Test-3] INFO  verifyingDisplaySizeFilterFunctionality_Laptop_20-29-42 - [verifyingDisplaySizeFilterFunctionality_Laptop_20-29-42]Found the element returning it ,element ->[[ChromeDriver: chrome on windows (5f28c669577438246038219e80837668)] -> xpath: //a[@id='seeMoreDetailsLink']]
20:37:36 [TestNG-test-Test-3] INFO  verifyingDisplaySizeFilterFunctionality_Laptop_20-29-42 - [verifyingDisplaySizeFilterFunctionality_Laptop_20-29-42] Successfully scrolled to element: By.xpath: //a[@id='seeMoreDetailsLink']
20:37:36 [TestNG-test-Test-3] INFO  verifyingDisplaySizeFilterFunctionality_Laptop_20-29-42 - [verifyingDisplaySizeFilterFunctionality_Laptop_20-29-42] Within safeClick method
20:37:36 [TestNG-test-Test-3] INFO  verifyingDisplaySizeFilterFunctionality_Laptop_20-29-42 - [verifyingDisplaySizeFilterFunctionality_Laptop_20-29-42] Clicked the  [[ChromeDriver: chrome on windows (5f28c669577438246038219e80837668)] -> xpath: //a[@id='seeMoreDetailsLink']]   using safeClick
20:37:36 [TestNG-test-Test-3] INFO  verifyingDisplaySizeFilterFunctionality_Laptop_20-29-42 - [verifyingDisplaySizeFilterFunctionality_Laptop_20-29-42] Within try block for clicking see more deatils within productNameListingPage loop
20:37:36 [TestNG-test-Test-3] INFO  verifyingDisplaySizeFilterFunctionality_Laptop_20-29-42 - [verifyingDisplaySizeFilterFunctionality_Laptop_20-29-42] Within closeCurrentWindowAndSwitchBack method
20:37:36 [TestNG-test-Test-3] INFO  verifyingDisplaySizeFilterFunctionality_Laptop_20-29-42 - [verifyingDisplaySizeFilterFunctionality_Laptop_20-29-42] Total open windows/tabs count -> 2
20:37:36 [TestNG-test-Test-3] INFO  verifyingDisplaySizeFilterFunctionality_Laptop_20-29-42 - [verifyingDisplaySizeFilterFunctionality_Laptop_20-29-42] Original window handle -> 4FD498FF7C268EAD07E38C1D5D5B2EA7
20:37:36 [TestNG-test-Test-3] INFO  verifyingDisplaySizeFilterFunctionality_Laptop_20-29-42 - [verifyingDisplaySizeFilterFunctionality_Laptop_20-29-42] Found new tab/window handle -> B8D7400B823BC69D0E7545C127416571 (will be closed)
20:37:36 [TestNG-test-Test-3] INFO  verifyingDisplaySizeFilterFunctionality_Laptop_20-29-42 - [verifyingDisplaySizeFilterFunctionality_Laptop_20-29-42] Successfully switched to new tab/window -> B8D7400B823BC69D0E7545C127416571
20:37:36 [TestNG-test-Test-3] INFO  verifyingDisplaySizeFilterFunctionality_Laptop_20-29-42 - [verifyingDisplaySizeFilterFunctionality_Laptop_20-29-42] Closed the newly opened tab/window -> B8D7400B823BC69D0E7545C127416571
20:37:36 [TestNG-test-Test-3] INFO  verifyingDisplaySizeFilterFunctionality_Laptop_20-29-42 - [verifyingDisplaySizeFilterFunctionality_Laptop_20-29-42] Switched back to the original window -> 4FD498FF7C268EAD07E38C1D5D5B2EA7
20:37:36 [TestNG-test-Test-3] INFO  verifyingDisplaySizeFilterFunctionality_Laptop_20-29-42 - [verifyingDisplaySizeFilterFunctionality_Laptop_20-29-42]  going back to product listing via closeCurrentWindowAndSwitchBack 
20:37:36 [TestNG-test-Test-3] INFO  verifyingDisplaySizeFilterFunctionality_Laptop_20-29-42 - [verifyingDisplaySizeFilterFunctionality_Laptop_20-29-42]  Added 'filter','title','keyFeatures', 'about', 'techDetails' into the Map -> productResult
20:37:36 [TestNG-test-Test-3] INFO  verifyingDisplaySizeFilterFunctionality_Laptop_20-29-42 - [verifyingDisplaySizeFilterFunctionality_Laptop_20-29-42]  Added 'productResult' Map into the 'results' i.e list of maps 
20:37:36 [TestNG-test-Test-3] INFO  verifyingDisplaySizeFilterFunctionality_Laptop_20-29-42 - [verifyingDisplaySizeFilterFunctionality_Laptop_20-29-42]==========================================================================================================
20:37:36 [TestNG-test-Test-3] INFO  verifyingDisplaySizeFilterFunctionality_Laptop_20-29-42 - [verifyingDisplaySizeFilterFunctionality_Laptop_20-29-42] Within safeFindElements 
20:37:37 [TestNG-test-Test-3] INFO  verifyingDisplaySizeFilterFunctionality_Laptop_20-29-42 - [verifyingDisplaySizeFilterFunctionality_Laptop_20-29-42] Returning the  [[[ChromeDriver: chrome on windows (5f28c669577438246038219e80837668)] -> xpath: //div[@data-cy='title-recipe']], [[ChromeDriver: chrome on windows (5f28c669577438246038219e80837668)] -> xpath: //div[@data-cy='title-recipe']], [[ChromeDriver: chrome on windows (5f28c669577438246038219e80837668)] -> xpath: //div[@data-cy='title-recipe']], [[ChromeDriver: chrome on windows (5f28c669577438246038219e80837668)] -> xpath: //div[@data-cy='title-recipe']], [[ChromeDriver: chrome on windows (5f28c669577438246038219e80837668)] -> xpath: //div[@data-cy='title-recipe']], [[ChromeDriver: chrome on windows (5f28c669577438246038219e80837668)] -> xpath: //div[@data-cy='title-recipe']], [[ChromeDriver: chrome on windows (5f28c669577438246038219e80837668)] -> xpath: //div[@data-cy='title-recipe']], [[ChromeDriver: chrome on windows (5f28c669577438246038219e80837668)] -> xpath: //div[@data-cy='title-recipe']], [[ChromeDriver: chrome on windows (5f28c669577438246038219e80837668)] -> xpath: //div[@data-cy='title-recipe']], [[ChromeDriver: chrome on windows (5f28c669577438246038219e80837668)] -> xpath: //div[@data-cy='title-recipe']], [[ChromeDriver: chrome on windows (5f28c669577438246038219e80837668)] -> xpath: //div[@data-cy='title-recipe']], [[ChromeDriver: chrome on windows (5f28c669577438246038219e80837668)] -> xpath: //div[@data-cy='title-recipe']], [[ChromeDriver: chrome on windows (5f28c669577438246038219e80837668)] -> xpath: //div[@data-cy='title-recipe']], [[ChromeDriver: chrome on windows (5f28c669577438246038219e80837668)] -> xpath: //div[@data-cy='title-recipe']], [[ChromeDriver: chrome on windows (5f28c669577438246038219e80837668)] -> xpath: //div[@data-cy='title-recipe']], [[ChromeDriver: chrome on windows (5f28c669577438246038219e80837668)] -> xpath: //div[@data-cy='title-recipe']]] from the safeFindElements method
20:37:37 [TestNG-test-Test-3] INFO  verifyingDisplaySizeFilterFunctionality_Laptop_20-29-42 - [verifyingDisplaySizeFilterFunctionality_Laptop_20-29-42] Within productNameListingPage loop in applyFilterAndValidateProductsWithResult
20:37:37 [TestNG-test-Test-3] INFO  verifyingDisplaySizeFilterFunctionality_Laptop_20-29-42 - [verifyingDisplaySizeFilterFunctionality_Laptop_20-29-42] Within getProductByIndex method
20:37:37 [TestNG-test-Test-3] INFO  verifyingDisplaySizeFilterFunctionality_Laptop_20-29-42 - [verifyingDisplaySizeFilterFunctionality_Laptop_20-29-42] Within safeFindElement method
20:37:37 [TestNG-test-Test-3] INFO  verifyingDisplaySizeFilterFunctionality_Laptop_20-29-42 - [verifyingDisplaySizeFilterFunctionality_Laptop_20-29-42]Found the element returning it ,element ->[[ChromeDriver: chrome on windows (5f28c669577438246038219e80837668)] -> xpath: (//div[@data-cy='title-recipe'])[3]]
20:37:37 [TestNG-test-Test-3] INFO  verifyingDisplaySizeFilterFunctionality_Laptop_20-29-42 - [verifyingDisplaySizeFilterFunctionality_Laptop_20-29-42] Within getProductByIndex method
20:37:37 [TestNG-test-Test-3] INFO  verifyingDisplaySizeFilterFunctionality_Laptop_20-29-42 - [verifyingDisplaySizeFilterFunctionality_Laptop_20-29-42] Within smoothScrollToElement method
20:37:37 [TestNG-test-Test-3] INFO  verifyingDisplaySizeFilterFunctionality_Laptop_20-29-42 - [verifyingDisplaySizeFilterFunctionality_Laptop_20-29-42] Within safeFindElement method
20:37:37 [TestNG-test-Test-3] INFO  verifyingDisplaySizeFilterFunctionality_Laptop_20-29-42 - [verifyingDisplaySizeFilterFunctionality_Laptop_20-29-42]Found the element returning it ,element ->[[ChromeDriver: chrome on windows (5f28c669577438246038219e80837668)] -> xpath: (//div[@data-cy='title-recipe'])[3]]
20:37:37 [TestNG-test-Test-3] INFO  verifyingDisplaySizeFilterFunctionality_Laptop_20-29-42 - [verifyingDisplaySizeFilterFunctionality_Laptop_20-29-42] Successfully scrolled to element: By.xpath: (//div[@data-cy='title-recipe'])[3]
20:37:37 [TestNG-test-Test-3] INFO  verifyingDisplaySizeFilterFunctionality_Laptop_20-29-42 - [verifyingDisplaySizeFilterFunctionality_Laptop_20-29-42] Getting product by index in productNameListingPage loop
20:37:37 [TestNG-test-Test-3] INFO  verifyingDisplaySizeFilterFunctionality_Laptop_20-29-42 - [verifyingDisplaySizeFilterFunctionality_Laptop_20-29-42] Opened product in new tab via Ctrl+Click inside productNameListingPage loop
20:37:37 [TestNG-test-Test-3] INFO  verifyingDisplaySizeFilterFunctionality_Laptop_20-29-42 - [verifyingDisplaySizeFilterFunctionality_Laptop_20-29-42] Waiting for new window to open...
20:37:37 [TestNG-test-Test-3] INFO  verifyingDisplaySizeFilterFunctionality_Laptop_20-29-42 - [verifyingDisplaySizeFilterFunctionality_Laptop_20-29-42] Switched to new window -> E04BFC93183093B3D759DF040BF969DB
20:37:37 [TestNG-test-Test-3] INFO  verifyingDisplaySizeFilterFunctionality_Laptop_20-29-42 - [verifyingDisplaySizeFilterFunctionality_Laptop_20-29-42] Swithcing to the new window  within productNameListingPage loop
20:37:37 [TestNG-test-Test-3] INFO  verifyingDisplaySizeFilterFunctionality_Laptop_20-29-42 - [verifyingDisplaySizeFilterFunctionality_Laptop_20-29-42] Clicked product name to open in new tab from productNameListingPage loop
20:37:37 [TestNG-test-Test-3] INFO  verifyingDisplaySizeFilterFunctionality_Laptop_20-29-42 - [verifyingDisplaySizeFilterFunctionality_Laptop_20-29-42] Within safeFindElement method
20:37:40 [TestNG-test-Test-3] INFO  verifyingDisplaySizeFilterFunctionality_Laptop_20-29-42 - [verifyingDisplaySizeFilterFunctionality_Laptop_20-29-42]Found the element returning it ,element ->[[ChromeDriver: chrome on windows (5f28c669577438246038219e80837668)] -> xpath: //span[@id='productTitle']]
20:37:40 [TestNG-test-Test-3] INFO  verifyingDisplaySizeFilterFunctionality_Laptop_20-29-42 - [verifyingDisplaySizeFilterFunctionality_Laptop_20-29-42] Within safeFindElement method
20:37:40 [TestNG-test-Test-3] INFO  verifyingDisplaySizeFilterFunctionality_Laptop_20-29-42 - [verifyingDisplaySizeFilterFunctionality_Laptop_20-29-42]Found the element returning it ,element ->[[ChromeDriver: chrome on windows (5f28c669577438246038219e80837668)] -> xpath: //div[@class='a-section a-spacing-small a-spacing-top-small']]
20:37:40 [TestNG-test-Test-3] INFO  verifyingDisplaySizeFilterFunctionality_Laptop_20-29-42 - [verifyingDisplaySizeFilterFunctionality_Laptop_20-29-42] Within safeFindElement method
20:37:40 [TestNG-test-Test-3] INFO  verifyingDisplaySizeFilterFunctionality_Laptop_20-29-42 - [verifyingDisplaySizeFilterFunctionality_Laptop_20-29-42]Found the element returning it ,element ->[[ChromeDriver: chrome on windows (5f28c669577438246038219e80837668)] -> xpath: //div[@id='feature-bullets']]
20:37:40 [TestNG-test-Test-3] INFO  verifyingDisplaySizeFilterFunctionality_Laptop_20-29-42 - [verifyingDisplaySizeFilterFunctionality_Laptop_20-29-42] Within safeFindElement method
20:37:40 [TestNG-test-Test-3] INFO  verifyingDisplaySizeFilterFunctionality_Laptop_20-29-42 - [verifyingDisplaySizeFilterFunctionality_Laptop_20-29-42]Found the element returning it ,element ->[[ChromeDriver: chrome on windows (5f28c669577438246038219e80837668)] -> xpath: //div[@id='prodDetails']]
20:37:40 [TestNG-test-Test-3] INFO  verifyingDisplaySizeFilterFunctionality_Laptop_20-29-42 - [verifyingDisplaySizeFilterFunctionality_Laptop_20-29-42] Extracting 'name' , 'keyFeatures', 'about' , 'techDetails' within productNameListingPage loop
20:37:40 [TestNG-test-Test-3] INFO  verifyingDisplaySizeFilterFunctionality_Laptop_20-29-42 - [verifyingDisplaySizeFilterFunctionality_Laptop_20-29-42] Waiting until element is visible in viewport
20:37:50 [TestNG-test-Test-3] INFO  verifyingDisplaySizeFilterFunctionality_Laptop_20-29-42 - [verifyingDisplaySizeFilterFunctionality_Laptop_20-29-42] Within smoothScrollToElement method
20:37:50 [TestNG-test-Test-3] INFO  verifyingDisplaySizeFilterFunctionality_Laptop_20-29-42 - [verifyingDisplaySizeFilterFunctionality_Laptop_20-29-42] Within safeFindElement method
20:37:50 [TestNG-test-Test-3] INFO  verifyingDisplaySizeFilterFunctionality_Laptop_20-29-42 - [verifyingDisplaySizeFilterFunctionality_Laptop_20-29-42]Found the element returning it ,element ->[[ChromeDriver: chrome on windows (5f28c669577438246038219e80837668)] -> xpath: //a[@id='seeMoreDetailsLink']]
20:37:50 [TestNG-test-Test-3] INFO  verifyingDisplaySizeFilterFunctionality_Laptop_20-29-42 - [verifyingDisplaySizeFilterFunctionality_Laptop_20-29-42] Successfully scrolled to element: By.xpath: //a[@id='seeMoreDetailsLink']
20:37:50 [TestNG-test-Test-3] INFO  verifyingDisplaySizeFilterFunctionality_Laptop_20-29-42 - [verifyingDisplaySizeFilterFunctionality_Laptop_20-29-42] Within safeClick method
20:37:51 [TestNG-test-Test-3] INFO  verifyingDisplaySizeFilterFunctionality_Laptop_20-29-42 - [verifyingDisplaySizeFilterFunctionality_Laptop_20-29-42] Clicked the  [[ChromeDriver: chrome on windows (5f28c669577438246038219e80837668)] -> xpath: //a[@id='seeMoreDetailsLink']]   using safeClick
20:37:51 [TestNG-test-Test-3] INFO  verifyingDisplaySizeFilterFunctionality_Laptop_20-29-42 - [verifyingDisplaySizeFilterFunctionality_Laptop_20-29-42] Within try block for clicking see more deatils within productNameListingPage loop
20:37:51 [TestNG-test-Test-3] INFO  verifyingDisplaySizeFilterFunctionality_Laptop_20-29-42 - [verifyingDisplaySizeFilterFunctionality_Laptop_20-29-42] Within closeCurrentWindowAndSwitchBack method
20:37:51 [TestNG-test-Test-3] INFO  verifyingDisplaySizeFilterFunctionality_Laptop_20-29-42 - [verifyingDisplaySizeFilterFunctionality_Laptop_20-29-42] Total open windows/tabs count -> 2
20:37:51 [TestNG-test-Test-3] INFO  verifyingDisplaySizeFilterFunctionality_Laptop_20-29-42 - [verifyingDisplaySizeFilterFunctionality_Laptop_20-29-42] Original window handle -> 4FD498FF7C268EAD07E38C1D5D5B2EA7
20:37:51 [TestNG-test-Test-3] INFO  verifyingDisplaySizeFilterFunctionality_Laptop_20-29-42 - [verifyingDisplaySizeFilterFunctionality_Laptop_20-29-42] Found new tab/window handle -> E04BFC93183093B3D759DF040BF969DB (will be closed)
20:37:51 [TestNG-test-Test-3] INFO  verifyingDisplaySizeFilterFunctionality_Laptop_20-29-42 - [verifyingDisplaySizeFilterFunctionality_Laptop_20-29-42] Successfully switched to new tab/window -> E04BFC93183093B3D759DF040BF969DB
20:37:51 [TestNG-test-Test-3] INFO  verifyingDisplaySizeFilterFunctionality_Laptop_20-29-42 - [verifyingDisplaySizeFilterFunctionality_Laptop_20-29-42] Closed the newly opened tab/window -> E04BFC93183093B3D759DF040BF969DB
20:37:51 [TestNG-test-Test-3] INFO  verifyingDisplaySizeFilterFunctionality_Laptop_20-29-42 - [verifyingDisplaySizeFilterFunctionality_Laptop_20-29-42] Switched back to the original window -> 4FD498FF7C268EAD07E38C1D5D5B2EA7
20:37:51 [TestNG-test-Test-3] INFO  verifyingDisplaySizeFilterFunctionality_Laptop_20-29-42 - [verifyingDisplaySizeFilterFunctionality_Laptop_20-29-42]  going back to product listing via closeCurrentWindowAndSwitchBack 
20:37:51 [TestNG-test-Test-3] INFO  verifyingDisplaySizeFilterFunctionality_Laptop_20-29-42 - [verifyingDisplaySizeFilterFunctionality_Laptop_20-29-42]  Added 'filter','title','keyFeatures', 'about', 'techDetails' into the Map -> productResult
20:37:51 [TestNG-test-Test-3] INFO  verifyingDisplaySizeFilterFunctionality_Laptop_20-29-42 - [verifyingDisplaySizeFilterFunctionality_Laptop_20-29-42]  Added 'productResult' Map into the 'results' i.e list of maps 
20:37:51 [TestNG-test-Test-3] INFO  verifyingDisplaySizeFilterFunctionality_Laptop_20-29-42 - [verifyingDisplaySizeFilterFunctionality_Laptop_20-29-42]==========================================================================================================
20:37:51 [TestNG-test-Test-3] INFO  verifyingDisplaySizeFilterFunctionality_Laptop_20-29-42 - [verifyingDisplaySizeFilterFunctionality_Laptop_20-29-42] Within safeFindElements 
20:37:51 [TestNG-test-Test-3] INFO  verifyingDisplaySizeFilterFunctionality_Laptop_20-29-42 - [verifyingDisplaySizeFilterFunctionality_Laptop_20-29-42] Returning the  [[[ChromeDriver: chrome on windows (5f28c669577438246038219e80837668)] -> xpath: //div[@data-cy='title-recipe']], [[ChromeDriver: chrome on windows (5f28c669577438246038219e80837668)] -> xpath: //div[@data-cy='title-recipe']], [[ChromeDriver: chrome on windows (5f28c669577438246038219e80837668)] -> xpath: //div[@data-cy='title-recipe']], [[ChromeDriver: chrome on windows (5f28c669577438246038219e80837668)] -> xpath: //div[@data-cy='title-recipe']], [[ChromeDriver: chrome on windows (5f28c669577438246038219e80837668)] -> xpath: //div[@data-cy='title-recipe']], [[ChromeDriver: chrome on windows (5f28c669577438246038219e80837668)] -> xpath: //div[@data-cy='title-recipe']], [[ChromeDriver: chrome on windows (5f28c669577438246038219e80837668)] -> xpath: //div[@data-cy='title-recipe']], [[ChromeDriver: chrome on windows (5f28c669577438246038219e80837668)] -> xpath: //div[@data-cy='title-recipe']], [[ChromeDriver: chrome on windows (5f28c669577438246038219e80837668)] -> xpath: //div[@data-cy='title-recipe']], [[ChromeDriver: chrome on windows (5f28c669577438246038219e80837668)] -> xpath: //div[@data-cy='title-recipe']], [[ChromeDriver: chrome on windows (5f28c669577438246038219e80837668)] -> xpath: //div[@data-cy='title-recipe']], [[ChromeDriver: chrome on windows (5f28c669577438246038219e80837668)] -> xpath: //div[@data-cy='title-recipe']], [[ChromeDriver: chrome on windows (5f28c669577438246038219e80837668)] -> xpath: //div[@data-cy='title-recipe']], [[ChromeDriver: chrome on windows (5f28c669577438246038219e80837668)] -> xpath: //div[@data-cy='title-recipe']], [[ChromeDriver: chrome on windows (5f28c669577438246038219e80837668)] -> xpath: //div[@data-cy='title-recipe']], [[ChromeDriver: chrome on windows (5f28c669577438246038219e80837668)] -> xpath: //div[@data-cy='title-recipe']]] from the safeFindElements method
20:37:51 [TestNG-test-Test-3] INFO  verifyingDisplaySizeFilterFunctionality_Laptop_20-29-42 - [verifyingDisplaySizeFilterFunctionality_Laptop_20-29-42] Within productNameListingPage loop in applyFilterAndValidateProductsWithResult
20:37:51 [TestNG-test-Test-3] INFO  verifyingDisplaySizeFilterFunctionality_Laptop_20-29-42 - [verifyingDisplaySizeFilterFunctionality_Laptop_20-29-42] Within getProductByIndex method
20:37:51 [TestNG-test-Test-3] INFO  verifyingDisplaySizeFilterFunctionality_Laptop_20-29-42 - [verifyingDisplaySizeFilterFunctionality_Laptop_20-29-42] Within safeFindElement method
20:37:51 [TestNG-test-Test-3] INFO  verifyingDisplaySizeFilterFunctionality_Laptop_20-29-42 - [verifyingDisplaySizeFilterFunctionality_Laptop_20-29-42]Found the element returning it ,element ->[[ChromeDriver: chrome on windows (5f28c669577438246038219e80837668)] -> xpath: (//div[@data-cy='title-recipe'])[4]]
20:37:51 [TestNG-test-Test-3] INFO  verifyingDisplaySizeFilterFunctionality_Laptop_20-29-42 - [verifyingDisplaySizeFilterFunctionality_Laptop_20-29-42] Within getProductByIndex method
20:37:51 [TestNG-test-Test-3] INFO  verifyingDisplaySizeFilterFunctionality_Laptop_20-29-42 - [verifyingDisplaySizeFilterFunctionality_Laptop_20-29-42] Within smoothScrollToElement method
20:37:51 [TestNG-test-Test-3] INFO  verifyingDisplaySizeFilterFunctionality_Laptop_20-29-42 - [verifyingDisplaySizeFilterFunctionality_Laptop_20-29-42] Within safeFindElement method
20:37:51 [TestNG-test-Test-3] INFO  verifyingDisplaySizeFilterFunctionality_Laptop_20-29-42 - [verifyingDisplaySizeFilterFunctionality_Laptop_20-29-42]Found the element returning it ,element ->[[ChromeDriver: chrome on windows (5f28c669577438246038219e80837668)] -> xpath: (//div[@data-cy='title-recipe'])[4]]
20:37:51 [TestNG-test-Test-3] INFO  verifyingDisplaySizeFilterFunctionality_Laptop_20-29-42 - [verifyingDisplaySizeFilterFunctionality_Laptop_20-29-42] Successfully scrolled to element: By.xpath: (//div[@data-cy='title-recipe'])[4]
20:37:51 [TestNG-test-Test-3] INFO  verifyingDisplaySizeFilterFunctionality_Laptop_20-29-42 - [verifyingDisplaySizeFilterFunctionality_Laptop_20-29-42] Getting product by index in productNameListingPage loop
20:37:51 [TestNG-test-Test-3] INFO  verifyingDisplaySizeFilterFunctionality_Laptop_20-29-42 - [verifyingDisplaySizeFilterFunctionality_Laptop_20-29-42] Opened product in new tab via Ctrl+Click inside productNameListingPage loop
20:37:51 [TestNG-test-Test-3] INFO  verifyingDisplaySizeFilterFunctionality_Laptop_20-29-42 - [verifyingDisplaySizeFilterFunctionality_Laptop_20-29-42] Waiting for new window to open...
20:37:51 [TestNG-test-Test-3] INFO  verifyingDisplaySizeFilterFunctionality_Laptop_20-29-42 - [verifyingDisplaySizeFilterFunctionality_Laptop_20-29-42] Switched to new window -> 27BBF229B9CB62D79D8391AFB0CF0AF5
20:37:51 [TestNG-test-Test-3] INFO  verifyingDisplaySizeFilterFunctionality_Laptop_20-29-42 - [verifyingDisplaySizeFilterFunctionality_Laptop_20-29-42] Swithcing to the new window  within productNameListingPage loop
20:37:51 [TestNG-test-Test-3] INFO  verifyingDisplaySizeFilterFunctionality_Laptop_20-29-42 - [verifyingDisplaySizeFilterFunctionality_Laptop_20-29-42] Clicked product name to open in new tab from productNameListingPage loop
20:37:51 [TestNG-test-Test-3] INFO  verifyingDisplaySizeFilterFunctionality_Laptop_20-29-42 - [verifyingDisplaySizeFilterFunctionality_Laptop_20-29-42] Within safeFindElement method
20:37:54 [TestNG-test-Test-3] INFO  verifyingDisplaySizeFilterFunctionality_Laptop_20-29-42 - [verifyingDisplaySizeFilterFunctionality_Laptop_20-29-42]Found the element returning it ,element ->[[ChromeDriver: chrome on windows (5f28c669577438246038219e80837668)] -> xpath: //span[@id='productTitle']]
20:37:54 [TestNG-test-Test-3] INFO  verifyingDisplaySizeFilterFunctionality_Laptop_20-29-42 - [verifyingDisplaySizeFilterFunctionality_Laptop_20-29-42] Within safeFindElement method
20:37:54 [TestNG-test-Test-3] INFO  verifyingDisplaySizeFilterFunctionality_Laptop_20-29-42 - [verifyingDisplaySizeFilterFunctionality_Laptop_20-29-42]Found the element returning it ,element ->[[ChromeDriver: chrome on windows (5f28c669577438246038219e80837668)] -> xpath: //div[@class='a-section a-spacing-small a-spacing-top-small']]
20:37:54 [TestNG-test-Test-3] INFO  verifyingDisplaySizeFilterFunctionality_Laptop_20-29-42 - [verifyingDisplaySizeFilterFunctionality_Laptop_20-29-42] Within safeFindElement method
20:37:55 [TestNG-test-Test-3] INFO  verifyingDisplaySizeFilterFunctionality_Laptop_20-29-42 - [verifyingDisplaySizeFilterFunctionality_Laptop_20-29-42]Found the element returning it ,element ->[[ChromeDriver: chrome on windows (5f28c669577438246038219e80837668)] -> xpath: //div[@id='feature-bullets']]
20:37:55 [TestNG-test-Test-3] INFO  verifyingDisplaySizeFilterFunctionality_Laptop_20-29-42 - [verifyingDisplaySizeFilterFunctionality_Laptop_20-29-42] Within safeFindElement method
20:37:55 [TestNG-test-Test-3] INFO  verifyingDisplaySizeFilterFunctionality_Laptop_20-29-42 - [verifyingDisplaySizeFilterFunctionality_Laptop_20-29-42]Found the element returning it ,element ->[[ChromeDriver: chrome on windows (5f28c669577438246038219e80837668)] -> xpath: //div[@id='prodDetails']]
20:37:55 [TestNG-test-Test-3] INFO  verifyingDisplaySizeFilterFunctionality_Laptop_20-29-42 - [verifyingDisplaySizeFilterFunctionality_Laptop_20-29-42] Extracting 'name' , 'keyFeatures', 'about' , 'techDetails' within productNameListingPage loop
20:37:55 [TestNG-test-Test-3] INFO  verifyingDisplaySizeFilterFunctionality_Laptop_20-29-42 - [verifyingDisplaySizeFilterFunctionality_Laptop_20-29-42] Waiting until element is visible in viewport
20:38:05 [TestNG-test-Test-3] INFO  verifyingDisplaySizeFilterFunctionality_Laptop_20-29-42 - [verifyingDisplaySizeFilterFunctionality_Laptop_20-29-42] Within smoothScrollToElement method
20:38:05 [TestNG-test-Test-3] INFO  verifyingDisplaySizeFilterFunctionality_Laptop_20-29-42 - [verifyingDisplaySizeFilterFunctionality_Laptop_20-29-42] Within safeFindElement method
20:38:06 [TestNG-test-Test-3] INFO  verifyingDisplaySizeFilterFunctionality_Laptop_20-29-42 - [verifyingDisplaySizeFilterFunctionality_Laptop_20-29-42]Found the element returning it ,element ->[[ChromeDriver: chrome on windows (5f28c669577438246038219e80837668)] -> xpath: //a[@id='seeMoreDetailsLink']]
20:38:06 [TestNG-test-Test-3] INFO  verifyingDisplaySizeFilterFunctionality_Laptop_20-29-42 - [verifyingDisplaySizeFilterFunctionality_Laptop_20-29-42] Successfully scrolled to element: By.xpath: //a[@id='seeMoreDetailsLink']
20:38:06 [TestNG-test-Test-3] INFO  verifyingDisplaySizeFilterFunctionality_Laptop_20-29-42 - [verifyingDisplaySizeFilterFunctionality_Laptop_20-29-42] Within safeClick method
20:38:06 [TestNG-test-Test-3] INFO  verifyingDisplaySizeFilterFunctionality_Laptop_20-29-42 - [verifyingDisplaySizeFilterFunctionality_Laptop_20-29-42] Clicked the  [[ChromeDriver: chrome on windows (5f28c669577438246038219e80837668)] -> xpath: //a[@id='seeMoreDetailsLink']]   using safeClick
20:38:06 [TestNG-test-Test-3] INFO  verifyingDisplaySizeFilterFunctionality_Laptop_20-29-42 - [verifyingDisplaySizeFilterFunctionality_Laptop_20-29-42] Within try block for clicking see more deatils within productNameListingPage loop
20:38:06 [TestNG-test-Test-3] INFO  verifyingDisplaySizeFilterFunctionality_Laptop_20-29-42 - [verifyingDisplaySizeFilterFunctionality_Laptop_20-29-42] Within closeCurrentWindowAndSwitchBack method
20:38:06 [TestNG-test-Test-3] INFO  verifyingDisplaySizeFilterFunctionality_Laptop_20-29-42 - [verifyingDisplaySizeFilterFunctionality_Laptop_20-29-42] Total open windows/tabs count -> 2
20:38:06 [TestNG-test-Test-3] INFO  verifyingDisplaySizeFilterFunctionality_Laptop_20-29-42 - [verifyingDisplaySizeFilterFunctionality_Laptop_20-29-42] Original window handle -> 4FD498FF7C268EAD07E38C1D5D5B2EA7
20:38:06 [TestNG-test-Test-3] INFO  verifyingDisplaySizeFilterFunctionality_Laptop_20-29-42 - [verifyingDisplaySizeFilterFunctionality_Laptop_20-29-42] Found new tab/window handle -> 27BBF229B9CB62D79D8391AFB0CF0AF5 (will be closed)
20:38:06 [TestNG-test-Test-3] INFO  verifyingDisplaySizeFilterFunctionality_Laptop_20-29-42 - [verifyingDisplaySizeFilterFunctionality_Laptop_20-29-42] Successfully switched to new tab/window -> 27BBF229B9CB62D79D8391AFB0CF0AF5
20:38:06 [TestNG-test-Test-3] INFO  verifyingDisplaySizeFilterFunctionality_Laptop_20-29-42 - [verifyingDisplaySizeFilterFunctionality_Laptop_20-29-42] Closed the newly opened tab/window -> 27BBF229B9CB62D79D8391AFB0CF0AF5
20:38:06 [TestNG-test-Test-3] INFO  verifyingDisplaySizeFilterFunctionality_Laptop_20-29-42 - [verifyingDisplaySizeFilterFunctionality_Laptop_20-29-42] Switched back to the original window -> 4FD498FF7C268EAD07E38C1D5D5B2EA7
20:38:06 [TestNG-test-Test-3] INFO  verifyingDisplaySizeFilterFunctionality_Laptop_20-29-42 - [verifyingDisplaySizeFilterFunctionality_Laptop_20-29-42]  going back to product listing via closeCurrentWindowAndSwitchBack 
20:38:06 [TestNG-test-Test-3] INFO  verifyingDisplaySizeFilterFunctionality_Laptop_20-29-42 - [verifyingDisplaySizeFilterFunctionality_Laptop_20-29-42]  Added 'filter','title','keyFeatures', 'about', 'techDetails' into the Map -> productResult
20:38:06 [TestNG-test-Test-3] INFO  verifyingDisplaySizeFilterFunctionality_Laptop_20-29-42 - [verifyingDisplaySizeFilterFunctionality_Laptop_20-29-42]  Added 'productResult' Map into the 'results' i.e list of maps 
20:38:06 [TestNG-test-Test-3] INFO  verifyingDisplaySizeFilterFunctionality_Laptop_20-29-42 - [verifyingDisplaySizeFilterFunctionality_Laptop_20-29-42]==========================================================================================================
20:38:06 [TestNG-test-Test-3] INFO  verifyingDisplaySizeFilterFunctionality_Laptop_20-29-42 - [verifyingDisplaySizeFilterFunctionality_Laptop_20-29-42] Within safeFindElements 
20:38:06 [TestNG-test-Test-3] INFO  verifyingDisplaySizeFilterFunctionality_Laptop_20-29-42 - [verifyingDisplaySizeFilterFunctionality_Laptop_20-29-42] Returning the  [[[ChromeDriver: chrome on windows (5f28c669577438246038219e80837668)] -> xpath: //div[@data-cy='title-recipe']], [[ChromeDriver: chrome on windows (5f28c669577438246038219e80837668)] -> xpath: //div[@data-cy='title-recipe']], [[ChromeDriver: chrome on windows (5f28c669577438246038219e80837668)] -> xpath: //div[@data-cy='title-recipe']], [[ChromeDriver: chrome on windows (5f28c669577438246038219e80837668)] -> xpath: //div[@data-cy='title-recipe']], [[ChromeDriver: chrome on windows (5f28c669577438246038219e80837668)] -> xpath: //div[@data-cy='title-recipe']], [[ChromeDriver: chrome on windows (5f28c669577438246038219e80837668)] -> xpath: //div[@data-cy='title-recipe']], [[ChromeDriver: chrome on windows (5f28c669577438246038219e80837668)] -> xpath: //div[@data-cy='title-recipe']], [[ChromeDriver: chrome on windows (5f28c669577438246038219e80837668)] -> xpath: //div[@data-cy='title-recipe']], [[ChromeDriver: chrome on windows (5f28c669577438246038219e80837668)] -> xpath: //div[@data-cy='title-recipe']], [[ChromeDriver: chrome on windows (5f28c669577438246038219e80837668)] -> xpath: //div[@data-cy='title-recipe']], [[ChromeDriver: chrome on windows (5f28c669577438246038219e80837668)] -> xpath: //div[@data-cy='title-recipe']], [[ChromeDriver: chrome on windows (5f28c669577438246038219e80837668)] -> xpath: //div[@data-cy='title-recipe']], [[ChromeDriver: chrome on windows (5f28c669577438246038219e80837668)] -> xpath: //div[@data-cy='title-recipe']], [[ChromeDriver: chrome on windows (5f28c669577438246038219e80837668)] -> xpath: //div[@data-cy='title-recipe']], [[ChromeDriver: chrome on windows (5f28c669577438246038219e80837668)] -> xpath: //div[@data-cy='title-recipe']], [[ChromeDriver: chrome on windows (5f28c669577438246038219e80837668)] -> xpath: //div[@data-cy='title-recipe']]] from the safeFindElements method
20:38:06 [TestNG-test-Test-3] INFO  verifyingDisplaySizeFilterFunctionality_Laptop_20-29-42 - [verifyingDisplaySizeFilterFunctionality_Laptop_20-29-42] Within productNameListingPage loop in applyFilterAndValidateProductsWithResult
20:38:06 [TestNG-test-Test-3] INFO  verifyingDisplaySizeFilterFunctionality_Laptop_20-29-42 - [verifyingDisplaySizeFilterFunctionality_Laptop_20-29-42] Within getProductByIndex method
20:38:06 [TestNG-test-Test-3] INFO  verifyingDisplaySizeFilterFunctionality_Laptop_20-29-42 - [verifyingDisplaySizeFilterFunctionality_Laptop_20-29-42] Within safeFindElement method
20:38:07 [TestNG-test-Test-3] INFO  verifyingDisplaySizeFilterFunctionality_Laptop_20-29-42 - [verifyingDisplaySizeFilterFunctionality_Laptop_20-29-42]Found the element returning it ,element ->[[ChromeDriver: chrome on windows (5f28c669577438246038219e80837668)] -> xpath: (//div[@data-cy='title-recipe'])[5]]
20:38:07 [TestNG-test-Test-3] INFO  verifyingDisplaySizeFilterFunctionality_Laptop_20-29-42 - [verifyingDisplaySizeFilterFunctionality_Laptop_20-29-42] Within getProductByIndex method
20:38:07 [TestNG-test-Test-3] INFO  verifyingDisplaySizeFilterFunctionality_Laptop_20-29-42 - [verifyingDisplaySizeFilterFunctionality_Laptop_20-29-42] Within smoothScrollToElement method
20:38:07 [TestNG-test-Test-3] INFO  verifyingDisplaySizeFilterFunctionality_Laptop_20-29-42 - [verifyingDisplaySizeFilterFunctionality_Laptop_20-29-42] Within safeFindElement method
20:38:07 [TestNG-test-Test-3] INFO  verifyingDisplaySizeFilterFunctionality_Laptop_20-29-42 - [verifyingDisplaySizeFilterFunctionality_Laptop_20-29-42]Found the element returning it ,element ->[[ChromeDriver: chrome on windows (5f28c669577438246038219e80837668)] -> xpath: (//div[@data-cy='title-recipe'])[5]]
20:38:07 [TestNG-test-Test-3] INFO  verifyingDisplaySizeFilterFunctionality_Laptop_20-29-42 - [verifyingDisplaySizeFilterFunctionality_Laptop_20-29-42] Successfully scrolled to element: By.xpath: (//div[@data-cy='title-recipe'])[5]
20:38:07 [TestNG-test-Test-3] INFO  verifyingDisplaySizeFilterFunctionality_Laptop_20-29-42 - [verifyingDisplaySizeFilterFunctionality_Laptop_20-29-42] Getting product by index in productNameListingPage loop
20:38:07 [TestNG-test-Test-3] INFO  verifyingDisplaySizeFilterFunctionality_Laptop_20-29-42 - [verifyingDisplaySizeFilterFunctionality_Laptop_20-29-42] Opened product in new tab via Ctrl+Click inside productNameListingPage loop
20:38:07 [TestNG-test-Test-3] INFO  verifyingDisplaySizeFilterFunctionality_Laptop_20-29-42 - [verifyingDisplaySizeFilterFunctionality_Laptop_20-29-42] Waiting for new window to open...
20:38:07 [TestNG-test-Test-3] INFO  verifyingDisplaySizeFilterFunctionality_Laptop_20-29-42 - [verifyingDisplaySizeFilterFunctionality_Laptop_20-29-42] Switched to new window -> FBC242F2206F1AFA2BFDE019FDFB207D
20:38:07 [TestNG-test-Test-3] INFO  verifyingDisplaySizeFilterFunctionality_Laptop_20-29-42 - [verifyingDisplaySizeFilterFunctionality_Laptop_20-29-42] Swithcing to the new window  within productNameListingPage loop
20:38:07 [TestNG-test-Test-3] INFO  verifyingDisplaySizeFilterFunctionality_Laptop_20-29-42 - [verifyingDisplaySizeFilterFunctionality_Laptop_20-29-42] Clicked product name to open in new tab from productNameListingPage loop
20:38:07 [TestNG-test-Test-3] INFO  verifyingDisplaySizeFilterFunctionality_Laptop_20-29-42 - [verifyingDisplaySizeFilterFunctionality_Laptop_20-29-42] Within safeFindElement method
20:38:10 [TestNG-test-Test-3] INFO  verifyingDisplaySizeFilterFunctionality_Laptop_20-29-42 - [verifyingDisplaySizeFilterFunctionality_Laptop_20-29-42]Found the element returning it ,element ->[[ChromeDriver: chrome on windows (5f28c669577438246038219e80837668)] -> xpath: //span[@id='productTitle']]
20:38:10 [TestNG-test-Test-3] INFO  verifyingDisplaySizeFilterFunctionality_Laptop_20-29-42 - [verifyingDisplaySizeFilterFunctionality_Laptop_20-29-42] Within safeFindElement method
20:38:10 [TestNG-test-Test-3] INFO  verifyingDisplaySizeFilterFunctionality_Laptop_20-29-42 - [verifyingDisplaySizeFilterFunctionality_Laptop_20-29-42]Found the element returning it ,element ->[[ChromeDriver: chrome on windows (5f28c669577438246038219e80837668)] -> xpath: //div[@class='a-section a-spacing-small a-spacing-top-small']]
20:38:10 [TestNG-test-Test-3] INFO  verifyingDisplaySizeFilterFunctionality_Laptop_20-29-42 - [verifyingDisplaySizeFilterFunctionality_Laptop_20-29-42] Within safeFindElement method
20:38:10 [TestNG-test-Test-3] INFO  verifyingDisplaySizeFilterFunctionality_Laptop_20-29-42 - [verifyingDisplaySizeFilterFunctionality_Laptop_20-29-42]Found the element returning it ,element ->[[ChromeDriver: chrome on windows (5f28c669577438246038219e80837668)] -> xpath: //div[@id='feature-bullets']]
20:38:10 [TestNG-test-Test-3] INFO  verifyingDisplaySizeFilterFunctionality_Laptop_20-29-42 - [verifyingDisplaySizeFilterFunctionality_Laptop_20-29-42] Within safeFindElement method
20:38:10 [TestNG-test-Test-3] INFO  verifyingDisplaySizeFilterFunctionality_Laptop_20-29-42 - [verifyingDisplaySizeFilterFunctionality_Laptop_20-29-42]Found the element returning it ,element ->[[ChromeDriver: chrome on windows (5f28c669577438246038219e80837668)] -> xpath: //div[@id='prodDetails']]
20:38:10 [TestNG-test-Test-3] INFO  verifyingDisplaySizeFilterFunctionality_Laptop_20-29-42 - [verifyingDisplaySizeFilterFunctionality_Laptop_20-29-42] Extracting 'name' , 'keyFeatures', 'about' , 'techDetails' within productNameListingPage loop
20:38:10 [TestNG-test-Test-3] INFO  verifyingDisplaySizeFilterFunctionality_Laptop_20-29-42 - [verifyingDisplaySizeFilterFunctionality_Laptop_20-29-42] Waiting until element is visible in viewport
20:38:20 [TestNG-test-Test-3] INFO  verifyingDisplaySizeFilterFunctionality_Laptop_20-29-42 - [verifyingDisplaySizeFilterFunctionality_Laptop_20-29-42] Within smoothScrollToElement method
20:38:20 [TestNG-test-Test-3] INFO  verifyingDisplaySizeFilterFunctionality_Laptop_20-29-42 - [verifyingDisplaySizeFilterFunctionality_Laptop_20-29-42] Within safeFindElement method
20:38:20 [TestNG-test-Test-3] INFO  verifyingDisplaySizeFilterFunctionality_Laptop_20-29-42 - [verifyingDisplaySizeFilterFunctionality_Laptop_20-29-42]Found the element returning it ,element ->[[ChromeDriver: chrome on windows (5f28c669577438246038219e80837668)] -> xpath: //a[@id='seeMoreDetailsLink']]
20:38:20 [TestNG-test-Test-3] INFO  verifyingDisplaySizeFilterFunctionality_Laptop_20-29-42 - [verifyingDisplaySizeFilterFunctionality_Laptop_20-29-42] Successfully scrolled to element: By.xpath: //a[@id='seeMoreDetailsLink']
20:38:20 [TestNG-test-Test-3] INFO  verifyingDisplaySizeFilterFunctionality_Laptop_20-29-42 - [verifyingDisplaySizeFilterFunctionality_Laptop_20-29-42] Within safeClick method
20:38:21 [TestNG-test-Test-3] INFO  verifyingDisplaySizeFilterFunctionality_Laptop_20-29-42 - [verifyingDisplaySizeFilterFunctionality_Laptop_20-29-42] Clicked the  [[ChromeDriver: chrome on windows (5f28c669577438246038219e80837668)] -> xpath: //a[@id='seeMoreDetailsLink']]   using safeClick
20:38:21 [TestNG-test-Test-3] INFO  verifyingDisplaySizeFilterFunctionality_Laptop_20-29-42 - [verifyingDisplaySizeFilterFunctionality_Laptop_20-29-42] Within try block for clicking see more deatils within productNameListingPage loop
20:38:21 [TestNG-test-Test-3] INFO  verifyingDisplaySizeFilterFunctionality_Laptop_20-29-42 - [verifyingDisplaySizeFilterFunctionality_Laptop_20-29-42] Within closeCurrentWindowAndSwitchBack method
20:38:21 [TestNG-test-Test-3] INFO  verifyingDisplaySizeFilterFunctionality_Laptop_20-29-42 - [verifyingDisplaySizeFilterFunctionality_Laptop_20-29-42] Total open windows/tabs count -> 2
20:38:21 [TestNG-test-Test-3] INFO  verifyingDisplaySizeFilterFunctionality_Laptop_20-29-42 - [verifyingDisplaySizeFilterFunctionality_Laptop_20-29-42] Original window handle -> 4FD498FF7C268EAD07E38C1D5D5B2EA7
20:38:21 [TestNG-test-Test-3] INFO  verifyingDisplaySizeFilterFunctionality_Laptop_20-29-42 - [verifyingDisplaySizeFilterFunctionality_Laptop_20-29-42] Found new tab/window handle -> FBC242F2206F1AFA2BFDE019FDFB207D (will be closed)
20:38:21 [TestNG-test-Test-3] INFO  verifyingDisplaySizeFilterFunctionality_Laptop_20-29-42 - [verifyingDisplaySizeFilterFunctionality_Laptop_20-29-42] Successfully switched to new tab/window -> FBC242F2206F1AFA2BFDE019FDFB207D
20:38:22 [TestNG-test-Test-3] INFO  verifyingDisplaySizeFilterFunctionality_Laptop_20-29-42 - [verifyingDisplaySizeFilterFunctionality_Laptop_20-29-42] Closed the newly opened tab/window -> FBC242F2206F1AFA2BFDE019FDFB207D
20:38:22 [TestNG-test-Test-3] INFO  verifyingDisplaySizeFilterFunctionality_Laptop_20-29-42 - [verifyingDisplaySizeFilterFunctionality_Laptop_20-29-42] Switched back to the original window -> 4FD498FF7C268EAD07E38C1D5D5B2EA7
20:38:22 [TestNG-test-Test-3] INFO  verifyingDisplaySizeFilterFunctionality_Laptop_20-29-42 - [verifyingDisplaySizeFilterFunctionality_Laptop_20-29-42]  going back to product listing via closeCurrentWindowAndSwitchBack 
20:38:22 [TestNG-test-Test-3] INFO  verifyingDisplaySizeFilterFunctionality_Laptop_20-29-42 - [verifyingDisplaySizeFilterFunctionality_Laptop_20-29-42]  Added 'filter','title','keyFeatures', 'about', 'techDetails' into the Map -> productResult
20:38:22 [TestNG-test-Test-3] INFO  verifyingDisplaySizeFilterFunctionality_Laptop_20-29-42 - [verifyingDisplaySizeFilterFunctionality_Laptop_20-29-42]  Added 'productResult' Map into the 'results' i.e list of maps 
20:38:22 [TestNG-test-Test-3] INFO  verifyingDisplaySizeFilterFunctionality_Laptop_20-29-42 - [verifyingDisplaySizeFilterFunctionality_Laptop_20-29-42]==========================================================================================================
20:38:22 [TestNG-test-Test-3] INFO  verifyingDisplaySizeFilterFunctionality_Laptop_20-29-42 - [verifyingDisplaySizeFilterFunctionality_Laptop_20-29-42] Within safeFindElements 
20:38:22 [TestNG-test-Test-3] INFO  verifyingDisplaySizeFilterFunctionality_Laptop_20-29-42 - [verifyingDisplaySizeFilterFunctionality_Laptop_20-29-42] Returning the  [[[ChromeDriver: chrome on windows (5f28c669577438246038219e80837668)] -> xpath: //div[@data-cy='title-recipe']], [[ChromeDriver: chrome on windows (5f28c669577438246038219e80837668)] -> xpath: //div[@data-cy='title-recipe']], [[ChromeDriver: chrome on windows (5f28c669577438246038219e80837668)] -> xpath: //div[@data-cy='title-recipe']], [[ChromeDriver: chrome on windows (5f28c669577438246038219e80837668)] -> xpath: //div[@data-cy='title-recipe']], [[ChromeDriver: chrome on windows (5f28c669577438246038219e80837668)] -> xpath: //div[@data-cy='title-recipe']], [[ChromeDriver: chrome on windows (5f28c669577438246038219e80837668)] -> xpath: //div[@data-cy='title-recipe']], [[ChromeDriver: chrome on windows (5f28c669577438246038219e80837668)] -> xpath: //div[@data-cy='title-recipe']], [[ChromeDriver: chrome on windows (5f28c669577438246038219e80837668)] -> xpath: //div[@data-cy='title-recipe']], [[ChromeDriver: chrome on windows (5f28c669577438246038219e80837668)] -> xpath: //div[@data-cy='title-recipe']], [[ChromeDriver: chrome on windows (5f28c669577438246038219e80837668)] -> xpath: //div[@data-cy='title-recipe']], [[ChromeDriver: chrome on windows (5f28c669577438246038219e80837668)] -> xpath: //div[@data-cy='title-recipe']], [[ChromeDriver: chrome on windows (5f28c669577438246038219e80837668)] -> xpath: //div[@data-cy='title-recipe']], [[ChromeDriver: chrome on windows (5f28c669577438246038219e80837668)] -> xpath: //div[@data-cy='title-recipe']], [[ChromeDriver: chrome on windows (5f28c669577438246038219e80837668)] -> xpath: //div[@data-cy='title-recipe']], [[ChromeDriver: chrome on windows (5f28c669577438246038219e80837668)] -> xpath: //div[@data-cy='title-recipe']], [[ChromeDriver: chrome on windows (5f28c669577438246038219e80837668)] -> xpath: //div[@data-cy='title-recipe']]] from the safeFindElements method
20:38:22 [TestNG-test-Test-3] INFO  verifyingDisplaySizeFilterFunctionality_Laptop_20-29-42 - [verifyingDisplaySizeFilterFunctionality_Laptop_20-29-42] Within productNameListingPage loop in applyFilterAndValidateProductsWithResult
20:38:22 [TestNG-test-Test-3] INFO  verifyingDisplaySizeFilterFunctionality_Laptop_20-29-42 - [verifyingDisplaySizeFilterFunctionality_Laptop_20-29-42] Within getProductByIndex method
20:38:22 [TestNG-test-Test-3] INFO  verifyingDisplaySizeFilterFunctionality_Laptop_20-29-42 - [verifyingDisplaySizeFilterFunctionality_Laptop_20-29-42] Within safeFindElement method
20:38:22 [TestNG-test-Test-3] INFO  verifyingDisplaySizeFilterFunctionality_Laptop_20-29-42 - [verifyingDisplaySizeFilterFunctionality_Laptop_20-29-42]Found the element returning it ,element ->[[ChromeDriver: chrome on windows (5f28c669577438246038219e80837668)] -> xpath: (//div[@data-cy='title-recipe'])[6]]
20:38:22 [TestNG-test-Test-3] INFO  verifyingDisplaySizeFilterFunctionality_Laptop_20-29-42 - [verifyingDisplaySizeFilterFunctionality_Laptop_20-29-42] Within getProductByIndex method
20:38:22 [TestNG-test-Test-3] INFO  verifyingDisplaySizeFilterFunctionality_Laptop_20-29-42 - [verifyingDisplaySizeFilterFunctionality_Laptop_20-29-42] Within smoothScrollToElement method
20:38:22 [TestNG-test-Test-3] INFO  verifyingDisplaySizeFilterFunctionality_Laptop_20-29-42 - [verifyingDisplaySizeFilterFunctionality_Laptop_20-29-42] Within safeFindElement method
20:38:22 [TestNG-test-Test-3] INFO  verifyingDisplaySizeFilterFunctionality_Laptop_20-29-42 - [verifyingDisplaySizeFilterFunctionality_Laptop_20-29-42]Found the element returning it ,element ->[[ChromeDriver: chrome on windows (5f28c669577438246038219e80837668)] -> xpath: (//div[@data-cy='title-recipe'])[6]]
20:38:22 [TestNG-test-Test-3] INFO  verifyingDisplaySizeFilterFunctionality_Laptop_20-29-42 - [verifyingDisplaySizeFilterFunctionality_Laptop_20-29-42] Successfully scrolled to element: By.xpath: (//div[@data-cy='title-recipe'])[6]
20:38:22 [TestNG-test-Test-3] INFO  verifyingDisplaySizeFilterFunctionality_Laptop_20-29-42 - [verifyingDisplaySizeFilterFunctionality_Laptop_20-29-42] Getting product by index in productNameListingPage loop
20:38:23 [TestNG-test-Test-3] INFO  verifyingDisplaySizeFilterFunctionality_Laptop_20-29-42 - [verifyingDisplaySizeFilterFunctionality_Laptop_20-29-42] Opened product in new tab via Ctrl+Click inside productNameListingPage loop
20:38:23 [TestNG-test-Test-3] INFO  verifyingDisplaySizeFilterFunctionality_Laptop_20-29-42 - [verifyingDisplaySizeFilterFunctionality_Laptop_20-29-42] Waiting for new window to open...
20:38:23 [TestNG-test-Test-3] INFO  verifyingDisplaySizeFilterFunctionality_Laptop_20-29-42 - [verifyingDisplaySizeFilterFunctionality_Laptop_20-29-42] Switched to new window -> 89F8B31ADBE4842EF6AAD9BF324B0393
20:38:23 [TestNG-test-Test-3] INFO  verifyingDisplaySizeFilterFunctionality_Laptop_20-29-42 - [verifyingDisplaySizeFilterFunctionality_Laptop_20-29-42] Swithcing to the new window  within productNameListingPage loop
20:38:23 [TestNG-test-Test-3] INFO  verifyingDisplaySizeFilterFunctionality_Laptop_20-29-42 - [verifyingDisplaySizeFilterFunctionality_Laptop_20-29-42] Clicked product name to open in new tab from productNameListingPage loop
20:38:23 [TestNG-test-Test-3] INFO  verifyingDisplaySizeFilterFunctionality_Laptop_20-29-42 - [verifyingDisplaySizeFilterFunctionality_Laptop_20-29-42] Within safeFindElement method
20:38:25 [TestNG-test-Test-3] INFO  verifyingDisplaySizeFilterFunctionality_Laptop_20-29-42 - [verifyingDisplaySizeFilterFunctionality_Laptop_20-29-42]Found the element returning it ,element ->[[ChromeDriver: chrome on windows (5f28c669577438246038219e80837668)] -> xpath: //span[@id='productTitle']]
20:38:25 [TestNG-test-Test-3] INFO  verifyingDisplaySizeFilterFunctionality_Laptop_20-29-42 - [verifyingDisplaySizeFilterFunctionality_Laptop_20-29-42] Within safeFindElement method
20:38:25 [TestNG-test-Test-3] INFO  verifyingDisplaySizeFilterFunctionality_Laptop_20-29-42 - [verifyingDisplaySizeFilterFunctionality_Laptop_20-29-42]Found the element returning it ,element ->[[ChromeDriver: chrome on windows (5f28c669577438246038219e80837668)] -> xpath: //div[@class='a-section a-spacing-small a-spacing-top-small']]
20:38:25 [TestNG-test-Test-3] INFO  verifyingDisplaySizeFilterFunctionality_Laptop_20-29-42 - [verifyingDisplaySizeFilterFunctionality_Laptop_20-29-42] Within safeFindElement method
20:38:25 [TestNG-test-Test-3] INFO  verifyingDisplaySizeFilterFunctionality_Laptop_20-29-42 - [verifyingDisplaySizeFilterFunctionality_Laptop_20-29-42]Found the element returning it ,element ->[[ChromeDriver: chrome on windows (5f28c669577438246038219e80837668)] -> xpath: //div[@id='feature-bullets']]
20:38:25 [TestNG-test-Test-3] INFO  verifyingDisplaySizeFilterFunctionality_Laptop_20-29-42 - [verifyingDisplaySizeFilterFunctionality_Laptop_20-29-42] Within safeFindElement method
20:38:25 [TestNG-test-Test-3] INFO  verifyingDisplaySizeFilterFunctionality_Laptop_20-29-42 - [verifyingDisplaySizeFilterFunctionality_Laptop_20-29-42]Found the element returning it ,element ->[[ChromeDriver: chrome on windows (5f28c669577438246038219e80837668)] -> xpath: //div[@id='prodDetails']]
20:38:25 [TestNG-test-Test-3] INFO  verifyingDisplaySizeFilterFunctionality_Laptop_20-29-42 - [verifyingDisplaySizeFilterFunctionality_Laptop_20-29-42] Extracting 'name' , 'keyFeatures', 'about' , 'techDetails' within productNameListingPage loop
20:38:25 [TestNG-test-Test-3] INFO  verifyingDisplaySizeFilterFunctionality_Laptop_20-29-42 - [verifyingDisplaySizeFilterFunctionality_Laptop_20-29-42] Waiting until element is visible in viewport
20:38:25 [TestNG-test-Test-3] INFO  verifyingDisplaySizeFilterFunctionality_Laptop_20-29-42 - [verifyingDisplaySizeFilterFunctionality_Laptop_20-29-42] Within smoothScrollToElement method
20:38:25 [TestNG-test-Test-3] INFO  verifyingDisplaySizeFilterFunctionality_Laptop_20-29-42 - [verifyingDisplaySizeFilterFunctionality_Laptop_20-29-42] Within safeFindElement method
20:38:25 [TestNG-test-Test-3] INFO  verifyingDisplaySizeFilterFunctionality_Laptop_20-29-42 - [verifyingDisplaySizeFilterFunctionality_Laptop_20-29-42]Found the element returning it ,element ->[[ChromeDriver: chrome on windows (5f28c669577438246038219e80837668)] -> xpath: //a[@id='seeMoreDetailsLink']]
20:38:26 [TestNG-test-Test-3] INFO  verifyingDisplaySizeFilterFunctionality_Laptop_20-29-42 - [verifyingDisplaySizeFilterFunctionality_Laptop_20-29-42] Successfully scrolled to element: By.xpath: //a[@id='seeMoreDetailsLink']
20:38:26 [TestNG-test-Test-3] INFO  verifyingDisplaySizeFilterFunctionality_Laptop_20-29-42 - [verifyingDisplaySizeFilterFunctionality_Laptop_20-29-42] Within safeClick method
20:38:26 [TestNG-test-Test-3] INFO  verifyingDisplaySizeFilterFunctionality_Laptop_20-29-42 - [verifyingDisplaySizeFilterFunctionality_Laptop_20-29-42] Clicked the  [[ChromeDriver: chrome on windows (5f28c669577438246038219e80837668)] -> xpath: //a[@id='seeMoreDetailsLink']]   using safeClick
20:38:26 [TestNG-test-Test-3] INFO  verifyingDisplaySizeFilterFunctionality_Laptop_20-29-42 - [verifyingDisplaySizeFilterFunctionality_Laptop_20-29-42] Within try block for clicking see more deatils within productNameListingPage loop
20:38:26 [TestNG-test-Test-3] INFO  verifyingDisplaySizeFilterFunctionality_Laptop_20-29-42 - [verifyingDisplaySizeFilterFunctionality_Laptop_20-29-42] Within closeCurrentWindowAndSwitchBack method
20:38:26 [TestNG-test-Test-3] INFO  verifyingDisplaySizeFilterFunctionality_Laptop_20-29-42 - [verifyingDisplaySizeFilterFunctionality_Laptop_20-29-42] Total open windows/tabs count -> 2
20:38:26 [TestNG-test-Test-3] INFO  verifyingDisplaySizeFilterFunctionality_Laptop_20-29-42 - [verifyingDisplaySizeFilterFunctionality_Laptop_20-29-42] Original window handle -> 4FD498FF7C268EAD07E38C1D5D5B2EA7
20:38:26 [TestNG-test-Test-3] INFO  verifyingDisplaySizeFilterFunctionality_Laptop_20-29-42 - [verifyingDisplaySizeFilterFunctionality_Laptop_20-29-42] Found new tab/window handle -> 89F8B31ADBE4842EF6AAD9BF324B0393 (will be closed)
20:38:26 [TestNG-test-Test-3] INFO  verifyingDisplaySizeFilterFunctionality_Laptop_20-29-42 - [verifyingDisplaySizeFilterFunctionality_Laptop_20-29-42] Successfully switched to new tab/window -> 89F8B31ADBE4842EF6AAD9BF324B0393
20:38:26 [TestNG-test-Test-3] INFO  verifyingDisplaySizeFilterFunctionality_Laptop_20-29-42 - [verifyingDisplaySizeFilterFunctionality_Laptop_20-29-42] Closed the newly opened tab/window -> 89F8B31ADBE4842EF6AAD9BF324B0393
20:38:26 [TestNG-test-Test-3] INFO  verifyingDisplaySizeFilterFunctionality_Laptop_20-29-42 - [verifyingDisplaySizeFilterFunctionality_Laptop_20-29-42] Switched back to the original window -> 4FD498FF7C268EAD07E38C1D5D5B2EA7
20:38:26 [TestNG-test-Test-3] INFO  verifyingDisplaySizeFilterFunctionality_Laptop_20-29-42 - [verifyingDisplaySizeFilterFunctionality_Laptop_20-29-42]  going back to product listing via closeCurrentWindowAndSwitchBack 
20:38:26 [TestNG-test-Test-3] INFO  verifyingDisplaySizeFilterFunctionality_Laptop_20-29-42 - [verifyingDisplaySizeFilterFunctionality_Laptop_20-29-42]  Added 'filter','title','keyFeatures', 'about', 'techDetails' into the Map -> productResult
20:38:26 [TestNG-test-Test-3] INFO  verifyingDisplaySizeFilterFunctionality_Laptop_20-29-42 - [verifyingDisplaySizeFilterFunctionality_Laptop_20-29-42]  Added 'productResult' Map into the 'results' i.e list of maps 
20:38:26 [TestNG-test-Test-3] INFO  verifyingDisplaySizeFilterFunctionality_Laptop_20-29-42 - [verifyingDisplaySizeFilterFunctionality_Laptop_20-29-42]==========================================================================================================
20:38:26 [TestNG-test-Test-3] INFO  verifyingDisplaySizeFilterFunctionality_Laptop_20-29-42 - [verifyingDisplaySizeFilterFunctionality_Laptop_20-29-42] Within safeFindElements 
20:38:26 [TestNG-test-Test-3] INFO  verifyingDisplaySizeFilterFunctionality_Laptop_20-29-42 - [verifyingDisplaySizeFilterFunctionality_Laptop_20-29-42] Returning the  [[[ChromeDriver: chrome on windows (5f28c669577438246038219e80837668)] -> xpath: //div[@data-cy='title-recipe']], [[ChromeDriver: chrome on windows (5f28c669577438246038219e80837668)] -> xpath: //div[@data-cy='title-recipe']], [[ChromeDriver: chrome on windows (5f28c669577438246038219e80837668)] -> xpath: //div[@data-cy='title-recipe']], [[ChromeDriver: chrome on windows (5f28c669577438246038219e80837668)] -> xpath: //div[@data-cy='title-recipe']], [[ChromeDriver: chrome on windows (5f28c669577438246038219e80837668)] -> xpath: //div[@data-cy='title-recipe']], [[ChromeDriver: chrome on windows (5f28c669577438246038219e80837668)] -> xpath: //div[@data-cy='title-recipe']], [[ChromeDriver: chrome on windows (5f28c669577438246038219e80837668)] -> xpath: //div[@data-cy='title-recipe']], [[ChromeDriver: chrome on windows (5f28c669577438246038219e80837668)] -> xpath: //div[@data-cy='title-recipe']], [[ChromeDriver: chrome on windows (5f28c669577438246038219e80837668)] -> xpath: //div[@data-cy='title-recipe']], [[ChromeDriver: chrome on windows (5f28c669577438246038219e80837668)] -> xpath: //div[@data-cy='title-recipe']], [[ChromeDriver: chrome on windows (5f28c669577438246038219e80837668)] -> xpath: //div[@data-cy='title-recipe']], [[ChromeDriver: chrome on windows (5f28c669577438246038219e80837668)] -> xpath: //div[@data-cy='title-recipe']], [[ChromeDriver: chrome on windows (5f28c669577438246038219e80837668)] -> xpath: //div[@data-cy='title-recipe']], [[ChromeDriver: chrome on windows (5f28c669577438246038219e80837668)] -> xpath: //div[@data-cy='title-recipe']], [[ChromeDriver: chrome on windows (5f28c669577438246038219e80837668)] -> xpath: //div[@data-cy='title-recipe']], [[ChromeDriver: chrome on windows (5f28c669577438246038219e80837668)] -> xpath: //div[@data-cy='title-recipe']]] from the safeFindElements method
20:38:26 [TestNG-test-Test-3] INFO  verifyingDisplaySizeFilterFunctionality_Laptop_20-29-42 - [verifyingDisplaySizeFilterFunctionality_Laptop_20-29-42] Within productNameListingPage loop in applyFilterAndValidateProductsWithResult
20:38:26 [TestNG-test-Test-3] INFO  verifyingDisplaySizeFilterFunctionality_Laptop_20-29-42 - [verifyingDisplaySizeFilterFunctionality_Laptop_20-29-42] Within getProductByIndex method
20:38:26 [TestNG-test-Test-3] INFO  verifyingDisplaySizeFilterFunctionality_Laptop_20-29-42 - [verifyingDisplaySizeFilterFunctionality_Laptop_20-29-42] Within safeFindElement method
20:38:26 [TestNG-test-Test-3] INFO  verifyingDisplaySizeFilterFunctionality_Laptop_20-29-42 - [verifyingDisplaySizeFilterFunctionality_Laptop_20-29-42]Found the element returning it ,element ->[[ChromeDriver: chrome on windows (5f28c669577438246038219e80837668)] -> xpath: (//div[@data-cy='title-recipe'])[7]]
20:38:26 [TestNG-test-Test-3] INFO  verifyingDisplaySizeFilterFunctionality_Laptop_20-29-42 - [verifyingDisplaySizeFilterFunctionality_Laptop_20-29-42] Within getProductByIndex method
20:38:26 [TestNG-test-Test-3] INFO  verifyingDisplaySizeFilterFunctionality_Laptop_20-29-42 - [verifyingDisplaySizeFilterFunctionality_Laptop_20-29-42] Within smoothScrollToElement method
20:38:26 [TestNG-test-Test-3] INFO  verifyingDisplaySizeFilterFunctionality_Laptop_20-29-42 - [verifyingDisplaySizeFilterFunctionality_Laptop_20-29-42] Within safeFindElement method
20:38:26 [TestNG-test-Test-3] INFO  verifyingDisplaySizeFilterFunctionality_Laptop_20-29-42 - [verifyingDisplaySizeFilterFunctionality_Laptop_20-29-42]Found the element returning it ,element ->[[ChromeDriver: chrome on windows (5f28c669577438246038219e80837668)] -> xpath: (//div[@data-cy='title-recipe'])[7]]
20:38:26 [TestNG-test-Test-3] INFO  verifyingDisplaySizeFilterFunctionality_Laptop_20-29-42 - [verifyingDisplaySizeFilterFunctionality_Laptop_20-29-42] Successfully scrolled to element: By.xpath: (//div[@data-cy='title-recipe'])[7]
20:38:26 [TestNG-test-Test-3] INFO  verifyingDisplaySizeFilterFunctionality_Laptop_20-29-42 - [verifyingDisplaySizeFilterFunctionality_Laptop_20-29-42] Getting product by index in productNameListingPage loop
20:38:26 [TestNG-test-Test-3] INFO  verifyingDisplaySizeFilterFunctionality_Laptop_20-29-42 - [verifyingDisplaySizeFilterFunctionality_Laptop_20-29-42] Opened product in new tab via Ctrl+Click inside productNameListingPage loop
20:38:26 [TestNG-test-Test-3] INFO  verifyingDisplaySizeFilterFunctionality_Laptop_20-29-42 - [verifyingDisplaySizeFilterFunctionality_Laptop_20-29-42] Waiting for new window to open...
20:38:26 [TestNG-test-Test-3] INFO  verifyingDisplaySizeFilterFunctionality_Laptop_20-29-42 - [verifyingDisplaySizeFilterFunctionality_Laptop_20-29-42] Switched to new window -> 6E8A855057F7A2CE81C8FC1DC86A679A
20:38:26 [TestNG-test-Test-3] INFO  verifyingDisplaySizeFilterFunctionality_Laptop_20-29-42 - [verifyingDisplaySizeFilterFunctionality_Laptop_20-29-42] Swithcing to the new window  within productNameListingPage loop
20:38:26 [TestNG-test-Test-3] INFO  verifyingDisplaySizeFilterFunctionality_Laptop_20-29-42 - [verifyingDisplaySizeFilterFunctionality_Laptop_20-29-42] Clicked product name to open in new tab from productNameListingPage loop
20:38:26 [TestNG-test-Test-3] INFO  verifyingDisplaySizeFilterFunctionality_Laptop_20-29-42 - [verifyingDisplaySizeFilterFunctionality_Laptop_20-29-42] Within safeFindElement method
20:38:29 [TestNG-test-Test-3] INFO  verifyingDisplaySizeFilterFunctionality_Laptop_20-29-42 - [verifyingDisplaySizeFilterFunctionality_Laptop_20-29-42]Found the element returning it ,element ->[[ChromeDriver: chrome on windows (5f28c669577438246038219e80837668)] -> xpath: //span[@id='productTitle']]
20:38:29 [TestNG-test-Test-3] INFO  verifyingDisplaySizeFilterFunctionality_Laptop_20-29-42 - [verifyingDisplaySizeFilterFunctionality_Laptop_20-29-42] Within safeFindElement method
20:38:29 [TestNG-test-Test-3] INFO  verifyingDisplaySizeFilterFunctionality_Laptop_20-29-42 - [verifyingDisplaySizeFilterFunctionality_Laptop_20-29-42]Found the element returning it ,element ->[[ChromeDriver: chrome on windows (5f28c669577438246038219e80837668)] -> xpath: //div[@class='a-section a-spacing-small a-spacing-top-small']]
20:38:29 [TestNG-test-Test-3] INFO  verifyingDisplaySizeFilterFunctionality_Laptop_20-29-42 - [verifyingDisplaySizeFilterFunctionality_Laptop_20-29-42] Within safeFindElement method
20:38:29 [TestNG-test-Test-3] INFO  verifyingDisplaySizeFilterFunctionality_Laptop_20-29-42 - [verifyingDisplaySizeFilterFunctionality_Laptop_20-29-42]Found the element returning it ,element ->[[ChromeDriver: chrome on windows (5f28c669577438246038219e80837668)] -> xpath: //div[@id='feature-bullets']]
20:38:29 [TestNG-test-Test-3] INFO  verifyingDisplaySizeFilterFunctionality_Laptop_20-29-42 - [verifyingDisplaySizeFilterFunctionality_Laptop_20-29-42] Within safeFindElement method
20:38:29 [TestNG-test-Test-3] INFO  verifyingDisplaySizeFilterFunctionality_Laptop_20-29-42 - [verifyingDisplaySizeFilterFunctionality_Laptop_20-29-42]Found the element returning it ,element ->[[ChromeDriver: chrome on windows (5f28c669577438246038219e80837668)] -> xpath: //div[@id='prodDetails']]
20:38:29 [TestNG-test-Test-3] INFO  verifyingDisplaySizeFilterFunctionality_Laptop_20-29-42 - [verifyingDisplaySizeFilterFunctionality_Laptop_20-29-42] Extracting 'name' , 'keyFeatures', 'about' , 'techDetails' within productNameListingPage loop
20:38:29 [TestNG-test-Test-3] INFO  verifyingDisplaySizeFilterFunctionality_Laptop_20-29-42 - [verifyingDisplaySizeFilterFunctionality_Laptop_20-29-42] Waiting until element is visible in viewport
20:38:40 [TestNG-test-Test-3] INFO  verifyingDisplaySizeFilterFunctionality_Laptop_20-29-42 - [verifyingDisplaySizeFilterFunctionality_Laptop_20-29-42] Within smoothScrollToElement method
20:38:40 [TestNG-test-Test-3] INFO  verifyingDisplaySizeFilterFunctionality_Laptop_20-29-42 - [verifyingDisplaySizeFilterFunctionality_Laptop_20-29-42] Within safeFindElement method
20:38:40 [TestNG-test-Test-3] INFO  verifyingDisplaySizeFilterFunctionality_Laptop_20-29-42 - [verifyingDisplaySizeFilterFunctionality_Laptop_20-29-42]Found the element returning it ,element ->[[ChromeDriver: chrome on windows (5f28c669577438246038219e80837668)] -> xpath: //a[@id='seeMoreDetailsLink']]
20:38:40 [TestNG-test-Test-3] INFO  verifyingDisplaySizeFilterFunctionality_Laptop_20-29-42 - [verifyingDisplaySizeFilterFunctionality_Laptop_20-29-42] Successfully scrolled to element: By.xpath: //a[@id='seeMoreDetailsLink']
20:38:40 [TestNG-test-Test-3] INFO  verifyingDisplaySizeFilterFunctionality_Laptop_20-29-42 - [verifyingDisplaySizeFilterFunctionality_Laptop_20-29-42] Within safeClick method
20:38:40 [TestNG-test-Test-3] INFO  verifyingDisplaySizeFilterFunctionality_Laptop_20-29-42 - [verifyingDisplaySizeFilterFunctionality_Laptop_20-29-42] Clicked the  [[ChromeDriver: chrome on windows (5f28c669577438246038219e80837668)] -> xpath: //a[@id='seeMoreDetailsLink']]   using safeClick
20:38:40 [TestNG-test-Test-3] INFO  verifyingDisplaySizeFilterFunctionality_Laptop_20-29-42 - [verifyingDisplaySizeFilterFunctionality_Laptop_20-29-42] Within try block for clicking see more deatils within productNameListingPage loop
20:38:40 [TestNG-test-Test-3] INFO  verifyingDisplaySizeFilterFunctionality_Laptop_20-29-42 - [verifyingDisplaySizeFilterFunctionality_Laptop_20-29-42] Within closeCurrentWindowAndSwitchBack method
20:38:40 [TestNG-test-Test-3] INFO  verifyingDisplaySizeFilterFunctionality_Laptop_20-29-42 - [verifyingDisplaySizeFilterFunctionality_Laptop_20-29-42] Total open windows/tabs count -> 2
20:38:40 [TestNG-test-Test-3] INFO  verifyingDisplaySizeFilterFunctionality_Laptop_20-29-42 - [verifyingDisplaySizeFilterFunctionality_Laptop_20-29-42] Original window handle -> 4FD498FF7C268EAD07E38C1D5D5B2EA7
20:38:40 [TestNG-test-Test-3] INFO  verifyingDisplaySizeFilterFunctionality_Laptop_20-29-42 - [verifyingDisplaySizeFilterFunctionality_Laptop_20-29-42] Found new tab/window handle -> 6E8A855057F7A2CE81C8FC1DC86A679A (will be closed)
20:38:40 [TestNG-test-Test-3] INFO  verifyingDisplaySizeFilterFunctionality_Laptop_20-29-42 - [verifyingDisplaySizeFilterFunctionality_Laptop_20-29-42] Successfully switched to new tab/window -> 6E8A855057F7A2CE81C8FC1DC86A679A
20:38:40 [TestNG-test-Test-3] INFO  verifyingDisplaySizeFilterFunctionality_Laptop_20-29-42 - [verifyingDisplaySizeFilterFunctionality_Laptop_20-29-42] Closed the newly opened tab/window -> 6E8A855057F7A2CE81C8FC1DC86A679A
20:38:40 [TestNG-test-Test-3] INFO  verifyingDisplaySizeFilterFunctionality_Laptop_20-29-42 - [verifyingDisplaySizeFilterFunctionality_Laptop_20-29-42] Switched back to the original window -> 4FD498FF7C268EAD07E38C1D5D5B2EA7
20:38:40 [TestNG-test-Test-3] INFO  verifyingDisplaySizeFilterFunctionality_Laptop_20-29-42 - [verifyingDisplaySizeFilterFunctionality_Laptop_20-29-42]  going back to product listing via closeCurrentWindowAndSwitchBack 
20:38:40 [TestNG-test-Test-3] INFO  verifyingDisplaySizeFilterFunctionality_Laptop_20-29-42 - [verifyingDisplaySizeFilterFunctionality_Laptop_20-29-42]  Added 'filter','title','keyFeatures', 'about', 'techDetails' into the Map -> productResult
20:38:40 [TestNG-test-Test-3] INFO  verifyingDisplaySizeFilterFunctionality_Laptop_20-29-42 - [verifyingDisplaySizeFilterFunctionality_Laptop_20-29-42]  Added 'productResult' Map into the 'results' i.e list of maps 
20:38:40 [TestNG-test-Test-3] INFO  verifyingDisplaySizeFilterFunctionality_Laptop_20-29-42 - [verifyingDisplaySizeFilterFunctionality_Laptop_20-29-42]==========================================================================================================
20:38:40 [TestNG-test-Test-3] INFO  verifyingDisplaySizeFilterFunctionality_Laptop_20-29-42 - [verifyingDisplaySizeFilterFunctionality_Laptop_20-29-42] Within safeFindElements 
20:38:40 [TestNG-test-Test-3] INFO  verifyingDisplaySizeFilterFunctionality_Laptop_20-29-42 - [verifyingDisplaySizeFilterFunctionality_Laptop_20-29-42] Returning the  [[[ChromeDriver: chrome on windows (5f28c669577438246038219e80837668)] -> xpath: //div[@data-cy='title-recipe']], [[ChromeDriver: chrome on windows (5f28c669577438246038219e80837668)] -> xpath: //div[@data-cy='title-recipe']], [[ChromeDriver: chrome on windows (5f28c669577438246038219e80837668)] -> xpath: //div[@data-cy='title-recipe']], [[ChromeDriver: chrome on windows (5f28c669577438246038219e80837668)] -> xpath: //div[@data-cy='title-recipe']], [[ChromeDriver: chrome on windows (5f28c669577438246038219e80837668)] -> xpath: //div[@data-cy='title-recipe']], [[ChromeDriver: chrome on windows (5f28c669577438246038219e80837668)] -> xpath: //div[@data-cy='title-recipe']], [[ChromeDriver: chrome on windows (5f28c669577438246038219e80837668)] -> xpath: //div[@data-cy='title-recipe']], [[ChromeDriver: chrome on windows (5f28c669577438246038219e80837668)] -> xpath: //div[@data-cy='title-recipe']], [[ChromeDriver: chrome on windows (5f28c669577438246038219e80837668)] -> xpath: //div[@data-cy='title-recipe']], [[ChromeDriver: chrome on windows (5f28c669577438246038219e80837668)] -> xpath: //div[@data-cy='title-recipe']], [[ChromeDriver: chrome on windows (5f28c669577438246038219e80837668)] -> xpath: //div[@data-cy='title-recipe']], [[ChromeDriver: chrome on windows (5f28c669577438246038219e80837668)] -> xpath: //div[@data-cy='title-recipe']], [[ChromeDriver: chrome on windows (5f28c669577438246038219e80837668)] -> xpath: //div[@data-cy='title-recipe']], [[ChromeDriver: chrome on windows (5f28c669577438246038219e80837668)] -> xpath: //div[@data-cy='title-recipe']], [[ChromeDriver: chrome on windows (5f28c669577438246038219e80837668)] -> xpath: //div[@data-cy='title-recipe']], [[ChromeDriver: chrome on windows (5f28c669577438246038219e80837668)] -> xpath: //div[@data-cy='title-recipe']]] from the safeFindElements method
20:38:40 [TestNG-test-Test-3] INFO  verifyingDisplaySizeFilterFunctionality_Laptop_20-29-42 - [verifyingDisplaySizeFilterFunctionality_Laptop_20-29-42] Within productNameListingPage loop in applyFilterAndValidateProductsWithResult
20:38:40 [TestNG-test-Test-3] INFO  verifyingDisplaySizeFilterFunctionality_Laptop_20-29-42 - [verifyingDisplaySizeFilterFunctionality_Laptop_20-29-42] Within getProductByIndex method
20:38:40 [TestNG-test-Test-3] INFO  verifyingDisplaySizeFilterFunctionality_Laptop_20-29-42 - [verifyingDisplaySizeFilterFunctionality_Laptop_20-29-42] Within safeFindElement method
20:38:40 [TestNG-test-Test-3] INFO  verifyingDisplaySizeFilterFunctionality_Laptop_20-29-42 - [verifyingDisplaySizeFilterFunctionality_Laptop_20-29-42]Found the element returning it ,element ->[[ChromeDriver: chrome on windows (5f28c669577438246038219e80837668)] -> xpath: (//div[@data-cy='title-recipe'])[8]]
20:38:40 [TestNG-test-Test-3] INFO  verifyingDisplaySizeFilterFunctionality_Laptop_20-29-42 - [verifyingDisplaySizeFilterFunctionality_Laptop_20-29-42] Within getProductByIndex method
20:38:40 [TestNG-test-Test-3] INFO  verifyingDisplaySizeFilterFunctionality_Laptop_20-29-42 - [verifyingDisplaySizeFilterFunctionality_Laptop_20-29-42] Within smoothScrollToElement method
20:38:40 [TestNG-test-Test-3] INFO  verifyingDisplaySizeFilterFunctionality_Laptop_20-29-42 - [verifyingDisplaySizeFilterFunctionality_Laptop_20-29-42] Within safeFindElement method
20:38:40 [TestNG-test-Test-3] INFO  verifyingDisplaySizeFilterFunctionality_Laptop_20-29-42 - [verifyingDisplaySizeFilterFunctionality_Laptop_20-29-42]Found the element returning it ,element ->[[ChromeDriver: chrome on windows (5f28c669577438246038219e80837668)] -> xpath: (//div[@data-cy='title-recipe'])[8]]
20:38:40 [TestNG-test-Test-3] INFO  verifyingDisplaySizeFilterFunctionality_Laptop_20-29-42 - [verifyingDisplaySizeFilterFunctionality_Laptop_20-29-42] Successfully scrolled to element: By.xpath: (//div[@data-cy='title-recipe'])[8]
20:38:40 [TestNG-test-Test-3] INFO  verifyingDisplaySizeFilterFunctionality_Laptop_20-29-42 - [verifyingDisplaySizeFilterFunctionality_Laptop_20-29-42] Getting product by index in productNameListingPage loop
20:38:41 [TestNG-test-Test-3] INFO  verifyingDisplaySizeFilterFunctionality_Laptop_20-29-42 - [verifyingDisplaySizeFilterFunctionality_Laptop_20-29-42] Opened product in new tab via Ctrl+Click inside productNameListingPage loop
20:38:41 [TestNG-test-Test-3] INFO  verifyingDisplaySizeFilterFunctionality_Laptop_20-29-42 - [verifyingDisplaySizeFilterFunctionality_Laptop_20-29-42] Waiting for new window to open...
20:38:41 [TestNG-test-Test-3] INFO  verifyingDisplaySizeFilterFunctionality_Laptop_20-29-42 - [verifyingDisplaySizeFilterFunctionality_Laptop_20-29-42] Switched to new window -> 129243BA657CC7F8FA02F0A7B0A9F41F
20:38:41 [TestNG-test-Test-3] INFO  verifyingDisplaySizeFilterFunctionality_Laptop_20-29-42 - [verifyingDisplaySizeFilterFunctionality_Laptop_20-29-42] Swithcing to the new window  within productNameListingPage loop
20:38:41 [TestNG-test-Test-3] INFO  verifyingDisplaySizeFilterFunctionality_Laptop_20-29-42 - [verifyingDisplaySizeFilterFunctionality_Laptop_20-29-42] Clicked product name to open in new tab from productNameListingPage loop
20:38:41 [TestNG-test-Test-3] INFO  verifyingDisplaySizeFilterFunctionality_Laptop_20-29-42 - [verifyingDisplaySizeFilterFunctionality_Laptop_20-29-42] Within safeFindElement method
20:38:43 [TestNG-test-Test-3] INFO  verifyingDisplaySizeFilterFunctionality_Laptop_20-29-42 - [verifyingDisplaySizeFilterFunctionality_Laptop_20-29-42]Found the element returning it ,element ->[[ChromeDriver: chrome on windows (5f28c669577438246038219e80837668)] -> xpath: //span[@id='productTitle']]
20:38:43 [TestNG-test-Test-3] INFO  verifyingDisplaySizeFilterFunctionality_Laptop_20-29-42 - [verifyingDisplaySizeFilterFunctionality_Laptop_20-29-42] Within safeFindElement method
20:38:43 [TestNG-test-Test-3] INFO  verifyingDisplaySizeFilterFunctionality_Laptop_20-29-42 - [verifyingDisplaySizeFilterFunctionality_Laptop_20-29-42]Found the element returning it ,element ->[[ChromeDriver: chrome on windows (5f28c669577438246038219e80837668)] -> xpath: //div[@class='a-section a-spacing-small a-spacing-top-small']]
20:38:43 [TestNG-test-Test-3] INFO  verifyingDisplaySizeFilterFunctionality_Laptop_20-29-42 - [verifyingDisplaySizeFilterFunctionality_Laptop_20-29-42] Within safeFindElement method
20:38:43 [TestNG-test-Test-3] INFO  verifyingDisplaySizeFilterFunctionality_Laptop_20-29-42 - [verifyingDisplaySizeFilterFunctionality_Laptop_20-29-42]Found the element returning it ,element ->[[ChromeDriver: chrome on windows (5f28c669577438246038219e80837668)] -> xpath: //div[@id='feature-bullets']]
20:38:43 [TestNG-test-Test-3] INFO  verifyingDisplaySizeFilterFunctionality_Laptop_20-29-42 - [verifyingDisplaySizeFilterFunctionality_Laptop_20-29-42] Within safeFindElement method
20:38:43 [TestNG-test-Test-3] INFO  verifyingDisplaySizeFilterFunctionality_Laptop_20-29-42 - [verifyingDisplaySizeFilterFunctionality_Laptop_20-29-42]Found the element returning it ,element ->[[ChromeDriver: chrome on windows (5f28c669577438246038219e80837668)] -> xpath: //div[@id='prodDetails']]
20:38:43 [TestNG-test-Test-3] INFO  verifyingDisplaySizeFilterFunctionality_Laptop_20-29-42 - [verifyingDisplaySizeFilterFunctionality_Laptop_20-29-42] Extracting 'name' , 'keyFeatures', 'about' , 'techDetails' within productNameListingPage loop
20:38:43 [TestNG-test-Test-3] INFO  verifyingDisplaySizeFilterFunctionality_Laptop_20-29-42 - [verifyingDisplaySizeFilterFunctionality_Laptop_20-29-42] Waiting until element is visible in viewport
20:38:44 [TestNG-test-Test-3] INFO  verifyingDisplaySizeFilterFunctionality_Laptop_20-29-42 - [verifyingDisplaySizeFilterFunctionality_Laptop_20-29-42] Within smoothScrollToElement method
20:38:44 [TestNG-test-Test-3] INFO  verifyingDisplaySizeFilterFunctionality_Laptop_20-29-42 - [verifyingDisplaySizeFilterFunctionality_Laptop_20-29-42] Within safeFindElement method
20:38:44 [TestNG-test-Test-3] INFO  verifyingDisplaySizeFilterFunctionality_Laptop_20-29-42 - [verifyingDisplaySizeFilterFunctionality_Laptop_20-29-42]Found the element returning it ,element ->[[ChromeDriver: chrome on windows (5f28c669577438246038219e80837668)] -> xpath: //a[@id='seeMoreDetailsLink']]
20:38:44 [TestNG-test-Test-3] INFO  verifyingDisplaySizeFilterFunctionality_Laptop_20-29-42 - [verifyingDisplaySizeFilterFunctionality_Laptop_20-29-42] Successfully scrolled to element: By.xpath: //a[@id='seeMoreDetailsLink']
20:38:44 [TestNG-test-Test-3] INFO  verifyingDisplaySizeFilterFunctionality_Laptop_20-29-42 - [verifyingDisplaySizeFilterFunctionality_Laptop_20-29-42] Within safeClick method
20:38:44 [TestNG-test-Test-3] INFO  verifyingDisplaySizeFilterFunctionality_Laptop_20-29-42 - [verifyingDisplaySizeFilterFunctionality_Laptop_20-29-42] Clicked the  [[ChromeDriver: chrome on windows (5f28c669577438246038219e80837668)] -> xpath: //a[@id='seeMoreDetailsLink']]   using safeClick
20:38:44 [TestNG-test-Test-3] INFO  verifyingDisplaySizeFilterFunctionality_Laptop_20-29-42 - [verifyingDisplaySizeFilterFunctionality_Laptop_20-29-42] Within try block for clicking see more deatils within productNameListingPage loop
20:38:44 [TestNG-test-Test-3] INFO  verifyingDisplaySizeFilterFunctionality_Laptop_20-29-42 - [verifyingDisplaySizeFilterFunctionality_Laptop_20-29-42] Within closeCurrentWindowAndSwitchBack method
20:38:44 [TestNG-test-Test-3] INFO  verifyingDisplaySizeFilterFunctionality_Laptop_20-29-42 - [verifyingDisplaySizeFilterFunctionality_Laptop_20-29-42] Total open windows/tabs count -> 2
20:38:44 [TestNG-test-Test-3] INFO  verifyingDisplaySizeFilterFunctionality_Laptop_20-29-42 - [verifyingDisplaySizeFilterFunctionality_Laptop_20-29-42] Original window handle -> 4FD498FF7C268EAD07E38C1D5D5B2EA7
20:38:44 [TestNG-test-Test-3] INFO  verifyingDisplaySizeFilterFunctionality_Laptop_20-29-42 - [verifyingDisplaySizeFilterFunctionality_Laptop_20-29-42] Found new tab/window handle -> 129243BA657CC7F8FA02F0A7B0A9F41F (will be closed)
20:38:44 [TestNG-test-Test-3] INFO  verifyingDisplaySizeFilterFunctionality_Laptop_20-29-42 - [verifyingDisplaySizeFilterFunctionality_Laptop_20-29-42] Successfully switched to new tab/window -> 129243BA657CC7F8FA02F0A7B0A9F41F
20:38:44 [TestNG-test-Test-3] INFO  verifyingDisplaySizeFilterFunctionality_Laptop_20-29-42 - [verifyingDisplaySizeFilterFunctionality_Laptop_20-29-42] Closed the newly opened tab/window -> 129243BA657CC7F8FA02F0A7B0A9F41F
20:38:44 [TestNG-test-Test-3] INFO  verifyingDisplaySizeFilterFunctionality_Laptop_20-29-42 - [verifyingDisplaySizeFilterFunctionality_Laptop_20-29-42] Switched back to the original window -> 4FD498FF7C268EAD07E38C1D5D5B2EA7
20:38:44 [TestNG-test-Test-3] INFO  verifyingDisplaySizeFilterFunctionality_Laptop_20-29-42 - [verifyingDisplaySizeFilterFunctionality_Laptop_20-29-42]  going back to product listing via closeCurrentWindowAndSwitchBack 
20:38:44 [TestNG-test-Test-3] INFO  verifyingDisplaySizeFilterFunctionality_Laptop_20-29-42 - [verifyingDisplaySizeFilterFunctionality_Laptop_20-29-42]  Added 'filter','title','keyFeatures', 'about', 'techDetails' into the Map -> productResult
20:38:44 [TestNG-test-Test-3] INFO  verifyingDisplaySizeFilterFunctionality_Laptop_20-29-42 - [verifyingDisplaySizeFilterFunctionality_Laptop_20-29-42]  Added 'productResult' Map into the 'results' i.e list of maps 
20:38:44 [TestNG-test-Test-3] INFO  verifyingDisplaySizeFilterFunctionality_Laptop_20-29-42 - [verifyingDisplaySizeFilterFunctionality_Laptop_20-29-42]==========================================================================================================
20:38:44 [TestNG-test-Test-3] INFO  verifyingDisplaySizeFilterFunctionality_Laptop_20-29-42 - [verifyingDisplaySizeFilterFunctionality_Laptop_20-29-42] Within safeFindElements 
20:38:44 [TestNG-test-Test-3] INFO  verifyingDisplaySizeFilterFunctionality_Laptop_20-29-42 - [verifyingDisplaySizeFilterFunctionality_Laptop_20-29-42] Returning the  [[[ChromeDriver: chrome on windows (5f28c669577438246038219e80837668)] -> xpath: //div[@data-cy='title-recipe']], [[ChromeDriver: chrome on windows (5f28c669577438246038219e80837668)] -> xpath: //div[@data-cy='title-recipe']], [[ChromeDriver: chrome on windows (5f28c669577438246038219e80837668)] -> xpath: //div[@data-cy='title-recipe']], [[ChromeDriver: chrome on windows (5f28c669577438246038219e80837668)] -> xpath: //div[@data-cy='title-recipe']], [[ChromeDriver: chrome on windows (5f28c669577438246038219e80837668)] -> xpath: //div[@data-cy='title-recipe']], [[ChromeDriver: chrome on windows (5f28c669577438246038219e80837668)] -> xpath: //div[@data-cy='title-recipe']], [[ChromeDriver: chrome on windows (5f28c669577438246038219e80837668)] -> xpath: //div[@data-cy='title-recipe']], [[ChromeDriver: chrome on windows (5f28c669577438246038219e80837668)] -> xpath: //div[@data-cy='title-recipe']], [[ChromeDriver: chrome on windows (5f28c669577438246038219e80837668)] -> xpath: //div[@data-cy='title-recipe']], [[ChromeDriver: chrome on windows (5f28c669577438246038219e80837668)] -> xpath: //div[@data-cy='title-recipe']], [[ChromeDriver: chrome on windows (5f28c669577438246038219e80837668)] -> xpath: //div[@data-cy='title-recipe']], [[ChromeDriver: chrome on windows (5f28c669577438246038219e80837668)] -> xpath: //div[@data-cy='title-recipe']], [[ChromeDriver: chrome on windows (5f28c669577438246038219e80837668)] -> xpath: //div[@data-cy='title-recipe']], [[ChromeDriver: chrome on windows (5f28c669577438246038219e80837668)] -> xpath: //div[@data-cy='title-recipe']], [[ChromeDriver: chrome on windows (5f28c669577438246038219e80837668)] -> xpath: //div[@data-cy='title-recipe']], [[ChromeDriver: chrome on windows (5f28c669577438246038219e80837668)] -> xpath: //div[@data-cy='title-recipe']]] from the safeFindElements method
20:38:44 [TestNG-test-Test-3] INFO  verifyingDisplaySizeFilterFunctionality_Laptop_20-29-42 - [verifyingDisplaySizeFilterFunctionality_Laptop_20-29-42] Within productNameListingPage loop in applyFilterAndValidateProductsWithResult
20:38:44 [TestNG-test-Test-3] INFO  verifyingDisplaySizeFilterFunctionality_Laptop_20-29-42 - [verifyingDisplaySizeFilterFunctionality_Laptop_20-29-42] Within getProductByIndex method
20:38:44 [TestNG-test-Test-3] INFO  verifyingDisplaySizeFilterFunctionality_Laptop_20-29-42 - [verifyingDisplaySizeFilterFunctionality_Laptop_20-29-42] Within safeFindElement method
20:38:44 [TestNG-test-Test-3] INFO  verifyingDisplaySizeFilterFunctionality_Laptop_20-29-42 - [verifyingDisplaySizeFilterFunctionality_Laptop_20-29-42]Found the element returning it ,element ->[[ChromeDriver: chrome on windows (5f28c669577438246038219e80837668)] -> xpath: (//div[@data-cy='title-recipe'])[9]]
20:38:44 [TestNG-test-Test-3] INFO  verifyingDisplaySizeFilterFunctionality_Laptop_20-29-42 - [verifyingDisplaySizeFilterFunctionality_Laptop_20-29-42] Within getProductByIndex method
20:38:44 [TestNG-test-Test-3] INFO  verifyingDisplaySizeFilterFunctionality_Laptop_20-29-42 - [verifyingDisplaySizeFilterFunctionality_Laptop_20-29-42] Within smoothScrollToElement method
20:38:44 [TestNG-test-Test-3] INFO  verifyingDisplaySizeFilterFunctionality_Laptop_20-29-42 - [verifyingDisplaySizeFilterFunctionality_Laptop_20-29-42] Within safeFindElement method
20:38:44 [TestNG-test-Test-3] INFO  verifyingDisplaySizeFilterFunctionality_Laptop_20-29-42 - [verifyingDisplaySizeFilterFunctionality_Laptop_20-29-42]Found the element returning it ,element ->[[ChromeDriver: chrome on windows (5f28c669577438246038219e80837668)] -> xpath: (//div[@data-cy='title-recipe'])[9]]
20:38:44 [TestNG-test-Test-3] INFO  verifyingDisplaySizeFilterFunctionality_Laptop_20-29-42 - [verifyingDisplaySizeFilterFunctionality_Laptop_20-29-42] Successfully scrolled to element: By.xpath: (//div[@data-cy='title-recipe'])[9]
20:38:44 [TestNG-test-Test-3] INFO  verifyingDisplaySizeFilterFunctionality_Laptop_20-29-42 - [verifyingDisplaySizeFilterFunctionality_Laptop_20-29-42] Getting product by index in productNameListingPage loop
20:38:44 [TestNG-test-Test-3] INFO  verifyingDisplaySizeFilterFunctionality_Laptop_20-29-42 - [verifyingDisplaySizeFilterFunctionality_Laptop_20-29-42] Opened product in new tab via Ctrl+Click inside productNameListingPage loop
20:38:44 [TestNG-test-Test-3] INFO  verifyingDisplaySizeFilterFunctionality_Laptop_20-29-42 - [verifyingDisplaySizeFilterFunctionality_Laptop_20-29-42] Waiting for new window to open...
20:38:44 [TestNG-test-Test-3] INFO  verifyingDisplaySizeFilterFunctionality_Laptop_20-29-42 - [verifyingDisplaySizeFilterFunctionality_Laptop_20-29-42] Switched to new window -> 093482B23740181552C2E314A4D0EF64
20:38:44 [TestNG-test-Test-3] INFO  verifyingDisplaySizeFilterFunctionality_Laptop_20-29-42 - [verifyingDisplaySizeFilterFunctionality_Laptop_20-29-42] Swithcing to the new window  within productNameListingPage loop
20:38:44 [TestNG-test-Test-3] INFO  verifyingDisplaySizeFilterFunctionality_Laptop_20-29-42 - [verifyingDisplaySizeFilterFunctionality_Laptop_20-29-42] Clicked product name to open in new tab from productNameListingPage loop
20:38:44 [TestNG-test-Test-3] INFO  verifyingDisplaySizeFilterFunctionality_Laptop_20-29-42 - [verifyingDisplaySizeFilterFunctionality_Laptop_20-29-42] Within safeFindElement method
20:38:47 [TestNG-test-Test-3] INFO  verifyingDisplaySizeFilterFunctionality_Laptop_20-29-42 - [verifyingDisplaySizeFilterFunctionality_Laptop_20-29-42]Found the element returning it ,element ->[[ChromeDriver: chrome on windows (5f28c669577438246038219e80837668)] -> xpath: //span[@id='productTitle']]
20:38:47 [TestNG-test-Test-3] INFO  verifyingDisplaySizeFilterFunctionality_Laptop_20-29-42 - [verifyingDisplaySizeFilterFunctionality_Laptop_20-29-42] Within safeFindElement method
20:38:47 [TestNG-test-Test-3] INFO  verifyingDisplaySizeFilterFunctionality_Laptop_20-29-42 - [verifyingDisplaySizeFilterFunctionality_Laptop_20-29-42]Found the element returning it ,element ->[[ChromeDriver: chrome on windows (5f28c669577438246038219e80837668)] -> xpath: //div[@class='a-section a-spacing-small a-spacing-top-small']]
20:38:47 [TestNG-test-Test-3] INFO  verifyingDisplaySizeFilterFunctionality_Laptop_20-29-42 - [verifyingDisplaySizeFilterFunctionality_Laptop_20-29-42] Within safeFindElement method
20:38:47 [TestNG-test-Test-3] INFO  verifyingDisplaySizeFilterFunctionality_Laptop_20-29-42 - [verifyingDisplaySizeFilterFunctionality_Laptop_20-29-42]Found the element returning it ,element ->[[ChromeDriver: chrome on windows (5f28c669577438246038219e80837668)] -> xpath: //div[@id='feature-bullets']]
20:38:47 [TestNG-test-Test-3] INFO  verifyingDisplaySizeFilterFunctionality_Laptop_20-29-42 - [verifyingDisplaySizeFilterFunctionality_Laptop_20-29-42] Within safeFindElement method
20:38:47 [TestNG-test-Test-3] INFO  verifyingDisplaySizeFilterFunctionality_Laptop_20-29-42 - [verifyingDisplaySizeFilterFunctionality_Laptop_20-29-42]Found the element returning it ,element ->[[ChromeDriver: chrome on windows (5f28c669577438246038219e80837668)] -> xpath: //div[@id='prodDetails']]
20:38:47 [TestNG-test-Test-3] INFO  verifyingDisplaySizeFilterFunctionality_Laptop_20-29-42 - [verifyingDisplaySizeFilterFunctionality_Laptop_20-29-42] Extracting 'name' , 'keyFeatures', 'about' , 'techDetails' within productNameListingPage loop
20:38:47 [TestNG-test-Test-3] INFO  verifyingDisplaySizeFilterFunctionality_Laptop_20-29-42 - [verifyingDisplaySizeFilterFunctionality_Laptop_20-29-42] Waiting until element is visible in viewport
20:38:57 [TestNG-test-Test-3] INFO  verifyingDisplaySizeFilterFunctionality_Laptop_20-29-42 - [verifyingDisplaySizeFilterFunctionality_Laptop_20-29-42] Within smoothScrollToElement method
20:38:57 [TestNG-test-Test-3] INFO  verifyingDisplaySizeFilterFunctionality_Laptop_20-29-42 - [verifyingDisplaySizeFilterFunctionality_Laptop_20-29-42] Within safeFindElement method
20:38:58 [TestNG-test-Test-3] INFO  verifyingDisplaySizeFilterFunctionality_Laptop_20-29-42 - [verifyingDisplaySizeFilterFunctionality_Laptop_20-29-42]Found the element returning it ,element ->[[ChromeDriver: chrome on windows (5f28c669577438246038219e80837668)] -> xpath: //a[@id='seeMoreDetailsLink']]
20:38:58 [TestNG-test-Test-3] INFO  verifyingDisplaySizeFilterFunctionality_Laptop_20-29-42 - [verifyingDisplaySizeFilterFunctionality_Laptop_20-29-42] Successfully scrolled to element: By.xpath: //a[@id='seeMoreDetailsLink']
20:38:58 [TestNG-test-Test-3] INFO  verifyingDisplaySizeFilterFunctionality_Laptop_20-29-42 - [verifyingDisplaySizeFilterFunctionality_Laptop_20-29-42] Within safeClick method
20:38:58 [TestNG-test-Test-3] INFO  verifyingDisplaySizeFilterFunctionality_Laptop_20-29-42 - [verifyingDisplaySizeFilterFunctionality_Laptop_20-29-42] Clicked the  [[ChromeDriver: chrome on windows (5f28c669577438246038219e80837668)] -> xpath: //a[@id='seeMoreDetailsLink']]   using safeClick
20:38:58 [TestNG-test-Test-3] INFO  verifyingDisplaySizeFilterFunctionality_Laptop_20-29-42 - [verifyingDisplaySizeFilterFunctionality_Laptop_20-29-42] Within try block for clicking see more deatils within productNameListingPage loop
20:38:58 [TestNG-test-Test-3] INFO  verifyingDisplaySizeFilterFunctionality_Laptop_20-29-42 - [verifyingDisplaySizeFilterFunctionality_Laptop_20-29-42] Within closeCurrentWindowAndSwitchBack method
20:38:58 [TestNG-test-Test-3] INFO  verifyingDisplaySizeFilterFunctionality_Laptop_20-29-42 - [verifyingDisplaySizeFilterFunctionality_Laptop_20-29-42] Total open windows/tabs count -> 2
20:38:58 [TestNG-test-Test-3] INFO  verifyingDisplaySizeFilterFunctionality_Laptop_20-29-42 - [verifyingDisplaySizeFilterFunctionality_Laptop_20-29-42] Original window handle -> 4FD498FF7C268EAD07E38C1D5D5B2EA7
20:38:58 [TestNG-test-Test-3] INFO  verifyingDisplaySizeFilterFunctionality_Laptop_20-29-42 - [verifyingDisplaySizeFilterFunctionality_Laptop_20-29-42] Found new tab/window handle -> 093482B23740181552C2E314A4D0EF64 (will be closed)
20:38:58 [TestNG-test-Test-3] INFO  verifyingDisplaySizeFilterFunctionality_Laptop_20-29-42 - [verifyingDisplaySizeFilterFunctionality_Laptop_20-29-42] Successfully switched to new tab/window -> 093482B23740181552C2E314A4D0EF64
20:38:58 [TestNG-test-Test-3] INFO  verifyingDisplaySizeFilterFunctionality_Laptop_20-29-42 - [verifyingDisplaySizeFilterFunctionality_Laptop_20-29-42] Closed the newly opened tab/window -> 093482B23740181552C2E314A4D0EF64
20:38:58 [TestNG-test-Test-3] INFO  verifyingDisplaySizeFilterFunctionality_Laptop_20-29-42 - [verifyingDisplaySizeFilterFunctionality_Laptop_20-29-42] Switched back to the original window -> 4FD498FF7C268EAD07E38C1D5D5B2EA7
20:38:58 [TestNG-test-Test-3] INFO  verifyingDisplaySizeFilterFunctionality_Laptop_20-29-42 - [verifyingDisplaySizeFilterFunctionality_Laptop_20-29-42]  going back to product listing via closeCurrentWindowAndSwitchBack 
20:38:58 [TestNG-test-Test-3] INFO  verifyingDisplaySizeFilterFunctionality_Laptop_20-29-42 - [verifyingDisplaySizeFilterFunctionality_Laptop_20-29-42]  Added 'filter','title','keyFeatures', 'about', 'techDetails' into the Map -> productResult
20:38:58 [TestNG-test-Test-3] INFO  verifyingDisplaySizeFilterFunctionality_Laptop_20-29-42 - [verifyingDisplaySizeFilterFunctionality_Laptop_20-29-42]  Added 'productResult' Map into the 'results' i.e list of maps 
20:38:58 [TestNG-test-Test-3] INFO  verifyingDisplaySizeFilterFunctionality_Laptop_20-29-42 - [verifyingDisplaySizeFilterFunctionality_Laptop_20-29-42]==========================================================================================================
20:38:58 [TestNG-test-Test-3] INFO  verifyingDisplaySizeFilterFunctionality_Laptop_20-29-42 - [verifyingDisplaySizeFilterFunctionality_Laptop_20-29-42] Within safeFindElements 
20:38:58 [TestNG-test-Test-3] INFO  verifyingDisplaySizeFilterFunctionality_Laptop_20-29-42 - [verifyingDisplaySizeFilterFunctionality_Laptop_20-29-42] Returning the  [[[ChromeDriver: chrome on windows (5f28c669577438246038219e80837668)] -> xpath: //div[@data-cy='title-recipe']], [[ChromeDriver: chrome on windows (5f28c669577438246038219e80837668)] -> xpath: //div[@data-cy='title-recipe']], [[ChromeDriver: chrome on windows (5f28c669577438246038219e80837668)] -> xpath: //div[@data-cy='title-recipe']], [[ChromeDriver: chrome on windows (5f28c669577438246038219e80837668)] -> xpath: //div[@data-cy='title-recipe']], [[ChromeDriver: chrome on windows (5f28c669577438246038219e80837668)] -> xpath: //div[@data-cy='title-recipe']], [[ChromeDriver: chrome on windows (5f28c669577438246038219e80837668)] -> xpath: //div[@data-cy='title-recipe']], [[ChromeDriver: chrome on windows (5f28c669577438246038219e80837668)] -> xpath: //div[@data-cy='title-recipe']], [[ChromeDriver: chrome on windows (5f28c669577438246038219e80837668)] -> xpath: //div[@data-cy='title-recipe']], [[ChromeDriver: chrome on windows (5f28c669577438246038219e80837668)] -> xpath: //div[@data-cy='title-recipe']], [[ChromeDriver: chrome on windows (5f28c669577438246038219e80837668)] -> xpath: //div[@data-cy='title-recipe']], [[ChromeDriver: chrome on windows (5f28c669577438246038219e80837668)] -> xpath: //div[@data-cy='title-recipe']], [[ChromeDriver: chrome on windows (5f28c669577438246038219e80837668)] -> xpath: //div[@data-cy='title-recipe']], [[ChromeDriver: chrome on windows (5f28c669577438246038219e80837668)] -> xpath: //div[@data-cy='title-recipe']], [[ChromeDriver: chrome on windows (5f28c669577438246038219e80837668)] -> xpath: //div[@data-cy='title-recipe']], [[ChromeDriver: chrome on windows (5f28c669577438246038219e80837668)] -> xpath: //div[@data-cy='title-recipe']], [[ChromeDriver: chrome on windows (5f28c669577438246038219e80837668)] -> xpath: //div[@data-cy='title-recipe']]] from the safeFindElements method
20:38:58 [TestNG-test-Test-3] INFO  verifyingDisplaySizeFilterFunctionality_Laptop_20-29-42 - [verifyingDisplaySizeFilterFunctionality_Laptop_20-29-42] Within productNameListingPage loop in applyFilterAndValidateProductsWithResult
20:38:58 [TestNG-test-Test-3] INFO  verifyingDisplaySizeFilterFunctionality_Laptop_20-29-42 - [verifyingDisplaySizeFilterFunctionality_Laptop_20-29-42] Within getProductByIndex method
20:38:58 [TestNG-test-Test-3] INFO  verifyingDisplaySizeFilterFunctionality_Laptop_20-29-42 - [verifyingDisplaySizeFilterFunctionality_Laptop_20-29-42] Within safeFindElement method
20:38:58 [TestNG-test-Test-3] INFO  verifyingDisplaySizeFilterFunctionality_Laptop_20-29-42 - [verifyingDisplaySizeFilterFunctionality_Laptop_20-29-42]Found the element returning it ,element ->[[ChromeDriver: chrome on windows (5f28c669577438246038219e80837668)] -> xpath: (//div[@data-cy='title-recipe'])[10]]
20:38:58 [TestNG-test-Test-3] INFO  verifyingDisplaySizeFilterFunctionality_Laptop_20-29-42 - [verifyingDisplaySizeFilterFunctionality_Laptop_20-29-42] Within getProductByIndex method
20:38:58 [TestNG-test-Test-3] INFO  verifyingDisplaySizeFilterFunctionality_Laptop_20-29-42 - [verifyingDisplaySizeFilterFunctionality_Laptop_20-29-42] Within smoothScrollToElement method
20:38:58 [TestNG-test-Test-3] INFO  verifyingDisplaySizeFilterFunctionality_Laptop_20-29-42 - [verifyingDisplaySizeFilterFunctionality_Laptop_20-29-42] Within safeFindElement method
20:38:58 [TestNG-test-Test-3] INFO  verifyingDisplaySizeFilterFunctionality_Laptop_20-29-42 - [verifyingDisplaySizeFilterFunctionality_Laptop_20-29-42]Found the element returning it ,element ->[[ChromeDriver: chrome on windows (5f28c669577438246038219e80837668)] -> xpath: (//div[@data-cy='title-recipe'])[10]]
20:38:58 [TestNG-test-Test-3] INFO  verifyingDisplaySizeFilterFunctionality_Laptop_20-29-42 - [verifyingDisplaySizeFilterFunctionality_Laptop_20-29-42] Successfully scrolled to element: By.xpath: (//div[@data-cy='title-recipe'])[10]
20:38:58 [TestNG-test-Test-3] INFO  verifyingDisplaySizeFilterFunctionality_Laptop_20-29-42 - [verifyingDisplaySizeFilterFunctionality_Laptop_20-29-42] Getting product by index in productNameListingPage loop
20:38:58 [TestNG-test-Test-3] INFO  verifyingDisplaySizeFilterFunctionality_Laptop_20-29-42 - [verifyingDisplaySizeFilterFunctionality_Laptop_20-29-42] Opened product in new tab via Ctrl+Click inside productNameListingPage loop
20:38:58 [TestNG-test-Test-3] INFO  verifyingDisplaySizeFilterFunctionality_Laptop_20-29-42 - [verifyingDisplaySizeFilterFunctionality_Laptop_20-29-42] Waiting for new window to open...
20:38:58 [TestNG-test-Test-3] INFO  verifyingDisplaySizeFilterFunctionality_Laptop_20-29-42 - [verifyingDisplaySizeFilterFunctionality_Laptop_20-29-42] Switched to new window -> 7D599D2E0E6ADC1BCF34DB77608B3B8D
20:38:58 [TestNG-test-Test-3] INFO  verifyingDisplaySizeFilterFunctionality_Laptop_20-29-42 - [verifyingDisplaySizeFilterFunctionality_Laptop_20-29-42] Swithcing to the new window  within productNameListingPage loop
20:38:58 [TestNG-test-Test-3] INFO  verifyingDisplaySizeFilterFunctionality_Laptop_20-29-42 - [verifyingDisplaySizeFilterFunctionality_Laptop_20-29-42] Clicked product name to open in new tab from productNameListingPage loop
20:38:58 [TestNG-test-Test-3] INFO  verifyingDisplaySizeFilterFunctionality_Laptop_20-29-42 - [verifyingDisplaySizeFilterFunctionality_Laptop_20-29-42] Within safeFindElement method
20:39:01 [TestNG-test-Test-3] INFO  verifyingDisplaySizeFilterFunctionality_Laptop_20-29-42 - [verifyingDisplaySizeFilterFunctionality_Laptop_20-29-42]Found the element returning it ,element ->[[ChromeDriver: chrome on windows (5f28c669577438246038219e80837668)] -> xpath: //span[@id='productTitle']]
20:39:01 [TestNG-test-Test-3] INFO  verifyingDisplaySizeFilterFunctionality_Laptop_20-29-42 - [verifyingDisplaySizeFilterFunctionality_Laptop_20-29-42] Within safeFindElement method
20:39:01 [TestNG-test-Test-3] INFO  verifyingDisplaySizeFilterFunctionality_Laptop_20-29-42 - [verifyingDisplaySizeFilterFunctionality_Laptop_20-29-42]Found the element returning it ,element ->[[ChromeDriver: chrome on windows (5f28c669577438246038219e80837668)] -> xpath: //div[@class='a-section a-spacing-small a-spacing-top-small']]
20:39:01 [TestNG-test-Test-3] INFO  verifyingDisplaySizeFilterFunctionality_Laptop_20-29-42 - [verifyingDisplaySizeFilterFunctionality_Laptop_20-29-42] Within safeFindElement method
20:39:01 [TestNG-test-Test-3] INFO  verifyingDisplaySizeFilterFunctionality_Laptop_20-29-42 - [verifyingDisplaySizeFilterFunctionality_Laptop_20-29-42]Found the element returning it ,element ->[[ChromeDriver: chrome on windows (5f28c669577438246038219e80837668)] -> xpath: //div[@id='feature-bullets']]
20:39:01 [TestNG-test-Test-3] INFO  verifyingDisplaySizeFilterFunctionality_Laptop_20-29-42 - [verifyingDisplaySizeFilterFunctionality_Laptop_20-29-42] Within safeFindElement method
20:39:01 [TestNG-test-Test-3] INFO  verifyingDisplaySizeFilterFunctionality_Laptop_20-29-42 - [verifyingDisplaySizeFilterFunctionality_Laptop_20-29-42]Found the element returning it ,element ->[[ChromeDriver: chrome on windows (5f28c669577438246038219e80837668)] -> xpath: //div[@id='prodDetails']]
20:39:01 [TestNG-test-Test-3] INFO  verifyingDisplaySizeFilterFunctionality_Laptop_20-29-42 - [verifyingDisplaySizeFilterFunctionality_Laptop_20-29-42] Extracting 'name' , 'keyFeatures', 'about' , 'techDetails' within productNameListingPage loop
20:39:01 [TestNG-test-Test-3] INFO  verifyingDisplaySizeFilterFunctionality_Laptop_20-29-42 - [verifyingDisplaySizeFilterFunctionality_Laptop_20-29-42] Waiting until element is visible in viewport
20:39:11 [TestNG-test-Test-3] INFO  verifyingDisplaySizeFilterFunctionality_Laptop_20-29-42 - [verifyingDisplaySizeFilterFunctionality_Laptop_20-29-42] Within smoothScrollToElement method
20:39:11 [TestNG-test-Test-3] INFO  verifyingDisplaySizeFilterFunctionality_Laptop_20-29-42 - [verifyingDisplaySizeFilterFunctionality_Laptop_20-29-42] Within safeFindElement method
20:39:12 [TestNG-test-Test-3] INFO  verifyingDisplaySizeFilterFunctionality_Laptop_20-29-42 - [verifyingDisplaySizeFilterFunctionality_Laptop_20-29-42]Found the element returning it ,element ->[[ChromeDriver: chrome on windows (5f28c669577438246038219e80837668)] -> xpath: //a[@id='seeMoreDetailsLink']]
20:39:12 [TestNG-test-Test-3] INFO  verifyingDisplaySizeFilterFunctionality_Laptop_20-29-42 - [verifyingDisplaySizeFilterFunctionality_Laptop_20-29-42] Successfully scrolled to element: By.xpath: //a[@id='seeMoreDetailsLink']
20:39:12 [TestNG-test-Test-3] INFO  verifyingDisplaySizeFilterFunctionality_Laptop_20-29-42 - [verifyingDisplaySizeFilterFunctionality_Laptop_20-29-42] Within safeClick method
20:39:13 [TestNG-test-Test-3] INFO  verifyingDisplaySizeFilterFunctionality_Laptop_20-29-42 - [verifyingDisplaySizeFilterFunctionality_Laptop_20-29-42] Clicked the  [[ChromeDriver: chrome on windows (5f28c669577438246038219e80837668)] -> xpath: //a[@id='seeMoreDetailsLink']]   using safeClick
20:39:13 [TestNG-test-Test-3] INFO  verifyingDisplaySizeFilterFunctionality_Laptop_20-29-42 - [verifyingDisplaySizeFilterFunctionality_Laptop_20-29-42] Within try block for clicking see more deatils within productNameListingPage loop
20:39:13 [TestNG-test-Test-3] INFO  verifyingDisplaySizeFilterFunctionality_Laptop_20-29-42 - [verifyingDisplaySizeFilterFunctionality_Laptop_20-29-42] Within closeCurrentWindowAndSwitchBack method
20:39:13 [TestNG-test-Test-3] INFO  verifyingDisplaySizeFilterFunctionality_Laptop_20-29-42 - [verifyingDisplaySizeFilterFunctionality_Laptop_20-29-42] Total open windows/tabs count -> 2
20:39:13 [TestNG-test-Test-3] INFO  verifyingDisplaySizeFilterFunctionality_Laptop_20-29-42 - [verifyingDisplaySizeFilterFunctionality_Laptop_20-29-42] Original window handle -> 4FD498FF7C268EAD07E38C1D5D5B2EA7
20:39:13 [TestNG-test-Test-3] INFO  verifyingDisplaySizeFilterFunctionality_Laptop_20-29-42 - [verifyingDisplaySizeFilterFunctionality_Laptop_20-29-42] Found new tab/window handle -> 7D599D2E0E6ADC1BCF34DB77608B3B8D (will be closed)
20:39:13 [TestNG-test-Test-3] INFO  verifyingDisplaySizeFilterFunctionality_Laptop_20-29-42 - [verifyingDisplaySizeFilterFunctionality_Laptop_20-29-42] Successfully switched to new tab/window -> 7D599D2E0E6ADC1BCF34DB77608B3B8D
20:39:14 [TestNG-test-Test-3] INFO  verifyingDisplaySizeFilterFunctionality_Laptop_20-29-42 - [verifyingDisplaySizeFilterFunctionality_Laptop_20-29-42] Closed the newly opened tab/window -> 7D599D2E0E6ADC1BCF34DB77608B3B8D
20:39:14 [TestNG-test-Test-3] INFO  verifyingDisplaySizeFilterFunctionality_Laptop_20-29-42 - [verifyingDisplaySizeFilterFunctionality_Laptop_20-29-42] Switched back to the original window -> 4FD498FF7C268EAD07E38C1D5D5B2EA7
20:39:14 [TestNG-test-Test-3] INFO  verifyingDisplaySizeFilterFunctionality_Laptop_20-29-42 - [verifyingDisplaySizeFilterFunctionality_Laptop_20-29-42]  going back to product listing via closeCurrentWindowAndSwitchBack 
20:39:14 [TestNG-test-Test-3] INFO  verifyingDisplaySizeFilterFunctionality_Laptop_20-29-42 - [verifyingDisplaySizeFilterFunctionality_Laptop_20-29-42]  Added 'filter','title','keyFeatures', 'about', 'techDetails' into the Map -> productResult
20:39:14 [TestNG-test-Test-3] INFO  verifyingDisplaySizeFilterFunctionality_Laptop_20-29-42 - [verifyingDisplaySizeFilterFunctionality_Laptop_20-29-42]  Added 'productResult' Map into the 'results' i.e list of maps 
20:39:14 [TestNG-test-Test-3] INFO  verifyingDisplaySizeFilterFunctionality_Laptop_20-29-42 - [verifyingDisplaySizeFilterFunctionality_Laptop_20-29-42]==========================================================================================================
20:39:14 [TestNG-test-Test-3] INFO  verifyingDisplaySizeFilterFunctionality_Laptop_20-29-42 - [verifyingDisplaySizeFilterFunctionality_Laptop_20-29-42] Within safeFindElements 
20:39:14 [TestNG-test-Test-3] INFO  verifyingDisplaySizeFilterFunctionality_Laptop_20-29-42 - [verifyingDisplaySizeFilterFunctionality_Laptop_20-29-42] Returning the  [[[ChromeDriver: chrome on windows (5f28c669577438246038219e80837668)] -> xpath: //div[@data-cy='title-recipe']], [[ChromeDriver: chrome on windows (5f28c669577438246038219e80837668)] -> xpath: //div[@data-cy='title-recipe']], [[ChromeDriver: chrome on windows (5f28c669577438246038219e80837668)] -> xpath: //div[@data-cy='title-recipe']], [[ChromeDriver: chrome on windows (5f28c669577438246038219e80837668)] -> xpath: //div[@data-cy='title-recipe']], [[ChromeDriver: chrome on windows (5f28c669577438246038219e80837668)] -> xpath: //div[@data-cy='title-recipe']], [[ChromeDriver: chrome on windows (5f28c669577438246038219e80837668)] -> xpath: //div[@data-cy='title-recipe']], [[ChromeDriver: chrome on windows (5f28c669577438246038219e80837668)] -> xpath: //div[@data-cy='title-recipe']], [[ChromeDriver: chrome on windows (5f28c669577438246038219e80837668)] -> xpath: //div[@data-cy='title-recipe']], [[ChromeDriver: chrome on windows (5f28c669577438246038219e80837668)] -> xpath: //div[@data-cy='title-recipe']], [[ChromeDriver: chrome on windows (5f28c669577438246038219e80837668)] -> xpath: //div[@data-cy='title-recipe']], [[ChromeDriver: chrome on windows (5f28c669577438246038219e80837668)] -> xpath: //div[@data-cy='title-recipe']], [[ChromeDriver: chrome on windows (5f28c669577438246038219e80837668)] -> xpath: //div[@data-cy='title-recipe']], [[ChromeDriver: chrome on windows (5f28c669577438246038219e80837668)] -> xpath: //div[@data-cy='title-recipe']], [[ChromeDriver: chrome on windows (5f28c669577438246038219e80837668)] -> xpath: //div[@data-cy='title-recipe']], [[ChromeDriver: chrome on windows (5f28c669577438246038219e80837668)] -> xpath: //div[@data-cy='title-recipe']], [[ChromeDriver: chrome on windows (5f28c669577438246038219e80837668)] -> xpath: //div[@data-cy='title-recipe']]] from the safeFindElements method
20:39:14 [TestNG-test-Test-3] INFO  verifyingDisplaySizeFilterFunctionality_Laptop_20-29-42 - [verifyingDisplaySizeFilterFunctionality_Laptop_20-29-42] Within productNameListingPage loop in applyFilterAndValidateProductsWithResult
20:39:14 [TestNG-test-Test-3] INFO  verifyingDisplaySizeFilterFunctionality_Laptop_20-29-42 - [verifyingDisplaySizeFilterFunctionality_Laptop_20-29-42] Within getProductByIndex method
20:39:14 [TestNG-test-Test-3] INFO  verifyingDisplaySizeFilterFunctionality_Laptop_20-29-42 - [verifyingDisplaySizeFilterFunctionality_Laptop_20-29-42] Within safeFindElement method
20:39:14 [TestNG-test-Test-3] INFO  verifyingDisplaySizeFilterFunctionality_Laptop_20-29-42 - [verifyingDisplaySizeFilterFunctionality_Laptop_20-29-42]Found the element returning it ,element ->[[ChromeDriver: chrome on windows (5f28c669577438246038219e80837668)] -> xpath: (//div[@data-cy='title-recipe'])[11]]
20:39:14 [TestNG-test-Test-3] INFO  verifyingDisplaySizeFilterFunctionality_Laptop_20-29-42 - [verifyingDisplaySizeFilterFunctionality_Laptop_20-29-42] Within getProductByIndex method
20:39:14 [TestNG-test-Test-3] INFO  verifyingDisplaySizeFilterFunctionality_Laptop_20-29-42 - [verifyingDisplaySizeFilterFunctionality_Laptop_20-29-42] Within smoothScrollToElement method
20:39:14 [TestNG-test-Test-3] INFO  verifyingDisplaySizeFilterFunctionality_Laptop_20-29-42 - [verifyingDisplaySizeFilterFunctionality_Laptop_20-29-42] Within safeFindElement method
20:39:14 [TestNG-test-Test-3] INFO  verifyingDisplaySizeFilterFunctionality_Laptop_20-29-42 - [verifyingDisplaySizeFilterFunctionality_Laptop_20-29-42]Found the element returning it ,element ->[[ChromeDriver: chrome on windows (5f28c669577438246038219e80837668)] -> xpath: (//div[@data-cy='title-recipe'])[11]]
20:39:14 [TestNG-test-Test-3] INFO  verifyingDisplaySizeFilterFunctionality_Laptop_20-29-42 - [verifyingDisplaySizeFilterFunctionality_Laptop_20-29-42] Successfully scrolled to element: By.xpath: (//div[@data-cy='title-recipe'])[11]
20:39:14 [TestNG-test-Test-3] INFO  verifyingDisplaySizeFilterFunctionality_Laptop_20-29-42 - [verifyingDisplaySizeFilterFunctionality_Laptop_20-29-42] Getting product by index in productNameListingPage loop
20:39:14 [TestNG-test-Test-3] INFO  verifyingDisplaySizeFilterFunctionality_Laptop_20-29-42 - [verifyingDisplaySizeFilterFunctionality_Laptop_20-29-42] Opened product in new tab via Ctrl+Click inside productNameListingPage loop
20:39:14 [TestNG-test-Test-3] INFO  verifyingDisplaySizeFilterFunctionality_Laptop_20-29-42 - [verifyingDisplaySizeFilterFunctionality_Laptop_20-29-42] Waiting for new window to open...
20:39:14 [TestNG-test-Test-3] INFO  verifyingDisplaySizeFilterFunctionality_Laptop_20-29-42 - [verifyingDisplaySizeFilterFunctionality_Laptop_20-29-42] Switched to new window -> 31ABB589D79D25FDD25DEB0FB28F3253
20:39:14 [TestNG-test-Test-3] INFO  verifyingDisplaySizeFilterFunctionality_Laptop_20-29-42 - [verifyingDisplaySizeFilterFunctionality_Laptop_20-29-42] Swithcing to the new window  within productNameListingPage loop
20:39:14 [TestNG-test-Test-3] INFO  verifyingDisplaySizeFilterFunctionality_Laptop_20-29-42 - [verifyingDisplaySizeFilterFunctionality_Laptop_20-29-42] Clicked product name to open in new tab from productNameListingPage loop
20:39:14 [TestNG-test-Test-3] INFO  verifyingDisplaySizeFilterFunctionality_Laptop_20-29-42 - [verifyingDisplaySizeFilterFunctionality_Laptop_20-29-42] Within safeFindElement method
20:39:17 [TestNG-test-Test-3] INFO  verifyingDisplaySizeFilterFunctionality_Laptop_20-29-42 - [verifyingDisplaySizeFilterFunctionality_Laptop_20-29-42]Found the element returning it ,element ->[[ChromeDriver: chrome on windows (5f28c669577438246038219e80837668)] -> xpath: //span[@id='productTitle']]
20:39:17 [TestNG-test-Test-3] INFO  verifyingDisplaySizeFilterFunctionality_Laptop_20-29-42 - [verifyingDisplaySizeFilterFunctionality_Laptop_20-29-42] Within safeFindElement method
20:39:17 [TestNG-test-Test-3] INFO  verifyingDisplaySizeFilterFunctionality_Laptop_20-29-42 - [verifyingDisplaySizeFilterFunctionality_Laptop_20-29-42]Found the element returning it ,element ->[[ChromeDriver: chrome on windows (5f28c669577438246038219e80837668)] -> xpath: //div[@class='a-section a-spacing-small a-spacing-top-small']]
20:39:17 [TestNG-test-Test-3] INFO  verifyingDisplaySizeFilterFunctionality_Laptop_20-29-42 - [verifyingDisplaySizeFilterFunctionality_Laptop_20-29-42] Within safeFindElement method
20:39:17 [TestNG-test-Test-3] INFO  verifyingDisplaySizeFilterFunctionality_Laptop_20-29-42 - [verifyingDisplaySizeFilterFunctionality_Laptop_20-29-42]Found the element returning it ,element ->[[ChromeDriver: chrome on windows (5f28c669577438246038219e80837668)] -> xpath: //div[@id='feature-bullets']]
20:39:17 [TestNG-test-Test-3] INFO  verifyingDisplaySizeFilterFunctionality_Laptop_20-29-42 - [verifyingDisplaySizeFilterFunctionality_Laptop_20-29-42] Within safeFindElement method
20:39:17 [TestNG-test-Test-3] INFO  verifyingDisplaySizeFilterFunctionality_Laptop_20-29-42 - [verifyingDisplaySizeFilterFunctionality_Laptop_20-29-42]Found the element returning it ,element ->[[ChromeDriver: chrome on windows (5f28c669577438246038219e80837668)] -> xpath: //div[@id='prodDetails']]
20:39:17 [TestNG-test-Test-3] INFO  verifyingDisplaySizeFilterFunctionality_Laptop_20-29-42 - [verifyingDisplaySizeFilterFunctionality_Laptop_20-29-42] Extracting 'name' , 'keyFeatures', 'about' , 'techDetails' within productNameListingPage loop
20:39:17 [TestNG-test-Test-3] INFO  verifyingDisplaySizeFilterFunctionality_Laptop_20-29-42 - [verifyingDisplaySizeFilterFunctionality_Laptop_20-29-42] Waiting until element is visible in viewport
20:39:28 [TestNG-test-Test-3] INFO  verifyingDisplaySizeFilterFunctionality_Laptop_20-29-42 - [verifyingDisplaySizeFilterFunctionality_Laptop_20-29-42] Within smoothScrollToElement method
20:39:28 [TestNG-test-Test-3] INFO  verifyingDisplaySizeFilterFunctionality_Laptop_20-29-42 - [verifyingDisplaySizeFilterFunctionality_Laptop_20-29-42] Within safeFindElement method
20:39:28 [TestNG-test-Test-3] INFO  verifyingDisplaySizeFilterFunctionality_Laptop_20-29-42 - [verifyingDisplaySizeFilterFunctionality_Laptop_20-29-42]Found the element returning it ,element ->[[ChromeDriver: chrome on windows (5f28c669577438246038219e80837668)] -> xpath: //a[@id='seeMoreDetailsLink']]
20:39:28 [TestNG-test-Test-3] INFO  verifyingDisplaySizeFilterFunctionality_Laptop_20-29-42 - [verifyingDisplaySizeFilterFunctionality_Laptop_20-29-42] Successfully scrolled to element: By.xpath: //a[@id='seeMoreDetailsLink']
20:39:28 [TestNG-test-Test-3] INFO  verifyingDisplaySizeFilterFunctionality_Laptop_20-29-42 - [verifyingDisplaySizeFilterFunctionality_Laptop_20-29-42] Within safeClick method
20:39:29 [TestNG-test-Test-3] INFO  verifyingDisplaySizeFilterFunctionality_Laptop_20-29-42 - [verifyingDisplaySizeFilterFunctionality_Laptop_20-29-42] Clicked the  [[ChromeDriver: chrome on windows (5f28c669577438246038219e80837668)] -> xpath: //a[@id='seeMoreDetailsLink']]   using safeClick
20:39:29 [TestNG-test-Test-3] INFO  verifyingDisplaySizeFilterFunctionality_Laptop_20-29-42 - [verifyingDisplaySizeFilterFunctionality_Laptop_20-29-42] Within try block for clicking see more deatils within productNameListingPage loop
20:39:29 [TestNG-test-Test-3] INFO  verifyingDisplaySizeFilterFunctionality_Laptop_20-29-42 - [verifyingDisplaySizeFilterFunctionality_Laptop_20-29-42] Within closeCurrentWindowAndSwitchBack method
20:39:29 [TestNG-test-Test-3] INFO  verifyingDisplaySizeFilterFunctionality_Laptop_20-29-42 - [verifyingDisplaySizeFilterFunctionality_Laptop_20-29-42] Total open windows/tabs count -> 2
20:39:29 [TestNG-test-Test-3] INFO  verifyingDisplaySizeFilterFunctionality_Laptop_20-29-42 - [verifyingDisplaySizeFilterFunctionality_Laptop_20-29-42] Original window handle -> 4FD498FF7C268EAD07E38C1D5D5B2EA7
20:39:29 [TestNG-test-Test-3] INFO  verifyingDisplaySizeFilterFunctionality_Laptop_20-29-42 - [verifyingDisplaySizeFilterFunctionality_Laptop_20-29-42] Found new tab/window handle -> 31ABB589D79D25FDD25DEB0FB28F3253 (will be closed)
20:39:29 [TestNG-test-Test-3] INFO  verifyingDisplaySizeFilterFunctionality_Laptop_20-29-42 - [verifyingDisplaySizeFilterFunctionality_Laptop_20-29-42] Successfully switched to new tab/window -> 31ABB589D79D25FDD25DEB0FB28F3253
20:39:29 [TestNG-test-Test-3] INFO  verifyingDisplaySizeFilterFunctionality_Laptop_20-29-42 - [verifyingDisplaySizeFilterFunctionality_Laptop_20-29-42] Closed the newly opened tab/window -> 31ABB589D79D25FDD25DEB0FB28F3253
20:39:29 [TestNG-test-Test-3] INFO  verifyingDisplaySizeFilterFunctionality_Laptop_20-29-42 - [verifyingDisplaySizeFilterFunctionality_Laptop_20-29-42] Switched back to the original window -> 4FD498FF7C268EAD07E38C1D5D5B2EA7
20:39:29 [TestNG-test-Test-3] INFO  verifyingDisplaySizeFilterFunctionality_Laptop_20-29-42 - [verifyingDisplaySizeFilterFunctionality_Laptop_20-29-42]  going back to product listing via closeCurrentWindowAndSwitchBack 
20:39:29 [TestNG-test-Test-3] INFO  verifyingDisplaySizeFilterFunctionality_Laptop_20-29-42 - [verifyingDisplaySizeFilterFunctionality_Laptop_20-29-42]  Added 'filter','title','keyFeatures', 'about', 'techDetails' into the Map -> productResult
20:39:29 [TestNG-test-Test-3] INFO  verifyingDisplaySizeFilterFunctionality_Laptop_20-29-42 - [verifyingDisplaySizeFilterFunctionality_Laptop_20-29-42]  Added 'productResult' Map into the 'results' i.e list of maps 
20:39:29 [TestNG-test-Test-3] INFO  verifyingDisplaySizeFilterFunctionality_Laptop_20-29-42 - [verifyingDisplaySizeFilterFunctionality_Laptop_20-29-42]==========================================================================================================
20:39:29 [TestNG-test-Test-3] INFO  verifyingDisplaySizeFilterFunctionality_Laptop_20-29-42 - [verifyingDisplaySizeFilterFunctionality_Laptop_20-29-42] Within safeFindElements 
20:39:29 [TestNG-test-Test-3] INFO  verifyingDisplaySizeFilterFunctionality_Laptop_20-29-42 - [verifyingDisplaySizeFilterFunctionality_Laptop_20-29-42] Returning the  [[[ChromeDriver: chrome on windows (5f28c669577438246038219e80837668)] -> xpath: //div[@data-cy='title-recipe']], [[ChromeDriver: chrome on windows (5f28c669577438246038219e80837668)] -> xpath: //div[@data-cy='title-recipe']], [[ChromeDriver: chrome on windows (5f28c669577438246038219e80837668)] -> xpath: //div[@data-cy='title-recipe']], [[ChromeDriver: chrome on windows (5f28c669577438246038219e80837668)] -> xpath: //div[@data-cy='title-recipe']], [[ChromeDriver: chrome on windows (5f28c669577438246038219e80837668)] -> xpath: //div[@data-cy='title-recipe']], [[ChromeDriver: chrome on windows (5f28c669577438246038219e80837668)] -> xpath: //div[@data-cy='title-recipe']], [[ChromeDriver: chrome on windows (5f28c669577438246038219e80837668)] -> xpath: //div[@data-cy='title-recipe']], [[ChromeDriver: chrome on windows (5f28c669577438246038219e80837668)] -> xpath: //div[@data-cy='title-recipe']], [[ChromeDriver: chrome on windows (5f28c669577438246038219e80837668)] -> xpath: //div[@data-cy='title-recipe']], [[ChromeDriver: chrome on windows (5f28c669577438246038219e80837668)] -> xpath: //div[@data-cy='title-recipe']], [[ChromeDriver: chrome on windows (5f28c669577438246038219e80837668)] -> xpath: //div[@data-cy='title-recipe']], [[ChromeDriver: chrome on windows (5f28c669577438246038219e80837668)] -> xpath: //div[@data-cy='title-recipe']], [[ChromeDriver: chrome on windows (5f28c669577438246038219e80837668)] -> xpath: //div[@data-cy='title-recipe']], [[ChromeDriver: chrome on windows (5f28c669577438246038219e80837668)] -> xpath: //div[@data-cy='title-recipe']], [[ChromeDriver: chrome on windows (5f28c669577438246038219e80837668)] -> xpath: //div[@data-cy='title-recipe']], [[ChromeDriver: chrome on windows (5f28c669577438246038219e80837668)] -> xpath: //div[@data-cy='title-recipe']]] from the safeFindElements method
20:39:29 [TestNG-test-Test-3] INFO  verifyingDisplaySizeFilterFunctionality_Laptop_20-29-42 - [verifyingDisplaySizeFilterFunctionality_Laptop_20-29-42] Within productNameListingPage loop in applyFilterAndValidateProductsWithResult
20:39:29 [TestNG-test-Test-3] INFO  verifyingDisplaySizeFilterFunctionality_Laptop_20-29-42 - [verifyingDisplaySizeFilterFunctionality_Laptop_20-29-42] Within getProductByIndex method
20:39:29 [TestNG-test-Test-3] INFO  verifyingDisplaySizeFilterFunctionality_Laptop_20-29-42 - [verifyingDisplaySizeFilterFunctionality_Laptop_20-29-42] Within safeFindElement method
20:39:30 [TestNG-test-Test-3] INFO  verifyingDisplaySizeFilterFunctionality_Laptop_20-29-42 - [verifyingDisplaySizeFilterFunctionality_Laptop_20-29-42]Found the element returning it ,element ->[[ChromeDriver: chrome on windows (5f28c669577438246038219e80837668)] -> xpath: (//div[@data-cy='title-recipe'])[12]]
20:39:30 [TestNG-test-Test-3] INFO  verifyingDisplaySizeFilterFunctionality_Laptop_20-29-42 - [verifyingDisplaySizeFilterFunctionality_Laptop_20-29-42] Within getProductByIndex method
20:39:30 [TestNG-test-Test-3] INFO  verifyingDisplaySizeFilterFunctionality_Laptop_20-29-42 - [verifyingDisplaySizeFilterFunctionality_Laptop_20-29-42] Within smoothScrollToElement method
20:39:30 [TestNG-test-Test-3] INFO  verifyingDisplaySizeFilterFunctionality_Laptop_20-29-42 - [verifyingDisplaySizeFilterFunctionality_Laptop_20-29-42] Within safeFindElement method
20:39:30 [TestNG-test-Test-3] INFO  verifyingDisplaySizeFilterFunctionality_Laptop_20-29-42 - [verifyingDisplaySizeFilterFunctionality_Laptop_20-29-42]Found the element returning it ,element ->[[ChromeDriver: chrome on windows (5f28c669577438246038219e80837668)] -> xpath: (//div[@data-cy='title-recipe'])[12]]
20:39:30 [TestNG-test-Test-3] INFO  verifyingDisplaySizeFilterFunctionality_Laptop_20-29-42 - [verifyingDisplaySizeFilterFunctionality_Laptop_20-29-42] Successfully scrolled to element: By.xpath: (//div[@data-cy='title-recipe'])[12]
20:39:30 [TestNG-test-Test-3] INFO  verifyingDisplaySizeFilterFunctionality_Laptop_20-29-42 - [verifyingDisplaySizeFilterFunctionality_Laptop_20-29-42] Getting product by index in productNameListingPage loop
20:39:30 [TestNG-test-Test-3] INFO  verifyingDisplaySizeFilterFunctionality_Laptop_20-29-42 - [verifyingDisplaySizeFilterFunctionality_Laptop_20-29-42] Opened product in new tab via Ctrl+Click inside productNameListingPage loop
20:39:30 [TestNG-test-Test-3] INFO  verifyingDisplaySizeFilterFunctionality_Laptop_20-29-42 - [verifyingDisplaySizeFilterFunctionality_Laptop_20-29-42] Waiting for new window to open...
20:39:30 [TestNG-test-Test-3] INFO  verifyingDisplaySizeFilterFunctionality_Laptop_20-29-42 - [verifyingDisplaySizeFilterFunctionality_Laptop_20-29-42] Switched to new window -> DFABF16CA844D1B44CD3396F5B79A276
20:39:30 [TestNG-test-Test-3] INFO  verifyingDisplaySizeFilterFunctionality_Laptop_20-29-42 - [verifyingDisplaySizeFilterFunctionality_Laptop_20-29-42] Swithcing to the new window  within productNameListingPage loop
20:39:30 [TestNG-test-Test-3] INFO  verifyingDisplaySizeFilterFunctionality_Laptop_20-29-42 - [verifyingDisplaySizeFilterFunctionality_Laptop_20-29-42] Clicked product name to open in new tab from productNameListingPage loop
20:39:30 [TestNG-test-Test-3] INFO  verifyingDisplaySizeFilterFunctionality_Laptop_20-29-42 - [verifyingDisplaySizeFilterFunctionality_Laptop_20-29-42] Within safeFindElement method
20:39:33 [TestNG-test-Test-3] INFO  verifyingDisplaySizeFilterFunctionality_Laptop_20-29-42 - [verifyingDisplaySizeFilterFunctionality_Laptop_20-29-42]Found the element returning it ,element ->[[ChromeDriver: chrome on windows (5f28c669577438246038219e80837668)] -> xpath: //span[@id='productTitle']]
20:39:33 [TestNG-test-Test-3] INFO  verifyingDisplaySizeFilterFunctionality_Laptop_20-29-42 - [verifyingDisplaySizeFilterFunctionality_Laptop_20-29-42] Within safeFindElement method
20:39:33 [TestNG-test-Test-3] INFO  verifyingDisplaySizeFilterFunctionality_Laptop_20-29-42 - [verifyingDisplaySizeFilterFunctionality_Laptop_20-29-42]Found the element returning it ,element ->[[ChromeDriver: chrome on windows (5f28c669577438246038219e80837668)] -> xpath: //div[@class='a-section a-spacing-small a-spacing-top-small']]
20:39:33 [TestNG-test-Test-3] INFO  verifyingDisplaySizeFilterFunctionality_Laptop_20-29-42 - [verifyingDisplaySizeFilterFunctionality_Laptop_20-29-42] Within safeFindElement method
20:39:33 [TestNG-test-Test-3] INFO  verifyingDisplaySizeFilterFunctionality_Laptop_20-29-42 - [verifyingDisplaySizeFilterFunctionality_Laptop_20-29-42]Found the element returning it ,element ->[[ChromeDriver: chrome on windows (5f28c669577438246038219e80837668)] -> xpath: //div[@id='feature-bullets']]
20:39:33 [TestNG-test-Test-3] INFO  verifyingDisplaySizeFilterFunctionality_Laptop_20-29-42 - [verifyingDisplaySizeFilterFunctionality_Laptop_20-29-42] Within safeFindElement method
20:39:33 [TestNG-test-Test-3] INFO  verifyingDisplaySizeFilterFunctionality_Laptop_20-29-42 - [verifyingDisplaySizeFilterFunctionality_Laptop_20-29-42]Found the element returning it ,element ->[[ChromeDriver: chrome on windows (5f28c669577438246038219e80837668)] -> xpath: //div[@id='prodDetails']]
20:39:33 [TestNG-test-Test-3] INFO  verifyingDisplaySizeFilterFunctionality_Laptop_20-29-42 - [verifyingDisplaySizeFilterFunctionality_Laptop_20-29-42] Extracting 'name' , 'keyFeatures', 'about' , 'techDetails' within productNameListingPage loop
20:39:33 [TestNG-test-Test-3] INFO  verifyingDisplaySizeFilterFunctionality_Laptop_20-29-42 - [verifyingDisplaySizeFilterFunctionality_Laptop_20-29-42] Waiting until element is visible in viewport
20:39:44 [TestNG-test-Test-3] INFO  verifyingDisplaySizeFilterFunctionality_Laptop_20-29-42 - [verifyingDisplaySizeFilterFunctionality_Laptop_20-29-42] Within smoothScrollToElement method
20:39:44 [TestNG-test-Test-3] INFO  verifyingDisplaySizeFilterFunctionality_Laptop_20-29-42 - [verifyingDisplaySizeFilterFunctionality_Laptop_20-29-42] Within safeFindElement method
20:39:44 [TestNG-test-Test-3] INFO  verifyingDisplaySizeFilterFunctionality_Laptop_20-29-42 - [verifyingDisplaySizeFilterFunctionality_Laptop_20-29-42]Found the element returning it ,element ->[[ChromeDriver: chrome on windows (5f28c669577438246038219e80837668)] -> xpath: //a[@id='seeMoreDetailsLink']]
20:39:44 [TestNG-test-Test-3] INFO  verifyingDisplaySizeFilterFunctionality_Laptop_20-29-42 - [verifyingDisplaySizeFilterFunctionality_Laptop_20-29-42] Successfully scrolled to element: By.xpath: //a[@id='seeMoreDetailsLink']
20:39:44 [TestNG-test-Test-3] INFO  verifyingDisplaySizeFilterFunctionality_Laptop_20-29-42 - [verifyingDisplaySizeFilterFunctionality_Laptop_20-29-42] Within safeClick method
20:39:44 [TestNG-test-Test-3] INFO  verifyingDisplaySizeFilterFunctionality_Laptop_20-29-42 - [verifyingDisplaySizeFilterFunctionality_Laptop_20-29-42] Clicked the  [[ChromeDriver: chrome on windows (5f28c669577438246038219e80837668)] -> xpath: //a[@id='seeMoreDetailsLink']]   using safeClick
20:39:44 [TestNG-test-Test-3] INFO  verifyingDisplaySizeFilterFunctionality_Laptop_20-29-42 - [verifyingDisplaySizeFilterFunctionality_Laptop_20-29-42] Within try block for clicking see more deatils within productNameListingPage loop
20:39:44 [TestNG-test-Test-3] INFO  verifyingDisplaySizeFilterFunctionality_Laptop_20-29-42 - [verifyingDisplaySizeFilterFunctionality_Laptop_20-29-42] Within closeCurrentWindowAndSwitchBack method
20:39:44 [TestNG-test-Test-3] INFO  verifyingDisplaySizeFilterFunctionality_Laptop_20-29-42 - [verifyingDisplaySizeFilterFunctionality_Laptop_20-29-42] Total open windows/tabs count -> 2
20:39:44 [TestNG-test-Test-3] INFO  verifyingDisplaySizeFilterFunctionality_Laptop_20-29-42 - [verifyingDisplaySizeFilterFunctionality_Laptop_20-29-42] Original window handle -> 4FD498FF7C268EAD07E38C1D5D5B2EA7
20:39:44 [TestNG-test-Test-3] INFO  verifyingDisplaySizeFilterFunctionality_Laptop_20-29-42 - [verifyingDisplaySizeFilterFunctionality_Laptop_20-29-42] Found new tab/window handle -> DFABF16CA844D1B44CD3396F5B79A276 (will be closed)
20:39:44 [TestNG-test-Test-3] INFO  verifyingDisplaySizeFilterFunctionality_Laptop_20-29-42 - [verifyingDisplaySizeFilterFunctionality_Laptop_20-29-42] Successfully switched to new tab/window -> DFABF16CA844D1B44CD3396F5B79A276
20:39:45 [TestNG-test-Test-3] INFO  verifyingDisplaySizeFilterFunctionality_Laptop_20-29-42 - [verifyingDisplaySizeFilterFunctionality_Laptop_20-29-42] Closed the newly opened tab/window -> DFABF16CA844D1B44CD3396F5B79A276
20:39:45 [TestNG-test-Test-3] INFO  verifyingDisplaySizeFilterFunctionality_Laptop_20-29-42 - [verifyingDisplaySizeFilterFunctionality_Laptop_20-29-42] Switched back to the original window -> 4FD498FF7C268EAD07E38C1D5D5B2EA7
20:39:45 [TestNG-test-Test-3] INFO  verifyingDisplaySizeFilterFunctionality_Laptop_20-29-42 - [verifyingDisplaySizeFilterFunctionality_Laptop_20-29-42]  going back to product listing via closeCurrentWindowAndSwitchBack 
20:39:45 [TestNG-test-Test-3] INFO  verifyingDisplaySizeFilterFunctionality_Laptop_20-29-42 - [verifyingDisplaySizeFilterFunctionality_Laptop_20-29-42]  Added 'filter','title','keyFeatures', 'about', 'techDetails' into the Map -> productResult
20:39:45 [TestNG-test-Test-3] INFO  verifyingDisplaySizeFilterFunctionality_Laptop_20-29-42 - [verifyingDisplaySizeFilterFunctionality_Laptop_20-29-42]  Added 'productResult' Map into the 'results' i.e list of maps 
20:39:45 [TestNG-test-Test-3] INFO  verifyingDisplaySizeFilterFunctionality_Laptop_20-29-42 - [verifyingDisplaySizeFilterFunctionality_Laptop_20-29-42]==========================================================================================================
20:39:45 [TestNG-test-Test-3] INFO  verifyingDisplaySizeFilterFunctionality_Laptop_20-29-42 - [verifyingDisplaySizeFilterFunctionality_Laptop_20-29-42] Within safeFindElements 
20:39:45 [TestNG-test-Test-3] INFO  verifyingDisplaySizeFilterFunctionality_Laptop_20-29-42 - [verifyingDisplaySizeFilterFunctionality_Laptop_20-29-42] Returning the  [[[ChromeDriver: chrome on windows (5f28c669577438246038219e80837668)] -> xpath: //div[@data-cy='title-recipe']], [[ChromeDriver: chrome on windows (5f28c669577438246038219e80837668)] -> xpath: //div[@data-cy='title-recipe']], [[ChromeDriver: chrome on windows (5f28c669577438246038219e80837668)] -> xpath: //div[@data-cy='title-recipe']], [[ChromeDriver: chrome on windows (5f28c669577438246038219e80837668)] -> xpath: //div[@data-cy='title-recipe']], [[ChromeDriver: chrome on windows (5f28c669577438246038219e80837668)] -> xpath: //div[@data-cy='title-recipe']], [[ChromeDriver: chrome on windows (5f28c669577438246038219e80837668)] -> xpath: //div[@data-cy='title-recipe']], [[ChromeDriver: chrome on windows (5f28c669577438246038219e80837668)] -> xpath: //div[@data-cy='title-recipe']], [[ChromeDriver: chrome on windows (5f28c669577438246038219e80837668)] -> xpath: //div[@data-cy='title-recipe']], [[ChromeDriver: chrome on windows (5f28c669577438246038219e80837668)] -> xpath: //div[@data-cy='title-recipe']], [[ChromeDriver: chrome on windows (5f28c669577438246038219e80837668)] -> xpath: //div[@data-cy='title-recipe']], [[ChromeDriver: chrome on windows (5f28c669577438246038219e80837668)] -> xpath: //div[@data-cy='title-recipe']], [[ChromeDriver: chrome on windows (5f28c669577438246038219e80837668)] -> xpath: //div[@data-cy='title-recipe']], [[ChromeDriver: chrome on windows (5f28c669577438246038219e80837668)] -> xpath: //div[@data-cy='title-recipe']], [[ChromeDriver: chrome on windows (5f28c669577438246038219e80837668)] -> xpath: //div[@data-cy='title-recipe']], [[ChromeDriver: chrome on windows (5f28c669577438246038219e80837668)] -> xpath: //div[@data-cy='title-recipe']], [[ChromeDriver: chrome on windows (5f28c669577438246038219e80837668)] -> xpath: //div[@data-cy='title-recipe']]] from the safeFindElements method
20:39:45 [TestNG-test-Test-3] INFO  verifyingDisplaySizeFilterFunctionality_Laptop_20-29-42 - [verifyingDisplaySizeFilterFunctionality_Laptop_20-29-42] Within productNameListingPage loop in applyFilterAndValidateProductsWithResult
20:39:45 [TestNG-test-Test-3] INFO  verifyingDisplaySizeFilterFunctionality_Laptop_20-29-42 - [verifyingDisplaySizeFilterFunctionality_Laptop_20-29-42] Within getProductByIndex method
20:39:45 [TestNG-test-Test-3] INFO  verifyingDisplaySizeFilterFunctionality_Laptop_20-29-42 - [verifyingDisplaySizeFilterFunctionality_Laptop_20-29-42] Within safeFindElement method
20:39:45 [TestNG-test-Test-3] INFO  verifyingDisplaySizeFilterFunctionality_Laptop_20-29-42 - [verifyingDisplaySizeFilterFunctionality_Laptop_20-29-42]Found the element returning it ,element ->[[ChromeDriver: chrome on windows (5f28c669577438246038219e80837668)] -> xpath: (//div[@data-cy='title-recipe'])[13]]
20:39:45 [TestNG-test-Test-3] INFO  verifyingDisplaySizeFilterFunctionality_Laptop_20-29-42 - [verifyingDisplaySizeFilterFunctionality_Laptop_20-29-42] Within getProductByIndex method
20:39:45 [TestNG-test-Test-3] INFO  verifyingDisplaySizeFilterFunctionality_Laptop_20-29-42 - [verifyingDisplaySizeFilterFunctionality_Laptop_20-29-42] Within smoothScrollToElement method
20:39:45 [TestNG-test-Test-3] INFO  verifyingDisplaySizeFilterFunctionality_Laptop_20-29-42 - [verifyingDisplaySizeFilterFunctionality_Laptop_20-29-42] Within safeFindElement method
20:39:45 [TestNG-test-Test-3] INFO  verifyingDisplaySizeFilterFunctionality_Laptop_20-29-42 - [verifyingDisplaySizeFilterFunctionality_Laptop_20-29-42]Found the element returning it ,element ->[[ChromeDriver: chrome on windows (5f28c669577438246038219e80837668)] -> xpath: (//div[@data-cy='title-recipe'])[13]]
20:39:45 [TestNG-test-Test-3] INFO  verifyingDisplaySizeFilterFunctionality_Laptop_20-29-42 - [verifyingDisplaySizeFilterFunctionality_Laptop_20-29-42] Successfully scrolled to element: By.xpath: (//div[@data-cy='title-recipe'])[13]
20:39:45 [TestNG-test-Test-3] INFO  verifyingDisplaySizeFilterFunctionality_Laptop_20-29-42 - [verifyingDisplaySizeFilterFunctionality_Laptop_20-29-42] Getting product by index in productNameListingPage loop
20:39:45 [TestNG-test-Test-3] INFO  verifyingDisplaySizeFilterFunctionality_Laptop_20-29-42 - [verifyingDisplaySizeFilterFunctionality_Laptop_20-29-42] Opened product in new tab via Ctrl+Click inside productNameListingPage loop
20:39:45 [TestNG-test-Test-3] INFO  verifyingDisplaySizeFilterFunctionality_Laptop_20-29-42 - [verifyingDisplaySizeFilterFunctionality_Laptop_20-29-42] Waiting for new window to open...
20:39:45 [TestNG-test-Test-3] INFO  verifyingDisplaySizeFilterFunctionality_Laptop_20-29-42 - [verifyingDisplaySizeFilterFunctionality_Laptop_20-29-42] Switched to new window -> 4DA7680A269902DB73A98CD17832C385
20:39:45 [TestNG-test-Test-3] INFO  verifyingDisplaySizeFilterFunctionality_Laptop_20-29-42 - [verifyingDisplaySizeFilterFunctionality_Laptop_20-29-42] Swithcing to the new window  within productNameListingPage loop
20:39:45 [TestNG-test-Test-3] INFO  verifyingDisplaySizeFilterFunctionality_Laptop_20-29-42 - [verifyingDisplaySizeFilterFunctionality_Laptop_20-29-42] Clicked product name to open in new tab from productNameListingPage loop
20:39:45 [TestNG-test-Test-3] INFO  verifyingDisplaySizeFilterFunctionality_Laptop_20-29-42 - [verifyingDisplaySizeFilterFunctionality_Laptop_20-29-42] Within safeFindElement method
20:39:48 [TestNG-test-Test-3] INFO  verifyingDisplaySizeFilterFunctionality_Laptop_20-29-42 - [verifyingDisplaySizeFilterFunctionality_Laptop_20-29-42]Found the element returning it ,element ->[[ChromeDriver: chrome on windows (5f28c669577438246038219e80837668)] -> xpath: //span[@id='productTitle']]
20:39:48 [TestNG-test-Test-3] INFO  verifyingDisplaySizeFilterFunctionality_Laptop_20-29-42 - [verifyingDisplaySizeFilterFunctionality_Laptop_20-29-42] Within safeFindElement method
20:39:48 [TestNG-test-Test-3] INFO  verifyingDisplaySizeFilterFunctionality_Laptop_20-29-42 - [verifyingDisplaySizeFilterFunctionality_Laptop_20-29-42]Found the element returning it ,element ->[[ChromeDriver: chrome on windows (5f28c669577438246038219e80837668)] -> xpath: //div[@class='a-section a-spacing-small a-spacing-top-small']]
20:39:48 [TestNG-test-Test-3] INFO  verifyingDisplaySizeFilterFunctionality_Laptop_20-29-42 - [verifyingDisplaySizeFilterFunctionality_Laptop_20-29-42] Within safeFindElement method
20:39:48 [TestNG-test-Test-3] INFO  verifyingDisplaySizeFilterFunctionality_Laptop_20-29-42 - [verifyingDisplaySizeFilterFunctionality_Laptop_20-29-42]Found the element returning it ,element ->[[ChromeDriver: chrome on windows (5f28c669577438246038219e80837668)] -> xpath: //div[@id='feature-bullets']]
20:39:48 [TestNG-test-Test-3] INFO  verifyingDisplaySizeFilterFunctionality_Laptop_20-29-42 - [verifyingDisplaySizeFilterFunctionality_Laptop_20-29-42] Within safeFindElement method
20:39:48 [TestNG-test-Test-3] INFO  verifyingDisplaySizeFilterFunctionality_Laptop_20-29-42 - [verifyingDisplaySizeFilterFunctionality_Laptop_20-29-42]Found the element returning it ,element ->[[ChromeDriver: chrome on windows (5f28c669577438246038219e80837668)] -> xpath: //div[@id='prodDetails']]
20:39:48 [TestNG-test-Test-3] INFO  verifyingDisplaySizeFilterFunctionality_Laptop_20-29-42 - [verifyingDisplaySizeFilterFunctionality_Laptop_20-29-42] Extracting 'name' , 'keyFeatures', 'about' , 'techDetails' within productNameListingPage loop
20:39:48 [TestNG-test-Test-3] INFO  verifyingDisplaySizeFilterFunctionality_Laptop_20-29-42 - [verifyingDisplaySizeFilterFunctionality_Laptop_20-29-42] Waiting until element is visible in viewport
20:39:48 [TestNG-test-Test-3] INFO  verifyingDisplaySizeFilterFunctionality_Laptop_20-29-42 - [verifyingDisplaySizeFilterFunctionality_Laptop_20-29-42] Within smoothScrollToElement method
20:39:48 [TestNG-test-Test-3] INFO  verifyingDisplaySizeFilterFunctionality_Laptop_20-29-42 - [verifyingDisplaySizeFilterFunctionality_Laptop_20-29-42] Within safeFindElement method
20:39:48 [TestNG-test-Test-3] INFO  verifyingDisplaySizeFilterFunctionality_Laptop_20-29-42 - [verifyingDisplaySizeFilterFunctionality_Laptop_20-29-42]Found the element returning it ,element ->[[ChromeDriver: chrome on windows (5f28c669577438246038219e80837668)] -> xpath: //a[@id='seeMoreDetailsLink']]
20:39:48 [TestNG-test-Test-3] INFO  verifyingDisplaySizeFilterFunctionality_Laptop_20-29-42 - [verifyingDisplaySizeFilterFunctionality_Laptop_20-29-42] Successfully scrolled to element: By.xpath: //a[@id='seeMoreDetailsLink']
20:39:48 [TestNG-test-Test-3] INFO  verifyingDisplaySizeFilterFunctionality_Laptop_20-29-42 - [verifyingDisplaySizeFilterFunctionality_Laptop_20-29-42] Within safeClick method
20:39:48 [TestNG-test-Test-3] INFO  verifyingDisplaySizeFilterFunctionality_Laptop_20-29-42 - [verifyingDisplaySizeFilterFunctionality_Laptop_20-29-42] Clicked the  [[ChromeDriver: chrome on windows (5f28c669577438246038219e80837668)] -> xpath: //a[@id='seeMoreDetailsLink']]   using safeClick
20:39:48 [TestNG-test-Test-3] INFO  verifyingDisplaySizeFilterFunctionality_Laptop_20-29-42 - [verifyingDisplaySizeFilterFunctionality_Laptop_20-29-42] Within try block for clicking see more deatils within productNameListingPage loop
20:39:48 [TestNG-test-Test-3] INFO  verifyingDisplaySizeFilterFunctionality_Laptop_20-29-42 - [verifyingDisplaySizeFilterFunctionality_Laptop_20-29-42] Within closeCurrentWindowAndSwitchBack method
20:39:48 [TestNG-test-Test-3] INFO  verifyingDisplaySizeFilterFunctionality_Laptop_20-29-42 - [verifyingDisplaySizeFilterFunctionality_Laptop_20-29-42] Total open windows/tabs count -> 2
20:39:48 [TestNG-test-Test-3] INFO  verifyingDisplaySizeFilterFunctionality_Laptop_20-29-42 - [verifyingDisplaySizeFilterFunctionality_Laptop_20-29-42] Original window handle -> 4FD498FF7C268EAD07E38C1D5D5B2EA7
20:39:48 [TestNG-test-Test-3] INFO  verifyingDisplaySizeFilterFunctionality_Laptop_20-29-42 - [verifyingDisplaySizeFilterFunctionality_Laptop_20-29-42] Found new tab/window handle -> 4DA7680A269902DB73A98CD17832C385 (will be closed)
20:39:48 [TestNG-test-Test-3] INFO  verifyingDisplaySizeFilterFunctionality_Laptop_20-29-42 - [verifyingDisplaySizeFilterFunctionality_Laptop_20-29-42] Successfully switched to new tab/window -> 4DA7680A269902DB73A98CD17832C385
20:39:48 [TestNG-test-Test-3] INFO  verifyingDisplaySizeFilterFunctionality_Laptop_20-29-42 - [verifyingDisplaySizeFilterFunctionality_Laptop_20-29-42] Closed the newly opened tab/window -> 4DA7680A269902DB73A98CD17832C385
20:39:48 [TestNG-test-Test-3] INFO  verifyingDisplaySizeFilterFunctionality_Laptop_20-29-42 - [verifyingDisplaySizeFilterFunctionality_Laptop_20-29-42] Switched back to the original window -> 4FD498FF7C268EAD07E38C1D5D5B2EA7
20:39:48 [TestNG-test-Test-3] INFO  verifyingDisplaySizeFilterFunctionality_Laptop_20-29-42 - [verifyingDisplaySizeFilterFunctionality_Laptop_20-29-42]  going back to product listing via closeCurrentWindowAndSwitchBack 
20:39:48 [TestNG-test-Test-3] INFO  verifyingDisplaySizeFilterFunctionality_Laptop_20-29-42 - [verifyingDisplaySizeFilterFunctionality_Laptop_20-29-42]  Added 'filter','title','keyFeatures', 'about', 'techDetails' into the Map -> productResult
20:39:48 [TestNG-test-Test-3] INFO  verifyingDisplaySizeFilterFunctionality_Laptop_20-29-42 - [verifyingDisplaySizeFilterFunctionality_Laptop_20-29-42]  Added 'productResult' Map into the 'results' i.e list of maps 
20:39:48 [TestNG-test-Test-3] INFO  verifyingDisplaySizeFilterFunctionality_Laptop_20-29-42 - [verifyingDisplaySizeFilterFunctionality_Laptop_20-29-42]==========================================================================================================
20:39:48 [TestNG-test-Test-3] INFO  verifyingDisplaySizeFilterFunctionality_Laptop_20-29-42 - [verifyingDisplaySizeFilterFunctionality_Laptop_20-29-42] Within safeFindElements 
20:39:48 [TestNG-test-Test-3] INFO  verifyingDisplaySizeFilterFunctionality_Laptop_20-29-42 - [verifyingDisplaySizeFilterFunctionality_Laptop_20-29-42] Returning the  [[[ChromeDriver: chrome on windows (5f28c669577438246038219e80837668)] -> xpath: //div[@data-cy='title-recipe']], [[ChromeDriver: chrome on windows (5f28c669577438246038219e80837668)] -> xpath: //div[@data-cy='title-recipe']], [[ChromeDriver: chrome on windows (5f28c669577438246038219e80837668)] -> xpath: //div[@data-cy='title-recipe']], [[ChromeDriver: chrome on windows (5f28c669577438246038219e80837668)] -> xpath: //div[@data-cy='title-recipe']], [[ChromeDriver: chrome on windows (5f28c669577438246038219e80837668)] -> xpath: //div[@data-cy='title-recipe']], [[ChromeDriver: chrome on windows (5f28c669577438246038219e80837668)] -> xpath: //div[@data-cy='title-recipe']], [[ChromeDriver: chrome on windows (5f28c669577438246038219e80837668)] -> xpath: //div[@data-cy='title-recipe']], [[ChromeDriver: chrome on windows (5f28c669577438246038219e80837668)] -> xpath: //div[@data-cy='title-recipe']], [[ChromeDriver: chrome on windows (5f28c669577438246038219e80837668)] -> xpath: //div[@data-cy='title-recipe']], [[ChromeDriver: chrome on windows (5f28c669577438246038219e80837668)] -> xpath: //div[@data-cy='title-recipe']], [[ChromeDriver: chrome on windows (5f28c669577438246038219e80837668)] -> xpath: //div[@data-cy='title-recipe']], [[ChromeDriver: chrome on windows (5f28c669577438246038219e80837668)] -> xpath: //div[@data-cy='title-recipe']], [[ChromeDriver: chrome on windows (5f28c669577438246038219e80837668)] -> xpath: //div[@data-cy='title-recipe']], [[ChromeDriver: chrome on windows (5f28c669577438246038219e80837668)] -> xpath: //div[@data-cy='title-recipe']], [[ChromeDriver: chrome on windows (5f28c669577438246038219e80837668)] -> xpath: //div[@data-cy='title-recipe']], [[ChromeDriver: chrome on windows (5f28c669577438246038219e80837668)] -> xpath: //div[@data-cy='title-recipe']]] from the safeFindElements method
20:39:48 [TestNG-test-Test-3] INFO  verifyingDisplaySizeFilterFunctionality_Laptop_20-29-42 - [verifyingDisplaySizeFilterFunctionality_Laptop_20-29-42] Within productNameListingPage loop in applyFilterAndValidateProductsWithResult
20:39:48 [TestNG-test-Test-3] INFO  verifyingDisplaySizeFilterFunctionality_Laptop_20-29-42 - [verifyingDisplaySizeFilterFunctionality_Laptop_20-29-42] Within getProductByIndex method
20:39:48 [TestNG-test-Test-3] INFO  verifyingDisplaySizeFilterFunctionality_Laptop_20-29-42 - [verifyingDisplaySizeFilterFunctionality_Laptop_20-29-42] Within safeFindElement method
20:39:48 [TestNG-test-Test-3] INFO  verifyingDisplaySizeFilterFunctionality_Laptop_20-29-42 - [verifyingDisplaySizeFilterFunctionality_Laptop_20-29-42]Found the element returning it ,element ->[[ChromeDriver: chrome on windows (5f28c669577438246038219e80837668)] -> xpath: (//div[@data-cy='title-recipe'])[14]]
20:39:48 [TestNG-test-Test-3] INFO  verifyingDisplaySizeFilterFunctionality_Laptop_20-29-42 - [verifyingDisplaySizeFilterFunctionality_Laptop_20-29-42] Within getProductByIndex method
20:39:48 [TestNG-test-Test-3] INFO  verifyingDisplaySizeFilterFunctionality_Laptop_20-29-42 - [verifyingDisplaySizeFilterFunctionality_Laptop_20-29-42] Within smoothScrollToElement method
20:39:48 [TestNG-test-Test-3] INFO  verifyingDisplaySizeFilterFunctionality_Laptop_20-29-42 - [verifyingDisplaySizeFilterFunctionality_Laptop_20-29-42] Within safeFindElement method
20:39:48 [TestNG-test-Test-3] INFO  verifyingDisplaySizeFilterFunctionality_Laptop_20-29-42 - [verifyingDisplaySizeFilterFunctionality_Laptop_20-29-42]Found the element returning it ,element ->[[ChromeDriver: chrome on windows (5f28c669577438246038219e80837668)] -> xpath: (//div[@data-cy='title-recipe'])[14]]
20:39:48 [TestNG-test-Test-3] INFO  verifyingDisplaySizeFilterFunctionality_Laptop_20-29-42 - [verifyingDisplaySizeFilterFunctionality_Laptop_20-29-42] Successfully scrolled to element: By.xpath: (//div[@data-cy='title-recipe'])[14]
20:39:48 [TestNG-test-Test-3] INFO  verifyingDisplaySizeFilterFunctionality_Laptop_20-29-42 - [verifyingDisplaySizeFilterFunctionality_Laptop_20-29-42] Getting product by index in productNameListingPage loop
20:39:49 [TestNG-test-Test-3] INFO  verifyingDisplaySizeFilterFunctionality_Laptop_20-29-42 - [verifyingDisplaySizeFilterFunctionality_Laptop_20-29-42] Opened product in new tab via Ctrl+Click inside productNameListingPage loop
20:39:49 [TestNG-test-Test-3] INFO  verifyingDisplaySizeFilterFunctionality_Laptop_20-29-42 - [verifyingDisplaySizeFilterFunctionality_Laptop_20-29-42] Waiting for new window to open...
20:39:49 [TestNG-test-Test-3] INFO  verifyingDisplaySizeFilterFunctionality_Laptop_20-29-42 - [verifyingDisplaySizeFilterFunctionality_Laptop_20-29-42] Switched to new window -> 7CBC5F633A5560FD77D2F6D997BC4EC6
20:39:49 [TestNG-test-Test-3] INFO  verifyingDisplaySizeFilterFunctionality_Laptop_20-29-42 - [verifyingDisplaySizeFilterFunctionality_Laptop_20-29-42] Swithcing to the new window  within productNameListingPage loop
20:39:49 [TestNG-test-Test-3] INFO  verifyingDisplaySizeFilterFunctionality_Laptop_20-29-42 - [verifyingDisplaySizeFilterFunctionality_Laptop_20-29-42] Clicked product name to open in new tab from productNameListingPage loop
20:39:49 [TestNG-test-Test-3] INFO  verifyingDisplaySizeFilterFunctionality_Laptop_20-29-42 - [verifyingDisplaySizeFilterFunctionality_Laptop_20-29-42] Within safeFindElement method
20:39:51 [TestNG-test-Test-3] INFO  verifyingDisplaySizeFilterFunctionality_Laptop_20-29-42 - [verifyingDisplaySizeFilterFunctionality_Laptop_20-29-42]Found the element returning it ,element ->[[ChromeDriver: chrome on windows (5f28c669577438246038219e80837668)] -> xpath: //span[@id='productTitle']]
20:39:51 [TestNG-test-Test-3] INFO  verifyingDisplaySizeFilterFunctionality_Laptop_20-29-42 - [verifyingDisplaySizeFilterFunctionality_Laptop_20-29-42] Within safeFindElement method
20:39:51 [TestNG-test-Test-3] INFO  verifyingDisplaySizeFilterFunctionality_Laptop_20-29-42 - [verifyingDisplaySizeFilterFunctionality_Laptop_20-29-42]Found the element returning it ,element ->[[ChromeDriver: chrome on windows (5f28c669577438246038219e80837668)] -> xpath: //div[@class='a-section a-spacing-small a-spacing-top-small']]
20:39:51 [TestNG-test-Test-3] INFO  verifyingDisplaySizeFilterFunctionality_Laptop_20-29-42 - [verifyingDisplaySizeFilterFunctionality_Laptop_20-29-42] Within safeFindElement method
20:39:51 [TestNG-test-Test-3] INFO  verifyingDisplaySizeFilterFunctionality_Laptop_20-29-42 - [verifyingDisplaySizeFilterFunctionality_Laptop_20-29-42]Found the element returning it ,element ->[[ChromeDriver: chrome on windows (5f28c669577438246038219e80837668)] -> xpath: //div[@id='feature-bullets']]
20:39:51 [TestNG-test-Test-3] INFO  verifyingDisplaySizeFilterFunctionality_Laptop_20-29-42 - [verifyingDisplaySizeFilterFunctionality_Laptop_20-29-42] Within safeFindElement method
20:39:51 [TestNG-test-Test-3] INFO  verifyingDisplaySizeFilterFunctionality_Laptop_20-29-42 - [verifyingDisplaySizeFilterFunctionality_Laptop_20-29-42]Found the element returning it ,element ->[[ChromeDriver: chrome on windows (5f28c669577438246038219e80837668)] -> xpath: //div[@id='prodDetails']]
20:39:51 [TestNG-test-Test-3] INFO  verifyingDisplaySizeFilterFunctionality_Laptop_20-29-42 - [verifyingDisplaySizeFilterFunctionality_Laptop_20-29-42] Extracting 'name' , 'keyFeatures', 'about' , 'techDetails' within productNameListingPage loop
20:39:51 [TestNG-test-Test-3] INFO  verifyingDisplaySizeFilterFunctionality_Laptop_20-29-42 - [verifyingDisplaySizeFilterFunctionality_Laptop_20-29-42] Waiting until element is visible in viewport
20:40:01 [TestNG-test-Test-3] INFO  verifyingDisplaySizeFilterFunctionality_Laptop_20-29-42 - [verifyingDisplaySizeFilterFunctionality_Laptop_20-29-42] Within smoothScrollToElement method
20:40:01 [TestNG-test-Test-3] INFO  verifyingDisplaySizeFilterFunctionality_Laptop_20-29-42 - [verifyingDisplaySizeFilterFunctionality_Laptop_20-29-42] Within safeFindElement method
20:40:01 [TestNG-test-Test-3] INFO  verifyingDisplaySizeFilterFunctionality_Laptop_20-29-42 - [verifyingDisplaySizeFilterFunctionality_Laptop_20-29-42]Found the element returning it ,element ->[[ChromeDriver: chrome on windows (5f28c669577438246038219e80837668)] -> xpath: //a[@id='seeMoreDetailsLink']]
20:40:01 [TestNG-test-Test-3] INFO  verifyingDisplaySizeFilterFunctionality_Laptop_20-29-42 - [verifyingDisplaySizeFilterFunctionality_Laptop_20-29-42] Successfully scrolled to element: By.xpath: //a[@id='seeMoreDetailsLink']
20:40:01 [TestNG-test-Test-3] INFO  verifyingDisplaySizeFilterFunctionality_Laptop_20-29-42 - [verifyingDisplaySizeFilterFunctionality_Laptop_20-29-42] Within safeClick method
20:40:01 [TestNG-test-Test-3] INFO  verifyingDisplaySizeFilterFunctionality_Laptop_20-29-42 - [verifyingDisplaySizeFilterFunctionality_Laptop_20-29-42] Clicked the  [[ChromeDriver: chrome on windows (5f28c669577438246038219e80837668)] -> xpath: //a[@id='seeMoreDetailsLink']]   using safeClick
20:40:01 [TestNG-test-Test-3] INFO  verifyingDisplaySizeFilterFunctionality_Laptop_20-29-42 - [verifyingDisplaySizeFilterFunctionality_Laptop_20-29-42] Within try block for clicking see more deatils within productNameListingPage loop
20:40:01 [TestNG-test-Test-3] INFO  verifyingDisplaySizeFilterFunctionality_Laptop_20-29-42 - [verifyingDisplaySizeFilterFunctionality_Laptop_20-29-42] Within closeCurrentWindowAndSwitchBack method
20:40:01 [TestNG-test-Test-3] INFO  verifyingDisplaySizeFilterFunctionality_Laptop_20-29-42 - [verifyingDisplaySizeFilterFunctionality_Laptop_20-29-42] Total open windows/tabs count -> 2
20:40:01 [TestNG-test-Test-3] INFO  verifyingDisplaySizeFilterFunctionality_Laptop_20-29-42 - [verifyingDisplaySizeFilterFunctionality_Laptop_20-29-42] Original window handle -> 4FD498FF7C268EAD07E38C1D5D5B2EA7
20:40:01 [TestNG-test-Test-3] INFO  verifyingDisplaySizeFilterFunctionality_Laptop_20-29-42 - [verifyingDisplaySizeFilterFunctionality_Laptop_20-29-42] Found new tab/window handle -> 7CBC5F633A5560FD77D2F6D997BC4EC6 (will be closed)
20:40:01 [TestNG-test-Test-3] INFO  verifyingDisplaySizeFilterFunctionality_Laptop_20-29-42 - [verifyingDisplaySizeFilterFunctionality_Laptop_20-29-42] Successfully switched to new tab/window -> 7CBC5F633A5560FD77D2F6D997BC4EC6
20:40:01 [TestNG-test-Test-3] INFO  verifyingDisplaySizeFilterFunctionality_Laptop_20-29-42 - [verifyingDisplaySizeFilterFunctionality_Laptop_20-29-42] Closed the newly opened tab/window -> 7CBC5F633A5560FD77D2F6D997BC4EC6
20:40:01 [TestNG-test-Test-3] INFO  verifyingDisplaySizeFilterFunctionality_Laptop_20-29-42 - [verifyingDisplaySizeFilterFunctionality_Laptop_20-29-42] Switched back to the original window -> 4FD498FF7C268EAD07E38C1D5D5B2EA7
20:40:01 [TestNG-test-Test-3] INFO  verifyingDisplaySizeFilterFunctionality_Laptop_20-29-42 - [verifyingDisplaySizeFilterFunctionality_Laptop_20-29-42]  going back to product listing via closeCurrentWindowAndSwitchBack 
20:40:01 [TestNG-test-Test-3] INFO  verifyingDisplaySizeFilterFunctionality_Laptop_20-29-42 - [verifyingDisplaySizeFilterFunctionality_Laptop_20-29-42]  Added 'filter','title','keyFeatures', 'about', 'techDetails' into the Map -> productResult
20:40:01 [TestNG-test-Test-3] INFO  verifyingDisplaySizeFilterFunctionality_Laptop_20-29-42 - [verifyingDisplaySizeFilterFunctionality_Laptop_20-29-42]  Added 'productResult' Map into the 'results' i.e list of maps 
20:40:01 [TestNG-test-Test-3] INFO  verifyingDisplaySizeFilterFunctionality_Laptop_20-29-42 - [verifyingDisplaySizeFilterFunctionality_Laptop_20-29-42]==========================================================================================================
20:40:01 [TestNG-test-Test-3] INFO  verifyingDisplaySizeFilterFunctionality_Laptop_20-29-42 - [verifyingDisplaySizeFilterFunctionality_Laptop_20-29-42] Within safeFindElements 
20:40:02 [TestNG-test-Test-3] INFO  verifyingDisplaySizeFilterFunctionality_Laptop_20-29-42 - [verifyingDisplaySizeFilterFunctionality_Laptop_20-29-42] Returning the  [[[ChromeDriver: chrome on windows (5f28c669577438246038219e80837668)] -> xpath: //div[@data-cy='title-recipe']], [[ChromeDriver: chrome on windows (5f28c669577438246038219e80837668)] -> xpath: //div[@data-cy='title-recipe']], [[ChromeDriver: chrome on windows (5f28c669577438246038219e80837668)] -> xpath: //div[@data-cy='title-recipe']], [[ChromeDriver: chrome on windows (5f28c669577438246038219e80837668)] -> xpath: //div[@data-cy='title-recipe']], [[ChromeDriver: chrome on windows (5f28c669577438246038219e80837668)] -> xpath: //div[@data-cy='title-recipe']], [[ChromeDriver: chrome on windows (5f28c669577438246038219e80837668)] -> xpath: //div[@data-cy='title-recipe']], [[ChromeDriver: chrome on windows (5f28c669577438246038219e80837668)] -> xpath: //div[@data-cy='title-recipe']], [[ChromeDriver: chrome on windows (5f28c669577438246038219e80837668)] -> xpath: //div[@data-cy='title-recipe']], [[ChromeDriver: chrome on windows (5f28c669577438246038219e80837668)] -> xpath: //div[@data-cy='title-recipe']], [[ChromeDriver: chrome on windows (5f28c669577438246038219e80837668)] -> xpath: //div[@data-cy='title-recipe']], [[ChromeDriver: chrome on windows (5f28c669577438246038219e80837668)] -> xpath: //div[@data-cy='title-recipe']], [[ChromeDriver: chrome on windows (5f28c669577438246038219e80837668)] -> xpath: //div[@data-cy='title-recipe']], [[ChromeDriver: chrome on windows (5f28c669577438246038219e80837668)] -> xpath: //div[@data-cy='title-recipe']], [[ChromeDriver: chrome on windows (5f28c669577438246038219e80837668)] -> xpath: //div[@data-cy='title-recipe']], [[ChromeDriver: chrome on windows (5f28c669577438246038219e80837668)] -> xpath: //div[@data-cy='title-recipe']], [[ChromeDriver: chrome on windows (5f28c669577438246038219e80837668)] -> xpath: //div[@data-cy='title-recipe']]] from the safeFindElements method
20:40:02 [TestNG-test-Test-3] INFO  verifyingDisplaySizeFilterFunctionality_Laptop_20-29-42 - [verifyingDisplaySizeFilterFunctionality_Laptop_20-29-42] Within productNameListingPage loop in applyFilterAndValidateProductsWithResult
20:40:02 [TestNG-test-Test-3] INFO  verifyingDisplaySizeFilterFunctionality_Laptop_20-29-42 - [verifyingDisplaySizeFilterFunctionality_Laptop_20-29-42] Within getProductByIndex method
20:40:02 [TestNG-test-Test-3] INFO  verifyingDisplaySizeFilterFunctionality_Laptop_20-29-42 - [verifyingDisplaySizeFilterFunctionality_Laptop_20-29-42] Within safeFindElement method
20:40:02 [TestNG-test-Test-3] INFO  verifyingDisplaySizeFilterFunctionality_Laptop_20-29-42 - [verifyingDisplaySizeFilterFunctionality_Laptop_20-29-42]Found the element returning it ,element ->[[ChromeDriver: chrome on windows (5f28c669577438246038219e80837668)] -> xpath: (//div[@data-cy='title-recipe'])[15]]
20:40:02 [TestNG-test-Test-3] INFO  verifyingDisplaySizeFilterFunctionality_Laptop_20-29-42 - [verifyingDisplaySizeFilterFunctionality_Laptop_20-29-42] Within getProductByIndex method
20:40:02 [TestNG-test-Test-3] INFO  verifyingDisplaySizeFilterFunctionality_Laptop_20-29-42 - [verifyingDisplaySizeFilterFunctionality_Laptop_20-29-42] Within smoothScrollToElement method
20:40:02 [TestNG-test-Test-3] INFO  verifyingDisplaySizeFilterFunctionality_Laptop_20-29-42 - [verifyingDisplaySizeFilterFunctionality_Laptop_20-29-42] Within safeFindElement method
20:40:02 [TestNG-test-Test-3] INFO  verifyingDisplaySizeFilterFunctionality_Laptop_20-29-42 - [verifyingDisplaySizeFilterFunctionality_Laptop_20-29-42]Found the element returning it ,element ->[[ChromeDriver: chrome on windows (5f28c669577438246038219e80837668)] -> xpath: (//div[@data-cy='title-recipe'])[15]]
20:40:02 [TestNG-test-Test-3] INFO  verifyingDisplaySizeFilterFunctionality_Laptop_20-29-42 - [verifyingDisplaySizeFilterFunctionality_Laptop_20-29-42] Successfully scrolled to element: By.xpath: (//div[@data-cy='title-recipe'])[15]
20:40:02 [TestNG-test-Test-3] INFO  verifyingDisplaySizeFilterFunctionality_Laptop_20-29-42 - [verifyingDisplaySizeFilterFunctionality_Laptop_20-29-42] Getting product by index in productNameListingPage loop
20:40:02 [TestNG-test-Test-3] INFO  verifyingDisplaySizeFilterFunctionality_Laptop_20-29-42 - [verifyingDisplaySizeFilterFunctionality_Laptop_20-29-42] Opened product in new tab via Ctrl+Click inside productNameListingPage loop
20:40:02 [TestNG-test-Test-3] INFO  verifyingDisplaySizeFilterFunctionality_Laptop_20-29-42 - [verifyingDisplaySizeFilterFunctionality_Laptop_20-29-42] Waiting for new window to open...
20:40:02 [TestNG-test-Test-3] INFO  verifyingDisplaySizeFilterFunctionality_Laptop_20-29-42 - [verifyingDisplaySizeFilterFunctionality_Laptop_20-29-42] Switched to new window -> FB63487C1969E2FA34AA4F3232E15BBB
20:40:02 [TestNG-test-Test-3] INFO  verifyingDisplaySizeFilterFunctionality_Laptop_20-29-42 - [verifyingDisplaySizeFilterFunctionality_Laptop_20-29-42] Swithcing to the new window  within productNameListingPage loop
20:40:02 [TestNG-test-Test-3] INFO  verifyingDisplaySizeFilterFunctionality_Laptop_20-29-42 - [verifyingDisplaySizeFilterFunctionality_Laptop_20-29-42] Clicked product name to open in new tab from productNameListingPage loop
20:40:02 [TestNG-test-Test-3] INFO  verifyingDisplaySizeFilterFunctionality_Laptop_20-29-42 - [verifyingDisplaySizeFilterFunctionality_Laptop_20-29-42] Within safeFindElement method
20:40:04 [TestNG-test-Test-3] INFO  verifyingDisplaySizeFilterFunctionality_Laptop_20-29-42 - [verifyingDisplaySizeFilterFunctionality_Laptop_20-29-42]Found the element returning it ,element ->[[ChromeDriver: chrome on windows (5f28c669577438246038219e80837668)] -> xpath: //span[@id='productTitle']]
20:40:04 [TestNG-test-Test-3] INFO  verifyingDisplaySizeFilterFunctionality_Laptop_20-29-42 - [verifyingDisplaySizeFilterFunctionality_Laptop_20-29-42] Within safeFindElement method
20:40:04 [TestNG-test-Test-3] INFO  verifyingDisplaySizeFilterFunctionality_Laptop_20-29-42 - [verifyingDisplaySizeFilterFunctionality_Laptop_20-29-42]Found the element returning it ,element ->[[ChromeDriver: chrome on windows (5f28c669577438246038219e80837668)] -> xpath: //div[@class='a-section a-spacing-small a-spacing-top-small']]
20:40:05 [TestNG-test-Test-3] INFO  verifyingDisplaySizeFilterFunctionality_Laptop_20-29-42 - [verifyingDisplaySizeFilterFunctionality_Laptop_20-29-42] Within safeFindElement method
20:40:05 [TestNG-test-Test-3] INFO  verifyingDisplaySizeFilterFunctionality_Laptop_20-29-42 - [verifyingDisplaySizeFilterFunctionality_Laptop_20-29-42]Found the element returning it ,element ->[[ChromeDriver: chrome on windows (5f28c669577438246038219e80837668)] -> xpath: //div[@id='feature-bullets']]
20:40:05 [TestNG-test-Test-3] INFO  verifyingDisplaySizeFilterFunctionality_Laptop_20-29-42 - [verifyingDisplaySizeFilterFunctionality_Laptop_20-29-42] Within safeFindElement method
20:40:05 [TestNG-test-Test-3] INFO  verifyingDisplaySizeFilterFunctionality_Laptop_20-29-42 - [verifyingDisplaySizeFilterFunctionality_Laptop_20-29-42]Found the element returning it ,element ->[[ChromeDriver: chrome on windows (5f28c669577438246038219e80837668)] -> xpath: //div[@id='prodDetails']]
20:40:05 [TestNG-test-Test-3] INFO  verifyingDisplaySizeFilterFunctionality_Laptop_20-29-42 - [verifyingDisplaySizeFilterFunctionality_Laptop_20-29-42] Extracting 'name' , 'keyFeatures', 'about' , 'techDetails' within productNameListingPage loop
20:40:05 [TestNG-test-Test-3] INFO  verifyingDisplaySizeFilterFunctionality_Laptop_20-29-42 - [verifyingDisplaySizeFilterFunctionality_Laptop_20-29-42] Waiting until element is visible in viewport
20:40:15 [TestNG-test-Test-3] INFO  verifyingDisplaySizeFilterFunctionality_Laptop_20-29-42 - [verifyingDisplaySizeFilterFunctionality_Laptop_20-29-42] Within smoothScrollToElement method
20:40:15 [TestNG-test-Test-3] INFO  verifyingDisplaySizeFilterFunctionality_Laptop_20-29-42 - [verifyingDisplaySizeFilterFunctionality_Laptop_20-29-42] Within safeFindElement method
20:40:15 [TestNG-test-Test-3] INFO  verifyingDisplaySizeFilterFunctionality_Laptop_20-29-42 - [verifyingDisplaySizeFilterFunctionality_Laptop_20-29-42]Found the element returning it ,element ->[[ChromeDriver: chrome on windows (5f28c669577438246038219e80837668)] -> xpath: //a[@id='seeMoreDetailsLink']]
20:40:15 [TestNG-test-Test-3] INFO  verifyingDisplaySizeFilterFunctionality_Laptop_20-29-42 - [verifyingDisplaySizeFilterFunctionality_Laptop_20-29-42] Successfully scrolled to element: By.xpath: //a[@id='seeMoreDetailsLink']
20:40:15 [TestNG-test-Test-3] INFO  verifyingDisplaySizeFilterFunctionality_Laptop_20-29-42 - [verifyingDisplaySizeFilterFunctionality_Laptop_20-29-42] Within safeClick method
20:40:15 [TestNG-test-Test-3] INFO  verifyingDisplaySizeFilterFunctionality_Laptop_20-29-42 - [verifyingDisplaySizeFilterFunctionality_Laptop_20-29-42] Clicked the  [[ChromeDriver: chrome on windows (5f28c669577438246038219e80837668)] -> xpath: //a[@id='seeMoreDetailsLink']]   using safeClick
20:40:15 [TestNG-test-Test-3] INFO  verifyingDisplaySizeFilterFunctionality_Laptop_20-29-42 - [verifyingDisplaySizeFilterFunctionality_Laptop_20-29-42] Within try block for clicking see more deatils within productNameListingPage loop
20:40:15 [TestNG-test-Test-3] INFO  verifyingDisplaySizeFilterFunctionality_Laptop_20-29-42 - [verifyingDisplaySizeFilterFunctionality_Laptop_20-29-42] Within closeCurrentWindowAndSwitchBack method
20:40:15 [TestNG-test-Test-3] INFO  verifyingDisplaySizeFilterFunctionality_Laptop_20-29-42 - [verifyingDisplaySizeFilterFunctionality_Laptop_20-29-42] Total open windows/tabs count -> 2
20:40:15 [TestNG-test-Test-3] INFO  verifyingDisplaySizeFilterFunctionality_Laptop_20-29-42 - [verifyingDisplaySizeFilterFunctionality_Laptop_20-29-42] Original window handle -> 4FD498FF7C268EAD07E38C1D5D5B2EA7
20:40:15 [TestNG-test-Test-3] INFO  verifyingDisplaySizeFilterFunctionality_Laptop_20-29-42 - [verifyingDisplaySizeFilterFunctionality_Laptop_20-29-42] Found new tab/window handle -> FB63487C1969E2FA34AA4F3232E15BBB (will be closed)
20:40:16 [TestNG-test-Test-3] INFO  verifyingDisplaySizeFilterFunctionality_Laptop_20-29-42 - [verifyingDisplaySizeFilterFunctionality_Laptop_20-29-42] Successfully switched to new tab/window -> FB63487C1969E2FA34AA4F3232E15BBB
20:40:16 [TestNG-test-Test-3] INFO  verifyingDisplaySizeFilterFunctionality_Laptop_20-29-42 - [verifyingDisplaySizeFilterFunctionality_Laptop_20-29-42] Closed the newly opened tab/window -> FB63487C1969E2FA34AA4F3232E15BBB
20:40:16 [TestNG-test-Test-3] INFO  verifyingDisplaySizeFilterFunctionality_Laptop_20-29-42 - [verifyingDisplaySizeFilterFunctionality_Laptop_20-29-42] Switched back to the original window -> 4FD498FF7C268EAD07E38C1D5D5B2EA7
20:40:16 [TestNG-test-Test-3] INFO  verifyingDisplaySizeFilterFunctionality_Laptop_20-29-42 - [verifyingDisplaySizeFilterFunctionality_Laptop_20-29-42]  going back to product listing via closeCurrentWindowAndSwitchBack 
20:40:16 [TestNG-test-Test-3] INFO  verifyingDisplaySizeFilterFunctionality_Laptop_20-29-42 - [verifyingDisplaySizeFilterFunctionality_Laptop_20-29-42]  Added 'filter','title','keyFeatures', 'about', 'techDetails' into the Map -> productResult
20:40:16 [TestNG-test-Test-3] INFO  verifyingDisplaySizeFilterFunctionality_Laptop_20-29-42 - [verifyingDisplaySizeFilterFunctionality_Laptop_20-29-42]  Added 'productResult' Map into the 'results' i.e list of maps 
20:40:16 [TestNG-test-Test-3] INFO  verifyingDisplaySizeFilterFunctionality_Laptop_20-29-42 - [verifyingDisplaySizeFilterFunctionality_Laptop_20-29-42]==========================================================================================================
20:40:16 [TestNG-test-Test-3] INFO  verifyingDisplaySizeFilterFunctionality_Laptop_20-29-42 - [verifyingDisplaySizeFilterFunctionality_Laptop_20-29-42] Within safeClick method
20:40:17 [TestNG-test-Test-3] INFO  verifyingDisplaySizeFilterFunctionality_Laptop_20-29-42 - [verifyingDisplaySizeFilterFunctionality_Laptop_20-29-42] Cannot click the butto using safeClick, trying again
20:40:19 [TestNG-test-Test-3] INFO  verifyingDisplaySizeFilterFunctionality_Laptop_20-29-42 - [verifyingDisplaySizeFilterFunctionality_Laptop_20-29-42] Clicked the  [[ChromeDriver: chrome on windows (5f28c669577438246038219e80837668)] -> xpath: //span[@class='a-size-base a-color-base' and text()='Clear']]   using safeClick
20:40:19 [TestNG-test-Test-3] INFO  verifyingDisplaySizeFilterFunctionality_Laptop_20-29-42 - [verifyingDisplaySizeFilterFunctionality_Laptop_20-29-42] Clearing the filter value ->Up to 34 cmwithin productNameListingPage loop
20:40:19 [TestNG-test-Test-3] INFO  verifyingDisplaySizeFilterFunctionality_Laptop_20-29-42 - [verifyingDisplaySizeFilterFunctionality_Laptop_20-29-42]==========================================================================================================
20:40:19 [TestNG-test-Test-3] INFO  verifyingDisplaySizeFilterFunctionality_Laptop_20-29-42 - [verifyingDisplaySizeFilterFunctionality_Laptop_20-29-42]==========================================================================================================
20:40:19 [TestNG-test-Test-3] INFO  verifyingDisplaySizeFilterFunctionality_Laptop_20-29-42 - [verifyingDisplaySizeFilterFunctionality_Laptop_20-29-42] Within filterOptions loop in applyFilterAndValidateProductsWithResult
20:40:19 [TestNG-test-Test-3] INFO  verifyingDisplaySizeFilterFunctionality_Laptop_20-29-42 - [verifyingDisplaySizeFilterFunctionality_Laptop_20-29-42] Within safeFindElements 
20:40:21 [TestNG-test-Test-3] INFO  verifyingDisplaySizeFilterFunctionality_Laptop_20-29-42 - [verifyingDisplaySizeFilterFunctionality_Laptop_20-29-42] Returning the  [[[ChromeDriver: chrome on windows (5f28c669577438246038219e80837668)] -> xpath: //span[@class='a-size-base a-color-base puis-bold-weight-text' and text()='Screen Size']/parent::div/following-sibling::ul//span[@class='a-size-base a-color-base']], [[ChromeDriver: chrome on windows (5f28c669577438246038219e80837668)] -> xpath: //span[@class='a-size-base a-color-base puis-bold-weight-text' and text()='Screen Size']/parent::div/following-sibling::ul//span[@class='a-size-base a-color-base']], [[ChromeDriver: chrome on windows (5f28c669577438246038219e80837668)] -> xpath: //span[@class='a-size-base a-color-base puis-bold-weight-text' and text()='Screen Size']/parent::div/following-sibling::ul//span[@class='a-size-base a-color-base']], [[ChromeDriver: chrome on windows (5f28c669577438246038219e80837668)] -> xpath: //span[@class='a-size-base a-color-base puis-bold-weight-text' and text()='Screen Size']/parent::div/following-sibling::ul//span[@class='a-size-base a-color-base']], [[ChromeDriver: chrome on windows (5f28c669577438246038219e80837668)] -> xpath: //span[@class='a-size-base a-color-base puis-bold-weight-text' and text()='Screen Size']/parent::div/following-sibling::ul//span[@class='a-size-base a-color-base']], [[ChromeDriver: chrome on windows (5f28c669577438246038219e80837668)] -> xpath: //span[@class='a-size-base a-color-base puis-bold-weight-text' and text()='Screen Size']/parent::div/following-sibling::ul//span[@class='a-size-base a-color-base']], [[ChromeDriver: chrome on windows (5f28c669577438246038219e80837668)] -> xpath: //span[@class='a-size-base a-color-base puis-bold-weight-text' and text()='Screen Size']/parent::div/following-sibling::ul//span[@class='a-size-base a-color-base']]] from the safeFindElements method
20:40:21 [TestNG-test-Test-3] INFO  verifyingDisplaySizeFilterFunctionality_Laptop_20-29-42 - [verifyingDisplaySizeFilterFunctionality_Laptop_20-29-42] Trying to read filter option 3 (attempt 1/3)
20:40:21 [TestNG-test-Test-3] INFO  verifyingDisplaySizeFilterFunctionality_Laptop_20-29-42 - [verifyingDisplaySizeFilterFunctionality_Laptop_20-29-42] Successfully read filter option 3 = '16 in & above'
20:40:21 [TestNG-test-Test-3] INFO  verifyingDisplaySizeFilterFunctionality_Laptop_20-29-42 - [verifyingDisplaySizeFilterFunctionality_Laptop_20-29-42] Within getfilterByTypeAndName method
20:40:21 [TestNG-test-Test-3] INFO  verifyingDisplaySizeFilterFunctionality_Laptop_20-29-42 - [verifyingDisplaySizeFilterFunctionality_Laptop_20-29-42] Within safeClickBooleanWithScreenShot method
20:40:21 [TestNG-test-Test-3] INFO  verifyingDisplaySizeFilterFunctionality_Laptop_20-29-42 - [verifyingDisplaySizeFilterFunctionality_Laptop_20-29-42] Within getAppliedfilterByTypeAndName method
20:40:21 [TestNG-test-Test-3] INFO  verifyingDisplaySizeFilterFunctionality_Laptop_20-29-42 - [verifyingDisplaySizeFilterFunctionality_Laptop_20-29-42] Within smoothScrollToElement method
20:40:21 [TestNG-test-Test-3] INFO  verifyingDisplaySizeFilterFunctionality_Laptop_20-29-42 - [verifyingDisplaySizeFilterFunctionality_Laptop_20-29-42] Within safeFindElement method
20:40:21 [TestNG-test-Test-3] INFO  verifyingDisplaySizeFilterFunctionality_Laptop_20-29-42 - [verifyingDisplaySizeFilterFunctionality_Laptop_20-29-42]Found the element returning it ,element ->[[ChromeDriver: chrome on windows (5f28c669577438246038219e80837668)] -> xpath: //span[@class='a-size-base a-color-base puis-bold-weight-text' and text()='Screen Size']]
20:40:21 [TestNG-test-Test-3] INFO  verifyingDisplaySizeFilterFunctionality_Laptop_20-29-42 - [verifyingDisplaySizeFilterFunctionality_Laptop_20-29-42] Successfully scrolled to element: By.xpath: //span[@class='a-size-base a-color-base puis-bold-weight-text' and text()='Screen Size']
20:40:21 [TestNG-test-Test-3] INFO  verifyingDisplaySizeFilterFunctionality_Laptop_20-29-42 - [verifyingDisplaySizeFilterFunctionality_Laptop_20-29-42] Within getMoreButtonByFilterTypeAndName method
20:40:21 [TestNG-test-Test-3] INFO  verifyingDisplaySizeFilterFunctionality_Laptop_20-29-42 - [verifyingDisplaySizeFilterFunctionality_Laptop_20-29-42] could not find more button
20:40:22 [TestNG-test-Test-3] INFO  verifyingDisplaySizeFilterFunctionality_Laptop_20-29-42 - [verifyingDisplaySizeFilterFunctionality_Laptop_20-29-42] Within getAppliedfilterByTypeAndName method
20:40:22 [TestNG-test-Test-3] INFO  verifyingDisplaySizeFilterFunctionality_Laptop_20-29-42 - [verifyingDisplaySizeFilterFunctionality_Laptop_20-29-42] Within smoothScrollToElement method
20:40:22 [TestNG-test-Test-3] INFO  verifyingDisplaySizeFilterFunctionality_Laptop_20-29-42 - [verifyingDisplaySizeFilterFunctionality_Laptop_20-29-42] Within safeFindElement method
20:40:23 [TestNG-test-Test-3] INFO  verifyingDisplaySizeFilterFunctionality_Laptop_20-29-42 - [verifyingDisplaySizeFilterFunctionality_Laptop_20-29-42]Found the element returning it ,element ->[[ChromeDriver: chrome on windows (5f28c669577438246038219e80837668)] -> xpath: //span[@class='a-size-base a-color-base puis-bold-weight-text' and text()='Screen Size']]
20:40:23 [TestNG-test-Test-3] INFO  verifyingDisplaySizeFilterFunctionality_Laptop_20-29-42 - [verifyingDisplaySizeFilterFunctionality_Laptop_20-29-42] Successfully scrolled to element: By.xpath: //span[@class='a-size-base a-color-base puis-bold-weight-text' and text()='Screen Size']
20:40:23 [TestNG-test-Test-3] INFO  verifyingDisplaySizeFilterFunctionality_Laptop_20-29-42 - [verifyingDisplaySizeFilterFunctionality_Laptop_20-29-42] Within getMoreButtonByFilterTypeAndName method
20:40:23 [TestNG-test-Test-3] INFO  verifyingDisplaySizeFilterFunctionality_Laptop_20-29-42 - [verifyingDisplaySizeFilterFunctionality_Laptop_20-29-42] could not find more button
20:40:23 [TestNG-test-Test-3] INFO  verifyingDisplaySizeFilterFunctionality_Laptop_20-29-42 - [verifyingDisplaySizeFilterFunctionality_Laptop_20-29-42] Within getfilterByTypeAndName method
20:40:23 [TestNG-test-Test-3] INFO  verifyingDisplaySizeFilterFunctionality_Laptop_20-29-42 - [verifyingDisplaySizeFilterFunctionality_Laptop_20-29-42] Within smoothScrollToElement method
20:40:23 [TestNG-test-Test-3] INFO  verifyingDisplaySizeFilterFunctionality_Laptop_20-29-42 - [verifyingDisplaySizeFilterFunctionality_Laptop_20-29-42] Within safeFindElement method
20:40:24 [TestNG-test-Test-3] INFO  verifyingDisplaySizeFilterFunctionality_Laptop_20-29-42 - [verifyingDisplaySizeFilterFunctionality_Laptop_20-29-42]Found the element returning it ,element ->[[ChromeDriver: chrome on windows (5f28c669577438246038219e80837668)] -> xpath: //span[@class='a-size-base a-color-base puis-bold-weight-text' and text()='Screen Size']/parent::div/following-sibling::ul//span[@class='a-size-base a-color-base a-text-bold' and text()='16 in & above']]
20:40:24 [TestNG-test-Test-3] INFO  verifyingDisplaySizeFilterFunctionality_Laptop_20-29-42 - [verifyingDisplaySizeFilterFunctionality_Laptop_20-29-42] Successfully scrolled to element: By.xpath: //span[@class='a-size-base a-color-base puis-bold-weight-text' and text()='Screen Size']/parent::div/following-sibling::ul//span[@class='a-size-base a-color-base a-text-bold' and text()='16 in & above']
20:40:24 [TestNG-test-Test-3] INFO  verifyingDisplaySizeFilterFunctionality_Laptop_20-29-42 - [verifyingDisplaySizeFilterFunctionality_Laptop_20-29-42] Clicked the element using safe click ,element is [[ChromeDriver: chrome on windows (5f28c669577438246038219e80837668)] -> xpath: //span[@class='a-size-base a-color-base puis-bold-weight-text' and text()='Screen Size']/parent::div/following-sibling::ul//span[@class='a-size-base a-color-base' and text()='16 in & above']]
20:40:24 [TestNG-test-Test-3] INFO  verifyingDisplaySizeFilterFunctionality_Laptop_20-29-42 - [verifyingDisplaySizeFilterFunctionality_Laptop_20-29-42] Within safeFindElements 
20:40:24 [TestNG-test-Test-3] INFO  verifyingDisplaySizeFilterFunctionality_Laptop_20-29-42 - [verifyingDisplaySizeFilterFunctionality_Laptop_20-29-42] Returning the  [[[ChromeDriver: chrome on windows (5f28c669577438246038219e80837668)] -> xpath: //div[@data-cy='title-recipe']], [[ChromeDriver: chrome on windows (5f28c669577438246038219e80837668)] -> xpath: //div[@data-cy='title-recipe']], [[ChromeDriver: chrome on windows (5f28c669577438246038219e80837668)] -> xpath: //div[@data-cy='title-recipe']], [[ChromeDriver: chrome on windows (5f28c669577438246038219e80837668)] -> xpath: //div[@data-cy='title-recipe']], [[ChromeDriver: chrome on windows (5f28c669577438246038219e80837668)] -> xpath: //div[@data-cy='title-recipe']], [[ChromeDriver: chrome on windows (5f28c669577438246038219e80837668)] -> xpath: //div[@data-cy='title-recipe']], [[ChromeDriver: chrome on windows (5f28c669577438246038219e80837668)] -> xpath: //div[@data-cy='title-recipe']], [[ChromeDriver: chrome on windows (5f28c669577438246038219e80837668)] -> xpath: //div[@data-cy='title-recipe']], [[ChromeDriver: chrome on windows (5f28c669577438246038219e80837668)] -> xpath: //div[@data-cy='title-recipe']], [[ChromeDriver: chrome on windows (5f28c669577438246038219e80837668)] -> xpath: //div[@data-cy='title-recipe']], [[ChromeDriver: chrome on windows (5f28c669577438246038219e80837668)] -> xpath: //div[@data-cy='title-recipe']], [[ChromeDriver: chrome on windows (5f28c669577438246038219e80837668)] -> xpath: //div[@data-cy='title-recipe']], [[ChromeDriver: chrome on windows (5f28c669577438246038219e80837668)] -> xpath: //div[@data-cy='title-recipe']], [[ChromeDriver: chrome on windows (5f28c669577438246038219e80837668)] -> xpath: //div[@data-cy='title-recipe']], [[ChromeDriver: chrome on windows (5f28c669577438246038219e80837668)] -> xpath: //div[@data-cy='title-recipe']], [[ChromeDriver: chrome on windows (5f28c669577438246038219e80837668)] -> xpath: //div[@data-cy='title-recipe']]] from the safeFindElements method
20:40:24 [TestNG-test-Test-3] INFO  verifyingDisplaySizeFilterFunctionality_Laptop_20-29-42 - [verifyingDisplaySizeFilterFunctionality_Laptop_20-29-42] Execution is scheduled type /CRON Job on CI Hence refering to CI keys from UtilData
20:40:24 [TestNG-test-Test-3] INFO  verifyingDisplaySizeFilterFunctionality_Laptop_20-29-42 - [verifyingDisplaySizeFilterFunctionality_Laptop_20-29-42] Within safeFindElements 
20:40:24 [TestNG-test-Test-3] INFO  verifyingDisplaySizeFilterFunctionality_Laptop_20-29-42 - [verifyingDisplaySizeFilterFunctionality_Laptop_20-29-42] Returning the  [[[ChromeDriver: chrome on windows (5f28c669577438246038219e80837668)] -> xpath: //div[@data-cy='title-recipe']], [[ChromeDriver: chrome on windows (5f28c669577438246038219e80837668)] -> xpath: //div[@data-cy='title-recipe']], [[ChromeDriver: chrome on windows (5f28c669577438246038219e80837668)] -> xpath: //div[@data-cy='title-recipe']], [[ChromeDriver: chrome on windows (5f28c669577438246038219e80837668)] -> xpath: //div[@data-cy='title-recipe']], [[ChromeDriver: chrome on windows (5f28c669577438246038219e80837668)] -> xpath: //div[@data-cy='title-recipe']], [[ChromeDriver: chrome on windows (5f28c669577438246038219e80837668)] -> xpath: //div[@data-cy='title-recipe']], [[ChromeDriver: chrome on windows (5f28c669577438246038219e80837668)] -> xpath: //div[@data-cy='title-recipe']], [[ChromeDriver: chrome on windows (5f28c669577438246038219e80837668)] -> xpath: //div[@data-cy='title-recipe']], [[ChromeDriver: chrome on windows (5f28c669577438246038219e80837668)] -> xpath: //div[@data-cy='title-recipe']], [[ChromeDriver: chrome on windows (5f28c669577438246038219e80837668)] -> xpath: //div[@data-cy='title-recipe']], [[ChromeDriver: chrome on windows (5f28c669577438246038219e80837668)] -> xpath: //div[@data-cy='title-recipe']], [[ChromeDriver: chrome on windows (5f28c669577438246038219e80837668)] -> xpath: //div[@data-cy='title-recipe']], [[ChromeDriver: chrome on windows (5f28c669577438246038219e80837668)] -> xpath: //div[@data-cy='title-recipe']], [[ChromeDriver: chrome on windows (5f28c669577438246038219e80837668)] -> xpath: //div[@data-cy='title-recipe']], [[ChromeDriver: chrome on windows (5f28c669577438246038219e80837668)] -> xpath: //div[@data-cy='title-recipe']], [[ChromeDriver: chrome on windows (5f28c669577438246038219e80837668)] -> xpath: //div[@data-cy='title-recipe']]] from the safeFindElements method
20:40:24 [TestNG-test-Test-3] INFO  verifyingDisplaySizeFilterFunctionality_Laptop_20-29-42 - [verifyingDisplaySizeFilterFunctionality_Laptop_20-29-42] Within productNameListingPage loop in applyFilterAndValidateProductsWithResult
20:40:24 [TestNG-test-Test-3] INFO  verifyingDisplaySizeFilterFunctionality_Laptop_20-29-42 - [verifyingDisplaySizeFilterFunctionality_Laptop_20-29-42] Within getProductByIndex method
20:40:24 [TestNG-test-Test-3] INFO  verifyingDisplaySizeFilterFunctionality_Laptop_20-29-42 - [verifyingDisplaySizeFilterFunctionality_Laptop_20-29-42] Within safeFindElement method
20:40:24 [TestNG-test-Test-3] INFO  verifyingDisplaySizeFilterFunctionality_Laptop_20-29-42 - [verifyingDisplaySizeFilterFunctionality_Laptop_20-29-42]Found the element returning it ,element ->[[ChromeDriver: chrome on windows (5f28c669577438246038219e80837668)] -> xpath: (//div[@data-cy='title-recipe'])[1]]
20:40:24 [TestNG-test-Test-3] INFO  verifyingDisplaySizeFilterFunctionality_Laptop_20-29-42 - [verifyingDisplaySizeFilterFunctionality_Laptop_20-29-42] Within getProductByIndex method
20:40:24 [TestNG-test-Test-3] INFO  verifyingDisplaySizeFilterFunctionality_Laptop_20-29-42 - [verifyingDisplaySizeFilterFunctionality_Laptop_20-29-42] Within smoothScrollToElement method
20:40:24 [TestNG-test-Test-3] INFO  verifyingDisplaySizeFilterFunctionality_Laptop_20-29-42 - [verifyingDisplaySizeFilterFunctionality_Laptop_20-29-42] Within safeFindElement method
20:40:24 [TestNG-test-Test-3] INFO  verifyingDisplaySizeFilterFunctionality_Laptop_20-29-42 - [verifyingDisplaySizeFilterFunctionality_Laptop_20-29-42]Found the element returning it ,element ->[[ChromeDriver: chrome on windows (5f28c669577438246038219e80837668)] -> xpath: (//div[@data-cy='title-recipe'])[1]]
20:40:24 [TestNG-test-Test-3] INFO  verifyingDisplaySizeFilterFunctionality_Laptop_20-29-42 - [verifyingDisplaySizeFilterFunctionality_Laptop_20-29-42] Successfully scrolled to element: By.xpath: (//div[@data-cy='title-recipe'])[1]
20:40:24 [TestNG-test-Test-3] INFO  verifyingDisplaySizeFilterFunctionality_Laptop_20-29-42 - [verifyingDisplaySizeFilterFunctionality_Laptop_20-29-42] Getting product by index in productNameListingPage loop
20:40:24 [TestNG-test-Test-3] INFO  verifyingDisplaySizeFilterFunctionality_Laptop_20-29-42 - [verifyingDisplaySizeFilterFunctionality_Laptop_20-29-42] Opened product in new tab via Ctrl+Click inside productNameListingPage loop
20:40:24 [TestNG-test-Test-3] INFO  verifyingDisplaySizeFilterFunctionality_Laptop_20-29-42 - [verifyingDisplaySizeFilterFunctionality_Laptop_20-29-42] Waiting for new window to open...
20:40:24 [TestNG-test-Test-3] INFO  verifyingDisplaySizeFilterFunctionality_Laptop_20-29-42 - [verifyingDisplaySizeFilterFunctionality_Laptop_20-29-42] Switched to new window -> 7A03DE2B9B4FD68309475552E37BD8A0
20:40:24 [TestNG-test-Test-3] INFO  verifyingDisplaySizeFilterFunctionality_Laptop_20-29-42 - [verifyingDisplaySizeFilterFunctionality_Laptop_20-29-42] Swithcing to the new window  within productNameListingPage loop
20:40:24 [TestNG-test-Test-3] INFO  verifyingDisplaySizeFilterFunctionality_Laptop_20-29-42 - [verifyingDisplaySizeFilterFunctionality_Laptop_20-29-42] Clicked product name to open in new tab from productNameListingPage loop
20:40:24 [TestNG-test-Test-3] INFO  verifyingDisplaySizeFilterFunctionality_Laptop_20-29-42 - [verifyingDisplaySizeFilterFunctionality_Laptop_20-29-42] Within safeFindElement method
20:40:28 [TestNG-test-Test-3] INFO  verifyingDisplaySizeFilterFunctionality_Laptop_20-29-42 - [verifyingDisplaySizeFilterFunctionality_Laptop_20-29-42]Found the element returning it ,element ->[[ChromeDriver: chrome on windows (5f28c669577438246038219e80837668)] -> xpath: //span[@id='productTitle']]
20:40:28 [TestNG-test-Test-3] INFO  verifyingDisplaySizeFilterFunctionality_Laptop_20-29-42 - [verifyingDisplaySizeFilterFunctionality_Laptop_20-29-42] Within safeFindElement method
20:40:28 [TestNG-test-Test-3] INFO  verifyingDisplaySizeFilterFunctionality_Laptop_20-29-42 - [verifyingDisplaySizeFilterFunctionality_Laptop_20-29-42]Found the element returning it ,element ->[[ChromeDriver: chrome on windows (5f28c669577438246038219e80837668)] -> xpath: //div[@class='a-section a-spacing-small a-spacing-top-small']]
20:40:28 [TestNG-test-Test-3] INFO  verifyingDisplaySizeFilterFunctionality_Laptop_20-29-42 - [verifyingDisplaySizeFilterFunctionality_Laptop_20-29-42] Within safeFindElement method
20:40:28 [TestNG-test-Test-3] INFO  verifyingDisplaySizeFilterFunctionality_Laptop_20-29-42 - [verifyingDisplaySizeFilterFunctionality_Laptop_20-29-42]Found the element returning it ,element ->[[ChromeDriver: chrome on windows (5f28c669577438246038219e80837668)] -> xpath: //div[@id='feature-bullets']]
20:40:28 [TestNG-test-Test-3] INFO  verifyingDisplaySizeFilterFunctionality_Laptop_20-29-42 - [verifyingDisplaySizeFilterFunctionality_Laptop_20-29-42] Within safeFindElement method
20:40:28 [TestNG-test-Test-3] INFO  verifyingDisplaySizeFilterFunctionality_Laptop_20-29-42 - [verifyingDisplaySizeFilterFunctionality_Laptop_20-29-42]Found the element returning it ,element ->[[ChromeDriver: chrome on windows (5f28c669577438246038219e80837668)] -> xpath: //div[@id='prodDetails']]
20:40:28 [TestNG-test-Test-3] INFO  verifyingDisplaySizeFilterFunctionality_Laptop_20-29-42 - [verifyingDisplaySizeFilterFunctionality_Laptop_20-29-42] Extracting 'name' , 'keyFeatures', 'about' , 'techDetails' within productNameListingPage loop
20:40:28 [TestNG-test-Test-3] INFO  verifyingDisplaySizeFilterFunctionality_Laptop_20-29-42 - [verifyingDisplaySizeFilterFunctionality_Laptop_20-29-42] Waiting until element is visible in viewport
20:40:39 [TestNG-test-Test-3] INFO  verifyingDisplaySizeFilterFunctionality_Laptop_20-29-42 - [verifyingDisplaySizeFilterFunctionality_Laptop_20-29-42] Within smoothScrollToElement method
20:40:39 [TestNG-test-Test-3] INFO  verifyingDisplaySizeFilterFunctionality_Laptop_20-29-42 - [verifyingDisplaySizeFilterFunctionality_Laptop_20-29-42] Within safeFindElement method
20:40:39 [TestNG-test-Test-3] INFO  verifyingDisplaySizeFilterFunctionality_Laptop_20-29-42 - [verifyingDisplaySizeFilterFunctionality_Laptop_20-29-42]Found the element returning it ,element ->[[ChromeDriver: chrome on windows (5f28c669577438246038219e80837668)] -> xpath: //a[@id='seeMoreDetailsLink']]
20:40:39 [TestNG-test-Test-3] INFO  verifyingDisplaySizeFilterFunctionality_Laptop_20-29-42 - [verifyingDisplaySizeFilterFunctionality_Laptop_20-29-42] Successfully scrolled to element: By.xpath: //a[@id='seeMoreDetailsLink']
20:40:39 [TestNG-test-Test-3] INFO  verifyingDisplaySizeFilterFunctionality_Laptop_20-29-42 - [verifyingDisplaySizeFilterFunctionality_Laptop_20-29-42] Within safeClick method
20:40:40 [TestNG-test-Test-3] INFO  verifyingDisplaySizeFilterFunctionality_Laptop_20-29-42 - [verifyingDisplaySizeFilterFunctionality_Laptop_20-29-42] Clicked the  [[ChromeDriver: chrome on windows (5f28c669577438246038219e80837668)] -> xpath: //a[@id='seeMoreDetailsLink']]   using safeClick
20:40:40 [TestNG-test-Test-3] INFO  verifyingDisplaySizeFilterFunctionality_Laptop_20-29-42 - [verifyingDisplaySizeFilterFunctionality_Laptop_20-29-42] Within try block for clicking see more deatils within productNameListingPage loop
20:40:40 [TestNG-test-Test-3] INFO  verifyingDisplaySizeFilterFunctionality_Laptop_20-29-42 - [verifyingDisplaySizeFilterFunctionality_Laptop_20-29-42] Within closeCurrentWindowAndSwitchBack method
20:40:40 [TestNG-test-Test-3] INFO  verifyingDisplaySizeFilterFunctionality_Laptop_20-29-42 - [verifyingDisplaySizeFilterFunctionality_Laptop_20-29-42] Total open windows/tabs count -> 2
20:40:40 [TestNG-test-Test-3] INFO  verifyingDisplaySizeFilterFunctionality_Laptop_20-29-42 - [verifyingDisplaySizeFilterFunctionality_Laptop_20-29-42] Original window handle -> 4FD498FF7C268EAD07E38C1D5D5B2EA7
20:40:40 [TestNG-test-Test-3] INFO  verifyingDisplaySizeFilterFunctionality_Laptop_20-29-42 - [verifyingDisplaySizeFilterFunctionality_Laptop_20-29-42] Found new tab/window handle -> 7A03DE2B9B4FD68309475552E37BD8A0 (will be closed)
20:40:40 [TestNG-test-Test-3] INFO  verifyingDisplaySizeFilterFunctionality_Laptop_20-29-42 - [verifyingDisplaySizeFilterFunctionality_Laptop_20-29-42] Successfully switched to new tab/window -> 7A03DE2B9B4FD68309475552E37BD8A0
20:40:40 [TestNG-test-Test-3] INFO  verifyingDisplaySizeFilterFunctionality_Laptop_20-29-42 - [verifyingDisplaySizeFilterFunctionality_Laptop_20-29-42] Closed the newly opened tab/window -> 7A03DE2B9B4FD68309475552E37BD8A0
20:40:40 [TestNG-test-Test-3] INFO  verifyingDisplaySizeFilterFunctionality_Laptop_20-29-42 - [verifyingDisplaySizeFilterFunctionality_Laptop_20-29-42] Switched back to the original window -> 4FD498FF7C268EAD07E38C1D5D5B2EA7
20:40:40 [TestNG-test-Test-3] INFO  verifyingDisplaySizeFilterFunctionality_Laptop_20-29-42 - [verifyingDisplaySizeFilterFunctionality_Laptop_20-29-42]  going back to product listing via closeCurrentWindowAndSwitchBack 
20:40:40 [TestNG-test-Test-3] INFO  verifyingDisplaySizeFilterFunctionality_Laptop_20-29-42 - [verifyingDisplaySizeFilterFunctionality_Laptop_20-29-42]  Added 'filter','title','keyFeatures', 'about', 'techDetails' into the Map -> productResult
20:40:40 [TestNG-test-Test-3] INFO  verifyingDisplaySizeFilterFunctionality_Laptop_20-29-42 - [verifyingDisplaySizeFilterFunctionality_Laptop_20-29-42]  Added 'productResult' Map into the 'results' i.e list of maps 
20:40:40 [TestNG-test-Test-3] INFO  verifyingDisplaySizeFilterFunctionality_Laptop_20-29-42 - [verifyingDisplaySizeFilterFunctionality_Laptop_20-29-42]==========================================================================================================
20:40:40 [TestNG-test-Test-3] INFO  verifyingDisplaySizeFilterFunctionality_Laptop_20-29-42 - [verifyingDisplaySizeFilterFunctionality_Laptop_20-29-42] Within safeFindElements 
20:40:40 [TestNG-test-Test-3] INFO  verifyingDisplaySizeFilterFunctionality_Laptop_20-29-42 - [verifyingDisplaySizeFilterFunctionality_Laptop_20-29-42] Returning the  [[[ChromeDriver: chrome on windows (5f28c669577438246038219e80837668)] -> xpath: //div[@data-cy='title-recipe']], [[ChromeDriver: chrome on windows (5f28c669577438246038219e80837668)] -> xpath: //div[@data-cy='title-recipe']], [[ChromeDriver: chrome on windows (5f28c669577438246038219e80837668)] -> xpath: //div[@data-cy='title-recipe']], [[ChromeDriver: chrome on windows (5f28c669577438246038219e80837668)] -> xpath: //div[@data-cy='title-recipe']], [[ChromeDriver: chrome on windows (5f28c669577438246038219e80837668)] -> xpath: //div[@data-cy='title-recipe']], [[ChromeDriver: chrome on windows (5f28c669577438246038219e80837668)] -> xpath: //div[@data-cy='title-recipe']], [[ChromeDriver: chrome on windows (5f28c669577438246038219e80837668)] -> xpath: //div[@data-cy='title-recipe']], [[ChromeDriver: chrome on windows (5f28c669577438246038219e80837668)] -> xpath: //div[@data-cy='title-recipe']], [[ChromeDriver: chrome on windows (5f28c669577438246038219e80837668)] -> xpath: //div[@data-cy='title-recipe']], [[ChromeDriver: chrome on windows (5f28c669577438246038219e80837668)] -> xpath: //div[@data-cy='title-recipe']], [[ChromeDriver: chrome on windows (5f28c669577438246038219e80837668)] -> xpath: //div[@data-cy='title-recipe']], [[ChromeDriver: chrome on windows (5f28c669577438246038219e80837668)] -> xpath: //div[@data-cy='title-recipe']], [[ChromeDriver: chrome on windows (5f28c669577438246038219e80837668)] -> xpath: //div[@data-cy='title-recipe']], [[ChromeDriver: chrome on windows (5f28c669577438246038219e80837668)] -> xpath: //div[@data-cy='title-recipe']], [[ChromeDriver: chrome on windows (5f28c669577438246038219e80837668)] -> xpath: //div[@data-cy='title-recipe']], [[ChromeDriver: chrome on windows (5f28c669577438246038219e80837668)] -> xpath: //div[@data-cy='title-recipe']]] from the safeFindElements method
20:40:40 [TestNG-test-Test-3] INFO  verifyingDisplaySizeFilterFunctionality_Laptop_20-29-42 - [verifyingDisplaySizeFilterFunctionality_Laptop_20-29-42] Within productNameListingPage loop in applyFilterAndValidateProductsWithResult
20:40:40 [TestNG-test-Test-3] INFO  verifyingDisplaySizeFilterFunctionality_Laptop_20-29-42 - [verifyingDisplaySizeFilterFunctionality_Laptop_20-29-42] Within getProductByIndex method
20:40:40 [TestNG-test-Test-3] INFO  verifyingDisplaySizeFilterFunctionality_Laptop_20-29-42 - [verifyingDisplaySizeFilterFunctionality_Laptop_20-29-42] Within safeFindElement method
20:40:40 [TestNG-test-Test-3] INFO  verifyingDisplaySizeFilterFunctionality_Laptop_20-29-42 - [verifyingDisplaySizeFilterFunctionality_Laptop_20-29-42]Found the element returning it ,element ->[[ChromeDriver: chrome on windows (5f28c669577438246038219e80837668)] -> xpath: (//div[@data-cy='title-recipe'])[2]]
20:40:40 [TestNG-test-Test-3] INFO  verifyingDisplaySizeFilterFunctionality_Laptop_20-29-42 - [verifyingDisplaySizeFilterFunctionality_Laptop_20-29-42] Within getProductByIndex method
20:40:40 [TestNG-test-Test-3] INFO  verifyingDisplaySizeFilterFunctionality_Laptop_20-29-42 - [verifyingDisplaySizeFilterFunctionality_Laptop_20-29-42] Within smoothScrollToElement method
20:40:40 [TestNG-test-Test-3] INFO  verifyingDisplaySizeFilterFunctionality_Laptop_20-29-42 - [verifyingDisplaySizeFilterFunctionality_Laptop_20-29-42] Within safeFindElement method
20:40:40 [TestNG-test-Test-3] INFO  verifyingDisplaySizeFilterFunctionality_Laptop_20-29-42 - [verifyingDisplaySizeFilterFunctionality_Laptop_20-29-42]Found the element returning it ,element ->[[ChromeDriver: chrome on windows (5f28c669577438246038219e80837668)] -> xpath: (//div[@data-cy='title-recipe'])[2]]
20:40:40 [TestNG-test-Test-3] INFO  verifyingDisplaySizeFilterFunctionality_Laptop_20-29-42 - [verifyingDisplaySizeFilterFunctionality_Laptop_20-29-42] Successfully scrolled to element: By.xpath: (//div[@data-cy='title-recipe'])[2]
20:40:40 [TestNG-test-Test-3] INFO  verifyingDisplaySizeFilterFunctionality_Laptop_20-29-42 - [verifyingDisplaySizeFilterFunctionality_Laptop_20-29-42] Getting product by index in productNameListingPage loop
20:40:40 [TestNG-test-Test-3] INFO  verifyingDisplaySizeFilterFunctionality_Laptop_20-29-42 - [verifyingDisplaySizeFilterFunctionality_Laptop_20-29-42] Opened product in new tab via Ctrl+Click inside productNameListingPage loop
20:40:40 [TestNG-test-Test-3] INFO  verifyingDisplaySizeFilterFunctionality_Laptop_20-29-42 - [verifyingDisplaySizeFilterFunctionality_Laptop_20-29-42] Waiting for new window to open...
20:40:41 [TestNG-test-Test-3] INFO  verifyingDisplaySizeFilterFunctionality_Laptop_20-29-42 - [verifyingDisplaySizeFilterFunctionality_Laptop_20-29-42] Switched to new window -> D4726C729FB676D539C63803C47F6B65
20:40:41 [TestNG-test-Test-3] INFO  verifyingDisplaySizeFilterFunctionality_Laptop_20-29-42 - [verifyingDisplaySizeFilterFunctionality_Laptop_20-29-42] Swithcing to the new window  within productNameListingPage loop
20:40:41 [TestNG-test-Test-3] INFO  verifyingDisplaySizeFilterFunctionality_Laptop_20-29-42 - [verifyingDisplaySizeFilterFunctionality_Laptop_20-29-42] Clicked product name to open in new tab from productNameListingPage loop
20:40:41 [TestNG-test-Test-3] INFO  verifyingDisplaySizeFilterFunctionality_Laptop_20-29-42 - [verifyingDisplaySizeFilterFunctionality_Laptop_20-29-42] Within safeFindElement method
20:40:43 [TestNG-test-Test-3] INFO  verifyingDisplaySizeFilterFunctionality_Laptop_20-29-42 - [verifyingDisplaySizeFilterFunctionality_Laptop_20-29-42]Found the element returning it ,element ->[[ChromeDriver: chrome on windows (5f28c669577438246038219e80837668)] -> xpath: //span[@id='productTitle']]
20:40:43 [TestNG-test-Test-3] INFO  verifyingDisplaySizeFilterFunctionality_Laptop_20-29-42 - [verifyingDisplaySizeFilterFunctionality_Laptop_20-29-42] Within safeFindElement method
20:40:43 [TestNG-test-Test-3] INFO  verifyingDisplaySizeFilterFunctionality_Laptop_20-29-42 - [verifyingDisplaySizeFilterFunctionality_Laptop_20-29-42]Found the element returning it ,element ->[[ChromeDriver: chrome on windows (5f28c669577438246038219e80837668)] -> xpath: //div[@class='a-section a-spacing-small a-spacing-top-small']]
20:40:43 [TestNG-test-Test-3] INFO  verifyingDisplaySizeFilterFunctionality_Laptop_20-29-42 - [verifyingDisplaySizeFilterFunctionality_Laptop_20-29-42] Within safeFindElement method
20:40:44 [TestNG-test-Test-3] INFO  verifyingDisplaySizeFilterFunctionality_Laptop_20-29-42 - [verifyingDisplaySizeFilterFunctionality_Laptop_20-29-42]Found the element returning it ,element ->[[ChromeDriver: chrome on windows (5f28c669577438246038219e80837668)] -> xpath: //div[@id='feature-bullets']]
20:40:44 [TestNG-test-Test-3] INFO  verifyingDisplaySizeFilterFunctionality_Laptop_20-29-42 - [verifyingDisplaySizeFilterFunctionality_Laptop_20-29-42] Within safeFindElement method
20:40:44 [TestNG-test-Test-3] INFO  verifyingDisplaySizeFilterFunctionality_Laptop_20-29-42 - [verifyingDisplaySizeFilterFunctionality_Laptop_20-29-42]Found the element returning it ,element ->[[ChromeDriver: chrome on windows (5f28c669577438246038219e80837668)] -> xpath: //div[@id='prodDetails']]
20:40:44 [TestNG-test-Test-3] INFO  verifyingDisplaySizeFilterFunctionality_Laptop_20-29-42 - [verifyingDisplaySizeFilterFunctionality_Laptop_20-29-42] Extracting 'name' , 'keyFeatures', 'about' , 'techDetails' within productNameListingPage loop
20:40:44 [TestNG-test-Test-3] INFO  verifyingDisplaySizeFilterFunctionality_Laptop_20-29-42 - [verifyingDisplaySizeFilterFunctionality_Laptop_20-29-42] Waiting until element is visible in viewport
20:40:44 [TestNG-test-Test-3] INFO  verifyingDisplaySizeFilterFunctionality_Laptop_20-29-42 - [verifyingDisplaySizeFilterFunctionality_Laptop_20-29-42] Within smoothScrollToElement method
20:40:44 [TestNG-test-Test-3] INFO  verifyingDisplaySizeFilterFunctionality_Laptop_20-29-42 - [verifyingDisplaySizeFilterFunctionality_Laptop_20-29-42] Within safeFindElement method
20:40:44 [TestNG-test-Test-3] INFO  verifyingDisplaySizeFilterFunctionality_Laptop_20-29-42 - [verifyingDisplaySizeFilterFunctionality_Laptop_20-29-42]Found the element returning it ,element ->[[ChromeDriver: chrome on windows (5f28c669577438246038219e80837668)] -> xpath: //a[@id='seeMoreDetailsLink']]
20:40:44 [TestNG-test-Test-3] INFO  verifyingDisplaySizeFilterFunctionality_Laptop_20-29-42 - [verifyingDisplaySizeFilterFunctionality_Laptop_20-29-42] Successfully scrolled to element: By.xpath: //a[@id='seeMoreDetailsLink']
20:40:44 [TestNG-test-Test-3] INFO  verifyingDisplaySizeFilterFunctionality_Laptop_20-29-42 - [verifyingDisplaySizeFilterFunctionality_Laptop_20-29-42] Within safeClick method
20:40:44 [TestNG-test-Test-3] INFO  verifyingDisplaySizeFilterFunctionality_Laptop_20-29-42 - [verifyingDisplaySizeFilterFunctionality_Laptop_20-29-42] Clicked the  [[ChromeDriver: chrome on windows (5f28c669577438246038219e80837668)] -> xpath: //a[@id='seeMoreDetailsLink']]   using safeClick
20:40:44 [TestNG-test-Test-3] INFO  verifyingDisplaySizeFilterFunctionality_Laptop_20-29-42 - [verifyingDisplaySizeFilterFunctionality_Laptop_20-29-42] Within try block for clicking see more deatils within productNameListingPage loop
20:40:44 [TestNG-test-Test-3] INFO  verifyingDisplaySizeFilterFunctionality_Laptop_20-29-42 - [verifyingDisplaySizeFilterFunctionality_Laptop_20-29-42] Within closeCurrentWindowAndSwitchBack method
20:40:44 [TestNG-test-Test-3] INFO  verifyingDisplaySizeFilterFunctionality_Laptop_20-29-42 - [verifyingDisplaySizeFilterFunctionality_Laptop_20-29-42] Total open windows/tabs count -> 2
20:40:44 [TestNG-test-Test-3] INFO  verifyingDisplaySizeFilterFunctionality_Laptop_20-29-42 - [verifyingDisplaySizeFilterFunctionality_Laptop_20-29-42] Original window handle -> 4FD498FF7C268EAD07E38C1D5D5B2EA7
20:40:44 [TestNG-test-Test-3] INFO  verifyingDisplaySizeFilterFunctionality_Laptop_20-29-42 - [verifyingDisplaySizeFilterFunctionality_Laptop_20-29-42] Found new tab/window handle -> D4726C729FB676D539C63803C47F6B65 (will be closed)
20:40:44 [TestNG-test-Test-3] INFO  verifyingDisplaySizeFilterFunctionality_Laptop_20-29-42 - [verifyingDisplaySizeFilterFunctionality_Laptop_20-29-42] Successfully switched to new tab/window -> D4726C729FB676D539C63803C47F6B65
20:40:44 [TestNG-test-Test-3] INFO  verifyingDisplaySizeFilterFunctionality_Laptop_20-29-42 - [verifyingDisplaySizeFilterFunctionality_Laptop_20-29-42] Closed the newly opened tab/window -> D4726C729FB676D539C63803C47F6B65
20:40:45 [TestNG-test-Test-3] INFO  verifyingDisplaySizeFilterFunctionality_Laptop_20-29-42 - [verifyingDisplaySizeFilterFunctionality_Laptop_20-29-42] Switched back to the original window -> 4FD498FF7C268EAD07E38C1D5D5B2EA7
20:40:45 [TestNG-test-Test-3] INFO  verifyingDisplaySizeFilterFunctionality_Laptop_20-29-42 - [verifyingDisplaySizeFilterFunctionality_Laptop_20-29-42]  going back to product listing via closeCurrentWindowAndSwitchBack 
20:40:45 [TestNG-test-Test-3] INFO  verifyingDisplaySizeFilterFunctionality_Laptop_20-29-42 - [verifyingDisplaySizeFilterFunctionality_Laptop_20-29-42]  Added 'filter','title','keyFeatures', 'about', 'techDetails' into the Map -> productResult
20:40:45 [TestNG-test-Test-3] INFO  verifyingDisplaySizeFilterFunctionality_Laptop_20-29-42 - [verifyingDisplaySizeFilterFunctionality_Laptop_20-29-42]  Added 'productResult' Map into the 'results' i.e list of maps 
20:40:45 [TestNG-test-Test-3] INFO  verifyingDisplaySizeFilterFunctionality_Laptop_20-29-42 - [verifyingDisplaySizeFilterFunctionality_Laptop_20-29-42]==========================================================================================================
20:40:45 [TestNG-test-Test-3] INFO  verifyingDisplaySizeFilterFunctionality_Laptop_20-29-42 - [verifyingDisplaySizeFilterFunctionality_Laptop_20-29-42] Within safeFindElements 
20:40:45 [TestNG-test-Test-3] INFO  verifyingDisplaySizeFilterFunctionality_Laptop_20-29-42 - [verifyingDisplaySizeFilterFunctionality_Laptop_20-29-42] Returning the  [[[ChromeDriver: chrome on windows (5f28c669577438246038219e80837668)] -> xpath: //div[@data-cy='title-recipe']], [[ChromeDriver: chrome on windows (5f28c669577438246038219e80837668)] -> xpath: //div[@data-cy='title-recipe']], [[ChromeDriver: chrome on windows (5f28c669577438246038219e80837668)] -> xpath: //div[@data-cy='title-recipe']], [[ChromeDriver: chrome on windows (5f28c669577438246038219e80837668)] -> xpath: //div[@data-cy='title-recipe']], [[ChromeDriver: chrome on windows (5f28c669577438246038219e80837668)] -> xpath: //div[@data-cy='title-recipe']], [[ChromeDriver: chrome on windows (5f28c669577438246038219e80837668)] -> xpath: //div[@data-cy='title-recipe']], [[ChromeDriver: chrome on windows (5f28c669577438246038219e80837668)] -> xpath: //div[@data-cy='title-recipe']], [[ChromeDriver: chrome on windows (5f28c669577438246038219e80837668)] -> xpath: //div[@data-cy='title-recipe']], [[ChromeDriver: chrome on windows (5f28c669577438246038219e80837668)] -> xpath: //div[@data-cy='title-recipe']], [[ChromeDriver: chrome on windows (5f28c669577438246038219e80837668)] -> xpath: //div[@data-cy='title-recipe']], [[ChromeDriver: chrome on windows (5f28c669577438246038219e80837668)] -> xpath: //div[@data-cy='title-recipe']], [[ChromeDriver: chrome on windows (5f28c669577438246038219e80837668)] -> xpath: //div[@data-cy='title-recipe']], [[ChromeDriver: chrome on windows (5f28c669577438246038219e80837668)] -> xpath: //div[@data-cy='title-recipe']], [[ChromeDriver: chrome on windows (5f28c669577438246038219e80837668)] -> xpath: //div[@data-cy='title-recipe']], [[ChromeDriver: chrome on windows (5f28c669577438246038219e80837668)] -> xpath: //div[@data-cy='title-recipe']], [[ChromeDriver: chrome on windows (5f28c669577438246038219e80837668)] -> xpath: //div[@data-cy='title-recipe']]] from the safeFindElements method
20:40:45 [TestNG-test-Test-3] INFO  verifyingDisplaySizeFilterFunctionality_Laptop_20-29-42 - [verifyingDisplaySizeFilterFunctionality_Laptop_20-29-42] Within productNameListingPage loop in applyFilterAndValidateProductsWithResult
20:40:45 [TestNG-test-Test-3] INFO  verifyingDisplaySizeFilterFunctionality_Laptop_20-29-42 - [verifyingDisplaySizeFilterFunctionality_Laptop_20-29-42] Within getProductByIndex method
20:40:45 [TestNG-test-Test-3] INFO  verifyingDisplaySizeFilterFunctionality_Laptop_20-29-42 - [verifyingDisplaySizeFilterFunctionality_Laptop_20-29-42] Within safeFindElement method
20:40:45 [TestNG-test-Test-3] INFO  verifyingDisplaySizeFilterFunctionality_Laptop_20-29-42 - [verifyingDisplaySizeFilterFunctionality_Laptop_20-29-42]Found the element returning it ,element ->[[ChromeDriver: chrome on windows (5f28c669577438246038219e80837668)] -> xpath: (//div[@data-cy='title-recipe'])[3]]
20:40:45 [TestNG-test-Test-3] INFO  verifyingDisplaySizeFilterFunctionality_Laptop_20-29-42 - [verifyingDisplaySizeFilterFunctionality_Laptop_20-29-42] Within getProductByIndex method
20:40:45 [TestNG-test-Test-3] INFO  verifyingDisplaySizeFilterFunctionality_Laptop_20-29-42 - [verifyingDisplaySizeFilterFunctionality_Laptop_20-29-42] Within smoothScrollToElement method
20:40:45 [TestNG-test-Test-3] INFO  verifyingDisplaySizeFilterFunctionality_Laptop_20-29-42 - [verifyingDisplaySizeFilterFunctionality_Laptop_20-29-42] Within safeFindElement method
20:40:45 [TestNG-test-Test-3] INFO  verifyingDisplaySizeFilterFunctionality_Laptop_20-29-42 - [verifyingDisplaySizeFilterFunctionality_Laptop_20-29-42]Found the element returning it ,element ->[[ChromeDriver: chrome on windows (5f28c669577438246038219e80837668)] -> xpath: (//div[@data-cy='title-recipe'])[3]]
20:40:45 [TestNG-test-Test-3] INFO  verifyingDisplaySizeFilterFunctionality_Laptop_20-29-42 - [verifyingDisplaySizeFilterFunctionality_Laptop_20-29-42] Successfully scrolled to element: By.xpath: (//div[@data-cy='title-recipe'])[3]
20:40:45 [TestNG-test-Test-3] INFO  verifyingDisplaySizeFilterFunctionality_Laptop_20-29-42 - [verifyingDisplaySizeFilterFunctionality_Laptop_20-29-42] Getting product by index in productNameListingPage loop
20:40:45 [TestNG-test-Test-3] INFO  verifyingDisplaySizeFilterFunctionality_Laptop_20-29-42 - [verifyingDisplaySizeFilterFunctionality_Laptop_20-29-42] Opened product in new tab via Ctrl+Click inside productNameListingPage loop
20:40:45 [TestNG-test-Test-3] INFO  verifyingDisplaySizeFilterFunctionality_Laptop_20-29-42 - [verifyingDisplaySizeFilterFunctionality_Laptop_20-29-42] Waiting for new window to open...
20:40:45 [TestNG-test-Test-3] INFO  verifyingDisplaySizeFilterFunctionality_Laptop_20-29-42 - [verifyingDisplaySizeFilterFunctionality_Laptop_20-29-42] Switched to new window -> 4F4A14311A287697C4AEA10686E744A1
20:40:45 [TestNG-test-Test-3] INFO  verifyingDisplaySizeFilterFunctionality_Laptop_20-29-42 - [verifyingDisplaySizeFilterFunctionality_Laptop_20-29-42] Swithcing to the new window  within productNameListingPage loop
20:40:45 [TestNG-test-Test-3] INFO  verifyingDisplaySizeFilterFunctionality_Laptop_20-29-42 - [verifyingDisplaySizeFilterFunctionality_Laptop_20-29-42] Clicked product name to open in new tab from productNameListingPage loop
20:40:45 [TestNG-test-Test-3] INFO  verifyingDisplaySizeFilterFunctionality_Laptop_20-29-42 - [verifyingDisplaySizeFilterFunctionality_Laptop_20-29-42] Within safeFindElement method
20:40:48 [TestNG-test-Test-3] INFO  verifyingDisplaySizeFilterFunctionality_Laptop_20-29-42 - [verifyingDisplaySizeFilterFunctionality_Laptop_20-29-42]Found the element returning it ,element ->[[ChromeDriver: chrome on windows (5f28c669577438246038219e80837668)] -> xpath: //span[@id='productTitle']]
20:40:48 [TestNG-test-Test-3] INFO  verifyingDisplaySizeFilterFunctionality_Laptop_20-29-42 - [verifyingDisplaySizeFilterFunctionality_Laptop_20-29-42] Within safeFindElement method
20:40:48 [TestNG-test-Test-3] INFO  verifyingDisplaySizeFilterFunctionality_Laptop_20-29-42 - [verifyingDisplaySizeFilterFunctionality_Laptop_20-29-42]Found the element returning it ,element ->[[ChromeDriver: chrome on windows (5f28c669577438246038219e80837668)] -> xpath: //div[@class='a-section a-spacing-small a-spacing-top-small']]
20:40:48 [TestNG-test-Test-3] INFO  verifyingDisplaySizeFilterFunctionality_Laptop_20-29-42 - [verifyingDisplaySizeFilterFunctionality_Laptop_20-29-42] Within safeFindElement method
20:40:48 [TestNG-test-Test-3] INFO  verifyingDisplaySizeFilterFunctionality_Laptop_20-29-42 - [verifyingDisplaySizeFilterFunctionality_Laptop_20-29-42]Found the element returning it ,element ->[[ChromeDriver: chrome on windows (5f28c669577438246038219e80837668)] -> xpath: //div[@id='feature-bullets']]
20:40:48 [TestNG-test-Test-3] INFO  verifyingDisplaySizeFilterFunctionality_Laptop_20-29-42 - [verifyingDisplaySizeFilterFunctionality_Laptop_20-29-42] Within safeFindElement method
20:40:48 [TestNG-test-Test-3] INFO  verifyingDisplaySizeFilterFunctionality_Laptop_20-29-42 - [verifyingDisplaySizeFilterFunctionality_Laptop_20-29-42]Found the element returning it ,element ->[[ChromeDriver: chrome on windows (5f28c669577438246038219e80837668)] -> xpath: //div[@id='prodDetails']]
20:40:48 [TestNG-test-Test-3] INFO  verifyingDisplaySizeFilterFunctionality_Laptop_20-29-42 - [verifyingDisplaySizeFilterFunctionality_Laptop_20-29-42] Extracting 'name' , 'keyFeatures', 'about' , 'techDetails' within productNameListingPage loop
20:40:48 [TestNG-test-Test-3] INFO  verifyingDisplaySizeFilterFunctionality_Laptop_20-29-42 - [verifyingDisplaySizeFilterFunctionality_Laptop_20-29-42] Waiting until element is visible in viewport
20:40:48 [TestNG-test-Test-3] INFO  verifyingDisplaySizeFilterFunctionality_Laptop_20-29-42 - [verifyingDisplaySizeFilterFunctionality_Laptop_20-29-42] Within smoothScrollToElement method
20:40:48 [TestNG-test-Test-3] INFO  verifyingDisplaySizeFilterFunctionality_Laptop_20-29-42 - [verifyingDisplaySizeFilterFunctionality_Laptop_20-29-42] Within safeFindElement method
20:40:48 [TestNG-test-Test-3] INFO  verifyingDisplaySizeFilterFunctionality_Laptop_20-29-42 - [verifyingDisplaySizeFilterFunctionality_Laptop_20-29-42]Found the element returning it ,element ->[[ChromeDriver: chrome on windows (5f28c669577438246038219e80837668)] -> xpath: //a[@id='seeMoreDetailsLink']]
20:40:48 [TestNG-test-Test-3] INFO  verifyingDisplaySizeFilterFunctionality_Laptop_20-29-42 - [verifyingDisplaySizeFilterFunctionality_Laptop_20-29-42] Successfully scrolled to element: By.xpath: //a[@id='seeMoreDetailsLink']
20:40:48 [TestNG-test-Test-3] INFO  verifyingDisplaySizeFilterFunctionality_Laptop_20-29-42 - [verifyingDisplaySizeFilterFunctionality_Laptop_20-29-42] Within safeClick method
20:40:49 [TestNG-test-Test-3] INFO  verifyingDisplaySizeFilterFunctionality_Laptop_20-29-42 - [verifyingDisplaySizeFilterFunctionality_Laptop_20-29-42] Clicked the  [[ChromeDriver: chrome on windows (5f28c669577438246038219e80837668)] -> xpath: //a[@id='seeMoreDetailsLink']]   using safeClick
20:40:49 [TestNG-test-Test-3] INFO  verifyingDisplaySizeFilterFunctionality_Laptop_20-29-42 - [verifyingDisplaySizeFilterFunctionality_Laptop_20-29-42] Within try block for clicking see more deatils within productNameListingPage loop
20:40:49 [TestNG-test-Test-3] INFO  verifyingDisplaySizeFilterFunctionality_Laptop_20-29-42 - [verifyingDisplaySizeFilterFunctionality_Laptop_20-29-42] Within closeCurrentWindowAndSwitchBack method
20:40:49 [TestNG-test-Test-3] INFO  verifyingDisplaySizeFilterFunctionality_Laptop_20-29-42 - [verifyingDisplaySizeFilterFunctionality_Laptop_20-29-42] Total open windows/tabs count -> 2
20:40:49 [TestNG-test-Test-3] INFO  verifyingDisplaySizeFilterFunctionality_Laptop_20-29-42 - [verifyingDisplaySizeFilterFunctionality_Laptop_20-29-42] Original window handle -> 4FD498FF7C268EAD07E38C1D5D5B2EA7
20:40:49 [TestNG-test-Test-3] INFO  verifyingDisplaySizeFilterFunctionality_Laptop_20-29-42 - [verifyingDisplaySizeFilterFunctionality_Laptop_20-29-42] Found new tab/window handle -> 4F4A14311A287697C4AEA10686E744A1 (will be closed)
20:40:49 [TestNG-test-Test-3] INFO  verifyingDisplaySizeFilterFunctionality_Laptop_20-29-42 - [verifyingDisplaySizeFilterFunctionality_Laptop_20-29-42] Successfully switched to new tab/window -> 4F4A14311A287697C4AEA10686E744A1
20:40:49 [TestNG-test-Test-3] INFO  verifyingDisplaySizeFilterFunctionality_Laptop_20-29-42 - [verifyingDisplaySizeFilterFunctionality_Laptop_20-29-42] Closed the newly opened tab/window -> 4F4A14311A287697C4AEA10686E744A1
20:40:49 [TestNG-test-Test-3] INFO  verifyingDisplaySizeFilterFunctionality_Laptop_20-29-42 - [verifyingDisplaySizeFilterFunctionality_Laptop_20-29-42] Switched back to the original window -> 4FD498FF7C268EAD07E38C1D5D5B2EA7
20:40:49 [TestNG-test-Test-3] INFO  verifyingDisplaySizeFilterFunctionality_Laptop_20-29-42 - [verifyingDisplaySizeFilterFunctionality_Laptop_20-29-42]  going back to product listing via closeCurrentWindowAndSwitchBack 
20:40:49 [TestNG-test-Test-3] INFO  verifyingDisplaySizeFilterFunctionality_Laptop_20-29-42 - [verifyingDisplaySizeFilterFunctionality_Laptop_20-29-42]  Added 'filter','title','keyFeatures', 'about', 'techDetails' into the Map -> productResult
20:40:49 [TestNG-test-Test-3] INFO  verifyingDisplaySizeFilterFunctionality_Laptop_20-29-42 - [verifyingDisplaySizeFilterFunctionality_Laptop_20-29-42]  Added 'productResult' Map into the 'results' i.e list of maps 
20:40:49 [TestNG-test-Test-3] INFO  verifyingDisplaySizeFilterFunctionality_Laptop_20-29-42 - [verifyingDisplaySizeFilterFunctionality_Laptop_20-29-42]==========================================================================================================
20:40:49 [TestNG-test-Test-3] INFO  verifyingDisplaySizeFilterFunctionality_Laptop_20-29-42 - [verifyingDisplaySizeFilterFunctionality_Laptop_20-29-42] Within safeFindElements 
20:40:49 [TestNG-test-Test-3] INFO  verifyingDisplaySizeFilterFunctionality_Laptop_20-29-42 - [verifyingDisplaySizeFilterFunctionality_Laptop_20-29-42] Returning the  [[[ChromeDriver: chrome on windows (5f28c669577438246038219e80837668)] -> xpath: //div[@data-cy='title-recipe']], [[ChromeDriver: chrome on windows (5f28c669577438246038219e80837668)] -> xpath: //div[@data-cy='title-recipe']], [[ChromeDriver: chrome on windows (5f28c669577438246038219e80837668)] -> xpath: //div[@data-cy='title-recipe']], [[ChromeDriver: chrome on windows (5f28c669577438246038219e80837668)] -> xpath: //div[@data-cy='title-recipe']], [[ChromeDriver: chrome on windows (5f28c669577438246038219e80837668)] -> xpath: //div[@data-cy='title-recipe']], [[ChromeDriver: chrome on windows (5f28c669577438246038219e80837668)] -> xpath: //div[@data-cy='title-recipe']], [[ChromeDriver: chrome on windows (5f28c669577438246038219e80837668)] -> xpath: //div[@data-cy='title-recipe']], [[ChromeDriver: chrome on windows (5f28c669577438246038219e80837668)] -> xpath: //div[@data-cy='title-recipe']], [[ChromeDriver: chrome on windows (5f28c669577438246038219e80837668)] -> xpath: //div[@data-cy='title-recipe']], [[ChromeDriver: chrome on windows (5f28c669577438246038219e80837668)] -> xpath: //div[@data-cy='title-recipe']], [[ChromeDriver: chrome on windows (5f28c669577438246038219e80837668)] -> xpath: //div[@data-cy='title-recipe']], [[ChromeDriver: chrome on windows (5f28c669577438246038219e80837668)] -> xpath: //div[@data-cy='title-recipe']], [[ChromeDriver: chrome on windows (5f28c669577438246038219e80837668)] -> xpath: //div[@data-cy='title-recipe']], [[ChromeDriver: chrome on windows (5f28c669577438246038219e80837668)] -> xpath: //div[@data-cy='title-recipe']], [[ChromeDriver: chrome on windows (5f28c669577438246038219e80837668)] -> xpath: //div[@data-cy='title-recipe']], [[ChromeDriver: chrome on windows (5f28c669577438246038219e80837668)] -> xpath: //div[@data-cy='title-recipe']]] from the safeFindElements method
20:40:49 [TestNG-test-Test-3] INFO  verifyingDisplaySizeFilterFunctionality_Laptop_20-29-42 - [verifyingDisplaySizeFilterFunctionality_Laptop_20-29-42] Within productNameListingPage loop in applyFilterAndValidateProductsWithResult
20:40:49 [TestNG-test-Test-3] INFO  verifyingDisplaySizeFilterFunctionality_Laptop_20-29-42 - [verifyingDisplaySizeFilterFunctionality_Laptop_20-29-42] Within getProductByIndex method
20:40:49 [TestNG-test-Test-3] INFO  verifyingDisplaySizeFilterFunctionality_Laptop_20-29-42 - [verifyingDisplaySizeFilterFunctionality_Laptop_20-29-42] Within safeFindElement method
20:40:49 [TestNG-test-Test-3] INFO  verifyingDisplaySizeFilterFunctionality_Laptop_20-29-42 - [verifyingDisplaySizeFilterFunctionality_Laptop_20-29-42]Found the element returning it ,element ->[[ChromeDriver: chrome on windows (5f28c669577438246038219e80837668)] -> xpath: (//div[@data-cy='title-recipe'])[4]]
20:40:49 [TestNG-test-Test-3] INFO  verifyingDisplaySizeFilterFunctionality_Laptop_20-29-42 - [verifyingDisplaySizeFilterFunctionality_Laptop_20-29-42] Within getProductByIndex method
20:40:49 [TestNG-test-Test-3] INFO  verifyingDisplaySizeFilterFunctionality_Laptop_20-29-42 - [verifyingDisplaySizeFilterFunctionality_Laptop_20-29-42] Within smoothScrollToElement method
20:40:49 [TestNG-test-Test-3] INFO  verifyingDisplaySizeFilterFunctionality_Laptop_20-29-42 - [verifyingDisplaySizeFilterFunctionality_Laptop_20-29-42] Within safeFindElement method
20:40:49 [TestNG-test-Test-3] INFO  verifyingDisplaySizeFilterFunctionality_Laptop_20-29-42 - [verifyingDisplaySizeFilterFunctionality_Laptop_20-29-42]Found the element returning it ,element ->[[ChromeDriver: chrome on windows (5f28c669577438246038219e80837668)] -> xpath: (//div[@data-cy='title-recipe'])[4]]
20:40:49 [TestNG-test-Test-3] INFO  verifyingDisplaySizeFilterFunctionality_Laptop_20-29-42 - [verifyingDisplaySizeFilterFunctionality_Laptop_20-29-42] Successfully scrolled to element: By.xpath: (//div[@data-cy='title-recipe'])[4]
20:40:49 [TestNG-test-Test-3] INFO  verifyingDisplaySizeFilterFunctionality_Laptop_20-29-42 - [verifyingDisplaySizeFilterFunctionality_Laptop_20-29-42] Getting product by index in productNameListingPage loop
20:40:49 [TestNG-test-Test-3] INFO  verifyingDisplaySizeFilterFunctionality_Laptop_20-29-42 - [verifyingDisplaySizeFilterFunctionality_Laptop_20-29-42] Opened product in new tab via Ctrl+Click inside productNameListingPage loop
20:40:49 [TestNG-test-Test-3] INFO  verifyingDisplaySizeFilterFunctionality_Laptop_20-29-42 - [verifyingDisplaySizeFilterFunctionality_Laptop_20-29-42] Waiting for new window to open...
20:40:49 [TestNG-test-Test-3] INFO  verifyingDisplaySizeFilterFunctionality_Laptop_20-29-42 - [verifyingDisplaySizeFilterFunctionality_Laptop_20-29-42] Switched to new window -> F440DC88654CDF51ECC9DC296F17CC12
20:40:49 [TestNG-test-Test-3] INFO  verifyingDisplaySizeFilterFunctionality_Laptop_20-29-42 - [verifyingDisplaySizeFilterFunctionality_Laptop_20-29-42] Swithcing to the new window  within productNameListingPage loop
20:40:49 [TestNG-test-Test-3] INFO  verifyingDisplaySizeFilterFunctionality_Laptop_20-29-42 - [verifyingDisplaySizeFilterFunctionality_Laptop_20-29-42] Clicked product name to open in new tab from productNameListingPage loop
20:40:49 [TestNG-test-Test-3] INFO  verifyingDisplaySizeFilterFunctionality_Laptop_20-29-42 - [verifyingDisplaySizeFilterFunctionality_Laptop_20-29-42] Within safeFindElement method
20:40:52 [TestNG-test-Test-3] INFO  verifyingDisplaySizeFilterFunctionality_Laptop_20-29-42 - [verifyingDisplaySizeFilterFunctionality_Laptop_20-29-42]Found the element returning it ,element ->[[ChromeDriver: chrome on windows (5f28c669577438246038219e80837668)] -> xpath: //span[@id='productTitle']]
20:40:52 [TestNG-test-Test-3] INFO  verifyingDisplaySizeFilterFunctionality_Laptop_20-29-42 - [verifyingDisplaySizeFilterFunctionality_Laptop_20-29-42] Within safeFindElement method
20:40:52 [TestNG-test-Test-3] INFO  verifyingDisplaySizeFilterFunctionality_Laptop_20-29-42 - [verifyingDisplaySizeFilterFunctionality_Laptop_20-29-42]Found the element returning it ,element ->[[ChromeDriver: chrome on windows (5f28c669577438246038219e80837668)] -> xpath: //div[@class='a-section a-spacing-small a-spacing-top-small']]
20:40:52 [TestNG-test-Test-3] INFO  verifyingDisplaySizeFilterFunctionality_Laptop_20-29-42 - [verifyingDisplaySizeFilterFunctionality_Laptop_20-29-42] Within safeFindElement method
20:40:53 [TestNG-test-Test-3] INFO  verifyingDisplaySizeFilterFunctionality_Laptop_20-29-42 - [verifyingDisplaySizeFilterFunctionality_Laptop_20-29-42]Found the element returning it ,element ->[[ChromeDriver: chrome on windows (5f28c669577438246038219e80837668)] -> xpath: //div[@id='feature-bullets']]
20:40:53 [TestNG-test-Test-3] INFO  verifyingDisplaySizeFilterFunctionality_Laptop_20-29-42 - [verifyingDisplaySizeFilterFunctionality_Laptop_20-29-42] Within safeFindElement method
20:40:53 [TestNG-test-Test-3] INFO  verifyingDisplaySizeFilterFunctionality_Laptop_20-29-42 - [verifyingDisplaySizeFilterFunctionality_Laptop_20-29-42]Found the element returning it ,element ->[[ChromeDriver: chrome on windows (5f28c669577438246038219e80837668)] -> xpath: //div[@id='prodDetails']]
20:40:53 [TestNG-test-Test-3] INFO  verifyingDisplaySizeFilterFunctionality_Laptop_20-29-42 - [verifyingDisplaySizeFilterFunctionality_Laptop_20-29-42] Extracting 'name' , 'keyFeatures', 'about' , 'techDetails' within productNameListingPage loop
20:40:53 [TestNG-test-Test-3] INFO  verifyingDisplaySizeFilterFunctionality_Laptop_20-29-42 - [verifyingDisplaySizeFilterFunctionality_Laptop_20-29-42] Waiting until element is visible in viewport
20:41:03 [TestNG-test-Test-3] INFO  verifyingDisplaySizeFilterFunctionality_Laptop_20-29-42 - [verifyingDisplaySizeFilterFunctionality_Laptop_20-29-42] Within smoothScrollToElement method
20:41:03 [TestNG-test-Test-3] INFO  verifyingDisplaySizeFilterFunctionality_Laptop_20-29-42 - [verifyingDisplaySizeFilterFunctionality_Laptop_20-29-42] Within safeFindElement method
20:41:03 [TestNG-test-Test-3] INFO  verifyingDisplaySizeFilterFunctionality_Laptop_20-29-42 - [verifyingDisplaySizeFilterFunctionality_Laptop_20-29-42]Found the element returning it ,element ->[[ChromeDriver: chrome on windows (5f28c669577438246038219e80837668)] -> xpath: //a[@id='seeMoreDetailsLink']]
20:41:03 [TestNG-test-Test-3] INFO  verifyingDisplaySizeFilterFunctionality_Laptop_20-29-42 - [verifyingDisplaySizeFilterFunctionality_Laptop_20-29-42] Successfully scrolled to element: By.xpath: //a[@id='seeMoreDetailsLink']
20:41:03 [TestNG-test-Test-3] INFO  verifyingDisplaySizeFilterFunctionality_Laptop_20-29-42 - [verifyingDisplaySizeFilterFunctionality_Laptop_20-29-42] Within safeClick method
20:41:03 [TestNG-test-Test-3] INFO  verifyingDisplaySizeFilterFunctionality_Laptop_20-29-42 - [verifyingDisplaySizeFilterFunctionality_Laptop_20-29-42] Clicked the  [[ChromeDriver: chrome on windows (5f28c669577438246038219e80837668)] -> xpath: //a[@id='seeMoreDetailsLink']]   using safeClick
20:41:03 [TestNG-test-Test-3] INFO  verifyingDisplaySizeFilterFunctionality_Laptop_20-29-42 - [verifyingDisplaySizeFilterFunctionality_Laptop_20-29-42] Within try block for clicking see more deatils within productNameListingPage loop
20:41:03 [TestNG-test-Test-3] INFO  verifyingDisplaySizeFilterFunctionality_Laptop_20-29-42 - [verifyingDisplaySizeFilterFunctionality_Laptop_20-29-42] Within closeCurrentWindowAndSwitchBack method
20:41:03 [TestNG-test-Test-3] INFO  verifyingDisplaySizeFilterFunctionality_Laptop_20-29-42 - [verifyingDisplaySizeFilterFunctionality_Laptop_20-29-42] Total open windows/tabs count -> 2
20:41:03 [TestNG-test-Test-3] INFO  verifyingDisplaySizeFilterFunctionality_Laptop_20-29-42 - [verifyingDisplaySizeFilterFunctionality_Laptop_20-29-42] Original window handle -> 4FD498FF7C268EAD07E38C1D5D5B2EA7
20:41:03 [TestNG-test-Test-3] INFO  verifyingDisplaySizeFilterFunctionality_Laptop_20-29-42 - [verifyingDisplaySizeFilterFunctionality_Laptop_20-29-42] Found new tab/window handle -> F440DC88654CDF51ECC9DC296F17CC12 (will be closed)
20:41:04 [TestNG-test-Test-3] INFO  verifyingDisplaySizeFilterFunctionality_Laptop_20-29-42 - [verifyingDisplaySizeFilterFunctionality_Laptop_20-29-42] Successfully switched to new tab/window -> F440DC88654CDF51ECC9DC296F17CC12
20:41:04 [TestNG-test-Test-3] INFO  verifyingDisplaySizeFilterFunctionality_Laptop_20-29-42 - [verifyingDisplaySizeFilterFunctionality_Laptop_20-29-42] Closed the newly opened tab/window -> F440DC88654CDF51ECC9DC296F17CC12
20:41:04 [TestNG-test-Test-3] INFO  verifyingDisplaySizeFilterFunctionality_Laptop_20-29-42 - [verifyingDisplaySizeFilterFunctionality_Laptop_20-29-42] Switched back to the original window -> 4FD498FF7C268EAD07E38C1D5D5B2EA7
20:41:04 [TestNG-test-Test-3] INFO  verifyingDisplaySizeFilterFunctionality_Laptop_20-29-42 - [verifyingDisplaySizeFilterFunctionality_Laptop_20-29-42]  going back to product listing via closeCurrentWindowAndSwitchBack 
20:41:04 [TestNG-test-Test-3] INFO  verifyingDisplaySizeFilterFunctionality_Laptop_20-29-42 - [verifyingDisplaySizeFilterFunctionality_Laptop_20-29-42]  Added 'filter','title','keyFeatures', 'about', 'techDetails' into the Map -> productResult
20:41:04 [TestNG-test-Test-3] INFO  verifyingDisplaySizeFilterFunctionality_Laptop_20-29-42 - [verifyingDisplaySizeFilterFunctionality_Laptop_20-29-42]  Added 'productResult' Map into the 'results' i.e list of maps 
20:41:04 [TestNG-test-Test-3] INFO  verifyingDisplaySizeFilterFunctionality_Laptop_20-29-42 - [verifyingDisplaySizeFilterFunctionality_Laptop_20-29-42]==========================================================================================================
20:41:04 [TestNG-test-Test-3] INFO  verifyingDisplaySizeFilterFunctionality_Laptop_20-29-42 - [verifyingDisplaySizeFilterFunctionality_Laptop_20-29-42] Within safeFindElements 
20:41:04 [TestNG-test-Test-3] INFO  verifyingDisplaySizeFilterFunctionality_Laptop_20-29-42 - [verifyingDisplaySizeFilterFunctionality_Laptop_20-29-42] Returning the  [[[ChromeDriver: chrome on windows (5f28c669577438246038219e80837668)] -> xpath: //div[@data-cy='title-recipe']], [[ChromeDriver: chrome on windows (5f28c669577438246038219e80837668)] -> xpath: //div[@data-cy='title-recipe']], [[ChromeDriver: chrome on windows (5f28c669577438246038219e80837668)] -> xpath: //div[@data-cy='title-recipe']], [[ChromeDriver: chrome on windows (5f28c669577438246038219e80837668)] -> xpath: //div[@data-cy='title-recipe']], [[ChromeDriver: chrome on windows (5f28c669577438246038219e80837668)] -> xpath: //div[@data-cy='title-recipe']], [[ChromeDriver: chrome on windows (5f28c669577438246038219e80837668)] -> xpath: //div[@data-cy='title-recipe']], [[ChromeDriver: chrome on windows (5f28c669577438246038219e80837668)] -> xpath: //div[@data-cy='title-recipe']], [[ChromeDriver: chrome on windows (5f28c669577438246038219e80837668)] -> xpath: //div[@data-cy='title-recipe']], [[ChromeDriver: chrome on windows (5f28c669577438246038219e80837668)] -> xpath: //div[@data-cy='title-recipe']], [[ChromeDriver: chrome on windows (5f28c669577438246038219e80837668)] -> xpath: //div[@data-cy='title-recipe']], [[ChromeDriver: chrome on windows (5f28c669577438246038219e80837668)] -> xpath: //div[@data-cy='title-recipe']], [[ChromeDriver: chrome on windows (5f28c669577438246038219e80837668)] -> xpath: //div[@data-cy='title-recipe']], [[ChromeDriver: chrome on windows (5f28c669577438246038219e80837668)] -> xpath: //div[@data-cy='title-recipe']], [[ChromeDriver: chrome on windows (5f28c669577438246038219e80837668)] -> xpath: //div[@data-cy='title-recipe']], [[ChromeDriver: chrome on windows (5f28c669577438246038219e80837668)] -> xpath: //div[@data-cy='title-recipe']], [[ChromeDriver: chrome on windows (5f28c669577438246038219e80837668)] -> xpath: //div[@data-cy='title-recipe']]] from the safeFindElements method
20:41:04 [TestNG-test-Test-3] INFO  verifyingDisplaySizeFilterFunctionality_Laptop_20-29-42 - [verifyingDisplaySizeFilterFunctionality_Laptop_20-29-42] Within productNameListingPage loop in applyFilterAndValidateProductsWithResult
20:41:04 [TestNG-test-Test-3] INFO  verifyingDisplaySizeFilterFunctionality_Laptop_20-29-42 - [verifyingDisplaySizeFilterFunctionality_Laptop_20-29-42] Within getProductByIndex method
20:41:04 [TestNG-test-Test-3] INFO  verifyingDisplaySizeFilterFunctionality_Laptop_20-29-42 - [verifyingDisplaySizeFilterFunctionality_Laptop_20-29-42] Within safeFindElement method
20:41:04 [TestNG-test-Test-3] INFO  verifyingDisplaySizeFilterFunctionality_Laptop_20-29-42 - [verifyingDisplaySizeFilterFunctionality_Laptop_20-29-42]Found the element returning it ,element ->[[ChromeDriver: chrome on windows (5f28c669577438246038219e80837668)] -> xpath: (//div[@data-cy='title-recipe'])[5]]
20:41:04 [TestNG-test-Test-3] INFO  verifyingDisplaySizeFilterFunctionality_Laptop_20-29-42 - [verifyingDisplaySizeFilterFunctionality_Laptop_20-29-42] Within getProductByIndex method
20:41:04 [TestNG-test-Test-3] INFO  verifyingDisplaySizeFilterFunctionality_Laptop_20-29-42 - [verifyingDisplaySizeFilterFunctionality_Laptop_20-29-42] Within smoothScrollToElement method
20:41:04 [TestNG-test-Test-3] INFO  verifyingDisplaySizeFilterFunctionality_Laptop_20-29-42 - [verifyingDisplaySizeFilterFunctionality_Laptop_20-29-42] Within safeFindElement method
20:41:04 [TestNG-test-Test-3] INFO  verifyingDisplaySizeFilterFunctionality_Laptop_20-29-42 - [verifyingDisplaySizeFilterFunctionality_Laptop_20-29-42]Found the element returning it ,element ->[[ChromeDriver: chrome on windows (5f28c669577438246038219e80837668)] -> xpath: (//div[@data-cy='title-recipe'])[5]]
20:41:04 [TestNG-test-Test-3] INFO  verifyingDisplaySizeFilterFunctionality_Laptop_20-29-42 - [verifyingDisplaySizeFilterFunctionality_Laptop_20-29-42] Successfully scrolled to element: By.xpath: (//div[@data-cy='title-recipe'])[5]
20:41:04 [TestNG-test-Test-3] INFO  verifyingDisplaySizeFilterFunctionality_Laptop_20-29-42 - [verifyingDisplaySizeFilterFunctionality_Laptop_20-29-42] Getting product by index in productNameListingPage loop
20:41:04 [TestNG-test-Test-3] INFO  verifyingDisplaySizeFilterFunctionality_Laptop_20-29-42 - [verifyingDisplaySizeFilterFunctionality_Laptop_20-29-42] Opened product in new tab via Ctrl+Click inside productNameListingPage loop
20:41:04 [TestNG-test-Test-3] INFO  verifyingDisplaySizeFilterFunctionality_Laptop_20-29-42 - [verifyingDisplaySizeFilterFunctionality_Laptop_20-29-42] Waiting for new window to open...
20:41:04 [TestNG-test-Test-3] INFO  verifyingDisplaySizeFilterFunctionality_Laptop_20-29-42 - [verifyingDisplaySizeFilterFunctionality_Laptop_20-29-42] Switched to new window -> ECFB3CBDFA1A5DE261805E652A6CB8EE
20:41:04 [TestNG-test-Test-3] INFO  verifyingDisplaySizeFilterFunctionality_Laptop_20-29-42 - [verifyingDisplaySizeFilterFunctionality_Laptop_20-29-42] Swithcing to the new window  within productNameListingPage loop
20:41:04 [TestNG-test-Test-3] INFO  verifyingDisplaySizeFilterFunctionality_Laptop_20-29-42 - [verifyingDisplaySizeFilterFunctionality_Laptop_20-29-42] Clicked product name to open in new tab from productNameListingPage loop
20:41:04 [TestNG-test-Test-3] INFO  verifyingDisplaySizeFilterFunctionality_Laptop_20-29-42 - [verifyingDisplaySizeFilterFunctionality_Laptop_20-29-42] Within safeFindElement method
20:41:07 [TestNG-test-Test-3] INFO  verifyingDisplaySizeFilterFunctionality_Laptop_20-29-42 - [verifyingDisplaySizeFilterFunctionality_Laptop_20-29-42]Found the element returning it ,element ->[[ChromeDriver: chrome on windows (5f28c669577438246038219e80837668)] -> xpath: //span[@id='productTitle']]
20:41:07 [TestNG-test-Test-3] INFO  verifyingDisplaySizeFilterFunctionality_Laptop_20-29-42 - [verifyingDisplaySizeFilterFunctionality_Laptop_20-29-42] Within safeFindElement method
20:41:08 [TestNG-test-Test-3] INFO  verifyingDisplaySizeFilterFunctionality_Laptop_20-29-42 - [verifyingDisplaySizeFilterFunctionality_Laptop_20-29-42]Found the element returning it ,element ->[[ChromeDriver: chrome on windows (5f28c669577438246038219e80837668)] -> xpath: //div[@class='a-section a-spacing-small a-spacing-top-small']]
20:41:08 [TestNG-test-Test-3] INFO  verifyingDisplaySizeFilterFunctionality_Laptop_20-29-42 - [verifyingDisplaySizeFilterFunctionality_Laptop_20-29-42] Within safeFindElement method
20:41:08 [TestNG-test-Test-3] INFO  verifyingDisplaySizeFilterFunctionality_Laptop_20-29-42 - [verifyingDisplaySizeFilterFunctionality_Laptop_20-29-42]Found the element returning it ,element ->[[ChromeDriver: chrome on windows (5f28c669577438246038219e80837668)] -> xpath: //div[@id='feature-bullets']]
20:41:08 [TestNG-test-Test-3] INFO  verifyingDisplaySizeFilterFunctionality_Laptop_20-29-42 - [verifyingDisplaySizeFilterFunctionality_Laptop_20-29-42] Within safeFindElement method
20:41:08 [TestNG-test-Test-3] INFO  verifyingDisplaySizeFilterFunctionality_Laptop_20-29-42 - [verifyingDisplaySizeFilterFunctionality_Laptop_20-29-42]Found the element returning it ,element ->[[ChromeDriver: chrome on windows (5f28c669577438246038219e80837668)] -> xpath: //div[@id='prodDetails']]
20:41:08 [TestNG-test-Test-3] INFO  verifyingDisplaySizeFilterFunctionality_Laptop_20-29-42 - [verifyingDisplaySizeFilterFunctionality_Laptop_20-29-42] Extracting 'name' , 'keyFeatures', 'about' , 'techDetails' within productNameListingPage loop
20:41:08 [TestNG-test-Test-3] INFO  verifyingDisplaySizeFilterFunctionality_Laptop_20-29-42 - [verifyingDisplaySizeFilterFunctionality_Laptop_20-29-42] Waiting until element is visible in viewport
20:41:18 [TestNG-test-Test-3] INFO  verifyingDisplaySizeFilterFunctionality_Laptop_20-29-42 - [verifyingDisplaySizeFilterFunctionality_Laptop_20-29-42] Within smoothScrollToElement method
20:41:18 [TestNG-test-Test-3] INFO  verifyingDisplaySizeFilterFunctionality_Laptop_20-29-42 - [verifyingDisplaySizeFilterFunctionality_Laptop_20-29-42] Within safeFindElement method
20:41:18 [TestNG-test-Test-3] INFO  verifyingDisplaySizeFilterFunctionality_Laptop_20-29-42 - [verifyingDisplaySizeFilterFunctionality_Laptop_20-29-42]Found the element returning it ,element ->[[ChromeDriver: chrome on windows (5f28c669577438246038219e80837668)] -> xpath: //a[@id='seeMoreDetailsLink']]
20:41:18 [TestNG-test-Test-3] INFO  verifyingDisplaySizeFilterFunctionality_Laptop_20-29-42 - [verifyingDisplaySizeFilterFunctionality_Laptop_20-29-42] Successfully scrolled to element: By.xpath: //a[@id='seeMoreDetailsLink']
20:41:18 [TestNG-test-Test-3] INFO  verifyingDisplaySizeFilterFunctionality_Laptop_20-29-42 - [verifyingDisplaySizeFilterFunctionality_Laptop_20-29-42] Within safeClick method
20:41:18 [TestNG-test-Test-3] INFO  verifyingDisplaySizeFilterFunctionality_Laptop_20-29-42 - [verifyingDisplaySizeFilterFunctionality_Laptop_20-29-42] Clicked the  [[ChromeDriver: chrome on windows (5f28c669577438246038219e80837668)] -> xpath: //a[@id='seeMoreDetailsLink']]   using safeClick
20:41:18 [TestNG-test-Test-3] INFO  verifyingDisplaySizeFilterFunctionality_Laptop_20-29-42 - [verifyingDisplaySizeFilterFunctionality_Laptop_20-29-42] Within try block for clicking see more deatils within productNameListingPage loop
20:41:18 [TestNG-test-Test-3] INFO  verifyingDisplaySizeFilterFunctionality_Laptop_20-29-42 - [verifyingDisplaySizeFilterFunctionality_Laptop_20-29-42] Within closeCurrentWindowAndSwitchBack method
20:41:18 [TestNG-test-Test-3] INFO  verifyingDisplaySizeFilterFunctionality_Laptop_20-29-42 - [verifyingDisplaySizeFilterFunctionality_Laptop_20-29-42] Total open windows/tabs count -> 2
20:41:18 [TestNG-test-Test-3] INFO  verifyingDisplaySizeFilterFunctionality_Laptop_20-29-42 - [verifyingDisplaySizeFilterFunctionality_Laptop_20-29-42] Original window handle -> 4FD498FF7C268EAD07E38C1D5D5B2EA7
20:41:18 [TestNG-test-Test-3] INFO  verifyingDisplaySizeFilterFunctionality_Laptop_20-29-42 - [verifyingDisplaySizeFilterFunctionality_Laptop_20-29-42] Found new tab/window handle -> ECFB3CBDFA1A5DE261805E652A6CB8EE (will be closed)
20:41:18 [TestNG-test-Test-3] INFO  verifyingDisplaySizeFilterFunctionality_Laptop_20-29-42 - [verifyingDisplaySizeFilterFunctionality_Laptop_20-29-42] Successfully switched to new tab/window -> ECFB3CBDFA1A5DE261805E652A6CB8EE
20:41:19 [TestNG-test-Test-3] INFO  verifyingDisplaySizeFilterFunctionality_Laptop_20-29-42 - [verifyingDisplaySizeFilterFunctionality_Laptop_20-29-42] Closed the newly opened tab/window -> ECFB3CBDFA1A5DE261805E652A6CB8EE
20:41:19 [TestNG-test-Test-3] INFO  verifyingDisplaySizeFilterFunctionality_Laptop_20-29-42 - [verifyingDisplaySizeFilterFunctionality_Laptop_20-29-42] Switched back to the original window -> 4FD498FF7C268EAD07E38C1D5D5B2EA7
20:41:19 [TestNG-test-Test-3] INFO  verifyingDisplaySizeFilterFunctionality_Laptop_20-29-42 - [verifyingDisplaySizeFilterFunctionality_Laptop_20-29-42]  going back to product listing via closeCurrentWindowAndSwitchBack 
20:41:19 [TestNG-test-Test-3] INFO  verifyingDisplaySizeFilterFunctionality_Laptop_20-29-42 - [verifyingDisplaySizeFilterFunctionality_Laptop_20-29-42]  Added 'filter','title','keyFeatures', 'about', 'techDetails' into the Map -> productResult
20:41:19 [TestNG-test-Test-3] INFO  verifyingDisplaySizeFilterFunctionality_Laptop_20-29-42 - [verifyingDisplaySizeFilterFunctionality_Laptop_20-29-42]  Added 'productResult' Map into the 'results' i.e list of maps 
20:41:19 [TestNG-test-Test-3] INFO  verifyingDisplaySizeFilterFunctionality_Laptop_20-29-42 - [verifyingDisplaySizeFilterFunctionality_Laptop_20-29-42]==========================================================================================================
20:41:19 [TestNG-test-Test-3] INFO  verifyingDisplaySizeFilterFunctionality_Laptop_20-29-42 - [verifyingDisplaySizeFilterFunctionality_Laptop_20-29-42] Within safeFindElements 
20:41:19 [TestNG-test-Test-3] INFO  verifyingDisplaySizeFilterFunctionality_Laptop_20-29-42 - [verifyingDisplaySizeFilterFunctionality_Laptop_20-29-42] Returning the  [[[ChromeDriver: chrome on windows (5f28c669577438246038219e80837668)] -> xpath: //div[@data-cy='title-recipe']], [[ChromeDriver: chrome on windows (5f28c669577438246038219e80837668)] -> xpath: //div[@data-cy='title-recipe']], [[ChromeDriver: chrome on windows (5f28c669577438246038219e80837668)] -> xpath: //div[@data-cy='title-recipe']], [[ChromeDriver: chrome on windows (5f28c669577438246038219e80837668)] -> xpath: //div[@data-cy='title-recipe']], [[ChromeDriver: chrome on windows (5f28c669577438246038219e80837668)] -> xpath: //div[@data-cy='title-recipe']], [[ChromeDriver: chrome on windows (5f28c669577438246038219e80837668)] -> xpath: //div[@data-cy='title-recipe']], [[ChromeDriver: chrome on windows (5f28c669577438246038219e80837668)] -> xpath: //div[@data-cy='title-recipe']], [[ChromeDriver: chrome on windows (5f28c669577438246038219e80837668)] -> xpath: //div[@data-cy='title-recipe']], [[ChromeDriver: chrome on windows (5f28c669577438246038219e80837668)] -> xpath: //div[@data-cy='title-recipe']], [[ChromeDriver: chrome on windows (5f28c669577438246038219e80837668)] -> xpath: //div[@data-cy='title-recipe']], [[ChromeDriver: chrome on windows (5f28c669577438246038219e80837668)] -> xpath: //div[@data-cy='title-recipe']], [[ChromeDriver: chrome on windows (5f28c669577438246038219e80837668)] -> xpath: //div[@data-cy='title-recipe']], [[ChromeDriver: chrome on windows (5f28c669577438246038219e80837668)] -> xpath: //div[@data-cy='title-recipe']], [[ChromeDriver: chrome on windows (5f28c669577438246038219e80837668)] -> xpath: //div[@data-cy='title-recipe']], [[ChromeDriver: chrome on windows (5f28c669577438246038219e80837668)] -> xpath: //div[@data-cy='title-recipe']], [[ChromeDriver: chrome on windows (5f28c669577438246038219e80837668)] -> xpath: //div[@data-cy='title-recipe']]] from the safeFindElements method
20:41:19 [TestNG-test-Test-3] INFO  verifyingDisplaySizeFilterFunctionality_Laptop_20-29-42 - [verifyingDisplaySizeFilterFunctionality_Laptop_20-29-42] Within productNameListingPage loop in applyFilterAndValidateProductsWithResult
20:41:19 [TestNG-test-Test-3] INFO  verifyingDisplaySizeFilterFunctionality_Laptop_20-29-42 - [verifyingDisplaySizeFilterFunctionality_Laptop_20-29-42] Within getProductByIndex method
20:41:19 [TestNG-test-Test-3] INFO  verifyingDisplaySizeFilterFunctionality_Laptop_20-29-42 - [verifyingDisplaySizeFilterFunctionality_Laptop_20-29-42] Within safeFindElement method
20:41:19 [TestNG-test-Test-3] INFO  verifyingDisplaySizeFilterFunctionality_Laptop_20-29-42 - [verifyingDisplaySizeFilterFunctionality_Laptop_20-29-42]Found the element returning it ,element ->[[ChromeDriver: chrome on windows (5f28c669577438246038219e80837668)] -> xpath: (//div[@data-cy='title-recipe'])[6]]
20:41:19 [TestNG-test-Test-3] INFO  verifyingDisplaySizeFilterFunctionality_Laptop_20-29-42 - [verifyingDisplaySizeFilterFunctionality_Laptop_20-29-42] Within getProductByIndex method
20:41:19 [TestNG-test-Test-3] INFO  verifyingDisplaySizeFilterFunctionality_Laptop_20-29-42 - [verifyingDisplaySizeFilterFunctionality_Laptop_20-29-42] Within smoothScrollToElement method
20:41:19 [TestNG-test-Test-3] INFO  verifyingDisplaySizeFilterFunctionality_Laptop_20-29-42 - [verifyingDisplaySizeFilterFunctionality_Laptop_20-29-42] Within safeFindElement method
20:41:19 [TestNG-test-Test-3] INFO  verifyingDisplaySizeFilterFunctionality_Laptop_20-29-42 - [verifyingDisplaySizeFilterFunctionality_Laptop_20-29-42]Found the element returning it ,element ->[[ChromeDriver: chrome on windows (5f28c669577438246038219e80837668)] -> xpath: (//div[@data-cy='title-recipe'])[6]]
20:41:19 [TestNG-test-Test-3] INFO  verifyingDisplaySizeFilterFunctionality_Laptop_20-29-42 - [verifyingDisplaySizeFilterFunctionality_Laptop_20-29-42] Successfully scrolled to element: By.xpath: (//div[@data-cy='title-recipe'])[6]
20:41:19 [TestNG-test-Test-3] INFO  verifyingDisplaySizeFilterFunctionality_Laptop_20-29-42 - [verifyingDisplaySizeFilterFunctionality_Laptop_20-29-42] Getting product by index in productNameListingPage loop
20:41:19 [TestNG-test-Test-3] INFO  verifyingDisplaySizeFilterFunctionality_Laptop_20-29-42 - [verifyingDisplaySizeFilterFunctionality_Laptop_20-29-42] Opened product in new tab via Ctrl+Click inside productNameListingPage loop
20:41:19 [TestNG-test-Test-3] INFO  verifyingDisplaySizeFilterFunctionality_Laptop_20-29-42 - [verifyingDisplaySizeFilterFunctionality_Laptop_20-29-42] Waiting for new window to open...
20:41:19 [TestNG-test-Test-3] INFO  verifyingDisplaySizeFilterFunctionality_Laptop_20-29-42 - [verifyingDisplaySizeFilterFunctionality_Laptop_20-29-42] Switched to new window -> 01C009F09E00A68AB550DE821820EA3F
20:41:19 [TestNG-test-Test-3] INFO  verifyingDisplaySizeFilterFunctionality_Laptop_20-29-42 - [verifyingDisplaySizeFilterFunctionality_Laptop_20-29-42] Swithcing to the new window  within productNameListingPage loop
20:41:19 [TestNG-test-Test-3] INFO  verifyingDisplaySizeFilterFunctionality_Laptop_20-29-42 - [verifyingDisplaySizeFilterFunctionality_Laptop_20-29-42] Clicked product name to open in new tab from productNameListingPage loop
20:41:19 [TestNG-test-Test-3] INFO  verifyingDisplaySizeFilterFunctionality_Laptop_20-29-42 - [verifyingDisplaySizeFilterFunctionality_Laptop_20-29-42] Within safeFindElement method
20:41:23 [TestNG-test-Test-3] INFO  verifyingDisplaySizeFilterFunctionality_Laptop_20-29-42 - [verifyingDisplaySizeFilterFunctionality_Laptop_20-29-42]Found the element returning it ,element ->[[ChromeDriver: chrome on windows (5f28c669577438246038219e80837668)] -> xpath: //span[@id='productTitle']]
20:41:23 [TestNG-test-Test-3] INFO  verifyingDisplaySizeFilterFunctionality_Laptop_20-29-42 - [verifyingDisplaySizeFilterFunctionality_Laptop_20-29-42] Within safeFindElement method
20:41:23 [TestNG-test-Test-3] INFO  verifyingDisplaySizeFilterFunctionality_Laptop_20-29-42 - [verifyingDisplaySizeFilterFunctionality_Laptop_20-29-42]Found the element returning it ,element ->[[ChromeDriver: chrome on windows (5f28c669577438246038219e80837668)] -> xpath: //div[@class='a-section a-spacing-small a-spacing-top-small']]
20:41:23 [TestNG-test-Test-3] INFO  verifyingDisplaySizeFilterFunctionality_Laptop_20-29-42 - [verifyingDisplaySizeFilterFunctionality_Laptop_20-29-42] Within safeFindElement method
20:41:23 [TestNG-test-Test-3] INFO  verifyingDisplaySizeFilterFunctionality_Laptop_20-29-42 - [verifyingDisplaySizeFilterFunctionality_Laptop_20-29-42]Found the element returning it ,element ->[[ChromeDriver: chrome on windows (5f28c669577438246038219e80837668)] -> xpath: //div[@id='feature-bullets']]
20:41:23 [TestNG-test-Test-3] INFO  verifyingDisplaySizeFilterFunctionality_Laptop_20-29-42 - [verifyingDisplaySizeFilterFunctionality_Laptop_20-29-42] Within safeFindElement method
20:41:23 [TestNG-test-Test-3] INFO  verifyingDisplaySizeFilterFunctionality_Laptop_20-29-42 - [verifyingDisplaySizeFilterFunctionality_Laptop_20-29-42]Found the element returning it ,element ->[[ChromeDriver: chrome on windows (5f28c669577438246038219e80837668)] -> xpath: //div[@id='prodDetails']]
20:41:23 [TestNG-test-Test-3] INFO  verifyingDisplaySizeFilterFunctionality_Laptop_20-29-42 - [verifyingDisplaySizeFilterFunctionality_Laptop_20-29-42] Extracting 'name' , 'keyFeatures', 'about' , 'techDetails' within productNameListingPage loop
20:41:23 [TestNG-test-Test-3] INFO  verifyingDisplaySizeFilterFunctionality_Laptop_20-29-42 - [verifyingDisplaySizeFilterFunctionality_Laptop_20-29-42] Waiting until element is visible in viewport
20:41:34 [TestNG-test-Test-3] INFO  verifyingDisplaySizeFilterFunctionality_Laptop_20-29-42 - [verifyingDisplaySizeFilterFunctionality_Laptop_20-29-42] Within smoothScrollToElement method
20:41:34 [TestNG-test-Test-3] INFO  verifyingDisplaySizeFilterFunctionality_Laptop_20-29-42 - [verifyingDisplaySizeFilterFunctionality_Laptop_20-29-42] Within safeFindElement method
20:41:34 [TestNG-test-Test-3] INFO  verifyingDisplaySizeFilterFunctionality_Laptop_20-29-42 - [verifyingDisplaySizeFilterFunctionality_Laptop_20-29-42]Found the element returning it ,element ->[[ChromeDriver: chrome on windows (5f28c669577438246038219e80837668)] -> xpath: //a[@id='seeMoreDetailsLink']]
20:41:34 [TestNG-test-Test-3] INFO  verifyingDisplaySizeFilterFunctionality_Laptop_20-29-42 - [verifyingDisplaySizeFilterFunctionality_Laptop_20-29-42] Successfully scrolled to element: By.xpath: //a[@id='seeMoreDetailsLink']
20:41:34 [TestNG-test-Test-3] INFO  verifyingDisplaySizeFilterFunctionality_Laptop_20-29-42 - [verifyingDisplaySizeFilterFunctionality_Laptop_20-29-42] Within safeClick method
20:41:34 [TestNG-test-Test-3] INFO  verifyingDisplaySizeFilterFunctionality_Laptop_20-29-42 - [verifyingDisplaySizeFilterFunctionality_Laptop_20-29-42] Clicked the  [[ChromeDriver: chrome on windows (5f28c669577438246038219e80837668)] -> xpath: //a[@id='seeMoreDetailsLink']]   using safeClick
20:41:34 [TestNG-test-Test-3] INFO  verifyingDisplaySizeFilterFunctionality_Laptop_20-29-42 - [verifyingDisplaySizeFilterFunctionality_Laptop_20-29-42] Within try block for clicking see more deatils within productNameListingPage loop
20:41:34 [TestNG-test-Test-3] INFO  verifyingDisplaySizeFilterFunctionality_Laptop_20-29-42 - [verifyingDisplaySizeFilterFunctionality_Laptop_20-29-42] Within closeCurrentWindowAndSwitchBack method
20:41:34 [TestNG-test-Test-3] INFO  verifyingDisplaySizeFilterFunctionality_Laptop_20-29-42 - [verifyingDisplaySizeFilterFunctionality_Laptop_20-29-42] Total open windows/tabs count -> 2
20:41:34 [TestNG-test-Test-3] INFO  verifyingDisplaySizeFilterFunctionality_Laptop_20-29-42 - [verifyingDisplaySizeFilterFunctionality_Laptop_20-29-42] Original window handle -> 4FD498FF7C268EAD07E38C1D5D5B2EA7
20:41:34 [TestNG-test-Test-3] INFO  verifyingDisplaySizeFilterFunctionality_Laptop_20-29-42 - [verifyingDisplaySizeFilterFunctionality_Laptop_20-29-42] Found new tab/window handle -> 01C009F09E00A68AB550DE821820EA3F (will be closed)
20:41:34 [TestNG-test-Test-3] INFO  verifyingDisplaySizeFilterFunctionality_Laptop_20-29-42 - [verifyingDisplaySizeFilterFunctionality_Laptop_20-29-42] Successfully switched to new tab/window -> 01C009F09E00A68AB550DE821820EA3F
20:41:34 [TestNG-test-Test-3] INFO  verifyingDisplaySizeFilterFunctionality_Laptop_20-29-42 - [verifyingDisplaySizeFilterFunctionality_Laptop_20-29-42] Closed the newly opened tab/window -> 01C009F09E00A68AB550DE821820EA3F
20:41:34 [TestNG-test-Test-3] INFO  verifyingDisplaySizeFilterFunctionality_Laptop_20-29-42 - [verifyingDisplaySizeFilterFunctionality_Laptop_20-29-42] Switched back to the original window -> 4FD498FF7C268EAD07E38C1D5D5B2EA7
20:41:34 [TestNG-test-Test-3] INFO  verifyingDisplaySizeFilterFunctionality_Laptop_20-29-42 - [verifyingDisplaySizeFilterFunctionality_Laptop_20-29-42]  going back to product listing via closeCurrentWindowAndSwitchBack 
20:41:34 [TestNG-test-Test-3] INFO  verifyingDisplaySizeFilterFunctionality_Laptop_20-29-42 - [verifyingDisplaySizeFilterFunctionality_Laptop_20-29-42]  Added 'filter','title','keyFeatures', 'about', 'techDetails' into the Map -> productResult
20:41:34 [TestNG-test-Test-3] INFO  verifyingDisplaySizeFilterFunctionality_Laptop_20-29-42 - [verifyingDisplaySizeFilterFunctionality_Laptop_20-29-42]  Added 'productResult' Map into the 'results' i.e list of maps 
20:41:34 [TestNG-test-Test-3] INFO  verifyingDisplaySizeFilterFunctionality_Laptop_20-29-42 - [verifyingDisplaySizeFilterFunctionality_Laptop_20-29-42]==========================================================================================================
20:41:34 [TestNG-test-Test-3] INFO  verifyingDisplaySizeFilterFunctionality_Laptop_20-29-42 - [verifyingDisplaySizeFilterFunctionality_Laptop_20-29-42] Within safeFindElements 
20:41:34 [TestNG-test-Test-3] INFO  verifyingDisplaySizeFilterFunctionality_Laptop_20-29-42 - [verifyingDisplaySizeFilterFunctionality_Laptop_20-29-42] Returning the  [[[ChromeDriver: chrome on windows (5f28c669577438246038219e80837668)] -> xpath: //div[@data-cy='title-recipe']], [[ChromeDriver: chrome on windows (5f28c669577438246038219e80837668)] -> xpath: //div[@data-cy='title-recipe']], [[ChromeDriver: chrome on windows (5f28c669577438246038219e80837668)] -> xpath: //div[@data-cy='title-recipe']], [[ChromeDriver: chrome on windows (5f28c669577438246038219e80837668)] -> xpath: //div[@data-cy='title-recipe']], [[ChromeDriver: chrome on windows (5f28c669577438246038219e80837668)] -> xpath: //div[@data-cy='title-recipe']], [[ChromeDriver: chrome on windows (5f28c669577438246038219e80837668)] -> xpath: //div[@data-cy='title-recipe']], [[ChromeDriver: chrome on windows (5f28c669577438246038219e80837668)] -> xpath: //div[@data-cy='title-recipe']], [[ChromeDriver: chrome on windows (5f28c669577438246038219e80837668)] -> xpath: //div[@data-cy='title-recipe']], [[ChromeDriver: chrome on windows (5f28c669577438246038219e80837668)] -> xpath: //div[@data-cy='title-recipe']], [[ChromeDriver: chrome on windows (5f28c669577438246038219e80837668)] -> xpath: //div[@data-cy='title-recipe']], [[ChromeDriver: chrome on windows (5f28c669577438246038219e80837668)] -> xpath: //div[@data-cy='title-recipe']], [[ChromeDriver: chrome on windows (5f28c669577438246038219e80837668)] -> xpath: //div[@data-cy='title-recipe']], [[ChromeDriver: chrome on windows (5f28c669577438246038219e80837668)] -> xpath: //div[@data-cy='title-recipe']], [[ChromeDriver: chrome on windows (5f28c669577438246038219e80837668)] -> xpath: //div[@data-cy='title-recipe']], [[ChromeDriver: chrome on windows (5f28c669577438246038219e80837668)] -> xpath: //div[@data-cy='title-recipe']], [[ChromeDriver: chrome on windows (5f28c669577438246038219e80837668)] -> xpath: //div[@data-cy='title-recipe']]] from the safeFindElements method
20:41:34 [TestNG-test-Test-3] INFO  verifyingDisplaySizeFilterFunctionality_Laptop_20-29-42 - [verifyingDisplaySizeFilterFunctionality_Laptop_20-29-42] Within productNameListingPage loop in applyFilterAndValidateProductsWithResult
20:41:34 [TestNG-test-Test-3] INFO  verifyingDisplaySizeFilterFunctionality_Laptop_20-29-42 - [verifyingDisplaySizeFilterFunctionality_Laptop_20-29-42] Within getProductByIndex method
20:41:34 [TestNG-test-Test-3] INFO  verifyingDisplaySizeFilterFunctionality_Laptop_20-29-42 - [verifyingDisplaySizeFilterFunctionality_Laptop_20-29-42] Within safeFindElement method
20:41:34 [TestNG-test-Test-3] INFO  verifyingDisplaySizeFilterFunctionality_Laptop_20-29-42 - [verifyingDisplaySizeFilterFunctionality_Laptop_20-29-42]Found the element returning it ,element ->[[ChromeDriver: chrome on windows (5f28c669577438246038219e80837668)] -> xpath: (//div[@data-cy='title-recipe'])[7]]
20:41:34 [TestNG-test-Test-3] INFO  verifyingDisplaySizeFilterFunctionality_Laptop_20-29-42 - [verifyingDisplaySizeFilterFunctionality_Laptop_20-29-42] Within getProductByIndex method
20:41:34 [TestNG-test-Test-3] INFO  verifyingDisplaySizeFilterFunctionality_Laptop_20-29-42 - [verifyingDisplaySizeFilterFunctionality_Laptop_20-29-42] Within smoothScrollToElement method
20:41:34 [TestNG-test-Test-3] INFO  verifyingDisplaySizeFilterFunctionality_Laptop_20-29-42 - [verifyingDisplaySizeFilterFunctionality_Laptop_20-29-42] Within safeFindElement method
20:41:34 [TestNG-test-Test-3] INFO  verifyingDisplaySizeFilterFunctionality_Laptop_20-29-42 - [verifyingDisplaySizeFilterFunctionality_Laptop_20-29-42]Found the element returning it ,element ->[[ChromeDriver: chrome on windows (5f28c669577438246038219e80837668)] -> xpath: (//div[@data-cy='title-recipe'])[7]]
20:41:34 [TestNG-test-Test-3] INFO  verifyingDisplaySizeFilterFunctionality_Laptop_20-29-42 - [verifyingDisplaySizeFilterFunctionality_Laptop_20-29-42] Successfully scrolled to element: By.xpath: (//div[@data-cy='title-recipe'])[7]
20:41:34 [TestNG-test-Test-3] INFO  verifyingDisplaySizeFilterFunctionality_Laptop_20-29-42 - [verifyingDisplaySizeFilterFunctionality_Laptop_20-29-42] Getting product by index in productNameListingPage loop
20:41:35 [TestNG-test-Test-3] INFO  verifyingDisplaySizeFilterFunctionality_Laptop_20-29-42 - [verifyingDisplaySizeFilterFunctionality_Laptop_20-29-42] Opened product in new tab via Ctrl+Click inside productNameListingPage loop
20:41:35 [TestNG-test-Test-3] INFO  verifyingDisplaySizeFilterFunctionality_Laptop_20-29-42 - [verifyingDisplaySizeFilterFunctionality_Laptop_20-29-42] Waiting for new window to open...
20:41:35 [TestNG-test-Test-3] INFO  verifyingDisplaySizeFilterFunctionality_Laptop_20-29-42 - [verifyingDisplaySizeFilterFunctionality_Laptop_20-29-42] Switched to new window -> AEB20C0B4B7BCB88848A82F140476583
20:41:35 [TestNG-test-Test-3] INFO  verifyingDisplaySizeFilterFunctionality_Laptop_20-29-42 - [verifyingDisplaySizeFilterFunctionality_Laptop_20-29-42] Swithcing to the new window  within productNameListingPage loop
20:41:35 [TestNG-test-Test-3] INFO  verifyingDisplaySizeFilterFunctionality_Laptop_20-29-42 - [verifyingDisplaySizeFilterFunctionality_Laptop_20-29-42] Clicked product name to open in new tab from productNameListingPage loop
20:41:35 [TestNG-test-Test-3] INFO  verifyingDisplaySizeFilterFunctionality_Laptop_20-29-42 - [verifyingDisplaySizeFilterFunctionality_Laptop_20-29-42] Within safeFindElement method
20:41:38 [TestNG-test-Test-3] INFO  verifyingDisplaySizeFilterFunctionality_Laptop_20-29-42 - [verifyingDisplaySizeFilterFunctionality_Laptop_20-29-42]Found the element returning it ,element ->[[ChromeDriver: chrome on windows (5f28c669577438246038219e80837668)] -> xpath: //span[@id='productTitle']]
20:41:38 [TestNG-test-Test-3] INFO  verifyingDisplaySizeFilterFunctionality_Laptop_20-29-42 - [verifyingDisplaySizeFilterFunctionality_Laptop_20-29-42] Within safeFindElement method
20:41:38 [TestNG-test-Test-3] INFO  verifyingDisplaySizeFilterFunctionality_Laptop_20-29-42 - [verifyingDisplaySizeFilterFunctionality_Laptop_20-29-42]Found the element returning it ,element ->[[ChromeDriver: chrome on windows (5f28c669577438246038219e80837668)] -> xpath: //div[@class='a-section a-spacing-small a-spacing-top-small']]
20:41:38 [TestNG-test-Test-3] INFO  verifyingDisplaySizeFilterFunctionality_Laptop_20-29-42 - [verifyingDisplaySizeFilterFunctionality_Laptop_20-29-42] Within safeFindElement method
20:41:38 [TestNG-test-Test-3] INFO  verifyingDisplaySizeFilterFunctionality_Laptop_20-29-42 - [verifyingDisplaySizeFilterFunctionality_Laptop_20-29-42]Found the element returning it ,element ->[[ChromeDriver: chrome on windows (5f28c669577438246038219e80837668)] -> xpath: //div[@id='feature-bullets']]
20:41:38 [TestNG-test-Test-3] INFO  verifyingDisplaySizeFilterFunctionality_Laptop_20-29-42 - [verifyingDisplaySizeFilterFunctionality_Laptop_20-29-42] Within safeFindElement method
20:41:38 [TestNG-test-Test-3] INFO  verifyingDisplaySizeFilterFunctionality_Laptop_20-29-42 - [verifyingDisplaySizeFilterFunctionality_Laptop_20-29-42]Found the element returning it ,element ->[[ChromeDriver: chrome on windows (5f28c669577438246038219e80837668)] -> xpath: //div[@id='prodDetails']]
20:41:38 [TestNG-test-Test-3] INFO  verifyingDisplaySizeFilterFunctionality_Laptop_20-29-42 - [verifyingDisplaySizeFilterFunctionality_Laptop_20-29-42] Extracting 'name' , 'keyFeatures', 'about' , 'techDetails' within productNameListingPage loop
20:41:38 [TestNG-test-Test-3] INFO  verifyingDisplaySizeFilterFunctionality_Laptop_20-29-42 - [verifyingDisplaySizeFilterFunctionality_Laptop_20-29-42] Waiting until element is visible in viewport
20:41:48 [TestNG-test-Test-3] INFO  verifyingDisplaySizeFilterFunctionality_Laptop_20-29-42 - [verifyingDisplaySizeFilterFunctionality_Laptop_20-29-42] Within smoothScrollToElement method
20:41:48 [TestNG-test-Test-3] INFO  verifyingDisplaySizeFilterFunctionality_Laptop_20-29-42 - [verifyingDisplaySizeFilterFunctionality_Laptop_20-29-42] Within safeFindElement method
20:41:48 [TestNG-test-Test-3] INFO  verifyingDisplaySizeFilterFunctionality_Laptop_20-29-42 - [verifyingDisplaySizeFilterFunctionality_Laptop_20-29-42]Found the element returning it ,element ->[[ChromeDriver: chrome on windows (5f28c669577438246038219e80837668)] -> xpath: //a[@id='seeMoreDetailsLink']]
20:41:48 [TestNG-test-Test-3] INFO  verifyingDisplaySizeFilterFunctionality_Laptop_20-29-42 - [verifyingDisplaySizeFilterFunctionality_Laptop_20-29-42] Successfully scrolled to element: By.xpath: //a[@id='seeMoreDetailsLink']
20:41:48 [TestNG-test-Test-3] INFO  verifyingDisplaySizeFilterFunctionality_Laptop_20-29-42 - [verifyingDisplaySizeFilterFunctionality_Laptop_20-29-42] Within safeClick method
20:41:49 [TestNG-test-Test-3] INFO  verifyingDisplaySizeFilterFunctionality_Laptop_20-29-42 - [verifyingDisplaySizeFilterFunctionality_Laptop_20-29-42] Clicked the  [[ChromeDriver: chrome on windows (5f28c669577438246038219e80837668)] -> xpath: //a[@id='seeMoreDetailsLink']]   using safeClick
20:41:49 [TestNG-test-Test-3] INFO  verifyingDisplaySizeFilterFunctionality_Laptop_20-29-42 - [verifyingDisplaySizeFilterFunctionality_Laptop_20-29-42] Within try block for clicking see more deatils within productNameListingPage loop
20:41:49 [TestNG-test-Test-3] INFO  verifyingDisplaySizeFilterFunctionality_Laptop_20-29-42 - [verifyingDisplaySizeFilterFunctionality_Laptop_20-29-42] Within closeCurrentWindowAndSwitchBack method
20:41:49 [TestNG-test-Test-3] INFO  verifyingDisplaySizeFilterFunctionality_Laptop_20-29-42 - [verifyingDisplaySizeFilterFunctionality_Laptop_20-29-42] Total open windows/tabs count -> 2
20:41:49 [TestNG-test-Test-3] INFO  verifyingDisplaySizeFilterFunctionality_Laptop_20-29-42 - [verifyingDisplaySizeFilterFunctionality_Laptop_20-29-42] Original window handle -> 4FD498FF7C268EAD07E38C1D5D5B2EA7
20:41:49 [TestNG-test-Test-3] INFO  verifyingDisplaySizeFilterFunctionality_Laptop_20-29-42 - [verifyingDisplaySizeFilterFunctionality_Laptop_20-29-42] Found new tab/window handle -> AEB20C0B4B7BCB88848A82F140476583 (will be closed)
20:41:49 [TestNG-test-Test-3] INFO  verifyingDisplaySizeFilterFunctionality_Laptop_20-29-42 - [verifyingDisplaySizeFilterFunctionality_Laptop_20-29-42] Successfully switched to new tab/window -> AEB20C0B4B7BCB88848A82F140476583
20:41:49 [TestNG-test-Test-3] INFO  verifyingDisplaySizeFilterFunctionality_Laptop_20-29-42 - [verifyingDisplaySizeFilterFunctionality_Laptop_20-29-42] Closed the newly opened tab/window -> AEB20C0B4B7BCB88848A82F140476583
20:41:49 [TestNG-test-Test-3] INFO  verifyingDisplaySizeFilterFunctionality_Laptop_20-29-42 - [verifyingDisplaySizeFilterFunctionality_Laptop_20-29-42] Switched back to the original window -> 4FD498FF7C268EAD07E38C1D5D5B2EA7
20:41:49 [TestNG-test-Test-3] INFO  verifyingDisplaySizeFilterFunctionality_Laptop_20-29-42 - [verifyingDisplaySizeFilterFunctionality_Laptop_20-29-42]  going back to product listing via closeCurrentWindowAndSwitchBack 
20:41:49 [TestNG-test-Test-3] INFO  verifyingDisplaySizeFilterFunctionality_Laptop_20-29-42 - [verifyingDisplaySizeFilterFunctionality_Laptop_20-29-42]  Added 'filter','title','keyFeatures', 'about', 'techDetails' into the Map -> productResult
20:41:49 [TestNG-test-Test-3] INFO  verifyingDisplaySizeFilterFunctionality_Laptop_20-29-42 - [verifyingDisplaySizeFilterFunctionality_Laptop_20-29-42]  Added 'productResult' Map into the 'results' i.e list of maps 
20:41:49 [TestNG-test-Test-3] INFO  verifyingDisplaySizeFilterFunctionality_Laptop_20-29-42 - [verifyingDisplaySizeFilterFunctionality_Laptop_20-29-42]==========================================================================================================
20:41:49 [TestNG-test-Test-3] INFO  verifyingDisplaySizeFilterFunctionality_Laptop_20-29-42 - [verifyingDisplaySizeFilterFunctionality_Laptop_20-29-42] Within safeFindElements 
20:41:49 [TestNG-test-Test-3] INFO  verifyingDisplaySizeFilterFunctionality_Laptop_20-29-42 - [verifyingDisplaySizeFilterFunctionality_Laptop_20-29-42] Returning the  [[[ChromeDriver: chrome on windows (5f28c669577438246038219e80837668)] -> xpath: //div[@data-cy='title-recipe']], [[ChromeDriver: chrome on windows (5f28c669577438246038219e80837668)] -> xpath: //div[@data-cy='title-recipe']], [[ChromeDriver: chrome on windows (5f28c669577438246038219e80837668)] -> xpath: //div[@data-cy='title-recipe']], [[ChromeDriver: chrome on windows (5f28c669577438246038219e80837668)] -> xpath: //div[@data-cy='title-recipe']], [[ChromeDriver: chrome on windows (5f28c669577438246038219e80837668)] -> xpath: //div[@data-cy='title-recipe']], [[ChromeDriver: chrome on windows (5f28c669577438246038219e80837668)] -> xpath: //div[@data-cy='title-recipe']], [[ChromeDriver: chrome on windows (5f28c669577438246038219e80837668)] -> xpath: //div[@data-cy='title-recipe']], [[ChromeDriver: chrome on windows (5f28c669577438246038219e80837668)] -> xpath: //div[@data-cy='title-recipe']], [[ChromeDriver: chrome on windows (5f28c669577438246038219e80837668)] -> xpath: //div[@data-cy='title-recipe']], [[ChromeDriver: chrome on windows (5f28c669577438246038219e80837668)] -> xpath: //div[@data-cy='title-recipe']], [[ChromeDriver: chrome on windows (5f28c669577438246038219e80837668)] -> xpath: //div[@data-cy='title-recipe']], [[ChromeDriver: chrome on windows (5f28c669577438246038219e80837668)] -> xpath: //div[@data-cy='title-recipe']], [[ChromeDriver: chrome on windows (5f28c669577438246038219e80837668)] -> xpath: //div[@data-cy='title-recipe']], [[ChromeDriver: chrome on windows (5f28c669577438246038219e80837668)] -> xpath: //div[@data-cy='title-recipe']], [[ChromeDriver: chrome on windows (5f28c669577438246038219e80837668)] -> xpath: //div[@data-cy='title-recipe']], [[ChromeDriver: chrome on windows (5f28c669577438246038219e80837668)] -> xpath: //div[@data-cy='title-recipe']]] from the safeFindElements method
20:41:49 [TestNG-test-Test-3] INFO  verifyingDisplaySizeFilterFunctionality_Laptop_20-29-42 - [verifyingDisplaySizeFilterFunctionality_Laptop_20-29-42] Within productNameListingPage loop in applyFilterAndValidateProductsWithResult
20:41:49 [TestNG-test-Test-3] INFO  verifyingDisplaySizeFilterFunctionality_Laptop_20-29-42 - [verifyingDisplaySizeFilterFunctionality_Laptop_20-29-42] Within getProductByIndex method
20:41:49 [TestNG-test-Test-3] INFO  verifyingDisplaySizeFilterFunctionality_Laptop_20-29-42 - [verifyingDisplaySizeFilterFunctionality_Laptop_20-29-42] Within safeFindElement method
20:41:49 [TestNG-test-Test-3] INFO  verifyingDisplaySizeFilterFunctionality_Laptop_20-29-42 - [verifyingDisplaySizeFilterFunctionality_Laptop_20-29-42]Found the element returning it ,element ->[[ChromeDriver: chrome on windows (5f28c669577438246038219e80837668)] -> xpath: (//div[@data-cy='title-recipe'])[8]]
20:41:49 [TestNG-test-Test-3] INFO  verifyingDisplaySizeFilterFunctionality_Laptop_20-29-42 - [verifyingDisplaySizeFilterFunctionality_Laptop_20-29-42] Within getProductByIndex method
20:41:49 [TestNG-test-Test-3] INFO  verifyingDisplaySizeFilterFunctionality_Laptop_20-29-42 - [verifyingDisplaySizeFilterFunctionality_Laptop_20-29-42] Within smoothScrollToElement method
20:41:49 [TestNG-test-Test-3] INFO  verifyingDisplaySizeFilterFunctionality_Laptop_20-29-42 - [verifyingDisplaySizeFilterFunctionality_Laptop_20-29-42] Within safeFindElement method
20:41:49 [TestNG-test-Test-3] INFO  verifyingDisplaySizeFilterFunctionality_Laptop_20-29-42 - [verifyingDisplaySizeFilterFunctionality_Laptop_20-29-42]Found the element returning it ,element ->[[ChromeDriver: chrome on windows (5f28c669577438246038219e80837668)] -> xpath: (//div[@data-cy='title-recipe'])[8]]
20:41:49 [TestNG-test-Test-3] INFO  verifyingDisplaySizeFilterFunctionality_Laptop_20-29-42 - [verifyingDisplaySizeFilterFunctionality_Laptop_20-29-42] Successfully scrolled to element: By.xpath: (//div[@data-cy='title-recipe'])[8]
20:41:49 [TestNG-test-Test-3] INFO  verifyingDisplaySizeFilterFunctionality_Laptop_20-29-42 - [verifyingDisplaySizeFilterFunctionality_Laptop_20-29-42] Getting product by index in productNameListingPage loop
20:41:49 [TestNG-test-Test-3] INFO  verifyingDisplaySizeFilterFunctionality_Laptop_20-29-42 - [verifyingDisplaySizeFilterFunctionality_Laptop_20-29-42] Opened product in new tab via Ctrl+Click inside productNameListingPage loop
20:41:49 [TestNG-test-Test-3] INFO  verifyingDisplaySizeFilterFunctionality_Laptop_20-29-42 - [verifyingDisplaySizeFilterFunctionality_Laptop_20-29-42] Waiting for new window to open...
20:41:49 [TestNG-test-Test-3] INFO  verifyingDisplaySizeFilterFunctionality_Laptop_20-29-42 - [verifyingDisplaySizeFilterFunctionality_Laptop_20-29-42] Switched to new window -> 385A325193E25712A90527D7AA2D7C02
20:41:49 [TestNG-test-Test-3] INFO  verifyingDisplaySizeFilterFunctionality_Laptop_20-29-42 - [verifyingDisplaySizeFilterFunctionality_Laptop_20-29-42] Swithcing to the new window  within productNameListingPage loop
20:41:49 [TestNG-test-Test-3] INFO  verifyingDisplaySizeFilterFunctionality_Laptop_20-29-42 - [verifyingDisplaySizeFilterFunctionality_Laptop_20-29-42] Clicked product name to open in new tab from productNameListingPage loop
20:41:49 [TestNG-test-Test-3] INFO  verifyingDisplaySizeFilterFunctionality_Laptop_20-29-42 - [verifyingDisplaySizeFilterFunctionality_Laptop_20-29-42] Within safeFindElement method
20:41:55 [TestNG-test-Test-3] INFO  verifyingDisplaySizeFilterFunctionality_Laptop_20-29-42 - [verifyingDisplaySizeFilterFunctionality_Laptop_20-29-42]Found the element returning it ,element ->[[ChromeDriver: chrome on windows (5f28c669577438246038219e80837668)] -> xpath: //span[@id='productTitle']]
20:41:55 [TestNG-test-Test-3] INFO  verifyingDisplaySizeFilterFunctionality_Laptop_20-29-42 - [verifyingDisplaySizeFilterFunctionality_Laptop_20-29-42] Within safeFindElement method
20:41:55 [TestNG-test-Test-3] INFO  verifyingDisplaySizeFilterFunctionality_Laptop_20-29-42 - [verifyingDisplaySizeFilterFunctionality_Laptop_20-29-42]Found the element returning it ,element ->[[ChromeDriver: chrome on windows (5f28c669577438246038219e80837668)] -> xpath: //div[@class='a-section a-spacing-small a-spacing-top-small']]
20:41:55 [TestNG-test-Test-3] INFO  verifyingDisplaySizeFilterFunctionality_Laptop_20-29-42 - [verifyingDisplaySizeFilterFunctionality_Laptop_20-29-42] Within safeFindElement method
20:41:55 [TestNG-test-Test-3] INFO  verifyingDisplaySizeFilterFunctionality_Laptop_20-29-42 - [verifyingDisplaySizeFilterFunctionality_Laptop_20-29-42]Found the element returning it ,element ->[[ChromeDriver: chrome on windows (5f28c669577438246038219e80837668)] -> xpath: //div[@id='feature-bullets']]
20:41:55 [TestNG-test-Test-3] INFO  verifyingDisplaySizeFilterFunctionality_Laptop_20-29-42 - [verifyingDisplaySizeFilterFunctionality_Laptop_20-29-42] Within safeFindElement method
20:41:55 [TestNG-test-Test-3] INFO  verifyingDisplaySizeFilterFunctionality_Laptop_20-29-42 - [verifyingDisplaySizeFilterFunctionality_Laptop_20-29-42]Found the element returning it ,element ->[[ChromeDriver: chrome on windows (5f28c669577438246038219e80837668)] -> xpath: //div[@id='prodDetails']]
20:41:55 [TestNG-test-Test-3] INFO  verifyingDisplaySizeFilterFunctionality_Laptop_20-29-42 - [verifyingDisplaySizeFilterFunctionality_Laptop_20-29-42] Extracting 'name' , 'keyFeatures', 'about' , 'techDetails' within productNameListingPage loop
20:41:55 [TestNG-test-Test-3] INFO  verifyingDisplaySizeFilterFunctionality_Laptop_20-29-42 - [verifyingDisplaySizeFilterFunctionality_Laptop_20-29-42] Waiting until element is visible in viewport
20:42:06 [TestNG-test-Test-3] INFO  verifyingDisplaySizeFilterFunctionality_Laptop_20-29-42 - [verifyingDisplaySizeFilterFunctionality_Laptop_20-29-42] Within smoothScrollToElement method
20:42:06 [TestNG-test-Test-3] INFO  verifyingDisplaySizeFilterFunctionality_Laptop_20-29-42 - [verifyingDisplaySizeFilterFunctionality_Laptop_20-29-42] Within safeFindElement method
20:42:06 [TestNG-test-Test-3] INFO  verifyingDisplaySizeFilterFunctionality_Laptop_20-29-42 - [verifyingDisplaySizeFilterFunctionality_Laptop_20-29-42]Found the element returning it ,element ->[[ChromeDriver: chrome on windows (5f28c669577438246038219e80837668)] -> xpath: //a[@id='seeMoreDetailsLink']]
20:42:06 [TestNG-test-Test-3] INFO  verifyingDisplaySizeFilterFunctionality_Laptop_20-29-42 - [verifyingDisplaySizeFilterFunctionality_Laptop_20-29-42] Successfully scrolled to element: By.xpath: //a[@id='seeMoreDetailsLink']
20:42:06 [TestNG-test-Test-3] INFO  verifyingDisplaySizeFilterFunctionality_Laptop_20-29-42 - [verifyingDisplaySizeFilterFunctionality_Laptop_20-29-42] Within safeClick method
20:42:06 [TestNG-test-Test-3] INFO  verifyingDisplaySizeFilterFunctionality_Laptop_20-29-42 - [verifyingDisplaySizeFilterFunctionality_Laptop_20-29-42] Clicked the  [[ChromeDriver: chrome on windows (5f28c669577438246038219e80837668)] -> xpath: //a[@id='seeMoreDetailsLink']]   using safeClick
20:42:06 [TestNG-test-Test-3] INFO  verifyingDisplaySizeFilterFunctionality_Laptop_20-29-42 - [verifyingDisplaySizeFilterFunctionality_Laptop_20-29-42] Within try block for clicking see more deatils within productNameListingPage loop
20:42:06 [TestNG-test-Test-3] INFO  verifyingDisplaySizeFilterFunctionality_Laptop_20-29-42 - [verifyingDisplaySizeFilterFunctionality_Laptop_20-29-42] Within closeCurrentWindowAndSwitchBack method
20:42:06 [TestNG-test-Test-3] INFO  verifyingDisplaySizeFilterFunctionality_Laptop_20-29-42 - [verifyingDisplaySizeFilterFunctionality_Laptop_20-29-42] Total open windows/tabs count -> 2
20:42:06 [TestNG-test-Test-3] INFO  verifyingDisplaySizeFilterFunctionality_Laptop_20-29-42 - [verifyingDisplaySizeFilterFunctionality_Laptop_20-29-42] Original window handle -> 4FD498FF7C268EAD07E38C1D5D5B2EA7
20:42:06 [TestNG-test-Test-3] INFO  verifyingDisplaySizeFilterFunctionality_Laptop_20-29-42 - [verifyingDisplaySizeFilterFunctionality_Laptop_20-29-42] Found new tab/window handle -> 385A325193E25712A90527D7AA2D7C02 (will be closed)
20:42:06 [TestNG-test-Test-3] INFO  verifyingDisplaySizeFilterFunctionality_Laptop_20-29-42 - [verifyingDisplaySizeFilterFunctionality_Laptop_20-29-42] Successfully switched to new tab/window -> 385A325193E25712A90527D7AA2D7C02
20:42:07 [TestNG-test-Test-3] INFO  verifyingDisplaySizeFilterFunctionality_Laptop_20-29-42 - [verifyingDisplaySizeFilterFunctionality_Laptop_20-29-42] Closed the newly opened tab/window -> 385A325193E25712A90527D7AA2D7C02
20:42:07 [TestNG-test-Test-3] INFO  verifyingDisplaySizeFilterFunctionality_Laptop_20-29-42 - [verifyingDisplaySizeFilterFunctionality_Laptop_20-29-42] Switched back to the original window -> 4FD498FF7C268EAD07E38C1D5D5B2EA7
20:42:07 [TestNG-test-Test-3] INFO  verifyingDisplaySizeFilterFunctionality_Laptop_20-29-42 - [verifyingDisplaySizeFilterFunctionality_Laptop_20-29-42]  going back to product listing via closeCurrentWindowAndSwitchBack 
20:42:07 [TestNG-test-Test-3] INFO  verifyingDisplaySizeFilterFunctionality_Laptop_20-29-42 - [verifyingDisplaySizeFilterFunctionality_Laptop_20-29-42]  Added 'filter','title','keyFeatures', 'about', 'techDetails' into the Map -> productResult
20:42:07 [TestNG-test-Test-3] INFO  verifyingDisplaySizeFilterFunctionality_Laptop_20-29-42 - [verifyingDisplaySizeFilterFunctionality_Laptop_20-29-42]  Added 'productResult' Map into the 'results' i.e list of maps 
20:42:07 [TestNG-test-Test-3] INFO  verifyingDisplaySizeFilterFunctionality_Laptop_20-29-42 - [verifyingDisplaySizeFilterFunctionality_Laptop_20-29-42]==========================================================================================================
20:42:07 [TestNG-test-Test-3] INFO  verifyingDisplaySizeFilterFunctionality_Laptop_20-29-42 - [verifyingDisplaySizeFilterFunctionality_Laptop_20-29-42] Within safeFindElements 
20:42:07 [TestNG-test-Test-3] INFO  verifyingDisplaySizeFilterFunctionality_Laptop_20-29-42 - [verifyingDisplaySizeFilterFunctionality_Laptop_20-29-42] Returning the  [[[ChromeDriver: chrome on windows (5f28c669577438246038219e80837668)] -> xpath: //div[@data-cy='title-recipe']], [[ChromeDriver: chrome on windows (5f28c669577438246038219e80837668)] -> xpath: //div[@data-cy='title-recipe']], [[ChromeDriver: chrome on windows (5f28c669577438246038219e80837668)] -> xpath: //div[@data-cy='title-recipe']], [[ChromeDriver: chrome on windows (5f28c669577438246038219e80837668)] -> xpath: //div[@data-cy='title-recipe']], [[ChromeDriver: chrome on windows (5f28c669577438246038219e80837668)] -> xpath: //div[@data-cy='title-recipe']], [[ChromeDriver: chrome on windows (5f28c669577438246038219e80837668)] -> xpath: //div[@data-cy='title-recipe']], [[ChromeDriver: chrome on windows (5f28c669577438246038219e80837668)] -> xpath: //div[@data-cy='title-recipe']], [[ChromeDriver: chrome on windows (5f28c669577438246038219e80837668)] -> xpath: //div[@data-cy='title-recipe']], [[ChromeDriver: chrome on windows (5f28c669577438246038219e80837668)] -> xpath: //div[@data-cy='title-recipe']], [[ChromeDriver: chrome on windows (5f28c669577438246038219e80837668)] -> xpath: //div[@data-cy='title-recipe']], [[ChromeDriver: chrome on windows (5f28c669577438246038219e80837668)] -> xpath: //div[@data-cy='title-recipe']], [[ChromeDriver: chrome on windows (5f28c669577438246038219e80837668)] -> xpath: //div[@data-cy='title-recipe']], [[ChromeDriver: chrome on windows (5f28c669577438246038219e80837668)] -> xpath: //div[@data-cy='title-recipe']], [[ChromeDriver: chrome on windows (5f28c669577438246038219e80837668)] -> xpath: //div[@data-cy='title-recipe']], [[ChromeDriver: chrome on windows (5f28c669577438246038219e80837668)] -> xpath: //div[@data-cy='title-recipe']], [[ChromeDriver: chrome on windows (5f28c669577438246038219e80837668)] -> xpath: //div[@data-cy='title-recipe']]] from the safeFindElements method
20:42:07 [TestNG-test-Test-3] INFO  verifyingDisplaySizeFilterFunctionality_Laptop_20-29-42 - [verifyingDisplaySizeFilterFunctionality_Laptop_20-29-42] Within productNameListingPage loop in applyFilterAndValidateProductsWithResult
20:42:07 [TestNG-test-Test-3] INFO  verifyingDisplaySizeFilterFunctionality_Laptop_20-29-42 - [verifyingDisplaySizeFilterFunctionality_Laptop_20-29-42] Within getProductByIndex method
20:42:07 [TestNG-test-Test-3] INFO  verifyingDisplaySizeFilterFunctionality_Laptop_20-29-42 - [verifyingDisplaySizeFilterFunctionality_Laptop_20-29-42] Within safeFindElement method
20:42:07 [TestNG-test-Test-3] INFO  verifyingDisplaySizeFilterFunctionality_Laptop_20-29-42 - [verifyingDisplaySizeFilterFunctionality_Laptop_20-29-42]Found the element returning it ,element ->[[ChromeDriver: chrome on windows (5f28c669577438246038219e80837668)] -> xpath: (//div[@data-cy='title-recipe'])[9]]
20:42:07 [TestNG-test-Test-3] INFO  verifyingDisplaySizeFilterFunctionality_Laptop_20-29-42 - [verifyingDisplaySizeFilterFunctionality_Laptop_20-29-42] Within getProductByIndex method
20:42:07 [TestNG-test-Test-3] INFO  verifyingDisplaySizeFilterFunctionality_Laptop_20-29-42 - [verifyingDisplaySizeFilterFunctionality_Laptop_20-29-42] Within smoothScrollToElement method
20:42:07 [TestNG-test-Test-3] INFO  verifyingDisplaySizeFilterFunctionality_Laptop_20-29-42 - [verifyingDisplaySizeFilterFunctionality_Laptop_20-29-42] Within safeFindElement method
20:42:07 [TestNG-test-Test-3] INFO  verifyingDisplaySizeFilterFunctionality_Laptop_20-29-42 - [verifyingDisplaySizeFilterFunctionality_Laptop_20-29-42]Found the element returning it ,element ->[[ChromeDriver: chrome on windows (5f28c669577438246038219e80837668)] -> xpath: (//div[@data-cy='title-recipe'])[9]]
20:42:07 [TestNG-test-Test-3] INFO  verifyingDisplaySizeFilterFunctionality_Laptop_20-29-42 - [verifyingDisplaySizeFilterFunctionality_Laptop_20-29-42] Successfully scrolled to element: By.xpath: (//div[@data-cy='title-recipe'])[9]
20:42:07 [TestNG-test-Test-3] INFO  verifyingDisplaySizeFilterFunctionality_Laptop_20-29-42 - [verifyingDisplaySizeFilterFunctionality_Laptop_20-29-42] Getting product by index in productNameListingPage loop
20:42:08 [TestNG-test-Test-3] INFO  verifyingDisplaySizeFilterFunctionality_Laptop_20-29-42 - [verifyingDisplaySizeFilterFunctionality_Laptop_20-29-42] Opened product in new tab via Ctrl+Click inside productNameListingPage loop
20:42:08 [TestNG-test-Test-3] INFO  verifyingDisplaySizeFilterFunctionality_Laptop_20-29-42 - [verifyingDisplaySizeFilterFunctionality_Laptop_20-29-42] Waiting for new window to open...
20:42:08 [TestNG-test-Test-3] INFO  verifyingDisplaySizeFilterFunctionality_Laptop_20-29-42 - [verifyingDisplaySizeFilterFunctionality_Laptop_20-29-42] Switched to new window -> 5877ADFF11D9E5579F79A821B8B86F21
20:42:08 [TestNG-test-Test-3] INFO  verifyingDisplaySizeFilterFunctionality_Laptop_20-29-42 - [verifyingDisplaySizeFilterFunctionality_Laptop_20-29-42] Swithcing to the new window  within productNameListingPage loop
20:42:08 [TestNG-test-Test-3] INFO  verifyingDisplaySizeFilterFunctionality_Laptop_20-29-42 - [verifyingDisplaySizeFilterFunctionality_Laptop_20-29-42] Clicked product name to open in new tab from productNameListingPage loop
20:42:08 [TestNG-test-Test-3] INFO  verifyingDisplaySizeFilterFunctionality_Laptop_20-29-42 - [verifyingDisplaySizeFilterFunctionality_Laptop_20-29-42] Within safeFindElement method
20:42:11 [TestNG-test-Test-3] INFO  verifyingDisplaySizeFilterFunctionality_Laptop_20-29-42 - [verifyingDisplaySizeFilterFunctionality_Laptop_20-29-42]Found the element returning it ,element ->[[ChromeDriver: chrome on windows (5f28c669577438246038219e80837668)] -> xpath: //span[@id='productTitle']]
20:42:11 [TestNG-test-Test-3] INFO  verifyingDisplaySizeFilterFunctionality_Laptop_20-29-42 - [verifyingDisplaySizeFilterFunctionality_Laptop_20-29-42] Within safeFindElement method
20:42:11 [TestNG-test-Test-3] INFO  verifyingDisplaySizeFilterFunctionality_Laptop_20-29-42 - [verifyingDisplaySizeFilterFunctionality_Laptop_20-29-42]Found the element returning it ,element ->[[ChromeDriver: chrome on windows (5f28c669577438246038219e80837668)] -> xpath: //div[@class='a-section a-spacing-small a-spacing-top-small']]
20:42:11 [TestNG-test-Test-3] INFO  verifyingDisplaySizeFilterFunctionality_Laptop_20-29-42 - [verifyingDisplaySizeFilterFunctionality_Laptop_20-29-42] Within safeFindElement method
20:42:12 [TestNG-test-Test-3] INFO  verifyingDisplaySizeFilterFunctionality_Laptop_20-29-42 - [verifyingDisplaySizeFilterFunctionality_Laptop_20-29-42]Found the element returning it ,element ->[[ChromeDriver: chrome on windows (5f28c669577438246038219e80837668)] -> xpath: //div[@id='feature-bullets']]
20:42:12 [TestNG-test-Test-3] INFO  verifyingDisplaySizeFilterFunctionality_Laptop_20-29-42 - [verifyingDisplaySizeFilterFunctionality_Laptop_20-29-42] Within safeFindElement method
20:42:12 [TestNG-test-Test-3] INFO  verifyingDisplaySizeFilterFunctionality_Laptop_20-29-42 - [verifyingDisplaySizeFilterFunctionality_Laptop_20-29-42]Found the element returning it ,element ->[[ChromeDriver: chrome on windows (5f28c669577438246038219e80837668)] -> xpath: //div[@id='prodDetails']]
20:42:12 [TestNG-test-Test-3] INFO  verifyingDisplaySizeFilterFunctionality_Laptop_20-29-42 - [verifyingDisplaySizeFilterFunctionality_Laptop_20-29-42] Extracting 'name' , 'keyFeatures', 'about' , 'techDetails' within productNameListingPage loop
20:42:12 [TestNG-test-Test-3] INFO  verifyingDisplaySizeFilterFunctionality_Laptop_20-29-42 - [verifyingDisplaySizeFilterFunctionality_Laptop_20-29-42] Waiting until element is visible in viewport
20:42:12 [TestNG-test-Test-3] INFO  verifyingDisplaySizeFilterFunctionality_Laptop_20-29-42 - [verifyingDisplaySizeFilterFunctionality_Laptop_20-29-42] Within smoothScrollToElement method
20:42:12 [TestNG-test-Test-3] INFO  verifyingDisplaySizeFilterFunctionality_Laptop_20-29-42 - [verifyingDisplaySizeFilterFunctionality_Laptop_20-29-42] Within safeFindElement method
20:42:12 [TestNG-test-Test-3] INFO  verifyingDisplaySizeFilterFunctionality_Laptop_20-29-42 - [verifyingDisplaySizeFilterFunctionality_Laptop_20-29-42]Found the element returning it ,element ->[[ChromeDriver: chrome on windows (5f28c669577438246038219e80837668)] -> xpath: //a[@id='seeMoreDetailsLink']]
20:42:12 [TestNG-test-Test-3] INFO  verifyingDisplaySizeFilterFunctionality_Laptop_20-29-42 - [verifyingDisplaySizeFilterFunctionality_Laptop_20-29-42] Successfully scrolled to element: By.xpath: //a[@id='seeMoreDetailsLink']
20:42:12 [TestNG-test-Test-3] INFO  verifyingDisplaySizeFilterFunctionality_Laptop_20-29-42 - [verifyingDisplaySizeFilterFunctionality_Laptop_20-29-42] Within safeClick method
20:42:12 [TestNG-test-Test-3] INFO  verifyingDisplaySizeFilterFunctionality_Laptop_20-29-42 - [verifyingDisplaySizeFilterFunctionality_Laptop_20-29-42] Clicked the  [[ChromeDriver: chrome on windows (5f28c669577438246038219e80837668)] -> xpath: //a[@id='seeMoreDetailsLink']]   using safeClick
20:42:12 [TestNG-test-Test-3] INFO  verifyingDisplaySizeFilterFunctionality_Laptop_20-29-42 - [verifyingDisplaySizeFilterFunctionality_Laptop_20-29-42] Within try block for clicking see more deatils within productNameListingPage loop
20:42:12 [TestNG-test-Test-3] INFO  verifyingDisplaySizeFilterFunctionality_Laptop_20-29-42 - [verifyingDisplaySizeFilterFunctionality_Laptop_20-29-42] Within closeCurrentWindowAndSwitchBack method
20:42:12 [TestNG-test-Test-3] INFO  verifyingDisplaySizeFilterFunctionality_Laptop_20-29-42 - [verifyingDisplaySizeFilterFunctionality_Laptop_20-29-42] Total open windows/tabs count -> 2
20:42:12 [TestNG-test-Test-3] INFO  verifyingDisplaySizeFilterFunctionality_Laptop_20-29-42 - [verifyingDisplaySizeFilterFunctionality_Laptop_20-29-42] Original window handle -> 4FD498FF7C268EAD07E38C1D5D5B2EA7
20:42:12 [TestNG-test-Test-3] INFO  verifyingDisplaySizeFilterFunctionality_Laptop_20-29-42 - [verifyingDisplaySizeFilterFunctionality_Laptop_20-29-42] Found new tab/window handle -> 5877ADFF11D9E5579F79A821B8B86F21 (will be closed)
20:42:13 [TestNG-test-Test-3] INFO  verifyingDisplaySizeFilterFunctionality_Laptop_20-29-42 - [verifyingDisplaySizeFilterFunctionality_Laptop_20-29-42] Successfully switched to new tab/window -> 5877ADFF11D9E5579F79A821B8B86F21
20:42:13 [TestNG-test-Test-3] INFO  verifyingDisplaySizeFilterFunctionality_Laptop_20-29-42 - [verifyingDisplaySizeFilterFunctionality_Laptop_20-29-42] Closed the newly opened tab/window -> 5877ADFF11D9E5579F79A821B8B86F21
20:42:13 [TestNG-test-Test-3] INFO  verifyingDisplaySizeFilterFunctionality_Laptop_20-29-42 - [verifyingDisplaySizeFilterFunctionality_Laptop_20-29-42] Switched back to the original window -> 4FD498FF7C268EAD07E38C1D5D5B2EA7
20:42:13 [TestNG-test-Test-3] INFO  verifyingDisplaySizeFilterFunctionality_Laptop_20-29-42 - [verifyingDisplaySizeFilterFunctionality_Laptop_20-29-42]  going back to product listing via closeCurrentWindowAndSwitchBack 
20:42:13 [TestNG-test-Test-3] INFO  verifyingDisplaySizeFilterFunctionality_Laptop_20-29-42 - [verifyingDisplaySizeFilterFunctionality_Laptop_20-29-42]  Added 'filter','title','keyFeatures', 'about', 'techDetails' into the Map -> productResult
20:42:13 [TestNG-test-Test-3] INFO  verifyingDisplaySizeFilterFunctionality_Laptop_20-29-42 - [verifyingDisplaySizeFilterFunctionality_Laptop_20-29-42]  Added 'productResult' Map into the 'results' i.e list of maps 
20:42:13 [TestNG-test-Test-3] INFO  verifyingDisplaySizeFilterFunctionality_Laptop_20-29-42 - [verifyingDisplaySizeFilterFunctionality_Laptop_20-29-42]==========================================================================================================
20:42:13 [TestNG-test-Test-3] INFO  verifyingDisplaySizeFilterFunctionality_Laptop_20-29-42 - [verifyingDisplaySizeFilterFunctionality_Laptop_20-29-42] Within safeFindElements 
20:42:13 [TestNG-test-Test-3] INFO  verifyingDisplaySizeFilterFunctionality_Laptop_20-29-42 - [verifyingDisplaySizeFilterFunctionality_Laptop_20-29-42] Returning the  [[[ChromeDriver: chrome on windows (5f28c669577438246038219e80837668)] -> xpath: //div[@data-cy='title-recipe']], [[ChromeDriver: chrome on windows (5f28c669577438246038219e80837668)] -> xpath: //div[@data-cy='title-recipe']], [[ChromeDriver: chrome on windows (5f28c669577438246038219e80837668)] -> xpath: //div[@data-cy='title-recipe']], [[ChromeDriver: chrome on windows (5f28c669577438246038219e80837668)] -> xpath: //div[@data-cy='title-recipe']], [[ChromeDriver: chrome on windows (5f28c669577438246038219e80837668)] -> xpath: //div[@data-cy='title-recipe']], [[ChromeDriver: chrome on windows (5f28c669577438246038219e80837668)] -> xpath: //div[@data-cy='title-recipe']], [[ChromeDriver: chrome on windows (5f28c669577438246038219e80837668)] -> xpath: //div[@data-cy='title-recipe']], [[ChromeDriver: chrome on windows (5f28c669577438246038219e80837668)] -> xpath: //div[@data-cy='title-recipe']], [[ChromeDriver: chrome on windows (5f28c669577438246038219e80837668)] -> xpath: //div[@data-cy='title-recipe']], [[ChromeDriver: chrome on windows (5f28c669577438246038219e80837668)] -> xpath: //div[@data-cy='title-recipe']], [[ChromeDriver: chrome on windows (5f28c669577438246038219e80837668)] -> xpath: //div[@data-cy='title-recipe']], [[ChromeDriver: chrome on windows (5f28c669577438246038219e80837668)] -> xpath: //div[@data-cy='title-recipe']], [[ChromeDriver: chrome on windows (5f28c669577438246038219e80837668)] -> xpath: //div[@data-cy='title-recipe']], [[ChromeDriver: chrome on windows (5f28c669577438246038219e80837668)] -> xpath: //div[@data-cy='title-recipe']], [[ChromeDriver: chrome on windows (5f28c669577438246038219e80837668)] -> xpath: //div[@data-cy='title-recipe']], [[ChromeDriver: chrome on windows (5f28c669577438246038219e80837668)] -> xpath: //div[@data-cy='title-recipe']]] from the safeFindElements method
20:42:13 [TestNG-test-Test-3] INFO  verifyingDisplaySizeFilterFunctionality_Laptop_20-29-42 - [verifyingDisplaySizeFilterFunctionality_Laptop_20-29-42] Within productNameListingPage loop in applyFilterAndValidateProductsWithResult
20:42:13 [TestNG-test-Test-3] INFO  verifyingDisplaySizeFilterFunctionality_Laptop_20-29-42 - [verifyingDisplaySizeFilterFunctionality_Laptop_20-29-42] Within getProductByIndex method
20:42:13 [TestNG-test-Test-3] INFO  verifyingDisplaySizeFilterFunctionality_Laptop_20-29-42 - [verifyingDisplaySizeFilterFunctionality_Laptop_20-29-42] Within safeFindElement method
20:42:13 [TestNG-test-Test-3] INFO  verifyingDisplaySizeFilterFunctionality_Laptop_20-29-42 - [verifyingDisplaySizeFilterFunctionality_Laptop_20-29-42]Found the element returning it ,element ->[[ChromeDriver: chrome on windows (5f28c669577438246038219e80837668)] -> xpath: (//div[@data-cy='title-recipe'])[10]]
20:42:13 [TestNG-test-Test-3] INFO  verifyingDisplaySizeFilterFunctionality_Laptop_20-29-42 - [verifyingDisplaySizeFilterFunctionality_Laptop_20-29-42] Within getProductByIndex method
20:42:13 [TestNG-test-Test-3] INFO  verifyingDisplaySizeFilterFunctionality_Laptop_20-29-42 - [verifyingDisplaySizeFilterFunctionality_Laptop_20-29-42] Within smoothScrollToElement method
20:42:13 [TestNG-test-Test-3] INFO  verifyingDisplaySizeFilterFunctionality_Laptop_20-29-42 - [verifyingDisplaySizeFilterFunctionality_Laptop_20-29-42] Within safeFindElement method
20:42:13 [TestNG-test-Test-3] INFO  verifyingDisplaySizeFilterFunctionality_Laptop_20-29-42 - [verifyingDisplaySizeFilterFunctionality_Laptop_20-29-42]Found the element returning it ,element ->[[ChromeDriver: chrome on windows (5f28c669577438246038219e80837668)] -> xpath: (//div[@data-cy='title-recipe'])[10]]
20:42:13 [TestNG-test-Test-3] INFO  verifyingDisplaySizeFilterFunctionality_Laptop_20-29-42 - [verifyingDisplaySizeFilterFunctionality_Laptop_20-29-42] Successfully scrolled to element: By.xpath: (//div[@data-cy='title-recipe'])[10]
20:42:13 [TestNG-test-Test-3] INFO  verifyingDisplaySizeFilterFunctionality_Laptop_20-29-42 - [verifyingDisplaySizeFilterFunctionality_Laptop_20-29-42] Getting product by index in productNameListingPage loop
20:42:13 [TestNG-test-Test-3] INFO  verifyingDisplaySizeFilterFunctionality_Laptop_20-29-42 - [verifyingDisplaySizeFilterFunctionality_Laptop_20-29-42] Opened product in new tab via Ctrl+Click inside productNameListingPage loop
20:42:13 [TestNG-test-Test-3] INFO  verifyingDisplaySizeFilterFunctionality_Laptop_20-29-42 - [verifyingDisplaySizeFilterFunctionality_Laptop_20-29-42] Waiting for new window to open...
20:42:13 [TestNG-test-Test-3] INFO  verifyingDisplaySizeFilterFunctionality_Laptop_20-29-42 - [verifyingDisplaySizeFilterFunctionality_Laptop_20-29-42] Switched to new window -> 856F9F09F386FB44CF70BFBFFC27AA1C
20:42:13 [TestNG-test-Test-3] INFO  verifyingDisplaySizeFilterFunctionality_Laptop_20-29-42 - [verifyingDisplaySizeFilterFunctionality_Laptop_20-29-42] Swithcing to the new window  within productNameListingPage loop
20:42:13 [TestNG-test-Test-3] INFO  verifyingDisplaySizeFilterFunctionality_Laptop_20-29-42 - [verifyingDisplaySizeFilterFunctionality_Laptop_20-29-42] Clicked product name to open in new tab from productNameListingPage loop
20:42:13 [TestNG-test-Test-3] INFO  verifyingDisplaySizeFilterFunctionality_Laptop_20-29-42 - [verifyingDisplaySizeFilterFunctionality_Laptop_20-29-42] Within safeFindElement method
20:42:16 [TestNG-test-Test-3] INFO  verifyingDisplaySizeFilterFunctionality_Laptop_20-29-42 - [verifyingDisplaySizeFilterFunctionality_Laptop_20-29-42]Found the element returning it ,element ->[[ChromeDriver: chrome on windows (5f28c669577438246038219e80837668)] -> xpath: //span[@id='productTitle']]
20:42:16 [TestNG-test-Test-3] INFO  verifyingDisplaySizeFilterFunctionality_Laptop_20-29-42 - [verifyingDisplaySizeFilterFunctionality_Laptop_20-29-42] Within safeFindElement method
20:42:16 [TestNG-test-Test-3] INFO  verifyingDisplaySizeFilterFunctionality_Laptop_20-29-42 - [verifyingDisplaySizeFilterFunctionality_Laptop_20-29-42]Found the element returning it ,element ->[[ChromeDriver: chrome on windows (5f28c669577438246038219e80837668)] -> xpath: //div[@class='a-section a-spacing-small a-spacing-top-small']]
20:42:16 [TestNG-test-Test-3] INFO  verifyingDisplaySizeFilterFunctionality_Laptop_20-29-42 - [verifyingDisplaySizeFilterFunctionality_Laptop_20-29-42] Within safeFindElement method
20:42:17 [TestNG-test-Test-3] INFO  verifyingDisplaySizeFilterFunctionality_Laptop_20-29-42 - [verifyingDisplaySizeFilterFunctionality_Laptop_20-29-42]Found the element returning it ,element ->[[ChromeDriver: chrome on windows (5f28c669577438246038219e80837668)] -> xpath: //div[@id='feature-bullets']]
20:42:17 [TestNG-test-Test-3] INFO  verifyingDisplaySizeFilterFunctionality_Laptop_20-29-42 - [verifyingDisplaySizeFilterFunctionality_Laptop_20-29-42] Within safeFindElement method
20:42:17 [TestNG-test-Test-3] INFO  verifyingDisplaySizeFilterFunctionality_Laptop_20-29-42 - [verifyingDisplaySizeFilterFunctionality_Laptop_20-29-42]Found the element returning it ,element ->[[ChromeDriver: chrome on windows (5f28c669577438246038219e80837668)] -> xpath: //div[@id='prodDetails']]
20:42:17 [TestNG-test-Test-3] INFO  verifyingDisplaySizeFilterFunctionality_Laptop_20-29-42 - [verifyingDisplaySizeFilterFunctionality_Laptop_20-29-42] Extracting 'name' , 'keyFeatures', 'about' , 'techDetails' within productNameListingPage loop
20:42:17 [TestNG-test-Test-3] INFO  verifyingDisplaySizeFilterFunctionality_Laptop_20-29-42 - [verifyingDisplaySizeFilterFunctionality_Laptop_20-29-42] Waiting until element is visible in viewport
20:42:27 [TestNG-test-Test-3] INFO  verifyingDisplaySizeFilterFunctionality_Laptop_20-29-42 - [verifyingDisplaySizeFilterFunctionality_Laptop_20-29-42] Within smoothScrollToElement method
20:42:27 [TestNG-test-Test-3] INFO  verifyingDisplaySizeFilterFunctionality_Laptop_20-29-42 - [verifyingDisplaySizeFilterFunctionality_Laptop_20-29-42] Within safeFindElement method
20:42:27 [TestNG-test-Test-3] INFO  verifyingDisplaySizeFilterFunctionality_Laptop_20-29-42 - [verifyingDisplaySizeFilterFunctionality_Laptop_20-29-42]Found the element returning it ,element ->[[ChromeDriver: chrome on windows (5f28c669577438246038219e80837668)] -> xpath: //a[@id='seeMoreDetailsLink']]
20:42:27 [TestNG-test-Test-3] INFO  verifyingDisplaySizeFilterFunctionality_Laptop_20-29-42 - [verifyingDisplaySizeFilterFunctionality_Laptop_20-29-42] Successfully scrolled to element: By.xpath: //a[@id='seeMoreDetailsLink']
20:42:27 [TestNG-test-Test-3] INFO  verifyingDisplaySizeFilterFunctionality_Laptop_20-29-42 - [verifyingDisplaySizeFilterFunctionality_Laptop_20-29-42] Within safeClick method
20:42:28 [TestNG-test-Test-3] INFO  verifyingDisplaySizeFilterFunctionality_Laptop_20-29-42 - [verifyingDisplaySizeFilterFunctionality_Laptop_20-29-42] Clicked the  [[ChromeDriver: chrome on windows (5f28c669577438246038219e80837668)] -> xpath: //a[@id='seeMoreDetailsLink']]   using safeClick
20:42:28 [TestNG-test-Test-3] INFO  verifyingDisplaySizeFilterFunctionality_Laptop_20-29-42 - [verifyingDisplaySizeFilterFunctionality_Laptop_20-29-42] Within try block for clicking see more deatils within productNameListingPage loop
20:42:28 [TestNG-test-Test-3] INFO  verifyingDisplaySizeFilterFunctionality_Laptop_20-29-42 - [verifyingDisplaySizeFilterFunctionality_Laptop_20-29-42] Within closeCurrentWindowAndSwitchBack method
20:42:28 [TestNG-test-Test-3] INFO  verifyingDisplaySizeFilterFunctionality_Laptop_20-29-42 - [verifyingDisplaySizeFilterFunctionality_Laptop_20-29-42] Total open windows/tabs count -> 2
20:42:28 [TestNG-test-Test-3] INFO  verifyingDisplaySizeFilterFunctionality_Laptop_20-29-42 - [verifyingDisplaySizeFilterFunctionality_Laptop_20-29-42] Original window handle -> 4FD498FF7C268EAD07E38C1D5D5B2EA7
20:42:28 [TestNG-test-Test-3] INFO  verifyingDisplaySizeFilterFunctionality_Laptop_20-29-42 - [verifyingDisplaySizeFilterFunctionality_Laptop_20-29-42] Found new tab/window handle -> 856F9F09F386FB44CF70BFBFFC27AA1C (will be closed)
20:42:28 [TestNG-test-Test-3] INFO  verifyingDisplaySizeFilterFunctionality_Laptop_20-29-42 - [verifyingDisplaySizeFilterFunctionality_Laptop_20-29-42] Successfully switched to new tab/window -> 856F9F09F386FB44CF70BFBFFC27AA1C
20:42:28 [TestNG-test-Test-3] INFO  verifyingDisplaySizeFilterFunctionality_Laptop_20-29-42 - [verifyingDisplaySizeFilterFunctionality_Laptop_20-29-42] Closed the newly opened tab/window -> 856F9F09F386FB44CF70BFBFFC27AA1C
20:42:28 [TestNG-test-Test-3] INFO  verifyingDisplaySizeFilterFunctionality_Laptop_20-29-42 - [verifyingDisplaySizeFilterFunctionality_Laptop_20-29-42] Switched back to the original window -> 4FD498FF7C268EAD07E38C1D5D5B2EA7
20:42:28 [TestNG-test-Test-3] INFO  verifyingDisplaySizeFilterFunctionality_Laptop_20-29-42 - [verifyingDisplaySizeFilterFunctionality_Laptop_20-29-42]  going back to product listing via closeCurrentWindowAndSwitchBack 
20:42:28 [TestNG-test-Test-3] INFO  verifyingDisplaySizeFilterFunctionality_Laptop_20-29-42 - [verifyingDisplaySizeFilterFunctionality_Laptop_20-29-42]  Added 'filter','title','keyFeatures', 'about', 'techDetails' into the Map -> productResult
20:42:28 [TestNG-test-Test-3] INFO  verifyingDisplaySizeFilterFunctionality_Laptop_20-29-42 - [verifyingDisplaySizeFilterFunctionality_Laptop_20-29-42]  Added 'productResult' Map into the 'results' i.e list of maps 
20:42:28 [TestNG-test-Test-3] INFO  verifyingDisplaySizeFilterFunctionality_Laptop_20-29-42 - [verifyingDisplaySizeFilterFunctionality_Laptop_20-29-42]==========================================================================================================
20:42:28 [TestNG-test-Test-3] INFO  verifyingDisplaySizeFilterFunctionality_Laptop_20-29-42 - [verifyingDisplaySizeFilterFunctionality_Laptop_20-29-42] Within safeFindElements 
20:42:28 [TestNG-test-Test-3] INFO  verifyingDisplaySizeFilterFunctionality_Laptop_20-29-42 - [verifyingDisplaySizeFilterFunctionality_Laptop_20-29-42] Returning the  [[[ChromeDriver: chrome on windows (5f28c669577438246038219e80837668)] -> xpath: //div[@data-cy='title-recipe']], [[ChromeDriver: chrome on windows (5f28c669577438246038219e80837668)] -> xpath: //div[@data-cy='title-recipe']], [[ChromeDriver: chrome on windows (5f28c669577438246038219e80837668)] -> xpath: //div[@data-cy='title-recipe']], [[ChromeDriver: chrome on windows (5f28c669577438246038219e80837668)] -> xpath: //div[@data-cy='title-recipe']], [[ChromeDriver: chrome on windows (5f28c669577438246038219e80837668)] -> xpath: //div[@data-cy='title-recipe']], [[ChromeDriver: chrome on windows (5f28c669577438246038219e80837668)] -> xpath: //div[@data-cy='title-recipe']], [[ChromeDriver: chrome on windows (5f28c669577438246038219e80837668)] -> xpath: //div[@data-cy='title-recipe']], [[ChromeDriver: chrome on windows (5f28c669577438246038219e80837668)] -> xpath: //div[@data-cy='title-recipe']], [[ChromeDriver: chrome on windows (5f28c669577438246038219e80837668)] -> xpath: //div[@data-cy='title-recipe']], [[ChromeDriver: chrome on windows (5f28c669577438246038219e80837668)] -> xpath: //div[@data-cy='title-recipe']], [[ChromeDriver: chrome on windows (5f28c669577438246038219e80837668)] -> xpath: //div[@data-cy='title-recipe']], [[ChromeDriver: chrome on windows (5f28c669577438246038219e80837668)] -> xpath: //div[@data-cy='title-recipe']], [[ChromeDriver: chrome on windows (5f28c669577438246038219e80837668)] -> xpath: //div[@data-cy='title-recipe']], [[ChromeDriver: chrome on windows (5f28c669577438246038219e80837668)] -> xpath: //div[@data-cy='title-recipe']], [[ChromeDriver: chrome on windows (5f28c669577438246038219e80837668)] -> xpath: //div[@data-cy='title-recipe']], [[ChromeDriver: chrome on windows (5f28c669577438246038219e80837668)] -> xpath: //div[@data-cy='title-recipe']]] from the safeFindElements method
20:42:28 [TestNG-test-Test-3] INFO  verifyingDisplaySizeFilterFunctionality_Laptop_20-29-42 - [verifyingDisplaySizeFilterFunctionality_Laptop_20-29-42] Within productNameListingPage loop in applyFilterAndValidateProductsWithResult
20:42:28 [TestNG-test-Test-3] INFO  verifyingDisplaySizeFilterFunctionality_Laptop_20-29-42 - [verifyingDisplaySizeFilterFunctionality_Laptop_20-29-42] Within getProductByIndex method
20:42:28 [TestNG-test-Test-3] INFO  verifyingDisplaySizeFilterFunctionality_Laptop_20-29-42 - [verifyingDisplaySizeFilterFunctionality_Laptop_20-29-42] Within safeFindElement method
20:42:28 [TestNG-test-Test-3] INFO  verifyingDisplaySizeFilterFunctionality_Laptop_20-29-42 - [verifyingDisplaySizeFilterFunctionality_Laptop_20-29-42]Found the element returning it ,element ->[[ChromeDriver: chrome on windows (5f28c669577438246038219e80837668)] -> xpath: (//div[@data-cy='title-recipe'])[11]]
20:42:28 [TestNG-test-Test-3] INFO  verifyingDisplaySizeFilterFunctionality_Laptop_20-29-42 - [verifyingDisplaySizeFilterFunctionality_Laptop_20-29-42] Within getProductByIndex method
20:42:28 [TestNG-test-Test-3] INFO  verifyingDisplaySizeFilterFunctionality_Laptop_20-29-42 - [verifyingDisplaySizeFilterFunctionality_Laptop_20-29-42] Within smoothScrollToElement method
20:42:28 [TestNG-test-Test-3] INFO  verifyingDisplaySizeFilterFunctionality_Laptop_20-29-42 - [verifyingDisplaySizeFilterFunctionality_Laptop_20-29-42] Within safeFindElement method
20:42:28 [TestNG-test-Test-3] INFO  verifyingDisplaySizeFilterFunctionality_Laptop_20-29-42 - [verifyingDisplaySizeFilterFunctionality_Laptop_20-29-42]Found the element returning it ,element ->[[ChromeDriver: chrome on windows (5f28c669577438246038219e80837668)] -> xpath: (//div[@data-cy='title-recipe'])[11]]
20:42:28 [TestNG-test-Test-3] INFO  verifyingDisplaySizeFilterFunctionality_Laptop_20-29-42 - [verifyingDisplaySizeFilterFunctionality_Laptop_20-29-42] Successfully scrolled to element: By.xpath: (//div[@data-cy='title-recipe'])[11]
20:42:28 [TestNG-test-Test-3] INFO  verifyingDisplaySizeFilterFunctionality_Laptop_20-29-42 - [verifyingDisplaySizeFilterFunctionality_Laptop_20-29-42] Getting product by index in productNameListingPage loop
20:42:29 [TestNG-test-Test-3] INFO  verifyingDisplaySizeFilterFunctionality_Laptop_20-29-42 - [verifyingDisplaySizeFilterFunctionality_Laptop_20-29-42] Opened product in new tab via Ctrl+Click inside productNameListingPage loop
20:42:29 [TestNG-test-Test-3] INFO  verifyingDisplaySizeFilterFunctionality_Laptop_20-29-42 - [verifyingDisplaySizeFilterFunctionality_Laptop_20-29-42] Waiting for new window to open...
20:42:29 [TestNG-test-Test-3] INFO  verifyingDisplaySizeFilterFunctionality_Laptop_20-29-42 - [verifyingDisplaySizeFilterFunctionality_Laptop_20-29-42] Switched to new window -> CA981BAE2AA739B32CF509505E7D499D
20:42:29 [TestNG-test-Test-3] INFO  verifyingDisplaySizeFilterFunctionality_Laptop_20-29-42 - [verifyingDisplaySizeFilterFunctionality_Laptop_20-29-42] Swithcing to the new window  within productNameListingPage loop
20:42:29 [TestNG-test-Test-3] INFO  verifyingDisplaySizeFilterFunctionality_Laptop_20-29-42 - [verifyingDisplaySizeFilterFunctionality_Laptop_20-29-42] Clicked product name to open in new tab from productNameListingPage loop
20:42:29 [TestNG-test-Test-3] INFO  verifyingDisplaySizeFilterFunctionality_Laptop_20-29-42 - [verifyingDisplaySizeFilterFunctionality_Laptop_20-29-42] Within safeFindElement method
20:42:31 [TestNG-test-Test-3] INFO  verifyingDisplaySizeFilterFunctionality_Laptop_20-29-42 - [verifyingDisplaySizeFilterFunctionality_Laptop_20-29-42]Found the element returning it ,element ->[[ChromeDriver: chrome on windows (5f28c669577438246038219e80837668)] -> xpath: //span[@id='productTitle']]
20:42:31 [TestNG-test-Test-3] INFO  verifyingDisplaySizeFilterFunctionality_Laptop_20-29-42 - [verifyingDisplaySizeFilterFunctionality_Laptop_20-29-42] Within safeFindElement method
20:42:31 [TestNG-test-Test-3] INFO  verifyingDisplaySizeFilterFunctionality_Laptop_20-29-42 - [verifyingDisplaySizeFilterFunctionality_Laptop_20-29-42]Found the element returning it ,element ->[[ChromeDriver: chrome on windows (5f28c669577438246038219e80837668)] -> xpath: //div[@class='a-section a-spacing-small a-spacing-top-small']]
20:42:31 [TestNG-test-Test-3] INFO  verifyingDisplaySizeFilterFunctionality_Laptop_20-29-42 - [verifyingDisplaySizeFilterFunctionality_Laptop_20-29-42] Within safeFindElement method
20:42:31 [TestNG-test-Test-3] INFO  verifyingDisplaySizeFilterFunctionality_Laptop_20-29-42 - [verifyingDisplaySizeFilterFunctionality_Laptop_20-29-42]Found the element returning it ,element ->[[ChromeDriver: chrome on windows (5f28c669577438246038219e80837668)] -> xpath: //div[@id='feature-bullets']]
20:42:31 [TestNG-test-Test-3] INFO  verifyingDisplaySizeFilterFunctionality_Laptop_20-29-42 - [verifyingDisplaySizeFilterFunctionality_Laptop_20-29-42] Within safeFindElement method
20:42:32 [TestNG-test-Test-3] INFO  verifyingDisplaySizeFilterFunctionality_Laptop_20-29-42 - [verifyingDisplaySizeFilterFunctionality_Laptop_20-29-42]Found the element returning it ,element ->[[ChromeDriver: chrome on windows (5f28c669577438246038219e80837668)] -> xpath: //div[@id='prodDetails']]
20:42:32 [TestNG-test-Test-3] INFO  verifyingDisplaySizeFilterFunctionality_Laptop_20-29-42 - [verifyingDisplaySizeFilterFunctionality_Laptop_20-29-42] Extracting 'name' , 'keyFeatures', 'about' , 'techDetails' within productNameListingPage loop
20:42:32 [TestNG-test-Test-3] INFO  verifyingDisplaySizeFilterFunctionality_Laptop_20-29-42 - [verifyingDisplaySizeFilterFunctionality_Laptop_20-29-42] Waiting until element is visible in viewport
20:42:42 [TestNG-test-Test-3] INFO  verifyingDisplaySizeFilterFunctionality_Laptop_20-29-42 - [verifyingDisplaySizeFilterFunctionality_Laptop_20-29-42] Within smoothScrollToElement method
20:42:42 [TestNG-test-Test-3] INFO  verifyingDisplaySizeFilterFunctionality_Laptop_20-29-42 - [verifyingDisplaySizeFilterFunctionality_Laptop_20-29-42] Within safeFindElement method
20:42:42 [TestNG-test-Test-3] INFO  verifyingDisplaySizeFilterFunctionality_Laptop_20-29-42 - [verifyingDisplaySizeFilterFunctionality_Laptop_20-29-42]Found the element returning it ,element ->[[ChromeDriver: chrome on windows (5f28c669577438246038219e80837668)] -> xpath: //a[@id='seeMoreDetailsLink']]
20:42:42 [TestNG-test-Test-3] INFO  verifyingDisplaySizeFilterFunctionality_Laptop_20-29-42 - [verifyingDisplaySizeFilterFunctionality_Laptop_20-29-42] Successfully scrolled to element: By.xpath: //a[@id='seeMoreDetailsLink']
20:42:42 [TestNG-test-Test-3] INFO  verifyingDisplaySizeFilterFunctionality_Laptop_20-29-42 - [verifyingDisplaySizeFilterFunctionality_Laptop_20-29-42] Within safeClick method
20:42:44 [TestNG-test-Test-3] INFO  verifyingDisplaySizeFilterFunctionality_Laptop_20-29-42 - [verifyingDisplaySizeFilterFunctionality_Laptop_20-29-42] Clicked the  [[ChromeDriver: chrome on windows (5f28c669577438246038219e80837668)] -> xpath: //a[@id='seeMoreDetailsLink']]   using safeClick
20:42:44 [TestNG-test-Test-3] INFO  verifyingDisplaySizeFilterFunctionality_Laptop_20-29-42 - [verifyingDisplaySizeFilterFunctionality_Laptop_20-29-42] Within try block for clicking see more deatils within productNameListingPage loop
20:42:44 [TestNG-test-Test-3] INFO  verifyingDisplaySizeFilterFunctionality_Laptop_20-29-42 - [verifyingDisplaySizeFilterFunctionality_Laptop_20-29-42] Within closeCurrentWindowAndSwitchBack method
20:42:44 [TestNG-test-Test-3] INFO  verifyingDisplaySizeFilterFunctionality_Laptop_20-29-42 - [verifyingDisplaySizeFilterFunctionality_Laptop_20-29-42] Total open windows/tabs count -> 2
20:42:44 [TestNG-test-Test-3] INFO  verifyingDisplaySizeFilterFunctionality_Laptop_20-29-42 - [verifyingDisplaySizeFilterFunctionality_Laptop_20-29-42] Original window handle -> 4FD498FF7C268EAD07E38C1D5D5B2EA7
20:42:44 [TestNG-test-Test-3] INFO  verifyingDisplaySizeFilterFunctionality_Laptop_20-29-42 - [verifyingDisplaySizeFilterFunctionality_Laptop_20-29-42] Found new tab/window handle -> CA981BAE2AA739B32CF509505E7D499D (will be closed)
20:42:44 [TestNG-test-Test-3] INFO  verifyingDisplaySizeFilterFunctionality_Laptop_20-29-42 - [verifyingDisplaySizeFilterFunctionality_Laptop_20-29-42] Successfully switched to new tab/window -> CA981BAE2AA739B32CF509505E7D499D
20:42:44 [TestNG-test-Test-3] INFO  verifyingDisplaySizeFilterFunctionality_Laptop_20-29-42 - [verifyingDisplaySizeFilterFunctionality_Laptop_20-29-42] Closed the newly opened tab/window -> CA981BAE2AA739B32CF509505E7D499D
20:42:44 [TestNG-test-Test-3] INFO  verifyingDisplaySizeFilterFunctionality_Laptop_20-29-42 - [verifyingDisplaySizeFilterFunctionality_Laptop_20-29-42] Switched back to the original window -> 4FD498FF7C268EAD07E38C1D5D5B2EA7
20:42:44 [TestNG-test-Test-3] INFO  verifyingDisplaySizeFilterFunctionality_Laptop_20-29-42 - [verifyingDisplaySizeFilterFunctionality_Laptop_20-29-42]  going back to product listing via closeCurrentWindowAndSwitchBack 
20:42:44 [TestNG-test-Test-3] INFO  verifyingDisplaySizeFilterFunctionality_Laptop_20-29-42 - [verifyingDisplaySizeFilterFunctionality_Laptop_20-29-42]  Added 'filter','title','keyFeatures', 'about', 'techDetails' into the Map -> productResult
20:42:44 [TestNG-test-Test-3] INFO  verifyingDisplaySizeFilterFunctionality_Laptop_20-29-42 - [verifyingDisplaySizeFilterFunctionality_Laptop_20-29-42]  Added 'productResult' Map into the 'results' i.e list of maps 
20:42:44 [TestNG-test-Test-3] INFO  verifyingDisplaySizeFilterFunctionality_Laptop_20-29-42 - [verifyingDisplaySizeFilterFunctionality_Laptop_20-29-42]==========================================================================================================
20:42:44 [TestNG-test-Test-3] INFO  verifyingDisplaySizeFilterFunctionality_Laptop_20-29-42 - [verifyingDisplaySizeFilterFunctionality_Laptop_20-29-42] Within safeFindElements 
20:42:44 [TestNG-test-Test-3] INFO  verifyingDisplaySizeFilterFunctionality_Laptop_20-29-42 - [verifyingDisplaySizeFilterFunctionality_Laptop_20-29-42] Returning the  [[[ChromeDriver: chrome on windows (5f28c669577438246038219e80837668)] -> xpath: //div[@data-cy='title-recipe']], [[ChromeDriver: chrome on windows (5f28c669577438246038219e80837668)] -> xpath: //div[@data-cy='title-recipe']], [[ChromeDriver: chrome on windows (5f28c669577438246038219e80837668)] -> xpath: //div[@data-cy='title-recipe']], [[ChromeDriver: chrome on windows (5f28c669577438246038219e80837668)] -> xpath: //div[@data-cy='title-recipe']], [[ChromeDriver: chrome on windows (5f28c669577438246038219e80837668)] -> xpath: //div[@data-cy='title-recipe']], [[ChromeDriver: chrome on windows (5f28c669577438246038219e80837668)] -> xpath: //div[@data-cy='title-recipe']], [[ChromeDriver: chrome on windows (5f28c669577438246038219e80837668)] -> xpath: //div[@data-cy='title-recipe']], [[ChromeDriver: chrome on windows (5f28c669577438246038219e80837668)] -> xpath: //div[@data-cy='title-recipe']], [[ChromeDriver: chrome on windows (5f28c669577438246038219e80837668)] -> xpath: //div[@data-cy='title-recipe']], [[ChromeDriver: chrome on windows (5f28c669577438246038219e80837668)] -> xpath: //div[@data-cy='title-recipe']], [[ChromeDriver: chrome on windows (5f28c669577438246038219e80837668)] -> xpath: //div[@data-cy='title-recipe']], [[ChromeDriver: chrome on windows (5f28c669577438246038219e80837668)] -> xpath: //div[@data-cy='title-recipe']], [[ChromeDriver: chrome on windows (5f28c669577438246038219e80837668)] -> xpath: //div[@data-cy='title-recipe']], [[ChromeDriver: chrome on windows (5f28c669577438246038219e80837668)] -> xpath: //div[@data-cy='title-recipe']], [[ChromeDriver: chrome on windows (5f28c669577438246038219e80837668)] -> xpath: //div[@data-cy='title-recipe']], [[ChromeDriver: chrome on windows (5f28c669577438246038219e80837668)] -> xpath: //div[@data-cy='title-recipe']]] from the safeFindElements method
20:42:44 [TestNG-test-Test-3] INFO  verifyingDisplaySizeFilterFunctionality_Laptop_20-29-42 - [verifyingDisplaySizeFilterFunctionality_Laptop_20-29-42] Within productNameListingPage loop in applyFilterAndValidateProductsWithResult
20:42:44 [TestNG-test-Test-3] INFO  verifyingDisplaySizeFilterFunctionality_Laptop_20-29-42 - [verifyingDisplaySizeFilterFunctionality_Laptop_20-29-42] Within getProductByIndex method
20:42:44 [TestNG-test-Test-3] INFO  verifyingDisplaySizeFilterFunctionality_Laptop_20-29-42 - [verifyingDisplaySizeFilterFunctionality_Laptop_20-29-42] Within safeFindElement method
20:42:44 [TestNG-test-Test-3] INFO  verifyingDisplaySizeFilterFunctionality_Laptop_20-29-42 - [verifyingDisplaySizeFilterFunctionality_Laptop_20-29-42]Found the element returning it ,element ->[[ChromeDriver: chrome on windows (5f28c669577438246038219e80837668)] -> xpath: (//div[@data-cy='title-recipe'])[12]]
20:42:44 [TestNG-test-Test-3] INFO  verifyingDisplaySizeFilterFunctionality_Laptop_20-29-42 - [verifyingDisplaySizeFilterFunctionality_Laptop_20-29-42] Within getProductByIndex method
20:42:44 [TestNG-test-Test-3] INFO  verifyingDisplaySizeFilterFunctionality_Laptop_20-29-42 - [verifyingDisplaySizeFilterFunctionality_Laptop_20-29-42] Within smoothScrollToElement method
20:42:44 [TestNG-test-Test-3] INFO  verifyingDisplaySizeFilterFunctionality_Laptop_20-29-42 - [verifyingDisplaySizeFilterFunctionality_Laptop_20-29-42] Within safeFindElement method
20:42:44 [TestNG-test-Test-3] INFO  verifyingDisplaySizeFilterFunctionality_Laptop_20-29-42 - [verifyingDisplaySizeFilterFunctionality_Laptop_20-29-42]Found the element returning it ,element ->[[ChromeDriver: chrome on windows (5f28c669577438246038219e80837668)] -> xpath: (//div[@data-cy='title-recipe'])[12]]
20:42:44 [TestNG-test-Test-3] INFO  verifyingDisplaySizeFilterFunctionality_Laptop_20-29-42 - [verifyingDisplaySizeFilterFunctionality_Laptop_20-29-42] Successfully scrolled to element: By.xpath: (//div[@data-cy='title-recipe'])[12]
20:42:44 [TestNG-test-Test-3] INFO  verifyingDisplaySizeFilterFunctionality_Laptop_20-29-42 - [verifyingDisplaySizeFilterFunctionality_Laptop_20-29-42] Getting product by index in productNameListingPage loop
20:42:44 [TestNG-test-Test-3] INFO  verifyingDisplaySizeFilterFunctionality_Laptop_20-29-42 - [verifyingDisplaySizeFilterFunctionality_Laptop_20-29-42] Opened product in new tab via Ctrl+Click inside productNameListingPage loop
20:42:44 [TestNG-test-Test-3] INFO  verifyingDisplaySizeFilterFunctionality_Laptop_20-29-42 - [verifyingDisplaySizeFilterFunctionality_Laptop_20-29-42] Waiting for new window to open...
20:42:44 [TestNG-test-Test-3] INFO  verifyingDisplaySizeFilterFunctionality_Laptop_20-29-42 - [verifyingDisplaySizeFilterFunctionality_Laptop_20-29-42] Switched to new window -> DC112A8F05172A8BFFDB63E7C01E4774
20:42:44 [TestNG-test-Test-3] INFO  verifyingDisplaySizeFilterFunctionality_Laptop_20-29-42 - [verifyingDisplaySizeFilterFunctionality_Laptop_20-29-42] Swithcing to the new window  within productNameListingPage loop
20:42:44 [TestNG-test-Test-3] INFO  verifyingDisplaySizeFilterFunctionality_Laptop_20-29-42 - [verifyingDisplaySizeFilterFunctionality_Laptop_20-29-42] Clicked product name to open in new tab from productNameListingPage loop
20:42:44 [TestNG-test-Test-3] INFO  verifyingDisplaySizeFilterFunctionality_Laptop_20-29-42 - [verifyingDisplaySizeFilterFunctionality_Laptop_20-29-42] Within safeFindElement method
20:42:48 [TestNG-test-Test-3] INFO  verifyingDisplaySizeFilterFunctionality_Laptop_20-29-42 - [verifyingDisplaySizeFilterFunctionality_Laptop_20-29-42]Found the element returning it ,element ->[[ChromeDriver: chrome on windows (5f28c669577438246038219e80837668)] -> xpath: //span[@id='productTitle']]
20:42:48 [TestNG-test-Test-3] INFO  verifyingDisplaySizeFilterFunctionality_Laptop_20-29-42 - [verifyingDisplaySizeFilterFunctionality_Laptop_20-29-42] Within safeFindElement method
20:42:48 [TestNG-test-Test-3] INFO  verifyingDisplaySizeFilterFunctionality_Laptop_20-29-42 - [verifyingDisplaySizeFilterFunctionality_Laptop_20-29-42]Found the element returning it ,element ->[[ChromeDriver: chrome on windows (5f28c669577438246038219e80837668)] -> xpath: //div[@class='a-section a-spacing-small a-spacing-top-small']]
20:42:48 [TestNG-test-Test-3] INFO  verifyingDisplaySizeFilterFunctionality_Laptop_20-29-42 - [verifyingDisplaySizeFilterFunctionality_Laptop_20-29-42] Within safeFindElement method
20:42:48 [TestNG-test-Test-3] INFO  verifyingDisplaySizeFilterFunctionality_Laptop_20-29-42 - [verifyingDisplaySizeFilterFunctionality_Laptop_20-29-42]Found the element returning it ,element ->[[ChromeDriver: chrome on windows (5f28c669577438246038219e80837668)] -> xpath: //div[@id='feature-bullets']]
20:42:48 [TestNG-test-Test-3] INFO  verifyingDisplaySizeFilterFunctionality_Laptop_20-29-42 - [verifyingDisplaySizeFilterFunctionality_Laptop_20-29-42] Within safeFindElement method
20:42:49 [TestNG-test-Test-3] INFO  verifyingDisplaySizeFilterFunctionality_Laptop_20-29-42 - [verifyingDisplaySizeFilterFunctionality_Laptop_20-29-42]Found the element returning it ,element ->[[ChromeDriver: chrome on windows (5f28c669577438246038219e80837668)] -> xpath: //div[@id='prodDetails']]
20:42:49 [TestNG-test-Test-3] INFO  verifyingDisplaySizeFilterFunctionality_Laptop_20-29-42 - [verifyingDisplaySizeFilterFunctionality_Laptop_20-29-42] Extracting 'name' , 'keyFeatures', 'about' , 'techDetails' within productNameListingPage loop
20:42:49 [TestNG-test-Test-3] INFO  verifyingDisplaySizeFilterFunctionality_Laptop_20-29-42 - [verifyingDisplaySizeFilterFunctionality_Laptop_20-29-42] Waiting until element is visible in viewport
20:42:59 [TestNG-test-Test-3] INFO  verifyingDisplaySizeFilterFunctionality_Laptop_20-29-42 - [verifyingDisplaySizeFilterFunctionality_Laptop_20-29-42] Within smoothScrollToElement method
20:42:59 [TestNG-test-Test-3] INFO  verifyingDisplaySizeFilterFunctionality_Laptop_20-29-42 - [verifyingDisplaySizeFilterFunctionality_Laptop_20-29-42] Within safeFindElement method
20:43:00 [TestNG-test-Test-3] INFO  verifyingDisplaySizeFilterFunctionality_Laptop_20-29-42 - [verifyingDisplaySizeFilterFunctionality_Laptop_20-29-42]Found the element returning it ,element ->[[ChromeDriver: chrome on windows (5f28c669577438246038219e80837668)] -> xpath: //a[@id='seeMoreDetailsLink']]
20:43:00 [TestNG-test-Test-3] INFO  verifyingDisplaySizeFilterFunctionality_Laptop_20-29-42 - [verifyingDisplaySizeFilterFunctionality_Laptop_20-29-42] Successfully scrolled to element: By.xpath: //a[@id='seeMoreDetailsLink']
20:43:00 [TestNG-test-Test-3] INFO  verifyingDisplaySizeFilterFunctionality_Laptop_20-29-42 - [verifyingDisplaySizeFilterFunctionality_Laptop_20-29-42] Within safeClick method
20:43:01 [TestNG-test-Test-3] INFO  verifyingDisplaySizeFilterFunctionality_Laptop_20-29-42 - [verifyingDisplaySizeFilterFunctionality_Laptop_20-29-42] Clicked the  [[ChromeDriver: chrome on windows (5f28c669577438246038219e80837668)] -> xpath: //a[@id='seeMoreDetailsLink']]   using safeClick
20:43:01 [TestNG-test-Test-3] INFO  verifyingDisplaySizeFilterFunctionality_Laptop_20-29-42 - [verifyingDisplaySizeFilterFunctionality_Laptop_20-29-42] Within try block for clicking see more deatils within productNameListingPage loop
20:43:01 [TestNG-test-Test-3] INFO  verifyingDisplaySizeFilterFunctionality_Laptop_20-29-42 - [verifyingDisplaySizeFilterFunctionality_Laptop_20-29-42] Within closeCurrentWindowAndSwitchBack method
20:43:01 [TestNG-test-Test-3] INFO  verifyingDisplaySizeFilterFunctionality_Laptop_20-29-42 - [verifyingDisplaySizeFilterFunctionality_Laptop_20-29-42] Total open windows/tabs count -> 2
20:43:01 [TestNG-test-Test-3] INFO  verifyingDisplaySizeFilterFunctionality_Laptop_20-29-42 - [verifyingDisplaySizeFilterFunctionality_Laptop_20-29-42] Original window handle -> 4FD498FF7C268EAD07E38C1D5D5B2EA7
20:43:01 [TestNG-test-Test-3] INFO  verifyingDisplaySizeFilterFunctionality_Laptop_20-29-42 - [verifyingDisplaySizeFilterFunctionality_Laptop_20-29-42] Found new tab/window handle -> DC112A8F05172A8BFFDB63E7C01E4774 (will be closed)
20:43:02 [TestNG-test-Test-3] INFO  verifyingDisplaySizeFilterFunctionality_Laptop_20-29-42 - [verifyingDisplaySizeFilterFunctionality_Laptop_20-29-42] Successfully switched to new tab/window -> DC112A8F05172A8BFFDB63E7C01E4774
20:43:02 [TestNG-test-Test-3] INFO  verifyingDisplaySizeFilterFunctionality_Laptop_20-29-42 - [verifyingDisplaySizeFilterFunctionality_Laptop_20-29-42] Closed the newly opened tab/window -> DC112A8F05172A8BFFDB63E7C01E4774
20:43:02 [TestNG-test-Test-3] INFO  verifyingDisplaySizeFilterFunctionality_Laptop_20-29-42 - [verifyingDisplaySizeFilterFunctionality_Laptop_20-29-42] Switched back to the original window -> 4FD498FF7C268EAD07E38C1D5D5B2EA7
20:43:02 [TestNG-test-Test-3] INFO  verifyingDisplaySizeFilterFunctionality_Laptop_20-29-42 - [verifyingDisplaySizeFilterFunctionality_Laptop_20-29-42]  going back to product listing via closeCurrentWindowAndSwitchBack 
20:43:02 [TestNG-test-Test-3] INFO  verifyingDisplaySizeFilterFunctionality_Laptop_20-29-42 - [verifyingDisplaySizeFilterFunctionality_Laptop_20-29-42]  Added 'filter','title','keyFeatures', 'about', 'techDetails' into the Map -> productResult
20:43:02 [TestNG-test-Test-3] INFO  verifyingDisplaySizeFilterFunctionality_Laptop_20-29-42 - [verifyingDisplaySizeFilterFunctionality_Laptop_20-29-42]  Added 'productResult' Map into the 'results' i.e list of maps 
20:43:02 [TestNG-test-Test-3] INFO  verifyingDisplaySizeFilterFunctionality_Laptop_20-29-42 - [verifyingDisplaySizeFilterFunctionality_Laptop_20-29-42]==========================================================================================================
20:43:02 [TestNG-test-Test-3] INFO  verifyingDisplaySizeFilterFunctionality_Laptop_20-29-42 - [verifyingDisplaySizeFilterFunctionality_Laptop_20-29-42] Within safeFindElements 
20:43:02 [TestNG-test-Test-3] INFO  verifyingDisplaySizeFilterFunctionality_Laptop_20-29-42 - [verifyingDisplaySizeFilterFunctionality_Laptop_20-29-42] Returning the  [[[ChromeDriver: chrome on windows (5f28c669577438246038219e80837668)] -> xpath: //div[@data-cy='title-recipe']], [[ChromeDriver: chrome on windows (5f28c669577438246038219e80837668)] -> xpath: //div[@data-cy='title-recipe']], [[ChromeDriver: chrome on windows (5f28c669577438246038219e80837668)] -> xpath: //div[@data-cy='title-recipe']], [[ChromeDriver: chrome on windows (5f28c669577438246038219e80837668)] -> xpath: //div[@data-cy='title-recipe']], [[ChromeDriver: chrome on windows (5f28c669577438246038219e80837668)] -> xpath: //div[@data-cy='title-recipe']], [[ChromeDriver: chrome on windows (5f28c669577438246038219e80837668)] -> xpath: //div[@data-cy='title-recipe']], [[ChromeDriver: chrome on windows (5f28c669577438246038219e80837668)] -> xpath: //div[@data-cy='title-recipe']], [[ChromeDriver: chrome on windows (5f28c669577438246038219e80837668)] -> xpath: //div[@data-cy='title-recipe']], [[ChromeDriver: chrome on windows (5f28c669577438246038219e80837668)] -> xpath: //div[@data-cy='title-recipe']], [[ChromeDriver: chrome on windows (5f28c669577438246038219e80837668)] -> xpath: //div[@data-cy='title-recipe']], [[ChromeDriver: chrome on windows (5f28c669577438246038219e80837668)] -> xpath: //div[@data-cy='title-recipe']], [[ChromeDriver: chrome on windows (5f28c669577438246038219e80837668)] -> xpath: //div[@data-cy='title-recipe']], [[ChromeDriver: chrome on windows (5f28c669577438246038219e80837668)] -> xpath: //div[@data-cy='title-recipe']], [[ChromeDriver: chrome on windows (5f28c669577438246038219e80837668)] -> xpath: //div[@data-cy='title-recipe']], [[ChromeDriver: chrome on windows (5f28c669577438246038219e80837668)] -> xpath: //div[@data-cy='title-recipe']], [[ChromeDriver: chrome on windows (5f28c669577438246038219e80837668)] -> xpath: //div[@data-cy='title-recipe']]] from the safeFindElements method
20:43:02 [TestNG-test-Test-3] INFO  verifyingDisplaySizeFilterFunctionality_Laptop_20-29-42 - [verifyingDisplaySizeFilterFunctionality_Laptop_20-29-42] Within productNameListingPage loop in applyFilterAndValidateProductsWithResult
20:43:02 [TestNG-test-Test-3] INFO  verifyingDisplaySizeFilterFunctionality_Laptop_20-29-42 - [verifyingDisplaySizeFilterFunctionality_Laptop_20-29-42] Within getProductByIndex method
20:43:02 [TestNG-test-Test-3] INFO  verifyingDisplaySizeFilterFunctionality_Laptop_20-29-42 - [verifyingDisplaySizeFilterFunctionality_Laptop_20-29-42] Within safeFindElement method
20:43:02 [TestNG-test-Test-3] INFO  verifyingDisplaySizeFilterFunctionality_Laptop_20-29-42 - [verifyingDisplaySizeFilterFunctionality_Laptop_20-29-42]Found the element returning it ,element ->[[ChromeDriver: chrome on windows (5f28c669577438246038219e80837668)] -> xpath: (//div[@data-cy='title-recipe'])[13]]
20:43:02 [TestNG-test-Test-3] INFO  verifyingDisplaySizeFilterFunctionality_Laptop_20-29-42 - [verifyingDisplaySizeFilterFunctionality_Laptop_20-29-42] Within getProductByIndex method
20:43:02 [TestNG-test-Test-3] INFO  verifyingDisplaySizeFilterFunctionality_Laptop_20-29-42 - [verifyingDisplaySizeFilterFunctionality_Laptop_20-29-42] Within smoothScrollToElement method
20:43:02 [TestNG-test-Test-3] INFO  verifyingDisplaySizeFilterFunctionality_Laptop_20-29-42 - [verifyingDisplaySizeFilterFunctionality_Laptop_20-29-42] Within safeFindElement method
20:43:02 [TestNG-test-Test-3] INFO  verifyingDisplaySizeFilterFunctionality_Laptop_20-29-42 - [verifyingDisplaySizeFilterFunctionality_Laptop_20-29-42]Found the element returning it ,element ->[[ChromeDriver: chrome on windows (5f28c669577438246038219e80837668)] -> xpath: (//div[@data-cy='title-recipe'])[13]]
20:43:02 [TestNG-test-Test-3] INFO  verifyingDisplaySizeFilterFunctionality_Laptop_20-29-42 - [verifyingDisplaySizeFilterFunctionality_Laptop_20-29-42] Successfully scrolled to element: By.xpath: (//div[@data-cy='title-recipe'])[13]
20:43:02 [TestNG-test-Test-3] INFO  verifyingDisplaySizeFilterFunctionality_Laptop_20-29-42 - [verifyingDisplaySizeFilterFunctionality_Laptop_20-29-42] Getting product by index in productNameListingPage loop
20:43:03 [TestNG-test-Test-3] INFO  verifyingDisplaySizeFilterFunctionality_Laptop_20-29-42 - [verifyingDisplaySizeFilterFunctionality_Laptop_20-29-42] Opened product in new tab via Ctrl+Click inside productNameListingPage loop
20:43:03 [TestNG-test-Test-3] INFO  verifyingDisplaySizeFilterFunctionality_Laptop_20-29-42 - [verifyingDisplaySizeFilterFunctionality_Laptop_20-29-42] Waiting for new window to open...
20:43:03 [TestNG-test-Test-3] INFO  verifyingDisplaySizeFilterFunctionality_Laptop_20-29-42 - [verifyingDisplaySizeFilterFunctionality_Laptop_20-29-42] Switched to new window -> 8762FDA995F77F85B1ABC2D3A7A06148
20:43:03 [TestNG-test-Test-3] INFO  verifyingDisplaySizeFilterFunctionality_Laptop_20-29-42 - [verifyingDisplaySizeFilterFunctionality_Laptop_20-29-42] Swithcing to the new window  within productNameListingPage loop
20:43:03 [TestNG-test-Test-3] INFO  verifyingDisplaySizeFilterFunctionality_Laptop_20-29-42 - [verifyingDisplaySizeFilterFunctionality_Laptop_20-29-42] Clicked product name to open in new tab from productNameListingPage loop
20:43:03 [TestNG-test-Test-3] INFO  verifyingDisplaySizeFilterFunctionality_Laptop_20-29-42 - [verifyingDisplaySizeFilterFunctionality_Laptop_20-29-42] Within safeFindElement method
20:43:05 [TestNG-test-Test-3] INFO  verifyingDisplaySizeFilterFunctionality_Laptop_20-29-42 - [verifyingDisplaySizeFilterFunctionality_Laptop_20-29-42]Found the element returning it ,element ->[[ChromeDriver: chrome on windows (5f28c669577438246038219e80837668)] -> xpath: //span[@id='productTitle']]
20:43:05 [TestNG-test-Test-3] INFO  verifyingDisplaySizeFilterFunctionality_Laptop_20-29-42 - [verifyingDisplaySizeFilterFunctionality_Laptop_20-29-42] Within safeFindElement method
20:43:06 [TestNG-test-Test-3] INFO  verifyingDisplaySizeFilterFunctionality_Laptop_20-29-42 - [verifyingDisplaySizeFilterFunctionality_Laptop_20-29-42]Found the element returning it ,element ->[[ChromeDriver: chrome on windows (5f28c669577438246038219e80837668)] -> xpath: //div[@class='a-section a-spacing-small a-spacing-top-small']]
20:43:06 [TestNG-test-Test-3] INFO  verifyingDisplaySizeFilterFunctionality_Laptop_20-29-42 - [verifyingDisplaySizeFilterFunctionality_Laptop_20-29-42] Within safeFindElement method
20:43:06 [TestNG-test-Test-3] INFO  verifyingDisplaySizeFilterFunctionality_Laptop_20-29-42 - [verifyingDisplaySizeFilterFunctionality_Laptop_20-29-42]Found the element returning it ,element ->[[ChromeDriver: chrome on windows (5f28c669577438246038219e80837668)] -> xpath: //div[@id='feature-bullets']]
20:43:06 [TestNG-test-Test-3] INFO  verifyingDisplaySizeFilterFunctionality_Laptop_20-29-42 - [verifyingDisplaySizeFilterFunctionality_Laptop_20-29-42] Within safeFindElement method
20:43:06 [TestNG-test-Test-3] INFO  verifyingDisplaySizeFilterFunctionality_Laptop_20-29-42 - [verifyingDisplaySizeFilterFunctionality_Laptop_20-29-42]Found the element returning it ,element ->[[ChromeDriver: chrome on windows (5f28c669577438246038219e80837668)] -> xpath: //div[@id='prodDetails']]
20:43:06 [TestNG-test-Test-3] INFO  verifyingDisplaySizeFilterFunctionality_Laptop_20-29-42 - [verifyingDisplaySizeFilterFunctionality_Laptop_20-29-42] Extracting 'name' , 'keyFeatures', 'about' , 'techDetails' within productNameListingPage loop
20:43:06 [TestNG-test-Test-3] INFO  verifyingDisplaySizeFilterFunctionality_Laptop_20-29-42 - [verifyingDisplaySizeFilterFunctionality_Laptop_20-29-42] Waiting until element is visible in viewport
20:43:16 [TestNG-test-Test-3] INFO  verifyingDisplaySizeFilterFunctionality_Laptop_20-29-42 - [verifyingDisplaySizeFilterFunctionality_Laptop_20-29-42] Within smoothScrollToElement method
20:43:16 [TestNG-test-Test-3] INFO  verifyingDisplaySizeFilterFunctionality_Laptop_20-29-42 - [verifyingDisplaySizeFilterFunctionality_Laptop_20-29-42] Within safeFindElement method
20:43:16 [TestNG-test-Test-3] INFO  verifyingDisplaySizeFilterFunctionality_Laptop_20-29-42 - [verifyingDisplaySizeFilterFunctionality_Laptop_20-29-42]Found the element returning it ,element ->[[ChromeDriver: chrome on windows (5f28c669577438246038219e80837668)] -> xpath: //a[@id='seeMoreDetailsLink']]
20:43:16 [TestNG-test-Test-3] INFO  verifyingDisplaySizeFilterFunctionality_Laptop_20-29-42 - [verifyingDisplaySizeFilterFunctionality_Laptop_20-29-42] Successfully scrolled to element: By.xpath: //a[@id='seeMoreDetailsLink']
20:43:16 [TestNG-test-Test-3] INFO  verifyingDisplaySizeFilterFunctionality_Laptop_20-29-42 - [verifyingDisplaySizeFilterFunctionality_Laptop_20-29-42] Within safeClick method
20:43:17 [TestNG-test-Test-3] INFO  verifyingDisplaySizeFilterFunctionality_Laptop_20-29-42 - [verifyingDisplaySizeFilterFunctionality_Laptop_20-29-42] Clicked the  [[ChromeDriver: chrome on windows (5f28c669577438246038219e80837668)] -> xpath: //a[@id='seeMoreDetailsLink']]   using safeClick
20:43:17 [TestNG-test-Test-3] INFO  verifyingDisplaySizeFilterFunctionality_Laptop_20-29-42 - [verifyingDisplaySizeFilterFunctionality_Laptop_20-29-42] Within try block for clicking see more deatils within productNameListingPage loop
20:43:17 [TestNG-test-Test-3] INFO  verifyingDisplaySizeFilterFunctionality_Laptop_20-29-42 - [verifyingDisplaySizeFilterFunctionality_Laptop_20-29-42] Within closeCurrentWindowAndSwitchBack method
20:43:17 [TestNG-test-Test-3] INFO  verifyingDisplaySizeFilterFunctionality_Laptop_20-29-42 - [verifyingDisplaySizeFilterFunctionality_Laptop_20-29-42] Total open windows/tabs count -> 2
20:43:17 [TestNG-test-Test-3] INFO  verifyingDisplaySizeFilterFunctionality_Laptop_20-29-42 - [verifyingDisplaySizeFilterFunctionality_Laptop_20-29-42] Original window handle -> 4FD498FF7C268EAD07E38C1D5D5B2EA7
20:43:17 [TestNG-test-Test-3] INFO  verifyingDisplaySizeFilterFunctionality_Laptop_20-29-42 - [verifyingDisplaySizeFilterFunctionality_Laptop_20-29-42] Found new tab/window handle -> 8762FDA995F77F85B1ABC2D3A7A06148 (will be closed)
20:43:17 [TestNG-test-Test-3] INFO  verifyingDisplaySizeFilterFunctionality_Laptop_20-29-42 - [verifyingDisplaySizeFilterFunctionality_Laptop_20-29-42] Successfully switched to new tab/window -> 8762FDA995F77F85B1ABC2D3A7A06148
20:43:17 [TestNG-test-Test-3] INFO  verifyingDisplaySizeFilterFunctionality_Laptop_20-29-42 - [verifyingDisplaySizeFilterFunctionality_Laptop_20-29-42] Closed the newly opened tab/window -> 8762FDA995F77F85B1ABC2D3A7A06148
20:43:17 [TestNG-test-Test-3] INFO  verifyingDisplaySizeFilterFunctionality_Laptop_20-29-42 - [verifyingDisplaySizeFilterFunctionality_Laptop_20-29-42] Switched back to the original window -> 4FD498FF7C268EAD07E38C1D5D5B2EA7
20:43:17 [TestNG-test-Test-3] INFO  verifyingDisplaySizeFilterFunctionality_Laptop_20-29-42 - [verifyingDisplaySizeFilterFunctionality_Laptop_20-29-42]  going back to product listing via closeCurrentWindowAndSwitchBack 
20:43:17 [TestNG-test-Test-3] INFO  verifyingDisplaySizeFilterFunctionality_Laptop_20-29-42 - [verifyingDisplaySizeFilterFunctionality_Laptop_20-29-42]  Added 'filter','title','keyFeatures', 'about', 'techDetails' into the Map -> productResult
20:43:17 [TestNG-test-Test-3] INFO  verifyingDisplaySizeFilterFunctionality_Laptop_20-29-42 - [verifyingDisplaySizeFilterFunctionality_Laptop_20-29-42]  Added 'productResult' Map into the 'results' i.e list of maps 
20:43:17 [TestNG-test-Test-3] INFO  verifyingDisplaySizeFilterFunctionality_Laptop_20-29-42 - [verifyingDisplaySizeFilterFunctionality_Laptop_20-29-42]==========================================================================================================
20:43:17 [TestNG-test-Test-3] INFO  verifyingDisplaySizeFilterFunctionality_Laptop_20-29-42 - [verifyingDisplaySizeFilterFunctionality_Laptop_20-29-42] Within safeFindElements 
20:43:17 [TestNG-test-Test-3] INFO  verifyingDisplaySizeFilterFunctionality_Laptop_20-29-42 - [verifyingDisplaySizeFilterFunctionality_Laptop_20-29-42] Returning the  [[[ChromeDriver: chrome on windows (5f28c669577438246038219e80837668)] -> xpath: //div[@data-cy='title-recipe']], [[ChromeDriver: chrome on windows (5f28c669577438246038219e80837668)] -> xpath: //div[@data-cy='title-recipe']], [[ChromeDriver: chrome on windows (5f28c669577438246038219e80837668)] -> xpath: //div[@data-cy='title-recipe']], [[ChromeDriver: chrome on windows (5f28c669577438246038219e80837668)] -> xpath: //div[@data-cy='title-recipe']], [[ChromeDriver: chrome on windows (5f28c669577438246038219e80837668)] -> xpath: //div[@data-cy='title-recipe']], [[ChromeDriver: chrome on windows (5f28c669577438246038219e80837668)] -> xpath: //div[@data-cy='title-recipe']], [[ChromeDriver: chrome on windows (5f28c669577438246038219e80837668)] -> xpath: //div[@data-cy='title-recipe']], [[ChromeDriver: chrome on windows (5f28c669577438246038219e80837668)] -> xpath: //div[@data-cy='title-recipe']], [[ChromeDriver: chrome on windows (5f28c669577438246038219e80837668)] -> xpath: //div[@data-cy='title-recipe']], [[ChromeDriver: chrome on windows (5f28c669577438246038219e80837668)] -> xpath: //div[@data-cy='title-recipe']], [[ChromeDriver: chrome on windows (5f28c669577438246038219e80837668)] -> xpath: //div[@data-cy='title-recipe']], [[ChromeDriver: chrome on windows (5f28c669577438246038219e80837668)] -> xpath: //div[@data-cy='title-recipe']], [[ChromeDriver: chrome on windows (5f28c669577438246038219e80837668)] -> xpath: //div[@data-cy='title-recipe']], [[ChromeDriver: chrome on windows (5f28c669577438246038219e80837668)] -> xpath: //div[@data-cy='title-recipe']], [[ChromeDriver: chrome on windows (5f28c669577438246038219e80837668)] -> xpath: //div[@data-cy='title-recipe']], [[ChromeDriver: chrome on windows (5f28c669577438246038219e80837668)] -> xpath: //div[@data-cy='title-recipe']]] from the safeFindElements method
20:43:17 [TestNG-test-Test-3] INFO  verifyingDisplaySizeFilterFunctionality_Laptop_20-29-42 - [verifyingDisplaySizeFilterFunctionality_Laptop_20-29-42] Within productNameListingPage loop in applyFilterAndValidateProductsWithResult
20:43:17 [TestNG-test-Test-3] INFO  verifyingDisplaySizeFilterFunctionality_Laptop_20-29-42 - [verifyingDisplaySizeFilterFunctionality_Laptop_20-29-42] Within getProductByIndex method
20:43:17 [TestNG-test-Test-3] INFO  verifyingDisplaySizeFilterFunctionality_Laptop_20-29-42 - [verifyingDisplaySizeFilterFunctionality_Laptop_20-29-42] Within safeFindElement method
20:43:17 [TestNG-test-Test-3] INFO  verifyingDisplaySizeFilterFunctionality_Laptop_20-29-42 - [verifyingDisplaySizeFilterFunctionality_Laptop_20-29-42]Found the element returning it ,element ->[[ChromeDriver: chrome on windows (5f28c669577438246038219e80837668)] -> xpath: (//div[@data-cy='title-recipe'])[14]]
20:43:17 [TestNG-test-Test-3] INFO  verifyingDisplaySizeFilterFunctionality_Laptop_20-29-42 - [verifyingDisplaySizeFilterFunctionality_Laptop_20-29-42] Within getProductByIndex method
20:43:17 [TestNG-test-Test-3] INFO  verifyingDisplaySizeFilterFunctionality_Laptop_20-29-42 - [verifyingDisplaySizeFilterFunctionality_Laptop_20-29-42] Within smoothScrollToElement method
20:43:17 [TestNG-test-Test-3] INFO  verifyingDisplaySizeFilterFunctionality_Laptop_20-29-42 - [verifyingDisplaySizeFilterFunctionality_Laptop_20-29-42] Within safeFindElement method
20:43:17 [TestNG-test-Test-3] INFO  verifyingDisplaySizeFilterFunctionality_Laptop_20-29-42 - [verifyingDisplaySizeFilterFunctionality_Laptop_20-29-42]Found the element returning it ,element ->[[ChromeDriver: chrome on windows (5f28c669577438246038219e80837668)] -> xpath: (//div[@data-cy='title-recipe'])[14]]
20:43:17 [TestNG-test-Test-3] INFO  verifyingDisplaySizeFilterFunctionality_Laptop_20-29-42 - [verifyingDisplaySizeFilterFunctionality_Laptop_20-29-42] Successfully scrolled to element: By.xpath: (//div[@data-cy='title-recipe'])[14]
20:43:17 [TestNG-test-Test-3] INFO  verifyingDisplaySizeFilterFunctionality_Laptop_20-29-42 - [verifyingDisplaySizeFilterFunctionality_Laptop_20-29-42] Getting product by index in productNameListingPage loop
20:43:17 [TestNG-test-Test-3] INFO  verifyingDisplaySizeFilterFunctionality_Laptop_20-29-42 - [verifyingDisplaySizeFilterFunctionality_Laptop_20-29-42] Opened product in new tab via Ctrl+Click inside productNameListingPage loop
20:43:17 [TestNG-test-Test-3] INFO  verifyingDisplaySizeFilterFunctionality_Laptop_20-29-42 - [verifyingDisplaySizeFilterFunctionality_Laptop_20-29-42] Waiting for new window to open...
20:43:18 [TestNG-test-Test-3] INFO  verifyingDisplaySizeFilterFunctionality_Laptop_20-29-42 - [verifyingDisplaySizeFilterFunctionality_Laptop_20-29-42] Switched to new window -> 0EBB11DE7D95F4C671CC05BB80A39E0F
20:43:18 [TestNG-test-Test-3] INFO  verifyingDisplaySizeFilterFunctionality_Laptop_20-29-42 - [verifyingDisplaySizeFilterFunctionality_Laptop_20-29-42] Swithcing to the new window  within productNameListingPage loop
20:43:18 [TestNG-test-Test-3] INFO  verifyingDisplaySizeFilterFunctionality_Laptop_20-29-42 - [verifyingDisplaySizeFilterFunctionality_Laptop_20-29-42] Clicked product name to open in new tab from productNameListingPage loop
20:43:18 [TestNG-test-Test-3] INFO  verifyingDisplaySizeFilterFunctionality_Laptop_20-29-42 - [verifyingDisplaySizeFilterFunctionality_Laptop_20-29-42] Within safeFindElement method
20:43:20 [TestNG-test-Test-3] INFO  verifyingDisplaySizeFilterFunctionality_Laptop_20-29-42 - [verifyingDisplaySizeFilterFunctionality_Laptop_20-29-42]Found the element returning it ,element ->[[ChromeDriver: chrome on windows (5f28c669577438246038219e80837668)] -> xpath: //span[@id='productTitle']]
20:43:20 [TestNG-test-Test-3] INFO  verifyingDisplaySizeFilterFunctionality_Laptop_20-29-42 - [verifyingDisplaySizeFilterFunctionality_Laptop_20-29-42] Within safeFindElement method
20:43:20 [TestNG-test-Test-3] INFO  verifyingDisplaySizeFilterFunctionality_Laptop_20-29-42 - [verifyingDisplaySizeFilterFunctionality_Laptop_20-29-42]Found the element returning it ,element ->[[ChromeDriver: chrome on windows (5f28c669577438246038219e80837668)] -> xpath: //div[@class='a-section a-spacing-small a-spacing-top-small']]
20:43:20 [TestNG-test-Test-3] INFO  verifyingDisplaySizeFilterFunctionality_Laptop_20-29-42 - [verifyingDisplaySizeFilterFunctionality_Laptop_20-29-42] Within safeFindElement method
20:43:20 [TestNG-test-Test-3] INFO  verifyingDisplaySizeFilterFunctionality_Laptop_20-29-42 - [verifyingDisplaySizeFilterFunctionality_Laptop_20-29-42]Found the element returning it ,element ->[[ChromeDriver: chrome on windows (5f28c669577438246038219e80837668)] -> xpath: //div[@id='feature-bullets']]
20:43:20 [TestNG-test-Test-3] INFO  verifyingDisplaySizeFilterFunctionality_Laptop_20-29-42 - [verifyingDisplaySizeFilterFunctionality_Laptop_20-29-42] Within safeFindElement method
20:43:21 [TestNG-test-Test-3] INFO  verifyingDisplaySizeFilterFunctionality_Laptop_20-29-42 - [verifyingDisplaySizeFilterFunctionality_Laptop_20-29-42]Found the element returning it ,element ->[[ChromeDriver: chrome on windows (5f28c669577438246038219e80837668)] -> xpath: //div[@id='prodDetails']]
20:43:21 [TestNG-test-Test-3] INFO  verifyingDisplaySizeFilterFunctionality_Laptop_20-29-42 - [verifyingDisplaySizeFilterFunctionality_Laptop_20-29-42] Extracting 'name' , 'keyFeatures', 'about' , 'techDetails' within productNameListingPage loop
20:43:21 [TestNG-test-Test-3] INFO  verifyingDisplaySizeFilterFunctionality_Laptop_20-29-42 - [verifyingDisplaySizeFilterFunctionality_Laptop_20-29-42] Waiting until element is visible in viewport
20:43:31 [TestNG-test-Test-3] INFO  verifyingDisplaySizeFilterFunctionality_Laptop_20-29-42 - [verifyingDisplaySizeFilterFunctionality_Laptop_20-29-42] Within smoothScrollToElement method
20:43:31 [TestNG-test-Test-3] INFO  verifyingDisplaySizeFilterFunctionality_Laptop_20-29-42 - [verifyingDisplaySizeFilterFunctionality_Laptop_20-29-42] Within safeFindElement method
20:43:31 [TestNG-test-Test-3] INFO  verifyingDisplaySizeFilterFunctionality_Laptop_20-29-42 - [verifyingDisplaySizeFilterFunctionality_Laptop_20-29-42]Found the element returning it ,element ->[[ChromeDriver: chrome on windows (5f28c669577438246038219e80837668)] -> xpath: //a[@id='seeMoreDetailsLink']]
20:43:31 [TestNG-test-Test-3] INFO  verifyingDisplaySizeFilterFunctionality_Laptop_20-29-42 - [verifyingDisplaySizeFilterFunctionality_Laptop_20-29-42] Successfully scrolled to element: By.xpath: //a[@id='seeMoreDetailsLink']
20:43:31 [TestNG-test-Test-3] INFO  verifyingDisplaySizeFilterFunctionality_Laptop_20-29-42 - [verifyingDisplaySizeFilterFunctionality_Laptop_20-29-42] Within safeClick method
20:43:31 [TestNG-test-Test-3] INFO  verifyingDisplaySizeFilterFunctionality_Laptop_20-29-42 - [verifyingDisplaySizeFilterFunctionality_Laptop_20-29-42] Clicked the  [[ChromeDriver: chrome on windows (5f28c669577438246038219e80837668)] -> xpath: //a[@id='seeMoreDetailsLink']]   using safeClick
20:43:31 [TestNG-test-Test-3] INFO  verifyingDisplaySizeFilterFunctionality_Laptop_20-29-42 - [verifyingDisplaySizeFilterFunctionality_Laptop_20-29-42] Within try block for clicking see more deatils within productNameListingPage loop
20:43:31 [TestNG-test-Test-3] INFO  verifyingDisplaySizeFilterFunctionality_Laptop_20-29-42 - [verifyingDisplaySizeFilterFunctionality_Laptop_20-29-42] Within closeCurrentWindowAndSwitchBack method
20:43:31 [TestNG-test-Test-3] INFO  verifyingDisplaySizeFilterFunctionality_Laptop_20-29-42 - [verifyingDisplaySizeFilterFunctionality_Laptop_20-29-42] Total open windows/tabs count -> 2
20:43:31 [TestNG-test-Test-3] INFO  verifyingDisplaySizeFilterFunctionality_Laptop_20-29-42 - [verifyingDisplaySizeFilterFunctionality_Laptop_20-29-42] Original window handle -> 4FD498FF7C268EAD07E38C1D5D5B2EA7
20:43:31 [TestNG-test-Test-3] INFO  verifyingDisplaySizeFilterFunctionality_Laptop_20-29-42 - [verifyingDisplaySizeFilterFunctionality_Laptop_20-29-42] Found new tab/window handle -> 0EBB11DE7D95F4C671CC05BB80A39E0F (will be closed)
20:43:31 [TestNG-test-Test-3] INFO  verifyingDisplaySizeFilterFunctionality_Laptop_20-29-42 - [verifyingDisplaySizeFilterFunctionality_Laptop_20-29-42] Successfully switched to new tab/window -> 0EBB11DE7D95F4C671CC05BB80A39E0F
20:43:32 [TestNG-test-Test-3] INFO  verifyingDisplaySizeFilterFunctionality_Laptop_20-29-42 - [verifyingDisplaySizeFilterFunctionality_Laptop_20-29-42] Closed the newly opened tab/window -> 0EBB11DE7D95F4C671CC05BB80A39E0F
20:43:32 [TestNG-test-Test-3] INFO  verifyingDisplaySizeFilterFunctionality_Laptop_20-29-42 - [verifyingDisplaySizeFilterFunctionality_Laptop_20-29-42] Switched back to the original window -> 4FD498FF7C268EAD07E38C1D5D5B2EA7
20:43:32 [TestNG-test-Test-3] INFO  verifyingDisplaySizeFilterFunctionality_Laptop_20-29-42 - [verifyingDisplaySizeFilterFunctionality_Laptop_20-29-42]  going back to product listing via closeCurrentWindowAndSwitchBack 
20:43:32 [TestNG-test-Test-3] INFO  verifyingDisplaySizeFilterFunctionality_Laptop_20-29-42 - [verifyingDisplaySizeFilterFunctionality_Laptop_20-29-42]  Added 'filter','title','keyFeatures', 'about', 'techDetails' into the Map -> productResult
20:43:32 [TestNG-test-Test-3] INFO  verifyingDisplaySizeFilterFunctionality_Laptop_20-29-42 - [verifyingDisplaySizeFilterFunctionality_Laptop_20-29-42]  Added 'productResult' Map into the 'results' i.e list of maps 
20:43:32 [TestNG-test-Test-3] INFO  verifyingDisplaySizeFilterFunctionality_Laptop_20-29-42 - [verifyingDisplaySizeFilterFunctionality_Laptop_20-29-42]==========================================================================================================
20:43:32 [TestNG-test-Test-3] INFO  verifyingDisplaySizeFilterFunctionality_Laptop_20-29-42 - [verifyingDisplaySizeFilterFunctionality_Laptop_20-29-42] Within safeFindElements 
20:43:32 [TestNG-test-Test-3] INFO  verifyingDisplaySizeFilterFunctionality_Laptop_20-29-42 - [verifyingDisplaySizeFilterFunctionality_Laptop_20-29-42] Returning the  [[[ChromeDriver: chrome on windows (5f28c669577438246038219e80837668)] -> xpath: //div[@data-cy='title-recipe']], [[ChromeDriver: chrome on windows (5f28c669577438246038219e80837668)] -> xpath: //div[@data-cy='title-recipe']], [[ChromeDriver: chrome on windows (5f28c669577438246038219e80837668)] -> xpath: //div[@data-cy='title-recipe']], [[ChromeDriver: chrome on windows (5f28c669577438246038219e80837668)] -> xpath: //div[@data-cy='title-recipe']], [[ChromeDriver: chrome on windows (5f28c669577438246038219e80837668)] -> xpath: //div[@data-cy='title-recipe']], [[ChromeDriver: chrome on windows (5f28c669577438246038219e80837668)] -> xpath: //div[@data-cy='title-recipe']], [[ChromeDriver: chrome on windows (5f28c669577438246038219e80837668)] -> xpath: //div[@data-cy='title-recipe']], [[ChromeDriver: chrome on windows (5f28c669577438246038219e80837668)] -> xpath: //div[@data-cy='title-recipe']], [[ChromeDriver: chrome on windows (5f28c669577438246038219e80837668)] -> xpath: //div[@data-cy='title-recipe']], [[ChromeDriver: chrome on windows (5f28c669577438246038219e80837668)] -> xpath: //div[@data-cy='title-recipe']], [[ChromeDriver: chrome on windows (5f28c669577438246038219e80837668)] -> xpath: //div[@data-cy='title-recipe']], [[ChromeDriver: chrome on windows (5f28c669577438246038219e80837668)] -> xpath: //div[@data-cy='title-recipe']], [[ChromeDriver: chrome on windows (5f28c669577438246038219e80837668)] -> xpath: //div[@data-cy='title-recipe']], [[ChromeDriver: chrome on windows (5f28c669577438246038219e80837668)] -> xpath: //div[@data-cy='title-recipe']], [[ChromeDriver: chrome on windows (5f28c669577438246038219e80837668)] -> xpath: //div[@data-cy='title-recipe']], [[ChromeDriver: chrome on windows (5f28c669577438246038219e80837668)] -> xpath: //div[@data-cy='title-recipe']]] from the safeFindElements method
20:43:32 [TestNG-test-Test-3] INFO  verifyingDisplaySizeFilterFunctionality_Laptop_20-29-42 - [verifyingDisplaySizeFilterFunctionality_Laptop_20-29-42] Within productNameListingPage loop in applyFilterAndValidateProductsWithResult
20:43:32 [TestNG-test-Test-3] INFO  verifyingDisplaySizeFilterFunctionality_Laptop_20-29-42 - [verifyingDisplaySizeFilterFunctionality_Laptop_20-29-42] Within getProductByIndex method
20:43:32 [TestNG-test-Test-3] INFO  verifyingDisplaySizeFilterFunctionality_Laptop_20-29-42 - [verifyingDisplaySizeFilterFunctionality_Laptop_20-29-42] Within safeFindElement method
20:43:32 [TestNG-test-Test-3] INFO  verifyingDisplaySizeFilterFunctionality_Laptop_20-29-42 - [verifyingDisplaySizeFilterFunctionality_Laptop_20-29-42]Found the element returning it ,element ->[[ChromeDriver: chrome on windows (5f28c669577438246038219e80837668)] -> xpath: (//div[@data-cy='title-recipe'])[15]]
20:43:32 [TestNG-test-Test-3] INFO  verifyingDisplaySizeFilterFunctionality_Laptop_20-29-42 - [verifyingDisplaySizeFilterFunctionality_Laptop_20-29-42] Within getProductByIndex method
20:43:32 [TestNG-test-Test-3] INFO  verifyingDisplaySizeFilterFunctionality_Laptop_20-29-42 - [verifyingDisplaySizeFilterFunctionality_Laptop_20-29-42] Within smoothScrollToElement method
20:43:32 [TestNG-test-Test-3] INFO  verifyingDisplaySizeFilterFunctionality_Laptop_20-29-42 - [verifyingDisplaySizeFilterFunctionality_Laptop_20-29-42] Within safeFindElement method
20:43:32 [TestNG-test-Test-3] INFO  verifyingDisplaySizeFilterFunctionality_Laptop_20-29-42 - [verifyingDisplaySizeFilterFunctionality_Laptop_20-29-42]Found the element returning it ,element ->[[ChromeDriver: chrome on windows (5f28c669577438246038219e80837668)] -> xpath: (//div[@data-cy='title-recipe'])[15]]
20:43:32 [TestNG-test-Test-3] INFO  verifyingDisplaySizeFilterFunctionality_Laptop_20-29-42 - [verifyingDisplaySizeFilterFunctionality_Laptop_20-29-42] Successfully scrolled to element: By.xpath: (//div[@data-cy='title-recipe'])[15]
20:43:32 [TestNG-test-Test-3] INFO  verifyingDisplaySizeFilterFunctionality_Laptop_20-29-42 - [verifyingDisplaySizeFilterFunctionality_Laptop_20-29-42] Getting product by index in productNameListingPage loop
20:43:32 [TestNG-test-Test-3] INFO  verifyingDisplaySizeFilterFunctionality_Laptop_20-29-42 - [verifyingDisplaySizeFilterFunctionality_Laptop_20-29-42] Opened product in new tab via Ctrl+Click inside productNameListingPage loop
20:43:32 [TestNG-test-Test-3] INFO  verifyingDisplaySizeFilterFunctionality_Laptop_20-29-42 - [verifyingDisplaySizeFilterFunctionality_Laptop_20-29-42] Waiting for new window to open...
20:43:32 [TestNG-test-Test-3] INFO  verifyingDisplaySizeFilterFunctionality_Laptop_20-29-42 - [verifyingDisplaySizeFilterFunctionality_Laptop_20-29-42] Switched to new window -> 35D88ED9613C7EB335D2FE21A600B971
20:43:32 [TestNG-test-Test-3] INFO  verifyingDisplaySizeFilterFunctionality_Laptop_20-29-42 - [verifyingDisplaySizeFilterFunctionality_Laptop_20-29-42] Swithcing to the new window  within productNameListingPage loop
20:43:32 [TestNG-test-Test-3] INFO  verifyingDisplaySizeFilterFunctionality_Laptop_20-29-42 - [verifyingDisplaySizeFilterFunctionality_Laptop_20-29-42] Clicked product name to open in new tab from productNameListingPage loop
20:43:32 [TestNG-test-Test-3] INFO  verifyingDisplaySizeFilterFunctionality_Laptop_20-29-42 - [verifyingDisplaySizeFilterFunctionality_Laptop_20-29-42] Within safeFindElement method
20:43:35 [TestNG-test-Test-3] INFO  verifyingDisplaySizeFilterFunctionality_Laptop_20-29-42 - [verifyingDisplaySizeFilterFunctionality_Laptop_20-29-42]Found the element returning it ,element ->[[ChromeDriver: chrome on windows (5f28c669577438246038219e80837668)] -> xpath: //span[@id='productTitle']]
20:43:35 [TestNG-test-Test-3] INFO  verifyingDisplaySizeFilterFunctionality_Laptop_20-29-42 - [verifyingDisplaySizeFilterFunctionality_Laptop_20-29-42] Within safeFindElement method
20:43:35 [TestNG-test-Test-3] INFO  verifyingDisplaySizeFilterFunctionality_Laptop_20-29-42 - [verifyingDisplaySizeFilterFunctionality_Laptop_20-29-42]Found the element returning it ,element ->[[ChromeDriver: chrome on windows (5f28c669577438246038219e80837668)] -> xpath: //div[@class='a-section a-spacing-small a-spacing-top-small']]
20:43:35 [TestNG-test-Test-3] INFO  verifyingDisplaySizeFilterFunctionality_Laptop_20-29-42 - [verifyingDisplaySizeFilterFunctionality_Laptop_20-29-42] Within safeFindElement method
20:43:35 [TestNG-test-Test-3] INFO  verifyingDisplaySizeFilterFunctionality_Laptop_20-29-42 - [verifyingDisplaySizeFilterFunctionality_Laptop_20-29-42]Found the element returning it ,element ->[[ChromeDriver: chrome on windows (5f28c669577438246038219e80837668)] -> xpath: //div[@id='feature-bullets']]
20:43:35 [TestNG-test-Test-3] INFO  verifyingDisplaySizeFilterFunctionality_Laptop_20-29-42 - [verifyingDisplaySizeFilterFunctionality_Laptop_20-29-42] Within safeFindElement method
20:43:35 [TestNG-test-Test-3] INFO  verifyingDisplaySizeFilterFunctionality_Laptop_20-29-42 - [verifyingDisplaySizeFilterFunctionality_Laptop_20-29-42]Found the element returning it ,element ->[[ChromeDriver: chrome on windows (5f28c669577438246038219e80837668)] -> xpath: //div[@id='prodDetails']]
20:43:35 [TestNG-test-Test-3] INFO  verifyingDisplaySizeFilterFunctionality_Laptop_20-29-42 - [verifyingDisplaySizeFilterFunctionality_Laptop_20-29-42] Extracting 'name' , 'keyFeatures', 'about' , 'techDetails' within productNameListingPage loop
20:43:35 [TestNG-test-Test-3] INFO  verifyingDisplaySizeFilterFunctionality_Laptop_20-29-42 - [verifyingDisplaySizeFilterFunctionality_Laptop_20-29-42] Waiting until element is visible in viewport
20:43:46 [TestNG-test-Test-3] INFO  verifyingDisplaySizeFilterFunctionality_Laptop_20-29-42 - [verifyingDisplaySizeFilterFunctionality_Laptop_20-29-42] Within smoothScrollToElement method
20:43:46 [TestNG-test-Test-3] INFO  verifyingDisplaySizeFilterFunctionality_Laptop_20-29-42 - [verifyingDisplaySizeFilterFunctionality_Laptop_20-29-42] Within safeFindElement method
20:43:46 [TestNG-test-Test-3] INFO  verifyingDisplaySizeFilterFunctionality_Laptop_20-29-42 - [verifyingDisplaySizeFilterFunctionality_Laptop_20-29-42]Found the element returning it ,element ->[[ChromeDriver: chrome on windows (5f28c669577438246038219e80837668)] -> xpath: //a[@id='seeMoreDetailsLink']]
20:43:46 [TestNG-test-Test-3] INFO  verifyingDisplaySizeFilterFunctionality_Laptop_20-29-42 - [verifyingDisplaySizeFilterFunctionality_Laptop_20-29-42] Successfully scrolled to element: By.xpath: //a[@id='seeMoreDetailsLink']
20:43:46 [TestNG-test-Test-3] INFO  verifyingDisplaySizeFilterFunctionality_Laptop_20-29-42 - [verifyingDisplaySizeFilterFunctionality_Laptop_20-29-42] Within safeClick method
20:43:46 [TestNG-test-Test-3] INFO  verifyingDisplaySizeFilterFunctionality_Laptop_20-29-42 - [verifyingDisplaySizeFilterFunctionality_Laptop_20-29-42] Clicked the  [[ChromeDriver: chrome on windows (5f28c669577438246038219e80837668)] -> xpath: //a[@id='seeMoreDetailsLink']]   using safeClick
20:43:46 [TestNG-test-Test-3] INFO  verifyingDisplaySizeFilterFunctionality_Laptop_20-29-42 - [verifyingDisplaySizeFilterFunctionality_Laptop_20-29-42] Within try block for clicking see more deatils within productNameListingPage loop
20:43:46 [TestNG-test-Test-3] INFO  verifyingDisplaySizeFilterFunctionality_Laptop_20-29-42 - [verifyingDisplaySizeFilterFunctionality_Laptop_20-29-42] Within closeCurrentWindowAndSwitchBack method
20:43:47 [TestNG-test-Test-3] INFO  verifyingDisplaySizeFilterFunctionality_Laptop_20-29-42 - [verifyingDisplaySizeFilterFunctionality_Laptop_20-29-42] Total open windows/tabs count -> 2
20:43:47 [TestNG-test-Test-3] INFO  verifyingDisplaySizeFilterFunctionality_Laptop_20-29-42 - [verifyingDisplaySizeFilterFunctionality_Laptop_20-29-42] Original window handle -> 4FD498FF7C268EAD07E38C1D5D5B2EA7
20:43:47 [TestNG-test-Test-3] INFO  verifyingDisplaySizeFilterFunctionality_Laptop_20-29-42 - [verifyingDisplaySizeFilterFunctionality_Laptop_20-29-42] Found new tab/window handle -> 35D88ED9613C7EB335D2FE21A600B971 (will be closed)
20:43:47 [TestNG-test-Test-3] INFO  verifyingDisplaySizeFilterFunctionality_Laptop_20-29-42 - [verifyingDisplaySizeFilterFunctionality_Laptop_20-29-42] Successfully switched to new tab/window -> 35D88ED9613C7EB335D2FE21A600B971
20:43:47 [TestNG-test-Test-3] INFO  verifyingDisplaySizeFilterFunctionality_Laptop_20-29-42 - [verifyingDisplaySizeFilterFunctionality_Laptop_20-29-42] Closed the newly opened tab/window -> 35D88ED9613C7EB335D2FE21A600B971
20:43:47 [TestNG-test-Test-3] INFO  verifyingDisplaySizeFilterFunctionality_Laptop_20-29-42 - [verifyingDisplaySizeFilterFunctionality_Laptop_20-29-42] Switched back to the original window -> 4FD498FF7C268EAD07E38C1D5D5B2EA7
20:43:47 [TestNG-test-Test-3] INFO  verifyingDisplaySizeFilterFunctionality_Laptop_20-29-42 - [verifyingDisplaySizeFilterFunctionality_Laptop_20-29-42]  going back to product listing via closeCurrentWindowAndSwitchBack 
20:43:47 [TestNG-test-Test-3] INFO  verifyingDisplaySizeFilterFunctionality_Laptop_20-29-42 - [verifyingDisplaySizeFilterFunctionality_Laptop_20-29-42]  Added 'filter','title','keyFeatures', 'about', 'techDetails' into the Map -> productResult
20:43:47 [TestNG-test-Test-3] INFO  verifyingDisplaySizeFilterFunctionality_Laptop_20-29-42 - [verifyingDisplaySizeFilterFunctionality_Laptop_20-29-42]  Added 'productResult' Map into the 'results' i.e list of maps 
20:43:47 [TestNG-test-Test-3] INFO  verifyingDisplaySizeFilterFunctionality_Laptop_20-29-42 - [verifyingDisplaySizeFilterFunctionality_Laptop_20-29-42]==========================================================================================================
20:43:47 [TestNG-test-Test-3] INFO  verifyingDisplaySizeFilterFunctionality_Laptop_20-29-42 - [verifyingDisplaySizeFilterFunctionality_Laptop_20-29-42] Within safeClick method
20:43:48 [TestNG-test-Test-3] INFO  verifyingDisplaySizeFilterFunctionality_Laptop_20-29-42 - [verifyingDisplaySizeFilterFunctionality_Laptop_20-29-42] Cannot click the butto using safeClick, trying again
20:43:51 [TestNG-test-Test-3] INFO  verifyingDisplaySizeFilterFunctionality_Laptop_20-29-42 - [verifyingDisplaySizeFilterFunctionality_Laptop_20-29-42] Cannot click the butto using safeClick, trying again
20:43:52 [TestNG-test-Test-3] INFO  verifyingDisplaySizeFilterFunctionality_Laptop_20-29-42 - [verifyingDisplaySizeFilterFunctionality_Laptop_20-29-42] Skipping click action: Element not clickable after- 2
20:43:52 [TestNG-test-Test-3] INFO  verifyingDisplaySizeFilterFunctionality_Laptop_20-29-42 - [verifyingDisplaySizeFilterFunctionality_Laptop_20-29-42] Clearing the filter value ->16 in & abovewithin productNameListingPage loop
20:43:52 [TestNG-test-Test-3] INFO  verifyingDisplaySizeFilterFunctionality_Laptop_20-29-42 - [verifyingDisplaySizeFilterFunctionality_Laptop_20-29-42]==========================================================================================================
20:43:52 [TestNG-test-Test-3] INFO  verifyingDisplaySizeFilterFunctionality_Laptop_20-29-42 - [verifyingDisplaySizeFilterFunctionality_Laptop_20-29-42]==========================================================================================================
20:43:52 [TestNG-test-Test-3] INFO  verifyingDisplaySizeFilterFunctionality_Laptop_20-29-42 - [verifyingDisplaySizeFilterFunctionality_Laptop_20-29-42] Within filterOptions loop in applyFilterAndValidateProductsWithResult
20:43:52 [TestNG-test-Test-3] INFO  verifyingDisplaySizeFilterFunctionality_Laptop_20-29-42 - [verifyingDisplaySizeFilterFunctionality_Laptop_20-29-42] Within safeFindElements 
20:43:52 [TestNG-test-Test-3] INFO  verifyingDisplaySizeFilterFunctionality_Laptop_20-29-42 - [verifyingDisplaySizeFilterFunctionality_Laptop_20-29-42] Returning the  [[[ChromeDriver: chrome on windows (5f28c669577438246038219e80837668)] -> xpath: //span[@class='a-size-base a-color-base puis-bold-weight-text' and text()='Screen Size']/parent::div/following-sibling::ul//span[@class='a-size-base a-color-base']], [[ChromeDriver: chrome on windows (5f28c669577438246038219e80837668)] -> xpath: //span[@class='a-size-base a-color-base puis-bold-weight-text' and text()='Screen Size']/parent::div/following-sibling::ul//span[@class='a-size-base a-color-base']], [[ChromeDriver: chrome on windows (5f28c669577438246038219e80837668)] -> xpath: //span[@class='a-size-base a-color-base puis-bold-weight-text' and text()='Screen Size']/parent::div/following-sibling::ul//span[@class='a-size-base a-color-base']], [[ChromeDriver: chrome on windows (5f28c669577438246038219e80837668)] -> xpath: //span[@class='a-size-base a-color-base puis-bold-weight-text' and text()='Screen Size']/parent::div/following-sibling::ul//span[@class='a-size-base a-color-base']], [[ChromeDriver: chrome on windows (5f28c669577438246038219e80837668)] -> xpath: //span[@class='a-size-base a-color-base puis-bold-weight-text' and text()='Screen Size']/parent::div/following-sibling::ul//span[@class='a-size-base a-color-base']], [[ChromeDriver: chrome on windows (5f28c669577438246038219e80837668)] -> xpath: //span[@class='a-size-base a-color-base puis-bold-weight-text' and text()='Screen Size']/parent::div/following-sibling::ul//span[@class='a-size-base a-color-base']]] from the safeFindElements method
20:43:52 [TestNG-test-Test-3] INFO  verifyingDisplaySizeFilterFunctionality_Laptop_20-29-42 - [verifyingDisplaySizeFilterFunctionality_Laptop_20-29-42] Trying to read filter option 4 (attempt 1/3)
20:43:52 [TestNG-test-Test-3] INFO  verifyingDisplaySizeFilterFunctionality_Laptop_20-29-42 - [verifyingDisplaySizeFilterFunctionality_Laptop_20-29-42] Successfully read filter option 4 = '35 to 39 cm'
20:43:52 [TestNG-test-Test-3] INFO  verifyingDisplaySizeFilterFunctionality_Laptop_20-29-42 - [verifyingDisplaySizeFilterFunctionality_Laptop_20-29-42] Within getfilterByTypeAndName method
20:43:52 [TestNG-test-Test-3] INFO  verifyingDisplaySizeFilterFunctionality_Laptop_20-29-42 - [verifyingDisplaySizeFilterFunctionality_Laptop_20-29-42] Within safeClickBooleanWithScreenShot method
20:43:52 [TestNG-test-Test-3] INFO  verifyingDisplaySizeFilterFunctionality_Laptop_20-29-42 - [verifyingDisplaySizeFilterFunctionality_Laptop_20-29-42] Within getAppliedfilterByTypeAndName method
20:43:52 [TestNG-test-Test-3] INFO  verifyingDisplaySizeFilterFunctionality_Laptop_20-29-42 - [verifyingDisplaySizeFilterFunctionality_Laptop_20-29-42] Within smoothScrollToElement method
20:43:52 [TestNG-test-Test-3] INFO  verifyingDisplaySizeFilterFunctionality_Laptop_20-29-42 - [verifyingDisplaySizeFilterFunctionality_Laptop_20-29-42] Within safeFindElement method
20:43:53 [TestNG-test-Test-3] INFO  verifyingDisplaySizeFilterFunctionality_Laptop_20-29-42 - [verifyingDisplaySizeFilterFunctionality_Laptop_20-29-42]Found the element returning it ,element ->[[ChromeDriver: chrome on windows (5f28c669577438246038219e80837668)] -> xpath: //span[@class='a-size-base a-color-base puis-bold-weight-text' and text()='Screen Size']]
20:43:53 [TestNG-test-Test-3] INFO  verifyingDisplaySizeFilterFunctionality_Laptop_20-29-42 - [verifyingDisplaySizeFilterFunctionality_Laptop_20-29-42] Successfully scrolled to element: By.xpath: //span[@class='a-size-base a-color-base puis-bold-weight-text' and text()='Screen Size']
20:43:53 [TestNG-test-Test-3] INFO  verifyingDisplaySizeFilterFunctionality_Laptop_20-29-42 - [verifyingDisplaySizeFilterFunctionality_Laptop_20-29-42] Within getMoreButtonByFilterTypeAndName method
20:43:53 [TestNG-test-Test-3] INFO  verifyingDisplaySizeFilterFunctionality_Laptop_20-29-42 - [verifyingDisplaySizeFilterFunctionality_Laptop_20-29-42] could not find more button
20:43:53 [TestNG-test-Test-3] INFO  verifyingDisplaySizeFilterFunctionality_Laptop_20-29-42 - [verifyingDisplaySizeFilterFunctionality_Laptop_20-29-42] Within getAppliedfilterByTypeAndName method
20:43:53 [TestNG-test-Test-3] INFO  verifyingDisplaySizeFilterFunctionality_Laptop_20-29-42 - [verifyingDisplaySizeFilterFunctionality_Laptop_20-29-42] Within smoothScrollToElement method
20:43:53 [TestNG-test-Test-3] INFO  verifyingDisplaySizeFilterFunctionality_Laptop_20-29-42 - [verifyingDisplaySizeFilterFunctionality_Laptop_20-29-42] Within safeFindElement method
20:43:54 [TestNG-test-Test-3] INFO  verifyingDisplaySizeFilterFunctionality_Laptop_20-29-42 - [verifyingDisplaySizeFilterFunctionality_Laptop_20-29-42]Found the element returning it ,element ->[[ChromeDriver: chrome on windows (5f28c669577438246038219e80837668)] -> xpath: //span[@class='a-size-base a-color-base puis-bold-weight-text' and text()='Screen Size']]
20:43:54 [TestNG-test-Test-3] INFO  verifyingDisplaySizeFilterFunctionality_Laptop_20-29-42 - [verifyingDisplaySizeFilterFunctionality_Laptop_20-29-42] Successfully scrolled to element: By.xpath: //span[@class='a-size-base a-color-base puis-bold-weight-text' and text()='Screen Size']
20:43:54 [TestNG-test-Test-3] INFO  verifyingDisplaySizeFilterFunctionality_Laptop_20-29-42 - [verifyingDisplaySizeFilterFunctionality_Laptop_20-29-42] Within getMoreButtonByFilterTypeAndName method
20:43:54 [TestNG-test-Test-3] INFO  verifyingDisplaySizeFilterFunctionality_Laptop_20-29-42 - [verifyingDisplaySizeFilterFunctionality_Laptop_20-29-42] could not find more button
20:43:54 [TestNG-test-Test-3] INFO  verifyingDisplaySizeFilterFunctionality_Laptop_20-29-42 - [verifyingDisplaySizeFilterFunctionality_Laptop_20-29-42] Within getfilterByTypeAndName method
20:43:54 [TestNG-test-Test-3] INFO  verifyingDisplaySizeFilterFunctionality_Laptop_20-29-42 - [verifyingDisplaySizeFilterFunctionality_Laptop_20-29-42] Within smoothScrollToElement method
20:43:54 [TestNG-test-Test-3] INFO  verifyingDisplaySizeFilterFunctionality_Laptop_20-29-42 - [verifyingDisplaySizeFilterFunctionality_Laptop_20-29-42] Within safeFindElement method
20:43:55 [TestNG-test-Test-3] INFO  verifyingDisplaySizeFilterFunctionality_Laptop_20-29-42 - [verifyingDisplaySizeFilterFunctionality_Laptop_20-29-42]Found the element returning it ,element ->[[ChromeDriver: chrome on windows (5f28c669577438246038219e80837668)] -> xpath: //span[@class='a-size-base a-color-base puis-bold-weight-text' and text()='Screen Size']/parent::div/following-sibling::ul//span[@class='a-size-base a-color-base a-text-bold' and text()='35 to 39 cm']]
20:43:55 [TestNG-test-Test-3] INFO  verifyingDisplaySizeFilterFunctionality_Laptop_20-29-42 - [verifyingDisplaySizeFilterFunctionality_Laptop_20-29-42] Successfully scrolled to element: By.xpath: //span[@class='a-size-base a-color-base puis-bold-weight-text' and text()='Screen Size']/parent::div/following-sibling::ul//span[@class='a-size-base a-color-base a-text-bold' and text()='35 to 39 cm']
20:43:55 [TestNG-test-Test-3] INFO  verifyingDisplaySizeFilterFunctionality_Laptop_20-29-42 - [verifyingDisplaySizeFilterFunctionality_Laptop_20-29-42] Clicked the element using safe click ,element is [[ChromeDriver: chrome on windows (5f28c669577438246038219e80837668)] -> xpath: //span[@class='a-size-base a-color-base puis-bold-weight-text' and text()='Screen Size']/parent::div/following-sibling::ul//span[@class='a-size-base a-color-base' and text()='35 to 39 cm']]
20:43:55 [TestNG-test-Test-3] INFO  verifyingDisplaySizeFilterFunctionality_Laptop_20-29-42 - [verifyingDisplaySizeFilterFunctionality_Laptop_20-29-42] Within safeFindElements 
20:43:55 [TestNG-test-Test-3] INFO  verifyingDisplaySizeFilterFunctionality_Laptop_20-29-42 - [verifyingDisplaySizeFilterFunctionality_Laptop_20-29-42] Returning the  [[[ChromeDriver: chrome on windows (5f28c669577438246038219e80837668)] -> xpath: //div[@data-cy='title-recipe']], [[ChromeDriver: chrome on windows (5f28c669577438246038219e80837668)] -> xpath: //div[@data-cy='title-recipe']], [[ChromeDriver: chrome on windows (5f28c669577438246038219e80837668)] -> xpath: //div[@data-cy='title-recipe']], [[ChromeDriver: chrome on windows (5f28c669577438246038219e80837668)] -> xpath: //div[@data-cy='title-recipe']], [[ChromeDriver: chrome on windows (5f28c669577438246038219e80837668)] -> xpath: //div[@data-cy='title-recipe']], [[ChromeDriver: chrome on windows (5f28c669577438246038219e80837668)] -> xpath: //div[@data-cy='title-recipe']], [[ChromeDriver: chrome on windows (5f28c669577438246038219e80837668)] -> xpath: //div[@data-cy='title-recipe']], [[ChromeDriver: chrome on windows (5f28c669577438246038219e80837668)] -> xpath: //div[@data-cy='title-recipe']], [[ChromeDriver: chrome on windows (5f28c669577438246038219e80837668)] -> xpath: //div[@data-cy='title-recipe']], [[ChromeDriver: chrome on windows (5f28c669577438246038219e80837668)] -> xpath: //div[@data-cy='title-recipe']], [[ChromeDriver: chrome on windows (5f28c669577438246038219e80837668)] -> xpath: //div[@data-cy='title-recipe']], [[ChromeDriver: chrome on windows (5f28c669577438246038219e80837668)] -> xpath: //div[@data-cy='title-recipe']], [[ChromeDriver: chrome on windows (5f28c669577438246038219e80837668)] -> xpath: //div[@data-cy='title-recipe']], [[ChromeDriver: chrome on windows (5f28c669577438246038219e80837668)] -> xpath: //div[@data-cy='title-recipe']], [[ChromeDriver: chrome on windows (5f28c669577438246038219e80837668)] -> xpath: //div[@data-cy='title-recipe']], [[ChromeDriver: chrome on windows (5f28c669577438246038219e80837668)] -> xpath: //div[@data-cy='title-recipe']]] from the safeFindElements method
20:43:55 [TestNG-test-Test-3] INFO  verifyingDisplaySizeFilterFunctionality_Laptop_20-29-42 - [verifyingDisplaySizeFilterFunctionality_Laptop_20-29-42] Execution is scheduled type /CRON Job on CI Hence refering to CI keys from UtilData
20:43:55 [TestNG-test-Test-3] INFO  verifyingDisplaySizeFilterFunctionality_Laptop_20-29-42 - [verifyingDisplaySizeFilterFunctionality_Laptop_20-29-42] Within safeFindElements 
20:43:55 [TestNG-test-Test-3] INFO  verifyingDisplaySizeFilterFunctionality_Laptop_20-29-42 - [verifyingDisplaySizeFilterFunctionality_Laptop_20-29-42] Returning the  [[[ChromeDriver: chrome on windows (5f28c669577438246038219e80837668)] -> xpath: //div[@data-cy='title-recipe']], [[ChromeDriver: chrome on windows (5f28c669577438246038219e80837668)] -> xpath: //div[@data-cy='title-recipe']], [[ChromeDriver: chrome on windows (5f28c669577438246038219e80837668)] -> xpath: //div[@data-cy='title-recipe']], [[ChromeDriver: chrome on windows (5f28c669577438246038219e80837668)] -> xpath: //div[@data-cy='title-recipe']], [[ChromeDriver: chrome on windows (5f28c669577438246038219e80837668)] -> xpath: //div[@data-cy='title-recipe']], [[ChromeDriver: chrome on windows (5f28c669577438246038219e80837668)] -> xpath: //div[@data-cy='title-recipe']], [[ChromeDriver: chrome on windows (5f28c669577438246038219e80837668)] -> xpath: //div[@data-cy='title-recipe']], [[ChromeDriver: chrome on windows (5f28c669577438246038219e80837668)] -> xpath: //div[@data-cy='title-recipe']], [[ChromeDriver: chrome on windows (5f28c669577438246038219e80837668)] -> xpath: //div[@data-cy='title-recipe']], [[ChromeDriver: chrome on windows (5f28c669577438246038219e80837668)] -> xpath: //div[@data-cy='title-recipe']], [[ChromeDriver: chrome on windows (5f28c669577438246038219e80837668)] -> xpath: //div[@data-cy='title-recipe']], [[ChromeDriver: chrome on windows (5f28c669577438246038219e80837668)] -> xpath: //div[@data-cy='title-recipe']], [[ChromeDriver: chrome on windows (5f28c669577438246038219e80837668)] -> xpath: //div[@data-cy='title-recipe']], [[ChromeDriver: chrome on windows (5f28c669577438246038219e80837668)] -> xpath: //div[@data-cy='title-recipe']], [[ChromeDriver: chrome on windows (5f28c669577438246038219e80837668)] -> xpath: //div[@data-cy='title-recipe']], [[ChromeDriver: chrome on windows (5f28c669577438246038219e80837668)] -> xpath: //div[@data-cy='title-recipe']]] from the safeFindElements method
20:43:55 [TestNG-test-Test-3] INFO  verifyingDisplaySizeFilterFunctionality_Laptop_20-29-42 - [verifyingDisplaySizeFilterFunctionality_Laptop_20-29-42] Within productNameListingPage loop in applyFilterAndValidateProductsWithResult
20:43:55 [TestNG-test-Test-3] INFO  verifyingDisplaySizeFilterFunctionality_Laptop_20-29-42 - [verifyingDisplaySizeFilterFunctionality_Laptop_20-29-42] Within getProductByIndex method
20:43:55 [TestNG-test-Test-3] INFO  verifyingDisplaySizeFilterFunctionality_Laptop_20-29-42 - [verifyingDisplaySizeFilterFunctionality_Laptop_20-29-42] Within safeFindElement method
20:43:55 [TestNG-test-Test-3] INFO  verifyingDisplaySizeFilterFunctionality_Laptop_20-29-42 - [verifyingDisplaySizeFilterFunctionality_Laptop_20-29-42]Found the element returning it ,element ->[[ChromeDriver: chrome on windows (5f28c669577438246038219e80837668)] -> xpath: (//div[@data-cy='title-recipe'])[1]]
20:43:55 [TestNG-test-Test-3] INFO  verifyingDisplaySizeFilterFunctionality_Laptop_20-29-42 - [verifyingDisplaySizeFilterFunctionality_Laptop_20-29-42] Within getProductByIndex method
20:43:55 [TestNG-test-Test-3] INFO  verifyingDisplaySizeFilterFunctionality_Laptop_20-29-42 - [verifyingDisplaySizeFilterFunctionality_Laptop_20-29-42] Within smoothScrollToElement method
20:43:55 [TestNG-test-Test-3] INFO  verifyingDisplaySizeFilterFunctionality_Laptop_20-29-42 - [verifyingDisplaySizeFilterFunctionality_Laptop_20-29-42] Within safeFindElement method
20:43:55 [TestNG-test-Test-3] INFO  verifyingDisplaySizeFilterFunctionality_Laptop_20-29-42 - [verifyingDisplaySizeFilterFunctionality_Laptop_20-29-42]Found the element returning it ,element ->[[ChromeDriver: chrome on windows (5f28c669577438246038219e80837668)] -> xpath: (//div[@data-cy='title-recipe'])[1]]
20:43:55 [TestNG-test-Test-3] INFO  verifyingDisplaySizeFilterFunctionality_Laptop_20-29-42 - [verifyingDisplaySizeFilterFunctionality_Laptop_20-29-42] Successfully scrolled to element: By.xpath: (//div[@data-cy='title-recipe'])[1]
20:43:55 [TestNG-test-Test-3] INFO  verifyingDisplaySizeFilterFunctionality_Laptop_20-29-42 - [verifyingDisplaySizeFilterFunctionality_Laptop_20-29-42] Getting product by index in productNameListingPage loop
20:43:56 [TestNG-test-Test-3] INFO  verifyingDisplaySizeFilterFunctionality_Laptop_20-29-42 - [verifyingDisplaySizeFilterFunctionality_Laptop_20-29-42] Opened product in new tab via Ctrl+Click inside productNameListingPage loop
20:43:56 [TestNG-test-Test-3] INFO  verifyingDisplaySizeFilterFunctionality_Laptop_20-29-42 - [verifyingDisplaySizeFilterFunctionality_Laptop_20-29-42] Waiting for new window to open...
20:43:56 [TestNG-test-Test-3] INFO  verifyingDisplaySizeFilterFunctionality_Laptop_20-29-42 - [verifyingDisplaySizeFilterFunctionality_Laptop_20-29-42] Switched to new window -> D3A8353CA51228109AD3E17F2B6D36E7
20:43:56 [TestNG-test-Test-3] INFO  verifyingDisplaySizeFilterFunctionality_Laptop_20-29-42 - [verifyingDisplaySizeFilterFunctionality_Laptop_20-29-42] Swithcing to the new window  within productNameListingPage loop
20:43:56 [TestNG-test-Test-3] INFO  verifyingDisplaySizeFilterFunctionality_Laptop_20-29-42 - [verifyingDisplaySizeFilterFunctionality_Laptop_20-29-42] Clicked product name to open in new tab from productNameListingPage loop
20:43:56 [TestNG-test-Test-3] INFO  verifyingDisplaySizeFilterFunctionality_Laptop_20-29-42 - [verifyingDisplaySizeFilterFunctionality_Laptop_20-29-42] Within safeFindElement method
20:43:59 [TestNG-test-Test-3] INFO  verifyingDisplaySizeFilterFunctionality_Laptop_20-29-42 - [verifyingDisplaySizeFilterFunctionality_Laptop_20-29-42]Found the element returning it ,element ->[[ChromeDriver: chrome on windows (5f28c669577438246038219e80837668)] -> xpath: //span[@id='productTitle']]
20:43:59 [TestNG-test-Test-3] INFO  verifyingDisplaySizeFilterFunctionality_Laptop_20-29-42 - [verifyingDisplaySizeFilterFunctionality_Laptop_20-29-42] Within safeFindElement method
20:44:00 [TestNG-test-Test-3] INFO  verifyingDisplaySizeFilterFunctionality_Laptop_20-29-42 - [verifyingDisplaySizeFilterFunctionality_Laptop_20-29-42]Found the element returning it ,element ->[[ChromeDriver: chrome on windows (5f28c669577438246038219e80837668)] -> xpath: //div[@class='a-section a-spacing-small a-spacing-top-small']]
20:44:00 [TestNG-test-Test-3] INFO  verifyingDisplaySizeFilterFunctionality_Laptop_20-29-42 - [verifyingDisplaySizeFilterFunctionality_Laptop_20-29-42] Within safeFindElement method
20:44:00 [TestNG-test-Test-3] INFO  verifyingDisplaySizeFilterFunctionality_Laptop_20-29-42 - [verifyingDisplaySizeFilterFunctionality_Laptop_20-29-42]Found the element returning it ,element ->[[ChromeDriver: chrome on windows (5f28c669577438246038219e80837668)] -> xpath: //div[@id='feature-bullets']]
20:44:00 [TestNG-test-Test-3] INFO  verifyingDisplaySizeFilterFunctionality_Laptop_20-29-42 - [verifyingDisplaySizeFilterFunctionality_Laptop_20-29-42] Within safeFindElement method
20:44:00 [TestNG-test-Test-3] INFO  verifyingDisplaySizeFilterFunctionality_Laptop_20-29-42 - [verifyingDisplaySizeFilterFunctionality_Laptop_20-29-42]Found the element returning it ,element ->[[ChromeDriver: chrome on windows (5f28c669577438246038219e80837668)] -> xpath: //div[@id='prodDetails']]
20:44:00 [TestNG-test-Test-3] INFO  verifyingDisplaySizeFilterFunctionality_Laptop_20-29-42 - [verifyingDisplaySizeFilterFunctionality_Laptop_20-29-42] Extracting 'name' , 'keyFeatures', 'about' , 'techDetails' within productNameListingPage loop
20:44:00 [TestNG-test-Test-3] INFO  verifyingDisplaySizeFilterFunctionality_Laptop_20-29-42 - [verifyingDisplaySizeFilterFunctionality_Laptop_20-29-42] Waiting until element is visible in viewport
20:44:10 [TestNG-test-Test-3] INFO  verifyingDisplaySizeFilterFunctionality_Laptop_20-29-42 - [verifyingDisplaySizeFilterFunctionality_Laptop_20-29-42] Within smoothScrollToElement method
20:44:10 [TestNG-test-Test-3] INFO  verifyingDisplaySizeFilterFunctionality_Laptop_20-29-42 - [verifyingDisplaySizeFilterFunctionality_Laptop_20-29-42] Within safeFindElement method
20:44:11 [TestNG-test-Test-3] INFO  verifyingDisplaySizeFilterFunctionality_Laptop_20-29-42 - [verifyingDisplaySizeFilterFunctionality_Laptop_20-29-42]Found the element returning it ,element ->[[ChromeDriver: chrome on windows (5f28c669577438246038219e80837668)] -> xpath: //a[@id='seeMoreDetailsLink']]
20:44:11 [TestNG-test-Test-3] INFO  verifyingDisplaySizeFilterFunctionality_Laptop_20-29-42 - [verifyingDisplaySizeFilterFunctionality_Laptop_20-29-42] Successfully scrolled to element: By.xpath: //a[@id='seeMoreDetailsLink']
20:44:11 [TestNG-test-Test-3] INFO  verifyingDisplaySizeFilterFunctionality_Laptop_20-29-42 - [verifyingDisplaySizeFilterFunctionality_Laptop_20-29-42] Within safeClick method
20:44:11 [TestNG-test-Test-3] INFO  verifyingDisplaySizeFilterFunctionality_Laptop_20-29-42 - [verifyingDisplaySizeFilterFunctionality_Laptop_20-29-42] Clicked the  [[ChromeDriver: chrome on windows (5f28c669577438246038219e80837668)] -> xpath: //a[@id='seeMoreDetailsLink']]   using safeClick
20:44:11 [TestNG-test-Test-3] INFO  verifyingDisplaySizeFilterFunctionality_Laptop_20-29-42 - [verifyingDisplaySizeFilterFunctionality_Laptop_20-29-42] Within try block for clicking see more deatils within productNameListingPage loop
20:44:11 [TestNG-test-Test-3] INFO  verifyingDisplaySizeFilterFunctionality_Laptop_20-29-42 - [verifyingDisplaySizeFilterFunctionality_Laptop_20-29-42] Within closeCurrentWindowAndSwitchBack method
20:44:11 [TestNG-test-Test-3] INFO  verifyingDisplaySizeFilterFunctionality_Laptop_20-29-42 - [verifyingDisplaySizeFilterFunctionality_Laptop_20-29-42] Total open windows/tabs count -> 2
20:44:11 [TestNG-test-Test-3] INFO  verifyingDisplaySizeFilterFunctionality_Laptop_20-29-42 - [verifyingDisplaySizeFilterFunctionality_Laptop_20-29-42] Original window handle -> 4FD498FF7C268EAD07E38C1D5D5B2EA7
20:44:11 [TestNG-test-Test-3] INFO  verifyingDisplaySizeFilterFunctionality_Laptop_20-29-42 - [verifyingDisplaySizeFilterFunctionality_Laptop_20-29-42] Found new tab/window handle -> D3A8353CA51228109AD3E17F2B6D36E7 (will be closed)
20:44:11 [TestNG-test-Test-3] INFO  verifyingDisplaySizeFilterFunctionality_Laptop_20-29-42 - [verifyingDisplaySizeFilterFunctionality_Laptop_20-29-42] Successfully switched to new tab/window -> D3A8353CA51228109AD3E17F2B6D36E7
20:44:12 [TestNG-test-Test-3] INFO  verifyingDisplaySizeFilterFunctionality_Laptop_20-29-42 - [verifyingDisplaySizeFilterFunctionality_Laptop_20-29-42] Closed the newly opened tab/window -> D3A8353CA51228109AD3E17F2B6D36E7
20:44:12 [TestNG-test-Test-3] INFO  verifyingDisplaySizeFilterFunctionality_Laptop_20-29-42 - [verifyingDisplaySizeFilterFunctionality_Laptop_20-29-42] Switched back to the original window -> 4FD498FF7C268EAD07E38C1D5D5B2EA7
20:44:12 [TestNG-test-Test-3] INFO  verifyingDisplaySizeFilterFunctionality_Laptop_20-29-42 - [verifyingDisplaySizeFilterFunctionality_Laptop_20-29-42]  going back to product listing via closeCurrentWindowAndSwitchBack 
20:44:12 [TestNG-test-Test-3] INFO  verifyingDisplaySizeFilterFunctionality_Laptop_20-29-42 - [verifyingDisplaySizeFilterFunctionality_Laptop_20-29-42]  Added 'filter','title','keyFeatures', 'about', 'techDetails' into the Map -> productResult
20:44:12 [TestNG-test-Test-3] INFO  verifyingDisplaySizeFilterFunctionality_Laptop_20-29-42 - [verifyingDisplaySizeFilterFunctionality_Laptop_20-29-42]  Added 'productResult' Map into the 'results' i.e list of maps 
20:44:12 [TestNG-test-Test-3] INFO  verifyingDisplaySizeFilterFunctionality_Laptop_20-29-42 - [verifyingDisplaySizeFilterFunctionality_Laptop_20-29-42]==========================================================================================================
20:44:12 [TestNG-test-Test-3] INFO  verifyingDisplaySizeFilterFunctionality_Laptop_20-29-42 - [verifyingDisplaySizeFilterFunctionality_Laptop_20-29-42] Within safeFindElements 
20:44:12 [TestNG-test-Test-3] INFO  verifyingDisplaySizeFilterFunctionality_Laptop_20-29-42 - [verifyingDisplaySizeFilterFunctionality_Laptop_20-29-42] Returning the  [[[ChromeDriver: chrome on windows (5f28c669577438246038219e80837668)] -> xpath: //div[@data-cy='title-recipe']], [[ChromeDriver: chrome on windows (5f28c669577438246038219e80837668)] -> xpath: //div[@data-cy='title-recipe']], [[ChromeDriver: chrome on windows (5f28c669577438246038219e80837668)] -> xpath: //div[@data-cy='title-recipe']], [[ChromeDriver: chrome on windows (5f28c669577438246038219e80837668)] -> xpath: //div[@data-cy='title-recipe']], [[ChromeDriver: chrome on windows (5f28c669577438246038219e80837668)] -> xpath: //div[@data-cy='title-recipe']], [[ChromeDriver: chrome on windows (5f28c669577438246038219e80837668)] -> xpath: //div[@data-cy='title-recipe']], [[ChromeDriver: chrome on windows (5f28c669577438246038219e80837668)] -> xpath: //div[@data-cy='title-recipe']], [[ChromeDriver: chrome on windows (5f28c669577438246038219e80837668)] -> xpath: //div[@data-cy='title-recipe']], [[ChromeDriver: chrome on windows (5f28c669577438246038219e80837668)] -> xpath: //div[@data-cy='title-recipe']], [[ChromeDriver: chrome on windows (5f28c669577438246038219e80837668)] -> xpath: //div[@data-cy='title-recipe']], [[ChromeDriver: chrome on windows (5f28c669577438246038219e80837668)] -> xpath: //div[@data-cy='title-recipe']], [[ChromeDriver: chrome on windows (5f28c669577438246038219e80837668)] -> xpath: //div[@data-cy='title-recipe']], [[ChromeDriver: chrome on windows (5f28c669577438246038219e80837668)] -> xpath: //div[@data-cy='title-recipe']], [[ChromeDriver: chrome on windows (5f28c669577438246038219e80837668)] -> xpath: //div[@data-cy='title-recipe']], [[ChromeDriver: chrome on windows (5f28c669577438246038219e80837668)] -> xpath: //div[@data-cy='title-recipe']], [[ChromeDriver: chrome on windows (5f28c669577438246038219e80837668)] -> xpath: //div[@data-cy='title-recipe']]] from the safeFindElements method
20:44:12 [TestNG-test-Test-3] INFO  verifyingDisplaySizeFilterFunctionality_Laptop_20-29-42 - [verifyingDisplaySizeFilterFunctionality_Laptop_20-29-42] Within productNameListingPage loop in applyFilterAndValidateProductsWithResult
20:44:12 [TestNG-test-Test-3] INFO  verifyingDisplaySizeFilterFunctionality_Laptop_20-29-42 - [verifyingDisplaySizeFilterFunctionality_Laptop_20-29-42] Within getProductByIndex method
20:44:12 [TestNG-test-Test-3] INFO  verifyingDisplaySizeFilterFunctionality_Laptop_20-29-42 - [verifyingDisplaySizeFilterFunctionality_Laptop_20-29-42] Within safeFindElement method
20:44:12 [TestNG-test-Test-3] INFO  verifyingDisplaySizeFilterFunctionality_Laptop_20-29-42 - [verifyingDisplaySizeFilterFunctionality_Laptop_20-29-42]Found the element returning it ,element ->[[ChromeDriver: chrome on windows (5f28c669577438246038219e80837668)] -> xpath: (//div[@data-cy='title-recipe'])[2]]
20:44:12 [TestNG-test-Test-3] INFO  verifyingDisplaySizeFilterFunctionality_Laptop_20-29-42 - [verifyingDisplaySizeFilterFunctionality_Laptop_20-29-42] Within getProductByIndex method
20:44:12 [TestNG-test-Test-3] INFO  verifyingDisplaySizeFilterFunctionality_Laptop_20-29-42 - [verifyingDisplaySizeFilterFunctionality_Laptop_20-29-42] Within smoothScrollToElement method
20:44:12 [TestNG-test-Test-3] INFO  verifyingDisplaySizeFilterFunctionality_Laptop_20-29-42 - [verifyingDisplaySizeFilterFunctionality_Laptop_20-29-42] Within safeFindElement method
20:44:12 [TestNG-test-Test-3] INFO  verifyingDisplaySizeFilterFunctionality_Laptop_20-29-42 - [verifyingDisplaySizeFilterFunctionality_Laptop_20-29-42]Found the element returning it ,element ->[[ChromeDriver: chrome on windows (5f28c669577438246038219e80837668)] -> xpath: (//div[@data-cy='title-recipe'])[2]]
20:44:12 [TestNG-test-Test-3] INFO  verifyingDisplaySizeFilterFunctionality_Laptop_20-29-42 - [verifyingDisplaySizeFilterFunctionality_Laptop_20-29-42] Successfully scrolled to element: By.xpath: (//div[@data-cy='title-recipe'])[2]
20:44:12 [TestNG-test-Test-3] INFO  verifyingDisplaySizeFilterFunctionality_Laptop_20-29-42 - [verifyingDisplaySizeFilterFunctionality_Laptop_20-29-42] Getting product by index in productNameListingPage loop
20:44:12 [TestNG-test-Test-3] INFO  verifyingDisplaySizeFilterFunctionality_Laptop_20-29-42 - [verifyingDisplaySizeFilterFunctionality_Laptop_20-29-42] Opened product in new tab via Ctrl+Click inside productNameListingPage loop
20:44:12 [TestNG-test-Test-3] INFO  verifyingDisplaySizeFilterFunctionality_Laptop_20-29-42 - [verifyingDisplaySizeFilterFunctionality_Laptop_20-29-42] Waiting for new window to open...
20:44:12 [TestNG-test-Test-3] INFO  verifyingDisplaySizeFilterFunctionality_Laptop_20-29-42 - [verifyingDisplaySizeFilterFunctionality_Laptop_20-29-42] Switched to new window -> F8C576B4EF05DC5F891922D5D28657F6
20:44:12 [TestNG-test-Test-3] INFO  verifyingDisplaySizeFilterFunctionality_Laptop_20-29-42 - [verifyingDisplaySizeFilterFunctionality_Laptop_20-29-42] Swithcing to the new window  within productNameListingPage loop
20:44:12 [TestNG-test-Test-3] INFO  verifyingDisplaySizeFilterFunctionality_Laptop_20-29-42 - [verifyingDisplaySizeFilterFunctionality_Laptop_20-29-42] Clicked product name to open in new tab from productNameListingPage loop
20:44:12 [TestNG-test-Test-3] INFO  verifyingDisplaySizeFilterFunctionality_Laptop_20-29-42 - [verifyingDisplaySizeFilterFunctionality_Laptop_20-29-42] Within safeFindElement method
20:44:16 [TestNG-test-Test-3] INFO  verifyingDisplaySizeFilterFunctionality_Laptop_20-29-42 - [verifyingDisplaySizeFilterFunctionality_Laptop_20-29-42]Found the element returning it ,element ->[[ChromeDriver: chrome on windows (5f28c669577438246038219e80837668)] -> xpath: //span[@id='productTitle']]
20:44:16 [TestNG-test-Test-3] INFO  verifyingDisplaySizeFilterFunctionality_Laptop_20-29-42 - [verifyingDisplaySizeFilterFunctionality_Laptop_20-29-42] Within safeFindElement method
20:44:16 [TestNG-test-Test-3] INFO  verifyingDisplaySizeFilterFunctionality_Laptop_20-29-42 - [verifyingDisplaySizeFilterFunctionality_Laptop_20-29-42]Found the element returning it ,element ->[[ChromeDriver: chrome on windows (5f28c669577438246038219e80837668)] -> xpath: //div[@class='a-section a-spacing-small a-spacing-top-small']]
20:44:16 [TestNG-test-Test-3] INFO  verifyingDisplaySizeFilterFunctionality_Laptop_20-29-42 - [verifyingDisplaySizeFilterFunctionality_Laptop_20-29-42] Within safeFindElement method
20:44:16 [TestNG-test-Test-3] INFO  verifyingDisplaySizeFilterFunctionality_Laptop_20-29-42 - [verifyingDisplaySizeFilterFunctionality_Laptop_20-29-42]Found the element returning it ,element ->[[ChromeDriver: chrome on windows (5f28c669577438246038219e80837668)] -> xpath: //div[@id='feature-bullets']]
20:44:16 [TestNG-test-Test-3] INFO  verifyingDisplaySizeFilterFunctionality_Laptop_20-29-42 - [verifyingDisplaySizeFilterFunctionality_Laptop_20-29-42] Within safeFindElement method
20:44:17 [TestNG-test-Test-3] INFO  verifyingDisplaySizeFilterFunctionality_Laptop_20-29-42 - [verifyingDisplaySizeFilterFunctionality_Laptop_20-29-42]Found the element returning it ,element ->[[ChromeDriver: chrome on windows (5f28c669577438246038219e80837668)] -> xpath: //div[@id='prodDetails']]
20:44:17 [TestNG-test-Test-3] INFO  verifyingDisplaySizeFilterFunctionality_Laptop_20-29-42 - [verifyingDisplaySizeFilterFunctionality_Laptop_20-29-42] Extracting 'name' , 'keyFeatures', 'about' , 'techDetails' within productNameListingPage loop
20:44:17 [TestNG-test-Test-3] INFO  verifyingDisplaySizeFilterFunctionality_Laptop_20-29-42 - [verifyingDisplaySizeFilterFunctionality_Laptop_20-29-42] Waiting until element is visible in viewport
20:44:27 [TestNG-test-Test-3] INFO  verifyingDisplaySizeFilterFunctionality_Laptop_20-29-42 - [verifyingDisplaySizeFilterFunctionality_Laptop_20-29-42] Within smoothScrollToElement method
20:44:27 [TestNG-test-Test-3] INFO  verifyingDisplaySizeFilterFunctionality_Laptop_20-29-42 - [verifyingDisplaySizeFilterFunctionality_Laptop_20-29-42] Within safeFindElement method
20:44:27 [TestNG-test-Test-3] INFO  verifyingDisplaySizeFilterFunctionality_Laptop_20-29-42 - [verifyingDisplaySizeFilterFunctionality_Laptop_20-29-42]Found the element returning it ,element ->[[ChromeDriver: chrome on windows (5f28c669577438246038219e80837668)] -> xpath: //a[@id='seeMoreDetailsLink']]
20:44:27 [TestNG-test-Test-3] INFO  verifyingDisplaySizeFilterFunctionality_Laptop_20-29-42 - [verifyingDisplaySizeFilterFunctionality_Laptop_20-29-42] Successfully scrolled to element: By.xpath: //a[@id='seeMoreDetailsLink']
20:44:27 [TestNG-test-Test-3] INFO  verifyingDisplaySizeFilterFunctionality_Laptop_20-29-42 - [verifyingDisplaySizeFilterFunctionality_Laptop_20-29-42] Within safeClick method
20:44:28 [TestNG-test-Test-3] INFO  verifyingDisplaySizeFilterFunctionality_Laptop_20-29-42 - [verifyingDisplaySizeFilterFunctionality_Laptop_20-29-42] Clicked the  [[ChromeDriver: chrome on windows (5f28c669577438246038219e80837668)] -> xpath: //a[@id='seeMoreDetailsLink']]   using safeClick
20:44:28 [TestNG-test-Test-3] INFO  verifyingDisplaySizeFilterFunctionality_Laptop_20-29-42 - [verifyingDisplaySizeFilterFunctionality_Laptop_20-29-42] Within try block for clicking see more deatils within productNameListingPage loop
20:44:28 [TestNG-test-Test-3] INFO  verifyingDisplaySizeFilterFunctionality_Laptop_20-29-42 - [verifyingDisplaySizeFilterFunctionality_Laptop_20-29-42] Within closeCurrentWindowAndSwitchBack method
20:44:28 [TestNG-test-Test-3] INFO  verifyingDisplaySizeFilterFunctionality_Laptop_20-29-42 - [verifyingDisplaySizeFilterFunctionality_Laptop_20-29-42] Total open windows/tabs count -> 2
20:44:28 [TestNG-test-Test-3] INFO  verifyingDisplaySizeFilterFunctionality_Laptop_20-29-42 - [verifyingDisplaySizeFilterFunctionality_Laptop_20-29-42] Original window handle -> 4FD498FF7C268EAD07E38C1D5D5B2EA7
20:44:28 [TestNG-test-Test-3] INFO  verifyingDisplaySizeFilterFunctionality_Laptop_20-29-42 - [verifyingDisplaySizeFilterFunctionality_Laptop_20-29-42] Found new tab/window handle -> F8C576B4EF05DC5F891922D5D28657F6 (will be closed)
20:44:28 [TestNG-test-Test-3] INFO  verifyingDisplaySizeFilterFunctionality_Laptop_20-29-42 - [verifyingDisplaySizeFilterFunctionality_Laptop_20-29-42] Successfully switched to new tab/window -> F8C576B4EF05DC5F891922D5D28657F6
20:44:28 [TestNG-test-Test-3] INFO  verifyingDisplaySizeFilterFunctionality_Laptop_20-29-42 - [verifyingDisplaySizeFilterFunctionality_Laptop_20-29-42] Closed the newly opened tab/window -> F8C576B4EF05DC5F891922D5D28657F6
20:44:28 [TestNG-test-Test-3] INFO  verifyingDisplaySizeFilterFunctionality_Laptop_20-29-42 - [verifyingDisplaySizeFilterFunctionality_Laptop_20-29-42] Switched back to the original window -> 4FD498FF7C268EAD07E38C1D5D5B2EA7
20:44:28 [TestNG-test-Test-3] INFO  verifyingDisplaySizeFilterFunctionality_Laptop_20-29-42 - [verifyingDisplaySizeFilterFunctionality_Laptop_20-29-42]  going back to product listing via closeCurrentWindowAndSwitchBack 
20:44:28 [TestNG-test-Test-3] INFO  verifyingDisplaySizeFilterFunctionality_Laptop_20-29-42 - [verifyingDisplaySizeFilterFunctionality_Laptop_20-29-42]  Added 'filter','title','keyFeatures', 'about', 'techDetails' into the Map -> productResult
20:44:28 [TestNG-test-Test-3] INFO  verifyingDisplaySizeFilterFunctionality_Laptop_20-29-42 - [verifyingDisplaySizeFilterFunctionality_Laptop_20-29-42]  Added 'productResult' Map into the 'results' i.e list of maps 
20:44:28 [TestNG-test-Test-3] INFO  verifyingDisplaySizeFilterFunctionality_Laptop_20-29-42 - [verifyingDisplaySizeFilterFunctionality_Laptop_20-29-42]==========================================================================================================
20:44:28 [TestNG-test-Test-3] INFO  verifyingDisplaySizeFilterFunctionality_Laptop_20-29-42 - [verifyingDisplaySizeFilterFunctionality_Laptop_20-29-42] Within safeFindElements 
20:44:28 [TestNG-test-Test-3] INFO  verifyingDisplaySizeFilterFunctionality_Laptop_20-29-42 - [verifyingDisplaySizeFilterFunctionality_Laptop_20-29-42] Returning the  [[[ChromeDriver: chrome on windows (5f28c669577438246038219e80837668)] -> xpath: //div[@data-cy='title-recipe']], [[ChromeDriver: chrome on windows (5f28c669577438246038219e80837668)] -> xpath: //div[@data-cy='title-recipe']], [[ChromeDriver: chrome on windows (5f28c669577438246038219e80837668)] -> xpath: //div[@data-cy='title-recipe']], [[ChromeDriver: chrome on windows (5f28c669577438246038219e80837668)] -> xpath: //div[@data-cy='title-recipe']], [[ChromeDriver: chrome on windows (5f28c669577438246038219e80837668)] -> xpath: //div[@data-cy='title-recipe']], [[ChromeDriver: chrome on windows (5f28c669577438246038219e80837668)] -> xpath: //div[@data-cy='title-recipe']], [[ChromeDriver: chrome on windows (5f28c669577438246038219e80837668)] -> xpath: //div[@data-cy='title-recipe']], [[ChromeDriver: chrome on windows (5f28c669577438246038219e80837668)] -> xpath: //div[@data-cy='title-recipe']], [[ChromeDriver: chrome on windows (5f28c669577438246038219e80837668)] -> xpath: //div[@data-cy='title-recipe']], [[ChromeDriver: chrome on windows (5f28c669577438246038219e80837668)] -> xpath: //div[@data-cy='title-recipe']], [[ChromeDriver: chrome on windows (5f28c669577438246038219e80837668)] -> xpath: //div[@data-cy='title-recipe']], [[ChromeDriver: chrome on windows (5f28c669577438246038219e80837668)] -> xpath: //div[@data-cy='title-recipe']], [[ChromeDriver: chrome on windows (5f28c669577438246038219e80837668)] -> xpath: //div[@data-cy='title-recipe']], [[ChromeDriver: chrome on windows (5f28c669577438246038219e80837668)] -> xpath: //div[@data-cy='title-recipe']], [[ChromeDriver: chrome on windows (5f28c669577438246038219e80837668)] -> xpath: //div[@data-cy='title-recipe']], [[ChromeDriver: chrome on windows (5f28c669577438246038219e80837668)] -> xpath: //div[@data-cy='title-recipe']]] from the safeFindElements method
20:44:28 [TestNG-test-Test-3] INFO  verifyingDisplaySizeFilterFunctionality_Laptop_20-29-42 - [verifyingDisplaySizeFilterFunctionality_Laptop_20-29-42] Within productNameListingPage loop in applyFilterAndValidateProductsWithResult
20:44:28 [TestNG-test-Test-3] INFO  verifyingDisplaySizeFilterFunctionality_Laptop_20-29-42 - [verifyingDisplaySizeFilterFunctionality_Laptop_20-29-42] Within getProductByIndex method
20:44:28 [TestNG-test-Test-3] INFO  verifyingDisplaySizeFilterFunctionality_Laptop_20-29-42 - [verifyingDisplaySizeFilterFunctionality_Laptop_20-29-42] Within safeFindElement method
20:44:28 [TestNG-test-Test-3] INFO  verifyingDisplaySizeFilterFunctionality_Laptop_20-29-42 - [verifyingDisplaySizeFilterFunctionality_Laptop_20-29-42]Found the element returning it ,element ->[[ChromeDriver: chrome on windows (5f28c669577438246038219e80837668)] -> xpath: (//div[@data-cy='title-recipe'])[3]]
20:44:28 [TestNG-test-Test-3] INFO  verifyingDisplaySizeFilterFunctionality_Laptop_20-29-42 - [verifyingDisplaySizeFilterFunctionality_Laptop_20-29-42] Within getProductByIndex method
20:44:28 [TestNG-test-Test-3] INFO  verifyingDisplaySizeFilterFunctionality_Laptop_20-29-42 - [verifyingDisplaySizeFilterFunctionality_Laptop_20-29-42] Within smoothScrollToElement method
20:44:28 [TestNG-test-Test-3] INFO  verifyingDisplaySizeFilterFunctionality_Laptop_20-29-42 - [verifyingDisplaySizeFilterFunctionality_Laptop_20-29-42] Within safeFindElement method
20:44:28 [TestNG-test-Test-3] INFO  verifyingDisplaySizeFilterFunctionality_Laptop_20-29-42 - [verifyingDisplaySizeFilterFunctionality_Laptop_20-29-42]Found the element returning it ,element ->[[ChromeDriver: chrome on windows (5f28c669577438246038219e80837668)] -> xpath: (//div[@data-cy='title-recipe'])[3]]
20:44:28 [TestNG-test-Test-3] INFO  verifyingDisplaySizeFilterFunctionality_Laptop_20-29-42 - [verifyingDisplaySizeFilterFunctionality_Laptop_20-29-42] Successfully scrolled to element: By.xpath: (//div[@data-cy='title-recipe'])[3]
20:44:28 [TestNG-test-Test-3] INFO  verifyingDisplaySizeFilterFunctionality_Laptop_20-29-42 - [verifyingDisplaySizeFilterFunctionality_Laptop_20-29-42] Getting product by index in productNameListingPage loop
20:44:29 [TestNG-test-Test-3] INFO  verifyingDisplaySizeFilterFunctionality_Laptop_20-29-42 - [verifyingDisplaySizeFilterFunctionality_Laptop_20-29-42] Opened product in new tab via Ctrl+Click inside productNameListingPage loop
20:44:29 [TestNG-test-Test-3] INFO  verifyingDisplaySizeFilterFunctionality_Laptop_20-29-42 - [verifyingDisplaySizeFilterFunctionality_Laptop_20-29-42] Waiting for new window to open...
20:44:29 [TestNG-test-Test-3] INFO  verifyingDisplaySizeFilterFunctionality_Laptop_20-29-42 - [verifyingDisplaySizeFilterFunctionality_Laptop_20-29-42] Switched to new window -> 6864AA3FB2039007B226239B20F94D4C
20:44:29 [TestNG-test-Test-3] INFO  verifyingDisplaySizeFilterFunctionality_Laptop_20-29-42 - [verifyingDisplaySizeFilterFunctionality_Laptop_20-29-42] Swithcing to the new window  within productNameListingPage loop
20:44:29 [TestNG-test-Test-3] INFO  verifyingDisplaySizeFilterFunctionality_Laptop_20-29-42 - [verifyingDisplaySizeFilterFunctionality_Laptop_20-29-42] Clicked product name to open in new tab from productNameListingPage loop
20:44:29 [TestNG-test-Test-3] INFO  verifyingDisplaySizeFilterFunctionality_Laptop_20-29-42 - [verifyingDisplaySizeFilterFunctionality_Laptop_20-29-42] Within safeFindElement method
20:44:32 [TestNG-test-Test-3] INFO  verifyingDisplaySizeFilterFunctionality_Laptop_20-29-42 - [verifyingDisplaySizeFilterFunctionality_Laptop_20-29-42]Found the element returning it ,element ->[[ChromeDriver: chrome on windows (5f28c669577438246038219e80837668)] -> xpath: //span[@id='productTitle']]
20:44:32 [TestNG-test-Test-3] INFO  verifyingDisplaySizeFilterFunctionality_Laptop_20-29-42 - [verifyingDisplaySizeFilterFunctionality_Laptop_20-29-42] Within safeFindElement method
20:44:32 [TestNG-test-Test-3] INFO  verifyingDisplaySizeFilterFunctionality_Laptop_20-29-42 - [verifyingDisplaySizeFilterFunctionality_Laptop_20-29-42]Found the element returning it ,element ->[[ChromeDriver: chrome on windows (5f28c669577438246038219e80837668)] -> xpath: //div[@class='a-section a-spacing-small a-spacing-top-small']]
20:44:32 [TestNG-test-Test-3] INFO  verifyingDisplaySizeFilterFunctionality_Laptop_20-29-42 - [verifyingDisplaySizeFilterFunctionality_Laptop_20-29-42] Within safeFindElement method
20:44:32 [TestNG-test-Test-3] INFO  verifyingDisplaySizeFilterFunctionality_Laptop_20-29-42 - [verifyingDisplaySizeFilterFunctionality_Laptop_20-29-42]Found the element returning it ,element ->[[ChromeDriver: chrome on windows (5f28c669577438246038219e80837668)] -> xpath: //div[@id='feature-bullets']]
20:44:32 [TestNG-test-Test-3] INFO  verifyingDisplaySizeFilterFunctionality_Laptop_20-29-42 - [verifyingDisplaySizeFilterFunctionality_Laptop_20-29-42] Within safeFindElement method
20:44:33 [TestNG-test-Test-3] INFO  verifyingDisplaySizeFilterFunctionality_Laptop_20-29-42 - [verifyingDisplaySizeFilterFunctionality_Laptop_20-29-42]Found the element returning it ,element ->[[ChromeDriver: chrome on windows (5f28c669577438246038219e80837668)] -> xpath: //div[@id='prodDetails']]
20:44:33 [TestNG-test-Test-3] INFO  verifyingDisplaySizeFilterFunctionality_Laptop_20-29-42 - [verifyingDisplaySizeFilterFunctionality_Laptop_20-29-42] Extracting 'name' , 'keyFeatures', 'about' , 'techDetails' within productNameListingPage loop
20:44:33 [TestNG-test-Test-3] INFO  verifyingDisplaySizeFilterFunctionality_Laptop_20-29-42 - [verifyingDisplaySizeFilterFunctionality_Laptop_20-29-42] Waiting until element is visible in viewport
20:44:33 [TestNG-test-Test-3] INFO  verifyingDisplaySizeFilterFunctionality_Laptop_20-29-42 - [verifyingDisplaySizeFilterFunctionality_Laptop_20-29-42] Within smoothScrollToElement method
20:44:33 [TestNG-test-Test-3] INFO  verifyingDisplaySizeFilterFunctionality_Laptop_20-29-42 - [verifyingDisplaySizeFilterFunctionality_Laptop_20-29-42] Within safeFindElement method
20:44:33 [TestNG-test-Test-3] INFO  verifyingDisplaySizeFilterFunctionality_Laptop_20-29-42 - [verifyingDisplaySizeFilterFunctionality_Laptop_20-29-42]Found the element returning it ,element ->[[ChromeDriver: chrome on windows (5f28c669577438246038219e80837668)] -> xpath: //a[@id='seeMoreDetailsLink']]
20:44:33 [TestNG-test-Test-3] INFO  verifyingDisplaySizeFilterFunctionality_Laptop_20-29-42 - [verifyingDisplaySizeFilterFunctionality_Laptop_20-29-42] Successfully scrolled to element: By.xpath: //a[@id='seeMoreDetailsLink']
20:44:33 [TestNG-test-Test-3] INFO  verifyingDisplaySizeFilterFunctionality_Laptop_20-29-42 - [verifyingDisplaySizeFilterFunctionality_Laptop_20-29-42] Within safeClick method
20:44:33 [TestNG-test-Test-3] INFO  verifyingDisplaySizeFilterFunctionality_Laptop_20-29-42 - [verifyingDisplaySizeFilterFunctionality_Laptop_20-29-42] Clicked the  [[ChromeDriver: chrome on windows (5f28c669577438246038219e80837668)] -> xpath: //a[@id='seeMoreDetailsLink']]   using safeClick
20:44:33 [TestNG-test-Test-3] INFO  verifyingDisplaySizeFilterFunctionality_Laptop_20-29-42 - [verifyingDisplaySizeFilterFunctionality_Laptop_20-29-42] Within try block for clicking see more deatils within productNameListingPage loop
20:44:33 [TestNG-test-Test-3] INFO  verifyingDisplaySizeFilterFunctionality_Laptop_20-29-42 - [verifyingDisplaySizeFilterFunctionality_Laptop_20-29-42] Within closeCurrentWindowAndSwitchBack method
20:44:33 [TestNG-test-Test-3] INFO  verifyingDisplaySizeFilterFunctionality_Laptop_20-29-42 - [verifyingDisplaySizeFilterFunctionality_Laptop_20-29-42] Total open windows/tabs count -> 2
20:44:33 [TestNG-test-Test-3] INFO  verifyingDisplaySizeFilterFunctionality_Laptop_20-29-42 - [verifyingDisplaySizeFilterFunctionality_Laptop_20-29-42] Original window handle -> 4FD498FF7C268EAD07E38C1D5D5B2EA7
20:44:33 [TestNG-test-Test-3] INFO  verifyingDisplaySizeFilterFunctionality_Laptop_20-29-42 - [verifyingDisplaySizeFilterFunctionality_Laptop_20-29-42] Found new tab/window handle -> 6864AA3FB2039007B226239B20F94D4C (will be closed)
20:44:33 [TestNG-test-Test-3] INFO  verifyingDisplaySizeFilterFunctionality_Laptop_20-29-42 - [verifyingDisplaySizeFilterFunctionality_Laptop_20-29-42] Successfully switched to new tab/window -> 6864AA3FB2039007B226239B20F94D4C
20:44:34 [TestNG-test-Test-3] INFO  verifyingDisplaySizeFilterFunctionality_Laptop_20-29-42 - [verifyingDisplaySizeFilterFunctionality_Laptop_20-29-42] Closed the newly opened tab/window -> 6864AA3FB2039007B226239B20F94D4C
20:44:34 [TestNG-test-Test-3] INFO  verifyingDisplaySizeFilterFunctionality_Laptop_20-29-42 - [verifyingDisplaySizeFilterFunctionality_Laptop_20-29-42] Switched back to the original window -> 4FD498FF7C268EAD07E38C1D5D5B2EA7
20:44:34 [TestNG-test-Test-3] INFO  verifyingDisplaySizeFilterFunctionality_Laptop_20-29-42 - [verifyingDisplaySizeFilterFunctionality_Laptop_20-29-42]  going back to product listing via closeCurrentWindowAndSwitchBack 
20:44:34 [TestNG-test-Test-3] INFO  verifyingDisplaySizeFilterFunctionality_Laptop_20-29-42 - [verifyingDisplaySizeFilterFunctionality_Laptop_20-29-42]  Added 'filter','title','keyFeatures', 'about', 'techDetails' into the Map -> productResult
20:44:34 [TestNG-test-Test-3] INFO  verifyingDisplaySizeFilterFunctionality_Laptop_20-29-42 - [verifyingDisplaySizeFilterFunctionality_Laptop_20-29-42]  Added 'productResult' Map into the 'results' i.e list of maps 
20:44:34 [TestNG-test-Test-3] INFO  verifyingDisplaySizeFilterFunctionality_Laptop_20-29-42 - [verifyingDisplaySizeFilterFunctionality_Laptop_20-29-42]==========================================================================================================
20:44:34 [TestNG-test-Test-3] INFO  verifyingDisplaySizeFilterFunctionality_Laptop_20-29-42 - [verifyingDisplaySizeFilterFunctionality_Laptop_20-29-42] Within safeFindElements 
20:44:34 [TestNG-test-Test-3] INFO  verifyingDisplaySizeFilterFunctionality_Laptop_20-29-42 - [verifyingDisplaySizeFilterFunctionality_Laptop_20-29-42] Returning the  [[[ChromeDriver: chrome on windows (5f28c669577438246038219e80837668)] -> xpath: //div[@data-cy='title-recipe']], [[ChromeDriver: chrome on windows (5f28c669577438246038219e80837668)] -> xpath: //div[@data-cy='title-recipe']], [[ChromeDriver: chrome on windows (5f28c669577438246038219e80837668)] -> xpath: //div[@data-cy='title-recipe']], [[ChromeDriver: chrome on windows (5f28c669577438246038219e80837668)] -> xpath: //div[@data-cy='title-recipe']], [[ChromeDriver: chrome on windows (5f28c669577438246038219e80837668)] -> xpath: //div[@data-cy='title-recipe']], [[ChromeDriver: chrome on windows (5f28c669577438246038219e80837668)] -> xpath: //div[@data-cy='title-recipe']], [[ChromeDriver: chrome on windows (5f28c669577438246038219e80837668)] -> xpath: //div[@data-cy='title-recipe']], [[ChromeDriver: chrome on windows (5f28c669577438246038219e80837668)] -> xpath: //div[@data-cy='title-recipe']], [[ChromeDriver: chrome on windows (5f28c669577438246038219e80837668)] -> xpath: //div[@data-cy='title-recipe']], [[ChromeDriver: chrome on windows (5f28c669577438246038219e80837668)] -> xpath: //div[@data-cy='title-recipe']], [[ChromeDriver: chrome on windows (5f28c669577438246038219e80837668)] -> xpath: //div[@data-cy='title-recipe']], [[ChromeDriver: chrome on windows (5f28c669577438246038219e80837668)] -> xpath: //div[@data-cy='title-recipe']], [[ChromeDriver: chrome on windows (5f28c669577438246038219e80837668)] -> xpath: //div[@data-cy='title-recipe']], [[ChromeDriver: chrome on windows (5f28c669577438246038219e80837668)] -> xpath: //div[@data-cy='title-recipe']], [[ChromeDriver: chrome on windows (5f28c669577438246038219e80837668)] -> xpath: //div[@data-cy='title-recipe']], [[ChromeDriver: chrome on windows (5f28c669577438246038219e80837668)] -> xpath: //div[@data-cy='title-recipe']]] from the safeFindElements method
20:44:34 [TestNG-test-Test-3] INFO  verifyingDisplaySizeFilterFunctionality_Laptop_20-29-42 - [verifyingDisplaySizeFilterFunctionality_Laptop_20-29-42] Within productNameListingPage loop in applyFilterAndValidateProductsWithResult
20:44:34 [TestNG-test-Test-3] INFO  verifyingDisplaySizeFilterFunctionality_Laptop_20-29-42 - [verifyingDisplaySizeFilterFunctionality_Laptop_20-29-42] Within getProductByIndex method
20:44:34 [TestNG-test-Test-3] INFO  verifyingDisplaySizeFilterFunctionality_Laptop_20-29-42 - [verifyingDisplaySizeFilterFunctionality_Laptop_20-29-42] Within safeFindElement method
20:44:34 [TestNG-test-Test-3] INFO  verifyingDisplaySizeFilterFunctionality_Laptop_20-29-42 - [verifyingDisplaySizeFilterFunctionality_Laptop_20-29-42]Found the element returning it ,element ->[[ChromeDriver: chrome on windows (5f28c669577438246038219e80837668)] -> xpath: (//div[@data-cy='title-recipe'])[4]]
20:44:34 [TestNG-test-Test-3] INFO  verifyingDisplaySizeFilterFunctionality_Laptop_20-29-42 - [verifyingDisplaySizeFilterFunctionality_Laptop_20-29-42] Within getProductByIndex method
20:44:34 [TestNG-test-Test-3] INFO  verifyingDisplaySizeFilterFunctionality_Laptop_20-29-42 - [verifyingDisplaySizeFilterFunctionality_Laptop_20-29-42] Within smoothScrollToElement method
20:44:34 [TestNG-test-Test-3] INFO  verifyingDisplaySizeFilterFunctionality_Laptop_20-29-42 - [verifyingDisplaySizeFilterFunctionality_Laptop_20-29-42] Within safeFindElement method
20:44:34 [TestNG-test-Test-3] INFO  verifyingDisplaySizeFilterFunctionality_Laptop_20-29-42 - [verifyingDisplaySizeFilterFunctionality_Laptop_20-29-42]Found the element returning it ,element ->[[ChromeDriver: chrome on windows (5f28c669577438246038219e80837668)] -> xpath: (//div[@data-cy='title-recipe'])[4]]
20:44:34 [TestNG-test-Test-3] INFO  verifyingDisplaySizeFilterFunctionality_Laptop_20-29-42 - [verifyingDisplaySizeFilterFunctionality_Laptop_20-29-42] Successfully scrolled to element: By.xpath: (//div[@data-cy='title-recipe'])[4]
20:44:34 [TestNG-test-Test-3] INFO  verifyingDisplaySizeFilterFunctionality_Laptop_20-29-42 - [verifyingDisplaySizeFilterFunctionality_Laptop_20-29-42] Getting product by index in productNameListingPage loop
20:44:34 [TestNG-test-Test-3] INFO  verifyingDisplaySizeFilterFunctionality_Laptop_20-29-42 - [verifyingDisplaySizeFilterFunctionality_Laptop_20-29-42] Opened product in new tab via Ctrl+Click inside productNameListingPage loop
20:44:34 [TestNG-test-Test-3] INFO  verifyingDisplaySizeFilterFunctionality_Laptop_20-29-42 - [verifyingDisplaySizeFilterFunctionality_Laptop_20-29-42] Waiting for new window to open...
20:44:34 [TestNG-test-Test-3] INFO  verifyingDisplaySizeFilterFunctionality_Laptop_20-29-42 - [verifyingDisplaySizeFilterFunctionality_Laptop_20-29-42] Switched to new window -> 947A93E8675EB6845B07E29C48D1E736
20:44:34 [TestNG-test-Test-3] INFO  verifyingDisplaySizeFilterFunctionality_Laptop_20-29-42 - [verifyingDisplaySizeFilterFunctionality_Laptop_20-29-42] Swithcing to the new window  within productNameListingPage loop
20:44:34 [TestNG-test-Test-3] INFO  verifyingDisplaySizeFilterFunctionality_Laptop_20-29-42 - [verifyingDisplaySizeFilterFunctionality_Laptop_20-29-42] Clicked product name to open in new tab from productNameListingPage loop
20:44:34 [TestNG-test-Test-3] INFO  verifyingDisplaySizeFilterFunctionality_Laptop_20-29-42 - [verifyingDisplaySizeFilterFunctionality_Laptop_20-29-42] Within safeFindElement method
20:44:37 [TestNG-test-Test-3] INFO  verifyingDisplaySizeFilterFunctionality_Laptop_20-29-42 - [verifyingDisplaySizeFilterFunctionality_Laptop_20-29-42]Found the element returning it ,element ->[[ChromeDriver: chrome on windows (5f28c669577438246038219e80837668)] -> xpath: //span[@id='productTitle']]
20:44:37 [TestNG-test-Test-3] INFO  verifyingDisplaySizeFilterFunctionality_Laptop_20-29-42 - [verifyingDisplaySizeFilterFunctionality_Laptop_20-29-42] Within safeFindElement method
20:44:37 [TestNG-test-Test-3] INFO  verifyingDisplaySizeFilterFunctionality_Laptop_20-29-42 - [verifyingDisplaySizeFilterFunctionality_Laptop_20-29-42]Found the element returning it ,element ->[[ChromeDriver: chrome on windows (5f28c669577438246038219e80837668)] -> xpath: //div[@class='a-section a-spacing-small a-spacing-top-small']]
20:44:37 [TestNG-test-Test-3] INFO  verifyingDisplaySizeFilterFunctionality_Laptop_20-29-42 - [verifyingDisplaySizeFilterFunctionality_Laptop_20-29-42] Within safeFindElement method
20:44:37 [TestNG-test-Test-3] INFO  verifyingDisplaySizeFilterFunctionality_Laptop_20-29-42 - [verifyingDisplaySizeFilterFunctionality_Laptop_20-29-42]Found the element returning it ,element ->[[ChromeDriver: chrome on windows (5f28c669577438246038219e80837668)] -> xpath: //div[@id='feature-bullets']]
20:44:37 [TestNG-test-Test-3] INFO  verifyingDisplaySizeFilterFunctionality_Laptop_20-29-42 - [verifyingDisplaySizeFilterFunctionality_Laptop_20-29-42] Within safeFindElement method
20:44:37 [TestNG-test-Test-3] INFO  verifyingDisplaySizeFilterFunctionality_Laptop_20-29-42 - [verifyingDisplaySizeFilterFunctionality_Laptop_20-29-42]Found the element returning it ,element ->[[ChromeDriver: chrome on windows (5f28c669577438246038219e80837668)] -> xpath: //div[@id='prodDetails']]
20:44:37 [TestNG-test-Test-3] INFO  verifyingDisplaySizeFilterFunctionality_Laptop_20-29-42 - [verifyingDisplaySizeFilterFunctionality_Laptop_20-29-42] Extracting 'name' , 'keyFeatures', 'about' , 'techDetails' within productNameListingPage loop
20:44:37 [TestNG-test-Test-3] INFO  verifyingDisplaySizeFilterFunctionality_Laptop_20-29-42 - [verifyingDisplaySizeFilterFunctionality_Laptop_20-29-42] Waiting until element is visible in viewport
20:44:48 [TestNG-test-Test-3] INFO  verifyingDisplaySizeFilterFunctionality_Laptop_20-29-42 - [verifyingDisplaySizeFilterFunctionality_Laptop_20-29-42] Within smoothScrollToElement method
20:44:48 [TestNG-test-Test-3] INFO  verifyingDisplaySizeFilterFunctionality_Laptop_20-29-42 - [verifyingDisplaySizeFilterFunctionality_Laptop_20-29-42] Within safeFindElement method
20:44:48 [TestNG-test-Test-3] INFO  verifyingDisplaySizeFilterFunctionality_Laptop_20-29-42 - [verifyingDisplaySizeFilterFunctionality_Laptop_20-29-42]Found the element returning it ,element ->[[ChromeDriver: chrome on windows (5f28c669577438246038219e80837668)] -> xpath: //a[@id='seeMoreDetailsLink']]
20:44:48 [TestNG-test-Test-3] INFO  verifyingDisplaySizeFilterFunctionality_Laptop_20-29-42 - [verifyingDisplaySizeFilterFunctionality_Laptop_20-29-42] Successfully scrolled to element: By.xpath: //a[@id='seeMoreDetailsLink']
20:44:48 [TestNG-test-Test-3] INFO  verifyingDisplaySizeFilterFunctionality_Laptop_20-29-42 - [verifyingDisplaySizeFilterFunctionality_Laptop_20-29-42] Within safeClick method
20:44:48 [TestNG-test-Test-3] INFO  verifyingDisplaySizeFilterFunctionality_Laptop_20-29-42 - [verifyingDisplaySizeFilterFunctionality_Laptop_20-29-42] Clicked the  [[ChromeDriver: chrome on windows (5f28c669577438246038219e80837668)] -> xpath: //a[@id='seeMoreDetailsLink']]   using safeClick
20:44:48 [TestNG-test-Test-3] INFO  verifyingDisplaySizeFilterFunctionality_Laptop_20-29-42 - [verifyingDisplaySizeFilterFunctionality_Laptop_20-29-42] Within try block for clicking see more deatils within productNameListingPage loop
20:44:48 [TestNG-test-Test-3] INFO  verifyingDisplaySizeFilterFunctionality_Laptop_20-29-42 - [verifyingDisplaySizeFilterFunctionality_Laptop_20-29-42] Within closeCurrentWindowAndSwitchBack method
20:44:48 [TestNG-test-Test-3] INFO  verifyingDisplaySizeFilterFunctionality_Laptop_20-29-42 - [verifyingDisplaySizeFilterFunctionality_Laptop_20-29-42] Total open windows/tabs count -> 2
20:44:48 [TestNG-test-Test-3] INFO  verifyingDisplaySizeFilterFunctionality_Laptop_20-29-42 - [verifyingDisplaySizeFilterFunctionality_Laptop_20-29-42] Original window handle -> 4FD498FF7C268EAD07E38C1D5D5B2EA7
20:44:48 [TestNG-test-Test-3] INFO  verifyingDisplaySizeFilterFunctionality_Laptop_20-29-42 - [verifyingDisplaySizeFilterFunctionality_Laptop_20-29-42] Found new tab/window handle -> 947A93E8675EB6845B07E29C48D1E736 (will be closed)
20:44:48 [TestNG-test-Test-3] INFO  verifyingDisplaySizeFilterFunctionality_Laptop_20-29-42 - [verifyingDisplaySizeFilterFunctionality_Laptop_20-29-42] Successfully switched to new tab/window -> 947A93E8675EB6845B07E29C48D1E736
20:44:49 [TestNG-test-Test-3] INFO  verifyingDisplaySizeFilterFunctionality_Laptop_20-29-42 - [verifyingDisplaySizeFilterFunctionality_Laptop_20-29-42] Closed the newly opened tab/window -> 947A93E8675EB6845B07E29C48D1E736
20:44:49 [TestNG-test-Test-3] INFO  verifyingDisplaySizeFilterFunctionality_Laptop_20-29-42 - [verifyingDisplaySizeFilterFunctionality_Laptop_20-29-42] Switched back to the original window -> 4FD498FF7C268EAD07E38C1D5D5B2EA7
20:44:49 [TestNG-test-Test-3] INFO  verifyingDisplaySizeFilterFunctionality_Laptop_20-29-42 - [verifyingDisplaySizeFilterFunctionality_Laptop_20-29-42]  going back to product listing via closeCurrentWindowAndSwitchBack 
20:44:49 [TestNG-test-Test-3] INFO  verifyingDisplaySizeFilterFunctionality_Laptop_20-29-42 - [verifyingDisplaySizeFilterFunctionality_Laptop_20-29-42]  Added 'filter','title','keyFeatures', 'about', 'techDetails' into the Map -> productResult
20:44:49 [TestNG-test-Test-3] INFO  verifyingDisplaySizeFilterFunctionality_Laptop_20-29-42 - [verifyingDisplaySizeFilterFunctionality_Laptop_20-29-42]  Added 'productResult' Map into the 'results' i.e list of maps 
20:44:49 [TestNG-test-Test-3] INFO  verifyingDisplaySizeFilterFunctionality_Laptop_20-29-42 - [verifyingDisplaySizeFilterFunctionality_Laptop_20-29-42]==========================================================================================================
20:44:49 [TestNG-test-Test-3] INFO  verifyingDisplaySizeFilterFunctionality_Laptop_20-29-42 - [verifyingDisplaySizeFilterFunctionality_Laptop_20-29-42] Within safeFindElements 
20:44:49 [TestNG-test-Test-3] INFO  verifyingDisplaySizeFilterFunctionality_Laptop_20-29-42 - [verifyingDisplaySizeFilterFunctionality_Laptop_20-29-42] Returning the  [[[ChromeDriver: chrome on windows (5f28c669577438246038219e80837668)] -> xpath: //div[@data-cy='title-recipe']], [[ChromeDriver: chrome on windows (5f28c669577438246038219e80837668)] -> xpath: //div[@data-cy='title-recipe']], [[ChromeDriver: chrome on windows (5f28c669577438246038219e80837668)] -> xpath: //div[@data-cy='title-recipe']], [[ChromeDriver: chrome on windows (5f28c669577438246038219e80837668)] -> xpath: //div[@data-cy='title-recipe']], [[ChromeDriver: chrome on windows (5f28c669577438246038219e80837668)] -> xpath: //div[@data-cy='title-recipe']], [[ChromeDriver: chrome on windows (5f28c669577438246038219e80837668)] -> xpath: //div[@data-cy='title-recipe']], [[ChromeDriver: chrome on windows (5f28c669577438246038219e80837668)] -> xpath: //div[@data-cy='title-recipe']], [[ChromeDriver: chrome on windows (5f28c669577438246038219e80837668)] -> xpath: //div[@data-cy='title-recipe']], [[ChromeDriver: chrome on windows (5f28c669577438246038219e80837668)] -> xpath: //div[@data-cy='title-recipe']], [[ChromeDriver: chrome on windows (5f28c669577438246038219e80837668)] -> xpath: //div[@data-cy='title-recipe']], [[ChromeDriver: chrome on windows (5f28c669577438246038219e80837668)] -> xpath: //div[@data-cy='title-recipe']], [[ChromeDriver: chrome on windows (5f28c669577438246038219e80837668)] -> xpath: //div[@data-cy='title-recipe']], [[ChromeDriver: chrome on windows (5f28c669577438246038219e80837668)] -> xpath: //div[@data-cy='title-recipe']], [[ChromeDriver: chrome on windows (5f28c669577438246038219e80837668)] -> xpath: //div[@data-cy='title-recipe']], [[ChromeDriver: chrome on windows (5f28c669577438246038219e80837668)] -> xpath: //div[@data-cy='title-recipe']], [[ChromeDriver: chrome on windows (5f28c669577438246038219e80837668)] -> xpath: //div[@data-cy='title-recipe']]] from the safeFindElements method
20:44:49 [TestNG-test-Test-3] INFO  verifyingDisplaySizeFilterFunctionality_Laptop_20-29-42 - [verifyingDisplaySizeFilterFunctionality_Laptop_20-29-42] Within productNameListingPage loop in applyFilterAndValidateProductsWithResult
20:44:49 [TestNG-test-Test-3] INFO  verifyingDisplaySizeFilterFunctionality_Laptop_20-29-42 - [verifyingDisplaySizeFilterFunctionality_Laptop_20-29-42] Within getProductByIndex method
20:44:49 [TestNG-test-Test-3] INFO  verifyingDisplaySizeFilterFunctionality_Laptop_20-29-42 - [verifyingDisplaySizeFilterFunctionality_Laptop_20-29-42] Within safeFindElement method
20:44:49 [TestNG-test-Test-3] INFO  verifyingDisplaySizeFilterFunctionality_Laptop_20-29-42 - [verifyingDisplaySizeFilterFunctionality_Laptop_20-29-42]Found the element returning it ,element ->[[ChromeDriver: chrome on windows (5f28c669577438246038219e80837668)] -> xpath: (//div[@data-cy='title-recipe'])[5]]
20:44:49 [TestNG-test-Test-3] INFO  verifyingDisplaySizeFilterFunctionality_Laptop_20-29-42 - [verifyingDisplaySizeFilterFunctionality_Laptop_20-29-42] Within getProductByIndex method
20:44:49 [TestNG-test-Test-3] INFO  verifyingDisplaySizeFilterFunctionality_Laptop_20-29-42 - [verifyingDisplaySizeFilterFunctionality_Laptop_20-29-42] Within smoothScrollToElement method
20:44:49 [TestNG-test-Test-3] INFO  verifyingDisplaySizeFilterFunctionality_Laptop_20-29-42 - [verifyingDisplaySizeFilterFunctionality_Laptop_20-29-42] Within safeFindElement method
20:44:49 [TestNG-test-Test-3] INFO  verifyingDisplaySizeFilterFunctionality_Laptop_20-29-42 - [verifyingDisplaySizeFilterFunctionality_Laptop_20-29-42]Found the element returning it ,element ->[[ChromeDriver: chrome on windows (5f28c669577438246038219e80837668)] -> xpath: (//div[@data-cy='title-recipe'])[5]]
20:44:49 [TestNG-test-Test-3] INFO  verifyingDisplaySizeFilterFunctionality_Laptop_20-29-42 - [verifyingDisplaySizeFilterFunctionality_Laptop_20-29-42] Successfully scrolled to element: By.xpath: (//div[@data-cy='title-recipe'])[5]
20:44:49 [TestNG-test-Test-3] INFO  verifyingDisplaySizeFilterFunctionality_Laptop_20-29-42 - [verifyingDisplaySizeFilterFunctionality_Laptop_20-29-42] Getting product by index in productNameListingPage loop
20:44:50 [TestNG-test-Test-3] INFO  verifyingDisplaySizeFilterFunctionality_Laptop_20-29-42 - [verifyingDisplaySizeFilterFunctionality_Laptop_20-29-42] Opened product in new tab via Ctrl+Click inside productNameListingPage loop
20:44:50 [TestNG-test-Test-3] INFO  verifyingDisplaySizeFilterFunctionality_Laptop_20-29-42 - [verifyingDisplaySizeFilterFunctionality_Laptop_20-29-42] Waiting for new window to open...
20:44:50 [TestNG-test-Test-3] INFO  verifyingDisplaySizeFilterFunctionality_Laptop_20-29-42 - [verifyingDisplaySizeFilterFunctionality_Laptop_20-29-42] Switched to new window -> DD21AA8BF81718A43A5FDEFD260DB618
20:44:50 [TestNG-test-Test-3] INFO  verifyingDisplaySizeFilterFunctionality_Laptop_20-29-42 - [verifyingDisplaySizeFilterFunctionality_Laptop_20-29-42] Swithcing to the new window  within productNameListingPage loop
20:44:50 [TestNG-test-Test-3] INFO  verifyingDisplaySizeFilterFunctionality_Laptop_20-29-42 - [verifyingDisplaySizeFilterFunctionality_Laptop_20-29-42] Clicked product name to open in new tab from productNameListingPage loop
20:44:50 [TestNG-test-Test-3] INFO  verifyingDisplaySizeFilterFunctionality_Laptop_20-29-42 - [verifyingDisplaySizeFilterFunctionality_Laptop_20-29-42] Within safeFindElement method
20:44:53 [TestNG-test-Test-3] INFO  verifyingDisplaySizeFilterFunctionality_Laptop_20-29-42 - [verifyingDisplaySizeFilterFunctionality_Laptop_20-29-42]Found the element returning it ,element ->[[ChromeDriver: chrome on windows (5f28c669577438246038219e80837668)] -> xpath: //span[@id='productTitle']]
20:44:53 [TestNG-test-Test-3] INFO  verifyingDisplaySizeFilterFunctionality_Laptop_20-29-42 - [verifyingDisplaySizeFilterFunctionality_Laptop_20-29-42] Within safeFindElement method
20:44:53 [TestNG-test-Test-3] INFO  verifyingDisplaySizeFilterFunctionality_Laptop_20-29-42 - [verifyingDisplaySizeFilterFunctionality_Laptop_20-29-42]Found the element returning it ,element ->[[ChromeDriver: chrome on windows (5f28c669577438246038219e80837668)] -> xpath: //div[@class='a-section a-spacing-small a-spacing-top-small']]
20:44:53 [TestNG-test-Test-3] INFO  verifyingDisplaySizeFilterFunctionality_Laptop_20-29-42 - [verifyingDisplaySizeFilterFunctionality_Laptop_20-29-42] Within safeFindElement method
20:44:53 [TestNG-test-Test-3] INFO  verifyingDisplaySizeFilterFunctionality_Laptop_20-29-42 - [verifyingDisplaySizeFilterFunctionality_Laptop_20-29-42]Found the element returning it ,element ->[[ChromeDriver: chrome on windows (5f28c669577438246038219e80837668)] -> xpath: //div[@id='feature-bullets']]
20:44:53 [TestNG-test-Test-3] INFO  verifyingDisplaySizeFilterFunctionality_Laptop_20-29-42 - [verifyingDisplaySizeFilterFunctionality_Laptop_20-29-42] Within safeFindElement method
20:44:53 [TestNG-test-Test-3] INFO  verifyingDisplaySizeFilterFunctionality_Laptop_20-29-42 - [verifyingDisplaySizeFilterFunctionality_Laptop_20-29-42]Found the element returning it ,element ->[[ChromeDriver: chrome on windows (5f28c669577438246038219e80837668)] -> xpath: //div[@id='prodDetails']]
20:44:53 [TestNG-test-Test-3] INFO  verifyingDisplaySizeFilterFunctionality_Laptop_20-29-42 - [verifyingDisplaySizeFilterFunctionality_Laptop_20-29-42] Extracting 'name' , 'keyFeatures', 'about' , 'techDetails' within productNameListingPage loop
20:44:53 [TestNG-test-Test-3] INFO  verifyingDisplaySizeFilterFunctionality_Laptop_20-29-42 - [verifyingDisplaySizeFilterFunctionality_Laptop_20-29-42] Waiting until element is visible in viewport
20:45:03 [TestNG-test-Test-3] INFO  verifyingDisplaySizeFilterFunctionality_Laptop_20-29-42 - [verifyingDisplaySizeFilterFunctionality_Laptop_20-29-42] Within smoothScrollToElement method
20:45:03 [TestNG-test-Test-3] INFO  verifyingDisplaySizeFilterFunctionality_Laptop_20-29-42 - [verifyingDisplaySizeFilterFunctionality_Laptop_20-29-42] Within safeFindElement method
20:45:03 [TestNG-test-Test-3] INFO  verifyingDisplaySizeFilterFunctionality_Laptop_20-29-42 - [verifyingDisplaySizeFilterFunctionality_Laptop_20-29-42]Found the element returning it ,element ->[[ChromeDriver: chrome on windows (5f28c669577438246038219e80837668)] -> xpath: //a[@id='seeMoreDetailsLink']]
20:45:03 [TestNG-test-Test-3] INFO  verifyingDisplaySizeFilterFunctionality_Laptop_20-29-42 - [verifyingDisplaySizeFilterFunctionality_Laptop_20-29-42] Successfully scrolled to element: By.xpath: //a[@id='seeMoreDetailsLink']
20:45:03 [TestNG-test-Test-3] INFO  verifyingDisplaySizeFilterFunctionality_Laptop_20-29-42 - [verifyingDisplaySizeFilterFunctionality_Laptop_20-29-42] Within safeClick method
20:45:04 [TestNG-test-Test-3] INFO  verifyingDisplaySizeFilterFunctionality_Laptop_20-29-42 - [verifyingDisplaySizeFilterFunctionality_Laptop_20-29-42] Clicked the  [[ChromeDriver: chrome on windows (5f28c669577438246038219e80837668)] -> xpath: //a[@id='seeMoreDetailsLink']]   using safeClick
20:45:04 [TestNG-test-Test-3] INFO  verifyingDisplaySizeFilterFunctionality_Laptop_20-29-42 - [verifyingDisplaySizeFilterFunctionality_Laptop_20-29-42] Within try block for clicking see more deatils within productNameListingPage loop
20:45:04 [TestNG-test-Test-3] INFO  verifyingDisplaySizeFilterFunctionality_Laptop_20-29-42 - [verifyingDisplaySizeFilterFunctionality_Laptop_20-29-42] Within closeCurrentWindowAndSwitchBack method
20:45:04 [TestNG-test-Test-3] INFO  verifyingDisplaySizeFilterFunctionality_Laptop_20-29-42 - [verifyingDisplaySizeFilterFunctionality_Laptop_20-29-42] Total open windows/tabs count -> 2
20:45:04 [TestNG-test-Test-3] INFO  verifyingDisplaySizeFilterFunctionality_Laptop_20-29-42 - [verifyingDisplaySizeFilterFunctionality_Laptop_20-29-42] Original window handle -> 4FD498FF7C268EAD07E38C1D5D5B2EA7
20:45:04 [TestNG-test-Test-3] INFO  verifyingDisplaySizeFilterFunctionality_Laptop_20-29-42 - [verifyingDisplaySizeFilterFunctionality_Laptop_20-29-42] Found new tab/window handle -> DD21AA8BF81718A43A5FDEFD260DB618 (will be closed)
20:45:05 [TestNG-test-Test-3] INFO  verifyingDisplaySizeFilterFunctionality_Laptop_20-29-42 - [verifyingDisplaySizeFilterFunctionality_Laptop_20-29-42] Successfully switched to new tab/window -> DD21AA8BF81718A43A5FDEFD260DB618
20:45:05 [TestNG-test-Test-3] INFO  verifyingDisplaySizeFilterFunctionality_Laptop_20-29-42 - [verifyingDisplaySizeFilterFunctionality_Laptop_20-29-42] Closed the newly opened tab/window -> DD21AA8BF81718A43A5FDEFD260DB618
20:45:05 [TestNG-test-Test-3] INFO  verifyingDisplaySizeFilterFunctionality_Laptop_20-29-42 - [verifyingDisplaySizeFilterFunctionality_Laptop_20-29-42] Switched back to the original window -> 4FD498FF7C268EAD07E38C1D5D5B2EA7
20:45:05 [TestNG-test-Test-3] INFO  verifyingDisplaySizeFilterFunctionality_Laptop_20-29-42 - [verifyingDisplaySizeFilterFunctionality_Laptop_20-29-42]  going back to product listing via closeCurrentWindowAndSwitchBack 
20:45:05 [TestNG-test-Test-3] INFO  verifyingDisplaySizeFilterFunctionality_Laptop_20-29-42 - [verifyingDisplaySizeFilterFunctionality_Laptop_20-29-42]  Added 'filter','title','keyFeatures', 'about', 'techDetails' into the Map -> productResult
20:45:05 [TestNG-test-Test-3] INFO  verifyingDisplaySizeFilterFunctionality_Laptop_20-29-42 - [verifyingDisplaySizeFilterFunctionality_Laptop_20-29-42]  Added 'productResult' Map into the 'results' i.e list of maps 
20:45:05 [TestNG-test-Test-3] INFO  verifyingDisplaySizeFilterFunctionality_Laptop_20-29-42 - [verifyingDisplaySizeFilterFunctionality_Laptop_20-29-42]==========================================================================================================
20:45:05 [TestNG-test-Test-3] INFO  verifyingDisplaySizeFilterFunctionality_Laptop_20-29-42 - [verifyingDisplaySizeFilterFunctionality_Laptop_20-29-42] Within safeFindElements 
20:45:05 [TestNG-test-Test-3] INFO  verifyingDisplaySizeFilterFunctionality_Laptop_20-29-42 - [verifyingDisplaySizeFilterFunctionality_Laptop_20-29-42] Returning the  [[[ChromeDriver: chrome on windows (5f28c669577438246038219e80837668)] -> xpath: //div[@data-cy='title-recipe']], [[ChromeDriver: chrome on windows (5f28c669577438246038219e80837668)] -> xpath: //div[@data-cy='title-recipe']], [[ChromeDriver: chrome on windows (5f28c669577438246038219e80837668)] -> xpath: //div[@data-cy='title-recipe']], [[ChromeDriver: chrome on windows (5f28c669577438246038219e80837668)] -> xpath: //div[@data-cy='title-recipe']], [[ChromeDriver: chrome on windows (5f28c669577438246038219e80837668)] -> xpath: //div[@data-cy='title-recipe']], [[ChromeDriver: chrome on windows (5f28c669577438246038219e80837668)] -> xpath: //div[@data-cy='title-recipe']], [[ChromeDriver: chrome on windows (5f28c669577438246038219e80837668)] -> xpath: //div[@data-cy='title-recipe']], [[ChromeDriver: chrome on windows (5f28c669577438246038219e80837668)] -> xpath: //div[@data-cy='title-recipe']], [[ChromeDriver: chrome on windows (5f28c669577438246038219e80837668)] -> xpath: //div[@data-cy='title-recipe']], [[ChromeDriver: chrome on windows (5f28c669577438246038219e80837668)] -> xpath: //div[@data-cy='title-recipe']], [[ChromeDriver: chrome on windows (5f28c669577438246038219e80837668)] -> xpath: //div[@data-cy='title-recipe']], [[ChromeDriver: chrome on windows (5f28c669577438246038219e80837668)] -> xpath: //div[@data-cy='title-recipe']], [[ChromeDriver: chrome on windows (5f28c669577438246038219e80837668)] -> xpath: //div[@data-cy='title-recipe']], [[ChromeDriver: chrome on windows (5f28c669577438246038219e80837668)] -> xpath: //div[@data-cy='title-recipe']], [[ChromeDriver: chrome on windows (5f28c669577438246038219e80837668)] -> xpath: //div[@data-cy='title-recipe']], [[ChromeDriver: chrome on windows (5f28c669577438246038219e80837668)] -> xpath: //div[@data-cy='title-recipe']]] from the safeFindElements method
20:45:05 [TestNG-test-Test-3] INFO  verifyingDisplaySizeFilterFunctionality_Laptop_20-29-42 - [verifyingDisplaySizeFilterFunctionality_Laptop_20-29-42] Within productNameListingPage loop in applyFilterAndValidateProductsWithResult
20:45:05 [TestNG-test-Test-3] INFO  verifyingDisplaySizeFilterFunctionality_Laptop_20-29-42 - [verifyingDisplaySizeFilterFunctionality_Laptop_20-29-42] Within getProductByIndex method
20:45:05 [TestNG-test-Test-3] INFO  verifyingDisplaySizeFilterFunctionality_Laptop_20-29-42 - [verifyingDisplaySizeFilterFunctionality_Laptop_20-29-42] Within safeFindElement method
20:45:05 [TestNG-test-Test-3] INFO  verifyingDisplaySizeFilterFunctionality_Laptop_20-29-42 - [verifyingDisplaySizeFilterFunctionality_Laptop_20-29-42]Found the element returning it ,element ->[[ChromeDriver: chrome on windows (5f28c669577438246038219e80837668)] -> xpath: (//div[@data-cy='title-recipe'])[6]]
20:45:05 [TestNG-test-Test-3] INFO  verifyingDisplaySizeFilterFunctionality_Laptop_20-29-42 - [verifyingDisplaySizeFilterFunctionality_Laptop_20-29-42] Within getProductByIndex method
20:45:05 [TestNG-test-Test-3] INFO  verifyingDisplaySizeFilterFunctionality_Laptop_20-29-42 - [verifyingDisplaySizeFilterFunctionality_Laptop_20-29-42] Within smoothScrollToElement method
20:45:05 [TestNG-test-Test-3] INFO  verifyingDisplaySizeFilterFunctionality_Laptop_20-29-42 - [verifyingDisplaySizeFilterFunctionality_Laptop_20-29-42] Within safeFindElement method
20:45:05 [TestNG-test-Test-3] INFO  verifyingDisplaySizeFilterFunctionality_Laptop_20-29-42 - [verifyingDisplaySizeFilterFunctionality_Laptop_20-29-42]Found the element returning it ,element ->[[ChromeDriver: chrome on windows (5f28c669577438246038219e80837668)] -> xpath: (//div[@data-cy='title-recipe'])[6]]
20:45:05 [TestNG-test-Test-3] INFO  verifyingDisplaySizeFilterFunctionality_Laptop_20-29-42 - [verifyingDisplaySizeFilterFunctionality_Laptop_20-29-42] Successfully scrolled to element: By.xpath: (//div[@data-cy='title-recipe'])[6]
20:45:06 [TestNG-test-Test-3] INFO  verifyingDisplaySizeFilterFunctionality_Laptop_20-29-42 - [verifyingDisplaySizeFilterFunctionality_Laptop_20-29-42] Getting product by index in productNameListingPage loop
20:45:06 [TestNG-test-Test-3] INFO  verifyingDisplaySizeFilterFunctionality_Laptop_20-29-42 - [verifyingDisplaySizeFilterFunctionality_Laptop_20-29-42] Opened product in new tab via Ctrl+Click inside productNameListingPage loop
20:45:06 [TestNG-test-Test-3] INFO  verifyingDisplaySizeFilterFunctionality_Laptop_20-29-42 - [verifyingDisplaySizeFilterFunctionality_Laptop_20-29-42] Waiting for new window to open...
20:45:06 [TestNG-test-Test-3] INFO  verifyingDisplaySizeFilterFunctionality_Laptop_20-29-42 - [verifyingDisplaySizeFilterFunctionality_Laptop_20-29-42] Switched to new window -> 4D1A828E1BBDFE3B2EE494D8436E9F74
20:45:06 [TestNG-test-Test-3] INFO  verifyingDisplaySizeFilterFunctionality_Laptop_20-29-42 - [verifyingDisplaySizeFilterFunctionality_Laptop_20-29-42] Swithcing to the new window  within productNameListingPage loop
20:45:06 [TestNG-test-Test-3] INFO  verifyingDisplaySizeFilterFunctionality_Laptop_20-29-42 - [verifyingDisplaySizeFilterFunctionality_Laptop_20-29-42] Clicked product name to open in new tab from productNameListingPage loop
20:45:06 [TestNG-test-Test-3] INFO  verifyingDisplaySizeFilterFunctionality_Laptop_20-29-42 - [verifyingDisplaySizeFilterFunctionality_Laptop_20-29-42] Within safeFindElement method
20:45:09 [TestNG-test-Test-3] INFO  verifyingDisplaySizeFilterFunctionality_Laptop_20-29-42 - [verifyingDisplaySizeFilterFunctionality_Laptop_20-29-42]Found the element returning it ,element ->[[ChromeDriver: chrome on windows (5f28c669577438246038219e80837668)] -> xpath: //span[@id='productTitle']]
20:45:09 [TestNG-test-Test-3] INFO  verifyingDisplaySizeFilterFunctionality_Laptop_20-29-42 - [verifyingDisplaySizeFilterFunctionality_Laptop_20-29-42] Within safeFindElement method
20:45:09 [TestNG-test-Test-3] INFO  verifyingDisplaySizeFilterFunctionality_Laptop_20-29-42 - [verifyingDisplaySizeFilterFunctionality_Laptop_20-29-42]Found the element returning it ,element ->[[ChromeDriver: chrome on windows (5f28c669577438246038219e80837668)] -> xpath: //div[@class='a-section a-spacing-small a-spacing-top-small']]
20:45:09 [TestNG-test-Test-3] INFO  verifyingDisplaySizeFilterFunctionality_Laptop_20-29-42 - [verifyingDisplaySizeFilterFunctionality_Laptop_20-29-42] Within safeFindElement method
20:45:09 [TestNG-test-Test-3] INFO  verifyingDisplaySizeFilterFunctionality_Laptop_20-29-42 - [verifyingDisplaySizeFilterFunctionality_Laptop_20-29-42]Found the element returning it ,element ->[[ChromeDriver: chrome on windows (5f28c669577438246038219e80837668)] -> xpath: //div[@id='feature-bullets']]
20:45:09 [TestNG-test-Test-3] INFO  verifyingDisplaySizeFilterFunctionality_Laptop_20-29-42 - [verifyingDisplaySizeFilterFunctionality_Laptop_20-29-42] Within safeFindElement method
20:45:09 [TestNG-test-Test-3] INFO  verifyingDisplaySizeFilterFunctionality_Laptop_20-29-42 - [verifyingDisplaySizeFilterFunctionality_Laptop_20-29-42]Found the element returning it ,element ->[[ChromeDriver: chrome on windows (5f28c669577438246038219e80837668)] -> xpath: //div[@id='prodDetails']]
20:45:09 [TestNG-test-Test-3] INFO  verifyingDisplaySizeFilterFunctionality_Laptop_20-29-42 - [verifyingDisplaySizeFilterFunctionality_Laptop_20-29-42] Extracting 'name' , 'keyFeatures', 'about' , 'techDetails' within productNameListingPage loop
20:45:09 [TestNG-test-Test-3] INFO  verifyingDisplaySizeFilterFunctionality_Laptop_20-29-42 - [verifyingDisplaySizeFilterFunctionality_Laptop_20-29-42] Waiting until element is visible in viewport
20:45:19 [TestNG-test-Test-3] INFO  verifyingDisplaySizeFilterFunctionality_Laptop_20-29-42 - [verifyingDisplaySizeFilterFunctionality_Laptop_20-29-42] Within smoothScrollToElement method
20:45:19 [TestNG-test-Test-3] INFO  verifyingDisplaySizeFilterFunctionality_Laptop_20-29-42 - [verifyingDisplaySizeFilterFunctionality_Laptop_20-29-42] Within safeFindElement method
20:45:19 [TestNG-test-Test-3] INFO  verifyingDisplaySizeFilterFunctionality_Laptop_20-29-42 - [verifyingDisplaySizeFilterFunctionality_Laptop_20-29-42]Found the element returning it ,element ->[[ChromeDriver: chrome on windows (5f28c669577438246038219e80837668)] -> xpath: //a[@id='seeMoreDetailsLink']]
20:45:19 [TestNG-test-Test-3] INFO  verifyingDisplaySizeFilterFunctionality_Laptop_20-29-42 - [verifyingDisplaySizeFilterFunctionality_Laptop_20-29-42] Successfully scrolled to element: By.xpath: //a[@id='seeMoreDetailsLink']
20:45:19 [TestNG-test-Test-3] INFO  verifyingDisplaySizeFilterFunctionality_Laptop_20-29-42 - [verifyingDisplaySizeFilterFunctionality_Laptop_20-29-42] Within safeClick method
20:45:21 [TestNG-test-Test-3] INFO  verifyingDisplaySizeFilterFunctionality_Laptop_20-29-42 - [verifyingDisplaySizeFilterFunctionality_Laptop_20-29-42] Clicked the  [[ChromeDriver: chrome on windows (5f28c669577438246038219e80837668)] -> xpath: //a[@id='seeMoreDetailsLink']]   using safeClick
20:45:21 [TestNG-test-Test-3] INFO  verifyingDisplaySizeFilterFunctionality_Laptop_20-29-42 - [verifyingDisplaySizeFilterFunctionality_Laptop_20-29-42] Within try block for clicking see more deatils within productNameListingPage loop
20:45:21 [TestNG-test-Test-3] INFO  verifyingDisplaySizeFilterFunctionality_Laptop_20-29-42 - [verifyingDisplaySizeFilterFunctionality_Laptop_20-29-42] Within closeCurrentWindowAndSwitchBack method
20:45:21 [TestNG-test-Test-3] INFO  verifyingDisplaySizeFilterFunctionality_Laptop_20-29-42 - [verifyingDisplaySizeFilterFunctionality_Laptop_20-29-42] Total open windows/tabs count -> 2
20:45:21 [TestNG-test-Test-3] INFO  verifyingDisplaySizeFilterFunctionality_Laptop_20-29-42 - [verifyingDisplaySizeFilterFunctionality_Laptop_20-29-42] Original window handle -> 4FD498FF7C268EAD07E38C1D5D5B2EA7
20:45:21 [TestNG-test-Test-3] INFO  verifyingDisplaySizeFilterFunctionality_Laptop_20-29-42 - [verifyingDisplaySizeFilterFunctionality_Laptop_20-29-42] Found new tab/window handle -> 4D1A828E1BBDFE3B2EE494D8436E9F74 (will be closed)
20:45:21 [TestNG-test-Test-3] INFO  verifyingDisplaySizeFilterFunctionality_Laptop_20-29-42 - [verifyingDisplaySizeFilterFunctionality_Laptop_20-29-42] Successfully switched to new tab/window -> 4D1A828E1BBDFE3B2EE494D8436E9F74
20:45:21 [TestNG-test-Test-3] INFO  verifyingDisplaySizeFilterFunctionality_Laptop_20-29-42 - [verifyingDisplaySizeFilterFunctionality_Laptop_20-29-42] Closed the newly opened tab/window -> 4D1A828E1BBDFE3B2EE494D8436E9F74
20:45:21 [TestNG-test-Test-3] INFO  verifyingDisplaySizeFilterFunctionality_Laptop_20-29-42 - [verifyingDisplaySizeFilterFunctionality_Laptop_20-29-42] Switched back to the original window -> 4FD498FF7C268EAD07E38C1D5D5B2EA7
20:45:21 [TestNG-test-Test-3] INFO  verifyingDisplaySizeFilterFunctionality_Laptop_20-29-42 - [verifyingDisplaySizeFilterFunctionality_Laptop_20-29-42]  going back to product listing via closeCurrentWindowAndSwitchBack 
20:45:21 [TestNG-test-Test-3] INFO  verifyingDisplaySizeFilterFunctionality_Laptop_20-29-42 - [verifyingDisplaySizeFilterFunctionality_Laptop_20-29-42]  Added 'filter','title','keyFeatures', 'about', 'techDetails' into the Map -> productResult
20:45:21 [TestNG-test-Test-3] INFO  verifyingDisplaySizeFilterFunctionality_Laptop_20-29-42 - [verifyingDisplaySizeFilterFunctionality_Laptop_20-29-42]  Added 'productResult' Map into the 'results' i.e list of maps 
20:45:21 [TestNG-test-Test-3] INFO  verifyingDisplaySizeFilterFunctionality_Laptop_20-29-42 - [verifyingDisplaySizeFilterFunctionality_Laptop_20-29-42]==========================================================================================================
20:45:21 [TestNG-test-Test-3] INFO  verifyingDisplaySizeFilterFunctionality_Laptop_20-29-42 - [verifyingDisplaySizeFilterFunctionality_Laptop_20-29-42] Within safeFindElements 
20:45:21 [TestNG-test-Test-3] INFO  verifyingDisplaySizeFilterFunctionality_Laptop_20-29-42 - [verifyingDisplaySizeFilterFunctionality_Laptop_20-29-42] Returning the  [[[ChromeDriver: chrome on windows (5f28c669577438246038219e80837668)] -> xpath: //div[@data-cy='title-recipe']], [[ChromeDriver: chrome on windows (5f28c669577438246038219e80837668)] -> xpath: //div[@data-cy='title-recipe']], [[ChromeDriver: chrome on windows (5f28c669577438246038219e80837668)] -> xpath: //div[@data-cy='title-recipe']], [[ChromeDriver: chrome on windows (5f28c669577438246038219e80837668)] -> xpath: //div[@data-cy='title-recipe']], [[ChromeDriver: chrome on windows (5f28c669577438246038219e80837668)] -> xpath: //div[@data-cy='title-recipe']], [[ChromeDriver: chrome on windows (5f28c669577438246038219e80837668)] -> xpath: //div[@data-cy='title-recipe']], [[ChromeDriver: chrome on windows (5f28c669577438246038219e80837668)] -> xpath: //div[@data-cy='title-recipe']], [[ChromeDriver: chrome on windows (5f28c669577438246038219e80837668)] -> xpath: //div[@data-cy='title-recipe']], [[ChromeDriver: chrome on windows (5f28c669577438246038219e80837668)] -> xpath: //div[@data-cy='title-recipe']], [[ChromeDriver: chrome on windows (5f28c669577438246038219e80837668)] -> xpath: //div[@data-cy='title-recipe']], [[ChromeDriver: chrome on windows (5f28c669577438246038219e80837668)] -> xpath: //div[@data-cy='title-recipe']], [[ChromeDriver: chrome on windows (5f28c669577438246038219e80837668)] -> xpath: //div[@data-cy='title-recipe']], [[ChromeDriver: chrome on windows (5f28c669577438246038219e80837668)] -> xpath: //div[@data-cy='title-recipe']], [[ChromeDriver: chrome on windows (5f28c669577438246038219e80837668)] -> xpath: //div[@data-cy='title-recipe']], [[ChromeDriver: chrome on windows (5f28c669577438246038219e80837668)] -> xpath: //div[@data-cy='title-recipe']], [[ChromeDriver: chrome on windows (5f28c669577438246038219e80837668)] -> xpath: //div[@data-cy='title-recipe']]] from the safeFindElements method
20:45:21 [TestNG-test-Test-3] INFO  verifyingDisplaySizeFilterFunctionality_Laptop_20-29-42 - [verifyingDisplaySizeFilterFunctionality_Laptop_20-29-42] Within productNameListingPage loop in applyFilterAndValidateProductsWithResult
20:45:21 [TestNG-test-Test-3] INFO  verifyingDisplaySizeFilterFunctionality_Laptop_20-29-42 - [verifyingDisplaySizeFilterFunctionality_Laptop_20-29-42] Within getProductByIndex method
20:45:21 [TestNG-test-Test-3] INFO  verifyingDisplaySizeFilterFunctionality_Laptop_20-29-42 - [verifyingDisplaySizeFilterFunctionality_Laptop_20-29-42] Within safeFindElement method
20:45:21 [TestNG-test-Test-3] INFO  verifyingDisplaySizeFilterFunctionality_Laptop_20-29-42 - [verifyingDisplaySizeFilterFunctionality_Laptop_20-29-42]Found the element returning it ,element ->[[ChromeDriver: chrome on windows (5f28c669577438246038219e80837668)] -> xpath: (//div[@data-cy='title-recipe'])[7]]
20:45:21 [TestNG-test-Test-3] INFO  verifyingDisplaySizeFilterFunctionality_Laptop_20-29-42 - [verifyingDisplaySizeFilterFunctionality_Laptop_20-29-42] Within getProductByIndex method
20:45:21 [TestNG-test-Test-3] INFO  verifyingDisplaySizeFilterFunctionality_Laptop_20-29-42 - [verifyingDisplaySizeFilterFunctionality_Laptop_20-29-42] Within smoothScrollToElement method
20:45:21 [TestNG-test-Test-3] INFO  verifyingDisplaySizeFilterFunctionality_Laptop_20-29-42 - [verifyingDisplaySizeFilterFunctionality_Laptop_20-29-42] Within safeFindElement method
20:45:21 [TestNG-test-Test-3] INFO  verifyingDisplaySizeFilterFunctionality_Laptop_20-29-42 - [verifyingDisplaySizeFilterFunctionality_Laptop_20-29-42]Found the element returning it ,element ->[[ChromeDriver: chrome on windows (5f28c669577438246038219e80837668)] -> xpath: (//div[@data-cy='title-recipe'])[7]]
20:45:21 [TestNG-test-Test-3] INFO  verifyingDisplaySizeFilterFunctionality_Laptop_20-29-42 - [verifyingDisplaySizeFilterFunctionality_Laptop_20-29-42] Successfully scrolled to element: By.xpath: (//div[@data-cy='title-recipe'])[7]
20:45:21 [TestNG-test-Test-3] INFO  verifyingDisplaySizeFilterFunctionality_Laptop_20-29-42 - [verifyingDisplaySizeFilterFunctionality_Laptop_20-29-42] Getting product by index in productNameListingPage loop
20:45:22 [TestNG-test-Test-3] INFO  verifyingDisplaySizeFilterFunctionality_Laptop_20-29-42 - [verifyingDisplaySizeFilterFunctionality_Laptop_20-29-42] Opened product in new tab via Ctrl+Click inside productNameListingPage loop
20:45:22 [TestNG-test-Test-3] INFO  verifyingDisplaySizeFilterFunctionality_Laptop_20-29-42 - [verifyingDisplaySizeFilterFunctionality_Laptop_20-29-42] Waiting for new window to open...
20:45:22 [TestNG-test-Test-3] INFO  verifyingDisplaySizeFilterFunctionality_Laptop_20-29-42 - [verifyingDisplaySizeFilterFunctionality_Laptop_20-29-42] Switched to new window -> 469E9A2B80A01687EEC2081EDCFA6FC5
20:45:22 [TestNG-test-Test-3] INFO  verifyingDisplaySizeFilterFunctionality_Laptop_20-29-42 - [verifyingDisplaySizeFilterFunctionality_Laptop_20-29-42] Swithcing to the new window  within productNameListingPage loop
20:45:22 [TestNG-test-Test-3] INFO  verifyingDisplaySizeFilterFunctionality_Laptop_20-29-42 - [verifyingDisplaySizeFilterFunctionality_Laptop_20-29-42] Clicked product name to open in new tab from productNameListingPage loop
20:45:22 [TestNG-test-Test-3] INFO  verifyingDisplaySizeFilterFunctionality_Laptop_20-29-42 - [verifyingDisplaySizeFilterFunctionality_Laptop_20-29-42] Within safeFindElement method
20:45:25 [TestNG-test-Test-3] INFO  verifyingDisplaySizeFilterFunctionality_Laptop_20-29-42 - [verifyingDisplaySizeFilterFunctionality_Laptop_20-29-42]Found the element returning it ,element ->[[ChromeDriver: chrome on windows (5f28c669577438246038219e80837668)] -> xpath: //span[@id='productTitle']]
20:45:25 [TestNG-test-Test-3] INFO  verifyingDisplaySizeFilterFunctionality_Laptop_20-29-42 - [verifyingDisplaySizeFilterFunctionality_Laptop_20-29-42] Within safeFindElement method
20:45:25 [TestNG-test-Test-3] INFO  verifyingDisplaySizeFilterFunctionality_Laptop_20-29-42 - [verifyingDisplaySizeFilterFunctionality_Laptop_20-29-42]Found the element returning it ,element ->[[ChromeDriver: chrome on windows (5f28c669577438246038219e80837668)] -> xpath: //div[@class='a-section a-spacing-small a-spacing-top-small']]
20:45:25 [TestNG-test-Test-3] INFO  verifyingDisplaySizeFilterFunctionality_Laptop_20-29-42 - [verifyingDisplaySizeFilterFunctionality_Laptop_20-29-42] Within safeFindElement method
20:45:25 [TestNG-test-Test-3] INFO  verifyingDisplaySizeFilterFunctionality_Laptop_20-29-42 - [verifyingDisplaySizeFilterFunctionality_Laptop_20-29-42]Found the element returning it ,element ->[[ChromeDriver: chrome on windows (5f28c669577438246038219e80837668)] -> xpath: //div[@id='feature-bullets']]
20:45:25 [TestNG-test-Test-3] INFO  verifyingDisplaySizeFilterFunctionality_Laptop_20-29-42 - [verifyingDisplaySizeFilterFunctionality_Laptop_20-29-42] Within safeFindElement method
20:45:25 [TestNG-test-Test-3] INFO  verifyingDisplaySizeFilterFunctionality_Laptop_20-29-42 - [verifyingDisplaySizeFilterFunctionality_Laptop_20-29-42]Found the element returning it ,element ->[[ChromeDriver: chrome on windows (5f28c669577438246038219e80837668)] -> xpath: //div[@id='prodDetails']]
20:45:25 [TestNG-test-Test-3] INFO  verifyingDisplaySizeFilterFunctionality_Laptop_20-29-42 - [verifyingDisplaySizeFilterFunctionality_Laptop_20-29-42] Extracting 'name' , 'keyFeatures', 'about' , 'techDetails' within productNameListingPage loop
20:45:25 [TestNG-test-Test-3] INFO  verifyingDisplaySizeFilterFunctionality_Laptop_20-29-42 - [verifyingDisplaySizeFilterFunctionality_Laptop_20-29-42] Waiting until element is visible in viewport
20:45:35 [TestNG-test-Test-3] INFO  verifyingDisplaySizeFilterFunctionality_Laptop_20-29-42 - [verifyingDisplaySizeFilterFunctionality_Laptop_20-29-42] Within smoothScrollToElement method
20:45:35 [TestNG-test-Test-3] INFO  verifyingDisplaySizeFilterFunctionality_Laptop_20-29-42 - [verifyingDisplaySizeFilterFunctionality_Laptop_20-29-42] Within safeFindElement method
20:45:36 [TestNG-test-Test-3] INFO  verifyingDisplaySizeFilterFunctionality_Laptop_20-29-42 - [verifyingDisplaySizeFilterFunctionality_Laptop_20-29-42]Found the element returning it ,element ->[[ChromeDriver: chrome on windows (5f28c669577438246038219e80837668)] -> xpath: //a[@id='seeMoreDetailsLink']]
20:45:36 [TestNG-test-Test-3] INFO  verifyingDisplaySizeFilterFunctionality_Laptop_20-29-42 - [verifyingDisplaySizeFilterFunctionality_Laptop_20-29-42] Successfully scrolled to element: By.xpath: //a[@id='seeMoreDetailsLink']
20:45:36 [TestNG-test-Test-3] INFO  verifyingDisplaySizeFilterFunctionality_Laptop_20-29-42 - [verifyingDisplaySizeFilterFunctionality_Laptop_20-29-42] Within safeClick method
20:45:36 [TestNG-test-Test-3] INFO  verifyingDisplaySizeFilterFunctionality_Laptop_20-29-42 - [verifyingDisplaySizeFilterFunctionality_Laptop_20-29-42] Clicked the  [[ChromeDriver: chrome on windows (5f28c669577438246038219e80837668)] -> xpath: //a[@id='seeMoreDetailsLink']]   using safeClick
20:45:36 [TestNG-test-Test-3] INFO  verifyingDisplaySizeFilterFunctionality_Laptop_20-29-42 - [verifyingDisplaySizeFilterFunctionality_Laptop_20-29-42] Within try block for clicking see more deatils within productNameListingPage loop
20:45:36 [TestNG-test-Test-3] INFO  verifyingDisplaySizeFilterFunctionality_Laptop_20-29-42 - [verifyingDisplaySizeFilterFunctionality_Laptop_20-29-42] Within closeCurrentWindowAndSwitchBack method
20:45:36 [TestNG-test-Test-3] INFO  verifyingDisplaySizeFilterFunctionality_Laptop_20-29-42 - [verifyingDisplaySizeFilterFunctionality_Laptop_20-29-42] Total open windows/tabs count -> 2
20:45:36 [TestNG-test-Test-3] INFO  verifyingDisplaySizeFilterFunctionality_Laptop_20-29-42 - [verifyingDisplaySizeFilterFunctionality_Laptop_20-29-42] Original window handle -> 4FD498FF7C268EAD07E38C1D5D5B2EA7
20:45:36 [TestNG-test-Test-3] INFO  verifyingDisplaySizeFilterFunctionality_Laptop_20-29-42 - [verifyingDisplaySizeFilterFunctionality_Laptop_20-29-42] Found new tab/window handle -> 469E9A2B80A01687EEC2081EDCFA6FC5 (will be closed)
20:45:36 [TestNG-test-Test-3] INFO  verifyingDisplaySizeFilterFunctionality_Laptop_20-29-42 - [verifyingDisplaySizeFilterFunctionality_Laptop_20-29-42] Successfully switched to new tab/window -> 469E9A2B80A01687EEC2081EDCFA6FC5
20:45:37 [TestNG-test-Test-3] INFO  verifyingDisplaySizeFilterFunctionality_Laptop_20-29-42 - [verifyingDisplaySizeFilterFunctionality_Laptop_20-29-42] Closed the newly opened tab/window -> 469E9A2B80A01687EEC2081EDCFA6FC5
20:45:37 [TestNG-test-Test-3] INFO  verifyingDisplaySizeFilterFunctionality_Laptop_20-29-42 - [verifyingDisplaySizeFilterFunctionality_Laptop_20-29-42] Switched back to the original window -> 4FD498FF7C268EAD07E38C1D5D5B2EA7
20:45:37 [TestNG-test-Test-3] INFO  verifyingDisplaySizeFilterFunctionality_Laptop_20-29-42 - [verifyingDisplaySizeFilterFunctionality_Laptop_20-29-42]  going back to product listing via closeCurrentWindowAndSwitchBack 
20:45:37 [TestNG-test-Test-3] INFO  verifyingDisplaySizeFilterFunctionality_Laptop_20-29-42 - [verifyingDisplaySizeFilterFunctionality_Laptop_20-29-42]  Added 'filter','title','keyFeatures', 'about', 'techDetails' into the Map -> productResult
20:45:37 [TestNG-test-Test-3] INFO  verifyingDisplaySizeFilterFunctionality_Laptop_20-29-42 - [verifyingDisplaySizeFilterFunctionality_Laptop_20-29-42]  Added 'productResult' Map into the 'results' i.e list of maps 
20:45:37 [TestNG-test-Test-3] INFO  verifyingDisplaySizeFilterFunctionality_Laptop_20-29-42 - [verifyingDisplaySizeFilterFunctionality_Laptop_20-29-42]==========================================================================================================
20:45:37 [TestNG-test-Test-3] INFO  verifyingDisplaySizeFilterFunctionality_Laptop_20-29-42 - [verifyingDisplaySizeFilterFunctionality_Laptop_20-29-42] Within safeFindElements 
20:45:37 [TestNG-test-Test-3] INFO  verifyingDisplaySizeFilterFunctionality_Laptop_20-29-42 - [verifyingDisplaySizeFilterFunctionality_Laptop_20-29-42] Returning the  [[[ChromeDriver: chrome on windows (5f28c669577438246038219e80837668)] -> xpath: //div[@data-cy='title-recipe']], [[ChromeDriver: chrome on windows (5f28c669577438246038219e80837668)] -> xpath: //div[@data-cy='title-recipe']], [[ChromeDriver: chrome on windows (5f28c669577438246038219e80837668)] -> xpath: //div[@data-cy='title-recipe']], [[ChromeDriver: chrome on windows (5f28c669577438246038219e80837668)] -> xpath: //div[@data-cy='title-recipe']], [[ChromeDriver: chrome on windows (5f28c669577438246038219e80837668)] -> xpath: //div[@data-cy='title-recipe']], [[ChromeDriver: chrome on windows (5f28c669577438246038219e80837668)] -> xpath: //div[@data-cy='title-recipe']], [[ChromeDriver: chrome on windows (5f28c669577438246038219e80837668)] -> xpath: //div[@data-cy='title-recipe']], [[ChromeDriver: chrome on windows (5f28c669577438246038219e80837668)] -> xpath: //div[@data-cy='title-recipe']], [[ChromeDriver: chrome on windows (5f28c669577438246038219e80837668)] -> xpath: //div[@data-cy='title-recipe']], [[ChromeDriver: chrome on windows (5f28c669577438246038219e80837668)] -> xpath: //div[@data-cy='title-recipe']], [[ChromeDriver: chrome on windows (5f28c669577438246038219e80837668)] -> xpath: //div[@data-cy='title-recipe']], [[ChromeDriver: chrome on windows (5f28c669577438246038219e80837668)] -> xpath: //div[@data-cy='title-recipe']], [[ChromeDriver: chrome on windows (5f28c669577438246038219e80837668)] -> xpath: //div[@data-cy='title-recipe']], [[ChromeDriver: chrome on windows (5f28c669577438246038219e80837668)] -> xpath: //div[@data-cy='title-recipe']], [[ChromeDriver: chrome on windows (5f28c669577438246038219e80837668)] -> xpath: //div[@data-cy='title-recipe']], [[ChromeDriver: chrome on windows (5f28c669577438246038219e80837668)] -> xpath: //div[@data-cy='title-recipe']]] from the safeFindElements method
20:45:37 [TestNG-test-Test-3] INFO  verifyingDisplaySizeFilterFunctionality_Laptop_20-29-42 - [verifyingDisplaySizeFilterFunctionality_Laptop_20-29-42] Within productNameListingPage loop in applyFilterAndValidateProductsWithResult
20:45:37 [TestNG-test-Test-3] INFO  verifyingDisplaySizeFilterFunctionality_Laptop_20-29-42 - [verifyingDisplaySizeFilterFunctionality_Laptop_20-29-42] Within getProductByIndex method
20:45:37 [TestNG-test-Test-3] INFO  verifyingDisplaySizeFilterFunctionality_Laptop_20-29-42 - [verifyingDisplaySizeFilterFunctionality_Laptop_20-29-42] Within safeFindElement method
20:45:37 [TestNG-test-Test-3] INFO  verifyingDisplaySizeFilterFunctionality_Laptop_20-29-42 - [verifyingDisplaySizeFilterFunctionality_Laptop_20-29-42]Found the element returning it ,element ->[[ChromeDriver: chrome on windows (5f28c669577438246038219e80837668)] -> xpath: (//div[@data-cy='title-recipe'])[8]]
20:45:37 [TestNG-test-Test-3] INFO  verifyingDisplaySizeFilterFunctionality_Laptop_20-29-42 - [verifyingDisplaySizeFilterFunctionality_Laptop_20-29-42] Within getProductByIndex method
20:45:37 [TestNG-test-Test-3] INFO  verifyingDisplaySizeFilterFunctionality_Laptop_20-29-42 - [verifyingDisplaySizeFilterFunctionality_Laptop_20-29-42] Within smoothScrollToElement method
20:45:37 [TestNG-test-Test-3] INFO  verifyingDisplaySizeFilterFunctionality_Laptop_20-29-42 - [verifyingDisplaySizeFilterFunctionality_Laptop_20-29-42] Within safeFindElement method
20:45:37 [TestNG-test-Test-3] INFO  verifyingDisplaySizeFilterFunctionality_Laptop_20-29-42 - [verifyingDisplaySizeFilterFunctionality_Laptop_20-29-42]Found the element returning it ,element ->[[ChromeDriver: chrome on windows (5f28c669577438246038219e80837668)] -> xpath: (//div[@data-cy='title-recipe'])[8]]
20:45:37 [TestNG-test-Test-3] INFO  verifyingDisplaySizeFilterFunctionality_Laptop_20-29-42 - [verifyingDisplaySizeFilterFunctionality_Laptop_20-29-42] Successfully scrolled to element: By.xpath: (//div[@data-cy='title-recipe'])[8]
20:45:37 [TestNG-test-Test-3] INFO  verifyingDisplaySizeFilterFunctionality_Laptop_20-29-42 - [verifyingDisplaySizeFilterFunctionality_Laptop_20-29-42] Getting product by index in productNameListingPage loop
20:45:37 [TestNG-test-Test-3] INFO  verifyingDisplaySizeFilterFunctionality_Laptop_20-29-42 - [verifyingDisplaySizeFilterFunctionality_Laptop_20-29-42] Opened product in new tab via Ctrl+Click inside productNameListingPage loop
20:45:37 [TestNG-test-Test-3] INFO  verifyingDisplaySizeFilterFunctionality_Laptop_20-29-42 - [verifyingDisplaySizeFilterFunctionality_Laptop_20-29-42] Waiting for new window to open...
20:45:37 [TestNG-test-Test-3] INFO  verifyingDisplaySizeFilterFunctionality_Laptop_20-29-42 - [verifyingDisplaySizeFilterFunctionality_Laptop_20-29-42] Switched to new window -> 345C24E1017A83B112D2F99B7D2DF3FC
20:45:37 [TestNG-test-Test-3] INFO  verifyingDisplaySizeFilterFunctionality_Laptop_20-29-42 - [verifyingDisplaySizeFilterFunctionality_Laptop_20-29-42] Swithcing to the new window  within productNameListingPage loop
20:45:37 [TestNG-test-Test-3] INFO  verifyingDisplaySizeFilterFunctionality_Laptop_20-29-42 - [verifyingDisplaySizeFilterFunctionality_Laptop_20-29-42] Clicked product name to open in new tab from productNameListingPage loop
20:45:37 [TestNG-test-Test-3] INFO  verifyingDisplaySizeFilterFunctionality_Laptop_20-29-42 - [verifyingDisplaySizeFilterFunctionality_Laptop_20-29-42] Within safeFindElement method
20:45:40 [TestNG-test-Test-3] INFO  verifyingDisplaySizeFilterFunctionality_Laptop_20-29-42 - [verifyingDisplaySizeFilterFunctionality_Laptop_20-29-42]Found the element returning it ,element ->[[ChromeDriver: chrome on windows (5f28c669577438246038219e80837668)] -> xpath: //span[@id='productTitle']]
20:45:40 [TestNG-test-Test-3] INFO  verifyingDisplaySizeFilterFunctionality_Laptop_20-29-42 - [verifyingDisplaySizeFilterFunctionality_Laptop_20-29-42] Within safeFindElement method
20:45:40 [TestNG-test-Test-3] INFO  verifyingDisplaySizeFilterFunctionality_Laptop_20-29-42 - [verifyingDisplaySizeFilterFunctionality_Laptop_20-29-42]Found the element returning it ,element ->[[ChromeDriver: chrome on windows (5f28c669577438246038219e80837668)] -> xpath: //div[@class='a-section a-spacing-small a-spacing-top-small']]
20:45:40 [TestNG-test-Test-3] INFO  verifyingDisplaySizeFilterFunctionality_Laptop_20-29-42 - [verifyingDisplaySizeFilterFunctionality_Laptop_20-29-42] Within safeFindElement method
20:45:40 [TestNG-test-Test-3] INFO  verifyingDisplaySizeFilterFunctionality_Laptop_20-29-42 - [verifyingDisplaySizeFilterFunctionality_Laptop_20-29-42]Found the element returning it ,element ->[[ChromeDriver: chrome on windows (5f28c669577438246038219e80837668)] -> xpath: //div[@id='feature-bullets']]
20:45:40 [TestNG-test-Test-3] INFO  verifyingDisplaySizeFilterFunctionality_Laptop_20-29-42 - [verifyingDisplaySizeFilterFunctionality_Laptop_20-29-42] Within safeFindElement method
20:45:40 [TestNG-test-Test-3] INFO  verifyingDisplaySizeFilterFunctionality_Laptop_20-29-42 - [verifyingDisplaySizeFilterFunctionality_Laptop_20-29-42]Found the element returning it ,element ->[[ChromeDriver: chrome on windows (5f28c669577438246038219e80837668)] -> xpath: //div[@id='prodDetails']]
20:45:40 [TestNG-test-Test-3] INFO  verifyingDisplaySizeFilterFunctionality_Laptop_20-29-42 - [verifyingDisplaySizeFilterFunctionality_Laptop_20-29-42] Extracting 'name' , 'keyFeatures', 'about' , 'techDetails' within productNameListingPage loop
20:45:40 [TestNG-test-Test-3] INFO  verifyingDisplaySizeFilterFunctionality_Laptop_20-29-42 - [verifyingDisplaySizeFilterFunctionality_Laptop_20-29-42] Waiting until element is visible in viewport
20:45:51 [TestNG-test-Test-3] INFO  verifyingDisplaySizeFilterFunctionality_Laptop_20-29-42 - [verifyingDisplaySizeFilterFunctionality_Laptop_20-29-42] Within smoothScrollToElement method
20:45:51 [TestNG-test-Test-3] INFO  verifyingDisplaySizeFilterFunctionality_Laptop_20-29-42 - [verifyingDisplaySizeFilterFunctionality_Laptop_20-29-42] Within safeFindElement method
20:45:51 [TestNG-test-Test-3] INFO  verifyingDisplaySizeFilterFunctionality_Laptop_20-29-42 - [verifyingDisplaySizeFilterFunctionality_Laptop_20-29-42]Found the element returning it ,element ->[[ChromeDriver: chrome on windows (5f28c669577438246038219e80837668)] -> xpath: //a[@id='seeMoreDetailsLink']]
20:45:51 [TestNG-test-Test-3] INFO  verifyingDisplaySizeFilterFunctionality_Laptop_20-29-42 - [verifyingDisplaySizeFilterFunctionality_Laptop_20-29-42] Successfully scrolled to element: By.xpath: //a[@id='seeMoreDetailsLink']
20:45:51 [TestNG-test-Test-3] INFO  verifyingDisplaySizeFilterFunctionality_Laptop_20-29-42 - [verifyingDisplaySizeFilterFunctionality_Laptop_20-29-42] Within safeClick method
20:45:52 [TestNG-test-Test-3] INFO  verifyingDisplaySizeFilterFunctionality_Laptop_20-29-42 - [verifyingDisplaySizeFilterFunctionality_Laptop_20-29-42] Clicked the  [[ChromeDriver: chrome on windows (5f28c669577438246038219e80837668)] -> xpath: //a[@id='seeMoreDetailsLink']]   using safeClick
20:45:52 [TestNG-test-Test-3] INFO  verifyingDisplaySizeFilterFunctionality_Laptop_20-29-42 - [verifyingDisplaySizeFilterFunctionality_Laptop_20-29-42] Within try block for clicking see more deatils within productNameListingPage loop
20:45:52 [TestNG-test-Test-3] INFO  verifyingDisplaySizeFilterFunctionality_Laptop_20-29-42 - [verifyingDisplaySizeFilterFunctionality_Laptop_20-29-42] Within closeCurrentWindowAndSwitchBack method
20:45:52 [TestNG-test-Test-3] INFO  verifyingDisplaySizeFilterFunctionality_Laptop_20-29-42 - [verifyingDisplaySizeFilterFunctionality_Laptop_20-29-42] Total open windows/tabs count -> 2
20:45:52 [TestNG-test-Test-3] INFO  verifyingDisplaySizeFilterFunctionality_Laptop_20-29-42 - [verifyingDisplaySizeFilterFunctionality_Laptop_20-29-42] Original window handle -> 4FD498FF7C268EAD07E38C1D5D5B2EA7
20:45:52 [TestNG-test-Test-3] INFO  verifyingDisplaySizeFilterFunctionality_Laptop_20-29-42 - [verifyingDisplaySizeFilterFunctionality_Laptop_20-29-42] Found new tab/window handle -> 345C24E1017A83B112D2F99B7D2DF3FC (will be closed)
20:45:52 [TestNG-test-Test-3] INFO  verifyingDisplaySizeFilterFunctionality_Laptop_20-29-42 - [verifyingDisplaySizeFilterFunctionality_Laptop_20-29-42] Successfully switched to new tab/window -> 345C24E1017A83B112D2F99B7D2DF3FC
20:45:52 [TestNG-test-Test-3] INFO  verifyingDisplaySizeFilterFunctionality_Laptop_20-29-42 - [verifyingDisplaySizeFilterFunctionality_Laptop_20-29-42] Closed the newly opened tab/window -> 345C24E1017A83B112D2F99B7D2DF3FC
20:45:52 [TestNG-test-Test-3] INFO  verifyingDisplaySizeFilterFunctionality_Laptop_20-29-42 - [verifyingDisplaySizeFilterFunctionality_Laptop_20-29-42] Switched back to the original window -> 4FD498FF7C268EAD07E38C1D5D5B2EA7
20:45:52 [TestNG-test-Test-3] INFO  verifyingDisplaySizeFilterFunctionality_Laptop_20-29-42 - [verifyingDisplaySizeFilterFunctionality_Laptop_20-29-42]  going back to product listing via closeCurrentWindowAndSwitchBack 
20:45:52 [TestNG-test-Test-3] INFO  verifyingDisplaySizeFilterFunctionality_Laptop_20-29-42 - [verifyingDisplaySizeFilterFunctionality_Laptop_20-29-42]  Added 'filter','title','keyFeatures', 'about', 'techDetails' into the Map -> productResult
20:45:52 [TestNG-test-Test-3] INFO  verifyingDisplaySizeFilterFunctionality_Laptop_20-29-42 - [verifyingDisplaySizeFilterFunctionality_Laptop_20-29-42]  Added 'productResult' Map into the 'results' i.e list of maps 
20:45:52 [TestNG-test-Test-3] INFO  verifyingDisplaySizeFilterFunctionality_Laptop_20-29-42 - [verifyingDisplaySizeFilterFunctionality_Laptop_20-29-42]==========================================================================================================
20:45:52 [TestNG-test-Test-3] INFO  verifyingDisplaySizeFilterFunctionality_Laptop_20-29-42 - [verifyingDisplaySizeFilterFunctionality_Laptop_20-29-42] Within safeFindElements 
20:45:52 [TestNG-test-Test-3] INFO  verifyingDisplaySizeFilterFunctionality_Laptop_20-29-42 - [verifyingDisplaySizeFilterFunctionality_Laptop_20-29-42] Returning the  [[[ChromeDriver: chrome on windows (5f28c669577438246038219e80837668)] -> xpath: //div[@data-cy='title-recipe']], [[ChromeDriver: chrome on windows (5f28c669577438246038219e80837668)] -> xpath: //div[@data-cy='title-recipe']], [[ChromeDriver: chrome on windows (5f28c669577438246038219e80837668)] -> xpath: //div[@data-cy='title-recipe']], [[ChromeDriver: chrome on windows (5f28c669577438246038219e80837668)] -> xpath: //div[@data-cy='title-recipe']], [[ChromeDriver: chrome on windows (5f28c669577438246038219e80837668)] -> xpath: //div[@data-cy='title-recipe']], [[ChromeDriver: chrome on windows (5f28c669577438246038219e80837668)] -> xpath: //div[@data-cy='title-recipe']], [[ChromeDriver: chrome on windows (5f28c669577438246038219e80837668)] -> xpath: //div[@data-cy='title-recipe']], [[ChromeDriver: chrome on windows (5f28c669577438246038219e80837668)] -> xpath: //div[@data-cy='title-recipe']], [[ChromeDriver: chrome on windows (5f28c669577438246038219e80837668)] -> xpath: //div[@data-cy='title-recipe']], [[ChromeDriver: chrome on windows (5f28c669577438246038219e80837668)] -> xpath: //div[@data-cy='title-recipe']], [[ChromeDriver: chrome on windows (5f28c669577438246038219e80837668)] -> xpath: //div[@data-cy='title-recipe']], [[ChromeDriver: chrome on windows (5f28c669577438246038219e80837668)] -> xpath: //div[@data-cy='title-recipe']], [[ChromeDriver: chrome on windows (5f28c669577438246038219e80837668)] -> xpath: //div[@data-cy='title-recipe']], [[ChromeDriver: chrome on windows (5f28c669577438246038219e80837668)] -> xpath: //div[@data-cy='title-recipe']], [[ChromeDriver: chrome on windows (5f28c669577438246038219e80837668)] -> xpath: //div[@data-cy='title-recipe']], [[ChromeDriver: chrome on windows (5f28c669577438246038219e80837668)] -> xpath: //div[@data-cy='title-recipe']]] from the safeFindElements method
20:45:52 [TestNG-test-Test-3] INFO  verifyingDisplaySizeFilterFunctionality_Laptop_20-29-42 - [verifyingDisplaySizeFilterFunctionality_Laptop_20-29-42] Within productNameListingPage loop in applyFilterAndValidateProductsWithResult
20:45:52 [TestNG-test-Test-3] INFO  verifyingDisplaySizeFilterFunctionality_Laptop_20-29-42 - [verifyingDisplaySizeFilterFunctionality_Laptop_20-29-42] Within getProductByIndex method
20:45:52 [TestNG-test-Test-3] INFO  verifyingDisplaySizeFilterFunctionality_Laptop_20-29-42 - [verifyingDisplaySizeFilterFunctionality_Laptop_20-29-42] Within safeFindElement method
20:45:53 [TestNG-test-Test-3] INFO  verifyingDisplaySizeFilterFunctionality_Laptop_20-29-42 - [verifyingDisplaySizeFilterFunctionality_Laptop_20-29-42]Found the element returning it ,element ->[[ChromeDriver: chrome on windows (5f28c669577438246038219e80837668)] -> xpath: (//div[@data-cy='title-recipe'])[9]]
20:45:53 [TestNG-test-Test-3] INFO  verifyingDisplaySizeFilterFunctionality_Laptop_20-29-42 - [verifyingDisplaySizeFilterFunctionality_Laptop_20-29-42] Within getProductByIndex method
20:45:53 [TestNG-test-Test-3] INFO  verifyingDisplaySizeFilterFunctionality_Laptop_20-29-42 - [verifyingDisplaySizeFilterFunctionality_Laptop_20-29-42] Within smoothScrollToElement method
20:45:53 [TestNG-test-Test-3] INFO  verifyingDisplaySizeFilterFunctionality_Laptop_20-29-42 - [verifyingDisplaySizeFilterFunctionality_Laptop_20-29-42] Within safeFindElement method
20:45:53 [TestNG-test-Test-3] INFO  verifyingDisplaySizeFilterFunctionality_Laptop_20-29-42 - [verifyingDisplaySizeFilterFunctionality_Laptop_20-29-42]Found the element returning it ,element ->[[ChromeDriver: chrome on windows (5f28c669577438246038219e80837668)] -> xpath: (//div[@data-cy='title-recipe'])[9]]
20:45:53 [TestNG-test-Test-3] INFO  verifyingDisplaySizeFilterFunctionality_Laptop_20-29-42 - [verifyingDisplaySizeFilterFunctionality_Laptop_20-29-42] Successfully scrolled to element: By.xpath: (//div[@data-cy='title-recipe'])[9]
20:45:53 [TestNG-test-Test-3] INFO  verifyingDisplaySizeFilterFunctionality_Laptop_20-29-42 - [verifyingDisplaySizeFilterFunctionality_Laptop_20-29-42] Getting product by index in productNameListingPage loop
20:45:53 [TestNG-test-Test-3] INFO  verifyingDisplaySizeFilterFunctionality_Laptop_20-29-42 - [verifyingDisplaySizeFilterFunctionality_Laptop_20-29-42] Opened product in new tab via Ctrl+Click inside productNameListingPage loop
20:45:53 [TestNG-test-Test-3] INFO  verifyingDisplaySizeFilterFunctionality_Laptop_20-29-42 - [verifyingDisplaySizeFilterFunctionality_Laptop_20-29-42] Waiting for new window to open...
20:45:53 [TestNG-test-Test-3] INFO  verifyingDisplaySizeFilterFunctionality_Laptop_20-29-42 - [verifyingDisplaySizeFilterFunctionality_Laptop_20-29-42] Switched to new window -> 28A018DE7C79FBA94E0FA18E5E6E8D2E
20:45:53 [TestNG-test-Test-3] INFO  verifyingDisplaySizeFilterFunctionality_Laptop_20-29-42 - [verifyingDisplaySizeFilterFunctionality_Laptop_20-29-42] Swithcing to the new window  within productNameListingPage loop
20:45:53 [TestNG-test-Test-3] INFO  verifyingDisplaySizeFilterFunctionality_Laptop_20-29-42 - [verifyingDisplaySizeFilterFunctionality_Laptop_20-29-42] Clicked product name to open in new tab from productNameListingPage loop
20:45:53 [TestNG-test-Test-3] INFO  verifyingDisplaySizeFilterFunctionality_Laptop_20-29-42 - [verifyingDisplaySizeFilterFunctionality_Laptop_20-29-42] Within safeFindElement method
20:45:57 [TestNG-test-Test-3] INFO  verifyingDisplaySizeFilterFunctionality_Laptop_20-29-42 - [verifyingDisplaySizeFilterFunctionality_Laptop_20-29-42]Found the element returning it ,element ->[[ChromeDriver: chrome on windows (5f28c669577438246038219e80837668)] -> xpath: //span[@id='productTitle']]
20:45:57 [TestNG-test-Test-3] INFO  verifyingDisplaySizeFilterFunctionality_Laptop_20-29-42 - [verifyingDisplaySizeFilterFunctionality_Laptop_20-29-42] Within safeFindElement method
20:45:57 [TestNG-test-Test-3] INFO  verifyingDisplaySizeFilterFunctionality_Laptop_20-29-42 - [verifyingDisplaySizeFilterFunctionality_Laptop_20-29-42]Found the element returning it ,element ->[[ChromeDriver: chrome on windows (5f28c669577438246038219e80837668)] -> xpath: //div[@class='a-section a-spacing-small a-spacing-top-small']]
20:45:57 [TestNG-test-Test-3] INFO  verifyingDisplaySizeFilterFunctionality_Laptop_20-29-42 - [verifyingDisplaySizeFilterFunctionality_Laptop_20-29-42] Within safeFindElement method
20:45:57 [TestNG-test-Test-3] INFO  verifyingDisplaySizeFilterFunctionality_Laptop_20-29-42 - [verifyingDisplaySizeFilterFunctionality_Laptop_20-29-42]Found the element returning it ,element ->[[ChromeDriver: chrome on windows (5f28c669577438246038219e80837668)] -> xpath: //div[@id='feature-bullets']]
20:45:57 [TestNG-test-Test-3] INFO  verifyingDisplaySizeFilterFunctionality_Laptop_20-29-42 - [verifyingDisplaySizeFilterFunctionality_Laptop_20-29-42] Within safeFindElement method
20:45:57 [TestNG-test-Test-3] INFO  verifyingDisplaySizeFilterFunctionality_Laptop_20-29-42 - [verifyingDisplaySizeFilterFunctionality_Laptop_20-29-42]Found the element returning it ,element ->[[ChromeDriver: chrome on windows (5f28c669577438246038219e80837668)] -> xpath: //div[@id='prodDetails']]
20:45:57 [TestNG-test-Test-3] INFO  verifyingDisplaySizeFilterFunctionality_Laptop_20-29-42 - [verifyingDisplaySizeFilterFunctionality_Laptop_20-29-42] Extracting 'name' , 'keyFeatures', 'about' , 'techDetails' within productNameListingPage loop
20:45:57 [TestNG-test-Test-3] INFO  verifyingDisplaySizeFilterFunctionality_Laptop_20-29-42 - [verifyingDisplaySizeFilterFunctionality_Laptop_20-29-42] Waiting until element is visible in viewport
20:46:07 [TestNG-test-Test-3] INFO  verifyingDisplaySizeFilterFunctionality_Laptop_20-29-42 - [verifyingDisplaySizeFilterFunctionality_Laptop_20-29-42] Within smoothScrollToElement method
20:46:07 [TestNG-test-Test-3] INFO  verifyingDisplaySizeFilterFunctionality_Laptop_20-29-42 - [verifyingDisplaySizeFilterFunctionality_Laptop_20-29-42] Within safeFindElement method
20:46:07 [TestNG-test-Test-3] INFO  verifyingDisplaySizeFilterFunctionality_Laptop_20-29-42 - [verifyingDisplaySizeFilterFunctionality_Laptop_20-29-42]Found the element returning it ,element ->[[ChromeDriver: chrome on windows (5f28c669577438246038219e80837668)] -> xpath: //a[@id='seeMoreDetailsLink']]
20:46:07 [TestNG-test-Test-3] INFO  verifyingDisplaySizeFilterFunctionality_Laptop_20-29-42 - [verifyingDisplaySizeFilterFunctionality_Laptop_20-29-42] Successfully scrolled to element: By.xpath: //a[@id='seeMoreDetailsLink']
20:46:07 [TestNG-test-Test-3] INFO  verifyingDisplaySizeFilterFunctionality_Laptop_20-29-42 - [verifyingDisplaySizeFilterFunctionality_Laptop_20-29-42] Within safeClick method
20:46:08 [TestNG-test-Test-3] INFO  verifyingDisplaySizeFilterFunctionality_Laptop_20-29-42 - [verifyingDisplaySizeFilterFunctionality_Laptop_20-29-42] Clicked the  [[ChromeDriver: chrome on windows (5f28c669577438246038219e80837668)] -> xpath: //a[@id='seeMoreDetailsLink']]   using safeClick
20:46:08 [TestNG-test-Test-3] INFO  verifyingDisplaySizeFilterFunctionality_Laptop_20-29-42 - [verifyingDisplaySizeFilterFunctionality_Laptop_20-29-42] Within try block for clicking see more deatils within productNameListingPage loop
20:46:08 [TestNG-test-Test-3] INFO  verifyingDisplaySizeFilterFunctionality_Laptop_20-29-42 - [verifyingDisplaySizeFilterFunctionality_Laptop_20-29-42] Within closeCurrentWindowAndSwitchBack method
20:46:08 [TestNG-test-Test-3] INFO  verifyingDisplaySizeFilterFunctionality_Laptop_20-29-42 - [verifyingDisplaySizeFilterFunctionality_Laptop_20-29-42] Total open windows/tabs count -> 2
20:46:08 [TestNG-test-Test-3] INFO  verifyingDisplaySizeFilterFunctionality_Laptop_20-29-42 - [verifyingDisplaySizeFilterFunctionality_Laptop_20-29-42] Original window handle -> 4FD498FF7C268EAD07E38C1D5D5B2EA7
20:46:08 [TestNG-test-Test-3] INFO  verifyingDisplaySizeFilterFunctionality_Laptop_20-29-42 - [verifyingDisplaySizeFilterFunctionality_Laptop_20-29-42] Found new tab/window handle -> 28A018DE7C79FBA94E0FA18E5E6E8D2E (will be closed)
20:46:08 [TestNG-test-Test-3] INFO  verifyingDisplaySizeFilterFunctionality_Laptop_20-29-42 - [verifyingDisplaySizeFilterFunctionality_Laptop_20-29-42] Successfully switched to new tab/window -> 28A018DE7C79FBA94E0FA18E5E6E8D2E
20:46:08 [TestNG-test-Test-3] INFO  verifyingDisplaySizeFilterFunctionality_Laptop_20-29-42 - [verifyingDisplaySizeFilterFunctionality_Laptop_20-29-42] Closed the newly opened tab/window -> 28A018DE7C79FBA94E0FA18E5E6E8D2E
20:46:08 [TestNG-test-Test-3] INFO  verifyingDisplaySizeFilterFunctionality_Laptop_20-29-42 - [verifyingDisplaySizeFilterFunctionality_Laptop_20-29-42] Switched back to the original window -> 4FD498FF7C268EAD07E38C1D5D5B2EA7
20:46:08 [TestNG-test-Test-3] INFO  verifyingDisplaySizeFilterFunctionality_Laptop_20-29-42 - [verifyingDisplaySizeFilterFunctionality_Laptop_20-29-42]  going back to product listing via closeCurrentWindowAndSwitchBack 
20:46:08 [TestNG-test-Test-3] INFO  verifyingDisplaySizeFilterFunctionality_Laptop_20-29-42 - [verifyingDisplaySizeFilterFunctionality_Laptop_20-29-42]  Added 'filter','title','keyFeatures', 'about', 'techDetails' into the Map -> productResult
20:46:08 [TestNG-test-Test-3] INFO  verifyingDisplaySizeFilterFunctionality_Laptop_20-29-42 - [verifyingDisplaySizeFilterFunctionality_Laptop_20-29-42]  Added 'productResult' Map into the 'results' i.e list of maps 
20:46:08 [TestNG-test-Test-3] INFO  verifyingDisplaySizeFilterFunctionality_Laptop_20-29-42 - [verifyingDisplaySizeFilterFunctionality_Laptop_20-29-42]==========================================================================================================
20:46:08 [TestNG-test-Test-3] INFO  verifyingDisplaySizeFilterFunctionality_Laptop_20-29-42 - [verifyingDisplaySizeFilterFunctionality_Laptop_20-29-42] Within safeFindElements 
20:46:08 [TestNG-test-Test-3] INFO  verifyingDisplaySizeFilterFunctionality_Laptop_20-29-42 - [verifyingDisplaySizeFilterFunctionality_Laptop_20-29-42] Returning the  [[[ChromeDriver: chrome on windows (5f28c669577438246038219e80837668)] -> xpath: //div[@data-cy='title-recipe']], [[ChromeDriver: chrome on windows (5f28c669577438246038219e80837668)] -> xpath: //div[@data-cy='title-recipe']], [[ChromeDriver: chrome on windows (5f28c669577438246038219e80837668)] -> xpath: //div[@data-cy='title-recipe']], [[ChromeDriver: chrome on windows (5f28c669577438246038219e80837668)] -> xpath: //div[@data-cy='title-recipe']], [[ChromeDriver: chrome on windows (5f28c669577438246038219e80837668)] -> xpath: //div[@data-cy='title-recipe']], [[ChromeDriver: chrome on windows (5f28c669577438246038219e80837668)] -> xpath: //div[@data-cy='title-recipe']], [[ChromeDriver: chrome on windows (5f28c669577438246038219e80837668)] -> xpath: //div[@data-cy='title-recipe']], [[ChromeDriver: chrome on windows (5f28c669577438246038219e80837668)] -> xpath: //div[@data-cy='title-recipe']], [[ChromeDriver: chrome on windows (5f28c669577438246038219e80837668)] -> xpath: //div[@data-cy='title-recipe']], [[ChromeDriver: chrome on windows (5f28c669577438246038219e80837668)] -> xpath: //div[@data-cy='title-recipe']], [[ChromeDriver: chrome on windows (5f28c669577438246038219e80837668)] -> xpath: //div[@data-cy='title-recipe']], [[ChromeDriver: chrome on windows (5f28c669577438246038219e80837668)] -> xpath: //div[@data-cy='title-recipe']], [[ChromeDriver: chrome on windows (5f28c669577438246038219e80837668)] -> xpath: //div[@data-cy='title-recipe']], [[ChromeDriver: chrome on windows (5f28c669577438246038219e80837668)] -> xpath: //div[@data-cy='title-recipe']], [[ChromeDriver: chrome on windows (5f28c669577438246038219e80837668)] -> xpath: //div[@data-cy='title-recipe']], [[ChromeDriver: chrome on windows (5f28c669577438246038219e80837668)] -> xpath: //div[@data-cy='title-recipe']]] from the safeFindElements method
20:46:08 [TestNG-test-Test-3] INFO  verifyingDisplaySizeFilterFunctionality_Laptop_20-29-42 - [verifyingDisplaySizeFilterFunctionality_Laptop_20-29-42] Within productNameListingPage loop in applyFilterAndValidateProductsWithResult
20:46:08 [TestNG-test-Test-3] INFO  verifyingDisplaySizeFilterFunctionality_Laptop_20-29-42 - [verifyingDisplaySizeFilterFunctionality_Laptop_20-29-42] Within getProductByIndex method
20:46:08 [TestNG-test-Test-3] INFO  verifyingDisplaySizeFilterFunctionality_Laptop_20-29-42 - [verifyingDisplaySizeFilterFunctionality_Laptop_20-29-42] Within safeFindElement method
20:46:08 [TestNG-test-Test-3] INFO  verifyingDisplaySizeFilterFunctionality_Laptop_20-29-42 - [verifyingDisplaySizeFilterFunctionality_Laptop_20-29-42]Found the element returning it ,element ->[[ChromeDriver: chrome on windows (5f28c669577438246038219e80837668)] -> xpath: (//div[@data-cy='title-recipe'])[10]]
20:46:08 [TestNG-test-Test-3] INFO  verifyingDisplaySizeFilterFunctionality_Laptop_20-29-42 - [verifyingDisplaySizeFilterFunctionality_Laptop_20-29-42] Within getProductByIndex method
20:46:08 [TestNG-test-Test-3] INFO  verifyingDisplaySizeFilterFunctionality_Laptop_20-29-42 - [verifyingDisplaySizeFilterFunctionality_Laptop_20-29-42] Within smoothScrollToElement method
20:46:08 [TestNG-test-Test-3] INFO  verifyingDisplaySizeFilterFunctionality_Laptop_20-29-42 - [verifyingDisplaySizeFilterFunctionality_Laptop_20-29-42] Within safeFindElement method
20:46:09 [TestNG-test-Test-3] INFO  verifyingDisplaySizeFilterFunctionality_Laptop_20-29-42 - [verifyingDisplaySizeFilterFunctionality_Laptop_20-29-42]Found the element returning it ,element ->[[ChromeDriver: chrome on windows (5f28c669577438246038219e80837668)] -> xpath: (//div[@data-cy='title-recipe'])[10]]
20:46:09 [TestNG-test-Test-3] INFO  verifyingDisplaySizeFilterFunctionality_Laptop_20-29-42 - [verifyingDisplaySizeFilterFunctionality_Laptop_20-29-42] Successfully scrolled to element: By.xpath: (//div[@data-cy='title-recipe'])[10]
20:46:09 [TestNG-test-Test-3] INFO  verifyingDisplaySizeFilterFunctionality_Laptop_20-29-42 - [verifyingDisplaySizeFilterFunctionality_Laptop_20-29-42] Getting product by index in productNameListingPage loop
20:46:09 [TestNG-test-Test-3] INFO  verifyingDisplaySizeFilterFunctionality_Laptop_20-29-42 - [verifyingDisplaySizeFilterFunctionality_Laptop_20-29-42] Opened product in new tab via Ctrl+Click inside productNameListingPage loop
20:46:09 [TestNG-test-Test-3] INFO  verifyingDisplaySizeFilterFunctionality_Laptop_20-29-42 - [verifyingDisplaySizeFilterFunctionality_Laptop_20-29-42] Waiting for new window to open...
20:46:09 [TestNG-test-Test-3] INFO  verifyingDisplaySizeFilterFunctionality_Laptop_20-29-42 - [verifyingDisplaySizeFilterFunctionality_Laptop_20-29-42] Switched to new window -> B6F56484D73FE6EE070ECD81B2D49E20
20:46:09 [TestNG-test-Test-3] INFO  verifyingDisplaySizeFilterFunctionality_Laptop_20-29-42 - [verifyingDisplaySizeFilterFunctionality_Laptop_20-29-42] Swithcing to the new window  within productNameListingPage loop
20:46:09 [TestNG-test-Test-3] INFO  verifyingDisplaySizeFilterFunctionality_Laptop_20-29-42 - [verifyingDisplaySizeFilterFunctionality_Laptop_20-29-42] Clicked product name to open in new tab from productNameListingPage loop
20:46:09 [TestNG-test-Test-3] INFO  verifyingDisplaySizeFilterFunctionality_Laptop_20-29-42 - [verifyingDisplaySizeFilterFunctionality_Laptop_20-29-42] Within safeFindElement method
20:46:13 [TestNG-test-Test-3] INFO  verifyingDisplaySizeFilterFunctionality_Laptop_20-29-42 - [verifyingDisplaySizeFilterFunctionality_Laptop_20-29-42]Found the element returning it ,element ->[[ChromeDriver: chrome on windows (5f28c669577438246038219e80837668)] -> xpath: //span[@id='productTitle']]
20:46:13 [TestNG-test-Test-3] INFO  verifyingDisplaySizeFilterFunctionality_Laptop_20-29-42 - [verifyingDisplaySizeFilterFunctionality_Laptop_20-29-42] Within safeFindElement method
20:46:13 [TestNG-test-Test-3] INFO  verifyingDisplaySizeFilterFunctionality_Laptop_20-29-42 - [verifyingDisplaySizeFilterFunctionality_Laptop_20-29-42]Found the element returning it ,element ->[[ChromeDriver: chrome on windows (5f28c669577438246038219e80837668)] -> xpath: //div[@class='a-section a-spacing-small a-spacing-top-small']]
20:46:13 [TestNG-test-Test-3] INFO  verifyingDisplaySizeFilterFunctionality_Laptop_20-29-42 - [verifyingDisplaySizeFilterFunctionality_Laptop_20-29-42] Within safeFindElement method
20:46:14 [TestNG-test-Test-3] INFO  verifyingDisplaySizeFilterFunctionality_Laptop_20-29-42 - [verifyingDisplaySizeFilterFunctionality_Laptop_20-29-42]Found the element returning it ,element ->[[ChromeDriver: chrome on windows (5f28c669577438246038219e80837668)] -> xpath: //div[@id='feature-bullets']]
20:46:14 [TestNG-test-Test-3] INFO  verifyingDisplaySizeFilterFunctionality_Laptop_20-29-42 - [verifyingDisplaySizeFilterFunctionality_Laptop_20-29-42] Within safeFindElement method
20:46:14 [TestNG-test-Test-3] INFO  verifyingDisplaySizeFilterFunctionality_Laptop_20-29-42 - [verifyingDisplaySizeFilterFunctionality_Laptop_20-29-42]Found the element returning it ,element ->[[ChromeDriver: chrome on windows (5f28c669577438246038219e80837668)] -> xpath: //div[@id='prodDetails']]
20:46:14 [TestNG-test-Test-3] INFO  verifyingDisplaySizeFilterFunctionality_Laptop_20-29-42 - [verifyingDisplaySizeFilterFunctionality_Laptop_20-29-42] Extracting 'name' , 'keyFeatures', 'about' , 'techDetails' within productNameListingPage loop
20:46:14 [TestNG-test-Test-3] INFO  verifyingDisplaySizeFilterFunctionality_Laptop_20-29-42 - [verifyingDisplaySizeFilterFunctionality_Laptop_20-29-42] Waiting until element is visible in viewport
20:46:24 [TestNG-test-Test-3] INFO  verifyingDisplaySizeFilterFunctionality_Laptop_20-29-42 - [verifyingDisplaySizeFilterFunctionality_Laptop_20-29-42] Within smoothScrollToElement method
20:46:24 [TestNG-test-Test-3] INFO  verifyingDisplaySizeFilterFunctionality_Laptop_20-29-42 - [verifyingDisplaySizeFilterFunctionality_Laptop_20-29-42] Within safeFindElement method
20:46:24 [TestNG-test-Test-3] INFO  verifyingDisplaySizeFilterFunctionality_Laptop_20-29-42 - [verifyingDisplaySizeFilterFunctionality_Laptop_20-29-42]Found the element returning it ,element ->[[ChromeDriver: chrome on windows (5f28c669577438246038219e80837668)] -> xpath: //a[@id='seeMoreDetailsLink']]
20:46:24 [TestNG-test-Test-3] INFO  verifyingDisplaySizeFilterFunctionality_Laptop_20-29-42 - [verifyingDisplaySizeFilterFunctionality_Laptop_20-29-42] Successfully scrolled to element: By.xpath: //a[@id='seeMoreDetailsLink']
20:46:24 [TestNG-test-Test-3] INFO  verifyingDisplaySizeFilterFunctionality_Laptop_20-29-42 - [verifyingDisplaySizeFilterFunctionality_Laptop_20-29-42] Within safeClick method
20:46:25 [TestNG-test-Test-3] INFO  verifyingDisplaySizeFilterFunctionality_Laptop_20-29-42 - [verifyingDisplaySizeFilterFunctionality_Laptop_20-29-42] Clicked the  [[ChromeDriver: chrome on windows (5f28c669577438246038219e80837668)] -> xpath: //a[@id='seeMoreDetailsLink']]   using safeClick
20:46:25 [TestNG-test-Test-3] INFO  verifyingDisplaySizeFilterFunctionality_Laptop_20-29-42 - [verifyingDisplaySizeFilterFunctionality_Laptop_20-29-42] Within try block for clicking see more deatils within productNameListingPage loop
20:46:25 [TestNG-test-Test-3] INFO  verifyingDisplaySizeFilterFunctionality_Laptop_20-29-42 - [verifyingDisplaySizeFilterFunctionality_Laptop_20-29-42] Within closeCurrentWindowAndSwitchBack method
20:46:25 [TestNG-test-Test-3] INFO  verifyingDisplaySizeFilterFunctionality_Laptop_20-29-42 - [verifyingDisplaySizeFilterFunctionality_Laptop_20-29-42] Total open windows/tabs count -> 2
20:46:25 [TestNG-test-Test-3] INFO  verifyingDisplaySizeFilterFunctionality_Laptop_20-29-42 - [verifyingDisplaySizeFilterFunctionality_Laptop_20-29-42] Original window handle -> 4FD498FF7C268EAD07E38C1D5D5B2EA7
20:46:25 [TestNG-test-Test-3] INFO  verifyingDisplaySizeFilterFunctionality_Laptop_20-29-42 - [verifyingDisplaySizeFilterFunctionality_Laptop_20-29-42] Found new tab/window handle -> B6F56484D73FE6EE070ECD81B2D49E20 (will be closed)
20:46:25 [TestNG-test-Test-3] INFO  verifyingDisplaySizeFilterFunctionality_Laptop_20-29-42 - [verifyingDisplaySizeFilterFunctionality_Laptop_20-29-42] Successfully switched to new tab/window -> B6F56484D73FE6EE070ECD81B2D49E20
20:46:25 [TestNG-test-Test-3] INFO  verifyingDisplaySizeFilterFunctionality_Laptop_20-29-42 - [verifyingDisplaySizeFilterFunctionality_Laptop_20-29-42] Closed the newly opened tab/window -> B6F56484D73FE6EE070ECD81B2D49E20
20:46:25 [TestNG-test-Test-3] INFO  verifyingDisplaySizeFilterFunctionality_Laptop_20-29-42 - [verifyingDisplaySizeFilterFunctionality_Laptop_20-29-42] Switched back to the original window -> 4FD498FF7C268EAD07E38C1D5D5B2EA7
20:46:25 [TestNG-test-Test-3] INFO  verifyingDisplaySizeFilterFunctionality_Laptop_20-29-42 - [verifyingDisplaySizeFilterFunctionality_Laptop_20-29-42]  going back to product listing via closeCurrentWindowAndSwitchBack 
20:46:25 [TestNG-test-Test-3] INFO  verifyingDisplaySizeFilterFunctionality_Laptop_20-29-42 - [verifyingDisplaySizeFilterFunctionality_Laptop_20-29-42]  Added 'filter','title','keyFeatures', 'about', 'techDetails' into the Map -> productResult
20:46:25 [TestNG-test-Test-3] INFO  verifyingDisplaySizeFilterFunctionality_Laptop_20-29-42 - [verifyingDisplaySizeFilterFunctionality_Laptop_20-29-42]  Added 'productResult' Map into the 'results' i.e list of maps 
20:46:25 [TestNG-test-Test-3] INFO  verifyingDisplaySizeFilterFunctionality_Laptop_20-29-42 - [verifyingDisplaySizeFilterFunctionality_Laptop_20-29-42]==========================================================================================================
20:46:25 [TestNG-test-Test-3] INFO  verifyingDisplaySizeFilterFunctionality_Laptop_20-29-42 - [verifyingDisplaySizeFilterFunctionality_Laptop_20-29-42] Within safeFindElements 
20:46:25 [TestNG-test-Test-3] INFO  verifyingDisplaySizeFilterFunctionality_Laptop_20-29-42 - [verifyingDisplaySizeFilterFunctionality_Laptop_20-29-42] Returning the  [[[ChromeDriver: chrome on windows (5f28c669577438246038219e80837668)] -> xpath: //div[@data-cy='title-recipe']], [[ChromeDriver: chrome on windows (5f28c669577438246038219e80837668)] -> xpath: //div[@data-cy='title-recipe']], [[ChromeDriver: chrome on windows (5f28c669577438246038219e80837668)] -> xpath: //div[@data-cy='title-recipe']], [[ChromeDriver: chrome on windows (5f28c669577438246038219e80837668)] -> xpath: //div[@data-cy='title-recipe']], [[ChromeDriver: chrome on windows (5f28c669577438246038219e80837668)] -> xpath: //div[@data-cy='title-recipe']], [[ChromeDriver: chrome on windows (5f28c669577438246038219e80837668)] -> xpath: //div[@data-cy='title-recipe']], [[ChromeDriver: chrome on windows (5f28c669577438246038219e80837668)] -> xpath: //div[@data-cy='title-recipe']], [[ChromeDriver: chrome on windows (5f28c669577438246038219e80837668)] -> xpath: //div[@data-cy='title-recipe']], [[ChromeDriver: chrome on windows (5f28c669577438246038219e80837668)] -> xpath: //div[@data-cy='title-recipe']], [[ChromeDriver: chrome on windows (5f28c669577438246038219e80837668)] -> xpath: //div[@data-cy='title-recipe']], [[ChromeDriver: chrome on windows (5f28c669577438246038219e80837668)] -> xpath: //div[@data-cy='title-recipe']], [[ChromeDriver: chrome on windows (5f28c669577438246038219e80837668)] -> xpath: //div[@data-cy='title-recipe']], [[ChromeDriver: chrome on windows (5f28c669577438246038219e80837668)] -> xpath: //div[@data-cy='title-recipe']], [[ChromeDriver: chrome on windows (5f28c669577438246038219e80837668)] -> xpath: //div[@data-cy='title-recipe']], [[ChromeDriver: chrome on windows (5f28c669577438246038219e80837668)] -> xpath: //div[@data-cy='title-recipe']], [[ChromeDriver: chrome on windows (5f28c669577438246038219e80837668)] -> xpath: //div[@data-cy='title-recipe']]] from the safeFindElements method
20:46:25 [TestNG-test-Test-3] INFO  verifyingDisplaySizeFilterFunctionality_Laptop_20-29-42 - [verifyingDisplaySizeFilterFunctionality_Laptop_20-29-42] Within productNameListingPage loop in applyFilterAndValidateProductsWithResult
20:46:25 [TestNG-test-Test-3] INFO  verifyingDisplaySizeFilterFunctionality_Laptop_20-29-42 - [verifyingDisplaySizeFilterFunctionality_Laptop_20-29-42] Within getProductByIndex method
20:46:25 [TestNG-test-Test-3] INFO  verifyingDisplaySizeFilterFunctionality_Laptop_20-29-42 - [verifyingDisplaySizeFilterFunctionality_Laptop_20-29-42] Within safeFindElement method
20:46:25 [TestNG-test-Test-3] INFO  verifyingDisplaySizeFilterFunctionality_Laptop_20-29-42 - [verifyingDisplaySizeFilterFunctionality_Laptop_20-29-42]Found the element returning it ,element ->[[ChromeDriver: chrome on windows (5f28c669577438246038219e80837668)] -> xpath: (//div[@data-cy='title-recipe'])[11]]
20:46:25 [TestNG-test-Test-3] INFO  verifyingDisplaySizeFilterFunctionality_Laptop_20-29-42 - [verifyingDisplaySizeFilterFunctionality_Laptop_20-29-42] Within getProductByIndex method
20:46:25 [TestNG-test-Test-3] INFO  verifyingDisplaySizeFilterFunctionality_Laptop_20-29-42 - [verifyingDisplaySizeFilterFunctionality_Laptop_20-29-42] Within smoothScrollToElement method
20:46:25 [TestNG-test-Test-3] INFO  verifyingDisplaySizeFilterFunctionality_Laptop_20-29-42 - [verifyingDisplaySizeFilterFunctionality_Laptop_20-29-42] Within safeFindElement method
20:46:26 [TestNG-test-Test-3] INFO  verifyingDisplaySizeFilterFunctionality_Laptop_20-29-42 - [verifyingDisplaySizeFilterFunctionality_Laptop_20-29-42]Found the element returning it ,element ->[[ChromeDriver: chrome on windows (5f28c669577438246038219e80837668)] -> xpath: (//div[@data-cy='title-recipe'])[11]]
20:46:26 [TestNG-test-Test-3] INFO  verifyingDisplaySizeFilterFunctionality_Laptop_20-29-42 - [verifyingDisplaySizeFilterFunctionality_Laptop_20-29-42] Successfully scrolled to element: By.xpath: (//div[@data-cy='title-recipe'])[11]
20:46:26 [TestNG-test-Test-3] INFO  verifyingDisplaySizeFilterFunctionality_Laptop_20-29-42 - [verifyingDisplaySizeFilterFunctionality_Laptop_20-29-42] Getting product by index in productNameListingPage loop
20:46:26 [TestNG-test-Test-3] INFO  verifyingDisplaySizeFilterFunctionality_Laptop_20-29-42 - [verifyingDisplaySizeFilterFunctionality_Laptop_20-29-42] Opened product in new tab via Ctrl+Click inside productNameListingPage loop
20:46:26 [TestNG-test-Test-3] INFO  verifyingDisplaySizeFilterFunctionality_Laptop_20-29-42 - [verifyingDisplaySizeFilterFunctionality_Laptop_20-29-42] Waiting for new window to open...
20:46:26 [TestNG-test-Test-3] INFO  verifyingDisplaySizeFilterFunctionality_Laptop_20-29-42 - [verifyingDisplaySizeFilterFunctionality_Laptop_20-29-42] Switched to new window -> 4866BB025C2E3C77C051F6828043513B
20:46:26 [TestNG-test-Test-3] INFO  verifyingDisplaySizeFilterFunctionality_Laptop_20-29-42 - [verifyingDisplaySizeFilterFunctionality_Laptop_20-29-42] Swithcing to the new window  within productNameListingPage loop
20:46:26 [TestNG-test-Test-3] INFO  verifyingDisplaySizeFilterFunctionality_Laptop_20-29-42 - [verifyingDisplaySizeFilterFunctionality_Laptop_20-29-42] Clicked product name to open in new tab from productNameListingPage loop
20:46:26 [TestNG-test-Test-3] INFO  verifyingDisplaySizeFilterFunctionality_Laptop_20-29-42 - [verifyingDisplaySizeFilterFunctionality_Laptop_20-29-42] Within safeFindElement method
20:46:29 [TestNG-test-Test-3] INFO  verifyingDisplaySizeFilterFunctionality_Laptop_20-29-42 - [verifyingDisplaySizeFilterFunctionality_Laptop_20-29-42]Found the element returning it ,element ->[[ChromeDriver: chrome on windows (5f28c669577438246038219e80837668)] -> xpath: //span[@id='productTitle']]
20:46:29 [TestNG-test-Test-3] INFO  verifyingDisplaySizeFilterFunctionality_Laptop_20-29-42 - [verifyingDisplaySizeFilterFunctionality_Laptop_20-29-42] Within safeFindElement method
20:46:30 [TestNG-test-Test-3] INFO  verifyingDisplaySizeFilterFunctionality_Laptop_20-29-42 - [verifyingDisplaySizeFilterFunctionality_Laptop_20-29-42]Found the element returning it ,element ->[[ChromeDriver: chrome on windows (5f28c669577438246038219e80837668)] -> xpath: //div[@class='a-section a-spacing-small a-spacing-top-small']]
20:46:30 [TestNG-test-Test-3] INFO  verifyingDisplaySizeFilterFunctionality_Laptop_20-29-42 - [verifyingDisplaySizeFilterFunctionality_Laptop_20-29-42] Within safeFindElement method
20:46:30 [TestNG-test-Test-3] INFO  verifyingDisplaySizeFilterFunctionality_Laptop_20-29-42 - [verifyingDisplaySizeFilterFunctionality_Laptop_20-29-42]Found the element returning it ,element ->[[ChromeDriver: chrome on windows (5f28c669577438246038219e80837668)] -> xpath: //div[@id='feature-bullets']]
20:46:30 [TestNG-test-Test-3] INFO  verifyingDisplaySizeFilterFunctionality_Laptop_20-29-42 - [verifyingDisplaySizeFilterFunctionality_Laptop_20-29-42] Within safeFindElement method
20:46:30 [TestNG-test-Test-3] INFO  verifyingDisplaySizeFilterFunctionality_Laptop_20-29-42 - [verifyingDisplaySizeFilterFunctionality_Laptop_20-29-42]Found the element returning it ,element ->[[ChromeDriver: chrome on windows (5f28c669577438246038219e80837668)] -> xpath: //div[@id='prodDetails']]
20:46:30 [TestNG-test-Test-3] INFO  verifyingDisplaySizeFilterFunctionality_Laptop_20-29-42 - [verifyingDisplaySizeFilterFunctionality_Laptop_20-29-42] Extracting 'name' , 'keyFeatures', 'about' , 'techDetails' within productNameListingPage loop
20:46:30 [TestNG-test-Test-3] INFO  verifyingDisplaySizeFilterFunctionality_Laptop_20-29-42 - [verifyingDisplaySizeFilterFunctionality_Laptop_20-29-42] Waiting until element is visible in viewport
20:46:41 [TestNG-test-Test-3] INFO  verifyingDisplaySizeFilterFunctionality_Laptop_20-29-42 - [verifyingDisplaySizeFilterFunctionality_Laptop_20-29-42] Within smoothScrollToElement method
20:46:41 [TestNG-test-Test-3] INFO  verifyingDisplaySizeFilterFunctionality_Laptop_20-29-42 - [verifyingDisplaySizeFilterFunctionality_Laptop_20-29-42] Within safeFindElement method
20:46:41 [TestNG-test-Test-3] INFO  verifyingDisplaySizeFilterFunctionality_Laptop_20-29-42 - [verifyingDisplaySizeFilterFunctionality_Laptop_20-29-42]Found the element returning it ,element ->[[ChromeDriver: chrome on windows (5f28c669577438246038219e80837668)] -> xpath: //a[@id='seeMoreDetailsLink']]
20:46:41 [TestNG-test-Test-3] INFO  verifyingDisplaySizeFilterFunctionality_Laptop_20-29-42 - [verifyingDisplaySizeFilterFunctionality_Laptop_20-29-42] Successfully scrolled to element: By.xpath: //a[@id='seeMoreDetailsLink']
20:46:41 [TestNG-test-Test-3] INFO  verifyingDisplaySizeFilterFunctionality_Laptop_20-29-42 - [verifyingDisplaySizeFilterFunctionality_Laptop_20-29-42] Within safeClick method
20:46:41 [TestNG-test-Test-3] INFO  verifyingDisplaySizeFilterFunctionality_Laptop_20-29-42 - [verifyingDisplaySizeFilterFunctionality_Laptop_20-29-42] Clicked the  [[ChromeDriver: chrome on windows (5f28c669577438246038219e80837668)] -> xpath: //a[@id='seeMoreDetailsLink']]   using safeClick
20:46:41 [TestNG-test-Test-3] INFO  verifyingDisplaySizeFilterFunctionality_Laptop_20-29-42 - [verifyingDisplaySizeFilterFunctionality_Laptop_20-29-42] Within try block for clicking see more deatils within productNameListingPage loop
20:46:41 [TestNG-test-Test-3] INFO  verifyingDisplaySizeFilterFunctionality_Laptop_20-29-42 - [verifyingDisplaySizeFilterFunctionality_Laptop_20-29-42] Within closeCurrentWindowAndSwitchBack method
20:46:41 [TestNG-test-Test-3] INFO  verifyingDisplaySizeFilterFunctionality_Laptop_20-29-42 - [verifyingDisplaySizeFilterFunctionality_Laptop_20-29-42] Total open windows/tabs count -> 2
20:46:41 [TestNG-test-Test-3] INFO  verifyingDisplaySizeFilterFunctionality_Laptop_20-29-42 - [verifyingDisplaySizeFilterFunctionality_Laptop_20-29-42] Original window handle -> 4FD498FF7C268EAD07E38C1D5D5B2EA7
20:46:41 [TestNG-test-Test-3] INFO  verifyingDisplaySizeFilterFunctionality_Laptop_20-29-42 - [verifyingDisplaySizeFilterFunctionality_Laptop_20-29-42] Found new tab/window handle -> 4866BB025C2E3C77C051F6828043513B (will be closed)
20:46:41 [TestNG-test-Test-3] INFO  verifyingDisplaySizeFilterFunctionality_Laptop_20-29-42 - [verifyingDisplaySizeFilterFunctionality_Laptop_20-29-42] Successfully switched to new tab/window -> 4866BB025C2E3C77C051F6828043513B
20:46:41 [TestNG-test-Test-3] INFO  verifyingDisplaySizeFilterFunctionality_Laptop_20-29-42 - [verifyingDisplaySizeFilterFunctionality_Laptop_20-29-42] Closed the newly opened tab/window -> 4866BB025C2E3C77C051F6828043513B
20:46:41 [TestNG-test-Test-3] INFO  verifyingDisplaySizeFilterFunctionality_Laptop_20-29-42 - [verifyingDisplaySizeFilterFunctionality_Laptop_20-29-42] Switched back to the original window -> 4FD498FF7C268EAD07E38C1D5D5B2EA7
20:46:41 [TestNG-test-Test-3] INFO  verifyingDisplaySizeFilterFunctionality_Laptop_20-29-42 - [verifyingDisplaySizeFilterFunctionality_Laptop_20-29-42]  going back to product listing via closeCurrentWindowAndSwitchBack 
20:46:41 [TestNG-test-Test-3] INFO  verifyingDisplaySizeFilterFunctionality_Laptop_20-29-42 - [verifyingDisplaySizeFilterFunctionality_Laptop_20-29-42]  Added 'filter','title','keyFeatures', 'about', 'techDetails' into the Map -> productResult
20:46:41 [TestNG-test-Test-3] INFO  verifyingDisplaySizeFilterFunctionality_Laptop_20-29-42 - [verifyingDisplaySizeFilterFunctionality_Laptop_20-29-42]  Added 'productResult' Map into the 'results' i.e list of maps 
20:46:41 [TestNG-test-Test-3] INFO  verifyingDisplaySizeFilterFunctionality_Laptop_20-29-42 - [verifyingDisplaySizeFilterFunctionality_Laptop_20-29-42]==========================================================================================================
20:46:41 [TestNG-test-Test-3] INFO  verifyingDisplaySizeFilterFunctionality_Laptop_20-29-42 - [verifyingDisplaySizeFilterFunctionality_Laptop_20-29-42] Within safeFindElements 
20:46:41 [TestNG-test-Test-3] INFO  verifyingDisplaySizeFilterFunctionality_Laptop_20-29-42 - [verifyingDisplaySizeFilterFunctionality_Laptop_20-29-42] Returning the  [[[ChromeDriver: chrome on windows (5f28c669577438246038219e80837668)] -> xpath: //div[@data-cy='title-recipe']], [[ChromeDriver: chrome on windows (5f28c669577438246038219e80837668)] -> xpath: //div[@data-cy='title-recipe']], [[ChromeDriver: chrome on windows (5f28c669577438246038219e80837668)] -> xpath: //div[@data-cy='title-recipe']], [[ChromeDriver: chrome on windows (5f28c669577438246038219e80837668)] -> xpath: //div[@data-cy='title-recipe']], [[ChromeDriver: chrome on windows (5f28c669577438246038219e80837668)] -> xpath: //div[@data-cy='title-recipe']], [[ChromeDriver: chrome on windows (5f28c669577438246038219e80837668)] -> xpath: //div[@data-cy='title-recipe']], [[ChromeDriver: chrome on windows (5f28c669577438246038219e80837668)] -> xpath: //div[@data-cy='title-recipe']], [[ChromeDriver: chrome on windows (5f28c669577438246038219e80837668)] -> xpath: //div[@data-cy='title-recipe']], [[ChromeDriver: chrome on windows (5f28c669577438246038219e80837668)] -> xpath: //div[@data-cy='title-recipe']], [[ChromeDriver: chrome on windows (5f28c669577438246038219e80837668)] -> xpath: //div[@data-cy='title-recipe']], [[ChromeDriver: chrome on windows (5f28c669577438246038219e80837668)] -> xpath: //div[@data-cy='title-recipe']], [[ChromeDriver: chrome on windows (5f28c669577438246038219e80837668)] -> xpath: //div[@data-cy='title-recipe']], [[ChromeDriver: chrome on windows (5f28c669577438246038219e80837668)] -> xpath: //div[@data-cy='title-recipe']], [[ChromeDriver: chrome on windows (5f28c669577438246038219e80837668)] -> xpath: //div[@data-cy='title-recipe']], [[ChromeDriver: chrome on windows (5f28c669577438246038219e80837668)] -> xpath: //div[@data-cy='title-recipe']], [[ChromeDriver: chrome on windows (5f28c669577438246038219e80837668)] -> xpath: //div[@data-cy='title-recipe']]] from the safeFindElements method
20:46:41 [TestNG-test-Test-3] INFO  verifyingDisplaySizeFilterFunctionality_Laptop_20-29-42 - [verifyingDisplaySizeFilterFunctionality_Laptop_20-29-42] Within productNameListingPage loop in applyFilterAndValidateProductsWithResult
20:46:41 [TestNG-test-Test-3] INFO  verifyingDisplaySizeFilterFunctionality_Laptop_20-29-42 - [verifyingDisplaySizeFilterFunctionality_Laptop_20-29-42] Within getProductByIndex method
20:46:41 [TestNG-test-Test-3] INFO  verifyingDisplaySizeFilterFunctionality_Laptop_20-29-42 - [verifyingDisplaySizeFilterFunctionality_Laptop_20-29-42] Within safeFindElement method
20:46:41 [TestNG-test-Test-3] INFO  verifyingDisplaySizeFilterFunctionality_Laptop_20-29-42 - [verifyingDisplaySizeFilterFunctionality_Laptop_20-29-42]Found the element returning it ,element ->[[ChromeDriver: chrome on windows (5f28c669577438246038219e80837668)] -> xpath: (//div[@data-cy='title-recipe'])[12]]
20:46:41 [TestNG-test-Test-3] INFO  verifyingDisplaySizeFilterFunctionality_Laptop_20-29-42 - [verifyingDisplaySizeFilterFunctionality_Laptop_20-29-42] Within getProductByIndex method
20:46:41 [TestNG-test-Test-3] INFO  verifyingDisplaySizeFilterFunctionality_Laptop_20-29-42 - [verifyingDisplaySizeFilterFunctionality_Laptop_20-29-42] Within smoothScrollToElement method
20:46:41 [TestNG-test-Test-3] INFO  verifyingDisplaySizeFilterFunctionality_Laptop_20-29-42 - [verifyingDisplaySizeFilterFunctionality_Laptop_20-29-42] Within safeFindElement method
20:46:41 [TestNG-test-Test-3] INFO  verifyingDisplaySizeFilterFunctionality_Laptop_20-29-42 - [verifyingDisplaySizeFilterFunctionality_Laptop_20-29-42]Found the element returning it ,element ->[[ChromeDriver: chrome on windows (5f28c669577438246038219e80837668)] -> xpath: (//div[@data-cy='title-recipe'])[12]]
20:46:41 [TestNG-test-Test-3] INFO  verifyingDisplaySizeFilterFunctionality_Laptop_20-29-42 - [verifyingDisplaySizeFilterFunctionality_Laptop_20-29-42] Successfully scrolled to element: By.xpath: (//div[@data-cy='title-recipe'])[12]
20:46:41 [TestNG-test-Test-3] INFO  verifyingDisplaySizeFilterFunctionality_Laptop_20-29-42 - [verifyingDisplaySizeFilterFunctionality_Laptop_20-29-42] Getting product by index in productNameListingPage loop
20:46:42 [TestNG-test-Test-3] INFO  verifyingDisplaySizeFilterFunctionality_Laptop_20-29-42 - [verifyingDisplaySizeFilterFunctionality_Laptop_20-29-42] Opened product in new tab via Ctrl+Click inside productNameListingPage loop
20:46:42 [TestNG-test-Test-3] INFO  verifyingDisplaySizeFilterFunctionality_Laptop_20-29-42 - [verifyingDisplaySizeFilterFunctionality_Laptop_20-29-42] Waiting for new window to open...
20:46:42 [TestNG-test-Test-3] INFO  verifyingDisplaySizeFilterFunctionality_Laptop_20-29-42 - [verifyingDisplaySizeFilterFunctionality_Laptop_20-29-42] Switched to new window -> 8DD012738DD9E5EBAC17CC8911E8414A
20:46:42 [TestNG-test-Test-3] INFO  verifyingDisplaySizeFilterFunctionality_Laptop_20-29-42 - [verifyingDisplaySizeFilterFunctionality_Laptop_20-29-42] Swithcing to the new window  within productNameListingPage loop
20:46:42 [TestNG-test-Test-3] INFO  verifyingDisplaySizeFilterFunctionality_Laptop_20-29-42 - [verifyingDisplaySizeFilterFunctionality_Laptop_20-29-42] Clicked product name to open in new tab from productNameListingPage loop
20:46:42 [TestNG-test-Test-3] INFO  verifyingDisplaySizeFilterFunctionality_Laptop_20-29-42 - [verifyingDisplaySizeFilterFunctionality_Laptop_20-29-42] Within safeFindElement method
20:46:46 [TestNG-test-Test-3] INFO  verifyingDisplaySizeFilterFunctionality_Laptop_20-29-42 - [verifyingDisplaySizeFilterFunctionality_Laptop_20-29-42]Found the element returning it ,element ->[[ChromeDriver: chrome on windows (5f28c669577438246038219e80837668)] -> xpath: //span[@id='productTitle']]
20:46:46 [TestNG-test-Test-3] INFO  verifyingDisplaySizeFilterFunctionality_Laptop_20-29-42 - [verifyingDisplaySizeFilterFunctionality_Laptop_20-29-42] Within safeFindElement method
20:46:46 [TestNG-test-Test-3] INFO  verifyingDisplaySizeFilterFunctionality_Laptop_20-29-42 - [verifyingDisplaySizeFilterFunctionality_Laptop_20-29-42]Found the element returning it ,element ->[[ChromeDriver: chrome on windows (5f28c669577438246038219e80837668)] -> xpath: //div[@class='a-section a-spacing-small a-spacing-top-small']]
20:46:46 [TestNG-test-Test-3] INFO  verifyingDisplaySizeFilterFunctionality_Laptop_20-29-42 - [verifyingDisplaySizeFilterFunctionality_Laptop_20-29-42] Within safeFindElement method
20:46:46 [TestNG-test-Test-3] INFO  verifyingDisplaySizeFilterFunctionality_Laptop_20-29-42 - [verifyingDisplaySizeFilterFunctionality_Laptop_20-29-42]Found the element returning it ,element ->[[ChromeDriver: chrome on windows (5f28c669577438246038219e80837668)] -> xpath: //div[@id='feature-bullets']]
20:46:46 [TestNG-test-Test-3] INFO  verifyingDisplaySizeFilterFunctionality_Laptop_20-29-42 - [verifyingDisplaySizeFilterFunctionality_Laptop_20-29-42] Within safeFindElement method
20:46:46 [TestNG-test-Test-3] INFO  verifyingDisplaySizeFilterFunctionality_Laptop_20-29-42 - [verifyingDisplaySizeFilterFunctionality_Laptop_20-29-42]Found the element returning it ,element ->[[ChromeDriver: chrome on windows (5f28c669577438246038219e80837668)] -> xpath: //div[@id='prodDetails']]
20:46:46 [TestNG-test-Test-3] INFO  verifyingDisplaySizeFilterFunctionality_Laptop_20-29-42 - [verifyingDisplaySizeFilterFunctionality_Laptop_20-29-42] Extracting 'name' , 'keyFeatures', 'about' , 'techDetails' within productNameListingPage loop
20:46:46 [TestNG-test-Test-3] INFO  verifyingDisplaySizeFilterFunctionality_Laptop_20-29-42 - [verifyingDisplaySizeFilterFunctionality_Laptop_20-29-42] Waiting until element is visible in viewport
20:46:57 [TestNG-test-Test-3] INFO  verifyingDisplaySizeFilterFunctionality_Laptop_20-29-42 - [verifyingDisplaySizeFilterFunctionality_Laptop_20-29-42] Within smoothScrollToElement method
20:46:57 [TestNG-test-Test-3] INFO  verifyingDisplaySizeFilterFunctionality_Laptop_20-29-42 - [verifyingDisplaySizeFilterFunctionality_Laptop_20-29-42] Within safeFindElement method
20:46:57 [TestNG-test-Test-3] INFO  verifyingDisplaySizeFilterFunctionality_Laptop_20-29-42 - [verifyingDisplaySizeFilterFunctionality_Laptop_20-29-42]Found the element returning it ,element ->[[ChromeDriver: chrome on windows (5f28c669577438246038219e80837668)] -> xpath: //a[@id='seeMoreDetailsLink']]
20:46:57 [TestNG-test-Test-3] INFO  verifyingDisplaySizeFilterFunctionality_Laptop_20-29-42 - [verifyingDisplaySizeFilterFunctionality_Laptop_20-29-42] Successfully scrolled to element: By.xpath: //a[@id='seeMoreDetailsLink']
20:46:57 [TestNG-test-Test-3] INFO  verifyingDisplaySizeFilterFunctionality_Laptop_20-29-42 - [verifyingDisplaySizeFilterFunctionality_Laptop_20-29-42] Within safeClick method
20:46:57 [TestNG-test-Test-3] INFO  verifyingDisplaySizeFilterFunctionality_Laptop_20-29-42 - [verifyingDisplaySizeFilterFunctionality_Laptop_20-29-42] Clicked the  [[ChromeDriver: chrome on windows (5f28c669577438246038219e80837668)] -> xpath: //a[@id='seeMoreDetailsLink']]   using safeClick
20:46:57 [TestNG-test-Test-3] INFO  verifyingDisplaySizeFilterFunctionality_Laptop_20-29-42 - [verifyingDisplaySizeFilterFunctionality_Laptop_20-29-42] Within try block for clicking see more deatils within productNameListingPage loop
20:46:57 [TestNG-test-Test-3] INFO  verifyingDisplaySizeFilterFunctionality_Laptop_20-29-42 - [verifyingDisplaySizeFilterFunctionality_Laptop_20-29-42] Within closeCurrentWindowAndSwitchBack method
20:46:57 [TestNG-test-Test-3] INFO  verifyingDisplaySizeFilterFunctionality_Laptop_20-29-42 - [verifyingDisplaySizeFilterFunctionality_Laptop_20-29-42] Total open windows/tabs count -> 2
20:46:57 [TestNG-test-Test-3] INFO  verifyingDisplaySizeFilterFunctionality_Laptop_20-29-42 - [verifyingDisplaySizeFilterFunctionality_Laptop_20-29-42] Original window handle -> 4FD498FF7C268EAD07E38C1D5D5B2EA7
20:46:57 [TestNG-test-Test-3] INFO  verifyingDisplaySizeFilterFunctionality_Laptop_20-29-42 - [verifyingDisplaySizeFilterFunctionality_Laptop_20-29-42] Found new tab/window handle -> 8DD012738DD9E5EBAC17CC8911E8414A (will be closed)
20:46:58 [TestNG-test-Test-3] INFO  verifyingDisplaySizeFilterFunctionality_Laptop_20-29-42 - [verifyingDisplaySizeFilterFunctionality_Laptop_20-29-42] Successfully switched to new tab/window -> 8DD012738DD9E5EBAC17CC8911E8414A
20:46:58 [TestNG-test-Test-3] INFO  verifyingDisplaySizeFilterFunctionality_Laptop_20-29-42 - [verifyingDisplaySizeFilterFunctionality_Laptop_20-29-42] Closed the newly opened tab/window -> 8DD012738DD9E5EBAC17CC8911E8414A
20:46:58 [TestNG-test-Test-3] INFO  verifyingDisplaySizeFilterFunctionality_Laptop_20-29-42 - [verifyingDisplaySizeFilterFunctionality_Laptop_20-29-42] Switched back to the original window -> 4FD498FF7C268EAD07E38C1D5D5B2EA7
20:46:58 [TestNG-test-Test-3] INFO  verifyingDisplaySizeFilterFunctionality_Laptop_20-29-42 - [verifyingDisplaySizeFilterFunctionality_Laptop_20-29-42]  going back to product listing via closeCurrentWindowAndSwitchBack 
20:46:58 [TestNG-test-Test-3] INFO  verifyingDisplaySizeFilterFunctionality_Laptop_20-29-42 - [verifyingDisplaySizeFilterFunctionality_Laptop_20-29-42]  Added 'filter','title','keyFeatures', 'about', 'techDetails' into the Map -> productResult
20:46:58 [TestNG-test-Test-3] INFO  verifyingDisplaySizeFilterFunctionality_Laptop_20-29-42 - [verifyingDisplaySizeFilterFunctionality_Laptop_20-29-42]  Added 'productResult' Map into the 'results' i.e list of maps 
20:46:58 [TestNG-test-Test-3] INFO  verifyingDisplaySizeFilterFunctionality_Laptop_20-29-42 - [verifyingDisplaySizeFilterFunctionality_Laptop_20-29-42]==========================================================================================================
20:46:58 [TestNG-test-Test-3] INFO  verifyingDisplaySizeFilterFunctionality_Laptop_20-29-42 - [verifyingDisplaySizeFilterFunctionality_Laptop_20-29-42] Within safeFindElements 
20:46:58 [TestNG-test-Test-3] INFO  verifyingDisplaySizeFilterFunctionality_Laptop_20-29-42 - [verifyingDisplaySizeFilterFunctionality_Laptop_20-29-42] Returning the  [[[ChromeDriver: chrome on windows (5f28c669577438246038219e80837668)] -> xpath: //div[@data-cy='title-recipe']], [[ChromeDriver: chrome on windows (5f28c669577438246038219e80837668)] -> xpath: //div[@data-cy='title-recipe']], [[ChromeDriver: chrome on windows (5f28c669577438246038219e80837668)] -> xpath: //div[@data-cy='title-recipe']], [[ChromeDriver: chrome on windows (5f28c669577438246038219e80837668)] -> xpath: //div[@data-cy='title-recipe']], [[ChromeDriver: chrome on windows (5f28c669577438246038219e80837668)] -> xpath: //div[@data-cy='title-recipe']], [[ChromeDriver: chrome on windows (5f28c669577438246038219e80837668)] -> xpath: //div[@data-cy='title-recipe']], [[ChromeDriver: chrome on windows (5f28c669577438246038219e80837668)] -> xpath: //div[@data-cy='title-recipe']], [[ChromeDriver: chrome on windows (5f28c669577438246038219e80837668)] -> xpath: //div[@data-cy='title-recipe']], [[ChromeDriver: chrome on windows (5f28c669577438246038219e80837668)] -> xpath: //div[@data-cy='title-recipe']], [[ChromeDriver: chrome on windows (5f28c669577438246038219e80837668)] -> xpath: //div[@data-cy='title-recipe']], [[ChromeDriver: chrome on windows (5f28c669577438246038219e80837668)] -> xpath: //div[@data-cy='title-recipe']], [[ChromeDriver: chrome on windows (5f28c669577438246038219e80837668)] -> xpath: //div[@data-cy='title-recipe']], [[ChromeDriver: chrome on windows (5f28c669577438246038219e80837668)] -> xpath: //div[@data-cy='title-recipe']], [[ChromeDriver: chrome on windows (5f28c669577438246038219e80837668)] -> xpath: //div[@data-cy='title-recipe']], [[ChromeDriver: chrome on windows (5f28c669577438246038219e80837668)] -> xpath: //div[@data-cy='title-recipe']], [[ChromeDriver: chrome on windows (5f28c669577438246038219e80837668)] -> xpath: //div[@data-cy='title-recipe']]] from the safeFindElements method
20:46:58 [TestNG-test-Test-3] INFO  verifyingDisplaySizeFilterFunctionality_Laptop_20-29-42 - [verifyingDisplaySizeFilterFunctionality_Laptop_20-29-42] Within productNameListingPage loop in applyFilterAndValidateProductsWithResult
20:46:58 [TestNG-test-Test-3] INFO  verifyingDisplaySizeFilterFunctionality_Laptop_20-29-42 - [verifyingDisplaySizeFilterFunctionality_Laptop_20-29-42] Within getProductByIndex method
20:46:58 [TestNG-test-Test-3] INFO  verifyingDisplaySizeFilterFunctionality_Laptop_20-29-42 - [verifyingDisplaySizeFilterFunctionality_Laptop_20-29-42] Within safeFindElement method
20:46:59 [TestNG-test-Test-3] INFO  verifyingDisplaySizeFilterFunctionality_Laptop_20-29-42 - [verifyingDisplaySizeFilterFunctionality_Laptop_20-29-42]Found the element returning it ,element ->[[ChromeDriver: chrome on windows (5f28c669577438246038219e80837668)] -> xpath: (//div[@data-cy='title-recipe'])[13]]
20:46:59 [TestNG-test-Test-3] INFO  verifyingDisplaySizeFilterFunctionality_Laptop_20-29-42 - [verifyingDisplaySizeFilterFunctionality_Laptop_20-29-42] Within getProductByIndex method
20:46:59 [TestNG-test-Test-3] INFO  verifyingDisplaySizeFilterFunctionality_Laptop_20-29-42 - [verifyingDisplaySizeFilterFunctionality_Laptop_20-29-42] Within smoothScrollToElement method
20:46:59 [TestNG-test-Test-3] INFO  verifyingDisplaySizeFilterFunctionality_Laptop_20-29-42 - [verifyingDisplaySizeFilterFunctionality_Laptop_20-29-42] Within safeFindElement method
20:46:59 [TestNG-test-Test-3] INFO  verifyingDisplaySizeFilterFunctionality_Laptop_20-29-42 - [verifyingDisplaySizeFilterFunctionality_Laptop_20-29-42]Found the element returning it ,element ->[[ChromeDriver: chrome on windows (5f28c669577438246038219e80837668)] -> xpath: (//div[@data-cy='title-recipe'])[13]]
20:46:59 [TestNG-test-Test-3] INFO  verifyingDisplaySizeFilterFunctionality_Laptop_20-29-42 - [verifyingDisplaySizeFilterFunctionality_Laptop_20-29-42] Successfully scrolled to element: By.xpath: (//div[@data-cy='title-recipe'])[13]
20:46:59 [TestNG-test-Test-3] INFO  verifyingDisplaySizeFilterFunctionality_Laptop_20-29-42 - [verifyingDisplaySizeFilterFunctionality_Laptop_20-29-42] Getting product by index in productNameListingPage loop
20:46:59 [TestNG-test-Test-3] INFO  verifyingDisplaySizeFilterFunctionality_Laptop_20-29-42 - [verifyingDisplaySizeFilterFunctionality_Laptop_20-29-42] Opened product in new tab via Ctrl+Click inside productNameListingPage loop
20:46:59 [TestNG-test-Test-3] INFO  verifyingDisplaySizeFilterFunctionality_Laptop_20-29-42 - [verifyingDisplaySizeFilterFunctionality_Laptop_20-29-42] Waiting for new window to open...
20:46:59 [TestNG-test-Test-3] INFO  verifyingDisplaySizeFilterFunctionality_Laptop_20-29-42 - [verifyingDisplaySizeFilterFunctionality_Laptop_20-29-42] Switched to new window -> DCA376C7E4B0FD99AAB648C7863FBC05
20:46:59 [TestNG-test-Test-3] INFO  verifyingDisplaySizeFilterFunctionality_Laptop_20-29-42 - [verifyingDisplaySizeFilterFunctionality_Laptop_20-29-42] Swithcing to the new window  within productNameListingPage loop
20:46:59 [TestNG-test-Test-3] INFO  verifyingDisplaySizeFilterFunctionality_Laptop_20-29-42 - [verifyingDisplaySizeFilterFunctionality_Laptop_20-29-42] Clicked product name to open in new tab from productNameListingPage loop
20:46:59 [TestNG-test-Test-3] INFO  verifyingDisplaySizeFilterFunctionality_Laptop_20-29-42 - [verifyingDisplaySizeFilterFunctionality_Laptop_20-29-42] Within safeFindElement method
20:47:02 [TestNG-test-Test-3] INFO  verifyingDisplaySizeFilterFunctionality_Laptop_20-29-42 - [verifyingDisplaySizeFilterFunctionality_Laptop_20-29-42]Found the element returning it ,element ->[[ChromeDriver: chrome on windows (5f28c669577438246038219e80837668)] -> xpath: //span[@id='productTitle']]
20:47:02 [TestNG-test-Test-3] INFO  verifyingDisplaySizeFilterFunctionality_Laptop_20-29-42 - [verifyingDisplaySizeFilterFunctionality_Laptop_20-29-42] Within safeFindElement method
20:47:02 [TestNG-test-Test-3] INFO  verifyingDisplaySizeFilterFunctionality_Laptop_20-29-42 - [verifyingDisplaySizeFilterFunctionality_Laptop_20-29-42]Found the element returning it ,element ->[[ChromeDriver: chrome on windows (5f28c669577438246038219e80837668)] -> xpath: //div[@class='a-section a-spacing-small a-spacing-top-small']]
20:47:02 [TestNG-test-Test-3] INFO  verifyingDisplaySizeFilterFunctionality_Laptop_20-29-42 - [verifyingDisplaySizeFilterFunctionality_Laptop_20-29-42] Within safeFindElement method
20:47:02 [TestNG-test-Test-3] INFO  verifyingDisplaySizeFilterFunctionality_Laptop_20-29-42 - [verifyingDisplaySizeFilterFunctionality_Laptop_20-29-42]Found the element returning it ,element ->[[ChromeDriver: chrome on windows (5f28c669577438246038219e80837668)] -> xpath: //div[@id='feature-bullets']]
20:47:02 [TestNG-test-Test-3] INFO  verifyingDisplaySizeFilterFunctionality_Laptop_20-29-42 - [verifyingDisplaySizeFilterFunctionality_Laptop_20-29-42] Within safeFindElement method
20:47:02 [TestNG-test-Test-3] INFO  verifyingDisplaySizeFilterFunctionality_Laptop_20-29-42 - [verifyingDisplaySizeFilterFunctionality_Laptop_20-29-42]Found the element returning it ,element ->[[ChromeDriver: chrome on windows (5f28c669577438246038219e80837668)] -> xpath: //div[@id='prodDetails']]
20:47:02 [TestNG-test-Test-3] INFO  verifyingDisplaySizeFilterFunctionality_Laptop_20-29-42 - [verifyingDisplaySizeFilterFunctionality_Laptop_20-29-42] Extracting 'name' , 'keyFeatures', 'about' , 'techDetails' within productNameListingPage loop
20:47:02 [TestNG-test-Test-3] INFO  verifyingDisplaySizeFilterFunctionality_Laptop_20-29-42 - [verifyingDisplaySizeFilterFunctionality_Laptop_20-29-42] Waiting until element is visible in viewport
20:47:13 [TestNG-test-Test-3] INFO  verifyingDisplaySizeFilterFunctionality_Laptop_20-29-42 - [verifyingDisplaySizeFilterFunctionality_Laptop_20-29-42] Within smoothScrollToElement method
20:47:13 [TestNG-test-Test-3] INFO  verifyingDisplaySizeFilterFunctionality_Laptop_20-29-42 - [verifyingDisplaySizeFilterFunctionality_Laptop_20-29-42] Within safeFindElement method
20:47:13 [TestNG-test-Test-3] INFO  verifyingDisplaySizeFilterFunctionality_Laptop_20-29-42 - [verifyingDisplaySizeFilterFunctionality_Laptop_20-29-42]Found the element returning it ,element ->[[ChromeDriver: chrome on windows (5f28c669577438246038219e80837668)] -> xpath: //a[@id='seeMoreDetailsLink']]
20:47:13 [TestNG-test-Test-3] INFO  verifyingDisplaySizeFilterFunctionality_Laptop_20-29-42 - [verifyingDisplaySizeFilterFunctionality_Laptop_20-29-42] Successfully scrolled to element: By.xpath: //a[@id='seeMoreDetailsLink']
20:47:13 [TestNG-test-Test-3] INFO  verifyingDisplaySizeFilterFunctionality_Laptop_20-29-42 - [verifyingDisplaySizeFilterFunctionality_Laptop_20-29-42] Within safeClick method
20:47:13 [TestNG-test-Test-3] INFO  verifyingDisplaySizeFilterFunctionality_Laptop_20-29-42 - [verifyingDisplaySizeFilterFunctionality_Laptop_20-29-42] Clicked the  [[ChromeDriver: chrome on windows (5f28c669577438246038219e80837668)] -> xpath: //a[@id='seeMoreDetailsLink']]   using safeClick
20:47:13 [TestNG-test-Test-3] INFO  verifyingDisplaySizeFilterFunctionality_Laptop_20-29-42 - [verifyingDisplaySizeFilterFunctionality_Laptop_20-29-42] Within try block for clicking see more deatils within productNameListingPage loop
20:47:13 [TestNG-test-Test-3] INFO  verifyingDisplaySizeFilterFunctionality_Laptop_20-29-42 - [verifyingDisplaySizeFilterFunctionality_Laptop_20-29-42] Within closeCurrentWindowAndSwitchBack method
20:47:13 [TestNG-test-Test-3] INFO  verifyingDisplaySizeFilterFunctionality_Laptop_20-29-42 - [verifyingDisplaySizeFilterFunctionality_Laptop_20-29-42] Total open windows/tabs count -> 2
20:47:13 [TestNG-test-Test-3] INFO  verifyingDisplaySizeFilterFunctionality_Laptop_20-29-42 - [verifyingDisplaySizeFilterFunctionality_Laptop_20-29-42] Original window handle -> 4FD498FF7C268EAD07E38C1D5D5B2EA7
20:47:13 [TestNG-test-Test-3] INFO  verifyingDisplaySizeFilterFunctionality_Laptop_20-29-42 - [verifyingDisplaySizeFilterFunctionality_Laptop_20-29-42] Found new tab/window handle -> DCA376C7E4B0FD99AAB648C7863FBC05 (will be closed)
20:47:13 [TestNG-test-Test-3] INFO  verifyingDisplaySizeFilterFunctionality_Laptop_20-29-42 - [verifyingDisplaySizeFilterFunctionality_Laptop_20-29-42] Successfully switched to new tab/window -> DCA376C7E4B0FD99AAB648C7863FBC05
20:47:13 [TestNG-test-Test-3] INFO  verifyingDisplaySizeFilterFunctionality_Laptop_20-29-42 - [verifyingDisplaySizeFilterFunctionality_Laptop_20-29-42] Closed the newly opened tab/window -> DCA376C7E4B0FD99AAB648C7863FBC05
20:47:13 [TestNG-test-Test-3] INFO  verifyingDisplaySizeFilterFunctionality_Laptop_20-29-42 - [verifyingDisplaySizeFilterFunctionality_Laptop_20-29-42] Switched back to the original window -> 4FD498FF7C268EAD07E38C1D5D5B2EA7
20:47:13 [TestNG-test-Test-3] INFO  verifyingDisplaySizeFilterFunctionality_Laptop_20-29-42 - [verifyingDisplaySizeFilterFunctionality_Laptop_20-29-42]  going back to product listing via closeCurrentWindowAndSwitchBack 
20:47:13 [TestNG-test-Test-3] INFO  verifyingDisplaySizeFilterFunctionality_Laptop_20-29-42 - [verifyingDisplaySizeFilterFunctionality_Laptop_20-29-42]  Added 'filter','title','keyFeatures', 'about', 'techDetails' into the Map -> productResult
20:47:13 [TestNG-test-Test-3] INFO  verifyingDisplaySizeFilterFunctionality_Laptop_20-29-42 - [verifyingDisplaySizeFilterFunctionality_Laptop_20-29-42]  Added 'productResult' Map into the 'results' i.e list of maps 
20:47:13 [TestNG-test-Test-3] INFO  verifyingDisplaySizeFilterFunctionality_Laptop_20-29-42 - [verifyingDisplaySizeFilterFunctionality_Laptop_20-29-42]==========================================================================================================
20:47:13 [TestNG-test-Test-3] INFO  verifyingDisplaySizeFilterFunctionality_Laptop_20-29-42 - [verifyingDisplaySizeFilterFunctionality_Laptop_20-29-42] Within safeFindElements 
20:47:13 [TestNG-test-Test-3] INFO  verifyingDisplaySizeFilterFunctionality_Laptop_20-29-42 - [verifyingDisplaySizeFilterFunctionality_Laptop_20-29-42] Returning the  [[[ChromeDriver: chrome on windows (5f28c669577438246038219e80837668)] -> xpath: //div[@data-cy='title-recipe']], [[ChromeDriver: chrome on windows (5f28c669577438246038219e80837668)] -> xpath: //div[@data-cy='title-recipe']], [[ChromeDriver: chrome on windows (5f28c669577438246038219e80837668)] -> xpath: //div[@data-cy='title-recipe']], [[ChromeDriver: chrome on windows (5f28c669577438246038219e80837668)] -> xpath: //div[@data-cy='title-recipe']], [[ChromeDriver: chrome on windows (5f28c669577438246038219e80837668)] -> xpath: //div[@data-cy='title-recipe']], [[ChromeDriver: chrome on windows (5f28c669577438246038219e80837668)] -> xpath: //div[@data-cy='title-recipe']], [[ChromeDriver: chrome on windows (5f28c669577438246038219e80837668)] -> xpath: //div[@data-cy='title-recipe']], [[ChromeDriver: chrome on windows (5f28c669577438246038219e80837668)] -> xpath: //div[@data-cy='title-recipe']], [[ChromeDriver: chrome on windows (5f28c669577438246038219e80837668)] -> xpath: //div[@data-cy='title-recipe']], [[ChromeDriver: chrome on windows (5f28c669577438246038219e80837668)] -> xpath: //div[@data-cy='title-recipe']], [[ChromeDriver: chrome on windows (5f28c669577438246038219e80837668)] -> xpath: //div[@data-cy='title-recipe']], [[ChromeDriver: chrome on windows (5f28c669577438246038219e80837668)] -> xpath: //div[@data-cy='title-recipe']], [[ChromeDriver: chrome on windows (5f28c669577438246038219e80837668)] -> xpath: //div[@data-cy='title-recipe']], [[ChromeDriver: chrome on windows (5f28c669577438246038219e80837668)] -> xpath: //div[@data-cy='title-recipe']], [[ChromeDriver: chrome on windows (5f28c669577438246038219e80837668)] -> xpath: //div[@data-cy='title-recipe']], [[ChromeDriver: chrome on windows (5f28c669577438246038219e80837668)] -> xpath: //div[@data-cy='title-recipe']]] from the safeFindElements method
20:47:13 [TestNG-test-Test-3] INFO  verifyingDisplaySizeFilterFunctionality_Laptop_20-29-42 - [verifyingDisplaySizeFilterFunctionality_Laptop_20-29-42] Within productNameListingPage loop in applyFilterAndValidateProductsWithResult
20:47:13 [TestNG-test-Test-3] INFO  verifyingDisplaySizeFilterFunctionality_Laptop_20-29-42 - [verifyingDisplaySizeFilterFunctionality_Laptop_20-29-42] Within getProductByIndex method
20:47:13 [TestNG-test-Test-3] INFO  verifyingDisplaySizeFilterFunctionality_Laptop_20-29-42 - [verifyingDisplaySizeFilterFunctionality_Laptop_20-29-42] Within safeFindElement method
20:47:13 [TestNG-test-Test-3] INFO  verifyingDisplaySizeFilterFunctionality_Laptop_20-29-42 - [verifyingDisplaySizeFilterFunctionality_Laptop_20-29-42]Found the element returning it ,element ->[[ChromeDriver: chrome on windows (5f28c669577438246038219e80837668)] -> xpath: (//div[@data-cy='title-recipe'])[14]]
20:47:13 [TestNG-test-Test-3] INFO  verifyingDisplaySizeFilterFunctionality_Laptop_20-29-42 - [verifyingDisplaySizeFilterFunctionality_Laptop_20-29-42] Within getProductByIndex method
20:47:13 [TestNG-test-Test-3] INFO  verifyingDisplaySizeFilterFunctionality_Laptop_20-29-42 - [verifyingDisplaySizeFilterFunctionality_Laptop_20-29-42] Within smoothScrollToElement method
20:47:13 [TestNG-test-Test-3] INFO  verifyingDisplaySizeFilterFunctionality_Laptop_20-29-42 - [verifyingDisplaySizeFilterFunctionality_Laptop_20-29-42] Within safeFindElement method
20:47:13 [TestNG-test-Test-3] INFO  verifyingDisplaySizeFilterFunctionality_Laptop_20-29-42 - [verifyingDisplaySizeFilterFunctionality_Laptop_20-29-42]Found the element returning it ,element ->[[ChromeDriver: chrome on windows (5f28c669577438246038219e80837668)] -> xpath: (//div[@data-cy='title-recipe'])[14]]
20:47:13 [TestNG-test-Test-3] INFO  verifyingDisplaySizeFilterFunctionality_Laptop_20-29-42 - [verifyingDisplaySizeFilterFunctionality_Laptop_20-29-42] Successfully scrolled to element: By.xpath: (//div[@data-cy='title-recipe'])[14]
20:47:13 [TestNG-test-Test-3] INFO  verifyingDisplaySizeFilterFunctionality_Laptop_20-29-42 - [verifyingDisplaySizeFilterFunctionality_Laptop_20-29-42] Getting product by index in productNameListingPage loop
20:47:14 [TestNG-test-Test-3] INFO  verifyingDisplaySizeFilterFunctionality_Laptop_20-29-42 - [verifyingDisplaySizeFilterFunctionality_Laptop_20-29-42] Opened product in new tab via Ctrl+Click inside productNameListingPage loop
20:47:14 [TestNG-test-Test-3] INFO  verifyingDisplaySizeFilterFunctionality_Laptop_20-29-42 - [verifyingDisplaySizeFilterFunctionality_Laptop_20-29-42] Waiting for new window to open...
20:47:14 [TestNG-test-Test-3] INFO  verifyingDisplaySizeFilterFunctionality_Laptop_20-29-42 - [verifyingDisplaySizeFilterFunctionality_Laptop_20-29-42] Switched to new window -> EB6C185375884C99EC118ABCE0A8DE48
20:47:14 [TestNG-test-Test-3] INFO  verifyingDisplaySizeFilterFunctionality_Laptop_20-29-42 - [verifyingDisplaySizeFilterFunctionality_Laptop_20-29-42] Swithcing to the new window  within productNameListingPage loop
20:47:14 [TestNG-test-Test-3] INFO  verifyingDisplaySizeFilterFunctionality_Laptop_20-29-42 - [verifyingDisplaySizeFilterFunctionality_Laptop_20-29-42] Clicked product name to open in new tab from productNameListingPage loop
20:47:14 [TestNG-test-Test-3] INFO  verifyingDisplaySizeFilterFunctionality_Laptop_20-29-42 - [verifyingDisplaySizeFilterFunctionality_Laptop_20-29-42] Within safeFindElement method
20:47:17 [TestNG-test-Test-3] INFO  verifyingDisplaySizeFilterFunctionality_Laptop_20-29-42 - [verifyingDisplaySizeFilterFunctionality_Laptop_20-29-42]Found the element returning it ,element ->[[ChromeDriver: chrome on windows (5f28c669577438246038219e80837668)] -> xpath: //span[@id='productTitle']]
20:47:17 [TestNG-test-Test-3] INFO  verifyingDisplaySizeFilterFunctionality_Laptop_20-29-42 - [verifyingDisplaySizeFilterFunctionality_Laptop_20-29-42] Within safeFindElement method
20:47:17 [TestNG-test-Test-3] INFO  verifyingDisplaySizeFilterFunctionality_Laptop_20-29-42 - [verifyingDisplaySizeFilterFunctionality_Laptop_20-29-42]Found the element returning it ,element ->[[ChromeDriver: chrome on windows (5f28c669577438246038219e80837668)] -> xpath: //div[@class='a-section a-spacing-small a-spacing-top-small']]
20:47:17 [TestNG-test-Test-3] INFO  verifyingDisplaySizeFilterFunctionality_Laptop_20-29-42 - [verifyingDisplaySizeFilterFunctionality_Laptop_20-29-42] Within safeFindElement method
20:47:17 [TestNG-test-Test-3] INFO  verifyingDisplaySizeFilterFunctionality_Laptop_20-29-42 - [verifyingDisplaySizeFilterFunctionality_Laptop_20-29-42]Found the element returning it ,element ->[[ChromeDriver: chrome on windows (5f28c669577438246038219e80837668)] -> xpath: //div[@id='feature-bullets']]
20:47:17 [TestNG-test-Test-3] INFO  verifyingDisplaySizeFilterFunctionality_Laptop_20-29-42 - [verifyingDisplaySizeFilterFunctionality_Laptop_20-29-42] Within safeFindElement method
20:47:17 [TestNG-test-Test-3] INFO  verifyingDisplaySizeFilterFunctionality_Laptop_20-29-42 - [verifyingDisplaySizeFilterFunctionality_Laptop_20-29-42]Found the element returning it ,element ->[[ChromeDriver: chrome on windows (5f28c669577438246038219e80837668)] -> xpath: //div[@id='prodDetails']]
20:47:17 [TestNG-test-Test-3] INFO  verifyingDisplaySizeFilterFunctionality_Laptop_20-29-42 - [verifyingDisplaySizeFilterFunctionality_Laptop_20-29-42] Extracting 'name' , 'keyFeatures', 'about' , 'techDetails' within productNameListingPage loop
20:47:17 [TestNG-test-Test-3] INFO  verifyingDisplaySizeFilterFunctionality_Laptop_20-29-42 - [verifyingDisplaySizeFilterFunctionality_Laptop_20-29-42] Waiting until element is visible in viewport
20:47:17 [TestNG-test-Test-3] INFO  verifyingDisplaySizeFilterFunctionality_Laptop_20-29-42 - [verifyingDisplaySizeFilterFunctionality_Laptop_20-29-42] Within smoothScrollToElement method
20:47:17 [TestNG-test-Test-3] INFO  verifyingDisplaySizeFilterFunctionality_Laptop_20-29-42 - [verifyingDisplaySizeFilterFunctionality_Laptop_20-29-42] Within safeFindElement method
20:47:17 [TestNG-test-Test-3] INFO  verifyingDisplaySizeFilterFunctionality_Laptop_20-29-42 - [verifyingDisplaySizeFilterFunctionality_Laptop_20-29-42]Found the element returning it ,element ->[[ChromeDriver: chrome on windows (5f28c669577438246038219e80837668)] -> xpath: //a[@id='seeMoreDetailsLink']]
20:47:17 [TestNG-test-Test-3] INFO  verifyingDisplaySizeFilterFunctionality_Laptop_20-29-42 - [verifyingDisplaySizeFilterFunctionality_Laptop_20-29-42] Successfully scrolled to element: By.xpath: //a[@id='seeMoreDetailsLink']
20:47:17 [TestNG-test-Test-3] INFO  verifyingDisplaySizeFilterFunctionality_Laptop_20-29-42 - [verifyingDisplaySizeFilterFunctionality_Laptop_20-29-42] Within safeClick method
20:47:18 [TestNG-test-Test-3] INFO  verifyingDisplaySizeFilterFunctionality_Laptop_20-29-42 - [verifyingDisplaySizeFilterFunctionality_Laptop_20-29-42] Clicked the  [[ChromeDriver: chrome on windows (5f28c669577438246038219e80837668)] -> xpath: //a[@id='seeMoreDetailsLink']]   using safeClick
20:47:18 [TestNG-test-Test-3] INFO  verifyingDisplaySizeFilterFunctionality_Laptop_20-29-42 - [verifyingDisplaySizeFilterFunctionality_Laptop_20-29-42] Within try block for clicking see more deatils within productNameListingPage loop
20:47:18 [TestNG-test-Test-3] INFO  verifyingDisplaySizeFilterFunctionality_Laptop_20-29-42 - [verifyingDisplaySizeFilterFunctionality_Laptop_20-29-42] Within closeCurrentWindowAndSwitchBack method
20:47:18 [TestNG-test-Test-3] INFO  verifyingDisplaySizeFilterFunctionality_Laptop_20-29-42 - [verifyingDisplaySizeFilterFunctionality_Laptop_20-29-42] Total open windows/tabs count -> 2
20:47:18 [TestNG-test-Test-3] INFO  verifyingDisplaySizeFilterFunctionality_Laptop_20-29-42 - [verifyingDisplaySizeFilterFunctionality_Laptop_20-29-42] Original window handle -> 4FD498FF7C268EAD07E38C1D5D5B2EA7
20:47:18 [TestNG-test-Test-3] INFO  verifyingDisplaySizeFilterFunctionality_Laptop_20-29-42 - [verifyingDisplaySizeFilterFunctionality_Laptop_20-29-42] Found new tab/window handle -> EB6C185375884C99EC118ABCE0A8DE48 (will be closed)
20:47:18 [TestNG-test-Test-3] INFO  verifyingDisplaySizeFilterFunctionality_Laptop_20-29-42 - [verifyingDisplaySizeFilterFunctionality_Laptop_20-29-42] Successfully switched to new tab/window -> EB6C185375884C99EC118ABCE0A8DE48
20:47:18 [TestNG-test-Test-3] INFO  verifyingDisplaySizeFilterFunctionality_Laptop_20-29-42 - [verifyingDisplaySizeFilterFunctionality_Laptop_20-29-42] Closed the newly opened tab/window -> EB6C185375884C99EC118ABCE0A8DE48
20:47:18 [TestNG-test-Test-3] INFO  verifyingDisplaySizeFilterFunctionality_Laptop_20-29-42 - [verifyingDisplaySizeFilterFunctionality_Laptop_20-29-42] Switched back to the original window -> 4FD498FF7C268EAD07E38C1D5D5B2EA7
20:47:18 [TestNG-test-Test-3] INFO  verifyingDisplaySizeFilterFunctionality_Laptop_20-29-42 - [verifyingDisplaySizeFilterFunctionality_Laptop_20-29-42]  going back to product listing via closeCurrentWindowAndSwitchBack 
20:47:18 [TestNG-test-Test-3] INFO  verifyingDisplaySizeFilterFunctionality_Laptop_20-29-42 - [verifyingDisplaySizeFilterFunctionality_Laptop_20-29-42]  Added 'filter','title','keyFeatures', 'about', 'techDetails' into the Map -> productResult
20:47:18 [TestNG-test-Test-3] INFO  verifyingDisplaySizeFilterFunctionality_Laptop_20-29-42 - [verifyingDisplaySizeFilterFunctionality_Laptop_20-29-42]  Added 'productResult' Map into the 'results' i.e list of maps 
20:47:18 [TestNG-test-Test-3] INFO  verifyingDisplaySizeFilterFunctionality_Laptop_20-29-42 - [verifyingDisplaySizeFilterFunctionality_Laptop_20-29-42]==========================================================================================================
20:47:18 [TestNG-test-Test-3] INFO  verifyingDisplaySizeFilterFunctionality_Laptop_20-29-42 - [verifyingDisplaySizeFilterFunctionality_Laptop_20-29-42] Within safeFindElements 
20:47:18 [TestNG-test-Test-3] INFO  verifyingDisplaySizeFilterFunctionality_Laptop_20-29-42 - [verifyingDisplaySizeFilterFunctionality_Laptop_20-29-42] Returning the  [[[ChromeDriver: chrome on windows (5f28c669577438246038219e80837668)] -> xpath: //div[@data-cy='title-recipe']], [[ChromeDriver: chrome on windows (5f28c669577438246038219e80837668)] -> xpath: //div[@data-cy='title-recipe']], [[ChromeDriver: chrome on windows (5f28c669577438246038219e80837668)] -> xpath: //div[@data-cy='title-recipe']], [[ChromeDriver: chrome on windows (5f28c669577438246038219e80837668)] -> xpath: //div[@data-cy='title-recipe']], [[ChromeDriver: chrome on windows (5f28c669577438246038219e80837668)] -> xpath: //div[@data-cy='title-recipe']], [[ChromeDriver: chrome on windows (5f28c669577438246038219e80837668)] -> xpath: //div[@data-cy='title-recipe']], [[ChromeDriver: chrome on windows (5f28c669577438246038219e80837668)] -> xpath: //div[@data-cy='title-recipe']], [[ChromeDriver: chrome on windows (5f28c669577438246038219e80837668)] -> xpath: //div[@data-cy='title-recipe']], [[ChromeDriver: chrome on windows (5f28c669577438246038219e80837668)] -> xpath: //div[@data-cy='title-recipe']], [[ChromeDriver: chrome on windows (5f28c669577438246038219e80837668)] -> xpath: //div[@data-cy='title-recipe']], [[ChromeDriver: chrome on windows (5f28c669577438246038219e80837668)] -> xpath: //div[@data-cy='title-recipe']], [[ChromeDriver: chrome on windows (5f28c669577438246038219e80837668)] -> xpath: //div[@data-cy='title-recipe']], [[ChromeDriver: chrome on windows (5f28c669577438246038219e80837668)] -> xpath: //div[@data-cy='title-recipe']], [[ChromeDriver: chrome on windows (5f28c669577438246038219e80837668)] -> xpath: //div[@data-cy='title-recipe']], [[ChromeDriver: chrome on windows (5f28c669577438246038219e80837668)] -> xpath: //div[@data-cy='title-recipe']], [[ChromeDriver: chrome on windows (5f28c669577438246038219e80837668)] -> xpath: //div[@data-cy='title-recipe']]] from the safeFindElements method
20:47:18 [TestNG-test-Test-3] INFO  verifyingDisplaySizeFilterFunctionality_Laptop_20-29-42 - [verifyingDisplaySizeFilterFunctionality_Laptop_20-29-42] Within productNameListingPage loop in applyFilterAndValidateProductsWithResult
20:47:18 [TestNG-test-Test-3] INFO  verifyingDisplaySizeFilterFunctionality_Laptop_20-29-42 - [verifyingDisplaySizeFilterFunctionality_Laptop_20-29-42] Within getProductByIndex method
20:47:18 [TestNG-test-Test-3] INFO  verifyingDisplaySizeFilterFunctionality_Laptop_20-29-42 - [verifyingDisplaySizeFilterFunctionality_Laptop_20-29-42] Within safeFindElement method
20:47:18 [TestNG-test-Test-3] INFO  verifyingDisplaySizeFilterFunctionality_Laptop_20-29-42 - [verifyingDisplaySizeFilterFunctionality_Laptop_20-29-42]Found the element returning it ,element ->[[ChromeDriver: chrome on windows (5f28c669577438246038219e80837668)] -> xpath: (//div[@data-cy='title-recipe'])[15]]
20:47:18 [TestNG-test-Test-3] INFO  verifyingDisplaySizeFilterFunctionality_Laptop_20-29-42 - [verifyingDisplaySizeFilterFunctionality_Laptop_20-29-42] Within getProductByIndex method
20:47:18 [TestNG-test-Test-3] INFO  verifyingDisplaySizeFilterFunctionality_Laptop_20-29-42 - [verifyingDisplaySizeFilterFunctionality_Laptop_20-29-42] Within smoothScrollToElement method
20:47:18 [TestNG-test-Test-3] INFO  verifyingDisplaySizeFilterFunctionality_Laptop_20-29-42 - [verifyingDisplaySizeFilterFunctionality_Laptop_20-29-42] Within safeFindElement method
20:47:18 [TestNG-test-Test-3] INFO  verifyingDisplaySizeFilterFunctionality_Laptop_20-29-42 - [verifyingDisplaySizeFilterFunctionality_Laptop_20-29-42]Found the element returning it ,element ->[[ChromeDriver: chrome on windows (5f28c669577438246038219e80837668)] -> xpath: (//div[@data-cy='title-recipe'])[15]]
20:47:18 [TestNG-test-Test-3] INFO  verifyingDisplaySizeFilterFunctionality_Laptop_20-29-42 - [verifyingDisplaySizeFilterFunctionality_Laptop_20-29-42] Successfully scrolled to element: By.xpath: (//div[@data-cy='title-recipe'])[15]
20:47:18 [TestNG-test-Test-3] INFO  verifyingDisplaySizeFilterFunctionality_Laptop_20-29-42 - [verifyingDisplaySizeFilterFunctionality_Laptop_20-29-42] Getting product by index in productNameListingPage loop
20:47:18 [TestNG-test-Test-3] INFO  verifyingDisplaySizeFilterFunctionality_Laptop_20-29-42 - [verifyingDisplaySizeFilterFunctionality_Laptop_20-29-42] Opened product in new tab via Ctrl+Click inside productNameListingPage loop
20:47:18 [TestNG-test-Test-3] INFO  verifyingDisplaySizeFilterFunctionality_Laptop_20-29-42 - [verifyingDisplaySizeFilterFunctionality_Laptop_20-29-42] Waiting for new window to open...
20:47:18 [TestNG-test-Test-3] INFO  verifyingDisplaySizeFilterFunctionality_Laptop_20-29-42 - [verifyingDisplaySizeFilterFunctionality_Laptop_20-29-42] Switched to new window -> 7B7AB40C1C900CEF298D7DAE59565856
20:47:18 [TestNG-test-Test-3] INFO  verifyingDisplaySizeFilterFunctionality_Laptop_20-29-42 - [verifyingDisplaySizeFilterFunctionality_Laptop_20-29-42] Swithcing to the new window  within productNameListingPage loop
20:47:18 [TestNG-test-Test-3] INFO  verifyingDisplaySizeFilterFunctionality_Laptop_20-29-42 - [verifyingDisplaySizeFilterFunctionality_Laptop_20-29-42] Clicked product name to open in new tab from productNameListingPage loop
20:47:18 [TestNG-test-Test-3] INFO  verifyingDisplaySizeFilterFunctionality_Laptop_20-29-42 - [verifyingDisplaySizeFilterFunctionality_Laptop_20-29-42] Within safeFindElement method
20:47:22 [TestNG-test-Test-3] INFO  verifyingDisplaySizeFilterFunctionality_Laptop_20-29-42 - [verifyingDisplaySizeFilterFunctionality_Laptop_20-29-42]Found the element returning it ,element ->[[ChromeDriver: chrome on windows (5f28c669577438246038219e80837668)] -> xpath: //span[@id='productTitle']]
20:47:22 [TestNG-test-Test-3] INFO  verifyingDisplaySizeFilterFunctionality_Laptop_20-29-42 - [verifyingDisplaySizeFilterFunctionality_Laptop_20-29-42] Within safeFindElement method
20:47:22 [TestNG-test-Test-3] INFO  verifyingDisplaySizeFilterFunctionality_Laptop_20-29-42 - [verifyingDisplaySizeFilterFunctionality_Laptop_20-29-42]Found the element returning it ,element ->[[ChromeDriver: chrome on windows (5f28c669577438246038219e80837668)] -> xpath: //div[@class='a-section a-spacing-small a-spacing-top-small']]
20:47:22 [TestNG-test-Test-3] INFO  verifyingDisplaySizeFilterFunctionality_Laptop_20-29-42 - [verifyingDisplaySizeFilterFunctionality_Laptop_20-29-42] Within safeFindElement method
20:47:22 [TestNG-test-Test-3] INFO  verifyingDisplaySizeFilterFunctionality_Laptop_20-29-42 - [verifyingDisplaySizeFilterFunctionality_Laptop_20-29-42]Found the element returning it ,element ->[[ChromeDriver: chrome on windows (5f28c669577438246038219e80837668)] -> xpath: //div[@id='feature-bullets']]
20:47:22 [TestNG-test-Test-3] INFO  verifyingDisplaySizeFilterFunctionality_Laptop_20-29-42 - [verifyingDisplaySizeFilterFunctionality_Laptop_20-29-42] Within safeFindElement method
20:47:22 [TestNG-test-Test-3] INFO  verifyingDisplaySizeFilterFunctionality_Laptop_20-29-42 - [verifyingDisplaySizeFilterFunctionality_Laptop_20-29-42]Found the element returning it ,element ->[[ChromeDriver: chrome on windows (5f28c669577438246038219e80837668)] -> xpath: //div[@id='prodDetails']]
20:47:22 [TestNG-test-Test-3] INFO  verifyingDisplaySizeFilterFunctionality_Laptop_20-29-42 - [verifyingDisplaySizeFilterFunctionality_Laptop_20-29-42] Extracting 'name' , 'keyFeatures', 'about' , 'techDetails' within productNameListingPage loop
20:47:22 [TestNG-test-Test-3] INFO  verifyingDisplaySizeFilterFunctionality_Laptop_20-29-42 - [verifyingDisplaySizeFilterFunctionality_Laptop_20-29-42] Waiting until element is visible in viewport
20:47:33 [TestNG-test-Test-3] INFO  verifyingDisplaySizeFilterFunctionality_Laptop_20-29-42 - [verifyingDisplaySizeFilterFunctionality_Laptop_20-29-42] Within smoothScrollToElement method
20:47:33 [TestNG-test-Test-3] INFO  verifyingDisplaySizeFilterFunctionality_Laptop_20-29-42 - [verifyingDisplaySizeFilterFunctionality_Laptop_20-29-42] Within safeFindElement method
20:47:33 [TestNG-test-Test-3] INFO  verifyingDisplaySizeFilterFunctionality_Laptop_20-29-42 - [verifyingDisplaySizeFilterFunctionality_Laptop_20-29-42]Found the element returning it ,element ->[[ChromeDriver: chrome on windows (5f28c669577438246038219e80837668)] -> xpath: //a[@id='seeMoreDetailsLink']]
20:47:33 [TestNG-test-Test-3] INFO  verifyingDisplaySizeFilterFunctionality_Laptop_20-29-42 - [verifyingDisplaySizeFilterFunctionality_Laptop_20-29-42] Successfully scrolled to element: By.xpath: //a[@id='seeMoreDetailsLink']
20:47:33 [TestNG-test-Test-3] INFO  verifyingDisplaySizeFilterFunctionality_Laptop_20-29-42 - [verifyingDisplaySizeFilterFunctionality_Laptop_20-29-42] Within safeClick method
20:47:33 [TestNG-test-Test-3] INFO  verifyingDisplaySizeFilterFunctionality_Laptop_20-29-42 - [verifyingDisplaySizeFilterFunctionality_Laptop_20-29-42] Clicked the  [[ChromeDriver: chrome on windows (5f28c669577438246038219e80837668)] -> xpath: //a[@id='seeMoreDetailsLink']]   using safeClick
20:47:33 [TestNG-test-Test-3] INFO  verifyingDisplaySizeFilterFunctionality_Laptop_20-29-42 - [verifyingDisplaySizeFilterFunctionality_Laptop_20-29-42] Within try block for clicking see more deatils within productNameListingPage loop
20:47:33 [TestNG-test-Test-3] INFO  verifyingDisplaySizeFilterFunctionality_Laptop_20-29-42 - [verifyingDisplaySizeFilterFunctionality_Laptop_20-29-42] Within closeCurrentWindowAndSwitchBack method
20:47:33 [TestNG-test-Test-3] INFO  verifyingDisplaySizeFilterFunctionality_Laptop_20-29-42 - [verifyingDisplaySizeFilterFunctionality_Laptop_20-29-42] Total open windows/tabs count -> 2
20:47:33 [TestNG-test-Test-3] INFO  verifyingDisplaySizeFilterFunctionality_Laptop_20-29-42 - [verifyingDisplaySizeFilterFunctionality_Laptop_20-29-42] Original window handle -> 4FD498FF7C268EAD07E38C1D5D5B2EA7
20:47:33 [TestNG-test-Test-3] INFO  verifyingDisplaySizeFilterFunctionality_Laptop_20-29-42 - [verifyingDisplaySizeFilterFunctionality_Laptop_20-29-42] Found new tab/window handle -> 7B7AB40C1C900CEF298D7DAE59565856 (will be closed)
20:47:33 [TestNG-test-Test-3] INFO  verifyingDisplaySizeFilterFunctionality_Laptop_20-29-42 - [verifyingDisplaySizeFilterFunctionality_Laptop_20-29-42] Successfully switched to new tab/window -> 7B7AB40C1C900CEF298D7DAE59565856
20:47:33 [TestNG-test-Test-3] INFO  verifyingDisplaySizeFilterFunctionality_Laptop_20-29-42 - [verifyingDisplaySizeFilterFunctionality_Laptop_20-29-42] Closed the newly opened tab/window -> 7B7AB40C1C900CEF298D7DAE59565856
20:47:33 [TestNG-test-Test-3] INFO  verifyingDisplaySizeFilterFunctionality_Laptop_20-29-42 - [verifyingDisplaySizeFilterFunctionality_Laptop_20-29-42] Switched back to the original window -> 4FD498FF7C268EAD07E38C1D5D5B2EA7
20:47:33 [TestNG-test-Test-3] INFO  verifyingDisplaySizeFilterFunctionality_Laptop_20-29-42 - [verifyingDisplaySizeFilterFunctionality_Laptop_20-29-42]  going back to product listing via closeCurrentWindowAndSwitchBack 
20:47:33 [TestNG-test-Test-3] INFO  verifyingDisplaySizeFilterFunctionality_Laptop_20-29-42 - [verifyingDisplaySizeFilterFunctionality_Laptop_20-29-42]  Added 'filter','title','keyFeatures', 'about', 'techDetails' into the Map -> productResult
20:47:33 [TestNG-test-Test-3] INFO  verifyingDisplaySizeFilterFunctionality_Laptop_20-29-42 - [verifyingDisplaySizeFilterFunctionality_Laptop_20-29-42]  Added 'productResult' Map into the 'results' i.e list of maps 
20:47:33 [TestNG-test-Test-3] INFO  verifyingDisplaySizeFilterFunctionality_Laptop_20-29-42 - [verifyingDisplaySizeFilterFunctionality_Laptop_20-29-42]==========================================================================================================
20:47:33 [TestNG-test-Test-3] INFO  verifyingDisplaySizeFilterFunctionality_Laptop_20-29-42 - [verifyingDisplaySizeFilterFunctionality_Laptop_20-29-42] Within safeClick method
20:47:34 [TestNG-test-Test-3] INFO  verifyingDisplaySizeFilterFunctionality_Laptop_20-29-42 - [verifyingDisplaySizeFilterFunctionality_Laptop_20-29-42] Cannot click the butto using safeClick, trying again
20:47:38 [TestNG-test-Test-3] INFO  verifyingDisplaySizeFilterFunctionality_Laptop_20-29-42 - [verifyingDisplaySizeFilterFunctionality_Laptop_20-29-42] Cannot click the butto using safeClick, trying again
20:47:40 [TestNG-test-Test-3] INFO  verifyingDisplaySizeFilterFunctionality_Laptop_20-29-42 - [verifyingDisplaySizeFilterFunctionality_Laptop_20-29-42] Skipping click action: Element not clickable after- 2
20:47:40 [TestNG-test-Test-3] INFO  verifyingDisplaySizeFilterFunctionality_Laptop_20-29-42 - [verifyingDisplaySizeFilterFunctionality_Laptop_20-29-42] Clearing the filter value ->35 to 39 cmwithin productNameListingPage loop
20:47:40 [TestNG-test-Test-3] INFO  verifyingDisplaySizeFilterFunctionality_Laptop_20-29-42 - [verifyingDisplaySizeFilterFunctionality_Laptop_20-29-42]==========================================================================================================
20:47:40 [TestNG-test-Test-3] INFO  verifyingDisplaySizeFilterFunctionality_Laptop_20-29-42 - [verifyingDisplaySizeFilterFunctionality_Laptop_20-29-42]==========================================================================================================
20:47:40 [TestNG-test-Test-3] INFO  verifyingDisplaySizeFilterFunctionality_Laptop_20-29-42 - [verifyingDisplaySizeFilterFunctionality_Laptop_20-29-42] Within filterOptions loop in applyFilterAndValidateProductsWithResult
20:47:40 [TestNG-test-Test-3] INFO  verifyingDisplaySizeFilterFunctionality_Laptop_20-29-42 - [verifyingDisplaySizeFilterFunctionality_Laptop_20-29-42] Within safeFindElements 
20:47:40 [TestNG-test-Test-3] INFO  verifyingDisplaySizeFilterFunctionality_Laptop_20-29-42 - [verifyingDisplaySizeFilterFunctionality_Laptop_20-29-42] Returning the  [[[ChromeDriver: chrome on windows (5f28c669577438246038219e80837668)] -> xpath: //span[@class='a-size-base a-color-base puis-bold-weight-text' and text()='Screen Size']/parent::div/following-sibling::ul//span[@class='a-size-base a-color-base']], [[ChromeDriver: chrome on windows (5f28c669577438246038219e80837668)] -> xpath: //span[@class='a-size-base a-color-base puis-bold-weight-text' and text()='Screen Size']/parent::div/following-sibling::ul//span[@class='a-size-base a-color-base']], [[ChromeDriver: chrome on windows (5f28c669577438246038219e80837668)] -> xpath: //span[@class='a-size-base a-color-base puis-bold-weight-text' and text()='Screen Size']/parent::div/following-sibling::ul//span[@class='a-size-base a-color-base']], [[ChromeDriver: chrome on windows (5f28c669577438246038219e80837668)] -> xpath: //span[@class='a-size-base a-color-base puis-bold-weight-text' and text()='Screen Size']/parent::div/following-sibling::ul//span[@class='a-size-base a-color-base']], [[ChromeDriver: chrome on windows (5f28c669577438246038219e80837668)] -> xpath: //span[@class='a-size-base a-color-base puis-bold-weight-text' and text()='Screen Size']/parent::div/following-sibling::ul//span[@class='a-size-base a-color-base']]] from the safeFindElements method
20:47:40 [TestNG-test-Test-3] INFO  verifyingDisplaySizeFilterFunctionality_Laptop_20-29-42 - [verifyingDisplaySizeFilterFunctionality_Laptop_20-29-42] Limiting traversal to in-loop size to prevent IndexOutOfBoundsException in applyFilterAndValidateProductsWithResult
20:47:40 [TestNG-test-Test-3] ERROR verifyingDisplaySizeFilterFunctionality_Laptop_20-29-42 - [verifyingDisplaySizeFilterFunctionality_Laptop_20-29-42]  Mismatch found for filter 'up to 13.9 in' on product 'ebook 11.6" hd laptop | best student & office work laptop | celeron n4020 | 4gb ddr4 | 128gb emmc + m.2 ssd expandable slot | win 11 home |31wh battery | uhd graphics 600 | black'
20:47:40 [TestNG-test-Test-3] ERROR verifyingDisplaySizeFilterFunctionality_Laptop_20-29-42 - [verifyingDisplaySizeFilterFunctionality_Laptop_20-29-42]  Mismatch found for filter 'up to 13.9 in' on product 'acer aspire 3 (2026), intel celeron dual core n4500 - (8 gb/256 gb ssd/intel uhd graphics/windows 11 home) thin and light laptop/11.6" hd/steel grey/1.0 kg/ms office 2024'
20:47:40 [TestNG-test-Test-3] ERROR verifyingDisplaySizeFilterFunctionality_Laptop_20-29-42 - [verifyingDisplaySizeFilterFunctionality_Laptop_20-29-42]  Mismatch found for filter 'up to 13.9 in' on product 'jiobook 11 with lifetime office | android 4g laptop mediatek 8788 (jioos) | octa-core | 4gb ram | 64 emmc storage | thin and light laptop (11.6 inch, 990 grams) | dual band wifi + sim | blue'
20:47:40 [TestNG-test-Test-3] ERROR verifyingDisplaySizeFilterFunctionality_Laptop_20-29-42 - [verifyingDisplaySizeFilterFunctionality_Laptop_20-29-42]  Mismatch found for filter 'up to 13.9 in' on product 'primebook wifi (2026) android based mediatek mt8183 - (primeos) thin and light laptop (11.6 inch, 1.065 kg, type c) (4gb/64gb emmc storage)'
20:47:40 [TestNG-test-Test-3] ERROR verifyingDisplaySizeFilterFunctionality_Laptop_20-29-42 - [verifyingDisplaySizeFilterFunctionality_Laptop_20-29-42]  Mismatch found for filter 'up to 13.9 in' on product 'acer chromebook, mediatek kompanio 540 octa-core processor, 4gb ram, 64gb emmc, full hd, 11.6"/27.94cm display, chrome os, black, 1.2 kg, c725, arm mali g57 graphics, wifi 6e laptop'
20:47:40 [TestNG-test-Test-3] ERROR verifyingDisplaySizeFilterFunctionality_Laptop_20-29-42 - [verifyingDisplaySizeFilterFunctionality_Laptop_20-29-42]  Mismatch found for filter 'up to 13.9 in' on product 'asus chromebook cm32 detachable (2026),smartchoice,mediatek kompanio 540 processor,8gb ram,128gb ssd,touchscreen,12.1"(30.7 cm),chrome os,cloud titanium,0.64 kg,cm3206dm4a-tr0119,thin & light laptop'
20:47:40 [TestNG-test-Test-3] ERROR verifyingDisplaySizeFilterFunctionality_Laptop_20-29-42 - [verifyingDisplaySizeFilterFunctionality_Laptop_20-29-42]  Mismatch found for filter 'up to 13.9 in' on product 'apple 2026 macbook air 13″ laptop with m5 chip: ai and apple intelligence, 34.46 cm (13.6″) liquid retina display, 24gb unified memory, 1tb ssd storage, 12mp center stage camera, touch id; midnight'
20:47:40 [TestNG-test-Test-3] ERROR verifyingDisplaySizeFilterFunctionality_Laptop_20-29-42 - [verifyingDisplaySizeFilterFunctionality_Laptop_20-29-42]  Mismatch found for filter 'up to 13.9 in' on product 'apple 2026 macbook air 13″ laptop with m5 chip: ai and apple intelligence, 34.46 cm (13.6″) liquid retina display, 16gb unified memory, 1tb ssd storage, 12mp center stage camera, touch id; starlight'
20:47:40 [TestNG-test-Test-3] ERROR verifyingDisplaySizeFilterFunctionality_Laptop_20-29-42 - [verifyingDisplaySizeFilterFunctionality_Laptop_20-29-42]  Mismatch found for filter 'up to 13.9 in' on product 'acer chromebook, intel celeron- n4500 processor, 4gb lpddr4 ram, 64gb emmc, 29.46cm /11.6" inch hd display, chrome os, intel uhd graphics,wifi 5, black, 1.2 kg, co731, thin & light laptop'
20:47:40 [TestNG-test-Test-3] ERROR verifyingDisplaySizeFilterFunctionality_Laptop_20-29-42 - [verifyingDisplaySizeFilterFunctionality_Laptop_20-29-42]  Mismatch found for filter 'up to 13.9 in' on product 'ebook 11.6" hd laptop | best student & office work laptop | celeron n4020 | 4gb ddr4 | 128gb emmc + m.2 ssd expandable slot | win 11 home |31wh battery | uhd graphics 600 + logitech m196 bt mouse'
20:47:40 [TestNG-test-Test-3] ERROR verifyingDisplaySizeFilterFunctionality_Laptop_20-29-42 - [verifyingDisplaySizeFilterFunctionality_Laptop_20-29-42]  Mismatch found for filter 'up to 13.9 in' on product 'acer chromebook, intel celeron- n4500 processor, 4gb lpddr4 ram, 32gb emmc, 29.46cm /11.6" inch hd display, chrome os, intel uhd graphics,wifi 5, black, 1.2 kg, co731, thin & light laptop'
20:47:40 [TestNG-test-Test-3] ERROR verifyingDisplaySizeFilterFunctionality_Laptop_20-29-42 - [verifyingDisplaySizeFilterFunctionality_Laptop_20-29-42]  Mismatch found for filter 'up to 13.9 in' on product 'apple 2026 macbook air 13″ laptop with m5 chip: ai and apple intelligence, 34.46 cm (13.6″) liquid retina display, 24gb unified memory, 1tb ssd storage, 12mp center stage camera, touch id; starlight'
20:47:40 [TestNG-test-Test-3] ERROR verifyingDisplaySizeFilterFunctionality_Laptop_20-29-42 - [verifyingDisplaySizeFilterFunctionality_Laptop_20-29-42]  Mismatch found for filter 'up to 13.9 in' on product 'hp chromebook (2024) mediatek mt8183 - (4 gb/32 gb emmc storage/chrome os) 11mk g9 ee chromebook (11.6 inch, black, 1.34 kg)'
20:47:40 [TestNG-test-Test-3] ERROR verifyingDisplaySizeFilterFunctionality_Laptop_20-29-42 - [verifyingDisplaySizeFilterFunctionality_Laptop_20-29-42]  Mismatch found for filter 'up to 13.9 in' on product 'jiobook 11 with lifetime office | android 4g laptop mediatek 8788 (jioos) | octa-core | 4gb ram | 64 emmc storage | thin and light laptop (11.6 inch, 990 grams + logitech m196 bt mouse'
20:47:40 [TestNG-test-Test-3] ERROR verifyingDisplaySizeFilterFunctionality_Laptop_20-29-42 - [verifyingDisplaySizeFilterFunctionality_Laptop_20-29-42]  Mismatch found for filter 'up to 13.9 in' on product 'asus rog flow z13 (2025), amd ryzen ai max+ 395,amd radeon igpu, 32gb/1tb, 2.5k qhd+,touchscreen, 13.4", 34 cm,windows 11, m365 basic(1yr)* office24, off black, 1.59 kg, gz302ea-ru520ws, gaming laptop'
20:47:40 [TestNG-test-Test-3] ERROR verifyingDisplaySizeFilterFunctionality_Laptop_20-29-42 - [verifyingDisplaySizeFilterFunctionality_Laptop_20-29-42]  Mismatch found for filter '15 to 15.9 in' on product 'hp 15, amd ryzen 3 7320u (8gb lpddr4, 512gb ssd) fhd, micro-edge, 15.6"/39.6cm, win 11, m365 basic(1yr), office24, silver, 1.59kg, fc0499au, amd radeon graphics, 1080p fhd camera laptop'
20:47:40 [TestNG-test-Test-3] ERROR verifyingDisplaySizeFilterFunctionality_Laptop_20-29-42 - [verifyingDisplaySizeFilterFunctionality_Laptop_20-29-42]  Mismatch found for filter '15 to 15.9 in' on product 'lenovo v15 g4 amd ryzen 5 7520u 15.6 inch fhd laptop, amd graphics, 16gb ddr5 5500mhz ram, 512gb ssd nvme, windows 11, dolby audio, arctic grey, 1 year onsite brand warranty'
20:47:40 [TestNG-test-Test-3] ERROR verifyingDisplaySizeFilterFunctionality_Laptop_20-29-42 - [verifyingDisplaySizeFilterFunctionality_Laptop_20-29-42]  Mismatch found for filter '15 to 15.9 in' on product 'asus vivobook 15, smartchoice,intel corei5 13thgen 13420h, 16gb ram, 512gb ssd, fhd 15.6", win11, office home'24, m365 basic (1year)*, cool silver, 1.70kg, x1502va-bq835ws, intel uhd igpu, laptop'
20:47:40 [TestNG-test-Test-3] ERROR verifyingDisplaySizeFilterFunctionality_Laptop_20-29-42 - [verifyingDisplaySizeFilterFunctionality_Laptop_20-29-42]  Mismatch found for filter '15 to 15.9 in' on product 'dell 15 (previously inspiron) laptop, 14th gen intel core i3/core 3 100u processor, 16gb ddr4, 512 ssd, intel uhd graphics, 15.6" fhd 120hz ips ag 250 nit display, win 11 + office 2024, black, 1.63kg'
20:47:40 [TestNG-test-Test-3] ERROR verifyingDisplaySizeFilterFunctionality_Laptop_20-29-42 - [verifyingDisplaySizeFilterFunctionality_Laptop_20-29-42]  Mismatch found for filter '15 to 15.9 in' on product 'lenovo v15 g4 amd athlon silver 7120u laptop 8gb lpddr5 ram, 512 gb ssd pcie, windows 11 lifetime validity,15.6" fhd screen, amd radeon 610m, silver, 1 year brand warranty'
20:47:40 [TestNG-test-Test-3] ERROR verifyingDisplaySizeFilterFunctionality_Laptop_20-29-42 - [verifyingDisplaySizeFilterFunctionality_Laptop_20-29-42]  Mismatch found for filter '15 to 15.9 in' on product 'lenovo 15 (2026), intel core i3 13th gen 1315u - (8 gb ddr5/512 gb ssd/intel uhd graphics/windows 11 pro) thin and light business laptop/15.6" fhd display/copilot key/luna grey/1.6 kg/ms office 2024'
20:47:40 [TestNG-test-Test-3] ERROR verifyingDisplaySizeFilterFunctionality_Laptop_20-29-42 - [verifyingDisplaySizeFilterFunctionality_Laptop_20-29-42]  Mismatch found for filter '15 to 15.9 in' on product 'acer one 15 smart laptop ao15-41m-g2 | amd ryzen 3 7320u | amd radeon 610m graphics | 8gb lpddr5 ram | 256gb nvme ssd | 15.6" fhd display | windows 11 home | silver'
20:47:40 [TestNG-test-Test-3] ERROR verifyingDisplaySizeFilterFunctionality_Laptop_20-29-42 - [verifyingDisplaySizeFilterFunctionality_Laptop_20-29-42]  Mismatch found for filter '15 to 15.9 in' on product 'acer aspire 3 (2026), intel celeron dual core n4500 - (8 gb/256 gb ssd/intel uhd graphics/windows 11 home) thin and light laptop/11.6" hd/steel grey/1.0 kg/ms office 2024'
20:47:40 [TestNG-test-Test-3] ERROR verifyingDisplaySizeFilterFunctionality_Laptop_20-29-42 - [verifyingDisplaySizeFilterFunctionality_Laptop_20-29-42]  Mismatch found for filter '15 to 15.9 in' on product 'acer aspire lite, amd ryzen 3-5400u, 8gb ram/256gb ssd, full hd ips, 15.6"/39.62 cm, windows 11 home, steel gray, 1.59 kg, al15-41, metal body, premium thin and light laptop'
20:47:40 [TestNG-test-Test-3] ERROR verifyingDisplaySizeFilterFunctionality_Laptop_20-29-42 - [verifyingDisplaySizeFilterFunctionality_Laptop_20-29-42]  Mismatch found for filter '15 to 15.9 in' on product 'ebook 11.6" hd laptop | best student & office work laptop | celeron n4020 | 4gb ddr4 | 128gb emmc + m.2 ssd expandable slot | win 11 home |31wh battery | uhd graphics 600 | black'
20:47:40 [TestNG-test-Test-3] ERROR verifyingDisplaySizeFilterFunctionality_Laptop_20-29-42 - [verifyingDisplaySizeFilterFunctionality_Laptop_20-29-42]  Mismatch found for filter '15 to 15.9 in' on product 'hp 15 laptop | intel core i5-13420h,13th gen |16gb ram | 512gb ssd | win 11 |m365 basic(1yr)* office24|anti-glare, micro-edge, 15.6''/39.6cm|backlit kb|fhd camera w/shutter|1.65kg, silver -fr0045tu'
20:47:40 [TestNG-test-Test-3] ERROR verifyingDisplaySizeFilterFunctionality_Laptop_20-29-42 - [verifyingDisplaySizeFilterFunctionality_Laptop_20-29-42]  Mismatch found for filter '15 to 15.9 in' on product 'acer aspire 3 laptop intel core celeron n4500 processor laptop (8 gb lpddr4x sdram/256 gb ssd/win11 home/38 whr/hd webcam) a325-45 with 39.63 cm (15.6") hd display, pure silver, 1.5 kg'
20:47:40 [TestNG-test-Test-3] ERROR verifyingDisplaySizeFilterFunctionality_Laptop_20-29-42 - [verifyingDisplaySizeFilterFunctionality_Laptop_20-29-42]  Mismatch found for filter '15 to 15.9 in' on product 'acer aspire 3 (2026), intel core i5 13th gen 1334u - (16 gb/512 gb ssd/intel uhd graphics/windows 11 home) thin and light laptop/15.6" fhd ips display/silver/1.5 kg/ms office 2024/3 years warranty'
20:47:40 [TestNG-test-Test-3] ERROR verifyingDisplaySizeFilterFunctionality_Laptop_20-29-42 - [verifyingDisplaySizeFilterFunctionality_Laptop_20-29-42]  Mismatch found for filter '15 to 15.9 in' on product 'acer aspire 3 laptop a325-42 | 15.6" (39.6 cm) fhd ips display | amd ryzen 3 5300u | 8gb ddr4 ram | 256gb nvme ssd | windows 11 home | amd radeon graphics | wi-fi 6 | steel gray | 1.78 kg'
20:47:40 [TestNG-test-Test-3] ERROR verifyingDisplaySizeFilterFunctionality_Laptop_20-29-42 - [verifyingDisplaySizeFilterFunctionality_Laptop_20-29-42]  Mismatch found for filter '15 to 15.9 in' on product 'dell dc15250, 15.6" (39.62 cm) fhd laptop with intel core i5-1334u, 16gb ram, 512gb ssd, 120hz, 250 nits display, wi-fi 6, windows 11 home, mso 11–sleek, fast & reliable for work, study & everyday use'
20:47:40 [TestNG-test-Test-3] ERROR verifyingDisplaySizeFilterFunctionality_Laptop_20-29-42 - [verifyingDisplaySizeFilterFunctionality_Laptop_20-29-42]  Mismatch found for filter 'up to 34 cm' on product 'hp 15, amd ryzen 3 7320u (8gb lpddr4, 512gb ssd) fhd, micro-edge, 15.6"/39.6cm, win 11, m365 basic(1yr), office24, silver, 1.59kg, fc0499au, amd radeon graphics, 1080p fhd camera laptop'
20:47:40 [TestNG-test-Test-3] ERROR verifyingDisplaySizeFilterFunctionality_Laptop_20-29-42 - [verifyingDisplaySizeFilterFunctionality_Laptop_20-29-42]  Mismatch found for filter 'up to 34 cm' on product 'lenovo v15 g4 amd ryzen 5 7520u 15.6 inch fhd laptop, amd graphics, 16gb ddr5 5500mhz ram, 512gb ssd nvme, windows 11, dolby audio, arctic grey, 1 year onsite brand warranty'
20:47:40 [TestNG-test-Test-3] ERROR verifyingDisplaySizeFilterFunctionality_Laptop_20-29-42 - [verifyingDisplaySizeFilterFunctionality_Laptop_20-29-42]  Mismatch found for filter 'up to 34 cm' on product 'asus vivobook 15, smartchoice,intel corei5 13thgen 13420h, 16gb ram, 512gb ssd, fhd 15.6", win11, office home'24, m365 basic (1year)*, cool silver, 1.70kg, x1502va-bq835ws, intel uhd igpu, laptop'
20:47:40 [TestNG-test-Test-3] ERROR verifyingDisplaySizeFilterFunctionality_Laptop_20-29-42 - [verifyingDisplaySizeFilterFunctionality_Laptop_20-29-42]  Mismatch found for filter 'up to 34 cm' on product 'dell 15 (previously inspiron) laptop, 14th gen intel core i3/core 3 100u processor, 16gb ddr4, 512 ssd, intel uhd graphics, 15.6" fhd 120hz ips ag 250 nit display, win 11 + office 2024, black, 1.63kg'
20:47:40 [TestNG-test-Test-3] ERROR verifyingDisplaySizeFilterFunctionality_Laptop_20-29-42 - [verifyingDisplaySizeFilterFunctionality_Laptop_20-29-42]  Mismatch found for filter 'up to 34 cm' on product 'lenovo v15 g4 amd athlon silver 7120u laptop 8gb lpddr5 ram, 512 gb ssd pcie, windows 11 lifetime validity,15.6" fhd screen, amd radeon 610m, silver, 1 year brand warranty'
20:47:40 [TestNG-test-Test-3] ERROR verifyingDisplaySizeFilterFunctionality_Laptop_20-29-42 - [verifyingDisplaySizeFilterFunctionality_Laptop_20-29-42]  Mismatch found for filter 'up to 34 cm' on product 'lenovo 15 (2026), intel core i3 13th gen 1315u - (8 gb ddr5/512 gb ssd/intel uhd graphics/windows 11 pro) thin and light business laptop/15.6" fhd display/copilot key/luna grey/1.6 kg/ms office 2024'
20:47:40 [TestNG-test-Test-3] ERROR verifyingDisplaySizeFilterFunctionality_Laptop_20-29-42 - [verifyingDisplaySizeFilterFunctionality_Laptop_20-29-42]  Mismatch found for filter 'up to 34 cm' on product 'acer one 15 smart laptop ao15-41m-g2 | amd ryzen 3 7320u | amd radeon 610m graphics | 8gb lpddr5 ram | 256gb nvme ssd | 15.6" fhd display | windows 11 home | silver'
20:47:40 [TestNG-test-Test-3] ERROR verifyingDisplaySizeFilterFunctionality_Laptop_20-29-42 - [verifyingDisplaySizeFilterFunctionality_Laptop_20-29-42]  Mismatch found for filter 'up to 34 cm' on product 'acer aspire 3 (2026), intel celeron dual core n4500 - (8 gb/256 gb ssd/intel uhd graphics/windows 11 home) thin and light laptop/11.6" hd/steel grey/1.0 kg/ms office 2024'
20:47:40 [TestNG-test-Test-3] ERROR verifyingDisplaySizeFilterFunctionality_Laptop_20-29-42 - [verifyingDisplaySizeFilterFunctionality_Laptop_20-29-42]  Mismatch found for filter 'up to 34 cm' on product 'acer aspire lite, amd ryzen 3-5400u, 8gb ram/256gb ssd, full hd ips, 15.6"/39.62 cm, windows 11 home, steel gray, 1.59 kg, al15-41, metal body, premium thin and light laptop'
20:47:40 [TestNG-test-Test-3] ERROR verifyingDisplaySizeFilterFunctionality_Laptop_20-29-42 - [verifyingDisplaySizeFilterFunctionality_Laptop_20-29-42]  Mismatch found for filter 'up to 34 cm' on product 'ebook 11.6" hd laptop | best student & office work laptop | celeron n4020 | 4gb ddr4 | 128gb emmc + m.2 ssd expandable slot | win 11 home |31wh battery | uhd graphics 600 | black'
20:47:40 [TestNG-test-Test-3] ERROR verifyingDisplaySizeFilterFunctionality_Laptop_20-29-42 - [verifyingDisplaySizeFilterFunctionality_Laptop_20-29-42]  Mismatch found for filter 'up to 34 cm' on product 'hp 15 laptop | intel core i5-13420h,13th gen |16gb ram | 512gb ssd | win 11 |m365 basic(1yr)* office24|anti-glare, micro-edge, 15.6''/39.6cm|backlit kb|fhd camera w/shutter|1.65kg, silver -fr0045tu'
20:47:40 [TestNG-test-Test-3] ERROR verifyingDisplaySizeFilterFunctionality_Laptop_20-29-42 - [verifyingDisplaySizeFilterFunctionality_Laptop_20-29-42]  Mismatch found for filter 'up to 34 cm' on product 'acer aspire 3 laptop intel core celeron n4500 processor laptop (8 gb lpddr4x sdram/256 gb ssd/win11 home/38 whr/hd webcam) a325-45 with 39.63 cm (15.6") hd display, pure silver, 1.5 kg'
20:47:40 [TestNG-test-Test-3] ERROR verifyingDisplaySizeFilterFunctionality_Laptop_20-29-42 - [verifyingDisplaySizeFilterFunctionality_Laptop_20-29-42]  Mismatch found for filter 'up to 34 cm' on product 'acer aspire 3 (2026), intel core i5 13th gen 1334u - (16 gb/512 gb ssd/intel uhd graphics/windows 11 home) thin and light laptop/15.6" fhd ips display/silver/1.5 kg/ms office 2024/3 years warranty'
20:47:40 [TestNG-test-Test-3] ERROR verifyingDisplaySizeFilterFunctionality_Laptop_20-29-42 - [verifyingDisplaySizeFilterFunctionality_Laptop_20-29-42]  Mismatch found for filter 'up to 34 cm' on product 'acer aspire 3 laptop a325-42 | 15.6" (39.6 cm) fhd ips display | amd ryzen 3 5300u | 8gb ddr4 ram | 256gb nvme ssd | windows 11 home | amd radeon graphics | wi-fi 6 | steel gray | 1.78 kg'
20:47:40 [TestNG-test-Test-3] ERROR verifyingDisplaySizeFilterFunctionality_Laptop_20-29-42 - [verifyingDisplaySizeFilterFunctionality_Laptop_20-29-42]  Mismatch found for filter 'up to 34 cm' on product 'dell dc15250, 15.6" (39.62 cm) fhd laptop with intel core i5-1334u, 16gb ram, 512gb ssd, 120hz, 250 nits display, wi-fi 6, windows 11 home, mso 11–sleek, fast & reliable for work, study & everyday use'
20:47:40 [TestNG-test-Test-3] ERROR verifyingDisplaySizeFilterFunctionality_Laptop_20-29-42 - [verifyingDisplaySizeFilterFunctionality_Laptop_20-29-42]  Mismatch found for filter '16 in & above' on product 'asus vivobook 16,smartchoice, 13th gen, intel core i5-13420h,16gb ram,512gb ssd,fhd, oled,win 11,m365 basic (1y),backlit keyboard,office 2024,silver,1.88 kg,x1605va-sh1952ws, thin & light laptop'
20:47:40 [TestNG-test-Test-3] ERROR verifyingDisplaySizeFilterFunctionality_Laptop_20-29-42 - [verifyingDisplaySizeFilterFunctionality_Laptop_20-29-42]  Mismatch found for filter '16 in & above' on product 'lenovo thinkbook 16 amd ryzen 5 7535hs (8gb ram/512gb ssd/win 11 home/office 2024/backlit keyboard/fingerprint) 16" wuxga ips 300 nits thin & light laptop/1y warranty/aluminium top/1.7kg, 21mwa0brin'
20:47:40 [TestNG-test-Test-3] ERROR verifyingDisplaySizeFilterFunctionality_Laptop_20-29-42 - [verifyingDisplaySizeFilterFunctionality_Laptop_20-29-42]  Mismatch found for filter '16 in & above' on product 'lenovo thinkbook 16, amd ryzen 5 7535hs, 16gb ram, 512gb ssd, wuxga ips 16” (40.64cm), windows 11 home, arctic grey, 1.7kg, 21mw00etin, fingerprint, backlit, 300 nits, 1y warranty, laptop'
20:47:40 [TestNG-test-Test-3] ERROR verifyingDisplaySizeFilterFunctionality_Laptop_20-29-42 - [verifyingDisplaySizeFilterFunctionality_Laptop_20-29-42]  Mismatch found for filter '16 in & above' on product 'hp omen, amd ryzen ai 7 350, 8gb rtx 5050, 24gb ddr5(upgradeable) 1tb ssd, 165hz, 2k wuxga, 3ms, 400 nits, 16'(40.6cm) win11, m365* office24, black, 2.44kg, ap0165ax, rgb, ai gaming laptop'
20:47:40 [TestNG-test-Test-3] ERROR verifyingDisplaySizeFilterFunctionality_Laptop_20-29-42 - [verifyingDisplaySizeFilterFunctionality_Laptop_20-29-42]  Mismatch found for filter '16 in & above' on product 'asus vivobook 16, snapdragon x, 16gb ram, 512gb ssd, fhd+ 16", windows 11, office home 2024, quiet blue, 1.88kg, x1607qa-mb049ws, qualcomm adreno igpu, 45tops, m365 basic (1year)* laptop'
20:47:40 [TestNG-test-Test-3] ERROR verifyingDisplaySizeFilterFunctionality_Laptop_20-29-42 - [verifyingDisplaySizeFilterFunctionality_Laptop_20-29-42]  Mismatch found for filter '16 in & above' on product 'asus rog strix g16, intel core ultra 9 275hx, gaming laptop(rtx 5060-8gb/115w tgp/16gb/1tb /2.5k qhd+/16"/240hz/90whrs/windows 11/m365 basic (1year)*/office home 2024/eclipse gray/) g615lm-s5128ws'
20:47:40 [TestNG-test-Test-3] ERROR verifyingDisplaySizeFilterFunctionality_Laptop_20-29-42 - [verifyingDisplaySizeFilterFunctionality_Laptop_20-29-42]  Mismatch found for filter '16 in & above' on product 'asus vivobook 16, snapdragon x, 16gb ram, 512gb ssd, fhd+ 16", windows 11, office home 2024, cool silver, 1.88kg, x1607qa-mb050ws, qualcomm adreno igpu, 45tops, m365 basic(1year)* laptop'
20:47:40 [TestNG-test-Test-3] ERROR verifyingDisplaySizeFilterFunctionality_Laptop_20-29-42 - [verifyingDisplaySizeFilterFunctionality_Laptop_20-29-42]  Mismatch found for filter '16 in & above' on product 'hp omen, 14th gen intel core i9-14900hx, 8gb rtx 5060, 24gb ddr5(upgradeable) 1tb ssd, 165hz, 2k wuxga, 3ms, 400 nits, 16''/40.6cm, win11, m365* office24, black, 2.43kg, am0279tx, rgb, gaming laptop'
20:47:40 [TestNG-test-Test-3] ERROR verifyingDisplaySizeFilterFunctionality_Laptop_20-29-42 - [verifyingDisplaySizeFilterFunctionality_Laptop_20-29-42]  Mismatch found for filter '16 in & above' on product 'lenovo thinkbook 16, intel core ultra 9 185h, 16gb ram, 512gb ssd, wuxga ips 16” (40.64cm), win 11 home, arctic grey, 1.7kg, 21ska0j5ig, fingerprint, backlit, 300 nits, 1y warranty, ai powered laptop'
20:47:40 [TestNG-test-Test-3] ERROR verifyingDisplaySizeFilterFunctionality_Laptop_20-29-42 - [verifyingDisplaySizeFilterFunctionality_Laptop_20-29-42]  Mismatch found for filter '16 in & above' on product 'lenovo legion 7 2025 intel core ultra 9 275hx| nvidia rtx 5070 8gb (32gb ram/1tb ssd/wqxga oled/240hz/16(40.64cm)/windows 11/office 2024+ai now/white/2.0kg), 83ky001gin ai powered gaming laptop'
20:47:40 [TestNG-test-Test-3] ERROR verifyingDisplaySizeFilterFunctionality_Laptop_20-29-42 - [verifyingDisplaySizeFilterFunctionality_Laptop_20-29-42]  Mismatch found for filter '16 in & above' on product 'lenovo thinkpad e16 business laptop (16" fhd+, amd ryzen 5 7530u (> i7-1165g7), 16gb ram, 512gb ssd) fingerprint, backlit, 1080p webcam, ist hub, wi-fi 6, ethernet, win 11 pro w/ai copilot, black'
20:47:40 [TestNG-test-Test-3] ERROR verifyingDisplaySizeFilterFunctionality_Laptop_20-29-42 - [verifyingDisplaySizeFilterFunctionality_Laptop_20-29-42]  Mismatch found for filter '16 in & above' on product 'lenovo thinkpad e16 g2 16-inch (40.64 cm) laptop, amd ryzen 7 7735hs (8-core), 16gb ddr5 ram, 512gb nvme ssd, fhd+ ips display, radeon 680m, wi-fi 6, fingerprint reader, windows 11 pro, ms-office 2024'
20:47:40 [TestNG-test-Test-3] ERROR verifyingDisplaySizeFilterFunctionality_Laptop_20-29-42 - [verifyingDisplaySizeFilterFunctionality_Laptop_20-29-42]  Mismatch found for filter '16 in & above' on product 'asus tuf a16,amd ryzen 9 8940hx, gaming laptop(rtx 5070-8gb/115w tgp/16gb/1tb /2.5k qhd+/16"/165hz/90whrs/windows 11/m365 basic (1year)*/office home 2024/jaeger gray/2.2 kg) fa608pp-qt014ws'
20:47:40 [TestNG-test-Test-3] ERROR verifyingDisplaySizeFilterFunctionality_Laptop_20-29-42 - [verifyingDisplaySizeFilterFunctionality_Laptop_20-29-42]  Mismatch found for filter '16 in & above' on product 'hp omen, intel core ultra 7 255h, 8gb rtx 5060, 24gb ddr5(upgradeable) 1tb ssd, 2k, 165hz, 3ms response time, ips, 16''/40.6cm, win11, m365*office24, shadow black, 2.43kg, am0238tx, rgb gaming laptop'
20:47:40 [TestNG-test-Test-3] ERROR verifyingDisplaySizeFilterFunctionality_Laptop_20-29-42 - [verifyingDisplaySizeFilterFunctionality_Laptop_20-29-42]  Mismatch found for filter '16 in & above' on product 'hp hyperx omen 16 (valorant edition) amd ryzen 7 8745hx, 8gb-rtx 5060, 16gb ddr5 (upgradeable) 1tb ssd, 165hz, 2k, 400 nits, 3ms rt, 16''/40.6cm, win11, office24, blue, 2.47kg, ap1010ax gaming laptop'
20:47:40 [TestNG-test-Test-3] ERROR verifyingDisplaySizeFilterFunctionality_Laptop_20-29-42 - [verifyingDisplaySizeFilterFunctionality_Laptop_20-29-42]  Mismatch found for filter '35 to 39 cm' on product 'hp 15, amd ryzen 3 7320u (8gb lpddr4, 512gb ssd) fhd, micro-edge, 15.6"/39.6cm, win 11, m365 basic(1yr), office24, silver, 1.59kg, fc0499au, amd radeon graphics, 1080p fhd camera laptop'
20:47:40 [TestNG-test-Test-3] ERROR verifyingDisplaySizeFilterFunctionality_Laptop_20-29-42 - [verifyingDisplaySizeFilterFunctionality_Laptop_20-29-42]  Mismatch found for filter '35 to 39 cm' on product 'acer one 15 smart laptop ao15-41m-g2 | amd ryzen 3 7320u | amd radeon 610m graphics | 8gb lpddr5 ram | 256gb nvme ssd | 15.6" fhd display | windows 11 home | silver'
20:47:40 [TestNG-test-Test-3] ERROR verifyingDisplaySizeFilterFunctionality_Laptop_20-29-42 - [verifyingDisplaySizeFilterFunctionality_Laptop_20-29-42]  Mismatch found for filter '35 to 39 cm' on product 'lenovo 15 (2026), intel core i3 13th gen 1315u - (8 gb ddr5/512 gb ssd/intel uhd graphics/windows 11 pro) thin and light business laptop/15.6" fhd display/copilot key/luna grey/1.6 kg/ms office 2024'
20:47:40 [TestNG-test-Test-3] ERROR verifyingDisplaySizeFilterFunctionality_Laptop_20-29-42 - [verifyingDisplaySizeFilterFunctionality_Laptop_20-29-42]  Mismatch found for filter '35 to 39 cm' on product 'acer aspire 3 laptop a325-42 | 15.6" (39.6 cm) fhd ips display | amd ryzen 3 5300u | 8gb ddr4 ram | 256gb nvme ssd | windows 11 home | amd radeon graphics | wi-fi 6 | steel gray | 1.78 kg'
20:47:40 [TestNG-test-Test-3] ERROR verifyingDisplaySizeFilterFunctionality_Laptop_20-29-42 - [verifyingDisplaySizeFilterFunctionality_Laptop_20-29-42]  Mismatch found for filter '35 to 39 cm' on product 'acer aspire 3 laptop intel core celeron n4500 processor laptop (8 gb lpddr4x sdram/256 gb ssd/win11 home/38 whr/hd webcam) a325-45 with 39.63 cm (15.6") hd display, pure silver, 1.5 kg'
20:47:40 [TestNG-test-Test-3] ERROR verifyingDisplaySizeFilterFunctionality_Laptop_20-29-42 - [verifyingDisplaySizeFilterFunctionality_Laptop_20-29-42]  Mismatch found for filter '35 to 39 cm' on product 'hp victus, intel core 5 210h, 4gb rtx 3050 a (24gb ddr5, 512gb ssd) fhd, 144hz, 300 nits, ips, 15.6''/39.6 cm, win11, m365* office24, mica silver, 2.29kg, fa2500tx, backlit, gaming laptop'
20:47:40 [TestNG-test-Test-3] ERROR verifyingDisplaySizeFilterFunctionality_Laptop_20-29-42 - [verifyingDisplaySizeFilterFunctionality_Laptop_20-29-42]  Mismatch found for filter '35 to 39 cm' on product 'hp professional 15 (2026), intel (i5 14th gen) core 5 120u - (8 gb/512 gb ssd/intel iris xe graphics/windows 11 pro) business laptop/15.6" fhd/backlit + fingerprint/silver/copilot key/1.5kg/mso 2024'
20:47:40 [TestNG-test-Test-3] ERROR verifyingDisplaySizeFilterFunctionality_Laptop_20-29-42 - [verifyingDisplaySizeFilterFunctionality_Laptop_20-29-42]  Mismatch found for filter '35 to 39 cm' on product 'asus vivobook 15,13th gen,intel core i5-13420h(intel uhd igpu/16gb ram/1tb ssd/fhd/15.6"/60hz/backlit keyboard/windows 11/m365 basic (1year)*/office home 2024/quiet blue/1.70 kg) x1502va-bq1297ws'
20:47:40 [TestNG-test-Test-3] ERROR verifyingDisplaySizeFilterFunctionality_Laptop_20-29-42 - [verifyingDisplaySizeFilterFunctionality_Laptop_20-29-42]  Mismatch found for filter '35 to 39 cm' on product 'hp 15, (i3 14th gen) intel core 3 100u (8gb ddr5, 512gb ssd), win11, m365* office24, micro-edge, anti-glare,15.6''/39.6cm,silver, 1.59kg,fhd camera with privact shutter, dual speakers laptop-fd0883tu'
20:47:40 [TestNG-test-Test-3] ERROR verifyingDisplaySizeFilterFunctionality_Laptop_20-29-42 - [verifyingDisplaySizeFilterFunctionality_Laptop_20-29-42]  Mismatch found for filter '35 to 39 cm' on product 'acer aspire one, intel core celeron n4500, 8gb lpddr4 ram/ 256gb ssd, 14.0"/35.56cm wxga display, intel uhd graphics, win 11 home, pure silver, 1.3 kg, a114-45, thin and light laptop'
20:47:40 [TestNG-test-Test-3] ERROR verifyingDisplaySizeFilterFunctionality_Laptop_20-29-42 - [verifyingDisplaySizeFilterFunctionality_Laptop_20-29-42]  Mismatch found for filter '35 to 39 cm' on product '𝗗𝗲𝗹𝗹laptop modei 5420 laptop | core i5 11th gen | 8gb ddr4 ram | 256gb ssd | 14" full hd| win 10 pro |uhd graphics 620 | seller warranty | (pre-owned & tested)'
20:47:40 [TestNG-test-Test-3] ERROR verifyingDisplaySizeFilterFunctionality_Laptop_20-29-42 - [verifyingDisplaySizeFilterFunctionality_Laptop_20-29-42]  Mismatch found for filter '35 to 39 cm' on product 'lenovo v15 g4 amd ryzen 5 7520u dos 15.6 inch fhd thin & lite laptop, amd graphics, 16gb ddr5 5500mhz ram, 512gb ssd,dolby audio,premium grey, 1 year onsite brand warranty'
20:47:40 [TestNG-test-Test-3] ERROR verifyingDisplaySizeFilterFunctionality_Laptop_20-29-42 - [verifyingDisplaySizeFilterFunctionality_Laptop_20-29-42]  Mismatch found for filter '35 to 39 cm' on product 'acer travellite thin laptop amd ryzen 5 7430u |16gb ram, 512gb ssd | 14" full hd anti-glare display |privacy shutter| windows 11 & ms-office 2021 | metal body | 1.34kg | black | 30 months warranty'
20:47:40 [TestNG-test-Test-3] ERROR verifyingDisplaySizeFilterFunctionality_Laptop_20-29-42 - [verifyingDisplaySizeFilterFunctionality_Laptop_20-29-42]  Mismatch found for filter '35 to 39 cm' on product 'acer aspire 3 (2026), intel core i3 13th gen 1305u - (16 gb/500 gb ssd/intel uhd graphics/windows 11 home) thin and light laptop/15.6" fhd ips display/silver/1.5 kg/ms office 2024/2 years warranty'
20:47:40 [TestNG-test-Test-3] ERROR verifyingDisplaySizeFilterFunctionality_Laptop_20-29-42 - [verifyingDisplaySizeFilterFunctionality_Laptop_20-29-42]  Mismatch found for filter '35 to 39 cm' on product 'dell 15 (previously inspiron) laptop, 14th gen intel core i3/core 3 100u processor, 8gb, 512gb, intel uhd graphics, 15.6" fhd ips 250nit display, 12m mcafee, win 11 + mso'24, platinum silver, 1.63kg'
20:47:40 [TestNG-test-Test-3] INFO  verifyingDisplaySizeFilterFunctionality_Laptop_20-29-42 - [verifyingDisplaySizeFilterFunctionality_Laptop_20-29-42]  Final assertion for display size filter validation starting...
