20:03:11 [TestNG-test-Test-1] INFO  verifyingDisplayTypeFilterFunctionality_Laptop_20-03-11 - No existing WebDriver found for current thread. Initializing a new ChromeDriver...
20:03:11 [TestNG-test-Test-1] INFO  verifyingDisplayTypeFilterFunctionality_Laptop_20-03-11 - WebDriverManager: chromedriver setup OK
20:03:13 [TestNG-test-Test-1] INFO  verifyingDisplayTypeFilterFunctionality_Laptop_20-03-11 - ChromeDriver initialized successfully for thread: 34
20:03:17 [TestNG-test-Test-1] INFO  verifyingDisplayTypeFilterFunctionality_Laptop_20-03-11 - [verifyingDisplayTypeFilterFunctionality_Laptop_20-03-11] Opening amazon Landing page
20:03:17 [TestNG-test-Test-1] INFO  verifyingDisplayTypeFilterFunctionality_Laptop_20-03-11 - [verifyingDisplayTypeFilterFunctionality_Laptop_20-03-11] Within safeFindElement method
20:03:18 [TestNG-test-Test-1] INFO  verifyingDisplayTypeFilterFunctionality_Laptop_20-03-11 - [verifyingDisplayTypeFilterFunctionality_Laptop_20-03-11]Found the element returning it ,element ->[[ChromeDriver: chrome on windows (6c264afaf05195094f91edece5bdd6a6)] -> xpath: //a[@id='nav-logo-sprites']]
20:03:19 [TestNG-test-Test-1] INFO  verifyingDisplayTypeFilterFunctionality_Laptop_20-03-11 - [verifyingDisplayTypeFilterFunctionality_Laptop_20-03-11] Giving input within the search bar
20:03:19 [TestNG-test-Test-1] INFO  verifyingDisplayTypeFilterFunctionality_Laptop_20-03-11 - [verifyingDisplayTypeFilterFunctionality_Laptop_20-03-11] Within safeClick method
20:03:22 [TestNG-test-Test-1] INFO  verifyingDisplayTypeFilterFunctionality_Laptop_20-03-11 - [verifyingDisplayTypeFilterFunctionality_Laptop_20-03-11] Clicked the  [[ChromeDriver: chrome on windows (6c264afaf05195094f91edece5bdd6a6)] -> xpath: //input[@id='nav-search-submit-button']]   using safeClick
20:03:22 [TestNG-test-Test-1] INFO  verifyingDisplayTypeFilterFunctionality_Laptop_20-03-11 - [verifyingDisplayTypeFilterFunctionality_Laptop_20-03-11] Clicking on the submit in the search bar
20:03:22 [TestNG-test-Test-1] INFO  verifyingDisplayTypeFilterFunctionality_Laptop_20-03-11 - [verifyingDisplayTypeFilterFunctionality_Laptop_20-03-11] Within filterCheckUnderList method
20:03:22 [TestNG-test-Test-1] INFO  verifyingDisplayTypeFilterFunctionality_Laptop_20-03-11 - [verifyingDisplayTypeFilterFunctionality_Laptop_20-03-11] Found the Filter within the filter check List
20:03:22 [TestNG-test-Test-1] INFO  verifyingDisplayTypeFilterFunctionality_Laptop_20-03-11 - [verifyingDisplayTypeFilterFunctionality_Laptop_20-03-11] Within applyFilterAndValidateProductsWithResult method
20:03:22 [TestNG-test-Test-1] INFO  verifyingDisplayTypeFilterFunctionality_Laptop_20-03-11 - [verifyingDisplayTypeFilterFunctionality_Laptop_20-03-11] Within safeFindElements 
20:03:22 [TestNG-test-Test-1] INFO  verifyingDisplayTypeFilterFunctionality_Laptop_20-03-11 - [verifyingDisplayTypeFilterFunctionality_Laptop_20-03-11] Returning the  [[[ChromeDriver: chrome on windows (6c264afaf05195094f91edece5bdd6a6)] -> xpath: //span[@class='a-size-base a-color-base puis-bold-weight-text' and text()='Display Type']/parent::div/following-sibling::ul//span[@class='a-size-base a-color-base']], [[ChromeDriver: chrome on windows (6c264afaf05195094f91edece5bdd6a6)] -> xpath: //span[@class='a-size-base a-color-base puis-bold-weight-text' and text()='Display Type']/parent::div/following-sibling::ul//span[@class='a-size-base a-color-base']], [[ChromeDriver: chrome on windows (6c264afaf05195094f91edece5bdd6a6)] -> xpath: //span[@class='a-size-base a-color-base puis-bold-weight-text' and text()='Display Type']/parent::div/following-sibling::ul//span[@class='a-size-base a-color-base']]] from the safeFindElements method
20:03:22 [TestNG-test-Test-1] INFO  verifyingDisplayTypeFilterFunctionality_Laptop_20-03-11 - [verifyingDisplayTypeFilterFunctionality_Laptop_20-03-11] Within applyFilterAndValidateProductsWithResult filterOptions size is -> 3
20:03:22 [TestNG-test-Test-1] INFO  verifyingDisplayTypeFilterFunctionality_Laptop_20-03-11 - [verifyingDisplayTypeFilterFunctionality_Laptop_20-03-11] Execution is scheduled type /CRON Job on CI Hence refering to CI keys from UtilData
20:03:22 [TestNG-test-Test-1] INFO  verifyingDisplayTypeFilterFunctionality_Laptop_20-03-11 - [verifyingDisplayTypeFilterFunctionality_Laptop_20-03-11] Within filterOptions loop in applyFilterAndValidateProductsWithResult
20:03:22 [TestNG-test-Test-1] INFO  verifyingDisplayTypeFilterFunctionality_Laptop_20-03-11 - [verifyingDisplayTypeFilterFunctionality_Laptop_20-03-11] Within safeFindElements 
20:03:22 [TestNG-test-Test-1] INFO  verifyingDisplayTypeFilterFunctionality_Laptop_20-03-11 - [verifyingDisplayTypeFilterFunctionality_Laptop_20-03-11] Returning the  [[[ChromeDriver: chrome on windows (6c264afaf05195094f91edece5bdd6a6)] -> xpath: //span[@class='a-size-base a-color-base puis-bold-weight-text' and text()='Display Type']/parent::div/following-sibling::ul//span[@class='a-size-base a-color-base']], [[ChromeDriver: chrome on windows (6c264afaf05195094f91edece5bdd6a6)] -> xpath: //span[@class='a-size-base a-color-base puis-bold-weight-text' and text()='Display Type']/parent::div/following-sibling::ul//span[@class='a-size-base a-color-base']], [[ChromeDriver: chrome on windows (6c264afaf05195094f91edece5bdd6a6)] -> xpath: //span[@class='a-size-base a-color-base puis-bold-weight-text' and text()='Display Type']/parent::div/following-sibling::ul//span[@class='a-size-base a-color-base']]] from the safeFindElements method
20:03:22 [TestNG-test-Test-1] INFO  verifyingDisplayTypeFilterFunctionality_Laptop_20-03-11 - [verifyingDisplayTypeFilterFunctionality_Laptop_20-03-11] Trying to read filter option 0 (attempt 1/3)
20:03:22 [TestNG-test-Test-1] INFO  verifyingDisplayTypeFilterFunctionality_Laptop_20-03-11 - [verifyingDisplayTypeFilterFunctionality_Laptop_20-03-11] Successfully read filter option 0 = 'LCD'
20:03:22 [TestNG-test-Test-1] INFO  verifyingDisplayTypeFilterFunctionality_Laptop_20-03-11 - [verifyingDisplayTypeFilterFunctionality_Laptop_20-03-11] Within getfilterByTypeAndName method
20:03:22 [TestNG-test-Test-1] INFO  verifyingDisplayTypeFilterFunctionality_Laptop_20-03-11 - [verifyingDisplayTypeFilterFunctionality_Laptop_20-03-11] Within safeClickBooleanWithScreenShot method
20:03:22 [TestNG-test-Test-1] INFO  verifyingDisplayTypeFilterFunctionality_Laptop_20-03-11 - [verifyingDisplayTypeFilterFunctionality_Laptop_20-03-11] Within getAppliedfilterByTypeAndName method
20:03:22 [TestNG-test-Test-1] INFO  verifyingDisplayTypeFilterFunctionality_Laptop_20-03-11 - [verifyingDisplayTypeFilterFunctionality_Laptop_20-03-11] Within smoothScrollToElement method
20:03:22 [TestNG-test-Test-1] INFO  verifyingDisplayTypeFilterFunctionality_Laptop_20-03-11 - [verifyingDisplayTypeFilterFunctionality_Laptop_20-03-11] Within safeFindElement method
20:03:22 [TestNG-test-Test-1] INFO  verifyingDisplayTypeFilterFunctionality_Laptop_20-03-11 - [verifyingDisplayTypeFilterFunctionality_Laptop_20-03-11]Found the element returning it ,element ->[[ChromeDriver: chrome on windows (6c264afaf05195094f91edece5bdd6a6)] -> xpath: //span[@class='a-size-base a-color-base puis-bold-weight-text' and text()='Display Type']]
20:03:23 [TestNG-test-Test-1] INFO  verifyingDisplayTypeFilterFunctionality_Laptop_20-03-11 - [verifyingDisplayTypeFilterFunctionality_Laptop_20-03-11] Successfully scrolled to element: By.xpath: //span[@class='a-size-base a-color-base puis-bold-weight-text' and text()='Display Type']
20:03:23 [TestNG-test-Test-1] INFO  verifyingDisplayTypeFilterFunctionality_Laptop_20-03-11 - [verifyingDisplayTypeFilterFunctionality_Laptop_20-03-11] Within getMoreButtonByFilterTypeAndName method
20:03:23 [TestNG-test-Test-1] INFO  verifyingDisplayTypeFilterFunctionality_Laptop_20-03-11 - [verifyingDisplayTypeFilterFunctionality_Laptop_20-03-11] could not find more button
20:03:23 [TestNG-test-Test-1] INFO  verifyingDisplayTypeFilterFunctionality_Laptop_20-03-11 - [verifyingDisplayTypeFilterFunctionality_Laptop_20-03-11] Within getAppliedfilterByTypeAndName method
20:03:23 [TestNG-test-Test-1] INFO  verifyingDisplayTypeFilterFunctionality_Laptop_20-03-11 - [verifyingDisplayTypeFilterFunctionality_Laptop_20-03-11] Within smoothScrollToElement method
20:03:23 [TestNG-test-Test-1] INFO  verifyingDisplayTypeFilterFunctionality_Laptop_20-03-11 - [verifyingDisplayTypeFilterFunctionality_Laptop_20-03-11] Within safeFindElement method
20:03:25 [TestNG-test-Test-1] INFO  verifyingDisplayTypeFilterFunctionality_Laptop_20-03-11 - [verifyingDisplayTypeFilterFunctionality_Laptop_20-03-11]Found the element returning it ,element ->[[ChromeDriver: chrome on windows (6c264afaf05195094f91edece5bdd6a6)] -> xpath: //span[@class='a-size-base a-color-base puis-bold-weight-text' and text()='Display Type']]
20:03:25 [TestNG-test-Test-1] INFO  verifyingDisplayTypeFilterFunctionality_Laptop_20-03-11 - [verifyingDisplayTypeFilterFunctionality_Laptop_20-03-11] Successfully scrolled to element: By.xpath: //span[@class='a-size-base a-color-base puis-bold-weight-text' and text()='Display Type']
20:03:25 [TestNG-test-Test-1] INFO  verifyingDisplayTypeFilterFunctionality_Laptop_20-03-11 - [verifyingDisplayTypeFilterFunctionality_Laptop_20-03-11] Within getMoreButtonByFilterTypeAndName method
20:03:25 [TestNG-test-Test-1] INFO  verifyingDisplayTypeFilterFunctionality_Laptop_20-03-11 - [verifyingDisplayTypeFilterFunctionality_Laptop_20-03-11] could not find more button
20:03:25 [TestNG-test-Test-1] INFO  verifyingDisplayTypeFilterFunctionality_Laptop_20-03-11 - [verifyingDisplayTypeFilterFunctionality_Laptop_20-03-11] Within getfilterByTypeAndName method
20:03:25 [TestNG-test-Test-1] INFO  verifyingDisplayTypeFilterFunctionality_Laptop_20-03-11 - [verifyingDisplayTypeFilterFunctionality_Laptop_20-03-11] Within smoothScrollToElement method
20:03:25 [TestNG-test-Test-1] INFO  verifyingDisplayTypeFilterFunctionality_Laptop_20-03-11 - [verifyingDisplayTypeFilterFunctionality_Laptop_20-03-11] Within safeFindElement method
20:03:25 [TestNG-test-Test-1] INFO  verifyingDisplayTypeFilterFunctionality_Laptop_20-03-11 - [verifyingDisplayTypeFilterFunctionality_Laptop_20-03-11]Found the element returning it ,element ->[[ChromeDriver: chrome on windows (6c264afaf05195094f91edece5bdd6a6)] -> xpath: //span[@class='a-size-base a-color-base puis-bold-weight-text' and text()='Display Type']/parent::div/following-sibling::ul//span[@class='a-size-base a-color-base a-text-bold' and text()='LCD']]
20:03:25 [TestNG-test-Test-1] INFO  verifyingDisplayTypeFilterFunctionality_Laptop_20-03-11 - [verifyingDisplayTypeFilterFunctionality_Laptop_20-03-11] Successfully scrolled to element: By.xpath: //span[@class='a-size-base a-color-base puis-bold-weight-text' and text()='Display Type']/parent::div/following-sibling::ul//span[@class='a-size-base a-color-base a-text-bold' and text()='LCD']
20:03:25 [TestNG-test-Test-1] INFO  verifyingDisplayTypeFilterFunctionality_Laptop_20-03-11 - [verifyingDisplayTypeFilterFunctionality_Laptop_20-03-11] Clicked the element using safe click ,element is [[ChromeDriver: chrome on windows (6c264afaf05195094f91edece5bdd6a6)] -> xpath: //span[@class='a-size-base a-color-base puis-bold-weight-text' and text()='Display Type']/parent::div/following-sibling::ul//span[@class='a-size-base a-color-base' and text()='LCD']]
20:03:25 [TestNG-test-Test-1] INFO  verifyingDisplayTypeFilterFunctionality_Laptop_20-03-11 - [verifyingDisplayTypeFilterFunctionality_Laptop_20-03-11] Within safeFindElements 
20:03:25 [TestNG-test-Test-1] INFO  verifyingDisplayTypeFilterFunctionality_Laptop_20-03-11 - [verifyingDisplayTypeFilterFunctionality_Laptop_20-03-11] Returning the  [[[ChromeDriver: chrome on windows (6c264afaf05195094f91edece5bdd6a6)] -> xpath: //div[@data-cy='title-recipe']], [[ChromeDriver: chrome on windows (6c264afaf05195094f91edece5bdd6a6)] -> xpath: //div[@data-cy='title-recipe']], [[ChromeDriver: chrome on windows (6c264afaf05195094f91edece5bdd6a6)] -> xpath: //div[@data-cy='title-recipe']], [[ChromeDriver: chrome on windows (6c264afaf05195094f91edece5bdd6a6)] -> xpath: //div[@data-cy='title-recipe']], [[ChromeDriver: chrome on windows (6c264afaf05195094f91edece5bdd6a6)] -> xpath: //div[@data-cy='title-recipe']], [[ChromeDriver: chrome on windows (6c264afaf05195094f91edece5bdd6a6)] -> xpath: //div[@data-cy='title-recipe']], [[ChromeDriver: chrome on windows (6c264afaf05195094f91edece5bdd6a6)] -> xpath: //div[@data-cy='title-recipe']], [[ChromeDriver: chrome on windows (6c264afaf05195094f91edece5bdd6a6)] -> xpath: //div[@data-cy='title-recipe']], [[ChromeDriver: chrome on windows (6c264afaf05195094f91edece5bdd6a6)] -> xpath: //div[@data-cy='title-recipe']], [[ChromeDriver: chrome on windows (6c264afaf05195094f91edece5bdd6a6)] -> xpath: //div[@data-cy='title-recipe']], [[ChromeDriver: chrome on windows (6c264afaf05195094f91edece5bdd6a6)] -> xpath: //div[@data-cy='title-recipe']], [[ChromeDriver: chrome on windows (6c264afaf05195094f91edece5bdd6a6)] -> xpath: //div[@data-cy='title-recipe']], [[ChromeDriver: chrome on windows (6c264afaf05195094f91edece5bdd6a6)] -> xpath: //div[@data-cy='title-recipe']], [[ChromeDriver: chrome on windows (6c264afaf05195094f91edece5bdd6a6)] -> xpath: //div[@data-cy='title-recipe']], [[ChromeDriver: chrome on windows (6c264afaf05195094f91edece5bdd6a6)] -> xpath: //div[@data-cy='title-recipe']], [[ChromeDriver: chrome on windows (6c264afaf05195094f91edece5bdd6a6)] -> xpath: //div[@data-cy='title-recipe']]] from the safeFindElements method
20:03:25 [TestNG-test-Test-1] INFO  verifyingDisplayTypeFilterFunctionality_Laptop_20-03-11 - [verifyingDisplayTypeFilterFunctionality_Laptop_20-03-11] Execution is scheduled type /CRON Job on CI Hence refering to CI keys from UtilData
20:03:25 [TestNG-test-Test-1] INFO  verifyingDisplayTypeFilterFunctionality_Laptop_20-03-11 - [verifyingDisplayTypeFilterFunctionality_Laptop_20-03-11] Within safeFindElements 
20:03:25 [TestNG-test-Test-1] INFO  verifyingDisplayTypeFilterFunctionality_Laptop_20-03-11 - [verifyingDisplayTypeFilterFunctionality_Laptop_20-03-11] Returning the  [[[ChromeDriver: chrome on windows (6c264afaf05195094f91edece5bdd6a6)] -> xpath: //div[@data-cy='title-recipe']], [[ChromeDriver: chrome on windows (6c264afaf05195094f91edece5bdd6a6)] -> xpath: //div[@data-cy='title-recipe']], [[ChromeDriver: chrome on windows (6c264afaf05195094f91edece5bdd6a6)] -> xpath: //div[@data-cy='title-recipe']], [[ChromeDriver: chrome on windows (6c264afaf05195094f91edece5bdd6a6)] -> xpath: //div[@data-cy='title-recipe']], [[ChromeDriver: chrome on windows (6c264afaf05195094f91edece5bdd6a6)] -> xpath: //div[@data-cy='title-recipe']], [[ChromeDriver: chrome on windows (6c264afaf05195094f91edece5bdd6a6)] -> xpath: //div[@data-cy='title-recipe']], [[ChromeDriver: chrome on windows (6c264afaf05195094f91edece5bdd6a6)] -> xpath: //div[@data-cy='title-recipe']], [[ChromeDriver: chrome on windows (6c264afaf05195094f91edece5bdd6a6)] -> xpath: //div[@data-cy='title-recipe']], [[ChromeDriver: chrome on windows (6c264afaf05195094f91edece5bdd6a6)] -> xpath: //div[@data-cy='title-recipe']], [[ChromeDriver: chrome on windows (6c264afaf05195094f91edece5bdd6a6)] -> xpath: //div[@data-cy='title-recipe']], [[ChromeDriver: chrome on windows (6c264afaf05195094f91edece5bdd6a6)] -> xpath: //div[@data-cy='title-recipe']], [[ChromeDriver: chrome on windows (6c264afaf05195094f91edece5bdd6a6)] -> xpath: //div[@data-cy='title-recipe']], [[ChromeDriver: chrome on windows (6c264afaf05195094f91edece5bdd6a6)] -> xpath: //div[@data-cy='title-recipe']], [[ChromeDriver: chrome on windows (6c264afaf05195094f91edece5bdd6a6)] -> xpath: //div[@data-cy='title-recipe']], [[ChromeDriver: chrome on windows (6c264afaf05195094f91edece5bdd6a6)] -> xpath: //div[@data-cy='title-recipe']], [[ChromeDriver: chrome on windows (6c264afaf05195094f91edece5bdd6a6)] -> xpath: //div[@data-cy='title-recipe']]] from the safeFindElements method
20:03:25 [TestNG-test-Test-1] INFO  verifyingDisplayTypeFilterFunctionality_Laptop_20-03-11 - [verifyingDisplayTypeFilterFunctionality_Laptop_20-03-11] Within productNameListingPage loop in applyFilterAndValidateProductsWithResult
20:03:25 [TestNG-test-Test-1] INFO  verifyingDisplayTypeFilterFunctionality_Laptop_20-03-11 - [verifyingDisplayTypeFilterFunctionality_Laptop_20-03-11] Within getProductByIndex method
20:03:25 [TestNG-test-Test-1] INFO  verifyingDisplayTypeFilterFunctionality_Laptop_20-03-11 - [verifyingDisplayTypeFilterFunctionality_Laptop_20-03-11] Within safeFindElement method
20:03:25 [TestNG-test-Test-1] INFO  verifyingDisplayTypeFilterFunctionality_Laptop_20-03-11 - [verifyingDisplayTypeFilterFunctionality_Laptop_20-03-11]Found the element returning it ,element ->[[ChromeDriver: chrome on windows (6c264afaf05195094f91edece5bdd6a6)] -> xpath: (//div[@data-cy='title-recipe'])[1]]
20:03:25 [TestNG-test-Test-1] INFO  verifyingDisplayTypeFilterFunctionality_Laptop_20-03-11 - [verifyingDisplayTypeFilterFunctionality_Laptop_20-03-11] Within getProductByIndex method
20:03:25 [TestNG-test-Test-1] INFO  verifyingDisplayTypeFilterFunctionality_Laptop_20-03-11 - [verifyingDisplayTypeFilterFunctionality_Laptop_20-03-11] Within smoothScrollToElement method
20:03:25 [TestNG-test-Test-1] INFO  verifyingDisplayTypeFilterFunctionality_Laptop_20-03-11 - [verifyingDisplayTypeFilterFunctionality_Laptop_20-03-11] Within safeFindElement method
20:03:25 [TestNG-test-Test-1] INFO  verifyingDisplayTypeFilterFunctionality_Laptop_20-03-11 - [verifyingDisplayTypeFilterFunctionality_Laptop_20-03-11]Found the element returning it ,element ->[[ChromeDriver: chrome on windows (6c264afaf05195094f91edece5bdd6a6)] -> xpath: (//div[@data-cy='title-recipe'])[1]]
20:03:25 [TestNG-test-Test-1] INFO  verifyingDisplayTypeFilterFunctionality_Laptop_20-03-11 - [verifyingDisplayTypeFilterFunctionality_Laptop_20-03-11] Successfully scrolled to element: By.xpath: (//div[@data-cy='title-recipe'])[1]
20:03:25 [TestNG-test-Test-1] INFO  verifyingDisplayTypeFilterFunctionality_Laptop_20-03-11 - [verifyingDisplayTypeFilterFunctionality_Laptop_20-03-11] Getting product by index in productNameListingPage loop
20:03:25 [TestNG-test-Test-1] INFO  verifyingDisplayTypeFilterFunctionality_Laptop_20-03-11 - [verifyingDisplayTypeFilterFunctionality_Laptop_20-03-11] Opened product in new tab via Ctrl+Click inside productNameListingPage loop
20:03:25 [TestNG-test-Test-1] INFO  verifyingDisplayTypeFilterFunctionality_Laptop_20-03-11 - [verifyingDisplayTypeFilterFunctionality_Laptop_20-03-11] Waiting for new window to open...
20:03:25 [TestNG-test-Test-1] INFO  verifyingDisplayTypeFilterFunctionality_Laptop_20-03-11 - [verifyingDisplayTypeFilterFunctionality_Laptop_20-03-11] Switched to new window -> 2EF73E68B468E63B6938033B2A5E9C07
20:03:25 [TestNG-test-Test-1] INFO  verifyingDisplayTypeFilterFunctionality_Laptop_20-03-11 - [verifyingDisplayTypeFilterFunctionality_Laptop_20-03-11] Swithcing to the new window  within productNameListingPage loop
20:03:25 [TestNG-test-Test-1] INFO  verifyingDisplayTypeFilterFunctionality_Laptop_20-03-11 - [verifyingDisplayTypeFilterFunctionality_Laptop_20-03-11] Clicked product name to open in new tab from productNameListingPage loop
20:03:25 [TestNG-test-Test-1] INFO  verifyingDisplayTypeFilterFunctionality_Laptop_20-03-11 - [verifyingDisplayTypeFilterFunctionality_Laptop_20-03-11] Within safeFindElement method
20:03:30 [TestNG-test-Test-1] INFO  verifyingDisplayTypeFilterFunctionality_Laptop_20-03-11 - [verifyingDisplayTypeFilterFunctionality_Laptop_20-03-11]Found the element returning it ,element ->[[ChromeDriver: chrome on windows (6c264afaf05195094f91edece5bdd6a6)] -> xpath: //span[@id='productTitle']]
20:03:30 [TestNG-test-Test-1] INFO  verifyingDisplayTypeFilterFunctionality_Laptop_20-03-11 - [verifyingDisplayTypeFilterFunctionality_Laptop_20-03-11] Within safeFindElement method
20:03:30 [TestNG-test-Test-1] INFO  verifyingDisplayTypeFilterFunctionality_Laptop_20-03-11 - [verifyingDisplayTypeFilterFunctionality_Laptop_20-03-11]Found the element returning it ,element ->[[ChromeDriver: chrome on windows (6c264afaf05195094f91edece5bdd6a6)] -> xpath: //div[@class='a-section a-spacing-small a-spacing-top-small']]
20:03:30 [TestNG-test-Test-1] INFO  verifyingDisplayTypeFilterFunctionality_Laptop_20-03-11 - [verifyingDisplayTypeFilterFunctionality_Laptop_20-03-11] Within safeFindElement method
20:03:30 [TestNG-test-Test-1] INFO  verifyingDisplayTypeFilterFunctionality_Laptop_20-03-11 - [verifyingDisplayTypeFilterFunctionality_Laptop_20-03-11]Found the element returning it ,element ->[[ChromeDriver: chrome on windows (6c264afaf05195094f91edece5bdd6a6)] -> xpath: //div[@id='feature-bullets']]
20:03:30 [TestNG-test-Test-1] INFO  verifyingDisplayTypeFilterFunctionality_Laptop_20-03-11 - [verifyingDisplayTypeFilterFunctionality_Laptop_20-03-11] Within safeFindElement method
20:03:31 [TestNG-test-Test-1] INFO  verifyingDisplayTypeFilterFunctionality_Laptop_20-03-11 - [verifyingDisplayTypeFilterFunctionality_Laptop_20-03-11]Found the element returning it ,element ->[[ChromeDriver: chrome on windows (6c264afaf05195094f91edece5bdd6a6)] -> xpath: //div[@id='prodDetails']]
20:03:31 [TestNG-test-Test-1] INFO  verifyingDisplayTypeFilterFunctionality_Laptop_20-03-11 - [verifyingDisplayTypeFilterFunctionality_Laptop_20-03-11] Extracting 'name' , 'keyFeatures', 'about' , 'techDetails' within productNameListingPage loop
20:03:31 [TestNG-test-Test-1] INFO  verifyingDisplayTypeFilterFunctionality_Laptop_20-03-11 - [verifyingDisplayTypeFilterFunctionality_Laptop_20-03-11] Waiting until element is visible in viewport
20:03:41 [TestNG-test-Test-1] INFO  verifyingDisplayTypeFilterFunctionality_Laptop_20-03-11 - [verifyingDisplayTypeFilterFunctionality_Laptop_20-03-11] Within smoothScrollToElement method
20:03:41 [TestNG-test-Test-1] INFO  verifyingDisplayTypeFilterFunctionality_Laptop_20-03-11 - [verifyingDisplayTypeFilterFunctionality_Laptop_20-03-11] Within safeFindElement method
20:03:41 [TestNG-test-Test-1] INFO  verifyingDisplayTypeFilterFunctionality_Laptop_20-03-11 - [verifyingDisplayTypeFilterFunctionality_Laptop_20-03-11]Found the element returning it ,element ->[[ChromeDriver: chrome on windows (6c264afaf05195094f91edece5bdd6a6)] -> xpath: //a[@id='seeMoreDetailsLink']]
20:03:41 [TestNG-test-Test-1] INFO  verifyingDisplayTypeFilterFunctionality_Laptop_20-03-11 - [verifyingDisplayTypeFilterFunctionality_Laptop_20-03-11] Successfully scrolled to element: By.xpath: //a[@id='seeMoreDetailsLink']
20:03:41 [TestNG-test-Test-1] INFO  verifyingDisplayTypeFilterFunctionality_Laptop_20-03-11 - [verifyingDisplayTypeFilterFunctionality_Laptop_20-03-11] Within safeClick method
20:03:41 [TestNG-test-Test-1] INFO  verifyingDisplayTypeFilterFunctionality_Laptop_20-03-11 - [verifyingDisplayTypeFilterFunctionality_Laptop_20-03-11] Clicked the  [[ChromeDriver: chrome on windows (6c264afaf05195094f91edece5bdd6a6)] -> xpath: //a[@id='seeMoreDetailsLink']]   using safeClick
20:03:41 [TestNG-test-Test-1] INFO  verifyingDisplayTypeFilterFunctionality_Laptop_20-03-11 - [verifyingDisplayTypeFilterFunctionality_Laptop_20-03-11] Within try block for clicking see more deatils within productNameListingPage loop
20:03:41 [TestNG-test-Test-1] INFO  verifyingDisplayTypeFilterFunctionality_Laptop_20-03-11 - [verifyingDisplayTypeFilterFunctionality_Laptop_20-03-11] Within closeCurrentWindowAndSwitchBack method
20:03:41 [TestNG-test-Test-1] INFO  verifyingDisplayTypeFilterFunctionality_Laptop_20-03-11 - [verifyingDisplayTypeFilterFunctionality_Laptop_20-03-11] Total open windows/tabs count -> 2
20:03:41 [TestNG-test-Test-1] INFO  verifyingDisplayTypeFilterFunctionality_Laptop_20-03-11 - [verifyingDisplayTypeFilterFunctionality_Laptop_20-03-11] Original window handle -> 314D7369A7559D1F60EDBA893E955B9C
20:03:41 [TestNG-test-Test-1] INFO  verifyingDisplayTypeFilterFunctionality_Laptop_20-03-11 - [verifyingDisplayTypeFilterFunctionality_Laptop_20-03-11] Found new tab/window handle -> 2EF73E68B468E63B6938033B2A5E9C07 (will be closed)
20:03:41 [TestNG-test-Test-1] INFO  verifyingDisplayTypeFilterFunctionality_Laptop_20-03-11 - [verifyingDisplayTypeFilterFunctionality_Laptop_20-03-11] Successfully switched to new tab/window -> 2EF73E68B468E63B6938033B2A5E9C07
20:03:42 [TestNG-test-Test-1] INFO  verifyingDisplayTypeFilterFunctionality_Laptop_20-03-11 - [verifyingDisplayTypeFilterFunctionality_Laptop_20-03-11] Closed the newly opened tab/window -> 2EF73E68B468E63B6938033B2A5E9C07
20:03:42 [TestNG-test-Test-1] INFO  verifyingDisplayTypeFilterFunctionality_Laptop_20-03-11 - [verifyingDisplayTypeFilterFunctionality_Laptop_20-03-11] Switched back to the original window -> 314D7369A7559D1F60EDBA893E955B9C
20:03:42 [TestNG-test-Test-1] INFO  verifyingDisplayTypeFilterFunctionality_Laptop_20-03-11 - [verifyingDisplayTypeFilterFunctionality_Laptop_20-03-11]  going back to product listing via closeCurrentWindowAndSwitchBack 
20:03:42 [TestNG-test-Test-1] INFO  verifyingDisplayTypeFilterFunctionality_Laptop_20-03-11 - [verifyingDisplayTypeFilterFunctionality_Laptop_20-03-11]  Added 'filter','title','keyFeatures', 'about', 'techDetails' into the Map -> productResult
20:03:42 [TestNG-test-Test-1] INFO  verifyingDisplayTypeFilterFunctionality_Laptop_20-03-11 - [verifyingDisplayTypeFilterFunctionality_Laptop_20-03-11]  Added 'productResult' Map into the 'results' i.e list of maps 
20:03:42 [TestNG-test-Test-1] INFO  verifyingDisplayTypeFilterFunctionality_Laptop_20-03-11 - [verifyingDisplayTypeFilterFunctionality_Laptop_20-03-11]==========================================================================================================
20:03:42 [TestNG-test-Test-1] INFO  verifyingDisplayTypeFilterFunctionality_Laptop_20-03-11 - [verifyingDisplayTypeFilterFunctionality_Laptop_20-03-11] Within safeFindElements 
20:03:42 [TestNG-test-Test-1] INFO  verifyingDisplayTypeFilterFunctionality_Laptop_20-03-11 - [verifyingDisplayTypeFilterFunctionality_Laptop_20-03-11] Returning the  [[[ChromeDriver: chrome on windows (6c264afaf05195094f91edece5bdd6a6)] -> xpath: //div[@data-cy='title-recipe']], [[ChromeDriver: chrome on windows (6c264afaf05195094f91edece5bdd6a6)] -> xpath: //div[@data-cy='title-recipe']], [[ChromeDriver: chrome on windows (6c264afaf05195094f91edece5bdd6a6)] -> xpath: //div[@data-cy='title-recipe']], [[ChromeDriver: chrome on windows (6c264afaf05195094f91edece5bdd6a6)] -> xpath: //div[@data-cy='title-recipe']], [[ChromeDriver: chrome on windows (6c264afaf05195094f91edece5bdd6a6)] -> xpath: //div[@data-cy='title-recipe']], [[ChromeDriver: chrome on windows (6c264afaf05195094f91edece5bdd6a6)] -> xpath: //div[@data-cy='title-recipe']], [[ChromeDriver: chrome on windows (6c264afaf05195094f91edece5bdd6a6)] -> xpath: //div[@data-cy='title-recipe']], [[ChromeDriver: chrome on windows (6c264afaf05195094f91edece5bdd6a6)] -> xpath: //div[@data-cy='title-recipe']], [[ChromeDriver: chrome on windows (6c264afaf05195094f91edece5bdd6a6)] -> xpath: //div[@data-cy='title-recipe']], [[ChromeDriver: chrome on windows (6c264afaf05195094f91edece5bdd6a6)] -> xpath: //div[@data-cy='title-recipe']], [[ChromeDriver: chrome on windows (6c264afaf05195094f91edece5bdd6a6)] -> xpath: //div[@data-cy='title-recipe']], [[ChromeDriver: chrome on windows (6c264afaf05195094f91edece5bdd6a6)] -> xpath: //div[@data-cy='title-recipe']], [[ChromeDriver: chrome on windows (6c264afaf05195094f91edece5bdd6a6)] -> xpath: //div[@data-cy='title-recipe']], [[ChromeDriver: chrome on windows (6c264afaf05195094f91edece5bdd6a6)] -> xpath: //div[@data-cy='title-recipe']], [[ChromeDriver: chrome on windows (6c264afaf05195094f91edece5bdd6a6)] -> xpath: //div[@data-cy='title-recipe']], [[ChromeDriver: chrome on windows (6c264afaf05195094f91edece5bdd6a6)] -> xpath: //div[@data-cy='title-recipe']]] from the safeFindElements method
20:03:42 [TestNG-test-Test-1] INFO  verifyingDisplayTypeFilterFunctionality_Laptop_20-03-11 - [verifyingDisplayTypeFilterFunctionality_Laptop_20-03-11] Within productNameListingPage loop in applyFilterAndValidateProductsWithResult
20:03:42 [TestNG-test-Test-1] INFO  verifyingDisplayTypeFilterFunctionality_Laptop_20-03-11 - [verifyingDisplayTypeFilterFunctionality_Laptop_20-03-11] Within getProductByIndex method
20:03:42 [TestNG-test-Test-1] INFO  verifyingDisplayTypeFilterFunctionality_Laptop_20-03-11 - [verifyingDisplayTypeFilterFunctionality_Laptop_20-03-11] Within safeFindElement method
20:03:42 [TestNG-test-Test-1] INFO  verifyingDisplayTypeFilterFunctionality_Laptop_20-03-11 - [verifyingDisplayTypeFilterFunctionality_Laptop_20-03-11]Found the element returning it ,element ->[[ChromeDriver: chrome on windows (6c264afaf05195094f91edece5bdd6a6)] -> xpath: (//div[@data-cy='title-recipe'])[2]]
20:03:42 [TestNG-test-Test-1] INFO  verifyingDisplayTypeFilterFunctionality_Laptop_20-03-11 - [verifyingDisplayTypeFilterFunctionality_Laptop_20-03-11] Within getProductByIndex method
20:03:42 [TestNG-test-Test-1] INFO  verifyingDisplayTypeFilterFunctionality_Laptop_20-03-11 - [verifyingDisplayTypeFilterFunctionality_Laptop_20-03-11] Within smoothScrollToElement method
20:03:42 [TestNG-test-Test-1] INFO  verifyingDisplayTypeFilterFunctionality_Laptop_20-03-11 - [verifyingDisplayTypeFilterFunctionality_Laptop_20-03-11] Within safeFindElement method
20:03:42 [TestNG-test-Test-1] INFO  verifyingDisplayTypeFilterFunctionality_Laptop_20-03-11 - [verifyingDisplayTypeFilterFunctionality_Laptop_20-03-11]Found the element returning it ,element ->[[ChromeDriver: chrome on windows (6c264afaf05195094f91edece5bdd6a6)] -> xpath: (//div[@data-cy='title-recipe'])[2]]
20:03:42 [TestNG-test-Test-1] INFO  verifyingDisplayTypeFilterFunctionality_Laptop_20-03-11 - [verifyingDisplayTypeFilterFunctionality_Laptop_20-03-11] Successfully scrolled to element: By.xpath: (//div[@data-cy='title-recipe'])[2]
20:03:42 [TestNG-test-Test-1] INFO  verifyingDisplayTypeFilterFunctionality_Laptop_20-03-11 - [verifyingDisplayTypeFilterFunctionality_Laptop_20-03-11] Getting product by index in productNameListingPage loop
20:03:42 [TestNG-test-Test-1] INFO  verifyingDisplayTypeFilterFunctionality_Laptop_20-03-11 - [verifyingDisplayTypeFilterFunctionality_Laptop_20-03-11] Opened product in new tab via Ctrl+Click inside productNameListingPage loop
20:03:42 [TestNG-test-Test-1] INFO  verifyingDisplayTypeFilterFunctionality_Laptop_20-03-11 - [verifyingDisplayTypeFilterFunctionality_Laptop_20-03-11] Waiting for new window to open...
20:03:42 [TestNG-test-Test-1] INFO  verifyingDisplayTypeFilterFunctionality_Laptop_20-03-11 - [verifyingDisplayTypeFilterFunctionality_Laptop_20-03-11] Switched to new window -> E6B58FC3CF480A315727A40D6D78C37D
20:03:42 [TestNG-test-Test-1] INFO  verifyingDisplayTypeFilterFunctionality_Laptop_20-03-11 - [verifyingDisplayTypeFilterFunctionality_Laptop_20-03-11] Swithcing to the new window  within productNameListingPage loop
20:03:42 [TestNG-test-Test-1] INFO  verifyingDisplayTypeFilterFunctionality_Laptop_20-03-11 - [verifyingDisplayTypeFilterFunctionality_Laptop_20-03-11] Clicked product name to open in new tab from productNameListingPage loop
20:03:42 [TestNG-test-Test-1] INFO  verifyingDisplayTypeFilterFunctionality_Laptop_20-03-11 - [verifyingDisplayTypeFilterFunctionality_Laptop_20-03-11] Within safeFindElement method
20:03:45 [TestNG-test-Test-1] INFO  verifyingDisplayTypeFilterFunctionality_Laptop_20-03-11 - [verifyingDisplayTypeFilterFunctionality_Laptop_20-03-11]Found the element returning it ,element ->[[ChromeDriver: chrome on windows (6c264afaf05195094f91edece5bdd6a6)] -> xpath: //span[@id='productTitle']]
20:03:45 [TestNG-test-Test-1] INFO  verifyingDisplayTypeFilterFunctionality_Laptop_20-03-11 - [verifyingDisplayTypeFilterFunctionality_Laptop_20-03-11] Within safeFindElement method
20:03:45 [TestNG-test-Test-1] INFO  verifyingDisplayTypeFilterFunctionality_Laptop_20-03-11 - [verifyingDisplayTypeFilterFunctionality_Laptop_20-03-11]Found the element returning it ,element ->[[ChromeDriver: chrome on windows (6c264afaf05195094f91edece5bdd6a6)] -> xpath: //div[@class='a-section a-spacing-small a-spacing-top-small']]
20:03:45 [TestNG-test-Test-1] INFO  verifyingDisplayTypeFilterFunctionality_Laptop_20-03-11 - [verifyingDisplayTypeFilterFunctionality_Laptop_20-03-11] Within safeFindElement method
20:03:46 [TestNG-test-Test-1] INFO  verifyingDisplayTypeFilterFunctionality_Laptop_20-03-11 - [verifyingDisplayTypeFilterFunctionality_Laptop_20-03-11]Found the element returning it ,element ->[[ChromeDriver: chrome on windows (6c264afaf05195094f91edece5bdd6a6)] -> xpath: //div[@id='feature-bullets']]
20:03:46 [TestNG-test-Test-1] INFO  verifyingDisplayTypeFilterFunctionality_Laptop_20-03-11 - [verifyingDisplayTypeFilterFunctionality_Laptop_20-03-11] Within safeFindElement method
20:03:46 [TestNG-test-Test-1] INFO  verifyingDisplayTypeFilterFunctionality_Laptop_20-03-11 - [verifyingDisplayTypeFilterFunctionality_Laptop_20-03-11]Found the element returning it ,element ->[[ChromeDriver: chrome on windows (6c264afaf05195094f91edece5bdd6a6)] -> xpath: //div[@id='prodDetails']]
20:03:46 [TestNG-test-Test-1] INFO  verifyingDisplayTypeFilterFunctionality_Laptop_20-03-11 - [verifyingDisplayTypeFilterFunctionality_Laptop_20-03-11] Extracting 'name' , 'keyFeatures', 'about' , 'techDetails' within productNameListingPage loop
20:03:46 [TestNG-test-Test-1] INFO  verifyingDisplayTypeFilterFunctionality_Laptop_20-03-11 - [verifyingDisplayTypeFilterFunctionality_Laptop_20-03-11] Waiting until element is visible in viewport
20:03:56 [TestNG-test-Test-1] INFO  verifyingDisplayTypeFilterFunctionality_Laptop_20-03-11 - [verifyingDisplayTypeFilterFunctionality_Laptop_20-03-11] Within smoothScrollToElement method
20:03:56 [TestNG-test-Test-1] INFO  verifyingDisplayTypeFilterFunctionality_Laptop_20-03-11 - [verifyingDisplayTypeFilterFunctionality_Laptop_20-03-11] Within safeFindElement method
20:03:56 [TestNG-test-Test-1] INFO  verifyingDisplayTypeFilterFunctionality_Laptop_20-03-11 - [verifyingDisplayTypeFilterFunctionality_Laptop_20-03-11]Found the element returning it ,element ->[[ChromeDriver: chrome on windows (6c264afaf05195094f91edece5bdd6a6)] -> xpath: //a[@id='seeMoreDetailsLink']]
20:03:56 [TestNG-test-Test-1] INFO  verifyingDisplayTypeFilterFunctionality_Laptop_20-03-11 - [verifyingDisplayTypeFilterFunctionality_Laptop_20-03-11] Successfully scrolled to element: By.xpath: //a[@id='seeMoreDetailsLink']
20:03:56 [TestNG-test-Test-1] INFO  verifyingDisplayTypeFilterFunctionality_Laptop_20-03-11 - [verifyingDisplayTypeFilterFunctionality_Laptop_20-03-11] Within safeClick method
20:03:56 [TestNG-test-Test-1] INFO  verifyingDisplayTypeFilterFunctionality_Laptop_20-03-11 - [verifyingDisplayTypeFilterFunctionality_Laptop_20-03-11] Clicked the  [[ChromeDriver: chrome on windows (6c264afaf05195094f91edece5bdd6a6)] -> xpath: //a[@id='seeMoreDetailsLink']]   using safeClick
20:03:56 [TestNG-test-Test-1] INFO  verifyingDisplayTypeFilterFunctionality_Laptop_20-03-11 - [verifyingDisplayTypeFilterFunctionality_Laptop_20-03-11] Within try block for clicking see more deatils within productNameListingPage loop
20:03:56 [TestNG-test-Test-1] INFO  verifyingDisplayTypeFilterFunctionality_Laptop_20-03-11 - [verifyingDisplayTypeFilterFunctionality_Laptop_20-03-11] Within closeCurrentWindowAndSwitchBack method
20:03:56 [TestNG-test-Test-1] INFO  verifyingDisplayTypeFilterFunctionality_Laptop_20-03-11 - [verifyingDisplayTypeFilterFunctionality_Laptop_20-03-11] Total open windows/tabs count -> 2
20:03:56 [TestNG-test-Test-1] INFO  verifyingDisplayTypeFilterFunctionality_Laptop_20-03-11 - [verifyingDisplayTypeFilterFunctionality_Laptop_20-03-11] Original window handle -> 314D7369A7559D1F60EDBA893E955B9C
20:03:56 [TestNG-test-Test-1] INFO  verifyingDisplayTypeFilterFunctionality_Laptop_20-03-11 - [verifyingDisplayTypeFilterFunctionality_Laptop_20-03-11] Found new tab/window handle -> E6B58FC3CF480A315727A40D6D78C37D (will be closed)
20:03:56 [TestNG-test-Test-1] INFO  verifyingDisplayTypeFilterFunctionality_Laptop_20-03-11 - [verifyingDisplayTypeFilterFunctionality_Laptop_20-03-11] Successfully switched to new tab/window -> E6B58FC3CF480A315727A40D6D78C37D
20:03:56 [TestNG-test-Test-1] INFO  verifyingDisplayTypeFilterFunctionality_Laptop_20-03-11 - [verifyingDisplayTypeFilterFunctionality_Laptop_20-03-11] Closed the newly opened tab/window -> E6B58FC3CF480A315727A40D6D78C37D
20:03:56 [TestNG-test-Test-1] INFO  verifyingDisplayTypeFilterFunctionality_Laptop_20-03-11 - [verifyingDisplayTypeFilterFunctionality_Laptop_20-03-11] Switched back to the original window -> 314D7369A7559D1F60EDBA893E955B9C
20:03:56 [TestNG-test-Test-1] INFO  verifyingDisplayTypeFilterFunctionality_Laptop_20-03-11 - [verifyingDisplayTypeFilterFunctionality_Laptop_20-03-11]  going back to product listing via closeCurrentWindowAndSwitchBack 
20:03:56 [TestNG-test-Test-1] INFO  verifyingDisplayTypeFilterFunctionality_Laptop_20-03-11 - [verifyingDisplayTypeFilterFunctionality_Laptop_20-03-11]  Added 'filter','title','keyFeatures', 'about', 'techDetails' into the Map -> productResult
20:03:56 [TestNG-test-Test-1] INFO  verifyingDisplayTypeFilterFunctionality_Laptop_20-03-11 - [verifyingDisplayTypeFilterFunctionality_Laptop_20-03-11]  Added 'productResult' Map into the 'results' i.e list of maps 
20:03:56 [TestNG-test-Test-1] INFO  verifyingDisplayTypeFilterFunctionality_Laptop_20-03-11 - [verifyingDisplayTypeFilterFunctionality_Laptop_20-03-11]==========================================================================================================
20:03:56 [TestNG-test-Test-1] INFO  verifyingDisplayTypeFilterFunctionality_Laptop_20-03-11 - [verifyingDisplayTypeFilterFunctionality_Laptop_20-03-11] Within safeFindElements 
20:03:56 [TestNG-test-Test-1] INFO  verifyingDisplayTypeFilterFunctionality_Laptop_20-03-11 - [verifyingDisplayTypeFilterFunctionality_Laptop_20-03-11] Returning the  [[[ChromeDriver: chrome on windows (6c264afaf05195094f91edece5bdd6a6)] -> xpath: //div[@data-cy='title-recipe']], [[ChromeDriver: chrome on windows (6c264afaf05195094f91edece5bdd6a6)] -> xpath: //div[@data-cy='title-recipe']], [[ChromeDriver: chrome on windows (6c264afaf05195094f91edece5bdd6a6)] -> xpath: //div[@data-cy='title-recipe']], [[ChromeDriver: chrome on windows (6c264afaf05195094f91edece5bdd6a6)] -> xpath: //div[@data-cy='title-recipe']], [[ChromeDriver: chrome on windows (6c264afaf05195094f91edece5bdd6a6)] -> xpath: //div[@data-cy='title-recipe']], [[ChromeDriver: chrome on windows (6c264afaf05195094f91edece5bdd6a6)] -> xpath: //div[@data-cy='title-recipe']], [[ChromeDriver: chrome on windows (6c264afaf05195094f91edece5bdd6a6)] -> xpath: //div[@data-cy='title-recipe']], [[ChromeDriver: chrome on windows (6c264afaf05195094f91edece5bdd6a6)] -> xpath: //div[@data-cy='title-recipe']], [[ChromeDriver: chrome on windows (6c264afaf05195094f91edece5bdd6a6)] -> xpath: //div[@data-cy='title-recipe']], [[ChromeDriver: chrome on windows (6c264afaf05195094f91edece5bdd6a6)] -> xpath: //div[@data-cy='title-recipe']], [[ChromeDriver: chrome on windows (6c264afaf05195094f91edece5bdd6a6)] -> xpath: //div[@data-cy='title-recipe']], [[ChromeDriver: chrome on windows (6c264afaf05195094f91edece5bdd6a6)] -> xpath: //div[@data-cy='title-recipe']], [[ChromeDriver: chrome on windows (6c264afaf05195094f91edece5bdd6a6)] -> xpath: //div[@data-cy='title-recipe']], [[ChromeDriver: chrome on windows (6c264afaf05195094f91edece5bdd6a6)] -> xpath: //div[@data-cy='title-recipe']], [[ChromeDriver: chrome on windows (6c264afaf05195094f91edece5bdd6a6)] -> xpath: //div[@data-cy='title-recipe']], [[ChromeDriver: chrome on windows (6c264afaf05195094f91edece5bdd6a6)] -> xpath: //div[@data-cy='title-recipe']]] from the safeFindElements method
20:03:56 [TestNG-test-Test-1] INFO  verifyingDisplayTypeFilterFunctionality_Laptop_20-03-11 - [verifyingDisplayTypeFilterFunctionality_Laptop_20-03-11] Within productNameListingPage loop in applyFilterAndValidateProductsWithResult
20:03:56 [TestNG-test-Test-1] INFO  verifyingDisplayTypeFilterFunctionality_Laptop_20-03-11 - [verifyingDisplayTypeFilterFunctionality_Laptop_20-03-11] Within getProductByIndex method
20:03:56 [TestNG-test-Test-1] INFO  verifyingDisplayTypeFilterFunctionality_Laptop_20-03-11 - [verifyingDisplayTypeFilterFunctionality_Laptop_20-03-11] Within safeFindElement method
20:03:56 [TestNG-test-Test-1] INFO  verifyingDisplayTypeFilterFunctionality_Laptop_20-03-11 - [verifyingDisplayTypeFilterFunctionality_Laptop_20-03-11]Found the element returning it ,element ->[[ChromeDriver: chrome on windows (6c264afaf05195094f91edece5bdd6a6)] -> xpath: (//div[@data-cy='title-recipe'])[3]]
20:03:56 [TestNG-test-Test-1] INFO  verifyingDisplayTypeFilterFunctionality_Laptop_20-03-11 - [verifyingDisplayTypeFilterFunctionality_Laptop_20-03-11] Within getProductByIndex method
20:03:56 [TestNG-test-Test-1] INFO  verifyingDisplayTypeFilterFunctionality_Laptop_20-03-11 - [verifyingDisplayTypeFilterFunctionality_Laptop_20-03-11] Within smoothScrollToElement method
20:03:56 [TestNG-test-Test-1] INFO  verifyingDisplayTypeFilterFunctionality_Laptop_20-03-11 - [verifyingDisplayTypeFilterFunctionality_Laptop_20-03-11] Within safeFindElement method
20:03:56 [TestNG-test-Test-1] INFO  verifyingDisplayTypeFilterFunctionality_Laptop_20-03-11 - [verifyingDisplayTypeFilterFunctionality_Laptop_20-03-11]Found the element returning it ,element ->[[ChromeDriver: chrome on windows (6c264afaf05195094f91edece5bdd6a6)] -> xpath: (//div[@data-cy='title-recipe'])[3]]
20:03:56 [TestNG-test-Test-1] INFO  verifyingDisplayTypeFilterFunctionality_Laptop_20-03-11 - [verifyingDisplayTypeFilterFunctionality_Laptop_20-03-11] Successfully scrolled to element: By.xpath: (//div[@data-cy='title-recipe'])[3]
20:03:56 [TestNG-test-Test-1] INFO  verifyingDisplayTypeFilterFunctionality_Laptop_20-03-11 - [verifyingDisplayTypeFilterFunctionality_Laptop_20-03-11] Getting product by index in productNameListingPage loop
20:03:57 [TestNG-test-Test-1] INFO  verifyingDisplayTypeFilterFunctionality_Laptop_20-03-11 - [verifyingDisplayTypeFilterFunctionality_Laptop_20-03-11] Opened product in new tab via Ctrl+Click inside productNameListingPage loop
20:03:57 [TestNG-test-Test-1] INFO  verifyingDisplayTypeFilterFunctionality_Laptop_20-03-11 - [verifyingDisplayTypeFilterFunctionality_Laptop_20-03-11] Waiting for new window to open...
20:03:57 [TestNG-test-Test-1] INFO  verifyingDisplayTypeFilterFunctionality_Laptop_20-03-11 - [verifyingDisplayTypeFilterFunctionality_Laptop_20-03-11] Switched to new window -> AA7D9B491C744FAC39F2B668BC1E5C86
20:03:57 [TestNG-test-Test-1] INFO  verifyingDisplayTypeFilterFunctionality_Laptop_20-03-11 - [verifyingDisplayTypeFilterFunctionality_Laptop_20-03-11] Swithcing to the new window  within productNameListingPage loop
20:03:57 [TestNG-test-Test-1] INFO  verifyingDisplayTypeFilterFunctionality_Laptop_20-03-11 - [verifyingDisplayTypeFilterFunctionality_Laptop_20-03-11] Clicked product name to open in new tab from productNameListingPage loop
20:03:57 [TestNG-test-Test-1] INFO  verifyingDisplayTypeFilterFunctionality_Laptop_20-03-11 - [verifyingDisplayTypeFilterFunctionality_Laptop_20-03-11] Within safeFindElement method
20:04:00 [TestNG-test-Test-1] INFO  verifyingDisplayTypeFilterFunctionality_Laptop_20-03-11 - [verifyingDisplayTypeFilterFunctionality_Laptop_20-03-11]Found the element returning it ,element ->[[ChromeDriver: chrome on windows (6c264afaf05195094f91edece5bdd6a6)] -> xpath: //span[@id='productTitle']]
20:04:00 [TestNG-test-Test-1] INFO  verifyingDisplayTypeFilterFunctionality_Laptop_20-03-11 - [verifyingDisplayTypeFilterFunctionality_Laptop_20-03-11] Within safeFindElement method
20:04:00 [TestNG-test-Test-1] INFO  verifyingDisplayTypeFilterFunctionality_Laptop_20-03-11 - [verifyingDisplayTypeFilterFunctionality_Laptop_20-03-11]Found the element returning it ,element ->[[ChromeDriver: chrome on windows (6c264afaf05195094f91edece5bdd6a6)] -> xpath: //div[@class='a-section a-spacing-small a-spacing-top-small']]
20:04:00 [TestNG-test-Test-1] INFO  verifyingDisplayTypeFilterFunctionality_Laptop_20-03-11 - [verifyingDisplayTypeFilterFunctionality_Laptop_20-03-11] Within safeFindElement method
20:04:00 [TestNG-test-Test-1] INFO  verifyingDisplayTypeFilterFunctionality_Laptop_20-03-11 - [verifyingDisplayTypeFilterFunctionality_Laptop_20-03-11]Found the element returning it ,element ->[[ChromeDriver: chrome on windows (6c264afaf05195094f91edece5bdd6a6)] -> xpath: //div[@id='feature-bullets']]
20:04:00 [TestNG-test-Test-1] INFO  verifyingDisplayTypeFilterFunctionality_Laptop_20-03-11 - [verifyingDisplayTypeFilterFunctionality_Laptop_20-03-11] Within safeFindElement method
20:04:00 [TestNG-test-Test-1] INFO  verifyingDisplayTypeFilterFunctionality_Laptop_20-03-11 - [verifyingDisplayTypeFilterFunctionality_Laptop_20-03-11]Found the element returning it ,element ->[[ChromeDriver: chrome on windows (6c264afaf05195094f91edece5bdd6a6)] -> xpath: //div[@id='prodDetails']]
20:04:01 [TestNG-test-Test-1] INFO  verifyingDisplayTypeFilterFunctionality_Laptop_20-03-11 - [verifyingDisplayTypeFilterFunctionality_Laptop_20-03-11] Extracting 'name' , 'keyFeatures', 'about' , 'techDetails' within productNameListingPage loop
20:04:01 [TestNG-test-Test-1] INFO  verifyingDisplayTypeFilterFunctionality_Laptop_20-03-11 - [verifyingDisplayTypeFilterFunctionality_Laptop_20-03-11] Waiting until element is visible in viewport
20:04:11 [TestNG-test-Test-1] INFO  verifyingDisplayTypeFilterFunctionality_Laptop_20-03-11 - [verifyingDisplayTypeFilterFunctionality_Laptop_20-03-11] Within smoothScrollToElement method
20:04:11 [TestNG-test-Test-1] INFO  verifyingDisplayTypeFilterFunctionality_Laptop_20-03-11 - [verifyingDisplayTypeFilterFunctionality_Laptop_20-03-11] Within safeFindElement method
20:04:11 [TestNG-test-Test-1] INFO  verifyingDisplayTypeFilterFunctionality_Laptop_20-03-11 - [verifyingDisplayTypeFilterFunctionality_Laptop_20-03-11]Found the element returning it ,element ->[[ChromeDriver: chrome on windows (6c264afaf05195094f91edece5bdd6a6)] -> xpath: //a[@id='seeMoreDetailsLink']]
20:04:11 [TestNG-test-Test-1] INFO  verifyingDisplayTypeFilterFunctionality_Laptop_20-03-11 - [verifyingDisplayTypeFilterFunctionality_Laptop_20-03-11] Successfully scrolled to element: By.xpath: //a[@id='seeMoreDetailsLink']
20:04:11 [TestNG-test-Test-1] INFO  verifyingDisplayTypeFilterFunctionality_Laptop_20-03-11 - [verifyingDisplayTypeFilterFunctionality_Laptop_20-03-11] Within safeClick method
20:04:11 [TestNG-test-Test-1] INFO  verifyingDisplayTypeFilterFunctionality_Laptop_20-03-11 - [verifyingDisplayTypeFilterFunctionality_Laptop_20-03-11] Clicked the  [[ChromeDriver: chrome on windows (6c264afaf05195094f91edece5bdd6a6)] -> xpath: //a[@id='seeMoreDetailsLink']]   using safeClick
20:04:11 [TestNG-test-Test-1] INFO  verifyingDisplayTypeFilterFunctionality_Laptop_20-03-11 - [verifyingDisplayTypeFilterFunctionality_Laptop_20-03-11] Within try block for clicking see more deatils within productNameListingPage loop
20:04:11 [TestNG-test-Test-1] INFO  verifyingDisplayTypeFilterFunctionality_Laptop_20-03-11 - [verifyingDisplayTypeFilterFunctionality_Laptop_20-03-11] Within closeCurrentWindowAndSwitchBack method
20:04:11 [TestNG-test-Test-1] INFO  verifyingDisplayTypeFilterFunctionality_Laptop_20-03-11 - [verifyingDisplayTypeFilterFunctionality_Laptop_20-03-11] Total open windows/tabs count -> 2
20:04:11 [TestNG-test-Test-1] INFO  verifyingDisplayTypeFilterFunctionality_Laptop_20-03-11 - [verifyingDisplayTypeFilterFunctionality_Laptop_20-03-11] Original window handle -> 314D7369A7559D1F60EDBA893E955B9C
20:04:11 [TestNG-test-Test-1] INFO  verifyingDisplayTypeFilterFunctionality_Laptop_20-03-11 - [verifyingDisplayTypeFilterFunctionality_Laptop_20-03-11] Found new tab/window handle -> AA7D9B491C744FAC39F2B668BC1E5C86 (will be closed)
20:04:11 [TestNG-test-Test-1] INFO  verifyingDisplayTypeFilterFunctionality_Laptop_20-03-11 - [verifyingDisplayTypeFilterFunctionality_Laptop_20-03-11] Successfully switched to new tab/window -> AA7D9B491C744FAC39F2B668BC1E5C86
20:04:11 [TestNG-test-Test-1] INFO  verifyingDisplayTypeFilterFunctionality_Laptop_20-03-11 - [verifyingDisplayTypeFilterFunctionality_Laptop_20-03-11] Closed the newly opened tab/window -> AA7D9B491C744FAC39F2B668BC1E5C86
20:04:11 [TestNG-test-Test-1] INFO  verifyingDisplayTypeFilterFunctionality_Laptop_20-03-11 - [verifyingDisplayTypeFilterFunctionality_Laptop_20-03-11] Switched back to the original window -> 314D7369A7559D1F60EDBA893E955B9C
20:04:11 [TestNG-test-Test-1] INFO  verifyingDisplayTypeFilterFunctionality_Laptop_20-03-11 - [verifyingDisplayTypeFilterFunctionality_Laptop_20-03-11]  going back to product listing via closeCurrentWindowAndSwitchBack 
20:04:11 [TestNG-test-Test-1] INFO  verifyingDisplayTypeFilterFunctionality_Laptop_20-03-11 - [verifyingDisplayTypeFilterFunctionality_Laptop_20-03-11]  Added 'filter','title','keyFeatures', 'about', 'techDetails' into the Map -> productResult
20:04:11 [TestNG-test-Test-1] INFO  verifyingDisplayTypeFilterFunctionality_Laptop_20-03-11 - [verifyingDisplayTypeFilterFunctionality_Laptop_20-03-11]  Added 'productResult' Map into the 'results' i.e list of maps 
20:04:11 [TestNG-test-Test-1] INFO  verifyingDisplayTypeFilterFunctionality_Laptop_20-03-11 - [verifyingDisplayTypeFilterFunctionality_Laptop_20-03-11]==========================================================================================================
20:04:11 [TestNG-test-Test-1] INFO  verifyingDisplayTypeFilterFunctionality_Laptop_20-03-11 - [verifyingDisplayTypeFilterFunctionality_Laptop_20-03-11] Within safeFindElements 
20:04:11 [TestNG-test-Test-1] INFO  verifyingDisplayTypeFilterFunctionality_Laptop_20-03-11 - [verifyingDisplayTypeFilterFunctionality_Laptop_20-03-11] Returning the  [[[ChromeDriver: chrome on windows (6c264afaf05195094f91edece5bdd6a6)] -> xpath: //div[@data-cy='title-recipe']], [[ChromeDriver: chrome on windows (6c264afaf05195094f91edece5bdd6a6)] -> xpath: //div[@data-cy='title-recipe']], [[ChromeDriver: chrome on windows (6c264afaf05195094f91edece5bdd6a6)] -> xpath: //div[@data-cy='title-recipe']], [[ChromeDriver: chrome on windows (6c264afaf05195094f91edece5bdd6a6)] -> xpath: //div[@data-cy='title-recipe']], [[ChromeDriver: chrome on windows (6c264afaf05195094f91edece5bdd6a6)] -> xpath: //div[@data-cy='title-recipe']], [[ChromeDriver: chrome on windows (6c264afaf05195094f91edece5bdd6a6)] -> xpath: //div[@data-cy='title-recipe']], [[ChromeDriver: chrome on windows (6c264afaf05195094f91edece5bdd6a6)] -> xpath: //div[@data-cy='title-recipe']], [[ChromeDriver: chrome on windows (6c264afaf05195094f91edece5bdd6a6)] -> xpath: //div[@data-cy='title-recipe']], [[ChromeDriver: chrome on windows (6c264afaf05195094f91edece5bdd6a6)] -> xpath: //div[@data-cy='title-recipe']], [[ChromeDriver: chrome on windows (6c264afaf05195094f91edece5bdd6a6)] -> xpath: //div[@data-cy='title-recipe']], [[ChromeDriver: chrome on windows (6c264afaf05195094f91edece5bdd6a6)] -> xpath: //div[@data-cy='title-recipe']], [[ChromeDriver: chrome on windows (6c264afaf05195094f91edece5bdd6a6)] -> xpath: //div[@data-cy='title-recipe']], [[ChromeDriver: chrome on windows (6c264afaf05195094f91edece5bdd6a6)] -> xpath: //div[@data-cy='title-recipe']], [[ChromeDriver: chrome on windows (6c264afaf05195094f91edece5bdd6a6)] -> xpath: //div[@data-cy='title-recipe']], [[ChromeDriver: chrome on windows (6c264afaf05195094f91edece5bdd6a6)] -> xpath: //div[@data-cy='title-recipe']], [[ChromeDriver: chrome on windows (6c264afaf05195094f91edece5bdd6a6)] -> xpath: //div[@data-cy='title-recipe']]] from the safeFindElements method
20:04:11 [TestNG-test-Test-1] INFO  verifyingDisplayTypeFilterFunctionality_Laptop_20-03-11 - [verifyingDisplayTypeFilterFunctionality_Laptop_20-03-11] Within productNameListingPage loop in applyFilterAndValidateProductsWithResult
20:04:11 [TestNG-test-Test-1] INFO  verifyingDisplayTypeFilterFunctionality_Laptop_20-03-11 - [verifyingDisplayTypeFilterFunctionality_Laptop_20-03-11] Within getProductByIndex method
20:04:11 [TestNG-test-Test-1] INFO  verifyingDisplayTypeFilterFunctionality_Laptop_20-03-11 - [verifyingDisplayTypeFilterFunctionality_Laptop_20-03-11] Within safeFindElement method
20:04:11 [TestNG-test-Test-1] INFO  verifyingDisplayTypeFilterFunctionality_Laptop_20-03-11 - [verifyingDisplayTypeFilterFunctionality_Laptop_20-03-11]Found the element returning it ,element ->[[ChromeDriver: chrome on windows (6c264afaf05195094f91edece5bdd6a6)] -> xpath: (//div[@data-cy='title-recipe'])[4]]
20:04:11 [TestNG-test-Test-1] INFO  verifyingDisplayTypeFilterFunctionality_Laptop_20-03-11 - [verifyingDisplayTypeFilterFunctionality_Laptop_20-03-11] Within getProductByIndex method
20:04:11 [TestNG-test-Test-1] INFO  verifyingDisplayTypeFilterFunctionality_Laptop_20-03-11 - [verifyingDisplayTypeFilterFunctionality_Laptop_20-03-11] Within smoothScrollToElement method
20:04:11 [TestNG-test-Test-1] INFO  verifyingDisplayTypeFilterFunctionality_Laptop_20-03-11 - [verifyingDisplayTypeFilterFunctionality_Laptop_20-03-11] Within safeFindElement method
20:04:11 [TestNG-test-Test-1] INFO  verifyingDisplayTypeFilterFunctionality_Laptop_20-03-11 - [verifyingDisplayTypeFilterFunctionality_Laptop_20-03-11]Found the element returning it ,element ->[[ChromeDriver: chrome on windows (6c264afaf05195094f91edece5bdd6a6)] -> xpath: (//div[@data-cy='title-recipe'])[4]]
20:04:11 [TestNG-test-Test-1] INFO  verifyingDisplayTypeFilterFunctionality_Laptop_20-03-11 - [verifyingDisplayTypeFilterFunctionality_Laptop_20-03-11] Successfully scrolled to element: By.xpath: (//div[@data-cy='title-recipe'])[4]
20:04:11 [TestNG-test-Test-1] INFO  verifyingDisplayTypeFilterFunctionality_Laptop_20-03-11 - [verifyingDisplayTypeFilterFunctionality_Laptop_20-03-11] Getting product by index in productNameListingPage loop
20:04:12 [TestNG-test-Test-1] INFO  verifyingDisplayTypeFilterFunctionality_Laptop_20-03-11 - [verifyingDisplayTypeFilterFunctionality_Laptop_20-03-11] Opened product in new tab via Ctrl+Click inside productNameListingPage loop
20:04:12 [TestNG-test-Test-1] INFO  verifyingDisplayTypeFilterFunctionality_Laptop_20-03-11 - [verifyingDisplayTypeFilterFunctionality_Laptop_20-03-11] Waiting for new window to open...
20:04:12 [TestNG-test-Test-1] INFO  verifyingDisplayTypeFilterFunctionality_Laptop_20-03-11 - [verifyingDisplayTypeFilterFunctionality_Laptop_20-03-11] Switched to new window -> 794831121C0C34945E082FEB4CCC2CD6
20:04:12 [TestNG-test-Test-1] INFO  verifyingDisplayTypeFilterFunctionality_Laptop_20-03-11 - [verifyingDisplayTypeFilterFunctionality_Laptop_20-03-11] Swithcing to the new window  within productNameListingPage loop
20:04:12 [TestNG-test-Test-1] INFO  verifyingDisplayTypeFilterFunctionality_Laptop_20-03-11 - [verifyingDisplayTypeFilterFunctionality_Laptop_20-03-11] Clicked product name to open in new tab from productNameListingPage loop
20:04:12 [TestNG-test-Test-1] INFO  verifyingDisplayTypeFilterFunctionality_Laptop_20-03-11 - [verifyingDisplayTypeFilterFunctionality_Laptop_20-03-11] Within safeFindElement method
20:04:16 [TestNG-test-Test-1] INFO  verifyingDisplayTypeFilterFunctionality_Laptop_20-03-11 - [verifyingDisplayTypeFilterFunctionality_Laptop_20-03-11]Found the element returning it ,element ->[[ChromeDriver: chrome on windows (6c264afaf05195094f91edece5bdd6a6)] -> xpath: //span[@id='productTitle']]
20:04:16 [TestNG-test-Test-1] INFO  verifyingDisplayTypeFilterFunctionality_Laptop_20-03-11 - [verifyingDisplayTypeFilterFunctionality_Laptop_20-03-11] Within safeFindElement method
20:04:16 [TestNG-test-Test-1] INFO  verifyingDisplayTypeFilterFunctionality_Laptop_20-03-11 - [verifyingDisplayTypeFilterFunctionality_Laptop_20-03-11]Found the element returning it ,element ->[[ChromeDriver: chrome on windows (6c264afaf05195094f91edece5bdd6a6)] -> xpath: //div[@class='a-section a-spacing-small a-spacing-top-small']]
20:04:16 [TestNG-test-Test-1] INFO  verifyingDisplayTypeFilterFunctionality_Laptop_20-03-11 - [verifyingDisplayTypeFilterFunctionality_Laptop_20-03-11] Within safeFindElement method
20:04:16 [TestNG-test-Test-1] INFO  verifyingDisplayTypeFilterFunctionality_Laptop_20-03-11 - [verifyingDisplayTypeFilterFunctionality_Laptop_20-03-11]Found the element returning it ,element ->[[ChromeDriver: chrome on windows (6c264afaf05195094f91edece5bdd6a6)] -> xpath: //div[@id='feature-bullets']]
20:04:16 [TestNG-test-Test-1] INFO  verifyingDisplayTypeFilterFunctionality_Laptop_20-03-11 - [verifyingDisplayTypeFilterFunctionality_Laptop_20-03-11] Within safeFindElement method
20:04:16 [TestNG-test-Test-1] INFO  verifyingDisplayTypeFilterFunctionality_Laptop_20-03-11 - [verifyingDisplayTypeFilterFunctionality_Laptop_20-03-11]Found the element returning it ,element ->[[ChromeDriver: chrome on windows (6c264afaf05195094f91edece5bdd6a6)] -> xpath: //div[@id='prodDetails']]
20:04:16 [TestNG-test-Test-1] INFO  verifyingDisplayTypeFilterFunctionality_Laptop_20-03-11 - [verifyingDisplayTypeFilterFunctionality_Laptop_20-03-11] Extracting 'name' , 'keyFeatures', 'about' , 'techDetails' within productNameListingPage loop
20:04:16 [TestNG-test-Test-1] INFO  verifyingDisplayTypeFilterFunctionality_Laptop_20-03-11 - [verifyingDisplayTypeFilterFunctionality_Laptop_20-03-11] Waiting until element is visible in viewport
20:04:26 [TestNG-test-Test-1] INFO  verifyingDisplayTypeFilterFunctionality_Laptop_20-03-11 - [verifyingDisplayTypeFilterFunctionality_Laptop_20-03-11] Within smoothScrollToElement method
20:04:26 [TestNG-test-Test-1] INFO  verifyingDisplayTypeFilterFunctionality_Laptop_20-03-11 - [verifyingDisplayTypeFilterFunctionality_Laptop_20-03-11] Within safeFindElement method
20:04:26 [TestNG-test-Test-1] INFO  verifyingDisplayTypeFilterFunctionality_Laptop_20-03-11 - [verifyingDisplayTypeFilterFunctionality_Laptop_20-03-11]Found the element returning it ,element ->[[ChromeDriver: chrome on windows (6c264afaf05195094f91edece5bdd6a6)] -> xpath: //a[@id='seeMoreDetailsLink']]
20:04:26 [TestNG-test-Test-1] INFO  verifyingDisplayTypeFilterFunctionality_Laptop_20-03-11 - [verifyingDisplayTypeFilterFunctionality_Laptop_20-03-11] Successfully scrolled to element: By.xpath: //a[@id='seeMoreDetailsLink']
20:04:26 [TestNG-test-Test-1] INFO  verifyingDisplayTypeFilterFunctionality_Laptop_20-03-11 - [verifyingDisplayTypeFilterFunctionality_Laptop_20-03-11] Within safeClick method
20:04:26 [TestNG-test-Test-1] INFO  verifyingDisplayTypeFilterFunctionality_Laptop_20-03-11 - [verifyingDisplayTypeFilterFunctionality_Laptop_20-03-11] Clicked the  [[ChromeDriver: chrome on windows (6c264afaf05195094f91edece5bdd6a6)] -> xpath: //a[@id='seeMoreDetailsLink']]   using safeClick
20:04:26 [TestNG-test-Test-1] INFO  verifyingDisplayTypeFilterFunctionality_Laptop_20-03-11 - [verifyingDisplayTypeFilterFunctionality_Laptop_20-03-11] Within try block for clicking see more deatils within productNameListingPage loop
20:04:26 [TestNG-test-Test-1] INFO  verifyingDisplayTypeFilterFunctionality_Laptop_20-03-11 - [verifyingDisplayTypeFilterFunctionality_Laptop_20-03-11] Within closeCurrentWindowAndSwitchBack method
20:04:26 [TestNG-test-Test-1] INFO  verifyingDisplayTypeFilterFunctionality_Laptop_20-03-11 - [verifyingDisplayTypeFilterFunctionality_Laptop_20-03-11] Total open windows/tabs count -> 2
20:04:26 [TestNG-test-Test-1] INFO  verifyingDisplayTypeFilterFunctionality_Laptop_20-03-11 - [verifyingDisplayTypeFilterFunctionality_Laptop_20-03-11] Original window handle -> 314D7369A7559D1F60EDBA893E955B9C
20:04:26 [TestNG-test-Test-1] INFO  verifyingDisplayTypeFilterFunctionality_Laptop_20-03-11 - [verifyingDisplayTypeFilterFunctionality_Laptop_20-03-11] Found new tab/window handle -> 794831121C0C34945E082FEB4CCC2CD6 (will be closed)
20:04:26 [TestNG-test-Test-1] INFO  verifyingDisplayTypeFilterFunctionality_Laptop_20-03-11 - [verifyingDisplayTypeFilterFunctionality_Laptop_20-03-11] Successfully switched to new tab/window -> 794831121C0C34945E082FEB4CCC2CD6
20:04:26 [TestNG-test-Test-1] INFO  verifyingDisplayTypeFilterFunctionality_Laptop_20-03-11 - [verifyingDisplayTypeFilterFunctionality_Laptop_20-03-11] Closed the newly opened tab/window -> 794831121C0C34945E082FEB4CCC2CD6
20:04:26 [TestNG-test-Test-1] INFO  verifyingDisplayTypeFilterFunctionality_Laptop_20-03-11 - [verifyingDisplayTypeFilterFunctionality_Laptop_20-03-11] Switched back to the original window -> 314D7369A7559D1F60EDBA893E955B9C
20:04:26 [TestNG-test-Test-1] INFO  verifyingDisplayTypeFilterFunctionality_Laptop_20-03-11 - [verifyingDisplayTypeFilterFunctionality_Laptop_20-03-11]  going back to product listing via closeCurrentWindowAndSwitchBack 
20:04:26 [TestNG-test-Test-1] INFO  verifyingDisplayTypeFilterFunctionality_Laptop_20-03-11 - [verifyingDisplayTypeFilterFunctionality_Laptop_20-03-11]  Added 'filter','title','keyFeatures', 'about', 'techDetails' into the Map -> productResult
20:04:26 [TestNG-test-Test-1] INFO  verifyingDisplayTypeFilterFunctionality_Laptop_20-03-11 - [verifyingDisplayTypeFilterFunctionality_Laptop_20-03-11]  Added 'productResult' Map into the 'results' i.e list of maps 
20:04:26 [TestNG-test-Test-1] INFO  verifyingDisplayTypeFilterFunctionality_Laptop_20-03-11 - [verifyingDisplayTypeFilterFunctionality_Laptop_20-03-11]==========================================================================================================
20:04:26 [TestNG-test-Test-1] INFO  verifyingDisplayTypeFilterFunctionality_Laptop_20-03-11 - [verifyingDisplayTypeFilterFunctionality_Laptop_20-03-11] Within safeFindElements 
20:04:26 [TestNG-test-Test-1] INFO  verifyingDisplayTypeFilterFunctionality_Laptop_20-03-11 - [verifyingDisplayTypeFilterFunctionality_Laptop_20-03-11] Returning the  [[[ChromeDriver: chrome on windows (6c264afaf05195094f91edece5bdd6a6)] -> xpath: //div[@data-cy='title-recipe']], [[ChromeDriver: chrome on windows (6c264afaf05195094f91edece5bdd6a6)] -> xpath: //div[@data-cy='title-recipe']], [[ChromeDriver: chrome on windows (6c264afaf05195094f91edece5bdd6a6)] -> xpath: //div[@data-cy='title-recipe']], [[ChromeDriver: chrome on windows (6c264afaf05195094f91edece5bdd6a6)] -> xpath: //div[@data-cy='title-recipe']], [[ChromeDriver: chrome on windows (6c264afaf05195094f91edece5bdd6a6)] -> xpath: //div[@data-cy='title-recipe']], [[ChromeDriver: chrome on windows (6c264afaf05195094f91edece5bdd6a6)] -> xpath: //div[@data-cy='title-recipe']], [[ChromeDriver: chrome on windows (6c264afaf05195094f91edece5bdd6a6)] -> xpath: //div[@data-cy='title-recipe']], [[ChromeDriver: chrome on windows (6c264afaf05195094f91edece5bdd6a6)] -> xpath: //div[@data-cy='title-recipe']], [[ChromeDriver: chrome on windows (6c264afaf05195094f91edece5bdd6a6)] -> xpath: //div[@data-cy='title-recipe']], [[ChromeDriver: chrome on windows (6c264afaf05195094f91edece5bdd6a6)] -> xpath: //div[@data-cy='title-recipe']], [[ChromeDriver: chrome on windows (6c264afaf05195094f91edece5bdd6a6)] -> xpath: //div[@data-cy='title-recipe']], [[ChromeDriver: chrome on windows (6c264afaf05195094f91edece5bdd6a6)] -> xpath: //div[@data-cy='title-recipe']], [[ChromeDriver: chrome on windows (6c264afaf05195094f91edece5bdd6a6)] -> xpath: //div[@data-cy='title-recipe']], [[ChromeDriver: chrome on windows (6c264afaf05195094f91edece5bdd6a6)] -> xpath: //div[@data-cy='title-recipe']], [[ChromeDriver: chrome on windows (6c264afaf05195094f91edece5bdd6a6)] -> xpath: //div[@data-cy='title-recipe']], [[ChromeDriver: chrome on windows (6c264afaf05195094f91edece5bdd6a6)] -> xpath: //div[@data-cy='title-recipe']]] from the safeFindElements method
20:04:26 [TestNG-test-Test-1] INFO  verifyingDisplayTypeFilterFunctionality_Laptop_20-03-11 - [verifyingDisplayTypeFilterFunctionality_Laptop_20-03-11] Within productNameListingPage loop in applyFilterAndValidateProductsWithResult
20:04:26 [TestNG-test-Test-1] INFO  verifyingDisplayTypeFilterFunctionality_Laptop_20-03-11 - [verifyingDisplayTypeFilterFunctionality_Laptop_20-03-11] Within getProductByIndex method
20:04:26 [TestNG-test-Test-1] INFO  verifyingDisplayTypeFilterFunctionality_Laptop_20-03-11 - [verifyingDisplayTypeFilterFunctionality_Laptop_20-03-11] Within safeFindElement method
20:04:27 [TestNG-test-Test-1] INFO  verifyingDisplayTypeFilterFunctionality_Laptop_20-03-11 - [verifyingDisplayTypeFilterFunctionality_Laptop_20-03-11]Found the element returning it ,element ->[[ChromeDriver: chrome on windows (6c264afaf05195094f91edece5bdd6a6)] -> xpath: (//div[@data-cy='title-recipe'])[5]]
20:04:27 [TestNG-test-Test-1] INFO  verifyingDisplayTypeFilterFunctionality_Laptop_20-03-11 - [verifyingDisplayTypeFilterFunctionality_Laptop_20-03-11] Within getProductByIndex method
20:04:27 [TestNG-test-Test-1] INFO  verifyingDisplayTypeFilterFunctionality_Laptop_20-03-11 - [verifyingDisplayTypeFilterFunctionality_Laptop_20-03-11] Within smoothScrollToElement method
20:04:27 [TestNG-test-Test-1] INFO  verifyingDisplayTypeFilterFunctionality_Laptop_20-03-11 - [verifyingDisplayTypeFilterFunctionality_Laptop_20-03-11] Within safeFindElement method
20:04:27 [TestNG-test-Test-1] INFO  verifyingDisplayTypeFilterFunctionality_Laptop_20-03-11 - [verifyingDisplayTypeFilterFunctionality_Laptop_20-03-11]Found the element returning it ,element ->[[ChromeDriver: chrome on windows (6c264afaf05195094f91edece5bdd6a6)] -> xpath: (//div[@data-cy='title-recipe'])[5]]
20:04:27 [TestNG-test-Test-1] INFO  verifyingDisplayTypeFilterFunctionality_Laptop_20-03-11 - [verifyingDisplayTypeFilterFunctionality_Laptop_20-03-11] Successfully scrolled to element: By.xpath: (//div[@data-cy='title-recipe'])[5]
20:04:27 [TestNG-test-Test-1] INFO  verifyingDisplayTypeFilterFunctionality_Laptop_20-03-11 - [verifyingDisplayTypeFilterFunctionality_Laptop_20-03-11] Getting product by index in productNameListingPage loop
20:04:27 [TestNG-test-Test-1] INFO  verifyingDisplayTypeFilterFunctionality_Laptop_20-03-11 - [verifyingDisplayTypeFilterFunctionality_Laptop_20-03-11] Opened product in new tab via Ctrl+Click inside productNameListingPage loop
20:04:27 [TestNG-test-Test-1] INFO  verifyingDisplayTypeFilterFunctionality_Laptop_20-03-11 - [verifyingDisplayTypeFilterFunctionality_Laptop_20-03-11] Waiting for new window to open...
20:04:27 [TestNG-test-Test-1] INFO  verifyingDisplayTypeFilterFunctionality_Laptop_20-03-11 - [verifyingDisplayTypeFilterFunctionality_Laptop_20-03-11] Switched to new window -> B044B58BB84BF74B81B828C440651FA5
20:04:27 [TestNG-test-Test-1] INFO  verifyingDisplayTypeFilterFunctionality_Laptop_20-03-11 - [verifyingDisplayTypeFilterFunctionality_Laptop_20-03-11] Swithcing to the new window  within productNameListingPage loop
20:04:27 [TestNG-test-Test-1] INFO  verifyingDisplayTypeFilterFunctionality_Laptop_20-03-11 - [verifyingDisplayTypeFilterFunctionality_Laptop_20-03-11] Clicked product name to open in new tab from productNameListingPage loop
20:04:27 [TestNG-test-Test-1] INFO  verifyingDisplayTypeFilterFunctionality_Laptop_20-03-11 - [verifyingDisplayTypeFilterFunctionality_Laptop_20-03-11] Within safeFindElement method
20:04:30 [TestNG-test-Test-1] INFO  verifyingDisplayTypeFilterFunctionality_Laptop_20-03-11 - [verifyingDisplayTypeFilterFunctionality_Laptop_20-03-11]Found the element returning it ,element ->[[ChromeDriver: chrome on windows (6c264afaf05195094f91edece5bdd6a6)] -> xpath: //span[@id='productTitle']]
20:04:30 [TestNG-test-Test-1] INFO  verifyingDisplayTypeFilterFunctionality_Laptop_20-03-11 - [verifyingDisplayTypeFilterFunctionality_Laptop_20-03-11] Within safeFindElement method
20:04:31 [TestNG-test-Test-1] INFO  verifyingDisplayTypeFilterFunctionality_Laptop_20-03-11 - [verifyingDisplayTypeFilterFunctionality_Laptop_20-03-11]Found the element returning it ,element ->[[ChromeDriver: chrome on windows (6c264afaf05195094f91edece5bdd6a6)] -> xpath: //div[@class='a-section a-spacing-small a-spacing-top-small']]
20:04:31 [TestNG-test-Test-1] INFO  verifyingDisplayTypeFilterFunctionality_Laptop_20-03-11 - [verifyingDisplayTypeFilterFunctionality_Laptop_20-03-11] Within safeFindElement method
20:04:31 [TestNG-test-Test-1] INFO  verifyingDisplayTypeFilterFunctionality_Laptop_20-03-11 - [verifyingDisplayTypeFilterFunctionality_Laptop_20-03-11]Found the element returning it ,element ->[[ChromeDriver: chrome on windows (6c264afaf05195094f91edece5bdd6a6)] -> xpath: //div[@id='feature-bullets']]
20:04:31 [TestNG-test-Test-1] INFO  verifyingDisplayTypeFilterFunctionality_Laptop_20-03-11 - [verifyingDisplayTypeFilterFunctionality_Laptop_20-03-11] Within safeFindElement method
20:04:31 [TestNG-test-Test-1] INFO  verifyingDisplayTypeFilterFunctionality_Laptop_20-03-11 - [verifyingDisplayTypeFilterFunctionality_Laptop_20-03-11]Found the element returning it ,element ->[[ChromeDriver: chrome on windows (6c264afaf05195094f91edece5bdd6a6)] -> xpath: //div[@id='prodDetails']]
20:04:31 [TestNG-test-Test-1] INFO  verifyingDisplayTypeFilterFunctionality_Laptop_20-03-11 - [verifyingDisplayTypeFilterFunctionality_Laptop_20-03-11] Extracting 'name' , 'keyFeatures', 'about' , 'techDetails' within productNameListingPage loop
20:04:31 [TestNG-test-Test-1] INFO  verifyingDisplayTypeFilterFunctionality_Laptop_20-03-11 - [verifyingDisplayTypeFilterFunctionality_Laptop_20-03-11] Waiting until element is visible in viewport
20:04:41 [TestNG-test-Test-1] INFO  verifyingDisplayTypeFilterFunctionality_Laptop_20-03-11 - [verifyingDisplayTypeFilterFunctionality_Laptop_20-03-11] Within smoothScrollToElement method
20:04:41 [TestNG-test-Test-1] INFO  verifyingDisplayTypeFilterFunctionality_Laptop_20-03-11 - [verifyingDisplayTypeFilterFunctionality_Laptop_20-03-11] Within safeFindElement method
20:04:41 [TestNG-test-Test-1] INFO  verifyingDisplayTypeFilterFunctionality_Laptop_20-03-11 - [verifyingDisplayTypeFilterFunctionality_Laptop_20-03-11]Found the element returning it ,element ->[[ChromeDriver: chrome on windows (6c264afaf05195094f91edece5bdd6a6)] -> xpath: //a[@id='seeMoreDetailsLink']]
20:04:41 [TestNG-test-Test-1] INFO  verifyingDisplayTypeFilterFunctionality_Laptop_20-03-11 - [verifyingDisplayTypeFilterFunctionality_Laptop_20-03-11] Successfully scrolled to element: By.xpath: //a[@id='seeMoreDetailsLink']
20:04:41 [TestNG-test-Test-1] INFO  verifyingDisplayTypeFilterFunctionality_Laptop_20-03-11 - [verifyingDisplayTypeFilterFunctionality_Laptop_20-03-11] Within safeClick method
20:04:41 [TestNG-test-Test-1] INFO  verifyingDisplayTypeFilterFunctionality_Laptop_20-03-11 - [verifyingDisplayTypeFilterFunctionality_Laptop_20-03-11] Clicked the  [[ChromeDriver: chrome on windows (6c264afaf05195094f91edece5bdd6a6)] -> xpath: //a[@id='seeMoreDetailsLink']]   using safeClick
20:04:41 [TestNG-test-Test-1] INFO  verifyingDisplayTypeFilterFunctionality_Laptop_20-03-11 - [verifyingDisplayTypeFilterFunctionality_Laptop_20-03-11] Within try block for clicking see more deatils within productNameListingPage loop
20:04:41 [TestNG-test-Test-1] INFO  verifyingDisplayTypeFilterFunctionality_Laptop_20-03-11 - [verifyingDisplayTypeFilterFunctionality_Laptop_20-03-11] Within closeCurrentWindowAndSwitchBack method
20:04:41 [TestNG-test-Test-1] INFO  verifyingDisplayTypeFilterFunctionality_Laptop_20-03-11 - [verifyingDisplayTypeFilterFunctionality_Laptop_20-03-11] Total open windows/tabs count -> 2
20:04:41 [TestNG-test-Test-1] INFO  verifyingDisplayTypeFilterFunctionality_Laptop_20-03-11 - [verifyingDisplayTypeFilterFunctionality_Laptop_20-03-11] Original window handle -> 314D7369A7559D1F60EDBA893E955B9C
20:04:41 [TestNG-test-Test-1] INFO  verifyingDisplayTypeFilterFunctionality_Laptop_20-03-11 - [verifyingDisplayTypeFilterFunctionality_Laptop_20-03-11] Found new tab/window handle -> B044B58BB84BF74B81B828C440651FA5 (will be closed)
20:04:41 [TestNG-test-Test-1] INFO  verifyingDisplayTypeFilterFunctionality_Laptop_20-03-11 - [verifyingDisplayTypeFilterFunctionality_Laptop_20-03-11] Successfully switched to new tab/window -> B044B58BB84BF74B81B828C440651FA5
20:04:42 [TestNG-test-Test-1] INFO  verifyingDisplayTypeFilterFunctionality_Laptop_20-03-11 - [verifyingDisplayTypeFilterFunctionality_Laptop_20-03-11] Closed the newly opened tab/window -> B044B58BB84BF74B81B828C440651FA5
20:04:42 [TestNG-test-Test-1] INFO  verifyingDisplayTypeFilterFunctionality_Laptop_20-03-11 - [verifyingDisplayTypeFilterFunctionality_Laptop_20-03-11] Switched back to the original window -> 314D7369A7559D1F60EDBA893E955B9C
20:04:42 [TestNG-test-Test-1] INFO  verifyingDisplayTypeFilterFunctionality_Laptop_20-03-11 - [verifyingDisplayTypeFilterFunctionality_Laptop_20-03-11]  going back to product listing via closeCurrentWindowAndSwitchBack 
20:04:42 [TestNG-test-Test-1] INFO  verifyingDisplayTypeFilterFunctionality_Laptop_20-03-11 - [verifyingDisplayTypeFilterFunctionality_Laptop_20-03-11]  Added 'filter','title','keyFeatures', 'about', 'techDetails' into the Map -> productResult
20:04:42 [TestNG-test-Test-1] INFO  verifyingDisplayTypeFilterFunctionality_Laptop_20-03-11 - [verifyingDisplayTypeFilterFunctionality_Laptop_20-03-11]  Added 'productResult' Map into the 'results' i.e list of maps 
20:04:42 [TestNG-test-Test-1] INFO  verifyingDisplayTypeFilterFunctionality_Laptop_20-03-11 - [verifyingDisplayTypeFilterFunctionality_Laptop_20-03-11]==========================================================================================================
20:04:42 [TestNG-test-Test-1] INFO  verifyingDisplayTypeFilterFunctionality_Laptop_20-03-11 - [verifyingDisplayTypeFilterFunctionality_Laptop_20-03-11] Within safeFindElements 
20:04:42 [TestNG-test-Test-1] INFO  verifyingDisplayTypeFilterFunctionality_Laptop_20-03-11 - [verifyingDisplayTypeFilterFunctionality_Laptop_20-03-11] Returning the  [[[ChromeDriver: chrome on windows (6c264afaf05195094f91edece5bdd6a6)] -> xpath: //div[@data-cy='title-recipe']], [[ChromeDriver: chrome on windows (6c264afaf05195094f91edece5bdd6a6)] -> xpath: //div[@data-cy='title-recipe']], [[ChromeDriver: chrome on windows (6c264afaf05195094f91edece5bdd6a6)] -> xpath: //div[@data-cy='title-recipe']], [[ChromeDriver: chrome on windows (6c264afaf05195094f91edece5bdd6a6)] -> xpath: //div[@data-cy='title-recipe']], [[ChromeDriver: chrome on windows (6c264afaf05195094f91edece5bdd6a6)] -> xpath: //div[@data-cy='title-recipe']], [[ChromeDriver: chrome on windows (6c264afaf05195094f91edece5bdd6a6)] -> xpath: //div[@data-cy='title-recipe']], [[ChromeDriver: chrome on windows (6c264afaf05195094f91edece5bdd6a6)] -> xpath: //div[@data-cy='title-recipe']], [[ChromeDriver: chrome on windows (6c264afaf05195094f91edece5bdd6a6)] -> xpath: //div[@data-cy='title-recipe']], [[ChromeDriver: chrome on windows (6c264afaf05195094f91edece5bdd6a6)] -> xpath: //div[@data-cy='title-recipe']], [[ChromeDriver: chrome on windows (6c264afaf05195094f91edece5bdd6a6)] -> xpath: //div[@data-cy='title-recipe']], [[ChromeDriver: chrome on windows (6c264afaf05195094f91edece5bdd6a6)] -> xpath: //div[@data-cy='title-recipe']], [[ChromeDriver: chrome on windows (6c264afaf05195094f91edece5bdd6a6)] -> xpath: //div[@data-cy='title-recipe']], [[ChromeDriver: chrome on windows (6c264afaf05195094f91edece5bdd6a6)] -> xpath: //div[@data-cy='title-recipe']], [[ChromeDriver: chrome on windows (6c264afaf05195094f91edece5bdd6a6)] -> xpath: //div[@data-cy='title-recipe']], [[ChromeDriver: chrome on windows (6c264afaf05195094f91edece5bdd6a6)] -> xpath: //div[@data-cy='title-recipe']], [[ChromeDriver: chrome on windows (6c264afaf05195094f91edece5bdd6a6)] -> xpath: //div[@data-cy='title-recipe']]] from the safeFindElements method
20:04:42 [TestNG-test-Test-1] INFO  verifyingDisplayTypeFilterFunctionality_Laptop_20-03-11 - [verifyingDisplayTypeFilterFunctionality_Laptop_20-03-11] Within productNameListingPage loop in applyFilterAndValidateProductsWithResult
20:04:42 [TestNG-test-Test-1] INFO  verifyingDisplayTypeFilterFunctionality_Laptop_20-03-11 - [verifyingDisplayTypeFilterFunctionality_Laptop_20-03-11] Within getProductByIndex method
20:04:42 [TestNG-test-Test-1] INFO  verifyingDisplayTypeFilterFunctionality_Laptop_20-03-11 - [verifyingDisplayTypeFilterFunctionality_Laptop_20-03-11] Within safeFindElement method
20:04:42 [TestNG-test-Test-1] INFO  verifyingDisplayTypeFilterFunctionality_Laptop_20-03-11 - [verifyingDisplayTypeFilterFunctionality_Laptop_20-03-11]Found the element returning it ,element ->[[ChromeDriver: chrome on windows (6c264afaf05195094f91edece5bdd6a6)] -> xpath: (//div[@data-cy='title-recipe'])[6]]
20:04:42 [TestNG-test-Test-1] INFO  verifyingDisplayTypeFilterFunctionality_Laptop_20-03-11 - [verifyingDisplayTypeFilterFunctionality_Laptop_20-03-11] Within getProductByIndex method
20:04:42 [TestNG-test-Test-1] INFO  verifyingDisplayTypeFilterFunctionality_Laptop_20-03-11 - [verifyingDisplayTypeFilterFunctionality_Laptop_20-03-11] Within smoothScrollToElement method
20:04:42 [TestNG-test-Test-1] INFO  verifyingDisplayTypeFilterFunctionality_Laptop_20-03-11 - [verifyingDisplayTypeFilterFunctionality_Laptop_20-03-11] Within safeFindElement method
20:04:42 [TestNG-test-Test-1] INFO  verifyingDisplayTypeFilterFunctionality_Laptop_20-03-11 - [verifyingDisplayTypeFilterFunctionality_Laptop_20-03-11]Found the element returning it ,element ->[[ChromeDriver: chrome on windows (6c264afaf05195094f91edece5bdd6a6)] -> xpath: (//div[@data-cy='title-recipe'])[6]]
20:04:42 [TestNG-test-Test-1] INFO  verifyingDisplayTypeFilterFunctionality_Laptop_20-03-11 - [verifyingDisplayTypeFilterFunctionality_Laptop_20-03-11] Successfully scrolled to element: By.xpath: (//div[@data-cy='title-recipe'])[6]
20:04:42 [TestNG-test-Test-1] INFO  verifyingDisplayTypeFilterFunctionality_Laptop_20-03-11 - [verifyingDisplayTypeFilterFunctionality_Laptop_20-03-11] Getting product by index in productNameListingPage loop
20:04:42 [TestNG-test-Test-1] INFO  verifyingDisplayTypeFilterFunctionality_Laptop_20-03-11 - [verifyingDisplayTypeFilterFunctionality_Laptop_20-03-11] Opened product in new tab via Ctrl+Click inside productNameListingPage loop
20:04:42 [TestNG-test-Test-1] INFO  verifyingDisplayTypeFilterFunctionality_Laptop_20-03-11 - [verifyingDisplayTypeFilterFunctionality_Laptop_20-03-11] Waiting for new window to open...
20:04:42 [TestNG-test-Test-1] INFO  verifyingDisplayTypeFilterFunctionality_Laptop_20-03-11 - [verifyingDisplayTypeFilterFunctionality_Laptop_20-03-11] Switched to new window -> 168E7F7BCD0D4646F76F5EBB5F915C98
20:04:42 [TestNG-test-Test-1] INFO  verifyingDisplayTypeFilterFunctionality_Laptop_20-03-11 - [verifyingDisplayTypeFilterFunctionality_Laptop_20-03-11] Swithcing to the new window  within productNameListingPage loop
20:04:42 [TestNG-test-Test-1] INFO  verifyingDisplayTypeFilterFunctionality_Laptop_20-03-11 - [verifyingDisplayTypeFilterFunctionality_Laptop_20-03-11] Clicked product name to open in new tab from productNameListingPage loop
20:04:42 [TestNG-test-Test-1] INFO  verifyingDisplayTypeFilterFunctionality_Laptop_20-03-11 - [verifyingDisplayTypeFilterFunctionality_Laptop_20-03-11] Within safeFindElement method
20:04:46 [TestNG-test-Test-1] INFO  verifyingDisplayTypeFilterFunctionality_Laptop_20-03-11 - [verifyingDisplayTypeFilterFunctionality_Laptop_20-03-11]Found the element returning it ,element ->[[ChromeDriver: chrome on windows (6c264afaf05195094f91edece5bdd6a6)] -> xpath: //span[@id='productTitle']]
20:04:46 [TestNG-test-Test-1] INFO  verifyingDisplayTypeFilterFunctionality_Laptop_20-03-11 - [verifyingDisplayTypeFilterFunctionality_Laptop_20-03-11] Within safeFindElement method
20:04:46 [TestNG-test-Test-1] INFO  verifyingDisplayTypeFilterFunctionality_Laptop_20-03-11 - [verifyingDisplayTypeFilterFunctionality_Laptop_20-03-11]Found the element returning it ,element ->[[ChromeDriver: chrome on windows (6c264afaf05195094f91edece5bdd6a6)] -> xpath: //div[@class='a-section a-spacing-small a-spacing-top-small']]
20:04:46 [TestNG-test-Test-1] INFO  verifyingDisplayTypeFilterFunctionality_Laptop_20-03-11 - [verifyingDisplayTypeFilterFunctionality_Laptop_20-03-11] Within safeFindElement method
20:04:46 [TestNG-test-Test-1] INFO  verifyingDisplayTypeFilterFunctionality_Laptop_20-03-11 - [verifyingDisplayTypeFilterFunctionality_Laptop_20-03-11]Found the element returning it ,element ->[[ChromeDriver: chrome on windows (6c264afaf05195094f91edece5bdd6a6)] -> xpath: //div[@id='feature-bullets']]
20:04:46 [TestNG-test-Test-1] INFO  verifyingDisplayTypeFilterFunctionality_Laptop_20-03-11 - [verifyingDisplayTypeFilterFunctionality_Laptop_20-03-11] Within safeFindElement method
20:04:46 [TestNG-test-Test-1] INFO  verifyingDisplayTypeFilterFunctionality_Laptop_20-03-11 - [verifyingDisplayTypeFilterFunctionality_Laptop_20-03-11]Found the element returning it ,element ->[[ChromeDriver: chrome on windows (6c264afaf05195094f91edece5bdd6a6)] -> xpath: //div[@id='prodDetails']]
20:04:46 [TestNG-test-Test-1] INFO  verifyingDisplayTypeFilterFunctionality_Laptop_20-03-11 - [verifyingDisplayTypeFilterFunctionality_Laptop_20-03-11] Extracting 'name' , 'keyFeatures', 'about' , 'techDetails' within productNameListingPage loop
20:04:46 [TestNG-test-Test-1] INFO  verifyingDisplayTypeFilterFunctionality_Laptop_20-03-11 - [verifyingDisplayTypeFilterFunctionality_Laptop_20-03-11] Waiting until element is visible in viewport
20:04:56 [TestNG-test-Test-1] INFO  verifyingDisplayTypeFilterFunctionality_Laptop_20-03-11 - [verifyingDisplayTypeFilterFunctionality_Laptop_20-03-11] Within smoothScrollToElement method
20:04:56 [TestNG-test-Test-1] INFO  verifyingDisplayTypeFilterFunctionality_Laptop_20-03-11 - [verifyingDisplayTypeFilterFunctionality_Laptop_20-03-11] Within safeFindElement method
20:04:56 [TestNG-test-Test-1] INFO  verifyingDisplayTypeFilterFunctionality_Laptop_20-03-11 - [verifyingDisplayTypeFilterFunctionality_Laptop_20-03-11]Found the element returning it ,element ->[[ChromeDriver: chrome on windows (6c264afaf05195094f91edece5bdd6a6)] -> xpath: //a[@id='seeMoreDetailsLink']]
20:04:56 [TestNG-test-Test-1] INFO  verifyingDisplayTypeFilterFunctionality_Laptop_20-03-11 - [verifyingDisplayTypeFilterFunctionality_Laptop_20-03-11] Successfully scrolled to element: By.xpath: //a[@id='seeMoreDetailsLink']
20:04:56 [TestNG-test-Test-1] INFO  verifyingDisplayTypeFilterFunctionality_Laptop_20-03-11 - [verifyingDisplayTypeFilterFunctionality_Laptop_20-03-11] Within safeClick method
20:04:56 [TestNG-test-Test-1] INFO  verifyingDisplayTypeFilterFunctionality_Laptop_20-03-11 - [verifyingDisplayTypeFilterFunctionality_Laptop_20-03-11] Clicked the  [[ChromeDriver: chrome on windows (6c264afaf05195094f91edece5bdd6a6)] -> xpath: //a[@id='seeMoreDetailsLink']]   using safeClick
20:04:56 [TestNG-test-Test-1] INFO  verifyingDisplayTypeFilterFunctionality_Laptop_20-03-11 - [verifyingDisplayTypeFilterFunctionality_Laptop_20-03-11] Within try block for clicking see more deatils within productNameListingPage loop
20:04:56 [TestNG-test-Test-1] INFO  verifyingDisplayTypeFilterFunctionality_Laptop_20-03-11 - [verifyingDisplayTypeFilterFunctionality_Laptop_20-03-11] Within closeCurrentWindowAndSwitchBack method
20:04:56 [TestNG-test-Test-1] INFO  verifyingDisplayTypeFilterFunctionality_Laptop_20-03-11 - [verifyingDisplayTypeFilterFunctionality_Laptop_20-03-11] Total open windows/tabs count -> 2
20:04:56 [TestNG-test-Test-1] INFO  verifyingDisplayTypeFilterFunctionality_Laptop_20-03-11 - [verifyingDisplayTypeFilterFunctionality_Laptop_20-03-11] Original window handle -> 314D7369A7559D1F60EDBA893E955B9C
20:04:56 [TestNG-test-Test-1] INFO  verifyingDisplayTypeFilterFunctionality_Laptop_20-03-11 - [verifyingDisplayTypeFilterFunctionality_Laptop_20-03-11] Found new tab/window handle -> 168E7F7BCD0D4646F76F5EBB5F915C98 (will be closed)
20:04:56 [TestNG-test-Test-1] INFO  verifyingDisplayTypeFilterFunctionality_Laptop_20-03-11 - [verifyingDisplayTypeFilterFunctionality_Laptop_20-03-11] Successfully switched to new tab/window -> 168E7F7BCD0D4646F76F5EBB5F915C98
20:04:57 [TestNG-test-Test-1] INFO  verifyingDisplayTypeFilterFunctionality_Laptop_20-03-11 - [verifyingDisplayTypeFilterFunctionality_Laptop_20-03-11] Closed the newly opened tab/window -> 168E7F7BCD0D4646F76F5EBB5F915C98
20:04:57 [TestNG-test-Test-1] INFO  verifyingDisplayTypeFilterFunctionality_Laptop_20-03-11 - [verifyingDisplayTypeFilterFunctionality_Laptop_20-03-11] Switched back to the original window -> 314D7369A7559D1F60EDBA893E955B9C
20:04:57 [TestNG-test-Test-1] INFO  verifyingDisplayTypeFilterFunctionality_Laptop_20-03-11 - [verifyingDisplayTypeFilterFunctionality_Laptop_20-03-11]  going back to product listing via closeCurrentWindowAndSwitchBack 
20:04:57 [TestNG-test-Test-1] INFO  verifyingDisplayTypeFilterFunctionality_Laptop_20-03-11 - [verifyingDisplayTypeFilterFunctionality_Laptop_20-03-11]  Added 'filter','title','keyFeatures', 'about', 'techDetails' into the Map -> productResult
20:04:57 [TestNG-test-Test-1] INFO  verifyingDisplayTypeFilterFunctionality_Laptop_20-03-11 - [verifyingDisplayTypeFilterFunctionality_Laptop_20-03-11]  Added 'productResult' Map into the 'results' i.e list of maps 
20:04:57 [TestNG-test-Test-1] INFO  verifyingDisplayTypeFilterFunctionality_Laptop_20-03-11 - [verifyingDisplayTypeFilterFunctionality_Laptop_20-03-11]==========================================================================================================
20:04:57 [TestNG-test-Test-1] INFO  verifyingDisplayTypeFilterFunctionality_Laptop_20-03-11 - [verifyingDisplayTypeFilterFunctionality_Laptop_20-03-11] Within safeFindElements 
20:04:57 [TestNG-test-Test-1] INFO  verifyingDisplayTypeFilterFunctionality_Laptop_20-03-11 - [verifyingDisplayTypeFilterFunctionality_Laptop_20-03-11] Returning the  [[[ChromeDriver: chrome on windows (6c264afaf05195094f91edece5bdd6a6)] -> xpath: //div[@data-cy='title-recipe']], [[ChromeDriver: chrome on windows (6c264afaf05195094f91edece5bdd6a6)] -> xpath: //div[@data-cy='title-recipe']], [[ChromeDriver: chrome on windows (6c264afaf05195094f91edece5bdd6a6)] -> xpath: //div[@data-cy='title-recipe']], [[ChromeDriver: chrome on windows (6c264afaf05195094f91edece5bdd6a6)] -> xpath: //div[@data-cy='title-recipe']], [[ChromeDriver: chrome on windows (6c264afaf05195094f91edece5bdd6a6)] -> xpath: //div[@data-cy='title-recipe']], [[ChromeDriver: chrome on windows (6c264afaf05195094f91edece5bdd6a6)] -> xpath: //div[@data-cy='title-recipe']], [[ChromeDriver: chrome on windows (6c264afaf05195094f91edece5bdd6a6)] -> xpath: //div[@data-cy='title-recipe']], [[ChromeDriver: chrome on windows (6c264afaf05195094f91edece5bdd6a6)] -> xpath: //div[@data-cy='title-recipe']], [[ChromeDriver: chrome on windows (6c264afaf05195094f91edece5bdd6a6)] -> xpath: //div[@data-cy='title-recipe']], [[ChromeDriver: chrome on windows (6c264afaf05195094f91edece5bdd6a6)] -> xpath: //div[@data-cy='title-recipe']], [[ChromeDriver: chrome on windows (6c264afaf05195094f91edece5bdd6a6)] -> xpath: //div[@data-cy='title-recipe']], [[ChromeDriver: chrome on windows (6c264afaf05195094f91edece5bdd6a6)] -> xpath: //div[@data-cy='title-recipe']], [[ChromeDriver: chrome on windows (6c264afaf05195094f91edece5bdd6a6)] -> xpath: //div[@data-cy='title-recipe']], [[ChromeDriver: chrome on windows (6c264afaf05195094f91edece5bdd6a6)] -> xpath: //div[@data-cy='title-recipe']], [[ChromeDriver: chrome on windows (6c264afaf05195094f91edece5bdd6a6)] -> xpath: //div[@data-cy='title-recipe']], [[ChromeDriver: chrome on windows (6c264afaf05195094f91edece5bdd6a6)] -> xpath: //div[@data-cy='title-recipe']]] from the safeFindElements method
20:04:57 [TestNG-test-Test-1] INFO  verifyingDisplayTypeFilterFunctionality_Laptop_20-03-11 - [verifyingDisplayTypeFilterFunctionality_Laptop_20-03-11] Within productNameListingPage loop in applyFilterAndValidateProductsWithResult
20:04:57 [TestNG-test-Test-1] INFO  verifyingDisplayTypeFilterFunctionality_Laptop_20-03-11 - [verifyingDisplayTypeFilterFunctionality_Laptop_20-03-11] Within getProductByIndex method
20:04:57 [TestNG-test-Test-1] INFO  verifyingDisplayTypeFilterFunctionality_Laptop_20-03-11 - [verifyingDisplayTypeFilterFunctionality_Laptop_20-03-11] Within safeFindElement method
20:04:57 [TestNG-test-Test-1] INFO  verifyingDisplayTypeFilterFunctionality_Laptop_20-03-11 - [verifyingDisplayTypeFilterFunctionality_Laptop_20-03-11]Found the element returning it ,element ->[[ChromeDriver: chrome on windows (6c264afaf05195094f91edece5bdd6a6)] -> xpath: (//div[@data-cy='title-recipe'])[7]]
20:04:57 [TestNG-test-Test-1] INFO  verifyingDisplayTypeFilterFunctionality_Laptop_20-03-11 - [verifyingDisplayTypeFilterFunctionality_Laptop_20-03-11] Within getProductByIndex method
20:04:57 [TestNG-test-Test-1] INFO  verifyingDisplayTypeFilterFunctionality_Laptop_20-03-11 - [verifyingDisplayTypeFilterFunctionality_Laptop_20-03-11] Within smoothScrollToElement method
20:04:57 [TestNG-test-Test-1] INFO  verifyingDisplayTypeFilterFunctionality_Laptop_20-03-11 - [verifyingDisplayTypeFilterFunctionality_Laptop_20-03-11] Within safeFindElement method
20:04:57 [TestNG-test-Test-1] INFO  verifyingDisplayTypeFilterFunctionality_Laptop_20-03-11 - [verifyingDisplayTypeFilterFunctionality_Laptop_20-03-11]Found the element returning it ,element ->[[ChromeDriver: chrome on windows (6c264afaf05195094f91edece5bdd6a6)] -> xpath: (//div[@data-cy='title-recipe'])[7]]
20:04:57 [TestNG-test-Test-1] INFO  verifyingDisplayTypeFilterFunctionality_Laptop_20-03-11 - [verifyingDisplayTypeFilterFunctionality_Laptop_20-03-11] Successfully scrolled to element: By.xpath: (//div[@data-cy='title-recipe'])[7]
20:04:57 [TestNG-test-Test-1] INFO  verifyingDisplayTypeFilterFunctionality_Laptop_20-03-11 - [verifyingDisplayTypeFilterFunctionality_Laptop_20-03-11] Getting product by index in productNameListingPage loop
20:04:57 [TestNG-test-Test-1] INFO  verifyingDisplayTypeFilterFunctionality_Laptop_20-03-11 - [verifyingDisplayTypeFilterFunctionality_Laptop_20-03-11] Opened product in new tab via Ctrl+Click inside productNameListingPage loop
20:04:57 [TestNG-test-Test-1] INFO  verifyingDisplayTypeFilterFunctionality_Laptop_20-03-11 - [verifyingDisplayTypeFilterFunctionality_Laptop_20-03-11] Waiting for new window to open...
20:04:57 [TestNG-test-Test-1] INFO  verifyingDisplayTypeFilterFunctionality_Laptop_20-03-11 - [verifyingDisplayTypeFilterFunctionality_Laptop_20-03-11] Switched to new window -> E0555E845F3278CC3C95EB0F3F765EB8
20:04:57 [TestNG-test-Test-1] INFO  verifyingDisplayTypeFilterFunctionality_Laptop_20-03-11 - [verifyingDisplayTypeFilterFunctionality_Laptop_20-03-11] Swithcing to the new window  within productNameListingPage loop
20:04:57 [TestNG-test-Test-1] INFO  verifyingDisplayTypeFilterFunctionality_Laptop_20-03-11 - [verifyingDisplayTypeFilterFunctionality_Laptop_20-03-11] Clicked product name to open in new tab from productNameListingPage loop
20:04:57 [TestNG-test-Test-1] INFO  verifyingDisplayTypeFilterFunctionality_Laptop_20-03-11 - [verifyingDisplayTypeFilterFunctionality_Laptop_20-03-11] Within safeFindElement method
20:05:00 [TestNG-test-Test-1] INFO  verifyingDisplayTypeFilterFunctionality_Laptop_20-03-11 - [verifyingDisplayTypeFilterFunctionality_Laptop_20-03-11]Found the element returning it ,element ->[[ChromeDriver: chrome on windows (6c264afaf05195094f91edece5bdd6a6)] -> xpath: //span[@id='productTitle']]
20:05:00 [TestNG-test-Test-1] INFO  verifyingDisplayTypeFilterFunctionality_Laptop_20-03-11 - [verifyingDisplayTypeFilterFunctionality_Laptop_20-03-11] Within safeFindElement method
20:05:00 [TestNG-test-Test-1] INFO  verifyingDisplayTypeFilterFunctionality_Laptop_20-03-11 - [verifyingDisplayTypeFilterFunctionality_Laptop_20-03-11]Found the element returning it ,element ->[[ChromeDriver: chrome on windows (6c264afaf05195094f91edece5bdd6a6)] -> xpath: //div[@class='a-section a-spacing-small a-spacing-top-small']]
20:05:01 [TestNG-test-Test-1] INFO  verifyingDisplayTypeFilterFunctionality_Laptop_20-03-11 - [verifyingDisplayTypeFilterFunctionality_Laptop_20-03-11] Within safeFindElement method
20:05:01 [TestNG-test-Test-1] INFO  verifyingDisplayTypeFilterFunctionality_Laptop_20-03-11 - [verifyingDisplayTypeFilterFunctionality_Laptop_20-03-11]Found the element returning it ,element ->[[ChromeDriver: chrome on windows (6c264afaf05195094f91edece5bdd6a6)] -> xpath: //div[@id='feature-bullets']]
20:05:01 [TestNG-test-Test-1] INFO  verifyingDisplayTypeFilterFunctionality_Laptop_20-03-11 - [verifyingDisplayTypeFilterFunctionality_Laptop_20-03-11] Within safeFindElement method
20:05:01 [TestNG-test-Test-1] INFO  verifyingDisplayTypeFilterFunctionality_Laptop_20-03-11 - [verifyingDisplayTypeFilterFunctionality_Laptop_20-03-11]Found the element returning it ,element ->[[ChromeDriver: chrome on windows (6c264afaf05195094f91edece5bdd6a6)] -> xpath: //div[@id='prodDetails']]
20:05:01 [TestNG-test-Test-1] INFO  verifyingDisplayTypeFilterFunctionality_Laptop_20-03-11 - [verifyingDisplayTypeFilterFunctionality_Laptop_20-03-11] Extracting 'name' , 'keyFeatures', 'about' , 'techDetails' within productNameListingPage loop
20:05:01 [TestNG-test-Test-1] INFO  verifyingDisplayTypeFilterFunctionality_Laptop_20-03-11 - [verifyingDisplayTypeFilterFunctionality_Laptop_20-03-11] Waiting until element is visible in viewport
20:05:11 [TestNG-test-Test-1] INFO  verifyingDisplayTypeFilterFunctionality_Laptop_20-03-11 - [verifyingDisplayTypeFilterFunctionality_Laptop_20-03-11] Within smoothScrollToElement method
20:05:11 [TestNG-test-Test-1] INFO  verifyingDisplayTypeFilterFunctionality_Laptop_20-03-11 - [verifyingDisplayTypeFilterFunctionality_Laptop_20-03-11] Within safeFindElement method
20:05:11 [TestNG-test-Test-1] INFO  verifyingDisplayTypeFilterFunctionality_Laptop_20-03-11 - [verifyingDisplayTypeFilterFunctionality_Laptop_20-03-11]Found the element returning it ,element ->[[ChromeDriver: chrome on windows (6c264afaf05195094f91edece5bdd6a6)] -> xpath: //a[@id='seeMoreDetailsLink']]
20:05:11 [TestNG-test-Test-1] INFO  verifyingDisplayTypeFilterFunctionality_Laptop_20-03-11 - [verifyingDisplayTypeFilterFunctionality_Laptop_20-03-11] Successfully scrolled to element: By.xpath: //a[@id='seeMoreDetailsLink']
20:05:11 [TestNG-test-Test-1] INFO  verifyingDisplayTypeFilterFunctionality_Laptop_20-03-11 - [verifyingDisplayTypeFilterFunctionality_Laptop_20-03-11] Within safeClick method
20:05:11 [TestNG-test-Test-1] INFO  verifyingDisplayTypeFilterFunctionality_Laptop_20-03-11 - [verifyingDisplayTypeFilterFunctionality_Laptop_20-03-11] Clicked the  [[ChromeDriver: chrome on windows (6c264afaf05195094f91edece5bdd6a6)] -> xpath: //a[@id='seeMoreDetailsLink']]   using safeClick
20:05:11 [TestNG-test-Test-1] INFO  verifyingDisplayTypeFilterFunctionality_Laptop_20-03-11 - [verifyingDisplayTypeFilterFunctionality_Laptop_20-03-11] Within try block for clicking see more deatils within productNameListingPage loop
20:05:11 [TestNG-test-Test-1] INFO  verifyingDisplayTypeFilterFunctionality_Laptop_20-03-11 - [verifyingDisplayTypeFilterFunctionality_Laptop_20-03-11] Within closeCurrentWindowAndSwitchBack method
20:05:11 [TestNG-test-Test-1] INFO  verifyingDisplayTypeFilterFunctionality_Laptop_20-03-11 - [verifyingDisplayTypeFilterFunctionality_Laptop_20-03-11] Total open windows/tabs count -> 2
20:05:11 [TestNG-test-Test-1] INFO  verifyingDisplayTypeFilterFunctionality_Laptop_20-03-11 - [verifyingDisplayTypeFilterFunctionality_Laptop_20-03-11] Original window handle -> 314D7369A7559D1F60EDBA893E955B9C
20:05:11 [TestNG-test-Test-1] INFO  verifyingDisplayTypeFilterFunctionality_Laptop_20-03-11 - [verifyingDisplayTypeFilterFunctionality_Laptop_20-03-11] Found new tab/window handle -> E0555E845F3278CC3C95EB0F3F765EB8 (will be closed)
20:05:11 [TestNG-test-Test-1] INFO  verifyingDisplayTypeFilterFunctionality_Laptop_20-03-11 - [verifyingDisplayTypeFilterFunctionality_Laptop_20-03-11] Successfully switched to new tab/window -> E0555E845F3278CC3C95EB0F3F765EB8
20:05:11 [TestNG-test-Test-1] INFO  verifyingDisplayTypeFilterFunctionality_Laptop_20-03-11 - [verifyingDisplayTypeFilterFunctionality_Laptop_20-03-11] Closed the newly opened tab/window -> E0555E845F3278CC3C95EB0F3F765EB8
20:05:11 [TestNG-test-Test-1] INFO  verifyingDisplayTypeFilterFunctionality_Laptop_20-03-11 - [verifyingDisplayTypeFilterFunctionality_Laptop_20-03-11] Switched back to the original window -> 314D7369A7559D1F60EDBA893E955B9C
20:05:11 [TestNG-test-Test-1] INFO  verifyingDisplayTypeFilterFunctionality_Laptop_20-03-11 - [verifyingDisplayTypeFilterFunctionality_Laptop_20-03-11]  going back to product listing via closeCurrentWindowAndSwitchBack 
20:05:11 [TestNG-test-Test-1] INFO  verifyingDisplayTypeFilterFunctionality_Laptop_20-03-11 - [verifyingDisplayTypeFilterFunctionality_Laptop_20-03-11]  Added 'filter','title','keyFeatures', 'about', 'techDetails' into the Map -> productResult
20:05:11 [TestNG-test-Test-1] INFO  verifyingDisplayTypeFilterFunctionality_Laptop_20-03-11 - [verifyingDisplayTypeFilterFunctionality_Laptop_20-03-11]  Added 'productResult' Map into the 'results' i.e list of maps 
20:05:11 [TestNG-test-Test-1] INFO  verifyingDisplayTypeFilterFunctionality_Laptop_20-03-11 - [verifyingDisplayTypeFilterFunctionality_Laptop_20-03-11]==========================================================================================================
20:05:11 [TestNG-test-Test-1] INFO  verifyingDisplayTypeFilterFunctionality_Laptop_20-03-11 - [verifyingDisplayTypeFilterFunctionality_Laptop_20-03-11] Within safeFindElements 
20:05:11 [TestNG-test-Test-1] INFO  verifyingDisplayTypeFilterFunctionality_Laptop_20-03-11 - [verifyingDisplayTypeFilterFunctionality_Laptop_20-03-11] Returning the  [[[ChromeDriver: chrome on windows (6c264afaf05195094f91edece5bdd6a6)] -> xpath: //div[@data-cy='title-recipe']], [[ChromeDriver: chrome on windows (6c264afaf05195094f91edece5bdd6a6)] -> xpath: //div[@data-cy='title-recipe']], [[ChromeDriver: chrome on windows (6c264afaf05195094f91edece5bdd6a6)] -> xpath: //div[@data-cy='title-recipe']], [[ChromeDriver: chrome on windows (6c264afaf05195094f91edece5bdd6a6)] -> xpath: //div[@data-cy='title-recipe']], [[ChromeDriver: chrome on windows (6c264afaf05195094f91edece5bdd6a6)] -> xpath: //div[@data-cy='title-recipe']], [[ChromeDriver: chrome on windows (6c264afaf05195094f91edece5bdd6a6)] -> xpath: //div[@data-cy='title-recipe']], [[ChromeDriver: chrome on windows (6c264afaf05195094f91edece5bdd6a6)] -> xpath: //div[@data-cy='title-recipe']], [[ChromeDriver: chrome on windows (6c264afaf05195094f91edece5bdd6a6)] -> xpath: //div[@data-cy='title-recipe']], [[ChromeDriver: chrome on windows (6c264afaf05195094f91edece5bdd6a6)] -> xpath: //div[@data-cy='title-recipe']], [[ChromeDriver: chrome on windows (6c264afaf05195094f91edece5bdd6a6)] -> xpath: //div[@data-cy='title-recipe']], [[ChromeDriver: chrome on windows (6c264afaf05195094f91edece5bdd6a6)] -> xpath: //div[@data-cy='title-recipe']], [[ChromeDriver: chrome on windows (6c264afaf05195094f91edece5bdd6a6)] -> xpath: //div[@data-cy='title-recipe']], [[ChromeDriver: chrome on windows (6c264afaf05195094f91edece5bdd6a6)] -> xpath: //div[@data-cy='title-recipe']], [[ChromeDriver: chrome on windows (6c264afaf05195094f91edece5bdd6a6)] -> xpath: //div[@data-cy='title-recipe']], [[ChromeDriver: chrome on windows (6c264afaf05195094f91edece5bdd6a6)] -> xpath: //div[@data-cy='title-recipe']], [[ChromeDriver: chrome on windows (6c264afaf05195094f91edece5bdd6a6)] -> xpath: //div[@data-cy='title-recipe']]] from the safeFindElements method
20:05:11 [TestNG-test-Test-1] INFO  verifyingDisplayTypeFilterFunctionality_Laptop_20-03-11 - [verifyingDisplayTypeFilterFunctionality_Laptop_20-03-11] Within productNameListingPage loop in applyFilterAndValidateProductsWithResult
20:05:12 [TestNG-test-Test-1] INFO  verifyingDisplayTypeFilterFunctionality_Laptop_20-03-11 - [verifyingDisplayTypeFilterFunctionality_Laptop_20-03-11] Within getProductByIndex method
20:05:12 [TestNG-test-Test-1] INFO  verifyingDisplayTypeFilterFunctionality_Laptop_20-03-11 - [verifyingDisplayTypeFilterFunctionality_Laptop_20-03-11] Within safeFindElement method
20:05:12 [TestNG-test-Test-1] INFO  verifyingDisplayTypeFilterFunctionality_Laptop_20-03-11 - [verifyingDisplayTypeFilterFunctionality_Laptop_20-03-11]Found the element returning it ,element ->[[ChromeDriver: chrome on windows (6c264afaf05195094f91edece5bdd6a6)] -> xpath: (//div[@data-cy='title-recipe'])[8]]
20:05:12 [TestNG-test-Test-1] INFO  verifyingDisplayTypeFilterFunctionality_Laptop_20-03-11 - [verifyingDisplayTypeFilterFunctionality_Laptop_20-03-11] Within getProductByIndex method
20:05:12 [TestNG-test-Test-1] INFO  verifyingDisplayTypeFilterFunctionality_Laptop_20-03-11 - [verifyingDisplayTypeFilterFunctionality_Laptop_20-03-11] Within smoothScrollToElement method
20:05:12 [TestNG-test-Test-1] INFO  verifyingDisplayTypeFilterFunctionality_Laptop_20-03-11 - [verifyingDisplayTypeFilterFunctionality_Laptop_20-03-11] Within safeFindElement method
20:05:12 [TestNG-test-Test-1] INFO  verifyingDisplayTypeFilterFunctionality_Laptop_20-03-11 - [verifyingDisplayTypeFilterFunctionality_Laptop_20-03-11]Found the element returning it ,element ->[[ChromeDriver: chrome on windows (6c264afaf05195094f91edece5bdd6a6)] -> xpath: (//div[@data-cy='title-recipe'])[8]]
20:05:12 [TestNG-test-Test-1] INFO  verifyingDisplayTypeFilterFunctionality_Laptop_20-03-11 - [verifyingDisplayTypeFilterFunctionality_Laptop_20-03-11] Successfully scrolled to element: By.xpath: (//div[@data-cy='title-recipe'])[8]
20:05:12 [TestNG-test-Test-1] INFO  verifyingDisplayTypeFilterFunctionality_Laptop_20-03-11 - [verifyingDisplayTypeFilterFunctionality_Laptop_20-03-11] Getting product by index in productNameListingPage loop
20:05:12 [TestNG-test-Test-1] INFO  verifyingDisplayTypeFilterFunctionality_Laptop_20-03-11 - [verifyingDisplayTypeFilterFunctionality_Laptop_20-03-11] Opened product in new tab via Ctrl+Click inside productNameListingPage loop
20:05:12 [TestNG-test-Test-1] INFO  verifyingDisplayTypeFilterFunctionality_Laptop_20-03-11 - [verifyingDisplayTypeFilterFunctionality_Laptop_20-03-11] Waiting for new window to open...
20:05:12 [TestNG-test-Test-1] INFO  verifyingDisplayTypeFilterFunctionality_Laptop_20-03-11 - [verifyingDisplayTypeFilterFunctionality_Laptop_20-03-11] Switched to new window -> 52DB7E874A3611334F117B88783E83A7
20:05:12 [TestNG-test-Test-1] INFO  verifyingDisplayTypeFilterFunctionality_Laptop_20-03-11 - [verifyingDisplayTypeFilterFunctionality_Laptop_20-03-11] Swithcing to the new window  within productNameListingPage loop
20:05:12 [TestNG-test-Test-1] INFO  verifyingDisplayTypeFilterFunctionality_Laptop_20-03-11 - [verifyingDisplayTypeFilterFunctionality_Laptop_20-03-11] Clicked product name to open in new tab from productNameListingPage loop
20:05:12 [TestNG-test-Test-1] INFO  verifyingDisplayTypeFilterFunctionality_Laptop_20-03-11 - [verifyingDisplayTypeFilterFunctionality_Laptop_20-03-11] Within safeFindElement method
20:05:15 [TestNG-test-Test-1] INFO  verifyingDisplayTypeFilterFunctionality_Laptop_20-03-11 - [verifyingDisplayTypeFilterFunctionality_Laptop_20-03-11]Found the element returning it ,element ->[[ChromeDriver: chrome on windows (6c264afaf05195094f91edece5bdd6a6)] -> xpath: //span[@id='productTitle']]
20:05:15 [TestNG-test-Test-1] INFO  verifyingDisplayTypeFilterFunctionality_Laptop_20-03-11 - [verifyingDisplayTypeFilterFunctionality_Laptop_20-03-11] Within safeFindElement method
20:05:15 [TestNG-test-Test-1] INFO  verifyingDisplayTypeFilterFunctionality_Laptop_20-03-11 - [verifyingDisplayTypeFilterFunctionality_Laptop_20-03-11]Found the element returning it ,element ->[[ChromeDriver: chrome on windows (6c264afaf05195094f91edece5bdd6a6)] -> xpath: //div[@class='a-section a-spacing-small a-spacing-top-small']]
20:05:15 [TestNG-test-Test-1] INFO  verifyingDisplayTypeFilterFunctionality_Laptop_20-03-11 - [verifyingDisplayTypeFilterFunctionality_Laptop_20-03-11] Within safeFindElement method
20:05:16 [TestNG-test-Test-1] INFO  verifyingDisplayTypeFilterFunctionality_Laptop_20-03-11 - [verifyingDisplayTypeFilterFunctionality_Laptop_20-03-11]Found the element returning it ,element ->[[ChromeDriver: chrome on windows (6c264afaf05195094f91edece5bdd6a6)] -> xpath: //div[@id='feature-bullets']]
20:05:16 [TestNG-test-Test-1] INFO  verifyingDisplayTypeFilterFunctionality_Laptop_20-03-11 - [verifyingDisplayTypeFilterFunctionality_Laptop_20-03-11] Within safeFindElement method
20:05:16 [TestNG-test-Test-1] INFO  verifyingDisplayTypeFilterFunctionality_Laptop_20-03-11 - [verifyingDisplayTypeFilterFunctionality_Laptop_20-03-11]Found the element returning it ,element ->[[ChromeDriver: chrome on windows (6c264afaf05195094f91edece5bdd6a6)] -> xpath: //div[@id='prodDetails']]
20:05:16 [TestNG-test-Test-1] INFO  verifyingDisplayTypeFilterFunctionality_Laptop_20-03-11 - [verifyingDisplayTypeFilterFunctionality_Laptop_20-03-11] Extracting 'name' , 'keyFeatures', 'about' , 'techDetails' within productNameListingPage loop
20:05:16 [TestNG-test-Test-1] INFO  verifyingDisplayTypeFilterFunctionality_Laptop_20-03-11 - [verifyingDisplayTypeFilterFunctionality_Laptop_20-03-11] Waiting until element is visible in viewport
20:05:26 [TestNG-test-Test-1] INFO  verifyingDisplayTypeFilterFunctionality_Laptop_20-03-11 - [verifyingDisplayTypeFilterFunctionality_Laptop_20-03-11] Within smoothScrollToElement method
20:05:26 [TestNG-test-Test-1] INFO  verifyingDisplayTypeFilterFunctionality_Laptop_20-03-11 - [verifyingDisplayTypeFilterFunctionality_Laptop_20-03-11] Within safeFindElement method
20:05:26 [TestNG-test-Test-1] INFO  verifyingDisplayTypeFilterFunctionality_Laptop_20-03-11 - [verifyingDisplayTypeFilterFunctionality_Laptop_20-03-11]Found the element returning it ,element ->[[ChromeDriver: chrome on windows (6c264afaf05195094f91edece5bdd6a6)] -> xpath: //a[@id='seeMoreDetailsLink']]
20:05:26 [TestNG-test-Test-1] INFO  verifyingDisplayTypeFilterFunctionality_Laptop_20-03-11 - [verifyingDisplayTypeFilterFunctionality_Laptop_20-03-11] Successfully scrolled to element: By.xpath: //a[@id='seeMoreDetailsLink']
20:05:26 [TestNG-test-Test-1] INFO  verifyingDisplayTypeFilterFunctionality_Laptop_20-03-11 - [verifyingDisplayTypeFilterFunctionality_Laptop_20-03-11] Within safeClick method
20:05:26 [TestNG-test-Test-1] INFO  verifyingDisplayTypeFilterFunctionality_Laptop_20-03-11 - [verifyingDisplayTypeFilterFunctionality_Laptop_20-03-11] Clicked the  [[ChromeDriver: chrome on windows (6c264afaf05195094f91edece5bdd6a6)] -> xpath: //a[@id='seeMoreDetailsLink']]   using safeClick
20:05:26 [TestNG-test-Test-1] INFO  verifyingDisplayTypeFilterFunctionality_Laptop_20-03-11 - [verifyingDisplayTypeFilterFunctionality_Laptop_20-03-11] Within try block for clicking see more deatils within productNameListingPage loop
20:05:26 [TestNG-test-Test-1] INFO  verifyingDisplayTypeFilterFunctionality_Laptop_20-03-11 - [verifyingDisplayTypeFilterFunctionality_Laptop_20-03-11] Within closeCurrentWindowAndSwitchBack method
20:05:26 [TestNG-test-Test-1] INFO  verifyingDisplayTypeFilterFunctionality_Laptop_20-03-11 - [verifyingDisplayTypeFilterFunctionality_Laptop_20-03-11] Total open windows/tabs count -> 2
20:05:26 [TestNG-test-Test-1] INFO  verifyingDisplayTypeFilterFunctionality_Laptop_20-03-11 - [verifyingDisplayTypeFilterFunctionality_Laptop_20-03-11] Original window handle -> 314D7369A7559D1F60EDBA893E955B9C
20:05:26 [TestNG-test-Test-1] INFO  verifyingDisplayTypeFilterFunctionality_Laptop_20-03-11 - [verifyingDisplayTypeFilterFunctionality_Laptop_20-03-11] Found new tab/window handle -> 52DB7E874A3611334F117B88783E83A7 (will be closed)
20:05:26 [TestNG-test-Test-1] INFO  verifyingDisplayTypeFilterFunctionality_Laptop_20-03-11 - [verifyingDisplayTypeFilterFunctionality_Laptop_20-03-11] Successfully switched to new tab/window -> 52DB7E874A3611334F117B88783E83A7
20:05:26 [TestNG-test-Test-1] INFO  verifyingDisplayTypeFilterFunctionality_Laptop_20-03-11 - [verifyingDisplayTypeFilterFunctionality_Laptop_20-03-11] Closed the newly opened tab/window -> 52DB7E874A3611334F117B88783E83A7
20:05:26 [TestNG-test-Test-1] INFO  verifyingDisplayTypeFilterFunctionality_Laptop_20-03-11 - [verifyingDisplayTypeFilterFunctionality_Laptop_20-03-11] Switched back to the original window -> 314D7369A7559D1F60EDBA893E955B9C
20:05:26 [TestNG-test-Test-1] INFO  verifyingDisplayTypeFilterFunctionality_Laptop_20-03-11 - [verifyingDisplayTypeFilterFunctionality_Laptop_20-03-11]  going back to product listing via closeCurrentWindowAndSwitchBack 
20:05:26 [TestNG-test-Test-1] INFO  verifyingDisplayTypeFilterFunctionality_Laptop_20-03-11 - [verifyingDisplayTypeFilterFunctionality_Laptop_20-03-11]  Added 'filter','title','keyFeatures', 'about', 'techDetails' into the Map -> productResult
20:05:26 [TestNG-test-Test-1] INFO  verifyingDisplayTypeFilterFunctionality_Laptop_20-03-11 - [verifyingDisplayTypeFilterFunctionality_Laptop_20-03-11]  Added 'productResult' Map into the 'results' i.e list of maps 
20:05:26 [TestNG-test-Test-1] INFO  verifyingDisplayTypeFilterFunctionality_Laptop_20-03-11 - [verifyingDisplayTypeFilterFunctionality_Laptop_20-03-11]==========================================================================================================
20:05:26 [TestNG-test-Test-1] INFO  verifyingDisplayTypeFilterFunctionality_Laptop_20-03-11 - [verifyingDisplayTypeFilterFunctionality_Laptop_20-03-11] Within safeFindElements 
20:05:26 [TestNG-test-Test-1] INFO  verifyingDisplayTypeFilterFunctionality_Laptop_20-03-11 - [verifyingDisplayTypeFilterFunctionality_Laptop_20-03-11] Returning the  [[[ChromeDriver: chrome on windows (6c264afaf05195094f91edece5bdd6a6)] -> xpath: //div[@data-cy='title-recipe']], [[ChromeDriver: chrome on windows (6c264afaf05195094f91edece5bdd6a6)] -> xpath: //div[@data-cy='title-recipe']], [[ChromeDriver: chrome on windows (6c264afaf05195094f91edece5bdd6a6)] -> xpath: //div[@data-cy='title-recipe']], [[ChromeDriver: chrome on windows (6c264afaf05195094f91edece5bdd6a6)] -> xpath: //div[@data-cy='title-recipe']], [[ChromeDriver: chrome on windows (6c264afaf05195094f91edece5bdd6a6)] -> xpath: //div[@data-cy='title-recipe']], [[ChromeDriver: chrome on windows (6c264afaf05195094f91edece5bdd6a6)] -> xpath: //div[@data-cy='title-recipe']], [[ChromeDriver: chrome on windows (6c264afaf05195094f91edece5bdd6a6)] -> xpath: //div[@data-cy='title-recipe']], [[ChromeDriver: chrome on windows (6c264afaf05195094f91edece5bdd6a6)] -> xpath: //div[@data-cy='title-recipe']], [[ChromeDriver: chrome on windows (6c264afaf05195094f91edece5bdd6a6)] -> xpath: //div[@data-cy='title-recipe']], [[ChromeDriver: chrome on windows (6c264afaf05195094f91edece5bdd6a6)] -> xpath: //div[@data-cy='title-recipe']], [[ChromeDriver: chrome on windows (6c264afaf05195094f91edece5bdd6a6)] -> xpath: //div[@data-cy='title-recipe']], [[ChromeDriver: chrome on windows (6c264afaf05195094f91edece5bdd6a6)] -> xpath: //div[@data-cy='title-recipe']], [[ChromeDriver: chrome on windows (6c264afaf05195094f91edece5bdd6a6)] -> xpath: //div[@data-cy='title-recipe']], [[ChromeDriver: chrome on windows (6c264afaf05195094f91edece5bdd6a6)] -> xpath: //div[@data-cy='title-recipe']], [[ChromeDriver: chrome on windows (6c264afaf05195094f91edece5bdd6a6)] -> xpath: //div[@data-cy='title-recipe']], [[ChromeDriver: chrome on windows (6c264afaf05195094f91edece5bdd6a6)] -> xpath: //div[@data-cy='title-recipe']]] from the safeFindElements method
20:05:26 [TestNG-test-Test-1] INFO  verifyingDisplayTypeFilterFunctionality_Laptop_20-03-11 - [verifyingDisplayTypeFilterFunctionality_Laptop_20-03-11] Within productNameListingPage loop in applyFilterAndValidateProductsWithResult
20:05:26 [TestNG-test-Test-1] INFO  verifyingDisplayTypeFilterFunctionality_Laptop_20-03-11 - [verifyingDisplayTypeFilterFunctionality_Laptop_20-03-11] Within getProductByIndex method
20:05:26 [TestNG-test-Test-1] INFO  verifyingDisplayTypeFilterFunctionality_Laptop_20-03-11 - [verifyingDisplayTypeFilterFunctionality_Laptop_20-03-11] Within safeFindElement method
20:05:26 [TestNG-test-Test-1] INFO  verifyingDisplayTypeFilterFunctionality_Laptop_20-03-11 - [verifyingDisplayTypeFilterFunctionality_Laptop_20-03-11]Found the element returning it ,element ->[[ChromeDriver: chrome on windows (6c264afaf05195094f91edece5bdd6a6)] -> xpath: (//div[@data-cy='title-recipe'])[9]]
20:05:26 [TestNG-test-Test-1] INFO  verifyingDisplayTypeFilterFunctionality_Laptop_20-03-11 - [verifyingDisplayTypeFilterFunctionality_Laptop_20-03-11] Within getProductByIndex method
20:05:26 [TestNG-test-Test-1] INFO  verifyingDisplayTypeFilterFunctionality_Laptop_20-03-11 - [verifyingDisplayTypeFilterFunctionality_Laptop_20-03-11] Within smoothScrollToElement method
20:05:26 [TestNG-test-Test-1] INFO  verifyingDisplayTypeFilterFunctionality_Laptop_20-03-11 - [verifyingDisplayTypeFilterFunctionality_Laptop_20-03-11] Within safeFindElement method
20:05:26 [TestNG-test-Test-1] INFO  verifyingDisplayTypeFilterFunctionality_Laptop_20-03-11 - [verifyingDisplayTypeFilterFunctionality_Laptop_20-03-11]Found the element returning it ,element ->[[ChromeDriver: chrome on windows (6c264afaf05195094f91edece5bdd6a6)] -> xpath: (//div[@data-cy='title-recipe'])[9]]
20:05:26 [TestNG-test-Test-1] INFO  verifyingDisplayTypeFilterFunctionality_Laptop_20-03-11 - [verifyingDisplayTypeFilterFunctionality_Laptop_20-03-11] Successfully scrolled to element: By.xpath: (//div[@data-cy='title-recipe'])[9]
20:05:26 [TestNG-test-Test-1] INFO  verifyingDisplayTypeFilterFunctionality_Laptop_20-03-11 - [verifyingDisplayTypeFilterFunctionality_Laptop_20-03-11] Getting product by index in productNameListingPage loop
20:05:27 [TestNG-test-Test-1] INFO  verifyingDisplayTypeFilterFunctionality_Laptop_20-03-11 - [verifyingDisplayTypeFilterFunctionality_Laptop_20-03-11] Opened product in new tab via Ctrl+Click inside productNameListingPage loop
20:05:27 [TestNG-test-Test-1] INFO  verifyingDisplayTypeFilterFunctionality_Laptop_20-03-11 - [verifyingDisplayTypeFilterFunctionality_Laptop_20-03-11] Waiting for new window to open...
20:05:27 [TestNG-test-Test-1] INFO  verifyingDisplayTypeFilterFunctionality_Laptop_20-03-11 - [verifyingDisplayTypeFilterFunctionality_Laptop_20-03-11] Switched to new window -> 1FA05630EF1C340AFE72BF27668B4440
20:05:27 [TestNG-test-Test-1] INFO  verifyingDisplayTypeFilterFunctionality_Laptop_20-03-11 - [verifyingDisplayTypeFilterFunctionality_Laptop_20-03-11] Swithcing to the new window  within productNameListingPage loop
20:05:27 [TestNG-test-Test-1] INFO  verifyingDisplayTypeFilterFunctionality_Laptop_20-03-11 - [verifyingDisplayTypeFilterFunctionality_Laptop_20-03-11] Clicked product name to open in new tab from productNameListingPage loop
20:05:27 [TestNG-test-Test-1] INFO  verifyingDisplayTypeFilterFunctionality_Laptop_20-03-11 - [verifyingDisplayTypeFilterFunctionality_Laptop_20-03-11] Within safeFindElement method
20:05:38 [TestNG-test-Test-1] INFO  verifyingDisplayTypeFilterFunctionality_Laptop_20-03-11 - [verifyingDisplayTypeFilterFunctionality_Laptop_20-03-11]Found the element returning it ,element ->[[ChromeDriver: chrome on windows (6c264afaf05195094f91edece5bdd6a6)] -> xpath: //span[@id='productTitle']]
20:05:38 [TestNG-test-Test-1] INFO  verifyingDisplayTypeFilterFunctionality_Laptop_20-03-11 - [verifyingDisplayTypeFilterFunctionality_Laptop_20-03-11] Within safeFindElement method
20:05:38 [TestNG-test-Test-1] INFO  verifyingDisplayTypeFilterFunctionality_Laptop_20-03-11 - [verifyingDisplayTypeFilterFunctionality_Laptop_20-03-11]Found the element returning it ,element ->[[ChromeDriver: chrome on windows (6c264afaf05195094f91edece5bdd6a6)] -> xpath: //div[@class='a-section a-spacing-small a-spacing-top-small']]
20:05:38 [TestNG-test-Test-1] INFO  verifyingDisplayTypeFilterFunctionality_Laptop_20-03-11 - [verifyingDisplayTypeFilterFunctionality_Laptop_20-03-11] Within safeFindElement method
20:05:38 [TestNG-test-Test-1] INFO  verifyingDisplayTypeFilterFunctionality_Laptop_20-03-11 - [verifyingDisplayTypeFilterFunctionality_Laptop_20-03-11]Found the element returning it ,element ->[[ChromeDriver: chrome on windows (6c264afaf05195094f91edece5bdd6a6)] -> xpath: //div[@id='feature-bullets']]
20:05:38 [TestNG-test-Test-1] INFO  verifyingDisplayTypeFilterFunctionality_Laptop_20-03-11 - [verifyingDisplayTypeFilterFunctionality_Laptop_20-03-11] Within safeFindElement method
20:05:38 [TestNG-test-Test-1] INFO  verifyingDisplayTypeFilterFunctionality_Laptop_20-03-11 - [verifyingDisplayTypeFilterFunctionality_Laptop_20-03-11]Found the element returning it ,element ->[[ChromeDriver: chrome on windows (6c264afaf05195094f91edece5bdd6a6)] -> xpath: //div[@id='prodDetails']]
20:05:38 [TestNG-test-Test-1] INFO  verifyingDisplayTypeFilterFunctionality_Laptop_20-03-11 - [verifyingDisplayTypeFilterFunctionality_Laptop_20-03-11] Extracting 'name' , 'keyFeatures', 'about' , 'techDetails' within productNameListingPage loop
20:05:38 [TestNG-test-Test-1] INFO  verifyingDisplayTypeFilterFunctionality_Laptop_20-03-11 - [verifyingDisplayTypeFilterFunctionality_Laptop_20-03-11] Waiting until element is visible in viewport
20:05:49 [TestNG-test-Test-1] INFO  verifyingDisplayTypeFilterFunctionality_Laptop_20-03-11 - [verifyingDisplayTypeFilterFunctionality_Laptop_20-03-11] Within smoothScrollToElement method
20:05:49 [TestNG-test-Test-1] INFO  verifyingDisplayTypeFilterFunctionality_Laptop_20-03-11 - [verifyingDisplayTypeFilterFunctionality_Laptop_20-03-11] Within safeFindElement method
20:05:49 [TestNG-test-Test-1] INFO  verifyingDisplayTypeFilterFunctionality_Laptop_20-03-11 - [verifyingDisplayTypeFilterFunctionality_Laptop_20-03-11]Found the element returning it ,element ->[[ChromeDriver: chrome on windows (6c264afaf05195094f91edece5bdd6a6)] -> xpath: //a[@id='seeMoreDetailsLink']]
20:05:49 [TestNG-test-Test-1] INFO  verifyingDisplayTypeFilterFunctionality_Laptop_20-03-11 - [verifyingDisplayTypeFilterFunctionality_Laptop_20-03-11] Successfully scrolled to element: By.xpath: //a[@id='seeMoreDetailsLink']
20:05:49 [TestNG-test-Test-1] INFO  verifyingDisplayTypeFilterFunctionality_Laptop_20-03-11 - [verifyingDisplayTypeFilterFunctionality_Laptop_20-03-11] Within safeClick method
20:05:50 [TestNG-test-Test-1] INFO  verifyingDisplayTypeFilterFunctionality_Laptop_20-03-11 - [verifyingDisplayTypeFilterFunctionality_Laptop_20-03-11] Clicked the  [[ChromeDriver: chrome on windows (6c264afaf05195094f91edece5bdd6a6)] -> xpath: //a[@id='seeMoreDetailsLink']]   using safeClick
20:05:50 [TestNG-test-Test-1] INFO  verifyingDisplayTypeFilterFunctionality_Laptop_20-03-11 - [verifyingDisplayTypeFilterFunctionality_Laptop_20-03-11] Within try block for clicking see more deatils within productNameListingPage loop
20:05:50 [TestNG-test-Test-1] INFO  verifyingDisplayTypeFilterFunctionality_Laptop_20-03-11 - [verifyingDisplayTypeFilterFunctionality_Laptop_20-03-11] Within closeCurrentWindowAndSwitchBack method
20:05:50 [TestNG-test-Test-1] INFO  verifyingDisplayTypeFilterFunctionality_Laptop_20-03-11 - [verifyingDisplayTypeFilterFunctionality_Laptop_20-03-11] Total open windows/tabs count -> 2
20:05:50 [TestNG-test-Test-1] INFO  verifyingDisplayTypeFilterFunctionality_Laptop_20-03-11 - [verifyingDisplayTypeFilterFunctionality_Laptop_20-03-11] Original window handle -> 314D7369A7559D1F60EDBA893E955B9C
20:05:50 [TestNG-test-Test-1] INFO  verifyingDisplayTypeFilterFunctionality_Laptop_20-03-11 - [verifyingDisplayTypeFilterFunctionality_Laptop_20-03-11] Found new tab/window handle -> 1FA05630EF1C340AFE72BF27668B4440 (will be closed)
20:05:50 [TestNG-test-Test-1] INFO  verifyingDisplayTypeFilterFunctionality_Laptop_20-03-11 - [verifyingDisplayTypeFilterFunctionality_Laptop_20-03-11] Successfully switched to new tab/window -> 1FA05630EF1C340AFE72BF27668B4440
20:05:50 [TestNG-test-Test-1] INFO  verifyingDisplayTypeFilterFunctionality_Laptop_20-03-11 - [verifyingDisplayTypeFilterFunctionality_Laptop_20-03-11] Closed the newly opened tab/window -> 1FA05630EF1C340AFE72BF27668B4440
20:05:50 [TestNG-test-Test-1] INFO  verifyingDisplayTypeFilterFunctionality_Laptop_20-03-11 - [verifyingDisplayTypeFilterFunctionality_Laptop_20-03-11] Switched back to the original window -> 314D7369A7559D1F60EDBA893E955B9C
20:05:50 [TestNG-test-Test-1] INFO  verifyingDisplayTypeFilterFunctionality_Laptop_20-03-11 - [verifyingDisplayTypeFilterFunctionality_Laptop_20-03-11]  going back to product listing via closeCurrentWindowAndSwitchBack 
20:05:50 [TestNG-test-Test-1] INFO  verifyingDisplayTypeFilterFunctionality_Laptop_20-03-11 - [verifyingDisplayTypeFilterFunctionality_Laptop_20-03-11]  Added 'filter','title','keyFeatures', 'about', 'techDetails' into the Map -> productResult
20:05:50 [TestNG-test-Test-1] INFO  verifyingDisplayTypeFilterFunctionality_Laptop_20-03-11 - [verifyingDisplayTypeFilterFunctionality_Laptop_20-03-11]  Added 'productResult' Map into the 'results' i.e list of maps 
20:05:50 [TestNG-test-Test-1] INFO  verifyingDisplayTypeFilterFunctionality_Laptop_20-03-11 - [verifyingDisplayTypeFilterFunctionality_Laptop_20-03-11]==========================================================================================================
20:05:50 [TestNG-test-Test-1] INFO  verifyingDisplayTypeFilterFunctionality_Laptop_20-03-11 - [verifyingDisplayTypeFilterFunctionality_Laptop_20-03-11] Within safeFindElements 
20:05:50 [TestNG-test-Test-1] INFO  verifyingDisplayTypeFilterFunctionality_Laptop_20-03-11 - [verifyingDisplayTypeFilterFunctionality_Laptop_20-03-11] Returning the  [[[ChromeDriver: chrome on windows (6c264afaf05195094f91edece5bdd6a6)] -> xpath: //div[@data-cy='title-recipe']], [[ChromeDriver: chrome on windows (6c264afaf05195094f91edece5bdd6a6)] -> xpath: //div[@data-cy='title-recipe']], [[ChromeDriver: chrome on windows (6c264afaf05195094f91edece5bdd6a6)] -> xpath: //div[@data-cy='title-recipe']], [[ChromeDriver: chrome on windows (6c264afaf05195094f91edece5bdd6a6)] -> xpath: //div[@data-cy='title-recipe']], [[ChromeDriver: chrome on windows (6c264afaf05195094f91edece5bdd6a6)] -> xpath: //div[@data-cy='title-recipe']], [[ChromeDriver: chrome on windows (6c264afaf05195094f91edece5bdd6a6)] -> xpath: //div[@data-cy='title-recipe']], [[ChromeDriver: chrome on windows (6c264afaf05195094f91edece5bdd6a6)] -> xpath: //div[@data-cy='title-recipe']], [[ChromeDriver: chrome on windows (6c264afaf05195094f91edece5bdd6a6)] -> xpath: //div[@data-cy='title-recipe']], [[ChromeDriver: chrome on windows (6c264afaf05195094f91edece5bdd6a6)] -> xpath: //div[@data-cy='title-recipe']], [[ChromeDriver: chrome on windows (6c264afaf05195094f91edece5bdd6a6)] -> xpath: //div[@data-cy='title-recipe']], [[ChromeDriver: chrome on windows (6c264afaf05195094f91edece5bdd6a6)] -> xpath: //div[@data-cy='title-recipe']], [[ChromeDriver: chrome on windows (6c264afaf05195094f91edece5bdd6a6)] -> xpath: //div[@data-cy='title-recipe']], [[ChromeDriver: chrome on windows (6c264afaf05195094f91edece5bdd6a6)] -> xpath: //div[@data-cy='title-recipe']], [[ChromeDriver: chrome on windows (6c264afaf05195094f91edece5bdd6a6)] -> xpath: //div[@data-cy='title-recipe']], [[ChromeDriver: chrome on windows (6c264afaf05195094f91edece5bdd6a6)] -> xpath: //div[@data-cy='title-recipe']], [[ChromeDriver: chrome on windows (6c264afaf05195094f91edece5bdd6a6)] -> xpath: //div[@data-cy='title-recipe']]] from the safeFindElements method
20:05:50 [TestNG-test-Test-1] INFO  verifyingDisplayTypeFilterFunctionality_Laptop_20-03-11 - [verifyingDisplayTypeFilterFunctionality_Laptop_20-03-11] Within productNameListingPage loop in applyFilterAndValidateProductsWithResult
20:05:50 [TestNG-test-Test-1] INFO  verifyingDisplayTypeFilterFunctionality_Laptop_20-03-11 - [verifyingDisplayTypeFilterFunctionality_Laptop_20-03-11] Within getProductByIndex method
20:05:51 [TestNG-test-Test-1] INFO  verifyingDisplayTypeFilterFunctionality_Laptop_20-03-11 - [verifyingDisplayTypeFilterFunctionality_Laptop_20-03-11] Within safeFindElement method
20:05:51 [TestNG-test-Test-1] INFO  verifyingDisplayTypeFilterFunctionality_Laptop_20-03-11 - [verifyingDisplayTypeFilterFunctionality_Laptop_20-03-11]Found the element returning it ,element ->[[ChromeDriver: chrome on windows (6c264afaf05195094f91edece5bdd6a6)] -> xpath: (//div[@data-cy='title-recipe'])[10]]
20:05:51 [TestNG-test-Test-1] INFO  verifyingDisplayTypeFilterFunctionality_Laptop_20-03-11 - [verifyingDisplayTypeFilterFunctionality_Laptop_20-03-11] Within getProductByIndex method
20:05:51 [TestNG-test-Test-1] INFO  verifyingDisplayTypeFilterFunctionality_Laptop_20-03-11 - [verifyingDisplayTypeFilterFunctionality_Laptop_20-03-11] Within smoothScrollToElement method
20:05:51 [TestNG-test-Test-1] INFO  verifyingDisplayTypeFilterFunctionality_Laptop_20-03-11 - [verifyingDisplayTypeFilterFunctionality_Laptop_20-03-11] Within safeFindElement method
20:05:51 [TestNG-test-Test-1] INFO  verifyingDisplayTypeFilterFunctionality_Laptop_20-03-11 - [verifyingDisplayTypeFilterFunctionality_Laptop_20-03-11]Found the element returning it ,element ->[[ChromeDriver: chrome on windows (6c264afaf05195094f91edece5bdd6a6)] -> xpath: (//div[@data-cy='title-recipe'])[10]]
20:05:51 [TestNG-test-Test-1] INFO  verifyingDisplayTypeFilterFunctionality_Laptop_20-03-11 - [verifyingDisplayTypeFilterFunctionality_Laptop_20-03-11] Successfully scrolled to element: By.xpath: (//div[@data-cy='title-recipe'])[10]
20:05:51 [TestNG-test-Test-1] INFO  verifyingDisplayTypeFilterFunctionality_Laptop_20-03-11 - [verifyingDisplayTypeFilterFunctionality_Laptop_20-03-11] Getting product by index in productNameListingPage loop
20:05:51 [TestNG-test-Test-1] INFO  verifyingDisplayTypeFilterFunctionality_Laptop_20-03-11 - [verifyingDisplayTypeFilterFunctionality_Laptop_20-03-11] Opened product in new tab via Ctrl+Click inside productNameListingPage loop
20:05:51 [TestNG-test-Test-1] INFO  verifyingDisplayTypeFilterFunctionality_Laptop_20-03-11 - [verifyingDisplayTypeFilterFunctionality_Laptop_20-03-11] Waiting for new window to open...
20:05:51 [TestNG-test-Test-1] INFO  verifyingDisplayTypeFilterFunctionality_Laptop_20-03-11 - [verifyingDisplayTypeFilterFunctionality_Laptop_20-03-11] Switched to new window -> 31BD5210FFD4EFD1CA2D150C81190013
20:05:51 [TestNG-test-Test-1] INFO  verifyingDisplayTypeFilterFunctionality_Laptop_20-03-11 - [verifyingDisplayTypeFilterFunctionality_Laptop_20-03-11] Swithcing to the new window  within productNameListingPage loop
20:05:51 [TestNG-test-Test-1] INFO  verifyingDisplayTypeFilterFunctionality_Laptop_20-03-11 - [verifyingDisplayTypeFilterFunctionality_Laptop_20-03-11] Clicked product name to open in new tab from productNameListingPage loop
20:05:51 [TestNG-test-Test-1] INFO  verifyingDisplayTypeFilterFunctionality_Laptop_20-03-11 - [verifyingDisplayTypeFilterFunctionality_Laptop_20-03-11] Within safeFindElement method
20:05:56 [TestNG-test-Test-1] INFO  verifyingDisplayTypeFilterFunctionality_Laptop_20-03-11 - [verifyingDisplayTypeFilterFunctionality_Laptop_20-03-11]Found the element returning it ,element ->[[ChromeDriver: chrome on windows (6c264afaf05195094f91edece5bdd6a6)] -> xpath: //span[@id='productTitle']]
20:05:56 [TestNG-test-Test-1] INFO  verifyingDisplayTypeFilterFunctionality_Laptop_20-03-11 - [verifyingDisplayTypeFilterFunctionality_Laptop_20-03-11] Within safeFindElement method
20:05:56 [TestNG-test-Test-1] INFO  verifyingDisplayTypeFilterFunctionality_Laptop_20-03-11 - [verifyingDisplayTypeFilterFunctionality_Laptop_20-03-11]Found the element returning it ,element ->[[ChromeDriver: chrome on windows (6c264afaf05195094f91edece5bdd6a6)] -> xpath: //div[@class='a-section a-spacing-small a-spacing-top-small']]
20:05:56 [TestNG-test-Test-1] INFO  verifyingDisplayTypeFilterFunctionality_Laptop_20-03-11 - [verifyingDisplayTypeFilterFunctionality_Laptop_20-03-11] Within safeFindElement method
20:05:56 [TestNG-test-Test-1] INFO  verifyingDisplayTypeFilterFunctionality_Laptop_20-03-11 - [verifyingDisplayTypeFilterFunctionality_Laptop_20-03-11]Found the element returning it ,element ->[[ChromeDriver: chrome on windows (6c264afaf05195094f91edece5bdd6a6)] -> xpath: //div[@id='feature-bullets']]
20:05:56 [TestNG-test-Test-1] INFO  verifyingDisplayTypeFilterFunctionality_Laptop_20-03-11 - [verifyingDisplayTypeFilterFunctionality_Laptop_20-03-11] Within safeFindElement method
20:05:56 [TestNG-test-Test-1] INFO  verifyingDisplayTypeFilterFunctionality_Laptop_20-03-11 - [verifyingDisplayTypeFilterFunctionality_Laptop_20-03-11]Found the element returning it ,element ->[[ChromeDriver: chrome on windows (6c264afaf05195094f91edece5bdd6a6)] -> xpath: //div[@id='prodDetails']]
20:05:56 [TestNG-test-Test-1] INFO  verifyingDisplayTypeFilterFunctionality_Laptop_20-03-11 - [verifyingDisplayTypeFilterFunctionality_Laptop_20-03-11] Extracting 'name' , 'keyFeatures', 'about' , 'techDetails' within productNameListingPage loop
20:05:56 [TestNG-test-Test-1] INFO  verifyingDisplayTypeFilterFunctionality_Laptop_20-03-11 - [verifyingDisplayTypeFilterFunctionality_Laptop_20-03-11] Waiting until element is visible in viewport
20:06:07 [TestNG-test-Test-1] INFO  verifyingDisplayTypeFilterFunctionality_Laptop_20-03-11 - [verifyingDisplayTypeFilterFunctionality_Laptop_20-03-11] Within smoothScrollToElement method
20:06:07 [TestNG-test-Test-1] INFO  verifyingDisplayTypeFilterFunctionality_Laptop_20-03-11 - [verifyingDisplayTypeFilterFunctionality_Laptop_20-03-11] Within safeFindElement method
20:06:07 [TestNG-test-Test-1] INFO  verifyingDisplayTypeFilterFunctionality_Laptop_20-03-11 - [verifyingDisplayTypeFilterFunctionality_Laptop_20-03-11]Found the element returning it ,element ->[[ChromeDriver: chrome on windows (6c264afaf05195094f91edece5bdd6a6)] -> xpath: //a[@id='seeMoreDetailsLink']]
20:06:07 [TestNG-test-Test-1] INFO  verifyingDisplayTypeFilterFunctionality_Laptop_20-03-11 - [verifyingDisplayTypeFilterFunctionality_Laptop_20-03-11] Successfully scrolled to element: By.xpath: //a[@id='seeMoreDetailsLink']
20:06:07 [TestNG-test-Test-1] INFO  verifyingDisplayTypeFilterFunctionality_Laptop_20-03-11 - [verifyingDisplayTypeFilterFunctionality_Laptop_20-03-11] Within safeClick method
20:06:07 [TestNG-test-Test-1] INFO  verifyingDisplayTypeFilterFunctionality_Laptop_20-03-11 - [verifyingDisplayTypeFilterFunctionality_Laptop_20-03-11] Clicked the  [[ChromeDriver: chrome on windows (6c264afaf05195094f91edece5bdd6a6)] -> xpath: //a[@id='seeMoreDetailsLink']]   using safeClick
20:06:07 [TestNG-test-Test-1] INFO  verifyingDisplayTypeFilterFunctionality_Laptop_20-03-11 - [verifyingDisplayTypeFilterFunctionality_Laptop_20-03-11] Within try block for clicking see more deatils within productNameListingPage loop
20:06:07 [TestNG-test-Test-1] INFO  verifyingDisplayTypeFilterFunctionality_Laptop_20-03-11 - [verifyingDisplayTypeFilterFunctionality_Laptop_20-03-11] Within closeCurrentWindowAndSwitchBack method
20:06:07 [TestNG-test-Test-1] INFO  verifyingDisplayTypeFilterFunctionality_Laptop_20-03-11 - [verifyingDisplayTypeFilterFunctionality_Laptop_20-03-11] Total open windows/tabs count -> 2
20:06:07 [TestNG-test-Test-1] INFO  verifyingDisplayTypeFilterFunctionality_Laptop_20-03-11 - [verifyingDisplayTypeFilterFunctionality_Laptop_20-03-11] Original window handle -> 314D7369A7559D1F60EDBA893E955B9C
20:06:07 [TestNG-test-Test-1] INFO  verifyingDisplayTypeFilterFunctionality_Laptop_20-03-11 - [verifyingDisplayTypeFilterFunctionality_Laptop_20-03-11] Found new tab/window handle -> 31BD5210FFD4EFD1CA2D150C81190013 (will be closed)
20:06:08 [TestNG-test-Test-1] INFO  verifyingDisplayTypeFilterFunctionality_Laptop_20-03-11 - [verifyingDisplayTypeFilterFunctionality_Laptop_20-03-11] Successfully switched to new tab/window -> 31BD5210FFD4EFD1CA2D150C81190013
20:06:08 [TestNG-test-Test-1] INFO  verifyingDisplayTypeFilterFunctionality_Laptop_20-03-11 - [verifyingDisplayTypeFilterFunctionality_Laptop_20-03-11] Closed the newly opened tab/window -> 31BD5210FFD4EFD1CA2D150C81190013
20:06:08 [TestNG-test-Test-1] INFO  verifyingDisplayTypeFilterFunctionality_Laptop_20-03-11 - [verifyingDisplayTypeFilterFunctionality_Laptop_20-03-11] Switched back to the original window -> 314D7369A7559D1F60EDBA893E955B9C
20:06:08 [TestNG-test-Test-1] INFO  verifyingDisplayTypeFilterFunctionality_Laptop_20-03-11 - [verifyingDisplayTypeFilterFunctionality_Laptop_20-03-11]  going back to product listing via closeCurrentWindowAndSwitchBack 
20:06:08 [TestNG-test-Test-1] INFO  verifyingDisplayTypeFilterFunctionality_Laptop_20-03-11 - [verifyingDisplayTypeFilterFunctionality_Laptop_20-03-11]  Added 'filter','title','keyFeatures', 'about', 'techDetails' into the Map -> productResult
20:06:08 [TestNG-test-Test-1] INFO  verifyingDisplayTypeFilterFunctionality_Laptop_20-03-11 - [verifyingDisplayTypeFilterFunctionality_Laptop_20-03-11]  Added 'productResult' Map into the 'results' i.e list of maps 
20:06:08 [TestNG-test-Test-1] INFO  verifyingDisplayTypeFilterFunctionality_Laptop_20-03-11 - [verifyingDisplayTypeFilterFunctionality_Laptop_20-03-11]==========================================================================================================
20:06:08 [TestNG-test-Test-1] INFO  verifyingDisplayTypeFilterFunctionality_Laptop_20-03-11 - [verifyingDisplayTypeFilterFunctionality_Laptop_20-03-11] Within safeFindElements 
20:06:08 [TestNG-test-Test-1] INFO  verifyingDisplayTypeFilterFunctionality_Laptop_20-03-11 - [verifyingDisplayTypeFilterFunctionality_Laptop_20-03-11] Returning the  [[[ChromeDriver: chrome on windows (6c264afaf05195094f91edece5bdd6a6)] -> xpath: //div[@data-cy='title-recipe']], [[ChromeDriver: chrome on windows (6c264afaf05195094f91edece5bdd6a6)] -> xpath: //div[@data-cy='title-recipe']], [[ChromeDriver: chrome on windows (6c264afaf05195094f91edece5bdd6a6)] -> xpath: //div[@data-cy='title-recipe']], [[ChromeDriver: chrome on windows (6c264afaf05195094f91edece5bdd6a6)] -> xpath: //div[@data-cy='title-recipe']], [[ChromeDriver: chrome on windows (6c264afaf05195094f91edece5bdd6a6)] -> xpath: //div[@data-cy='title-recipe']], [[ChromeDriver: chrome on windows (6c264afaf05195094f91edece5bdd6a6)] -> xpath: //div[@data-cy='title-recipe']], [[ChromeDriver: chrome on windows (6c264afaf05195094f91edece5bdd6a6)] -> xpath: //div[@data-cy='title-recipe']], [[ChromeDriver: chrome on windows (6c264afaf05195094f91edece5bdd6a6)] -> xpath: //div[@data-cy='title-recipe']], [[ChromeDriver: chrome on windows (6c264afaf05195094f91edece5bdd6a6)] -> xpath: //div[@data-cy='title-recipe']], [[ChromeDriver: chrome on windows (6c264afaf05195094f91edece5bdd6a6)] -> xpath: //div[@data-cy='title-recipe']], [[ChromeDriver: chrome on windows (6c264afaf05195094f91edece5bdd6a6)] -> xpath: //div[@data-cy='title-recipe']], [[ChromeDriver: chrome on windows (6c264afaf05195094f91edece5bdd6a6)] -> xpath: //div[@data-cy='title-recipe']], [[ChromeDriver: chrome on windows (6c264afaf05195094f91edece5bdd6a6)] -> xpath: //div[@data-cy='title-recipe']], [[ChromeDriver: chrome on windows (6c264afaf05195094f91edece5bdd6a6)] -> xpath: //div[@data-cy='title-recipe']], [[ChromeDriver: chrome on windows (6c264afaf05195094f91edece5bdd6a6)] -> xpath: //div[@data-cy='title-recipe']], [[ChromeDriver: chrome on windows (6c264afaf05195094f91edece5bdd6a6)] -> xpath: //div[@data-cy='title-recipe']]] from the safeFindElements method
20:06:08 [TestNG-test-Test-1] INFO  verifyingDisplayTypeFilterFunctionality_Laptop_20-03-11 - [verifyingDisplayTypeFilterFunctionality_Laptop_20-03-11] Within productNameListingPage loop in applyFilterAndValidateProductsWithResult
20:06:09 [TestNG-test-Test-1] INFO  verifyingDisplayTypeFilterFunctionality_Laptop_20-03-11 - [verifyingDisplayTypeFilterFunctionality_Laptop_20-03-11] Within getProductByIndex method
20:06:09 [TestNG-test-Test-1] INFO  verifyingDisplayTypeFilterFunctionality_Laptop_20-03-11 - [verifyingDisplayTypeFilterFunctionality_Laptop_20-03-11] Within safeFindElement method
20:06:09 [TestNG-test-Test-1] INFO  verifyingDisplayTypeFilterFunctionality_Laptop_20-03-11 - [verifyingDisplayTypeFilterFunctionality_Laptop_20-03-11]Found the element returning it ,element ->[[ChromeDriver: chrome on windows (6c264afaf05195094f91edece5bdd6a6)] -> xpath: (//div[@data-cy='title-recipe'])[11]]
20:06:09 [TestNG-test-Test-1] INFO  verifyingDisplayTypeFilterFunctionality_Laptop_20-03-11 - [verifyingDisplayTypeFilterFunctionality_Laptop_20-03-11] Within getProductByIndex method
20:06:09 [TestNG-test-Test-1] INFO  verifyingDisplayTypeFilterFunctionality_Laptop_20-03-11 - [verifyingDisplayTypeFilterFunctionality_Laptop_20-03-11] Within smoothScrollToElement method
20:06:09 [TestNG-test-Test-1] INFO  verifyingDisplayTypeFilterFunctionality_Laptop_20-03-11 - [verifyingDisplayTypeFilterFunctionality_Laptop_20-03-11] Within safeFindElement method
20:06:09 [TestNG-test-Test-1] INFO  verifyingDisplayTypeFilterFunctionality_Laptop_20-03-11 - [verifyingDisplayTypeFilterFunctionality_Laptop_20-03-11]Found the element returning it ,element ->[[ChromeDriver: chrome on windows (6c264afaf05195094f91edece5bdd6a6)] -> xpath: (//div[@data-cy='title-recipe'])[11]]
20:06:09 [TestNG-test-Test-1] INFO  verifyingDisplayTypeFilterFunctionality_Laptop_20-03-11 - [verifyingDisplayTypeFilterFunctionality_Laptop_20-03-11] Successfully scrolled to element: By.xpath: (//div[@data-cy='title-recipe'])[11]
20:06:09 [TestNG-test-Test-1] INFO  verifyingDisplayTypeFilterFunctionality_Laptop_20-03-11 - [verifyingDisplayTypeFilterFunctionality_Laptop_20-03-11] Getting product by index in productNameListingPage loop
20:06:09 [TestNG-test-Test-1] INFO  verifyingDisplayTypeFilterFunctionality_Laptop_20-03-11 - [verifyingDisplayTypeFilterFunctionality_Laptop_20-03-11] Opened product in new tab via Ctrl+Click inside productNameListingPage loop
20:06:09 [TestNG-test-Test-1] INFO  verifyingDisplayTypeFilterFunctionality_Laptop_20-03-11 - [verifyingDisplayTypeFilterFunctionality_Laptop_20-03-11] Waiting for new window to open...
20:06:09 [TestNG-test-Test-1] INFO  verifyingDisplayTypeFilterFunctionality_Laptop_20-03-11 - [verifyingDisplayTypeFilterFunctionality_Laptop_20-03-11] Switched to new window -> CED02E3DEE1DCD630191ED27BEE81E3B
20:06:09 [TestNG-test-Test-1] INFO  verifyingDisplayTypeFilterFunctionality_Laptop_20-03-11 - [verifyingDisplayTypeFilterFunctionality_Laptop_20-03-11] Swithcing to the new window  within productNameListingPage loop
20:06:09 [TestNG-test-Test-1] INFO  verifyingDisplayTypeFilterFunctionality_Laptop_20-03-11 - [verifyingDisplayTypeFilterFunctionality_Laptop_20-03-11] Clicked product name to open in new tab from productNameListingPage loop
20:06:09 [TestNG-test-Test-1] INFO  verifyingDisplayTypeFilterFunctionality_Laptop_20-03-11 - [verifyingDisplayTypeFilterFunctionality_Laptop_20-03-11] Within safeFindElement method
20:06:14 [TestNG-test-Test-1] INFO  verifyingDisplayTypeFilterFunctionality_Laptop_20-03-11 - [verifyingDisplayTypeFilterFunctionality_Laptop_20-03-11]Found the element returning it ,element ->[[ChromeDriver: chrome on windows (6c264afaf05195094f91edece5bdd6a6)] -> xpath: //span[@id='productTitle']]
20:06:14 [TestNG-test-Test-1] INFO  verifyingDisplayTypeFilterFunctionality_Laptop_20-03-11 - [verifyingDisplayTypeFilterFunctionality_Laptop_20-03-11] Within safeFindElement method
20:06:14 [TestNG-test-Test-1] INFO  verifyingDisplayTypeFilterFunctionality_Laptop_20-03-11 - [verifyingDisplayTypeFilterFunctionality_Laptop_20-03-11]Found the element returning it ,element ->[[ChromeDriver: chrome on windows (6c264afaf05195094f91edece5bdd6a6)] -> xpath: //div[@class='a-section a-spacing-small a-spacing-top-small']]
20:06:14 [TestNG-test-Test-1] INFO  verifyingDisplayTypeFilterFunctionality_Laptop_20-03-11 - [verifyingDisplayTypeFilterFunctionality_Laptop_20-03-11] Within safeFindElement method
20:06:14 [TestNG-test-Test-1] INFO  verifyingDisplayTypeFilterFunctionality_Laptop_20-03-11 - [verifyingDisplayTypeFilterFunctionality_Laptop_20-03-11]Found the element returning it ,element ->[[ChromeDriver: chrome on windows (6c264afaf05195094f91edece5bdd6a6)] -> xpath: //div[@id='feature-bullets']]
20:06:14 [TestNG-test-Test-1] INFO  verifyingDisplayTypeFilterFunctionality_Laptop_20-03-11 - [verifyingDisplayTypeFilterFunctionality_Laptop_20-03-11] Within safeFindElement method
20:06:14 [TestNG-test-Test-1] INFO  verifyingDisplayTypeFilterFunctionality_Laptop_20-03-11 - [verifyingDisplayTypeFilterFunctionality_Laptop_20-03-11]Found the element returning it ,element ->[[ChromeDriver: chrome on windows (6c264afaf05195094f91edece5bdd6a6)] -> xpath: //div[@id='prodDetails']]
20:06:14 [TestNG-test-Test-1] INFO  verifyingDisplayTypeFilterFunctionality_Laptop_20-03-11 - [verifyingDisplayTypeFilterFunctionality_Laptop_20-03-11] Extracting 'name' , 'keyFeatures', 'about' , 'techDetails' within productNameListingPage loop
20:06:14 [TestNG-test-Test-1] INFO  verifyingDisplayTypeFilterFunctionality_Laptop_20-03-11 - [verifyingDisplayTypeFilterFunctionality_Laptop_20-03-11] Waiting until element is visible in viewport
20:06:24 [TestNG-test-Test-1] INFO  verifyingDisplayTypeFilterFunctionality_Laptop_20-03-11 - [verifyingDisplayTypeFilterFunctionality_Laptop_20-03-11] Within smoothScrollToElement method
20:06:24 [TestNG-test-Test-1] INFO  verifyingDisplayTypeFilterFunctionality_Laptop_20-03-11 - [verifyingDisplayTypeFilterFunctionality_Laptop_20-03-11] Within safeFindElement method
20:06:25 [TestNG-test-Test-1] INFO  verifyingDisplayTypeFilterFunctionality_Laptop_20-03-11 - [verifyingDisplayTypeFilterFunctionality_Laptop_20-03-11]Found the element returning it ,element ->[[ChromeDriver: chrome on windows (6c264afaf05195094f91edece5bdd6a6)] -> xpath: //a[@id='seeMoreDetailsLink']]
20:06:25 [TestNG-test-Test-1] INFO  verifyingDisplayTypeFilterFunctionality_Laptop_20-03-11 - [verifyingDisplayTypeFilterFunctionality_Laptop_20-03-11] Successfully scrolled to element: By.xpath: //a[@id='seeMoreDetailsLink']
20:06:25 [TestNG-test-Test-1] INFO  verifyingDisplayTypeFilterFunctionality_Laptop_20-03-11 - [verifyingDisplayTypeFilterFunctionality_Laptop_20-03-11] Within safeClick method
20:06:25 [TestNG-test-Test-1] INFO  verifyingDisplayTypeFilterFunctionality_Laptop_20-03-11 - [verifyingDisplayTypeFilterFunctionality_Laptop_20-03-11] Clicked the  [[ChromeDriver: chrome on windows (6c264afaf05195094f91edece5bdd6a6)] -> xpath: //a[@id='seeMoreDetailsLink']]   using safeClick
20:06:25 [TestNG-test-Test-1] INFO  verifyingDisplayTypeFilterFunctionality_Laptop_20-03-11 - [verifyingDisplayTypeFilterFunctionality_Laptop_20-03-11] Within try block for clicking see more deatils within productNameListingPage loop
20:06:25 [TestNG-test-Test-1] INFO  verifyingDisplayTypeFilterFunctionality_Laptop_20-03-11 - [verifyingDisplayTypeFilterFunctionality_Laptop_20-03-11] Within closeCurrentWindowAndSwitchBack method
20:06:25 [TestNG-test-Test-1] INFO  verifyingDisplayTypeFilterFunctionality_Laptop_20-03-11 - [verifyingDisplayTypeFilterFunctionality_Laptop_20-03-11] Total open windows/tabs count -> 2
20:06:25 [TestNG-test-Test-1] INFO  verifyingDisplayTypeFilterFunctionality_Laptop_20-03-11 - [verifyingDisplayTypeFilterFunctionality_Laptop_20-03-11] Original window handle -> 314D7369A7559D1F60EDBA893E955B9C
20:06:25 [TestNG-test-Test-1] INFO  verifyingDisplayTypeFilterFunctionality_Laptop_20-03-11 - [verifyingDisplayTypeFilterFunctionality_Laptop_20-03-11] Found new tab/window handle -> CED02E3DEE1DCD630191ED27BEE81E3B (will be closed)
20:06:25 [TestNG-test-Test-1] INFO  verifyingDisplayTypeFilterFunctionality_Laptop_20-03-11 - [verifyingDisplayTypeFilterFunctionality_Laptop_20-03-11] Successfully switched to new tab/window -> CED02E3DEE1DCD630191ED27BEE81E3B
20:06:25 [TestNG-test-Test-1] INFO  verifyingDisplayTypeFilterFunctionality_Laptop_20-03-11 - [verifyingDisplayTypeFilterFunctionality_Laptop_20-03-11] Closed the newly opened tab/window -> CED02E3DEE1DCD630191ED27BEE81E3B
20:06:25 [TestNG-test-Test-1] INFO  verifyingDisplayTypeFilterFunctionality_Laptop_20-03-11 - [verifyingDisplayTypeFilterFunctionality_Laptop_20-03-11] Switched back to the original window -> 314D7369A7559D1F60EDBA893E955B9C
20:06:25 [TestNG-test-Test-1] INFO  verifyingDisplayTypeFilterFunctionality_Laptop_20-03-11 - [verifyingDisplayTypeFilterFunctionality_Laptop_20-03-11]  going back to product listing via closeCurrentWindowAndSwitchBack 
20:06:25 [TestNG-test-Test-1] INFO  verifyingDisplayTypeFilterFunctionality_Laptop_20-03-11 - [verifyingDisplayTypeFilterFunctionality_Laptop_20-03-11]  Added 'filter','title','keyFeatures', 'about', 'techDetails' into the Map -> productResult
20:06:25 [TestNG-test-Test-1] INFO  verifyingDisplayTypeFilterFunctionality_Laptop_20-03-11 - [verifyingDisplayTypeFilterFunctionality_Laptop_20-03-11]  Added 'productResult' Map into the 'results' i.e list of maps 
20:06:25 [TestNG-test-Test-1] INFO  verifyingDisplayTypeFilterFunctionality_Laptop_20-03-11 - [verifyingDisplayTypeFilterFunctionality_Laptop_20-03-11]==========================================================================================================
20:06:25 [TestNG-test-Test-1] INFO  verifyingDisplayTypeFilterFunctionality_Laptop_20-03-11 - [verifyingDisplayTypeFilterFunctionality_Laptop_20-03-11] Within safeFindElements 
20:06:25 [TestNG-test-Test-1] INFO  verifyingDisplayTypeFilterFunctionality_Laptop_20-03-11 - [verifyingDisplayTypeFilterFunctionality_Laptop_20-03-11] Returning the  [[[ChromeDriver: chrome on windows (6c264afaf05195094f91edece5bdd6a6)] -> xpath: //div[@data-cy='title-recipe']], [[ChromeDriver: chrome on windows (6c264afaf05195094f91edece5bdd6a6)] -> xpath: //div[@data-cy='title-recipe']], [[ChromeDriver: chrome on windows (6c264afaf05195094f91edece5bdd6a6)] -> xpath: //div[@data-cy='title-recipe']], [[ChromeDriver: chrome on windows (6c264afaf05195094f91edece5bdd6a6)] -> xpath: //div[@data-cy='title-recipe']], [[ChromeDriver: chrome on windows (6c264afaf05195094f91edece5bdd6a6)] -> xpath: //div[@data-cy='title-recipe']], [[ChromeDriver: chrome on windows (6c264afaf05195094f91edece5bdd6a6)] -> xpath: //div[@data-cy='title-recipe']], [[ChromeDriver: chrome on windows (6c264afaf05195094f91edece5bdd6a6)] -> xpath: //div[@data-cy='title-recipe']], [[ChromeDriver: chrome on windows (6c264afaf05195094f91edece5bdd6a6)] -> xpath: //div[@data-cy='title-recipe']], [[ChromeDriver: chrome on windows (6c264afaf05195094f91edece5bdd6a6)] -> xpath: //div[@data-cy='title-recipe']], [[ChromeDriver: chrome on windows (6c264afaf05195094f91edece5bdd6a6)] -> xpath: //div[@data-cy='title-recipe']], [[ChromeDriver: chrome on windows (6c264afaf05195094f91edece5bdd6a6)] -> xpath: //div[@data-cy='title-recipe']], [[ChromeDriver: chrome on windows (6c264afaf05195094f91edece5bdd6a6)] -> xpath: //div[@data-cy='title-recipe']], [[ChromeDriver: chrome on windows (6c264afaf05195094f91edece5bdd6a6)] -> xpath: //div[@data-cy='title-recipe']], [[ChromeDriver: chrome on windows (6c264afaf05195094f91edece5bdd6a6)] -> xpath: //div[@data-cy='title-recipe']], [[ChromeDriver: chrome on windows (6c264afaf05195094f91edece5bdd6a6)] -> xpath: //div[@data-cy='title-recipe']], [[ChromeDriver: chrome on windows (6c264afaf05195094f91edece5bdd6a6)] -> xpath: //div[@data-cy='title-recipe']]] from the safeFindElements method
20:06:25 [TestNG-test-Test-1] INFO  verifyingDisplayTypeFilterFunctionality_Laptop_20-03-11 - [verifyingDisplayTypeFilterFunctionality_Laptop_20-03-11] Within productNameListingPage loop in applyFilterAndValidateProductsWithResult
20:06:25 [TestNG-test-Test-1] INFO  verifyingDisplayTypeFilterFunctionality_Laptop_20-03-11 - [verifyingDisplayTypeFilterFunctionality_Laptop_20-03-11] Within getProductByIndex method
20:06:25 [TestNG-test-Test-1] INFO  verifyingDisplayTypeFilterFunctionality_Laptop_20-03-11 - [verifyingDisplayTypeFilterFunctionality_Laptop_20-03-11] Within safeFindElement method
20:06:25 [TestNG-test-Test-1] INFO  verifyingDisplayTypeFilterFunctionality_Laptop_20-03-11 - [verifyingDisplayTypeFilterFunctionality_Laptop_20-03-11]Found the element returning it ,element ->[[ChromeDriver: chrome on windows (6c264afaf05195094f91edece5bdd6a6)] -> xpath: (//div[@data-cy='title-recipe'])[12]]
20:06:25 [TestNG-test-Test-1] INFO  verifyingDisplayTypeFilterFunctionality_Laptop_20-03-11 - [verifyingDisplayTypeFilterFunctionality_Laptop_20-03-11] Within getProductByIndex method
20:06:25 [TestNG-test-Test-1] INFO  verifyingDisplayTypeFilterFunctionality_Laptop_20-03-11 - [verifyingDisplayTypeFilterFunctionality_Laptop_20-03-11] Within smoothScrollToElement method
20:06:25 [TestNG-test-Test-1] INFO  verifyingDisplayTypeFilterFunctionality_Laptop_20-03-11 - [verifyingDisplayTypeFilterFunctionality_Laptop_20-03-11] Within safeFindElement method
20:06:26 [TestNG-test-Test-1] INFO  verifyingDisplayTypeFilterFunctionality_Laptop_20-03-11 - [verifyingDisplayTypeFilterFunctionality_Laptop_20-03-11]Found the element returning it ,element ->[[ChromeDriver: chrome on windows (6c264afaf05195094f91edece5bdd6a6)] -> xpath: (//div[@data-cy='title-recipe'])[12]]
20:06:26 [TestNG-test-Test-1] INFO  verifyingDisplayTypeFilterFunctionality_Laptop_20-03-11 - [verifyingDisplayTypeFilterFunctionality_Laptop_20-03-11] Successfully scrolled to element: By.xpath: (//div[@data-cy='title-recipe'])[12]
20:06:26 [TestNG-test-Test-1] INFO  verifyingDisplayTypeFilterFunctionality_Laptop_20-03-11 - [verifyingDisplayTypeFilterFunctionality_Laptop_20-03-11] Getting product by index in productNameListingPage loop
20:06:26 [TestNG-test-Test-1] INFO  verifyingDisplayTypeFilterFunctionality_Laptop_20-03-11 - [verifyingDisplayTypeFilterFunctionality_Laptop_20-03-11] Opened product in new tab via Ctrl+Click inside productNameListingPage loop
20:06:26 [TestNG-test-Test-1] INFO  verifyingDisplayTypeFilterFunctionality_Laptop_20-03-11 - [verifyingDisplayTypeFilterFunctionality_Laptop_20-03-11] Waiting for new window to open...
20:06:26 [TestNG-test-Test-1] INFO  verifyingDisplayTypeFilterFunctionality_Laptop_20-03-11 - [verifyingDisplayTypeFilterFunctionality_Laptop_20-03-11] Switched to new window -> 85E0CC29B9334292C53CB37984DB67A7
20:06:26 [TestNG-test-Test-1] INFO  verifyingDisplayTypeFilterFunctionality_Laptop_20-03-11 - [verifyingDisplayTypeFilterFunctionality_Laptop_20-03-11] Swithcing to the new window  within productNameListingPage loop
20:06:26 [TestNG-test-Test-1] INFO  verifyingDisplayTypeFilterFunctionality_Laptop_20-03-11 - [verifyingDisplayTypeFilterFunctionality_Laptop_20-03-11] Clicked product name to open in new tab from productNameListingPage loop
20:06:26 [TestNG-test-Test-1] INFO  verifyingDisplayTypeFilterFunctionality_Laptop_20-03-11 - [verifyingDisplayTypeFilterFunctionality_Laptop_20-03-11] Within safeFindElement method
20:06:30 [TestNG-test-Test-1] INFO  verifyingDisplayTypeFilterFunctionality_Laptop_20-03-11 - [verifyingDisplayTypeFilterFunctionality_Laptop_20-03-11]Found the element returning it ,element ->[[ChromeDriver: chrome on windows (6c264afaf05195094f91edece5bdd6a6)] -> xpath: //span[@id='productTitle']]
20:06:30 [TestNG-test-Test-1] INFO  verifyingDisplayTypeFilterFunctionality_Laptop_20-03-11 - [verifyingDisplayTypeFilterFunctionality_Laptop_20-03-11] Within safeFindElement method
20:06:30 [TestNG-test-Test-1] INFO  verifyingDisplayTypeFilterFunctionality_Laptop_20-03-11 - [verifyingDisplayTypeFilterFunctionality_Laptop_20-03-11]Found the element returning it ,element ->[[ChromeDriver: chrome on windows (6c264afaf05195094f91edece5bdd6a6)] -> xpath: //div[@class='a-section a-spacing-small a-spacing-top-small']]
20:06:31 [TestNG-test-Test-1] INFO  verifyingDisplayTypeFilterFunctionality_Laptop_20-03-11 - [verifyingDisplayTypeFilterFunctionality_Laptop_20-03-11] Within safeFindElement method
20:06:31 [TestNG-test-Test-1] INFO  verifyingDisplayTypeFilterFunctionality_Laptop_20-03-11 - [verifyingDisplayTypeFilterFunctionality_Laptop_20-03-11]Found the element returning it ,element ->[[ChromeDriver: chrome on windows (6c264afaf05195094f91edece5bdd6a6)] -> xpath: //div[@id='feature-bullets']]
20:06:31 [TestNG-test-Test-1] INFO  verifyingDisplayTypeFilterFunctionality_Laptop_20-03-11 - [verifyingDisplayTypeFilterFunctionality_Laptop_20-03-11] Within safeFindElement method
20:06:31 [TestNG-test-Test-1] INFO  verifyingDisplayTypeFilterFunctionality_Laptop_20-03-11 - [verifyingDisplayTypeFilterFunctionality_Laptop_20-03-11]Found the element returning it ,element ->[[ChromeDriver: chrome on windows (6c264afaf05195094f91edece5bdd6a6)] -> xpath: //div[@id='prodDetails']]
20:06:31 [TestNG-test-Test-1] INFO  verifyingDisplayTypeFilterFunctionality_Laptop_20-03-11 - [verifyingDisplayTypeFilterFunctionality_Laptop_20-03-11] Extracting 'name' , 'keyFeatures', 'about' , 'techDetails' within productNameListingPage loop
20:06:31 [TestNG-test-Test-1] INFO  verifyingDisplayTypeFilterFunctionality_Laptop_20-03-11 - [verifyingDisplayTypeFilterFunctionality_Laptop_20-03-11] Waiting until element is visible in viewport
20:06:41 [TestNG-test-Test-1] INFO  verifyingDisplayTypeFilterFunctionality_Laptop_20-03-11 - [verifyingDisplayTypeFilterFunctionality_Laptop_20-03-11] Within smoothScrollToElement method
20:06:41 [TestNG-test-Test-1] INFO  verifyingDisplayTypeFilterFunctionality_Laptop_20-03-11 - [verifyingDisplayTypeFilterFunctionality_Laptop_20-03-11] Within safeFindElement method
20:06:42 [TestNG-test-Test-1] INFO  verifyingDisplayTypeFilterFunctionality_Laptop_20-03-11 - [verifyingDisplayTypeFilterFunctionality_Laptop_20-03-11]Found the element returning it ,element ->[[ChromeDriver: chrome on windows (6c264afaf05195094f91edece5bdd6a6)] -> xpath: //a[@id='seeMoreDetailsLink']]
20:06:42 [TestNG-test-Test-1] INFO  verifyingDisplayTypeFilterFunctionality_Laptop_20-03-11 - [verifyingDisplayTypeFilterFunctionality_Laptop_20-03-11] Successfully scrolled to element: By.xpath: //a[@id='seeMoreDetailsLink']
20:06:42 [TestNG-test-Test-1] INFO  verifyingDisplayTypeFilterFunctionality_Laptop_20-03-11 - [verifyingDisplayTypeFilterFunctionality_Laptop_20-03-11] Within safeClick method
20:06:42 [TestNG-test-Test-1] INFO  verifyingDisplayTypeFilterFunctionality_Laptop_20-03-11 - [verifyingDisplayTypeFilterFunctionality_Laptop_20-03-11] Clicked the  [[ChromeDriver: chrome on windows (6c264afaf05195094f91edece5bdd6a6)] -> xpath: //a[@id='seeMoreDetailsLink']]   using safeClick
20:06:42 [TestNG-test-Test-1] INFO  verifyingDisplayTypeFilterFunctionality_Laptop_20-03-11 - [verifyingDisplayTypeFilterFunctionality_Laptop_20-03-11] Within try block for clicking see more deatils within productNameListingPage loop
20:06:42 [TestNG-test-Test-1] INFO  verifyingDisplayTypeFilterFunctionality_Laptop_20-03-11 - [verifyingDisplayTypeFilterFunctionality_Laptop_20-03-11] Within closeCurrentWindowAndSwitchBack method
20:06:42 [TestNG-test-Test-1] INFO  verifyingDisplayTypeFilterFunctionality_Laptop_20-03-11 - [verifyingDisplayTypeFilterFunctionality_Laptop_20-03-11] Total open windows/tabs count -> 2
20:06:42 [TestNG-test-Test-1] INFO  verifyingDisplayTypeFilterFunctionality_Laptop_20-03-11 - [verifyingDisplayTypeFilterFunctionality_Laptop_20-03-11] Original window handle -> 314D7369A7559D1F60EDBA893E955B9C
20:06:42 [TestNG-test-Test-1] INFO  verifyingDisplayTypeFilterFunctionality_Laptop_20-03-11 - [verifyingDisplayTypeFilterFunctionality_Laptop_20-03-11] Found new tab/window handle -> 85E0CC29B9334292C53CB37984DB67A7 (will be closed)
20:06:42 [TestNG-test-Test-1] INFO  verifyingDisplayTypeFilterFunctionality_Laptop_20-03-11 - [verifyingDisplayTypeFilterFunctionality_Laptop_20-03-11] Successfully switched to new tab/window -> 85E0CC29B9334292C53CB37984DB67A7
20:06:43 [TestNG-test-Test-1] INFO  verifyingDisplayTypeFilterFunctionality_Laptop_20-03-11 - [verifyingDisplayTypeFilterFunctionality_Laptop_20-03-11] Closed the newly opened tab/window -> 85E0CC29B9334292C53CB37984DB67A7
20:06:43 [TestNG-test-Test-1] INFO  verifyingDisplayTypeFilterFunctionality_Laptop_20-03-11 - [verifyingDisplayTypeFilterFunctionality_Laptop_20-03-11] Switched back to the original window -> 314D7369A7559D1F60EDBA893E955B9C
20:06:43 [TestNG-test-Test-1] INFO  verifyingDisplayTypeFilterFunctionality_Laptop_20-03-11 - [verifyingDisplayTypeFilterFunctionality_Laptop_20-03-11]  going back to product listing via closeCurrentWindowAndSwitchBack 
20:06:43 [TestNG-test-Test-1] INFO  verifyingDisplayTypeFilterFunctionality_Laptop_20-03-11 - [verifyingDisplayTypeFilterFunctionality_Laptop_20-03-11]  Added 'filter','title','keyFeatures', 'about', 'techDetails' into the Map -> productResult
20:06:43 [TestNG-test-Test-1] INFO  verifyingDisplayTypeFilterFunctionality_Laptop_20-03-11 - [verifyingDisplayTypeFilterFunctionality_Laptop_20-03-11]  Added 'productResult' Map into the 'results' i.e list of maps 
20:06:43 [TestNG-test-Test-1] INFO  verifyingDisplayTypeFilterFunctionality_Laptop_20-03-11 - [verifyingDisplayTypeFilterFunctionality_Laptop_20-03-11]==========================================================================================================
20:06:43 [TestNG-test-Test-1] INFO  verifyingDisplayTypeFilterFunctionality_Laptop_20-03-11 - [verifyingDisplayTypeFilterFunctionality_Laptop_20-03-11] Within safeFindElements 
20:06:43 [TestNG-test-Test-1] INFO  verifyingDisplayTypeFilterFunctionality_Laptop_20-03-11 - [verifyingDisplayTypeFilterFunctionality_Laptop_20-03-11] Returning the  [[[ChromeDriver: chrome on windows (6c264afaf05195094f91edece5bdd6a6)] -> xpath: //div[@data-cy='title-recipe']], [[ChromeDriver: chrome on windows (6c264afaf05195094f91edece5bdd6a6)] -> xpath: //div[@data-cy='title-recipe']], [[ChromeDriver: chrome on windows (6c264afaf05195094f91edece5bdd6a6)] -> xpath: //div[@data-cy='title-recipe']], [[ChromeDriver: chrome on windows (6c264afaf05195094f91edece5bdd6a6)] -> xpath: //div[@data-cy='title-recipe']], [[ChromeDriver: chrome on windows (6c264afaf05195094f91edece5bdd6a6)] -> xpath: //div[@data-cy='title-recipe']], [[ChromeDriver: chrome on windows (6c264afaf05195094f91edece5bdd6a6)] -> xpath: //div[@data-cy='title-recipe']], [[ChromeDriver: chrome on windows (6c264afaf05195094f91edece5bdd6a6)] -> xpath: //div[@data-cy='title-recipe']], [[ChromeDriver: chrome on windows (6c264afaf05195094f91edece5bdd6a6)] -> xpath: //div[@data-cy='title-recipe']], [[ChromeDriver: chrome on windows (6c264afaf05195094f91edece5bdd6a6)] -> xpath: //div[@data-cy='title-recipe']], [[ChromeDriver: chrome on windows (6c264afaf05195094f91edece5bdd6a6)] -> xpath: //div[@data-cy='title-recipe']], [[ChromeDriver: chrome on windows (6c264afaf05195094f91edece5bdd6a6)] -> xpath: //div[@data-cy='title-recipe']], [[ChromeDriver: chrome on windows (6c264afaf05195094f91edece5bdd6a6)] -> xpath: //div[@data-cy='title-recipe']], [[ChromeDriver: chrome on windows (6c264afaf05195094f91edece5bdd6a6)] -> xpath: //div[@data-cy='title-recipe']], [[ChromeDriver: chrome on windows (6c264afaf05195094f91edece5bdd6a6)] -> xpath: //div[@data-cy='title-recipe']], [[ChromeDriver: chrome on windows (6c264afaf05195094f91edece5bdd6a6)] -> xpath: //div[@data-cy='title-recipe']], [[ChromeDriver: chrome on windows (6c264afaf05195094f91edece5bdd6a6)] -> xpath: //div[@data-cy='title-recipe']]] from the safeFindElements method
20:06:43 [TestNG-test-Test-1] INFO  verifyingDisplayTypeFilterFunctionality_Laptop_20-03-11 - [verifyingDisplayTypeFilterFunctionality_Laptop_20-03-11] Within productNameListingPage loop in applyFilterAndValidateProductsWithResult
20:06:43 [TestNG-test-Test-1] INFO  verifyingDisplayTypeFilterFunctionality_Laptop_20-03-11 - [verifyingDisplayTypeFilterFunctionality_Laptop_20-03-11] Within getProductByIndex method
20:06:43 [TestNG-test-Test-1] INFO  verifyingDisplayTypeFilterFunctionality_Laptop_20-03-11 - [verifyingDisplayTypeFilterFunctionality_Laptop_20-03-11] Within safeFindElement method
20:06:43 [TestNG-test-Test-1] INFO  verifyingDisplayTypeFilterFunctionality_Laptop_20-03-11 - [verifyingDisplayTypeFilterFunctionality_Laptop_20-03-11]Found the element returning it ,element ->[[ChromeDriver: chrome on windows (6c264afaf05195094f91edece5bdd6a6)] -> xpath: (//div[@data-cy='title-recipe'])[13]]
20:06:43 [TestNG-test-Test-1] INFO  verifyingDisplayTypeFilterFunctionality_Laptop_20-03-11 - [verifyingDisplayTypeFilterFunctionality_Laptop_20-03-11] Within getProductByIndex method
20:06:43 [TestNG-test-Test-1] INFO  verifyingDisplayTypeFilterFunctionality_Laptop_20-03-11 - [verifyingDisplayTypeFilterFunctionality_Laptop_20-03-11] Within smoothScrollToElement method
20:06:43 [TestNG-test-Test-1] INFO  verifyingDisplayTypeFilterFunctionality_Laptop_20-03-11 - [verifyingDisplayTypeFilterFunctionality_Laptop_20-03-11] Within safeFindElement method
20:06:43 [TestNG-test-Test-1] INFO  verifyingDisplayTypeFilterFunctionality_Laptop_20-03-11 - [verifyingDisplayTypeFilterFunctionality_Laptop_20-03-11]Found the element returning it ,element ->[[ChromeDriver: chrome on windows (6c264afaf05195094f91edece5bdd6a6)] -> xpath: (//div[@data-cy='title-recipe'])[13]]
20:06:43 [TestNG-test-Test-1] INFO  verifyingDisplayTypeFilterFunctionality_Laptop_20-03-11 - [verifyingDisplayTypeFilterFunctionality_Laptop_20-03-11] Successfully scrolled to element: By.xpath: (//div[@data-cy='title-recipe'])[13]
20:06:43 [TestNG-test-Test-1] INFO  verifyingDisplayTypeFilterFunctionality_Laptop_20-03-11 - [verifyingDisplayTypeFilterFunctionality_Laptop_20-03-11] Getting product by index in productNameListingPage loop
20:06:43 [TestNG-test-Test-1] INFO  verifyingDisplayTypeFilterFunctionality_Laptop_20-03-11 - [verifyingDisplayTypeFilterFunctionality_Laptop_20-03-11] Opened product in new tab via Ctrl+Click inside productNameListingPage loop
20:06:43 [TestNG-test-Test-1] INFO  verifyingDisplayTypeFilterFunctionality_Laptop_20-03-11 - [verifyingDisplayTypeFilterFunctionality_Laptop_20-03-11] Waiting for new window to open...
20:06:43 [TestNG-test-Test-1] INFO  verifyingDisplayTypeFilterFunctionality_Laptop_20-03-11 - [verifyingDisplayTypeFilterFunctionality_Laptop_20-03-11] Switched to new window -> A779C1EF45D1CFFB4634F839C1F4E511
20:06:43 [TestNG-test-Test-1] INFO  verifyingDisplayTypeFilterFunctionality_Laptop_20-03-11 - [verifyingDisplayTypeFilterFunctionality_Laptop_20-03-11] Swithcing to the new window  within productNameListingPage loop
20:06:43 [TestNG-test-Test-1] INFO  verifyingDisplayTypeFilterFunctionality_Laptop_20-03-11 - [verifyingDisplayTypeFilterFunctionality_Laptop_20-03-11] Clicked product name to open in new tab from productNameListingPage loop
20:06:43 [TestNG-test-Test-1] INFO  verifyingDisplayTypeFilterFunctionality_Laptop_20-03-11 - [verifyingDisplayTypeFilterFunctionality_Laptop_20-03-11] Within safeFindElement method
20:06:48 [TestNG-test-Test-1] INFO  verifyingDisplayTypeFilterFunctionality_Laptop_20-03-11 - [verifyingDisplayTypeFilterFunctionality_Laptop_20-03-11]Found the element returning it ,element ->[[ChromeDriver: chrome on windows (6c264afaf05195094f91edece5bdd6a6)] -> xpath: //span[@id='productTitle']]
20:06:48 [TestNG-test-Test-1] INFO  verifyingDisplayTypeFilterFunctionality_Laptop_20-03-11 - [verifyingDisplayTypeFilterFunctionality_Laptop_20-03-11] Within safeFindElement method
20:06:48 [TestNG-test-Test-1] INFO  verifyingDisplayTypeFilterFunctionality_Laptop_20-03-11 - [verifyingDisplayTypeFilterFunctionality_Laptop_20-03-11]Found the element returning it ,element ->[[ChromeDriver: chrome on windows (6c264afaf05195094f91edece5bdd6a6)] -> xpath: //div[@class='a-section a-spacing-small a-spacing-top-small']]
20:06:48 [TestNG-test-Test-1] INFO  verifyingDisplayTypeFilterFunctionality_Laptop_20-03-11 - [verifyingDisplayTypeFilterFunctionality_Laptop_20-03-11] Within safeFindElement method
20:06:49 [TestNG-test-Test-1] INFO  verifyingDisplayTypeFilterFunctionality_Laptop_20-03-11 - [verifyingDisplayTypeFilterFunctionality_Laptop_20-03-11]Found the element returning it ,element ->[[ChromeDriver: chrome on windows (6c264afaf05195094f91edece5bdd6a6)] -> xpath: //div[@id='feature-bullets']]
20:06:49 [TestNG-test-Test-1] INFO  verifyingDisplayTypeFilterFunctionality_Laptop_20-03-11 - [verifyingDisplayTypeFilterFunctionality_Laptop_20-03-11] Within safeFindElement method
20:06:49 [TestNG-test-Test-1] INFO  verifyingDisplayTypeFilterFunctionality_Laptop_20-03-11 - [verifyingDisplayTypeFilterFunctionality_Laptop_20-03-11]Found the element returning it ,element ->[[ChromeDriver: chrome on windows (6c264afaf05195094f91edece5bdd6a6)] -> xpath: //div[@id='prodDetails']]
20:06:49 [TestNG-test-Test-1] INFO  verifyingDisplayTypeFilterFunctionality_Laptop_20-03-11 - [verifyingDisplayTypeFilterFunctionality_Laptop_20-03-11] Extracting 'name' , 'keyFeatures', 'about' , 'techDetails' within productNameListingPage loop
20:06:49 [TestNG-test-Test-1] INFO  verifyingDisplayTypeFilterFunctionality_Laptop_20-03-11 - [verifyingDisplayTypeFilterFunctionality_Laptop_20-03-11] Waiting until element is visible in viewport
20:07:00 [TestNG-test-Test-1] INFO  verifyingDisplayTypeFilterFunctionality_Laptop_20-03-11 - [verifyingDisplayTypeFilterFunctionality_Laptop_20-03-11] Within smoothScrollToElement method
20:07:00 [TestNG-test-Test-1] INFO  verifyingDisplayTypeFilterFunctionality_Laptop_20-03-11 - [verifyingDisplayTypeFilterFunctionality_Laptop_20-03-11] Within safeFindElement method
20:07:00 [TestNG-test-Test-1] INFO  verifyingDisplayTypeFilterFunctionality_Laptop_20-03-11 - [verifyingDisplayTypeFilterFunctionality_Laptop_20-03-11]Found the element returning it ,element ->[[ChromeDriver: chrome on windows (6c264afaf05195094f91edece5bdd6a6)] -> xpath: //a[@id='seeMoreDetailsLink']]
20:07:00 [TestNG-test-Test-1] INFO  verifyingDisplayTypeFilterFunctionality_Laptop_20-03-11 - [verifyingDisplayTypeFilterFunctionality_Laptop_20-03-11] Successfully scrolled to element: By.xpath: //a[@id='seeMoreDetailsLink']
20:07:00 [TestNG-test-Test-1] INFO  verifyingDisplayTypeFilterFunctionality_Laptop_20-03-11 - [verifyingDisplayTypeFilterFunctionality_Laptop_20-03-11] Within safeClick method
20:07:00 [TestNG-test-Test-1] INFO  verifyingDisplayTypeFilterFunctionality_Laptop_20-03-11 - [verifyingDisplayTypeFilterFunctionality_Laptop_20-03-11] Clicked the  [[ChromeDriver: chrome on windows (6c264afaf05195094f91edece5bdd6a6)] -> xpath: //a[@id='seeMoreDetailsLink']]   using safeClick
20:07:00 [TestNG-test-Test-1] INFO  verifyingDisplayTypeFilterFunctionality_Laptop_20-03-11 - [verifyingDisplayTypeFilterFunctionality_Laptop_20-03-11] Within try block for clicking see more deatils within productNameListingPage loop
20:07:00 [TestNG-test-Test-1] INFO  verifyingDisplayTypeFilterFunctionality_Laptop_20-03-11 - [verifyingDisplayTypeFilterFunctionality_Laptop_20-03-11] Within closeCurrentWindowAndSwitchBack method
20:07:00 [TestNG-test-Test-1] INFO  verifyingDisplayTypeFilterFunctionality_Laptop_20-03-11 - [verifyingDisplayTypeFilterFunctionality_Laptop_20-03-11] Total open windows/tabs count -> 2
20:07:00 [TestNG-test-Test-1] INFO  verifyingDisplayTypeFilterFunctionality_Laptop_20-03-11 - [verifyingDisplayTypeFilterFunctionality_Laptop_20-03-11] Original window handle -> 314D7369A7559D1F60EDBA893E955B9C
20:07:00 [TestNG-test-Test-1] INFO  verifyingDisplayTypeFilterFunctionality_Laptop_20-03-11 - [verifyingDisplayTypeFilterFunctionality_Laptop_20-03-11] Found new tab/window handle -> A779C1EF45D1CFFB4634F839C1F4E511 (will be closed)
20:07:00 [TestNG-test-Test-1] INFO  verifyingDisplayTypeFilterFunctionality_Laptop_20-03-11 - [verifyingDisplayTypeFilterFunctionality_Laptop_20-03-11] Successfully switched to new tab/window -> A779C1EF45D1CFFB4634F839C1F4E511
20:07:00 [TestNG-test-Test-1] INFO  verifyingDisplayTypeFilterFunctionality_Laptop_20-03-11 - [verifyingDisplayTypeFilterFunctionality_Laptop_20-03-11] Closed the newly opened tab/window -> A779C1EF45D1CFFB4634F839C1F4E511
20:07:00 [TestNG-test-Test-1] INFO  verifyingDisplayTypeFilterFunctionality_Laptop_20-03-11 - [verifyingDisplayTypeFilterFunctionality_Laptop_20-03-11] Switched back to the original window -> 314D7369A7559D1F60EDBA893E955B9C
20:07:00 [TestNG-test-Test-1] INFO  verifyingDisplayTypeFilterFunctionality_Laptop_20-03-11 - [verifyingDisplayTypeFilterFunctionality_Laptop_20-03-11]  going back to product listing via closeCurrentWindowAndSwitchBack 
20:07:00 [TestNG-test-Test-1] INFO  verifyingDisplayTypeFilterFunctionality_Laptop_20-03-11 - [verifyingDisplayTypeFilterFunctionality_Laptop_20-03-11]  Added 'filter','title','keyFeatures', 'about', 'techDetails' into the Map -> productResult
20:07:00 [TestNG-test-Test-1] INFO  verifyingDisplayTypeFilterFunctionality_Laptop_20-03-11 - [verifyingDisplayTypeFilterFunctionality_Laptop_20-03-11]  Added 'productResult' Map into the 'results' i.e list of maps 
20:07:00 [TestNG-test-Test-1] INFO  verifyingDisplayTypeFilterFunctionality_Laptop_20-03-11 - [verifyingDisplayTypeFilterFunctionality_Laptop_20-03-11]==========================================================================================================
20:07:00 [TestNG-test-Test-1] INFO  verifyingDisplayTypeFilterFunctionality_Laptop_20-03-11 - [verifyingDisplayTypeFilterFunctionality_Laptop_20-03-11] Within safeFindElements 
20:07:00 [TestNG-test-Test-1] INFO  verifyingDisplayTypeFilterFunctionality_Laptop_20-03-11 - [verifyingDisplayTypeFilterFunctionality_Laptop_20-03-11] Returning the  [[[ChromeDriver: chrome on windows (6c264afaf05195094f91edece5bdd6a6)] -> xpath: //div[@data-cy='title-recipe']], [[ChromeDriver: chrome on windows (6c264afaf05195094f91edece5bdd6a6)] -> xpath: //div[@data-cy='title-recipe']], [[ChromeDriver: chrome on windows (6c264afaf05195094f91edece5bdd6a6)] -> xpath: //div[@data-cy='title-recipe']], [[ChromeDriver: chrome on windows (6c264afaf05195094f91edece5bdd6a6)] -> xpath: //div[@data-cy='title-recipe']], [[ChromeDriver: chrome on windows (6c264afaf05195094f91edece5bdd6a6)] -> xpath: //div[@data-cy='title-recipe']], [[ChromeDriver: chrome on windows (6c264afaf05195094f91edece5bdd6a6)] -> xpath: //div[@data-cy='title-recipe']], [[ChromeDriver: chrome on windows (6c264afaf05195094f91edece5bdd6a6)] -> xpath: //div[@data-cy='title-recipe']], [[ChromeDriver: chrome on windows (6c264afaf05195094f91edece5bdd6a6)] -> xpath: //div[@data-cy='title-recipe']], [[ChromeDriver: chrome on windows (6c264afaf05195094f91edece5bdd6a6)] -> xpath: //div[@data-cy='title-recipe']], [[ChromeDriver: chrome on windows (6c264afaf05195094f91edece5bdd6a6)] -> xpath: //div[@data-cy='title-recipe']], [[ChromeDriver: chrome on windows (6c264afaf05195094f91edece5bdd6a6)] -> xpath: //div[@data-cy='title-recipe']], [[ChromeDriver: chrome on windows (6c264afaf05195094f91edece5bdd6a6)] -> xpath: //div[@data-cy='title-recipe']], [[ChromeDriver: chrome on windows (6c264afaf05195094f91edece5bdd6a6)] -> xpath: //div[@data-cy='title-recipe']], [[ChromeDriver: chrome on windows (6c264afaf05195094f91edece5bdd6a6)] -> xpath: //div[@data-cy='title-recipe']], [[ChromeDriver: chrome on windows (6c264afaf05195094f91edece5bdd6a6)] -> xpath: //div[@data-cy='title-recipe']], [[ChromeDriver: chrome on windows (6c264afaf05195094f91edece5bdd6a6)] -> xpath: //div[@data-cy='title-recipe']]] from the safeFindElements method
20:07:00 [TestNG-test-Test-1] INFO  verifyingDisplayTypeFilterFunctionality_Laptop_20-03-11 - [verifyingDisplayTypeFilterFunctionality_Laptop_20-03-11] Within productNameListingPage loop in applyFilterAndValidateProductsWithResult
20:07:00 [TestNG-test-Test-1] INFO  verifyingDisplayTypeFilterFunctionality_Laptop_20-03-11 - [verifyingDisplayTypeFilterFunctionality_Laptop_20-03-11] Within getProductByIndex method
20:07:00 [TestNG-test-Test-1] INFO  verifyingDisplayTypeFilterFunctionality_Laptop_20-03-11 - [verifyingDisplayTypeFilterFunctionality_Laptop_20-03-11] Within safeFindElement method
20:07:01 [TestNG-test-Test-1] INFO  verifyingDisplayTypeFilterFunctionality_Laptop_20-03-11 - [verifyingDisplayTypeFilterFunctionality_Laptop_20-03-11]Found the element returning it ,element ->[[ChromeDriver: chrome on windows (6c264afaf05195094f91edece5bdd6a6)] -> xpath: (//div[@data-cy='title-recipe'])[14]]
20:07:01 [TestNG-test-Test-1] INFO  verifyingDisplayTypeFilterFunctionality_Laptop_20-03-11 - [verifyingDisplayTypeFilterFunctionality_Laptop_20-03-11] Within getProductByIndex method
20:07:01 [TestNG-test-Test-1] INFO  verifyingDisplayTypeFilterFunctionality_Laptop_20-03-11 - [verifyingDisplayTypeFilterFunctionality_Laptop_20-03-11] Within smoothScrollToElement method
20:07:01 [TestNG-test-Test-1] INFO  verifyingDisplayTypeFilterFunctionality_Laptop_20-03-11 - [verifyingDisplayTypeFilterFunctionality_Laptop_20-03-11] Within safeFindElement method
20:07:01 [TestNG-test-Test-1] INFO  verifyingDisplayTypeFilterFunctionality_Laptop_20-03-11 - [verifyingDisplayTypeFilterFunctionality_Laptop_20-03-11]Found the element returning it ,element ->[[ChromeDriver: chrome on windows (6c264afaf05195094f91edece5bdd6a6)] -> xpath: (//div[@data-cy='title-recipe'])[14]]
20:07:01 [TestNG-test-Test-1] INFO  verifyingDisplayTypeFilterFunctionality_Laptop_20-03-11 - [verifyingDisplayTypeFilterFunctionality_Laptop_20-03-11] Successfully scrolled to element: By.xpath: (//div[@data-cy='title-recipe'])[14]
20:07:01 [TestNG-test-Test-1] INFO  verifyingDisplayTypeFilterFunctionality_Laptop_20-03-11 - [verifyingDisplayTypeFilterFunctionality_Laptop_20-03-11] Getting product by index in productNameListingPage loop
20:07:01 [TestNG-test-Test-1] INFO  verifyingDisplayTypeFilterFunctionality_Laptop_20-03-11 - [verifyingDisplayTypeFilterFunctionality_Laptop_20-03-11] Opened product in new tab via Ctrl+Click inside productNameListingPage loop
20:07:01 [TestNG-test-Test-1] INFO  verifyingDisplayTypeFilterFunctionality_Laptop_20-03-11 - [verifyingDisplayTypeFilterFunctionality_Laptop_20-03-11] Waiting for new window to open...
20:07:01 [TestNG-test-Test-1] INFO  verifyingDisplayTypeFilterFunctionality_Laptop_20-03-11 - [verifyingDisplayTypeFilterFunctionality_Laptop_20-03-11] Switched to new window -> 9F053E25979E6423F33EE41F57D3BB09
20:07:01 [TestNG-test-Test-1] INFO  verifyingDisplayTypeFilterFunctionality_Laptop_20-03-11 - [verifyingDisplayTypeFilterFunctionality_Laptop_20-03-11] Swithcing to the new window  within productNameListingPage loop
20:07:01 [TestNG-test-Test-1] INFO  verifyingDisplayTypeFilterFunctionality_Laptop_20-03-11 - [verifyingDisplayTypeFilterFunctionality_Laptop_20-03-11] Clicked product name to open in new tab from productNameListingPage loop
20:07:01 [TestNG-test-Test-1] INFO  verifyingDisplayTypeFilterFunctionality_Laptop_20-03-11 - [verifyingDisplayTypeFilterFunctionality_Laptop_20-03-11] Within safeFindElement method
20:07:05 [TestNG-test-Test-1] INFO  verifyingDisplayTypeFilterFunctionality_Laptop_20-03-11 - [verifyingDisplayTypeFilterFunctionality_Laptop_20-03-11]Found the element returning it ,element ->[[ChromeDriver: chrome on windows (6c264afaf05195094f91edece5bdd6a6)] -> xpath: //span[@id='productTitle']]
20:07:05 [TestNG-test-Test-1] INFO  verifyingDisplayTypeFilterFunctionality_Laptop_20-03-11 - [verifyingDisplayTypeFilterFunctionality_Laptop_20-03-11] Within safeFindElement method
20:07:05 [TestNG-test-Test-1] INFO  verifyingDisplayTypeFilterFunctionality_Laptop_20-03-11 - [verifyingDisplayTypeFilterFunctionality_Laptop_20-03-11]Found the element returning it ,element ->[[ChromeDriver: chrome on windows (6c264afaf05195094f91edece5bdd6a6)] -> xpath: //div[@class='a-section a-spacing-small a-spacing-top-small']]
20:07:05 [TestNG-test-Test-1] INFO  verifyingDisplayTypeFilterFunctionality_Laptop_20-03-11 - [verifyingDisplayTypeFilterFunctionality_Laptop_20-03-11] Within safeFindElement method
20:07:06 [TestNG-test-Test-1] INFO  verifyingDisplayTypeFilterFunctionality_Laptop_20-03-11 - [verifyingDisplayTypeFilterFunctionality_Laptop_20-03-11]Found the element returning it ,element ->[[ChromeDriver: chrome on windows (6c264afaf05195094f91edece5bdd6a6)] -> xpath: //div[@id='feature-bullets']]
20:07:06 [TestNG-test-Test-1] INFO  verifyingDisplayTypeFilterFunctionality_Laptop_20-03-11 - [verifyingDisplayTypeFilterFunctionality_Laptop_20-03-11] Within safeFindElement method
20:07:06 [TestNG-test-Test-1] INFO  verifyingDisplayTypeFilterFunctionality_Laptop_20-03-11 - [verifyingDisplayTypeFilterFunctionality_Laptop_20-03-11]Found the element returning it ,element ->[[ChromeDriver: chrome on windows (6c264afaf05195094f91edece5bdd6a6)] -> xpath: //div[@id='prodDetails']]
20:07:06 [TestNG-test-Test-1] INFO  verifyingDisplayTypeFilterFunctionality_Laptop_20-03-11 - [verifyingDisplayTypeFilterFunctionality_Laptop_20-03-11] Extracting 'name' , 'keyFeatures', 'about' , 'techDetails' within productNameListingPage loop
20:07:06 [TestNG-test-Test-1] INFO  verifyingDisplayTypeFilterFunctionality_Laptop_20-03-11 - [verifyingDisplayTypeFilterFunctionality_Laptop_20-03-11] Waiting until element is visible in viewport
20:07:17 [TestNG-test-Test-1] INFO  verifyingDisplayTypeFilterFunctionality_Laptop_20-03-11 - [verifyingDisplayTypeFilterFunctionality_Laptop_20-03-11] Within smoothScrollToElement method
20:07:17 [TestNG-test-Test-1] INFO  verifyingDisplayTypeFilterFunctionality_Laptop_20-03-11 - [verifyingDisplayTypeFilterFunctionality_Laptop_20-03-11] Within safeFindElement method
20:07:17 [TestNG-test-Test-1] INFO  verifyingDisplayTypeFilterFunctionality_Laptop_20-03-11 - [verifyingDisplayTypeFilterFunctionality_Laptop_20-03-11]Found the element returning it ,element ->[[ChromeDriver: chrome on windows (6c264afaf05195094f91edece5bdd6a6)] -> xpath: //a[@id='seeMoreDetailsLink']]
20:07:17 [TestNG-test-Test-1] INFO  verifyingDisplayTypeFilterFunctionality_Laptop_20-03-11 - [verifyingDisplayTypeFilterFunctionality_Laptop_20-03-11] Successfully scrolled to element: By.xpath: //a[@id='seeMoreDetailsLink']
20:07:17 [TestNG-test-Test-1] INFO  verifyingDisplayTypeFilterFunctionality_Laptop_20-03-11 - [verifyingDisplayTypeFilterFunctionality_Laptop_20-03-11] Within safeClick method
20:07:17 [TestNG-test-Test-1] INFO  verifyingDisplayTypeFilterFunctionality_Laptop_20-03-11 - [verifyingDisplayTypeFilterFunctionality_Laptop_20-03-11] Clicked the  [[ChromeDriver: chrome on windows (6c264afaf05195094f91edece5bdd6a6)] -> xpath: //a[@id='seeMoreDetailsLink']]   using safeClick
20:07:17 [TestNG-test-Test-1] INFO  verifyingDisplayTypeFilterFunctionality_Laptop_20-03-11 - [verifyingDisplayTypeFilterFunctionality_Laptop_20-03-11] Within try block for clicking see more deatils within productNameListingPage loop
20:07:17 [TestNG-test-Test-1] INFO  verifyingDisplayTypeFilterFunctionality_Laptop_20-03-11 - [verifyingDisplayTypeFilterFunctionality_Laptop_20-03-11] Within closeCurrentWindowAndSwitchBack method
20:07:17 [TestNG-test-Test-1] INFO  verifyingDisplayTypeFilterFunctionality_Laptop_20-03-11 - [verifyingDisplayTypeFilterFunctionality_Laptop_20-03-11] Total open windows/tabs count -> 2
20:07:17 [TestNG-test-Test-1] INFO  verifyingDisplayTypeFilterFunctionality_Laptop_20-03-11 - [verifyingDisplayTypeFilterFunctionality_Laptop_20-03-11] Original window handle -> 314D7369A7559D1F60EDBA893E955B9C
20:07:17 [TestNG-test-Test-1] INFO  verifyingDisplayTypeFilterFunctionality_Laptop_20-03-11 - [verifyingDisplayTypeFilterFunctionality_Laptop_20-03-11] Found new tab/window handle -> 9F053E25979E6423F33EE41F57D3BB09 (will be closed)
20:07:17 [TestNG-test-Test-1] INFO  verifyingDisplayTypeFilterFunctionality_Laptop_20-03-11 - [verifyingDisplayTypeFilterFunctionality_Laptop_20-03-11] Successfully switched to new tab/window -> 9F053E25979E6423F33EE41F57D3BB09
20:07:17 [TestNG-test-Test-1] INFO  verifyingDisplayTypeFilterFunctionality_Laptop_20-03-11 - [verifyingDisplayTypeFilterFunctionality_Laptop_20-03-11] Closed the newly opened tab/window -> 9F053E25979E6423F33EE41F57D3BB09
20:07:17 [TestNG-test-Test-1] INFO  verifyingDisplayTypeFilterFunctionality_Laptop_20-03-11 - [verifyingDisplayTypeFilterFunctionality_Laptop_20-03-11] Switched back to the original window -> 314D7369A7559D1F60EDBA893E955B9C
20:07:17 [TestNG-test-Test-1] INFO  verifyingDisplayTypeFilterFunctionality_Laptop_20-03-11 - [verifyingDisplayTypeFilterFunctionality_Laptop_20-03-11]  going back to product listing via closeCurrentWindowAndSwitchBack 
20:07:17 [TestNG-test-Test-1] INFO  verifyingDisplayTypeFilterFunctionality_Laptop_20-03-11 - [verifyingDisplayTypeFilterFunctionality_Laptop_20-03-11]  Added 'filter','title','keyFeatures', 'about', 'techDetails' into the Map -> productResult
20:07:17 [TestNG-test-Test-1] INFO  verifyingDisplayTypeFilterFunctionality_Laptop_20-03-11 - [verifyingDisplayTypeFilterFunctionality_Laptop_20-03-11]  Added 'productResult' Map into the 'results' i.e list of maps 
20:07:17 [TestNG-test-Test-1] INFO  verifyingDisplayTypeFilterFunctionality_Laptop_20-03-11 - [verifyingDisplayTypeFilterFunctionality_Laptop_20-03-11]==========================================================================================================
20:07:17 [TestNG-test-Test-1] INFO  verifyingDisplayTypeFilterFunctionality_Laptop_20-03-11 - [verifyingDisplayTypeFilterFunctionality_Laptop_20-03-11] Within safeFindElements 
20:07:17 [TestNG-test-Test-1] INFO  verifyingDisplayTypeFilterFunctionality_Laptop_20-03-11 - [verifyingDisplayTypeFilterFunctionality_Laptop_20-03-11] Returning the  [[[ChromeDriver: chrome on windows (6c264afaf05195094f91edece5bdd6a6)] -> xpath: //div[@data-cy='title-recipe']], [[ChromeDriver: chrome on windows (6c264afaf05195094f91edece5bdd6a6)] -> xpath: //div[@data-cy='title-recipe']], [[ChromeDriver: chrome on windows (6c264afaf05195094f91edece5bdd6a6)] -> xpath: //div[@data-cy='title-recipe']], [[ChromeDriver: chrome on windows (6c264afaf05195094f91edece5bdd6a6)] -> xpath: //div[@data-cy='title-recipe']], [[ChromeDriver: chrome on windows (6c264afaf05195094f91edece5bdd6a6)] -> xpath: //div[@data-cy='title-recipe']], [[ChromeDriver: chrome on windows (6c264afaf05195094f91edece5bdd6a6)] -> xpath: //div[@data-cy='title-recipe']], [[ChromeDriver: chrome on windows (6c264afaf05195094f91edece5bdd6a6)] -> xpath: //div[@data-cy='title-recipe']], [[ChromeDriver: chrome on windows (6c264afaf05195094f91edece5bdd6a6)] -> xpath: //div[@data-cy='title-recipe']], [[ChromeDriver: chrome on windows (6c264afaf05195094f91edece5bdd6a6)] -> xpath: //div[@data-cy='title-recipe']], [[ChromeDriver: chrome on windows (6c264afaf05195094f91edece5bdd6a6)] -> xpath: //div[@data-cy='title-recipe']], [[ChromeDriver: chrome on windows (6c264afaf05195094f91edece5bdd6a6)] -> xpath: //div[@data-cy='title-recipe']], [[ChromeDriver: chrome on windows (6c264afaf05195094f91edece5bdd6a6)] -> xpath: //div[@data-cy='title-recipe']], [[ChromeDriver: chrome on windows (6c264afaf05195094f91edece5bdd6a6)] -> xpath: //div[@data-cy='title-recipe']], [[ChromeDriver: chrome on windows (6c264afaf05195094f91edece5bdd6a6)] -> xpath: //div[@data-cy='title-recipe']], [[ChromeDriver: chrome on windows (6c264afaf05195094f91edece5bdd6a6)] -> xpath: //div[@data-cy='title-recipe']], [[ChromeDriver: chrome on windows (6c264afaf05195094f91edece5bdd6a6)] -> xpath: //div[@data-cy='title-recipe']]] from the safeFindElements method
20:07:17 [TestNG-test-Test-1] INFO  verifyingDisplayTypeFilterFunctionality_Laptop_20-03-11 - [verifyingDisplayTypeFilterFunctionality_Laptop_20-03-11] Within productNameListingPage loop in applyFilterAndValidateProductsWithResult
20:07:17 [TestNG-test-Test-1] INFO  verifyingDisplayTypeFilterFunctionality_Laptop_20-03-11 - [verifyingDisplayTypeFilterFunctionality_Laptop_20-03-11] Within getProductByIndex method
20:07:17 [TestNG-test-Test-1] INFO  verifyingDisplayTypeFilterFunctionality_Laptop_20-03-11 - [verifyingDisplayTypeFilterFunctionality_Laptop_20-03-11] Within safeFindElement method
20:07:17 [TestNG-test-Test-1] INFO  verifyingDisplayTypeFilterFunctionality_Laptop_20-03-11 - [verifyingDisplayTypeFilterFunctionality_Laptop_20-03-11]Found the element returning it ,element ->[[ChromeDriver: chrome on windows (6c264afaf05195094f91edece5bdd6a6)] -> xpath: (//div[@data-cy='title-recipe'])[15]]
20:07:17 [TestNG-test-Test-1] INFO  verifyingDisplayTypeFilterFunctionality_Laptop_20-03-11 - [verifyingDisplayTypeFilterFunctionality_Laptop_20-03-11] Within getProductByIndex method
20:07:17 [TestNG-test-Test-1] INFO  verifyingDisplayTypeFilterFunctionality_Laptop_20-03-11 - [verifyingDisplayTypeFilterFunctionality_Laptop_20-03-11] Within smoothScrollToElement method
20:07:17 [TestNG-test-Test-1] INFO  verifyingDisplayTypeFilterFunctionality_Laptop_20-03-11 - [verifyingDisplayTypeFilterFunctionality_Laptop_20-03-11] Within safeFindElement method
20:07:18 [TestNG-test-Test-1] INFO  verifyingDisplayTypeFilterFunctionality_Laptop_20-03-11 - [verifyingDisplayTypeFilterFunctionality_Laptop_20-03-11]Found the element returning it ,element ->[[ChromeDriver: chrome on windows (6c264afaf05195094f91edece5bdd6a6)] -> xpath: (//div[@data-cy='title-recipe'])[15]]
20:07:18 [TestNG-test-Test-1] INFO  verifyingDisplayTypeFilterFunctionality_Laptop_20-03-11 - [verifyingDisplayTypeFilterFunctionality_Laptop_20-03-11] Successfully scrolled to element: By.xpath: (//div[@data-cy='title-recipe'])[15]
20:07:18 [TestNG-test-Test-1] INFO  verifyingDisplayTypeFilterFunctionality_Laptop_20-03-11 - [verifyingDisplayTypeFilterFunctionality_Laptop_20-03-11] Getting product by index in productNameListingPage loop
20:07:18 [TestNG-test-Test-1] INFO  verifyingDisplayTypeFilterFunctionality_Laptop_20-03-11 - [verifyingDisplayTypeFilterFunctionality_Laptop_20-03-11] Opened product in new tab via Ctrl+Click inside productNameListingPage loop
20:07:18 [TestNG-test-Test-1] INFO  verifyingDisplayTypeFilterFunctionality_Laptop_20-03-11 - [verifyingDisplayTypeFilterFunctionality_Laptop_20-03-11] Waiting for new window to open...
20:07:18 [TestNG-test-Test-1] INFO  verifyingDisplayTypeFilterFunctionality_Laptop_20-03-11 - [verifyingDisplayTypeFilterFunctionality_Laptop_20-03-11] Switched to new window -> 7F367C1CC0ABCEBCF3D4307679D995C1
20:07:18 [TestNG-test-Test-1] INFO  verifyingDisplayTypeFilterFunctionality_Laptop_20-03-11 - [verifyingDisplayTypeFilterFunctionality_Laptop_20-03-11] Swithcing to the new window  within productNameListingPage loop
20:07:18 [TestNG-test-Test-1] INFO  verifyingDisplayTypeFilterFunctionality_Laptop_20-03-11 - [verifyingDisplayTypeFilterFunctionality_Laptop_20-03-11] Clicked product name to open in new tab from productNameListingPage loop
20:07:18 [TestNG-test-Test-1] INFO  verifyingDisplayTypeFilterFunctionality_Laptop_20-03-11 - [verifyingDisplayTypeFilterFunctionality_Laptop_20-03-11] Within safeFindElement method
20:07:22 [TestNG-test-Test-1] INFO  verifyingDisplayTypeFilterFunctionality_Laptop_20-03-11 - [verifyingDisplayTypeFilterFunctionality_Laptop_20-03-11]Found the element returning it ,element ->[[ChromeDriver: chrome on windows (6c264afaf05195094f91edece5bdd6a6)] -> xpath: //span[@id='productTitle']]
20:07:22 [TestNG-test-Test-1] INFO  verifyingDisplayTypeFilterFunctionality_Laptop_20-03-11 - [verifyingDisplayTypeFilterFunctionality_Laptop_20-03-11] Within safeFindElement method
20:07:22 [TestNG-test-Test-1] INFO  verifyingDisplayTypeFilterFunctionality_Laptop_20-03-11 - [verifyingDisplayTypeFilterFunctionality_Laptop_20-03-11]Found the element returning it ,element ->[[ChromeDriver: chrome on windows (6c264afaf05195094f91edece5bdd6a6)] -> xpath: //div[@class='a-section a-spacing-small a-spacing-top-small']]
20:07:22 [TestNG-test-Test-1] INFO  verifyingDisplayTypeFilterFunctionality_Laptop_20-03-11 - [verifyingDisplayTypeFilterFunctionality_Laptop_20-03-11] Within safeFindElement method
20:07:22 [TestNG-test-Test-1] INFO  verifyingDisplayTypeFilterFunctionality_Laptop_20-03-11 - [verifyingDisplayTypeFilterFunctionality_Laptop_20-03-11]Found the element returning it ,element ->[[ChromeDriver: chrome on windows (6c264afaf05195094f91edece5bdd6a6)] -> xpath: //div[@id='feature-bullets']]
20:07:22 [TestNG-test-Test-1] INFO  verifyingDisplayTypeFilterFunctionality_Laptop_20-03-11 - [verifyingDisplayTypeFilterFunctionality_Laptop_20-03-11] Within safeFindElement method
20:07:22 [TestNG-test-Test-1] INFO  verifyingDisplayTypeFilterFunctionality_Laptop_20-03-11 - [verifyingDisplayTypeFilterFunctionality_Laptop_20-03-11]Found the element returning it ,element ->[[ChromeDriver: chrome on windows (6c264afaf05195094f91edece5bdd6a6)] -> xpath: //div[@id='prodDetails']]
20:07:22 [TestNG-test-Test-1] INFO  verifyingDisplayTypeFilterFunctionality_Laptop_20-03-11 - [verifyingDisplayTypeFilterFunctionality_Laptop_20-03-11] Extracting 'name' , 'keyFeatures', 'about' , 'techDetails' within productNameListingPage loop
20:07:22 [TestNG-test-Test-1] INFO  verifyingDisplayTypeFilterFunctionality_Laptop_20-03-11 - [verifyingDisplayTypeFilterFunctionality_Laptop_20-03-11] Waiting until element is visible in viewport
20:07:32 [TestNG-test-Test-1] INFO  verifyingDisplayTypeFilterFunctionality_Laptop_20-03-11 - [verifyingDisplayTypeFilterFunctionality_Laptop_20-03-11] Within smoothScrollToElement method
20:07:32 [TestNG-test-Test-1] INFO  verifyingDisplayTypeFilterFunctionality_Laptop_20-03-11 - [verifyingDisplayTypeFilterFunctionality_Laptop_20-03-11] Within safeFindElement method
20:07:32 [TestNG-test-Test-1] INFO  verifyingDisplayTypeFilterFunctionality_Laptop_20-03-11 - [verifyingDisplayTypeFilterFunctionality_Laptop_20-03-11]Found the element returning it ,element ->[[ChromeDriver: chrome on windows (6c264afaf05195094f91edece5bdd6a6)] -> xpath: //a[@id='seeMoreDetailsLink']]
20:07:32 [TestNG-test-Test-1] INFO  verifyingDisplayTypeFilterFunctionality_Laptop_20-03-11 - [verifyingDisplayTypeFilterFunctionality_Laptop_20-03-11] Successfully scrolled to element: By.xpath: //a[@id='seeMoreDetailsLink']
20:07:32 [TestNG-test-Test-1] INFO  verifyingDisplayTypeFilterFunctionality_Laptop_20-03-11 - [verifyingDisplayTypeFilterFunctionality_Laptop_20-03-11] Within safeClick method
20:07:33 [TestNG-test-Test-1] INFO  verifyingDisplayTypeFilterFunctionality_Laptop_20-03-11 - [verifyingDisplayTypeFilterFunctionality_Laptop_20-03-11] Clicked the  [[ChromeDriver: chrome on windows (6c264afaf05195094f91edece5bdd6a6)] -> xpath: //a[@id='seeMoreDetailsLink']]   using safeClick
20:07:33 [TestNG-test-Test-1] INFO  verifyingDisplayTypeFilterFunctionality_Laptop_20-03-11 - [verifyingDisplayTypeFilterFunctionality_Laptop_20-03-11] Within try block for clicking see more deatils within productNameListingPage loop
20:07:33 [TestNG-test-Test-1] INFO  verifyingDisplayTypeFilterFunctionality_Laptop_20-03-11 - [verifyingDisplayTypeFilterFunctionality_Laptop_20-03-11] Within closeCurrentWindowAndSwitchBack method
20:07:33 [TestNG-test-Test-1] INFO  verifyingDisplayTypeFilterFunctionality_Laptop_20-03-11 - [verifyingDisplayTypeFilterFunctionality_Laptop_20-03-11] Total open windows/tabs count -> 2
20:07:33 [TestNG-test-Test-1] INFO  verifyingDisplayTypeFilterFunctionality_Laptop_20-03-11 - [verifyingDisplayTypeFilterFunctionality_Laptop_20-03-11] Original window handle -> 314D7369A7559D1F60EDBA893E955B9C
20:07:33 [TestNG-test-Test-1] INFO  verifyingDisplayTypeFilterFunctionality_Laptop_20-03-11 - [verifyingDisplayTypeFilterFunctionality_Laptop_20-03-11] Found new tab/window handle -> 7F367C1CC0ABCEBCF3D4307679D995C1 (will be closed)
20:07:33 [TestNG-test-Test-1] INFO  verifyingDisplayTypeFilterFunctionality_Laptop_20-03-11 - [verifyingDisplayTypeFilterFunctionality_Laptop_20-03-11] Successfully switched to new tab/window -> 7F367C1CC0ABCEBCF3D4307679D995C1
20:07:33 [TestNG-test-Test-1] INFO  verifyingDisplayTypeFilterFunctionality_Laptop_20-03-11 - [verifyingDisplayTypeFilterFunctionality_Laptop_20-03-11] Closed the newly opened tab/window -> 7F367C1CC0ABCEBCF3D4307679D995C1
20:07:33 [TestNG-test-Test-1] INFO  verifyingDisplayTypeFilterFunctionality_Laptop_20-03-11 - [verifyingDisplayTypeFilterFunctionality_Laptop_20-03-11] Switched back to the original window -> 314D7369A7559D1F60EDBA893E955B9C
20:07:33 [TestNG-test-Test-1] INFO  verifyingDisplayTypeFilterFunctionality_Laptop_20-03-11 - [verifyingDisplayTypeFilterFunctionality_Laptop_20-03-11]  going back to product listing via closeCurrentWindowAndSwitchBack 
20:07:33 [TestNG-test-Test-1] INFO  verifyingDisplayTypeFilterFunctionality_Laptop_20-03-11 - [verifyingDisplayTypeFilterFunctionality_Laptop_20-03-11]  Added 'filter','title','keyFeatures', 'about', 'techDetails' into the Map -> productResult
20:07:33 [TestNG-test-Test-1] INFO  verifyingDisplayTypeFilterFunctionality_Laptop_20-03-11 - [verifyingDisplayTypeFilterFunctionality_Laptop_20-03-11]  Added 'productResult' Map into the 'results' i.e list of maps 
20:07:33 [TestNG-test-Test-1] INFO  verifyingDisplayTypeFilterFunctionality_Laptop_20-03-11 - [verifyingDisplayTypeFilterFunctionality_Laptop_20-03-11]==========================================================================================================
20:07:33 [TestNG-test-Test-1] INFO  verifyingDisplayTypeFilterFunctionality_Laptop_20-03-11 - [verifyingDisplayTypeFilterFunctionality_Laptop_20-03-11] Within safeClick method
20:07:33 [TestNG-test-Test-1] INFO  verifyingDisplayTypeFilterFunctionality_Laptop_20-03-11 - [verifyingDisplayTypeFilterFunctionality_Laptop_20-03-11] Clicked the  [[ChromeDriver: chrome on windows (6c264afaf05195094f91edece5bdd6a6)] -> xpath: //span[@class='a-size-base a-color-base' and text()='Clear']]   using safeClick
20:07:33 [TestNG-test-Test-1] INFO  verifyingDisplayTypeFilterFunctionality_Laptop_20-03-11 - [verifyingDisplayTypeFilterFunctionality_Laptop_20-03-11] Clearing the filter value ->LCDwithin productNameListingPage loop
20:07:33 [TestNG-test-Test-1] INFO  verifyingDisplayTypeFilterFunctionality_Laptop_20-03-11 - [verifyingDisplayTypeFilterFunctionality_Laptop_20-03-11]==========================================================================================================
20:07:33 [TestNG-test-Test-1] INFO  verifyingDisplayTypeFilterFunctionality_Laptop_20-03-11 - [verifyingDisplayTypeFilterFunctionality_Laptop_20-03-11]==========================================================================================================
20:07:33 [TestNG-test-Test-1] INFO  verifyingDisplayTypeFilterFunctionality_Laptop_20-03-11 - [verifyingDisplayTypeFilterFunctionality_Laptop_20-03-11] Within filterOptions loop in applyFilterAndValidateProductsWithResult
20:07:33 [TestNG-test-Test-1] INFO  verifyingDisplayTypeFilterFunctionality_Laptop_20-03-11 - [verifyingDisplayTypeFilterFunctionality_Laptop_20-03-11] Within safeFindElements 
20:07:34 [TestNG-test-Test-1] INFO  verifyingDisplayTypeFilterFunctionality_Laptop_20-03-11 - [verifyingDisplayTypeFilterFunctionality_Laptop_20-03-11] Returning the  [[[ChromeDriver: chrome on windows (6c264afaf05195094f91edece5bdd6a6)] -> xpath: //span[@class='a-size-base a-color-base puis-bold-weight-text' and text()='Display Type']/parent::div/following-sibling::ul//span[@class='a-size-base a-color-base']], [[ChromeDriver: chrome on windows (6c264afaf05195094f91edece5bdd6a6)] -> xpath: //span[@class='a-size-base a-color-base puis-bold-weight-text' and text()='Display Type']/parent::div/following-sibling::ul//span[@class='a-size-base a-color-base']], [[ChromeDriver: chrome on windows (6c264afaf05195094f91edece5bdd6a6)] -> xpath: //span[@class='a-size-base a-color-base puis-bold-weight-text' and text()='Display Type']/parent::div/following-sibling::ul//span[@class='a-size-base a-color-base']]] from the safeFindElements method
20:07:34 [TestNG-test-Test-1] INFO  verifyingDisplayTypeFilterFunctionality_Laptop_20-03-11 - [verifyingDisplayTypeFilterFunctionality_Laptop_20-03-11] Trying to read filter option 1 (attempt 1/3)
20:07:34 [TestNG-test-Test-1] INFO  verifyingDisplayTypeFilterFunctionality_Laptop_20-03-11 - [verifyingDisplayTypeFilterFunctionality_Laptop_20-03-11] Successfully read filter option 1 = 'LED'
20:07:34 [TestNG-test-Test-1] INFO  verifyingDisplayTypeFilterFunctionality_Laptop_20-03-11 - [verifyingDisplayTypeFilterFunctionality_Laptop_20-03-11] Within getfilterByTypeAndName method
20:07:34 [TestNG-test-Test-1] INFO  verifyingDisplayTypeFilterFunctionality_Laptop_20-03-11 - [verifyingDisplayTypeFilterFunctionality_Laptop_20-03-11] Within safeClickBooleanWithScreenShot method
20:07:34 [TestNG-test-Test-1] INFO  verifyingDisplayTypeFilterFunctionality_Laptop_20-03-11 - [verifyingDisplayTypeFilterFunctionality_Laptop_20-03-11] Within getAppliedfilterByTypeAndName method
20:07:34 [TestNG-test-Test-1] INFO  verifyingDisplayTypeFilterFunctionality_Laptop_20-03-11 - [verifyingDisplayTypeFilterFunctionality_Laptop_20-03-11] Within smoothScrollToElement method
20:07:34 [TestNG-test-Test-1] INFO  verifyingDisplayTypeFilterFunctionality_Laptop_20-03-11 - [verifyingDisplayTypeFilterFunctionality_Laptop_20-03-11] Within safeFindElement method
20:07:34 [TestNG-test-Test-1] INFO  verifyingDisplayTypeFilterFunctionality_Laptop_20-03-11 - [verifyingDisplayTypeFilterFunctionality_Laptop_20-03-11]Found the element returning it ,element ->[[ChromeDriver: chrome on windows (6c264afaf05195094f91edece5bdd6a6)] -> xpath: //span[@class='a-size-base a-color-base puis-bold-weight-text' and text()='Display Type']]
20:07:34 [TestNG-test-Test-1] INFO  verifyingDisplayTypeFilterFunctionality_Laptop_20-03-11 - [verifyingDisplayTypeFilterFunctionality_Laptop_20-03-11] Successfully scrolled to element: By.xpath: //span[@class='a-size-base a-color-base puis-bold-weight-text' and text()='Display Type']
20:07:34 [TestNG-test-Test-1] INFO  verifyingDisplayTypeFilterFunctionality_Laptop_20-03-11 - [verifyingDisplayTypeFilterFunctionality_Laptop_20-03-11] Within getMoreButtonByFilterTypeAndName method
20:07:34 [TestNG-test-Test-1] INFO  verifyingDisplayTypeFilterFunctionality_Laptop_20-03-11 - [verifyingDisplayTypeFilterFunctionality_Laptop_20-03-11] could not find more button
20:07:35 [TestNG-test-Test-1] INFO  verifyingDisplayTypeFilterFunctionality_Laptop_20-03-11 - [verifyingDisplayTypeFilterFunctionality_Laptop_20-03-11] Within getAppliedfilterByTypeAndName method
20:07:35 [TestNG-test-Test-1] INFO  verifyingDisplayTypeFilterFunctionality_Laptop_20-03-11 - [verifyingDisplayTypeFilterFunctionality_Laptop_20-03-11] Within smoothScrollToElement method
20:07:35 [TestNG-test-Test-1] INFO  verifyingDisplayTypeFilterFunctionality_Laptop_20-03-11 - [verifyingDisplayTypeFilterFunctionality_Laptop_20-03-11] Within safeFindElement method
20:07:36 [TestNG-test-Test-1] INFO  verifyingDisplayTypeFilterFunctionality_Laptop_20-03-11 - [verifyingDisplayTypeFilterFunctionality_Laptop_20-03-11]Found the element returning it ,element ->[[ChromeDriver: chrome on windows (6c264afaf05195094f91edece5bdd6a6)] -> xpath: //span[@class='a-size-base a-color-base puis-bold-weight-text' and text()='Display Type']]
20:07:37 [TestNG-test-Test-1] INFO  verifyingDisplayTypeFilterFunctionality_Laptop_20-03-11 - [verifyingDisplayTypeFilterFunctionality_Laptop_20-03-11] Successfully scrolled to element: By.xpath: //span[@class='a-size-base a-color-base puis-bold-weight-text' and text()='Display Type']
20:07:37 [TestNG-test-Test-1] INFO  verifyingDisplayTypeFilterFunctionality_Laptop_20-03-11 - [verifyingDisplayTypeFilterFunctionality_Laptop_20-03-11] Within getMoreButtonByFilterTypeAndName method
20:07:37 [TestNG-test-Test-1] INFO  verifyingDisplayTypeFilterFunctionality_Laptop_20-03-11 - [verifyingDisplayTypeFilterFunctionality_Laptop_20-03-11] could not find more button
20:07:37 [TestNG-test-Test-1] INFO  verifyingDisplayTypeFilterFunctionality_Laptop_20-03-11 - [verifyingDisplayTypeFilterFunctionality_Laptop_20-03-11] Within getfilterByTypeAndName method
20:07:37 [TestNG-test-Test-1] INFO  verifyingDisplayTypeFilterFunctionality_Laptop_20-03-11 - [verifyingDisplayTypeFilterFunctionality_Laptop_20-03-11] Within smoothScrollToElement method
20:07:37 [TestNG-test-Test-1] INFO  verifyingDisplayTypeFilterFunctionality_Laptop_20-03-11 - [verifyingDisplayTypeFilterFunctionality_Laptop_20-03-11] Within safeFindElement method
20:07:37 [TestNG-test-Test-1] INFO  verifyingDisplayTypeFilterFunctionality_Laptop_20-03-11 - [verifyingDisplayTypeFilterFunctionality_Laptop_20-03-11]Found the element returning it ,element ->[[ChromeDriver: chrome on windows (6c264afaf05195094f91edece5bdd6a6)] -> xpath: //span[@class='a-size-base a-color-base puis-bold-weight-text' and text()='Display Type']/parent::div/following-sibling::ul//span[@class='a-size-base a-color-base a-text-bold' and text()='LED']]
20:07:37 [TestNG-test-Test-1] INFO  verifyingDisplayTypeFilterFunctionality_Laptop_20-03-11 - [verifyingDisplayTypeFilterFunctionality_Laptop_20-03-11] Successfully scrolled to element: By.xpath: //span[@class='a-size-base a-color-base puis-bold-weight-text' and text()='Display Type']/parent::div/following-sibling::ul//span[@class='a-size-base a-color-base a-text-bold' and text()='LED']
20:07:37 [TestNG-test-Test-1] INFO  verifyingDisplayTypeFilterFunctionality_Laptop_20-03-11 - [verifyingDisplayTypeFilterFunctionality_Laptop_20-03-11] Clicked the element using safe click ,element is [[ChromeDriver: chrome on windows (6c264afaf05195094f91edece5bdd6a6)] -> xpath: //span[@class='a-size-base a-color-base puis-bold-weight-text' and text()='Display Type']/parent::div/following-sibling::ul//span[@class='a-size-base a-color-base' and text()='LED']]
20:07:37 [TestNG-test-Test-1] INFO  verifyingDisplayTypeFilterFunctionality_Laptop_20-03-11 - [verifyingDisplayTypeFilterFunctionality_Laptop_20-03-11] Within safeFindElements 
20:07:37 [TestNG-test-Test-1] INFO  verifyingDisplayTypeFilterFunctionality_Laptop_20-03-11 - [verifyingDisplayTypeFilterFunctionality_Laptop_20-03-11] Returning the  [[[ChromeDriver: chrome on windows (6c264afaf05195094f91edece5bdd6a6)] -> xpath: //div[@data-cy='title-recipe']], [[ChromeDriver: chrome on windows (6c264afaf05195094f91edece5bdd6a6)] -> xpath: //div[@data-cy='title-recipe']], [[ChromeDriver: chrome on windows (6c264afaf05195094f91edece5bdd6a6)] -> xpath: //div[@data-cy='title-recipe']], [[ChromeDriver: chrome on windows (6c264afaf05195094f91edece5bdd6a6)] -> xpath: //div[@data-cy='title-recipe']], [[ChromeDriver: chrome on windows (6c264afaf05195094f91edece5bdd6a6)] -> xpath: //div[@data-cy='title-recipe']], [[ChromeDriver: chrome on windows (6c264afaf05195094f91edece5bdd6a6)] -> xpath: //div[@data-cy='title-recipe']], [[ChromeDriver: chrome on windows (6c264afaf05195094f91edece5bdd6a6)] -> xpath: //div[@data-cy='title-recipe']], [[ChromeDriver: chrome on windows (6c264afaf05195094f91edece5bdd6a6)] -> xpath: //div[@data-cy='title-recipe']], [[ChromeDriver: chrome on windows (6c264afaf05195094f91edece5bdd6a6)] -> xpath: //div[@data-cy='title-recipe']], [[ChromeDriver: chrome on windows (6c264afaf05195094f91edece5bdd6a6)] -> xpath: //div[@data-cy='title-recipe']], [[ChromeDriver: chrome on windows (6c264afaf05195094f91edece5bdd6a6)] -> xpath: //div[@data-cy='title-recipe']], [[ChromeDriver: chrome on windows (6c264afaf05195094f91edece5bdd6a6)] -> xpath: //div[@data-cy='title-recipe']], [[ChromeDriver: chrome on windows (6c264afaf05195094f91edece5bdd6a6)] -> xpath: //div[@data-cy='title-recipe']], [[ChromeDriver: chrome on windows (6c264afaf05195094f91edece5bdd6a6)] -> xpath: //div[@data-cy='title-recipe']], [[ChromeDriver: chrome on windows (6c264afaf05195094f91edece5bdd6a6)] -> xpath: //div[@data-cy='title-recipe']], [[ChromeDriver: chrome on windows (6c264afaf05195094f91edece5bdd6a6)] -> xpath: //div[@data-cy='title-recipe']], [[ChromeDriver: chrome on windows (6c264afaf05195094f91edece5bdd6a6)] -> xpath: //div[@data-cy='title-recipe']], [[ChromeDriver: chrome on windows (6c264afaf05195094f91edece5bdd6a6)] -> xpath: //div[@data-cy='title-recipe']], [[ChromeDriver: chrome on windows (6c264afaf05195094f91edece5bdd6a6)] -> xpath: //div[@data-cy='title-recipe']], [[ChromeDriver: chrome on windows (6c264afaf05195094f91edece5bdd6a6)] -> xpath: //div[@data-cy='title-recipe']], [[ChromeDriver: chrome on windows (6c264afaf05195094f91edece5bdd6a6)] -> xpath: //div[@data-cy='title-recipe']], [[ChromeDriver: chrome on windows (6c264afaf05195094f91edece5bdd6a6)] -> xpath: //div[@data-cy='title-recipe']]] from the safeFindElements method
20:07:37 [TestNG-test-Test-1] INFO  verifyingDisplayTypeFilterFunctionality_Laptop_20-03-11 - [verifyingDisplayTypeFilterFunctionality_Laptop_20-03-11] Execution is scheduled type /CRON Job on CI Hence refering to CI keys from UtilData
20:07:37 [TestNG-test-Test-1] INFO  verifyingDisplayTypeFilterFunctionality_Laptop_20-03-11 - [verifyingDisplayTypeFilterFunctionality_Laptop_20-03-11] Within safeFindElements 
20:07:37 [TestNG-test-Test-1] INFO  verifyingDisplayTypeFilterFunctionality_Laptop_20-03-11 - [verifyingDisplayTypeFilterFunctionality_Laptop_20-03-11] Returning the  [[[ChromeDriver: chrome on windows (6c264afaf05195094f91edece5bdd6a6)] -> xpath: //div[@data-cy='title-recipe']], [[ChromeDriver: chrome on windows (6c264afaf05195094f91edece5bdd6a6)] -> xpath: //div[@data-cy='title-recipe']], [[ChromeDriver: chrome on windows (6c264afaf05195094f91edece5bdd6a6)] -> xpath: //div[@data-cy='title-recipe']], [[ChromeDriver: chrome on windows (6c264afaf05195094f91edece5bdd6a6)] -> xpath: //div[@data-cy='title-recipe']], [[ChromeDriver: chrome on windows (6c264afaf05195094f91edece5bdd6a6)] -> xpath: //div[@data-cy='title-recipe']], [[ChromeDriver: chrome on windows (6c264afaf05195094f91edece5bdd6a6)] -> xpath: //div[@data-cy='title-recipe']], [[ChromeDriver: chrome on windows (6c264afaf05195094f91edece5bdd6a6)] -> xpath: //div[@data-cy='title-recipe']], [[ChromeDriver: chrome on windows (6c264afaf05195094f91edece5bdd6a6)] -> xpath: //div[@data-cy='title-recipe']], [[ChromeDriver: chrome on windows (6c264afaf05195094f91edece5bdd6a6)] -> xpath: //div[@data-cy='title-recipe']], [[ChromeDriver: chrome on windows (6c264afaf05195094f91edece5bdd6a6)] -> xpath: //div[@data-cy='title-recipe']], [[ChromeDriver: chrome on windows (6c264afaf05195094f91edece5bdd6a6)] -> xpath: //div[@data-cy='title-recipe']], [[ChromeDriver: chrome on windows (6c264afaf05195094f91edece5bdd6a6)] -> xpath: //div[@data-cy='title-recipe']], [[ChromeDriver: chrome on windows (6c264afaf05195094f91edece5bdd6a6)] -> xpath: //div[@data-cy='title-recipe']], [[ChromeDriver: chrome on windows (6c264afaf05195094f91edece5bdd6a6)] -> xpath: //div[@data-cy='title-recipe']], [[ChromeDriver: chrome on windows (6c264afaf05195094f91edece5bdd6a6)] -> xpath: //div[@data-cy='title-recipe']], [[ChromeDriver: chrome on windows (6c264afaf05195094f91edece5bdd6a6)] -> xpath: //div[@data-cy='title-recipe']], [[ChromeDriver: chrome on windows (6c264afaf05195094f91edece5bdd6a6)] -> xpath: //div[@data-cy='title-recipe']], [[ChromeDriver: chrome on windows (6c264afaf05195094f91edece5bdd6a6)] -> xpath: //div[@data-cy='title-recipe']], [[ChromeDriver: chrome on windows (6c264afaf05195094f91edece5bdd6a6)] -> xpath: //div[@data-cy='title-recipe']], [[ChromeDriver: chrome on windows (6c264afaf05195094f91edece5bdd6a6)] -> xpath: //div[@data-cy='title-recipe']], [[ChromeDriver: chrome on windows (6c264afaf05195094f91edece5bdd6a6)] -> xpath: //div[@data-cy='title-recipe']], [[ChromeDriver: chrome on windows (6c264afaf05195094f91edece5bdd6a6)] -> xpath: //div[@data-cy='title-recipe']]] from the safeFindElements method
20:07:37 [TestNG-test-Test-1] INFO  verifyingDisplayTypeFilterFunctionality_Laptop_20-03-11 - [verifyingDisplayTypeFilterFunctionality_Laptop_20-03-11] Within productNameListingPage loop in applyFilterAndValidateProductsWithResult
20:07:37 [TestNG-test-Test-1] INFO  verifyingDisplayTypeFilterFunctionality_Laptop_20-03-11 - [verifyingDisplayTypeFilterFunctionality_Laptop_20-03-11] Within getProductByIndex method
20:07:37 [TestNG-test-Test-1] INFO  verifyingDisplayTypeFilterFunctionality_Laptop_20-03-11 - [verifyingDisplayTypeFilterFunctionality_Laptop_20-03-11] Within safeFindElement method
20:07:37 [TestNG-test-Test-1] INFO  verifyingDisplayTypeFilterFunctionality_Laptop_20-03-11 - [verifyingDisplayTypeFilterFunctionality_Laptop_20-03-11]Found the element returning it ,element ->[[ChromeDriver: chrome on windows (6c264afaf05195094f91edece5bdd6a6)] -> xpath: (//div[@data-cy='title-recipe'])[1]]
20:07:37 [TestNG-test-Test-1] INFO  verifyingDisplayTypeFilterFunctionality_Laptop_20-03-11 - [verifyingDisplayTypeFilterFunctionality_Laptop_20-03-11] Within getProductByIndex method
20:07:37 [TestNG-test-Test-1] INFO  verifyingDisplayTypeFilterFunctionality_Laptop_20-03-11 - [verifyingDisplayTypeFilterFunctionality_Laptop_20-03-11] Within smoothScrollToElement method
20:07:37 [TestNG-test-Test-1] INFO  verifyingDisplayTypeFilterFunctionality_Laptop_20-03-11 - [verifyingDisplayTypeFilterFunctionality_Laptop_20-03-11] Within safeFindElement method
20:07:37 [TestNG-test-Test-1] INFO  verifyingDisplayTypeFilterFunctionality_Laptop_20-03-11 - [verifyingDisplayTypeFilterFunctionality_Laptop_20-03-11]Found the element returning it ,element ->[[ChromeDriver: chrome on windows (6c264afaf05195094f91edece5bdd6a6)] -> xpath: (//div[@data-cy='title-recipe'])[1]]
20:07:37 [TestNG-test-Test-1] INFO  verifyingDisplayTypeFilterFunctionality_Laptop_20-03-11 - [verifyingDisplayTypeFilterFunctionality_Laptop_20-03-11] Successfully scrolled to element: By.xpath: (//div[@data-cy='title-recipe'])[1]
20:07:37 [TestNG-test-Test-1] INFO  verifyingDisplayTypeFilterFunctionality_Laptop_20-03-11 - [verifyingDisplayTypeFilterFunctionality_Laptop_20-03-11] Getting product by index in productNameListingPage loop
20:07:38 [TestNG-test-Test-1] INFO  verifyingDisplayTypeFilterFunctionality_Laptop_20-03-11 - [verifyingDisplayTypeFilterFunctionality_Laptop_20-03-11] Opened product in new tab via Ctrl+Click inside productNameListingPage loop
20:07:38 [TestNG-test-Test-1] INFO  verifyingDisplayTypeFilterFunctionality_Laptop_20-03-11 - [verifyingDisplayTypeFilterFunctionality_Laptop_20-03-11] Waiting for new window to open...
20:07:38 [TestNG-test-Test-1] INFO  verifyingDisplayTypeFilterFunctionality_Laptop_20-03-11 - [verifyingDisplayTypeFilterFunctionality_Laptop_20-03-11] Switched to new window -> 080BCC40477DBC7AE7D520162F768956
20:07:38 [TestNG-test-Test-1] INFO  verifyingDisplayTypeFilterFunctionality_Laptop_20-03-11 - [verifyingDisplayTypeFilterFunctionality_Laptop_20-03-11] Swithcing to the new window  within productNameListingPage loop
20:07:38 [TestNG-test-Test-1] INFO  verifyingDisplayTypeFilterFunctionality_Laptop_20-03-11 - [verifyingDisplayTypeFilterFunctionality_Laptop_20-03-11] Clicked product name to open in new tab from productNameListingPage loop
20:07:38 [TestNG-test-Test-1] INFO  verifyingDisplayTypeFilterFunctionality_Laptop_20-03-11 - [verifyingDisplayTypeFilterFunctionality_Laptop_20-03-11] Within safeFindElement method
20:07:41 [TestNG-test-Test-1] INFO  verifyingDisplayTypeFilterFunctionality_Laptop_20-03-11 - [verifyingDisplayTypeFilterFunctionality_Laptop_20-03-11]Found the element returning it ,element ->[[ChromeDriver: chrome on windows (6c264afaf05195094f91edece5bdd6a6)] -> xpath: //span[@id='productTitle']]
20:07:41 [TestNG-test-Test-1] INFO  verifyingDisplayTypeFilterFunctionality_Laptop_20-03-11 - [verifyingDisplayTypeFilterFunctionality_Laptop_20-03-11] Within safeFindElement method
20:07:41 [TestNG-test-Test-1] INFO  verifyingDisplayTypeFilterFunctionality_Laptop_20-03-11 - [verifyingDisplayTypeFilterFunctionality_Laptop_20-03-11]Found the element returning it ,element ->[[ChromeDriver: chrome on windows (6c264afaf05195094f91edece5bdd6a6)] -> xpath: //div[@class='a-section a-spacing-small a-spacing-top-small']]
20:07:41 [TestNG-test-Test-1] INFO  verifyingDisplayTypeFilterFunctionality_Laptop_20-03-11 - [verifyingDisplayTypeFilterFunctionality_Laptop_20-03-11] Within safeFindElement method
20:07:41 [TestNG-test-Test-1] INFO  verifyingDisplayTypeFilterFunctionality_Laptop_20-03-11 - [verifyingDisplayTypeFilterFunctionality_Laptop_20-03-11]Found the element returning it ,element ->[[ChromeDriver: chrome on windows (6c264afaf05195094f91edece5bdd6a6)] -> xpath: //div[@id='feature-bullets']]
20:07:41 [TestNG-test-Test-1] INFO  verifyingDisplayTypeFilterFunctionality_Laptop_20-03-11 - [verifyingDisplayTypeFilterFunctionality_Laptop_20-03-11] Within safeFindElement method
20:07:41 [TestNG-test-Test-1] INFO  verifyingDisplayTypeFilterFunctionality_Laptop_20-03-11 - [verifyingDisplayTypeFilterFunctionality_Laptop_20-03-11]Found the element returning it ,element ->[[ChromeDriver: chrome on windows (6c264afaf05195094f91edece5bdd6a6)] -> xpath: //div[@id='prodDetails']]
20:07:41 [TestNG-test-Test-1] INFO  verifyingDisplayTypeFilterFunctionality_Laptop_20-03-11 - [verifyingDisplayTypeFilterFunctionality_Laptop_20-03-11] Extracting 'name' , 'keyFeatures', 'about' , 'techDetails' within productNameListingPage loop
20:07:41 [TestNG-test-Test-1] INFO  verifyingDisplayTypeFilterFunctionality_Laptop_20-03-11 - [verifyingDisplayTypeFilterFunctionality_Laptop_20-03-11] Waiting until element is visible in viewport
20:07:52 [TestNG-test-Test-1] INFO  verifyingDisplayTypeFilterFunctionality_Laptop_20-03-11 - [verifyingDisplayTypeFilterFunctionality_Laptop_20-03-11] Within smoothScrollToElement method
20:07:52 [TestNG-test-Test-1] INFO  verifyingDisplayTypeFilterFunctionality_Laptop_20-03-11 - [verifyingDisplayTypeFilterFunctionality_Laptop_20-03-11] Within safeFindElement method
20:07:52 [TestNG-test-Test-1] INFO  verifyingDisplayTypeFilterFunctionality_Laptop_20-03-11 - [verifyingDisplayTypeFilterFunctionality_Laptop_20-03-11]Found the element returning it ,element ->[[ChromeDriver: chrome on windows (6c264afaf05195094f91edece5bdd6a6)] -> xpath: //a[@id='seeMoreDetailsLink']]
20:07:52 [TestNG-test-Test-1] INFO  verifyingDisplayTypeFilterFunctionality_Laptop_20-03-11 - [verifyingDisplayTypeFilterFunctionality_Laptop_20-03-11] Successfully scrolled to element: By.xpath: //a[@id='seeMoreDetailsLink']
20:07:52 [TestNG-test-Test-1] INFO  verifyingDisplayTypeFilterFunctionality_Laptop_20-03-11 - [verifyingDisplayTypeFilterFunctionality_Laptop_20-03-11] Within safeClick method
20:07:53 [TestNG-test-Test-1] INFO  verifyingDisplayTypeFilterFunctionality_Laptop_20-03-11 - [verifyingDisplayTypeFilterFunctionality_Laptop_20-03-11] Clicked the  [[ChromeDriver: chrome on windows (6c264afaf05195094f91edece5bdd6a6)] -> xpath: //a[@id='seeMoreDetailsLink']]   using safeClick
20:07:53 [TestNG-test-Test-1] INFO  verifyingDisplayTypeFilterFunctionality_Laptop_20-03-11 - [verifyingDisplayTypeFilterFunctionality_Laptop_20-03-11] Within try block for clicking see more deatils within productNameListingPage loop
20:07:53 [TestNG-test-Test-1] INFO  verifyingDisplayTypeFilterFunctionality_Laptop_20-03-11 - [verifyingDisplayTypeFilterFunctionality_Laptop_20-03-11] Within closeCurrentWindowAndSwitchBack method
20:07:53 [TestNG-test-Test-1] INFO  verifyingDisplayTypeFilterFunctionality_Laptop_20-03-11 - [verifyingDisplayTypeFilterFunctionality_Laptop_20-03-11] Total open windows/tabs count -> 2
20:07:53 [TestNG-test-Test-1] INFO  verifyingDisplayTypeFilterFunctionality_Laptop_20-03-11 - [verifyingDisplayTypeFilterFunctionality_Laptop_20-03-11] Original window handle -> 314D7369A7559D1F60EDBA893E955B9C
20:07:53 [TestNG-test-Test-1] INFO  verifyingDisplayTypeFilterFunctionality_Laptop_20-03-11 - [verifyingDisplayTypeFilterFunctionality_Laptop_20-03-11] Found new tab/window handle -> 080BCC40477DBC7AE7D520162F768956 (will be closed)
20:07:53 [TestNG-test-Test-1] INFO  verifyingDisplayTypeFilterFunctionality_Laptop_20-03-11 - [verifyingDisplayTypeFilterFunctionality_Laptop_20-03-11] Successfully switched to new tab/window -> 080BCC40477DBC7AE7D520162F768956
20:07:53 [TestNG-test-Test-1] INFO  verifyingDisplayTypeFilterFunctionality_Laptop_20-03-11 - [verifyingDisplayTypeFilterFunctionality_Laptop_20-03-11] Closed the newly opened tab/window -> 080BCC40477DBC7AE7D520162F768956
20:07:53 [TestNG-test-Test-1] INFO  verifyingDisplayTypeFilterFunctionality_Laptop_20-03-11 - [verifyingDisplayTypeFilterFunctionality_Laptop_20-03-11] Switched back to the original window -> 314D7369A7559D1F60EDBA893E955B9C
20:07:53 [TestNG-test-Test-1] INFO  verifyingDisplayTypeFilterFunctionality_Laptop_20-03-11 - [verifyingDisplayTypeFilterFunctionality_Laptop_20-03-11]  going back to product listing via closeCurrentWindowAndSwitchBack 
20:07:53 [TestNG-test-Test-1] INFO  verifyingDisplayTypeFilterFunctionality_Laptop_20-03-11 - [verifyingDisplayTypeFilterFunctionality_Laptop_20-03-11]  Added 'filter','title','keyFeatures', 'about', 'techDetails' into the Map -> productResult
20:07:53 [TestNG-test-Test-1] INFO  verifyingDisplayTypeFilterFunctionality_Laptop_20-03-11 - [verifyingDisplayTypeFilterFunctionality_Laptop_20-03-11]  Added 'productResult' Map into the 'results' i.e list of maps 
20:07:53 [TestNG-test-Test-1] INFO  verifyingDisplayTypeFilterFunctionality_Laptop_20-03-11 - [verifyingDisplayTypeFilterFunctionality_Laptop_20-03-11]==========================================================================================================
20:07:53 [TestNG-test-Test-1] INFO  verifyingDisplayTypeFilterFunctionality_Laptop_20-03-11 - [verifyingDisplayTypeFilterFunctionality_Laptop_20-03-11] Within safeFindElements 
20:07:53 [TestNG-test-Test-1] INFO  verifyingDisplayTypeFilterFunctionality_Laptop_20-03-11 - [verifyingDisplayTypeFilterFunctionality_Laptop_20-03-11] Returning the  [[[ChromeDriver: chrome on windows (6c264afaf05195094f91edece5bdd6a6)] -> xpath: //div[@data-cy='title-recipe']], [[ChromeDriver: chrome on windows (6c264afaf05195094f91edece5bdd6a6)] -> xpath: //div[@data-cy='title-recipe']], [[ChromeDriver: chrome on windows (6c264afaf05195094f91edece5bdd6a6)] -> xpath: //div[@data-cy='title-recipe']], [[ChromeDriver: chrome on windows (6c264afaf05195094f91edece5bdd6a6)] -> xpath: //div[@data-cy='title-recipe']], [[ChromeDriver: chrome on windows (6c264afaf05195094f91edece5bdd6a6)] -> xpath: //div[@data-cy='title-recipe']], [[ChromeDriver: chrome on windows (6c264afaf05195094f91edece5bdd6a6)] -> xpath: //div[@data-cy='title-recipe']], [[ChromeDriver: chrome on windows (6c264afaf05195094f91edece5bdd6a6)] -> xpath: //div[@data-cy='title-recipe']], [[ChromeDriver: chrome on windows (6c264afaf05195094f91edece5bdd6a6)] -> xpath: //div[@data-cy='title-recipe']], [[ChromeDriver: chrome on windows (6c264afaf05195094f91edece5bdd6a6)] -> xpath: //div[@data-cy='title-recipe']], [[ChromeDriver: chrome on windows (6c264afaf05195094f91edece5bdd6a6)] -> xpath: //div[@data-cy='title-recipe']], [[ChromeDriver: chrome on windows (6c264afaf05195094f91edece5bdd6a6)] -> xpath: //div[@data-cy='title-recipe']], [[ChromeDriver: chrome on windows (6c264afaf05195094f91edece5bdd6a6)] -> xpath: //div[@data-cy='title-recipe']], [[ChromeDriver: chrome on windows (6c264afaf05195094f91edece5bdd6a6)] -> xpath: //div[@data-cy='title-recipe']], [[ChromeDriver: chrome on windows (6c264afaf05195094f91edece5bdd6a6)] -> xpath: //div[@data-cy='title-recipe']], [[ChromeDriver: chrome on windows (6c264afaf05195094f91edece5bdd6a6)] -> xpath: //div[@data-cy='title-recipe']], [[ChromeDriver: chrome on windows (6c264afaf05195094f91edece5bdd6a6)] -> xpath: //div[@data-cy='title-recipe']], [[ChromeDriver: chrome on windows (6c264afaf05195094f91edece5bdd6a6)] -> xpath: //div[@data-cy='title-recipe']], [[ChromeDriver: chrome on windows (6c264afaf05195094f91edece5bdd6a6)] -> xpath: //div[@data-cy='title-recipe']], [[ChromeDriver: chrome on windows (6c264afaf05195094f91edece5bdd6a6)] -> xpath: //div[@data-cy='title-recipe']], [[ChromeDriver: chrome on windows (6c264afaf05195094f91edece5bdd6a6)] -> xpath: //div[@data-cy='title-recipe']], [[ChromeDriver: chrome on windows (6c264afaf05195094f91edece5bdd6a6)] -> xpath: //div[@data-cy='title-recipe']], [[ChromeDriver: chrome on windows (6c264afaf05195094f91edece5bdd6a6)] -> xpath: //div[@data-cy='title-recipe']]] from the safeFindElements method
20:07:53 [TestNG-test-Test-1] INFO  verifyingDisplayTypeFilterFunctionality_Laptop_20-03-11 - [verifyingDisplayTypeFilterFunctionality_Laptop_20-03-11] Within productNameListingPage loop in applyFilterAndValidateProductsWithResult
20:07:53 [TestNG-test-Test-1] INFO  verifyingDisplayTypeFilterFunctionality_Laptop_20-03-11 - [verifyingDisplayTypeFilterFunctionality_Laptop_20-03-11] Within getProductByIndex method
20:07:53 [TestNG-test-Test-1] INFO  verifyingDisplayTypeFilterFunctionality_Laptop_20-03-11 - [verifyingDisplayTypeFilterFunctionality_Laptop_20-03-11] Within safeFindElement method
20:07:53 [TestNG-test-Test-1] INFO  verifyingDisplayTypeFilterFunctionality_Laptop_20-03-11 - [verifyingDisplayTypeFilterFunctionality_Laptop_20-03-11]Found the element returning it ,element ->[[ChromeDriver: chrome on windows (6c264afaf05195094f91edece5bdd6a6)] -> xpath: (//div[@data-cy='title-recipe'])[2]]
20:07:53 [TestNG-test-Test-1] INFO  verifyingDisplayTypeFilterFunctionality_Laptop_20-03-11 - [verifyingDisplayTypeFilterFunctionality_Laptop_20-03-11] Within getProductByIndex method
20:07:53 [TestNG-test-Test-1] INFO  verifyingDisplayTypeFilterFunctionality_Laptop_20-03-11 - [verifyingDisplayTypeFilterFunctionality_Laptop_20-03-11] Within smoothScrollToElement method
20:07:53 [TestNG-test-Test-1] INFO  verifyingDisplayTypeFilterFunctionality_Laptop_20-03-11 - [verifyingDisplayTypeFilterFunctionality_Laptop_20-03-11] Within safeFindElement method
20:07:53 [TestNG-test-Test-1] INFO  verifyingDisplayTypeFilterFunctionality_Laptop_20-03-11 - [verifyingDisplayTypeFilterFunctionality_Laptop_20-03-11]Found the element returning it ,element ->[[ChromeDriver: chrome on windows (6c264afaf05195094f91edece5bdd6a6)] -> xpath: (//div[@data-cy='title-recipe'])[2]]
20:07:53 [TestNG-test-Test-1] INFO  verifyingDisplayTypeFilterFunctionality_Laptop_20-03-11 - [verifyingDisplayTypeFilterFunctionality_Laptop_20-03-11] Successfully scrolled to element: By.xpath: (//div[@data-cy='title-recipe'])[2]
20:07:53 [TestNG-test-Test-1] INFO  verifyingDisplayTypeFilterFunctionality_Laptop_20-03-11 - [verifyingDisplayTypeFilterFunctionality_Laptop_20-03-11] Getting product by index in productNameListingPage loop
20:07:54 [TestNG-test-Test-1] INFO  verifyingDisplayTypeFilterFunctionality_Laptop_20-03-11 - [verifyingDisplayTypeFilterFunctionality_Laptop_20-03-11] Opened product in new tab via Ctrl+Click inside productNameListingPage loop
20:07:54 [TestNG-test-Test-1] INFO  verifyingDisplayTypeFilterFunctionality_Laptop_20-03-11 - [verifyingDisplayTypeFilterFunctionality_Laptop_20-03-11] Waiting for new window to open...
20:07:54 [TestNG-test-Test-1] INFO  verifyingDisplayTypeFilterFunctionality_Laptop_20-03-11 - [verifyingDisplayTypeFilterFunctionality_Laptop_20-03-11] Switched to new window -> B4D9EA64747CF0F83F994585DDB994A7
20:07:54 [TestNG-test-Test-1] INFO  verifyingDisplayTypeFilterFunctionality_Laptop_20-03-11 - [verifyingDisplayTypeFilterFunctionality_Laptop_20-03-11] Swithcing to the new window  within productNameListingPage loop
20:07:54 [TestNG-test-Test-1] INFO  verifyingDisplayTypeFilterFunctionality_Laptop_20-03-11 - [verifyingDisplayTypeFilterFunctionality_Laptop_20-03-11] Clicked product name to open in new tab from productNameListingPage loop
20:07:54 [TestNG-test-Test-1] INFO  verifyingDisplayTypeFilterFunctionality_Laptop_20-03-11 - [verifyingDisplayTypeFilterFunctionality_Laptop_20-03-11] Within safeFindElement method
20:07:58 [TestNG-test-Test-1] INFO  verifyingDisplayTypeFilterFunctionality_Laptop_20-03-11 - [verifyingDisplayTypeFilterFunctionality_Laptop_20-03-11]Found the element returning it ,element ->[[ChromeDriver: chrome on windows (6c264afaf05195094f91edece5bdd6a6)] -> xpath: //span[@id='productTitle']]
20:07:58 [TestNG-test-Test-1] INFO  verifyingDisplayTypeFilterFunctionality_Laptop_20-03-11 - [verifyingDisplayTypeFilterFunctionality_Laptop_20-03-11] Within safeFindElement method
20:07:58 [TestNG-test-Test-1] INFO  verifyingDisplayTypeFilterFunctionality_Laptop_20-03-11 - [verifyingDisplayTypeFilterFunctionality_Laptop_20-03-11]Found the element returning it ,element ->[[ChromeDriver: chrome on windows (6c264afaf05195094f91edece5bdd6a6)] -> xpath: //div[@class='a-section a-spacing-small a-spacing-top-small']]
20:07:58 [TestNG-test-Test-1] INFO  verifyingDisplayTypeFilterFunctionality_Laptop_20-03-11 - [verifyingDisplayTypeFilterFunctionality_Laptop_20-03-11] Within safeFindElement method
20:07:58 [TestNG-test-Test-1] INFO  verifyingDisplayTypeFilterFunctionality_Laptop_20-03-11 - [verifyingDisplayTypeFilterFunctionality_Laptop_20-03-11]Found the element returning it ,element ->[[ChromeDriver: chrome on windows (6c264afaf05195094f91edece5bdd6a6)] -> xpath: //div[@id='feature-bullets']]
20:07:58 [TestNG-test-Test-1] INFO  verifyingDisplayTypeFilterFunctionality_Laptop_20-03-11 - [verifyingDisplayTypeFilterFunctionality_Laptop_20-03-11] Within safeFindElement method
20:07:58 [TestNG-test-Test-1] INFO  verifyingDisplayTypeFilterFunctionality_Laptop_20-03-11 - [verifyingDisplayTypeFilterFunctionality_Laptop_20-03-11]Found the element returning it ,element ->[[ChromeDriver: chrome on windows (6c264afaf05195094f91edece5bdd6a6)] -> xpath: //div[@id='prodDetails']]
20:07:58 [TestNG-test-Test-1] INFO  verifyingDisplayTypeFilterFunctionality_Laptop_20-03-11 - [verifyingDisplayTypeFilterFunctionality_Laptop_20-03-11] Extracting 'name' , 'keyFeatures', 'about' , 'techDetails' within productNameListingPage loop
20:07:58 [TestNG-test-Test-1] INFO  verifyingDisplayTypeFilterFunctionality_Laptop_20-03-11 - [verifyingDisplayTypeFilterFunctionality_Laptop_20-03-11] Waiting until element is visible in viewport
20:08:08 [TestNG-test-Test-1] INFO  verifyingDisplayTypeFilterFunctionality_Laptop_20-03-11 - [verifyingDisplayTypeFilterFunctionality_Laptop_20-03-11] Within smoothScrollToElement method
20:08:08 [TestNG-test-Test-1] INFO  verifyingDisplayTypeFilterFunctionality_Laptop_20-03-11 - [verifyingDisplayTypeFilterFunctionality_Laptop_20-03-11] Within safeFindElement method
20:08:08 [TestNG-test-Test-1] INFO  verifyingDisplayTypeFilterFunctionality_Laptop_20-03-11 - [verifyingDisplayTypeFilterFunctionality_Laptop_20-03-11]Found the element returning it ,element ->[[ChromeDriver: chrome on windows (6c264afaf05195094f91edece5bdd6a6)] -> xpath: //a[@id='seeMoreDetailsLink']]
20:08:08 [TestNG-test-Test-1] INFO  verifyingDisplayTypeFilterFunctionality_Laptop_20-03-11 - [verifyingDisplayTypeFilterFunctionality_Laptop_20-03-11] Successfully scrolled to element: By.xpath: //a[@id='seeMoreDetailsLink']
20:08:08 [TestNG-test-Test-1] INFO  verifyingDisplayTypeFilterFunctionality_Laptop_20-03-11 - [verifyingDisplayTypeFilterFunctionality_Laptop_20-03-11] Within safeClick method
20:08:10 [TestNG-test-Test-1] INFO  verifyingDisplayTypeFilterFunctionality_Laptop_20-03-11 - [verifyingDisplayTypeFilterFunctionality_Laptop_20-03-11] Clicked the  [[ChromeDriver: chrome on windows (6c264afaf05195094f91edece5bdd6a6)] -> xpath: //a[@id='seeMoreDetailsLink']]   using safeClick
20:08:10 [TestNG-test-Test-1] INFO  verifyingDisplayTypeFilterFunctionality_Laptop_20-03-11 - [verifyingDisplayTypeFilterFunctionality_Laptop_20-03-11] Within try block for clicking see more deatils within productNameListingPage loop
20:08:10 [TestNG-test-Test-1] INFO  verifyingDisplayTypeFilterFunctionality_Laptop_20-03-11 - [verifyingDisplayTypeFilterFunctionality_Laptop_20-03-11] Within closeCurrentWindowAndSwitchBack method
20:08:10 [TestNG-test-Test-1] INFO  verifyingDisplayTypeFilterFunctionality_Laptop_20-03-11 - [verifyingDisplayTypeFilterFunctionality_Laptop_20-03-11] Total open windows/tabs count -> 2
20:08:10 [TestNG-test-Test-1] INFO  verifyingDisplayTypeFilterFunctionality_Laptop_20-03-11 - [verifyingDisplayTypeFilterFunctionality_Laptop_20-03-11] Original window handle -> 314D7369A7559D1F60EDBA893E955B9C
20:08:10 [TestNG-test-Test-1] INFO  verifyingDisplayTypeFilterFunctionality_Laptop_20-03-11 - [verifyingDisplayTypeFilterFunctionality_Laptop_20-03-11] Found new tab/window handle -> B4D9EA64747CF0F83F994585DDB994A7 (will be closed)
20:08:10 [TestNG-test-Test-1] INFO  verifyingDisplayTypeFilterFunctionality_Laptop_20-03-11 - [verifyingDisplayTypeFilterFunctionality_Laptop_20-03-11] Successfully switched to new tab/window -> B4D9EA64747CF0F83F994585DDB994A7
20:08:10 [TestNG-test-Test-1] INFO  verifyingDisplayTypeFilterFunctionality_Laptop_20-03-11 - [verifyingDisplayTypeFilterFunctionality_Laptop_20-03-11] Closed the newly opened tab/window -> B4D9EA64747CF0F83F994585DDB994A7
20:08:10 [TestNG-test-Test-1] INFO  verifyingDisplayTypeFilterFunctionality_Laptop_20-03-11 - [verifyingDisplayTypeFilterFunctionality_Laptop_20-03-11] Switched back to the original window -> 314D7369A7559D1F60EDBA893E955B9C
20:08:10 [TestNG-test-Test-1] INFO  verifyingDisplayTypeFilterFunctionality_Laptop_20-03-11 - [verifyingDisplayTypeFilterFunctionality_Laptop_20-03-11]  going back to product listing via closeCurrentWindowAndSwitchBack 
20:08:10 [TestNG-test-Test-1] INFO  verifyingDisplayTypeFilterFunctionality_Laptop_20-03-11 - [verifyingDisplayTypeFilterFunctionality_Laptop_20-03-11]  Added 'filter','title','keyFeatures', 'about', 'techDetails' into the Map -> productResult
20:08:10 [TestNG-test-Test-1] INFO  verifyingDisplayTypeFilterFunctionality_Laptop_20-03-11 - [verifyingDisplayTypeFilterFunctionality_Laptop_20-03-11]  Added 'productResult' Map into the 'results' i.e list of maps 
20:08:10 [TestNG-test-Test-1] INFO  verifyingDisplayTypeFilterFunctionality_Laptop_20-03-11 - [verifyingDisplayTypeFilterFunctionality_Laptop_20-03-11]==========================================================================================================
20:08:10 [TestNG-test-Test-1] INFO  verifyingDisplayTypeFilterFunctionality_Laptop_20-03-11 - [verifyingDisplayTypeFilterFunctionality_Laptop_20-03-11] Within safeFindElements 
20:08:10 [TestNG-test-Test-1] INFO  verifyingDisplayTypeFilterFunctionality_Laptop_20-03-11 - [verifyingDisplayTypeFilterFunctionality_Laptop_20-03-11] Returning the  [[[ChromeDriver: chrome on windows (6c264afaf05195094f91edece5bdd6a6)] -> xpath: //div[@data-cy='title-recipe']], [[ChromeDriver: chrome on windows (6c264afaf05195094f91edece5bdd6a6)] -> xpath: //div[@data-cy='title-recipe']], [[ChromeDriver: chrome on windows (6c264afaf05195094f91edece5bdd6a6)] -> xpath: //div[@data-cy='title-recipe']], [[ChromeDriver: chrome on windows (6c264afaf05195094f91edece5bdd6a6)] -> xpath: //div[@data-cy='title-recipe']], [[ChromeDriver: chrome on windows (6c264afaf05195094f91edece5bdd6a6)] -> xpath: //div[@data-cy='title-recipe']], [[ChromeDriver: chrome on windows (6c264afaf05195094f91edece5bdd6a6)] -> xpath: //div[@data-cy='title-recipe']], [[ChromeDriver: chrome on windows (6c264afaf05195094f91edece5bdd6a6)] -> xpath: //div[@data-cy='title-recipe']], [[ChromeDriver: chrome on windows (6c264afaf05195094f91edece5bdd6a6)] -> xpath: //div[@data-cy='title-recipe']], [[ChromeDriver: chrome on windows (6c264afaf05195094f91edece5bdd6a6)] -> xpath: //div[@data-cy='title-recipe']], [[ChromeDriver: chrome on windows (6c264afaf05195094f91edece5bdd6a6)] -> xpath: //div[@data-cy='title-recipe']], [[ChromeDriver: chrome on windows (6c264afaf05195094f91edece5bdd6a6)] -> xpath: //div[@data-cy='title-recipe']], [[ChromeDriver: chrome on windows (6c264afaf05195094f91edece5bdd6a6)] -> xpath: //div[@data-cy='title-recipe']], [[ChromeDriver: chrome on windows (6c264afaf05195094f91edece5bdd6a6)] -> xpath: //div[@data-cy='title-recipe']], [[ChromeDriver: chrome on windows (6c264afaf05195094f91edece5bdd6a6)] -> xpath: //div[@data-cy='title-recipe']], [[ChromeDriver: chrome on windows (6c264afaf05195094f91edece5bdd6a6)] -> xpath: //div[@data-cy='title-recipe']], [[ChromeDriver: chrome on windows (6c264afaf05195094f91edece5bdd6a6)] -> xpath: //div[@data-cy='title-recipe']], [[ChromeDriver: chrome on windows (6c264afaf05195094f91edece5bdd6a6)] -> xpath: //div[@data-cy='title-recipe']], [[ChromeDriver: chrome on windows (6c264afaf05195094f91edece5bdd6a6)] -> xpath: //div[@data-cy='title-recipe']], [[ChromeDriver: chrome on windows (6c264afaf05195094f91edece5bdd6a6)] -> xpath: //div[@data-cy='title-recipe']], [[ChromeDriver: chrome on windows (6c264afaf05195094f91edece5bdd6a6)] -> xpath: //div[@data-cy='title-recipe']], [[ChromeDriver: chrome on windows (6c264afaf05195094f91edece5bdd6a6)] -> xpath: //div[@data-cy='title-recipe']], [[ChromeDriver: chrome on windows (6c264afaf05195094f91edece5bdd6a6)] -> xpath: //div[@data-cy='title-recipe']]] from the safeFindElements method
20:08:10 [TestNG-test-Test-1] INFO  verifyingDisplayTypeFilterFunctionality_Laptop_20-03-11 - [verifyingDisplayTypeFilterFunctionality_Laptop_20-03-11] Within productNameListingPage loop in applyFilterAndValidateProductsWithResult
20:08:10 [TestNG-test-Test-1] INFO  verifyingDisplayTypeFilterFunctionality_Laptop_20-03-11 - [verifyingDisplayTypeFilterFunctionality_Laptop_20-03-11] Within getProductByIndex method
20:08:10 [TestNG-test-Test-1] INFO  verifyingDisplayTypeFilterFunctionality_Laptop_20-03-11 - [verifyingDisplayTypeFilterFunctionality_Laptop_20-03-11] Within safeFindElement method
20:08:10 [TestNG-test-Test-1] INFO  verifyingDisplayTypeFilterFunctionality_Laptop_20-03-11 - [verifyingDisplayTypeFilterFunctionality_Laptop_20-03-11]Found the element returning it ,element ->[[ChromeDriver: chrome on windows (6c264afaf05195094f91edece5bdd6a6)] -> xpath: (//div[@data-cy='title-recipe'])[3]]
20:08:10 [TestNG-test-Test-1] INFO  verifyingDisplayTypeFilterFunctionality_Laptop_20-03-11 - [verifyingDisplayTypeFilterFunctionality_Laptop_20-03-11] Within getProductByIndex method
20:08:10 [TestNG-test-Test-1] INFO  verifyingDisplayTypeFilterFunctionality_Laptop_20-03-11 - [verifyingDisplayTypeFilterFunctionality_Laptop_20-03-11] Within smoothScrollToElement method
20:08:10 [TestNG-test-Test-1] INFO  verifyingDisplayTypeFilterFunctionality_Laptop_20-03-11 - [verifyingDisplayTypeFilterFunctionality_Laptop_20-03-11] Within safeFindElement method
20:08:10 [TestNG-test-Test-1] INFO  verifyingDisplayTypeFilterFunctionality_Laptop_20-03-11 - [verifyingDisplayTypeFilterFunctionality_Laptop_20-03-11]Found the element returning it ,element ->[[ChromeDriver: chrome on windows (6c264afaf05195094f91edece5bdd6a6)] -> xpath: (//div[@data-cy='title-recipe'])[3]]
20:08:10 [TestNG-test-Test-1] INFO  verifyingDisplayTypeFilterFunctionality_Laptop_20-03-11 - [verifyingDisplayTypeFilterFunctionality_Laptop_20-03-11] Successfully scrolled to element: By.xpath: (//div[@data-cy='title-recipe'])[3]
20:08:10 [TestNG-test-Test-1] INFO  verifyingDisplayTypeFilterFunctionality_Laptop_20-03-11 - [verifyingDisplayTypeFilterFunctionality_Laptop_20-03-11] Getting product by index in productNameListingPage loop
20:08:10 [TestNG-test-Test-1] INFO  verifyingDisplayTypeFilterFunctionality_Laptop_20-03-11 - [verifyingDisplayTypeFilterFunctionality_Laptop_20-03-11] Opened product in new tab via Ctrl+Click inside productNameListingPage loop
20:08:10 [TestNG-test-Test-1] INFO  verifyingDisplayTypeFilterFunctionality_Laptop_20-03-11 - [verifyingDisplayTypeFilterFunctionality_Laptop_20-03-11] Waiting for new window to open...
20:08:10 [TestNG-test-Test-1] INFO  verifyingDisplayTypeFilterFunctionality_Laptop_20-03-11 - [verifyingDisplayTypeFilterFunctionality_Laptop_20-03-11] Switched to new window -> 4DBC8578269252AD12A38420ADB93158
20:08:10 [TestNG-test-Test-1] INFO  verifyingDisplayTypeFilterFunctionality_Laptop_20-03-11 - [verifyingDisplayTypeFilterFunctionality_Laptop_20-03-11] Swithcing to the new window  within productNameListingPage loop
20:08:10 [TestNG-test-Test-1] INFO  verifyingDisplayTypeFilterFunctionality_Laptop_20-03-11 - [verifyingDisplayTypeFilterFunctionality_Laptop_20-03-11] Clicked product name to open in new tab from productNameListingPage loop
20:08:10 [TestNG-test-Test-1] INFO  verifyingDisplayTypeFilterFunctionality_Laptop_20-03-11 - [verifyingDisplayTypeFilterFunctionality_Laptop_20-03-11] Within safeFindElement method
20:08:14 [TestNG-test-Test-1] INFO  verifyingDisplayTypeFilterFunctionality_Laptop_20-03-11 - [verifyingDisplayTypeFilterFunctionality_Laptop_20-03-11]Found the element returning it ,element ->[[ChromeDriver: chrome on windows (6c264afaf05195094f91edece5bdd6a6)] -> xpath: //span[@id='productTitle']]
20:08:14 [TestNG-test-Test-1] INFO  verifyingDisplayTypeFilterFunctionality_Laptop_20-03-11 - [verifyingDisplayTypeFilterFunctionality_Laptop_20-03-11] Within safeFindElement method
20:08:14 [TestNG-test-Test-1] INFO  verifyingDisplayTypeFilterFunctionality_Laptop_20-03-11 - [verifyingDisplayTypeFilterFunctionality_Laptop_20-03-11]Found the element returning it ,element ->[[ChromeDriver: chrome on windows (6c264afaf05195094f91edece5bdd6a6)] -> xpath: //div[@class='a-section a-spacing-small a-spacing-top-small']]
20:08:14 [TestNG-test-Test-1] INFO  verifyingDisplayTypeFilterFunctionality_Laptop_20-03-11 - [verifyingDisplayTypeFilterFunctionality_Laptop_20-03-11] Within safeFindElement method
20:08:14 [TestNG-test-Test-1] INFO  verifyingDisplayTypeFilterFunctionality_Laptop_20-03-11 - [verifyingDisplayTypeFilterFunctionality_Laptop_20-03-11]Found the element returning it ,element ->[[ChromeDriver: chrome on windows (6c264afaf05195094f91edece5bdd6a6)] -> xpath: //div[@id='feature-bullets']]
20:08:14 [TestNG-test-Test-1] INFO  verifyingDisplayTypeFilterFunctionality_Laptop_20-03-11 - [verifyingDisplayTypeFilterFunctionality_Laptop_20-03-11] Within safeFindElement method
20:08:14 [TestNG-test-Test-1] INFO  verifyingDisplayTypeFilterFunctionality_Laptop_20-03-11 - [verifyingDisplayTypeFilterFunctionality_Laptop_20-03-11]Found the element returning it ,element ->[[ChromeDriver: chrome on windows (6c264afaf05195094f91edece5bdd6a6)] -> xpath: //div[@id='prodDetails']]
20:08:14 [TestNG-test-Test-1] INFO  verifyingDisplayTypeFilterFunctionality_Laptop_20-03-11 - [verifyingDisplayTypeFilterFunctionality_Laptop_20-03-11] Extracting 'name' , 'keyFeatures', 'about' , 'techDetails' within productNameListingPage loop
20:08:14 [TestNG-test-Test-1] INFO  verifyingDisplayTypeFilterFunctionality_Laptop_20-03-11 - [verifyingDisplayTypeFilterFunctionality_Laptop_20-03-11] Waiting until element is visible in viewport
20:08:25 [TestNG-test-Test-1] INFO  verifyingDisplayTypeFilterFunctionality_Laptop_20-03-11 - [verifyingDisplayTypeFilterFunctionality_Laptop_20-03-11] Within smoothScrollToElement method
20:08:25 [TestNG-test-Test-1] INFO  verifyingDisplayTypeFilterFunctionality_Laptop_20-03-11 - [verifyingDisplayTypeFilterFunctionality_Laptop_20-03-11] Within safeFindElement method
20:08:25 [TestNG-test-Test-1] INFO  verifyingDisplayTypeFilterFunctionality_Laptop_20-03-11 - [verifyingDisplayTypeFilterFunctionality_Laptop_20-03-11]Found the element returning it ,element ->[[ChromeDriver: chrome on windows (6c264afaf05195094f91edece5bdd6a6)] -> xpath: //a[@id='seeMoreDetailsLink']]
20:08:25 [TestNG-test-Test-1] INFO  verifyingDisplayTypeFilterFunctionality_Laptop_20-03-11 - [verifyingDisplayTypeFilterFunctionality_Laptop_20-03-11] Successfully scrolled to element: By.xpath: //a[@id='seeMoreDetailsLink']
20:08:25 [TestNG-test-Test-1] INFO  verifyingDisplayTypeFilterFunctionality_Laptop_20-03-11 - [verifyingDisplayTypeFilterFunctionality_Laptop_20-03-11] Within safeClick method
20:08:25 [TestNG-test-Test-1] INFO  verifyingDisplayTypeFilterFunctionality_Laptop_20-03-11 - [verifyingDisplayTypeFilterFunctionality_Laptop_20-03-11] Clicked the  [[ChromeDriver: chrome on windows (6c264afaf05195094f91edece5bdd6a6)] -> xpath: //a[@id='seeMoreDetailsLink']]   using safeClick
20:08:25 [TestNG-test-Test-1] INFO  verifyingDisplayTypeFilterFunctionality_Laptop_20-03-11 - [verifyingDisplayTypeFilterFunctionality_Laptop_20-03-11] Within try block for clicking see more deatils within productNameListingPage loop
20:08:25 [TestNG-test-Test-1] INFO  verifyingDisplayTypeFilterFunctionality_Laptop_20-03-11 - [verifyingDisplayTypeFilterFunctionality_Laptop_20-03-11] Within closeCurrentWindowAndSwitchBack method
20:08:25 [TestNG-test-Test-1] INFO  verifyingDisplayTypeFilterFunctionality_Laptop_20-03-11 - [verifyingDisplayTypeFilterFunctionality_Laptop_20-03-11] Total open windows/tabs count -> 2
20:08:25 [TestNG-test-Test-1] INFO  verifyingDisplayTypeFilterFunctionality_Laptop_20-03-11 - [verifyingDisplayTypeFilterFunctionality_Laptop_20-03-11] Original window handle -> 314D7369A7559D1F60EDBA893E955B9C
20:08:25 [TestNG-test-Test-1] INFO  verifyingDisplayTypeFilterFunctionality_Laptop_20-03-11 - [verifyingDisplayTypeFilterFunctionality_Laptop_20-03-11] Found new tab/window handle -> 4DBC8578269252AD12A38420ADB93158 (will be closed)
20:08:25 [TestNG-test-Test-1] INFO  verifyingDisplayTypeFilterFunctionality_Laptop_20-03-11 - [verifyingDisplayTypeFilterFunctionality_Laptop_20-03-11] Successfully switched to new tab/window -> 4DBC8578269252AD12A38420ADB93158
20:08:25 [TestNG-test-Test-1] INFO  verifyingDisplayTypeFilterFunctionality_Laptop_20-03-11 - [verifyingDisplayTypeFilterFunctionality_Laptop_20-03-11] Closed the newly opened tab/window -> 4DBC8578269252AD12A38420ADB93158
20:08:25 [TestNG-test-Test-1] INFO  verifyingDisplayTypeFilterFunctionality_Laptop_20-03-11 - [verifyingDisplayTypeFilterFunctionality_Laptop_20-03-11] Switched back to the original window -> 314D7369A7559D1F60EDBA893E955B9C
20:08:25 [TestNG-test-Test-1] INFO  verifyingDisplayTypeFilterFunctionality_Laptop_20-03-11 - [verifyingDisplayTypeFilterFunctionality_Laptop_20-03-11]  going back to product listing via closeCurrentWindowAndSwitchBack 
20:08:25 [TestNG-test-Test-1] INFO  verifyingDisplayTypeFilterFunctionality_Laptop_20-03-11 - [verifyingDisplayTypeFilterFunctionality_Laptop_20-03-11]  Added 'filter','title','keyFeatures', 'about', 'techDetails' into the Map -> productResult
20:08:25 [TestNG-test-Test-1] INFO  verifyingDisplayTypeFilterFunctionality_Laptop_20-03-11 - [verifyingDisplayTypeFilterFunctionality_Laptop_20-03-11]  Added 'productResult' Map into the 'results' i.e list of maps 
20:08:25 [TestNG-test-Test-1] INFO  verifyingDisplayTypeFilterFunctionality_Laptop_20-03-11 - [verifyingDisplayTypeFilterFunctionality_Laptop_20-03-11]==========================================================================================================
20:08:25 [TestNG-test-Test-1] INFO  verifyingDisplayTypeFilterFunctionality_Laptop_20-03-11 - [verifyingDisplayTypeFilterFunctionality_Laptop_20-03-11] Within safeFindElements 
20:08:25 [TestNG-test-Test-1] INFO  verifyingDisplayTypeFilterFunctionality_Laptop_20-03-11 - [verifyingDisplayTypeFilterFunctionality_Laptop_20-03-11] Returning the  [[[ChromeDriver: chrome on windows (6c264afaf05195094f91edece5bdd6a6)] -> xpath: //div[@data-cy='title-recipe']], [[ChromeDriver: chrome on windows (6c264afaf05195094f91edece5bdd6a6)] -> xpath: //div[@data-cy='title-recipe']], [[ChromeDriver: chrome on windows (6c264afaf05195094f91edece5bdd6a6)] -> xpath: //div[@data-cy='title-recipe']], [[ChromeDriver: chrome on windows (6c264afaf05195094f91edece5bdd6a6)] -> xpath: //div[@data-cy='title-recipe']], [[ChromeDriver: chrome on windows (6c264afaf05195094f91edece5bdd6a6)] -> xpath: //div[@data-cy='title-recipe']], [[ChromeDriver: chrome on windows (6c264afaf05195094f91edece5bdd6a6)] -> xpath: //div[@data-cy='title-recipe']], [[ChromeDriver: chrome on windows (6c264afaf05195094f91edece5bdd6a6)] -> xpath: //div[@data-cy='title-recipe']], [[ChromeDriver: chrome on windows (6c264afaf05195094f91edece5bdd6a6)] -> xpath: //div[@data-cy='title-recipe']], [[ChromeDriver: chrome on windows (6c264afaf05195094f91edece5bdd6a6)] -> xpath: //div[@data-cy='title-recipe']], [[ChromeDriver: chrome on windows (6c264afaf05195094f91edece5bdd6a6)] -> xpath: //div[@data-cy='title-recipe']], [[ChromeDriver: chrome on windows (6c264afaf05195094f91edece5bdd6a6)] -> xpath: //div[@data-cy='title-recipe']], [[ChromeDriver: chrome on windows (6c264afaf05195094f91edece5bdd6a6)] -> xpath: //div[@data-cy='title-recipe']], [[ChromeDriver: chrome on windows (6c264afaf05195094f91edece5bdd6a6)] -> xpath: //div[@data-cy='title-recipe']], [[ChromeDriver: chrome on windows (6c264afaf05195094f91edece5bdd6a6)] -> xpath: //div[@data-cy='title-recipe']], [[ChromeDriver: chrome on windows (6c264afaf05195094f91edece5bdd6a6)] -> xpath: //div[@data-cy='title-recipe']], [[ChromeDriver: chrome on windows (6c264afaf05195094f91edece5bdd6a6)] -> xpath: //div[@data-cy='title-recipe']], [[ChromeDriver: chrome on windows (6c264afaf05195094f91edece5bdd6a6)] -> xpath: //div[@data-cy='title-recipe']], [[ChromeDriver: chrome on windows (6c264afaf05195094f91edece5bdd6a6)] -> xpath: //div[@data-cy='title-recipe']], [[ChromeDriver: chrome on windows (6c264afaf05195094f91edece5bdd6a6)] -> xpath: //div[@data-cy='title-recipe']], [[ChromeDriver: chrome on windows (6c264afaf05195094f91edece5bdd6a6)] -> xpath: //div[@data-cy='title-recipe']], [[ChromeDriver: chrome on windows (6c264afaf05195094f91edece5bdd6a6)] -> xpath: //div[@data-cy='title-recipe']], [[ChromeDriver: chrome on windows (6c264afaf05195094f91edece5bdd6a6)] -> xpath: //div[@data-cy='title-recipe']]] from the safeFindElements method
20:08:25 [TestNG-test-Test-1] INFO  verifyingDisplayTypeFilterFunctionality_Laptop_20-03-11 - [verifyingDisplayTypeFilterFunctionality_Laptop_20-03-11] Within productNameListingPage loop in applyFilterAndValidateProductsWithResult
20:08:25 [TestNG-test-Test-1] INFO  verifyingDisplayTypeFilterFunctionality_Laptop_20-03-11 - [verifyingDisplayTypeFilterFunctionality_Laptop_20-03-11] Within getProductByIndex method
20:08:25 [TestNG-test-Test-1] INFO  verifyingDisplayTypeFilterFunctionality_Laptop_20-03-11 - [verifyingDisplayTypeFilterFunctionality_Laptop_20-03-11] Within safeFindElement method
20:08:25 [TestNG-test-Test-1] INFO  verifyingDisplayTypeFilterFunctionality_Laptop_20-03-11 - [verifyingDisplayTypeFilterFunctionality_Laptop_20-03-11]Found the element returning it ,element ->[[ChromeDriver: chrome on windows (6c264afaf05195094f91edece5bdd6a6)] -> xpath: (//div[@data-cy='title-recipe'])[4]]
20:08:25 [TestNG-test-Test-1] INFO  verifyingDisplayTypeFilterFunctionality_Laptop_20-03-11 - [verifyingDisplayTypeFilterFunctionality_Laptop_20-03-11] Within getProductByIndex method
20:08:25 [TestNG-test-Test-1] INFO  verifyingDisplayTypeFilterFunctionality_Laptop_20-03-11 - [verifyingDisplayTypeFilterFunctionality_Laptop_20-03-11] Within smoothScrollToElement method
20:08:25 [TestNG-test-Test-1] INFO  verifyingDisplayTypeFilterFunctionality_Laptop_20-03-11 - [verifyingDisplayTypeFilterFunctionality_Laptop_20-03-11] Within safeFindElement method
20:08:25 [TestNG-test-Test-1] INFO  verifyingDisplayTypeFilterFunctionality_Laptop_20-03-11 - [verifyingDisplayTypeFilterFunctionality_Laptop_20-03-11]Found the element returning it ,element ->[[ChromeDriver: chrome on windows (6c264afaf05195094f91edece5bdd6a6)] -> xpath: (//div[@data-cy='title-recipe'])[4]]
20:08:25 [TestNG-test-Test-1] INFO  verifyingDisplayTypeFilterFunctionality_Laptop_20-03-11 - [verifyingDisplayTypeFilterFunctionality_Laptop_20-03-11] Successfully scrolled to element: By.xpath: (//div[@data-cy='title-recipe'])[4]
20:08:25 [TestNG-test-Test-1] INFO  verifyingDisplayTypeFilterFunctionality_Laptop_20-03-11 - [verifyingDisplayTypeFilterFunctionality_Laptop_20-03-11] Getting product by index in productNameListingPage loop
20:08:26 [TestNG-test-Test-1] INFO  verifyingDisplayTypeFilterFunctionality_Laptop_20-03-11 - [verifyingDisplayTypeFilterFunctionality_Laptop_20-03-11] Opened product in new tab via Ctrl+Click inside productNameListingPage loop
20:08:26 [TestNG-test-Test-1] INFO  verifyingDisplayTypeFilterFunctionality_Laptop_20-03-11 - [verifyingDisplayTypeFilterFunctionality_Laptop_20-03-11] Waiting for new window to open...
20:08:26 [TestNG-test-Test-1] INFO  verifyingDisplayTypeFilterFunctionality_Laptop_20-03-11 - [verifyingDisplayTypeFilterFunctionality_Laptop_20-03-11] Switched to new window -> 06AD6C722905B68BAE33062CF1E5E612
20:08:26 [TestNG-test-Test-1] INFO  verifyingDisplayTypeFilterFunctionality_Laptop_20-03-11 - [verifyingDisplayTypeFilterFunctionality_Laptop_20-03-11] Swithcing to the new window  within productNameListingPage loop
20:08:26 [TestNG-test-Test-1] INFO  verifyingDisplayTypeFilterFunctionality_Laptop_20-03-11 - [verifyingDisplayTypeFilterFunctionality_Laptop_20-03-11] Clicked product name to open in new tab from productNameListingPage loop
20:08:26 [TestNG-test-Test-1] INFO  verifyingDisplayTypeFilterFunctionality_Laptop_20-03-11 - [verifyingDisplayTypeFilterFunctionality_Laptop_20-03-11] Within safeFindElement method
20:08:29 [TestNG-test-Test-1] INFO  verifyingDisplayTypeFilterFunctionality_Laptop_20-03-11 - [verifyingDisplayTypeFilterFunctionality_Laptop_20-03-11]Found the element returning it ,element ->[[ChromeDriver: chrome on windows (6c264afaf05195094f91edece5bdd6a6)] -> xpath: //span[@id='productTitle']]
20:08:29 [TestNG-test-Test-1] INFO  verifyingDisplayTypeFilterFunctionality_Laptop_20-03-11 - [verifyingDisplayTypeFilterFunctionality_Laptop_20-03-11] Within safeFindElement method
20:08:29 [TestNG-test-Test-1] INFO  verifyingDisplayTypeFilterFunctionality_Laptop_20-03-11 - [verifyingDisplayTypeFilterFunctionality_Laptop_20-03-11]Found the element returning it ,element ->[[ChromeDriver: chrome on windows (6c264afaf05195094f91edece5bdd6a6)] -> xpath: //div[@class='a-section a-spacing-small a-spacing-top-small']]
20:08:29 [TestNG-test-Test-1] INFO  verifyingDisplayTypeFilterFunctionality_Laptop_20-03-11 - [verifyingDisplayTypeFilterFunctionality_Laptop_20-03-11] Within safeFindElement method
20:08:29 [TestNG-test-Test-1] INFO  verifyingDisplayTypeFilterFunctionality_Laptop_20-03-11 - [verifyingDisplayTypeFilterFunctionality_Laptop_20-03-11]Found the element returning it ,element ->[[ChromeDriver: chrome on windows (6c264afaf05195094f91edece5bdd6a6)] -> xpath: //div[@id='feature-bullets']]
20:08:29 [TestNG-test-Test-1] INFO  verifyingDisplayTypeFilterFunctionality_Laptop_20-03-11 - [verifyingDisplayTypeFilterFunctionality_Laptop_20-03-11] Within safeFindElement method
20:08:29 [TestNG-test-Test-1] INFO  verifyingDisplayTypeFilterFunctionality_Laptop_20-03-11 - [verifyingDisplayTypeFilterFunctionality_Laptop_20-03-11]Found the element returning it ,element ->[[ChromeDriver: chrome on windows (6c264afaf05195094f91edece5bdd6a6)] -> xpath: //div[@id='prodDetails']]
20:08:29 [TestNG-test-Test-1] INFO  verifyingDisplayTypeFilterFunctionality_Laptop_20-03-11 - [verifyingDisplayTypeFilterFunctionality_Laptop_20-03-11] Extracting 'name' , 'keyFeatures', 'about' , 'techDetails' within productNameListingPage loop
20:08:29 [TestNG-test-Test-1] INFO  verifyingDisplayTypeFilterFunctionality_Laptop_20-03-11 - [verifyingDisplayTypeFilterFunctionality_Laptop_20-03-11] Waiting until element is visible in viewport
20:08:40 [TestNG-test-Test-1] INFO  verifyingDisplayTypeFilterFunctionality_Laptop_20-03-11 - [verifyingDisplayTypeFilterFunctionality_Laptop_20-03-11] Within smoothScrollToElement method
20:08:40 [TestNG-test-Test-1] INFO  verifyingDisplayTypeFilterFunctionality_Laptop_20-03-11 - [verifyingDisplayTypeFilterFunctionality_Laptop_20-03-11] Within safeFindElement method
20:08:40 [TestNG-test-Test-1] INFO  verifyingDisplayTypeFilterFunctionality_Laptop_20-03-11 - [verifyingDisplayTypeFilterFunctionality_Laptop_20-03-11]Found the element returning it ,element ->[[ChromeDriver: chrome on windows (6c264afaf05195094f91edece5bdd6a6)] -> xpath: //a[@id='seeMoreDetailsLink']]
20:08:40 [TestNG-test-Test-1] INFO  verifyingDisplayTypeFilterFunctionality_Laptop_20-03-11 - [verifyingDisplayTypeFilterFunctionality_Laptop_20-03-11] Successfully scrolled to element: By.xpath: //a[@id='seeMoreDetailsLink']
20:08:40 [TestNG-test-Test-1] INFO  verifyingDisplayTypeFilterFunctionality_Laptop_20-03-11 - [verifyingDisplayTypeFilterFunctionality_Laptop_20-03-11] Within safeClick method
20:08:40 [TestNG-test-Test-1] INFO  verifyingDisplayTypeFilterFunctionality_Laptop_20-03-11 - [verifyingDisplayTypeFilterFunctionality_Laptop_20-03-11] Clicked the  [[ChromeDriver: chrome on windows (6c264afaf05195094f91edece5bdd6a6)] -> xpath: //a[@id='seeMoreDetailsLink']]   using safeClick
20:08:40 [TestNG-test-Test-1] INFO  verifyingDisplayTypeFilterFunctionality_Laptop_20-03-11 - [verifyingDisplayTypeFilterFunctionality_Laptop_20-03-11] Within try block for clicking see more deatils within productNameListingPage loop
20:08:40 [TestNG-test-Test-1] INFO  verifyingDisplayTypeFilterFunctionality_Laptop_20-03-11 - [verifyingDisplayTypeFilterFunctionality_Laptop_20-03-11] Within closeCurrentWindowAndSwitchBack method
20:08:40 [TestNG-test-Test-1] INFO  verifyingDisplayTypeFilterFunctionality_Laptop_20-03-11 - [verifyingDisplayTypeFilterFunctionality_Laptop_20-03-11] Total open windows/tabs count -> 2
20:08:40 [TestNG-test-Test-1] INFO  verifyingDisplayTypeFilterFunctionality_Laptop_20-03-11 - [verifyingDisplayTypeFilterFunctionality_Laptop_20-03-11] Original window handle -> 314D7369A7559D1F60EDBA893E955B9C
20:08:40 [TestNG-test-Test-1] INFO  verifyingDisplayTypeFilterFunctionality_Laptop_20-03-11 - [verifyingDisplayTypeFilterFunctionality_Laptop_20-03-11] Found new tab/window handle -> 06AD6C722905B68BAE33062CF1E5E612 (will be closed)
20:08:40 [TestNG-test-Test-1] INFO  verifyingDisplayTypeFilterFunctionality_Laptop_20-03-11 - [verifyingDisplayTypeFilterFunctionality_Laptop_20-03-11] Successfully switched to new tab/window -> 06AD6C722905B68BAE33062CF1E5E612
20:08:40 [TestNG-test-Test-1] INFO  verifyingDisplayTypeFilterFunctionality_Laptop_20-03-11 - [verifyingDisplayTypeFilterFunctionality_Laptop_20-03-11] Closed the newly opened tab/window -> 06AD6C722905B68BAE33062CF1E5E612
20:08:40 [TestNG-test-Test-1] INFO  verifyingDisplayTypeFilterFunctionality_Laptop_20-03-11 - [verifyingDisplayTypeFilterFunctionality_Laptop_20-03-11] Switched back to the original window -> 314D7369A7559D1F60EDBA893E955B9C
20:08:40 [TestNG-test-Test-1] INFO  verifyingDisplayTypeFilterFunctionality_Laptop_20-03-11 - [verifyingDisplayTypeFilterFunctionality_Laptop_20-03-11]  going back to product listing via closeCurrentWindowAndSwitchBack 
20:08:40 [TestNG-test-Test-1] INFO  verifyingDisplayTypeFilterFunctionality_Laptop_20-03-11 - [verifyingDisplayTypeFilterFunctionality_Laptop_20-03-11]  Added 'filter','title','keyFeatures', 'about', 'techDetails' into the Map -> productResult
20:08:40 [TestNG-test-Test-1] INFO  verifyingDisplayTypeFilterFunctionality_Laptop_20-03-11 - [verifyingDisplayTypeFilterFunctionality_Laptop_20-03-11]  Added 'productResult' Map into the 'results' i.e list of maps 
20:08:40 [TestNG-test-Test-1] INFO  verifyingDisplayTypeFilterFunctionality_Laptop_20-03-11 - [verifyingDisplayTypeFilterFunctionality_Laptop_20-03-11]==========================================================================================================
20:08:40 [TestNG-test-Test-1] INFO  verifyingDisplayTypeFilterFunctionality_Laptop_20-03-11 - [verifyingDisplayTypeFilterFunctionality_Laptop_20-03-11] Within safeFindElements 
20:08:40 [TestNG-test-Test-1] INFO  verifyingDisplayTypeFilterFunctionality_Laptop_20-03-11 - [verifyingDisplayTypeFilterFunctionality_Laptop_20-03-11] Returning the  [[[ChromeDriver: chrome on windows (6c264afaf05195094f91edece5bdd6a6)] -> xpath: //div[@data-cy='title-recipe']], [[ChromeDriver: chrome on windows (6c264afaf05195094f91edece5bdd6a6)] -> xpath: //div[@data-cy='title-recipe']], [[ChromeDriver: chrome on windows (6c264afaf05195094f91edece5bdd6a6)] -> xpath: //div[@data-cy='title-recipe']], [[ChromeDriver: chrome on windows (6c264afaf05195094f91edece5bdd6a6)] -> xpath: //div[@data-cy='title-recipe']], [[ChromeDriver: chrome on windows (6c264afaf05195094f91edece5bdd6a6)] -> xpath: //div[@data-cy='title-recipe']], [[ChromeDriver: chrome on windows (6c264afaf05195094f91edece5bdd6a6)] -> xpath: //div[@data-cy='title-recipe']], [[ChromeDriver: chrome on windows (6c264afaf05195094f91edece5bdd6a6)] -> xpath: //div[@data-cy='title-recipe']], [[ChromeDriver: chrome on windows (6c264afaf05195094f91edece5bdd6a6)] -> xpath: //div[@data-cy='title-recipe']], [[ChromeDriver: chrome on windows (6c264afaf05195094f91edece5bdd6a6)] -> xpath: //div[@data-cy='title-recipe']], [[ChromeDriver: chrome on windows (6c264afaf05195094f91edece5bdd6a6)] -> xpath: //div[@data-cy='title-recipe']], [[ChromeDriver: chrome on windows (6c264afaf05195094f91edece5bdd6a6)] -> xpath: //div[@data-cy='title-recipe']], [[ChromeDriver: chrome on windows (6c264afaf05195094f91edece5bdd6a6)] -> xpath: //div[@data-cy='title-recipe']], [[ChromeDriver: chrome on windows (6c264afaf05195094f91edece5bdd6a6)] -> xpath: //div[@data-cy='title-recipe']], [[ChromeDriver: chrome on windows (6c264afaf05195094f91edece5bdd6a6)] -> xpath: //div[@data-cy='title-recipe']], [[ChromeDriver: chrome on windows (6c264afaf05195094f91edece5bdd6a6)] -> xpath: //div[@data-cy='title-recipe']], [[ChromeDriver: chrome on windows (6c264afaf05195094f91edece5bdd6a6)] -> xpath: //div[@data-cy='title-recipe']], [[ChromeDriver: chrome on windows (6c264afaf05195094f91edece5bdd6a6)] -> xpath: //div[@data-cy='title-recipe']], [[ChromeDriver: chrome on windows (6c264afaf05195094f91edece5bdd6a6)] -> xpath: //div[@data-cy='title-recipe']], [[ChromeDriver: chrome on windows (6c264afaf05195094f91edece5bdd6a6)] -> xpath: //div[@data-cy='title-recipe']], [[ChromeDriver: chrome on windows (6c264afaf05195094f91edece5bdd6a6)] -> xpath: //div[@data-cy='title-recipe']], [[ChromeDriver: chrome on windows (6c264afaf05195094f91edece5bdd6a6)] -> xpath: //div[@data-cy='title-recipe']], [[ChromeDriver: chrome on windows (6c264afaf05195094f91edece5bdd6a6)] -> xpath: //div[@data-cy='title-recipe']]] from the safeFindElements method
20:08:40 [TestNG-test-Test-1] INFO  verifyingDisplayTypeFilterFunctionality_Laptop_20-03-11 - [verifyingDisplayTypeFilterFunctionality_Laptop_20-03-11] Within productNameListingPage loop in applyFilterAndValidateProductsWithResult
20:08:40 [TestNG-test-Test-1] INFO  verifyingDisplayTypeFilterFunctionality_Laptop_20-03-11 - [verifyingDisplayTypeFilterFunctionality_Laptop_20-03-11] Within getProductByIndex method
20:08:40 [TestNG-test-Test-1] INFO  verifyingDisplayTypeFilterFunctionality_Laptop_20-03-11 - [verifyingDisplayTypeFilterFunctionality_Laptop_20-03-11] Within safeFindElement method
20:08:40 [TestNG-test-Test-1] INFO  verifyingDisplayTypeFilterFunctionality_Laptop_20-03-11 - [verifyingDisplayTypeFilterFunctionality_Laptop_20-03-11]Found the element returning it ,element ->[[ChromeDriver: chrome on windows (6c264afaf05195094f91edece5bdd6a6)] -> xpath: (//div[@data-cy='title-recipe'])[5]]
20:08:40 [TestNG-test-Test-1] INFO  verifyingDisplayTypeFilterFunctionality_Laptop_20-03-11 - [verifyingDisplayTypeFilterFunctionality_Laptop_20-03-11] Within getProductByIndex method
20:08:40 [TestNG-test-Test-1] INFO  verifyingDisplayTypeFilterFunctionality_Laptop_20-03-11 - [verifyingDisplayTypeFilterFunctionality_Laptop_20-03-11] Within smoothScrollToElement method
20:08:40 [TestNG-test-Test-1] INFO  verifyingDisplayTypeFilterFunctionality_Laptop_20-03-11 - [verifyingDisplayTypeFilterFunctionality_Laptop_20-03-11] Within safeFindElement method
20:08:40 [TestNG-test-Test-1] INFO  verifyingDisplayTypeFilterFunctionality_Laptop_20-03-11 - [verifyingDisplayTypeFilterFunctionality_Laptop_20-03-11]Found the element returning it ,element ->[[ChromeDriver: chrome on windows (6c264afaf05195094f91edece5bdd6a6)] -> xpath: (//div[@data-cy='title-recipe'])[5]]
20:08:40 [TestNG-test-Test-1] INFO  verifyingDisplayTypeFilterFunctionality_Laptop_20-03-11 - [verifyingDisplayTypeFilterFunctionality_Laptop_20-03-11] Successfully scrolled to element: By.xpath: (//div[@data-cy='title-recipe'])[5]
20:08:40 [TestNG-test-Test-1] INFO  verifyingDisplayTypeFilterFunctionality_Laptop_20-03-11 - [verifyingDisplayTypeFilterFunctionality_Laptop_20-03-11] Getting product by index in productNameListingPage loop
20:08:40 [TestNG-test-Test-1] INFO  verifyingDisplayTypeFilterFunctionality_Laptop_20-03-11 - [verifyingDisplayTypeFilterFunctionality_Laptop_20-03-11] Opened product in new tab via Ctrl+Click inside productNameListingPage loop
20:08:40 [TestNG-test-Test-1] INFO  verifyingDisplayTypeFilterFunctionality_Laptop_20-03-11 - [verifyingDisplayTypeFilterFunctionality_Laptop_20-03-11] Waiting for new window to open...
20:08:40 [TestNG-test-Test-1] INFO  verifyingDisplayTypeFilterFunctionality_Laptop_20-03-11 - [verifyingDisplayTypeFilterFunctionality_Laptop_20-03-11] Switched to new window -> 14898155EC4EE4071C3F996DCAB842D5
20:08:40 [TestNG-test-Test-1] INFO  verifyingDisplayTypeFilterFunctionality_Laptop_20-03-11 - [verifyingDisplayTypeFilterFunctionality_Laptop_20-03-11] Swithcing to the new window  within productNameListingPage loop
20:08:40 [TestNG-test-Test-1] INFO  verifyingDisplayTypeFilterFunctionality_Laptop_20-03-11 - [verifyingDisplayTypeFilterFunctionality_Laptop_20-03-11] Clicked product name to open in new tab from productNameListingPage loop
20:08:40 [TestNG-test-Test-1] INFO  verifyingDisplayTypeFilterFunctionality_Laptop_20-03-11 - [verifyingDisplayTypeFilterFunctionality_Laptop_20-03-11] Within safeFindElement method
20:08:44 [TestNG-test-Test-1] INFO  verifyingDisplayTypeFilterFunctionality_Laptop_20-03-11 - [verifyingDisplayTypeFilterFunctionality_Laptop_20-03-11]Found the element returning it ,element ->[[ChromeDriver: chrome on windows (6c264afaf05195094f91edece5bdd6a6)] -> xpath: //span[@id='productTitle']]
20:08:44 [TestNG-test-Test-1] INFO  verifyingDisplayTypeFilterFunctionality_Laptop_20-03-11 - [verifyingDisplayTypeFilterFunctionality_Laptop_20-03-11] Within safeFindElement method
20:08:44 [TestNG-test-Test-1] INFO  verifyingDisplayTypeFilterFunctionality_Laptop_20-03-11 - [verifyingDisplayTypeFilterFunctionality_Laptop_20-03-11]Found the element returning it ,element ->[[ChromeDriver: chrome on windows (6c264afaf05195094f91edece5bdd6a6)] -> xpath: //div[@class='a-section a-spacing-small a-spacing-top-small']]
20:08:44 [TestNG-test-Test-1] INFO  verifyingDisplayTypeFilterFunctionality_Laptop_20-03-11 - [verifyingDisplayTypeFilterFunctionality_Laptop_20-03-11] Within safeFindElement method
20:08:44 [TestNG-test-Test-1] INFO  verifyingDisplayTypeFilterFunctionality_Laptop_20-03-11 - [verifyingDisplayTypeFilterFunctionality_Laptop_20-03-11]Found the element returning it ,element ->[[ChromeDriver: chrome on windows (6c264afaf05195094f91edece5bdd6a6)] -> xpath: //div[@id='feature-bullets']]
20:08:44 [TestNG-test-Test-1] INFO  verifyingDisplayTypeFilterFunctionality_Laptop_20-03-11 - [verifyingDisplayTypeFilterFunctionality_Laptop_20-03-11] Within safeFindElement method
20:08:44 [TestNG-test-Test-1] INFO  verifyingDisplayTypeFilterFunctionality_Laptop_20-03-11 - [verifyingDisplayTypeFilterFunctionality_Laptop_20-03-11]Found the element returning it ,element ->[[ChromeDriver: chrome on windows (6c264afaf05195094f91edece5bdd6a6)] -> xpath: //div[@id='prodDetails']]
20:08:44 [TestNG-test-Test-1] INFO  verifyingDisplayTypeFilterFunctionality_Laptop_20-03-11 - [verifyingDisplayTypeFilterFunctionality_Laptop_20-03-11] Extracting 'name' , 'keyFeatures', 'about' , 'techDetails' within productNameListingPage loop
20:08:44 [TestNG-test-Test-1] INFO  verifyingDisplayTypeFilterFunctionality_Laptop_20-03-11 - [verifyingDisplayTypeFilterFunctionality_Laptop_20-03-11] Waiting until element is visible in viewport
20:08:54 [TestNG-test-Test-1] INFO  verifyingDisplayTypeFilterFunctionality_Laptop_20-03-11 - [verifyingDisplayTypeFilterFunctionality_Laptop_20-03-11] Within smoothScrollToElement method
20:08:54 [TestNG-test-Test-1] INFO  verifyingDisplayTypeFilterFunctionality_Laptop_20-03-11 - [verifyingDisplayTypeFilterFunctionality_Laptop_20-03-11] Within safeFindElement method
20:08:54 [TestNG-test-Test-1] INFO  verifyingDisplayTypeFilterFunctionality_Laptop_20-03-11 - [verifyingDisplayTypeFilterFunctionality_Laptop_20-03-11]Found the element returning it ,element ->[[ChromeDriver: chrome on windows (6c264afaf05195094f91edece5bdd6a6)] -> xpath: //a[@id='seeMoreDetailsLink']]
20:08:54 [TestNG-test-Test-1] INFO  verifyingDisplayTypeFilterFunctionality_Laptop_20-03-11 - [verifyingDisplayTypeFilterFunctionality_Laptop_20-03-11] Successfully scrolled to element: By.xpath: //a[@id='seeMoreDetailsLink']
20:08:54 [TestNG-test-Test-1] INFO  verifyingDisplayTypeFilterFunctionality_Laptop_20-03-11 - [verifyingDisplayTypeFilterFunctionality_Laptop_20-03-11] Within safeClick method
20:08:55 [TestNG-test-Test-1] INFO  verifyingDisplayTypeFilterFunctionality_Laptop_20-03-11 - [verifyingDisplayTypeFilterFunctionality_Laptop_20-03-11] Clicked the  [[ChromeDriver: chrome on windows (6c264afaf05195094f91edece5bdd6a6)] -> xpath: //a[@id='seeMoreDetailsLink']]   using safeClick
20:08:55 [TestNG-test-Test-1] INFO  verifyingDisplayTypeFilterFunctionality_Laptop_20-03-11 - [verifyingDisplayTypeFilterFunctionality_Laptop_20-03-11] Within try block for clicking see more deatils within productNameListingPage loop
20:08:55 [TestNG-test-Test-1] INFO  verifyingDisplayTypeFilterFunctionality_Laptop_20-03-11 - [verifyingDisplayTypeFilterFunctionality_Laptop_20-03-11] Within closeCurrentWindowAndSwitchBack method
20:08:55 [TestNG-test-Test-1] INFO  verifyingDisplayTypeFilterFunctionality_Laptop_20-03-11 - [verifyingDisplayTypeFilterFunctionality_Laptop_20-03-11] Total open windows/tabs count -> 2
20:08:55 [TestNG-test-Test-1] INFO  verifyingDisplayTypeFilterFunctionality_Laptop_20-03-11 - [verifyingDisplayTypeFilterFunctionality_Laptop_20-03-11] Original window handle -> 314D7369A7559D1F60EDBA893E955B9C
20:08:55 [TestNG-test-Test-1] INFO  verifyingDisplayTypeFilterFunctionality_Laptop_20-03-11 - [verifyingDisplayTypeFilterFunctionality_Laptop_20-03-11] Found new tab/window handle -> 14898155EC4EE4071C3F996DCAB842D5 (will be closed)
20:08:55 [TestNG-test-Test-1] INFO  verifyingDisplayTypeFilterFunctionality_Laptop_20-03-11 - [verifyingDisplayTypeFilterFunctionality_Laptop_20-03-11] Successfully switched to new tab/window -> 14898155EC4EE4071C3F996DCAB842D5
20:08:55 [TestNG-test-Test-1] INFO  verifyingDisplayTypeFilterFunctionality_Laptop_20-03-11 - [verifyingDisplayTypeFilterFunctionality_Laptop_20-03-11] Closed the newly opened tab/window -> 14898155EC4EE4071C3F996DCAB842D5
20:08:55 [TestNG-test-Test-1] INFO  verifyingDisplayTypeFilterFunctionality_Laptop_20-03-11 - [verifyingDisplayTypeFilterFunctionality_Laptop_20-03-11] Switched back to the original window -> 314D7369A7559D1F60EDBA893E955B9C
20:08:55 [TestNG-test-Test-1] INFO  verifyingDisplayTypeFilterFunctionality_Laptop_20-03-11 - [verifyingDisplayTypeFilterFunctionality_Laptop_20-03-11]  going back to product listing via closeCurrentWindowAndSwitchBack 
20:08:55 [TestNG-test-Test-1] INFO  verifyingDisplayTypeFilterFunctionality_Laptop_20-03-11 - [verifyingDisplayTypeFilterFunctionality_Laptop_20-03-11]  Added 'filter','title','keyFeatures', 'about', 'techDetails' into the Map -> productResult
20:08:55 [TestNG-test-Test-1] INFO  verifyingDisplayTypeFilterFunctionality_Laptop_20-03-11 - [verifyingDisplayTypeFilterFunctionality_Laptop_20-03-11]  Added 'productResult' Map into the 'results' i.e list of maps 
20:08:55 [TestNG-test-Test-1] INFO  verifyingDisplayTypeFilterFunctionality_Laptop_20-03-11 - [verifyingDisplayTypeFilterFunctionality_Laptop_20-03-11]==========================================================================================================
20:08:55 [TestNG-test-Test-1] INFO  verifyingDisplayTypeFilterFunctionality_Laptop_20-03-11 - [verifyingDisplayTypeFilterFunctionality_Laptop_20-03-11] Within safeFindElements 
20:08:55 [TestNG-test-Test-1] INFO  verifyingDisplayTypeFilterFunctionality_Laptop_20-03-11 - [verifyingDisplayTypeFilterFunctionality_Laptop_20-03-11] Returning the  [[[ChromeDriver: chrome on windows (6c264afaf05195094f91edece5bdd6a6)] -> xpath: //div[@data-cy='title-recipe']], [[ChromeDriver: chrome on windows (6c264afaf05195094f91edece5bdd6a6)] -> xpath: //div[@data-cy='title-recipe']], [[ChromeDriver: chrome on windows (6c264afaf05195094f91edece5bdd6a6)] -> xpath: //div[@data-cy='title-recipe']], [[ChromeDriver: chrome on windows (6c264afaf05195094f91edece5bdd6a6)] -> xpath: //div[@data-cy='title-recipe']], [[ChromeDriver: chrome on windows (6c264afaf05195094f91edece5bdd6a6)] -> xpath: //div[@data-cy='title-recipe']], [[ChromeDriver: chrome on windows (6c264afaf05195094f91edece5bdd6a6)] -> xpath: //div[@data-cy='title-recipe']], [[ChromeDriver: chrome on windows (6c264afaf05195094f91edece5bdd6a6)] -> xpath: //div[@data-cy='title-recipe']], [[ChromeDriver: chrome on windows (6c264afaf05195094f91edece5bdd6a6)] -> xpath: //div[@data-cy='title-recipe']], [[ChromeDriver: chrome on windows (6c264afaf05195094f91edece5bdd6a6)] -> xpath: //div[@data-cy='title-recipe']], [[ChromeDriver: chrome on windows (6c264afaf05195094f91edece5bdd6a6)] -> xpath: //div[@data-cy='title-recipe']], [[ChromeDriver: chrome on windows (6c264afaf05195094f91edece5bdd6a6)] -> xpath: //div[@data-cy='title-recipe']], [[ChromeDriver: chrome on windows (6c264afaf05195094f91edece5bdd6a6)] -> xpath: //div[@data-cy='title-recipe']], [[ChromeDriver: chrome on windows (6c264afaf05195094f91edece5bdd6a6)] -> xpath: //div[@data-cy='title-recipe']], [[ChromeDriver: chrome on windows (6c264afaf05195094f91edece5bdd6a6)] -> xpath: //div[@data-cy='title-recipe']], [[ChromeDriver: chrome on windows (6c264afaf05195094f91edece5bdd6a6)] -> xpath: //div[@data-cy='title-recipe']], [[ChromeDriver: chrome on windows (6c264afaf05195094f91edece5bdd6a6)] -> xpath: //div[@data-cy='title-recipe']], [[ChromeDriver: chrome on windows (6c264afaf05195094f91edece5bdd6a6)] -> xpath: //div[@data-cy='title-recipe']], [[ChromeDriver: chrome on windows (6c264afaf05195094f91edece5bdd6a6)] -> xpath: //div[@data-cy='title-recipe']], [[ChromeDriver: chrome on windows (6c264afaf05195094f91edece5bdd6a6)] -> xpath: //div[@data-cy='title-recipe']], [[ChromeDriver: chrome on windows (6c264afaf05195094f91edece5bdd6a6)] -> xpath: //div[@data-cy='title-recipe']], [[ChromeDriver: chrome on windows (6c264afaf05195094f91edece5bdd6a6)] -> xpath: //div[@data-cy='title-recipe']], [[ChromeDriver: chrome on windows (6c264afaf05195094f91edece5bdd6a6)] -> xpath: //div[@data-cy='title-recipe']]] from the safeFindElements method
20:08:55 [TestNG-test-Test-1] INFO  verifyingDisplayTypeFilterFunctionality_Laptop_20-03-11 - [verifyingDisplayTypeFilterFunctionality_Laptop_20-03-11] Within productNameListingPage loop in applyFilterAndValidateProductsWithResult
20:08:55 [TestNG-test-Test-1] INFO  verifyingDisplayTypeFilterFunctionality_Laptop_20-03-11 - [verifyingDisplayTypeFilterFunctionality_Laptop_20-03-11] Within getProductByIndex method
20:08:55 [TestNG-test-Test-1] INFO  verifyingDisplayTypeFilterFunctionality_Laptop_20-03-11 - [verifyingDisplayTypeFilterFunctionality_Laptop_20-03-11] Within safeFindElement method
20:08:55 [TestNG-test-Test-1] INFO  verifyingDisplayTypeFilterFunctionality_Laptop_20-03-11 - [verifyingDisplayTypeFilterFunctionality_Laptop_20-03-11]Found the element returning it ,element ->[[ChromeDriver: chrome on windows (6c264afaf05195094f91edece5bdd6a6)] -> xpath: (//div[@data-cy='title-recipe'])[6]]
20:08:55 [TestNG-test-Test-1] INFO  verifyingDisplayTypeFilterFunctionality_Laptop_20-03-11 - [verifyingDisplayTypeFilterFunctionality_Laptop_20-03-11] Within getProductByIndex method
20:08:55 [TestNG-test-Test-1] INFO  verifyingDisplayTypeFilterFunctionality_Laptop_20-03-11 - [verifyingDisplayTypeFilterFunctionality_Laptop_20-03-11] Within smoothScrollToElement method
20:08:55 [TestNG-test-Test-1] INFO  verifyingDisplayTypeFilterFunctionality_Laptop_20-03-11 - [verifyingDisplayTypeFilterFunctionality_Laptop_20-03-11] Within safeFindElement method
20:08:55 [TestNG-test-Test-1] INFO  verifyingDisplayTypeFilterFunctionality_Laptop_20-03-11 - [verifyingDisplayTypeFilterFunctionality_Laptop_20-03-11]Found the element returning it ,element ->[[ChromeDriver: chrome on windows (6c264afaf05195094f91edece5bdd6a6)] -> xpath: (//div[@data-cy='title-recipe'])[6]]
20:08:55 [TestNG-test-Test-1] INFO  verifyingDisplayTypeFilterFunctionality_Laptop_20-03-11 - [verifyingDisplayTypeFilterFunctionality_Laptop_20-03-11] Successfully scrolled to element: By.xpath: (//div[@data-cy='title-recipe'])[6]
20:08:55 [TestNG-test-Test-1] INFO  verifyingDisplayTypeFilterFunctionality_Laptop_20-03-11 - [verifyingDisplayTypeFilterFunctionality_Laptop_20-03-11] Getting product by index in productNameListingPage loop
20:08:56 [TestNG-test-Test-1] INFO  verifyingDisplayTypeFilterFunctionality_Laptop_20-03-11 - [verifyingDisplayTypeFilterFunctionality_Laptop_20-03-11] Opened product in new tab via Ctrl+Click inside productNameListingPage loop
20:08:56 [TestNG-test-Test-1] INFO  verifyingDisplayTypeFilterFunctionality_Laptop_20-03-11 - [verifyingDisplayTypeFilterFunctionality_Laptop_20-03-11] Waiting for new window to open...
20:08:56 [TestNG-test-Test-1] INFO  verifyingDisplayTypeFilterFunctionality_Laptop_20-03-11 - [verifyingDisplayTypeFilterFunctionality_Laptop_20-03-11] Switched to new window -> 434F56648C092EBFFDBD561129450520
20:08:56 [TestNG-test-Test-1] INFO  verifyingDisplayTypeFilterFunctionality_Laptop_20-03-11 - [verifyingDisplayTypeFilterFunctionality_Laptop_20-03-11] Swithcing to the new window  within productNameListingPage loop
20:08:56 [TestNG-test-Test-1] INFO  verifyingDisplayTypeFilterFunctionality_Laptop_20-03-11 - [verifyingDisplayTypeFilterFunctionality_Laptop_20-03-11] Clicked product name to open in new tab from productNameListingPage loop
20:08:56 [TestNG-test-Test-1] INFO  verifyingDisplayTypeFilterFunctionality_Laptop_20-03-11 - [verifyingDisplayTypeFilterFunctionality_Laptop_20-03-11] Within safeFindElement method
20:08:59 [TestNG-test-Test-1] INFO  verifyingDisplayTypeFilterFunctionality_Laptop_20-03-11 - [verifyingDisplayTypeFilterFunctionality_Laptop_20-03-11]Found the element returning it ,element ->[[ChromeDriver: chrome on windows (6c264afaf05195094f91edece5bdd6a6)] -> xpath: //span[@id='productTitle']]
20:08:59 [TestNG-test-Test-1] INFO  verifyingDisplayTypeFilterFunctionality_Laptop_20-03-11 - [verifyingDisplayTypeFilterFunctionality_Laptop_20-03-11] Within safeFindElement method
20:08:59 [TestNG-test-Test-1] INFO  verifyingDisplayTypeFilterFunctionality_Laptop_20-03-11 - [verifyingDisplayTypeFilterFunctionality_Laptop_20-03-11]Found the element returning it ,element ->[[ChromeDriver: chrome on windows (6c264afaf05195094f91edece5bdd6a6)] -> xpath: //div[@class='a-section a-spacing-small a-spacing-top-small']]
20:08:59 [TestNG-test-Test-1] INFO  verifyingDisplayTypeFilterFunctionality_Laptop_20-03-11 - [verifyingDisplayTypeFilterFunctionality_Laptop_20-03-11] Within safeFindElement method
20:08:59 [TestNG-test-Test-1] INFO  verifyingDisplayTypeFilterFunctionality_Laptop_20-03-11 - [verifyingDisplayTypeFilterFunctionality_Laptop_20-03-11]Found the element returning it ,element ->[[ChromeDriver: chrome on windows (6c264afaf05195094f91edece5bdd6a6)] -> xpath: //div[@id='feature-bullets']]
20:08:59 [TestNG-test-Test-1] INFO  verifyingDisplayTypeFilterFunctionality_Laptop_20-03-11 - [verifyingDisplayTypeFilterFunctionality_Laptop_20-03-11] Within safeFindElement method
20:08:59 [TestNG-test-Test-1] INFO  verifyingDisplayTypeFilterFunctionality_Laptop_20-03-11 - [verifyingDisplayTypeFilterFunctionality_Laptop_20-03-11]Found the element returning it ,element ->[[ChromeDriver: chrome on windows (6c264afaf05195094f91edece5bdd6a6)] -> xpath: //div[@id='prodDetails']]
20:08:59 [TestNG-test-Test-1] INFO  verifyingDisplayTypeFilterFunctionality_Laptop_20-03-11 - [verifyingDisplayTypeFilterFunctionality_Laptop_20-03-11] Extracting 'name' , 'keyFeatures', 'about' , 'techDetails' within productNameListingPage loop
20:08:59 [TestNG-test-Test-1] INFO  verifyingDisplayTypeFilterFunctionality_Laptop_20-03-11 - [verifyingDisplayTypeFilterFunctionality_Laptop_20-03-11] Waiting until element is visible in viewport
20:09:10 [TestNG-test-Test-1] INFO  verifyingDisplayTypeFilterFunctionality_Laptop_20-03-11 - [verifyingDisplayTypeFilterFunctionality_Laptop_20-03-11] Within smoothScrollToElement method
20:09:10 [TestNG-test-Test-1] INFO  verifyingDisplayTypeFilterFunctionality_Laptop_20-03-11 - [verifyingDisplayTypeFilterFunctionality_Laptop_20-03-11] Within safeFindElement method
20:09:10 [TestNG-test-Test-1] INFO  verifyingDisplayTypeFilterFunctionality_Laptop_20-03-11 - [verifyingDisplayTypeFilterFunctionality_Laptop_20-03-11]Found the element returning it ,element ->[[ChromeDriver: chrome on windows (6c264afaf05195094f91edece5bdd6a6)] -> xpath: //a[@id='seeMoreDetailsLink']]
20:09:10 [TestNG-test-Test-1] INFO  verifyingDisplayTypeFilterFunctionality_Laptop_20-03-11 - [verifyingDisplayTypeFilterFunctionality_Laptop_20-03-11] Successfully scrolled to element: By.xpath: //a[@id='seeMoreDetailsLink']
20:09:10 [TestNG-test-Test-1] INFO  verifyingDisplayTypeFilterFunctionality_Laptop_20-03-11 - [verifyingDisplayTypeFilterFunctionality_Laptop_20-03-11] Within safeClick method
20:09:11 [TestNG-test-Test-1] INFO  verifyingDisplayTypeFilterFunctionality_Laptop_20-03-11 - [verifyingDisplayTypeFilterFunctionality_Laptop_20-03-11] Clicked the  [[ChromeDriver: chrome on windows (6c264afaf05195094f91edece5bdd6a6)] -> xpath: //a[@id='seeMoreDetailsLink']]   using safeClick
20:09:11 [TestNG-test-Test-1] INFO  verifyingDisplayTypeFilterFunctionality_Laptop_20-03-11 - [verifyingDisplayTypeFilterFunctionality_Laptop_20-03-11] Within try block for clicking see more deatils within productNameListingPage loop
20:09:11 [TestNG-test-Test-1] INFO  verifyingDisplayTypeFilterFunctionality_Laptop_20-03-11 - [verifyingDisplayTypeFilterFunctionality_Laptop_20-03-11] Within closeCurrentWindowAndSwitchBack method
20:09:11 [TestNG-test-Test-1] INFO  verifyingDisplayTypeFilterFunctionality_Laptop_20-03-11 - [verifyingDisplayTypeFilterFunctionality_Laptop_20-03-11] Total open windows/tabs count -> 2
20:09:11 [TestNG-test-Test-1] INFO  verifyingDisplayTypeFilterFunctionality_Laptop_20-03-11 - [verifyingDisplayTypeFilterFunctionality_Laptop_20-03-11] Original window handle -> 314D7369A7559D1F60EDBA893E955B9C
20:09:11 [TestNG-test-Test-1] INFO  verifyingDisplayTypeFilterFunctionality_Laptop_20-03-11 - [verifyingDisplayTypeFilterFunctionality_Laptop_20-03-11] Found new tab/window handle -> 434F56648C092EBFFDBD561129450520 (will be closed)
20:09:11 [TestNG-test-Test-1] INFO  verifyingDisplayTypeFilterFunctionality_Laptop_20-03-11 - [verifyingDisplayTypeFilterFunctionality_Laptop_20-03-11] Successfully switched to new tab/window -> 434F56648C092EBFFDBD561129450520
20:09:11 [TestNG-test-Test-1] INFO  verifyingDisplayTypeFilterFunctionality_Laptop_20-03-11 - [verifyingDisplayTypeFilterFunctionality_Laptop_20-03-11] Closed the newly opened tab/window -> 434F56648C092EBFFDBD561129450520
20:09:11 [TestNG-test-Test-1] INFO  verifyingDisplayTypeFilterFunctionality_Laptop_20-03-11 - [verifyingDisplayTypeFilterFunctionality_Laptop_20-03-11] Switched back to the original window -> 314D7369A7559D1F60EDBA893E955B9C
20:09:11 [TestNG-test-Test-1] INFO  verifyingDisplayTypeFilterFunctionality_Laptop_20-03-11 - [verifyingDisplayTypeFilterFunctionality_Laptop_20-03-11]  going back to product listing via closeCurrentWindowAndSwitchBack 
20:09:11 [TestNG-test-Test-1] INFO  verifyingDisplayTypeFilterFunctionality_Laptop_20-03-11 - [verifyingDisplayTypeFilterFunctionality_Laptop_20-03-11]  Added 'filter','title','keyFeatures', 'about', 'techDetails' into the Map -> productResult
20:09:11 [TestNG-test-Test-1] INFO  verifyingDisplayTypeFilterFunctionality_Laptop_20-03-11 - [verifyingDisplayTypeFilterFunctionality_Laptop_20-03-11]  Added 'productResult' Map into the 'results' i.e list of maps 
20:09:11 [TestNG-test-Test-1] INFO  verifyingDisplayTypeFilterFunctionality_Laptop_20-03-11 - [verifyingDisplayTypeFilterFunctionality_Laptop_20-03-11]==========================================================================================================
20:09:11 [TestNG-test-Test-1] INFO  verifyingDisplayTypeFilterFunctionality_Laptop_20-03-11 - [verifyingDisplayTypeFilterFunctionality_Laptop_20-03-11] Within safeFindElements 
20:09:11 [TestNG-test-Test-1] INFO  verifyingDisplayTypeFilterFunctionality_Laptop_20-03-11 - [verifyingDisplayTypeFilterFunctionality_Laptop_20-03-11] Returning the  [[[ChromeDriver: chrome on windows (6c264afaf05195094f91edece5bdd6a6)] -> xpath: //div[@data-cy='title-recipe']], [[ChromeDriver: chrome on windows (6c264afaf05195094f91edece5bdd6a6)] -> xpath: //div[@data-cy='title-recipe']], [[ChromeDriver: chrome on windows (6c264afaf05195094f91edece5bdd6a6)] -> xpath: //div[@data-cy='title-recipe']], [[ChromeDriver: chrome on windows (6c264afaf05195094f91edece5bdd6a6)] -> xpath: //div[@data-cy='title-recipe']], [[ChromeDriver: chrome on windows (6c264afaf05195094f91edece5bdd6a6)] -> xpath: //div[@data-cy='title-recipe']], [[ChromeDriver: chrome on windows (6c264afaf05195094f91edece5bdd6a6)] -> xpath: //div[@data-cy='title-recipe']], [[ChromeDriver: chrome on windows (6c264afaf05195094f91edece5bdd6a6)] -> xpath: //div[@data-cy='title-recipe']], [[ChromeDriver: chrome on windows (6c264afaf05195094f91edece5bdd6a6)] -> xpath: //div[@data-cy='title-recipe']], [[ChromeDriver: chrome on windows (6c264afaf05195094f91edece5bdd6a6)] -> xpath: //div[@data-cy='title-recipe']], [[ChromeDriver: chrome on windows (6c264afaf05195094f91edece5bdd6a6)] -> xpath: //div[@data-cy='title-recipe']], [[ChromeDriver: chrome on windows (6c264afaf05195094f91edece5bdd6a6)] -> xpath: //div[@data-cy='title-recipe']], [[ChromeDriver: chrome on windows (6c264afaf05195094f91edece5bdd6a6)] -> xpath: //div[@data-cy='title-recipe']], [[ChromeDriver: chrome on windows (6c264afaf05195094f91edece5bdd6a6)] -> xpath: //div[@data-cy='title-recipe']], [[ChromeDriver: chrome on windows (6c264afaf05195094f91edece5bdd6a6)] -> xpath: //div[@data-cy='title-recipe']], [[ChromeDriver: chrome on windows (6c264afaf05195094f91edece5bdd6a6)] -> xpath: //div[@data-cy='title-recipe']], [[ChromeDriver: chrome on windows (6c264afaf05195094f91edece5bdd6a6)] -> xpath: //div[@data-cy='title-recipe']], [[ChromeDriver: chrome on windows (6c264afaf05195094f91edece5bdd6a6)] -> xpath: //div[@data-cy='title-recipe']], [[ChromeDriver: chrome on windows (6c264afaf05195094f91edece5bdd6a6)] -> xpath: //div[@data-cy='title-recipe']], [[ChromeDriver: chrome on windows (6c264afaf05195094f91edece5bdd6a6)] -> xpath: //div[@data-cy='title-recipe']], [[ChromeDriver: chrome on windows (6c264afaf05195094f91edece5bdd6a6)] -> xpath: //div[@data-cy='title-recipe']], [[ChromeDriver: chrome on windows (6c264afaf05195094f91edece5bdd6a6)] -> xpath: //div[@data-cy='title-recipe']], [[ChromeDriver: chrome on windows (6c264afaf05195094f91edece5bdd6a6)] -> xpath: //div[@data-cy='title-recipe']]] from the safeFindElements method
20:09:11 [TestNG-test-Test-1] INFO  verifyingDisplayTypeFilterFunctionality_Laptop_20-03-11 - [verifyingDisplayTypeFilterFunctionality_Laptop_20-03-11] Within productNameListingPage loop in applyFilterAndValidateProductsWithResult
20:09:11 [TestNG-test-Test-1] INFO  verifyingDisplayTypeFilterFunctionality_Laptop_20-03-11 - [verifyingDisplayTypeFilterFunctionality_Laptop_20-03-11] Within getProductByIndex method
20:09:11 [TestNG-test-Test-1] INFO  verifyingDisplayTypeFilterFunctionality_Laptop_20-03-11 - [verifyingDisplayTypeFilterFunctionality_Laptop_20-03-11] Within safeFindElement method
20:09:11 [TestNG-test-Test-1] INFO  verifyingDisplayTypeFilterFunctionality_Laptop_20-03-11 - [verifyingDisplayTypeFilterFunctionality_Laptop_20-03-11]Found the element returning it ,element ->[[ChromeDriver: chrome on windows (6c264afaf05195094f91edece5bdd6a6)] -> xpath: (//div[@data-cy='title-recipe'])[7]]
20:09:11 [TestNG-test-Test-1] INFO  verifyingDisplayTypeFilterFunctionality_Laptop_20-03-11 - [verifyingDisplayTypeFilterFunctionality_Laptop_20-03-11] Within getProductByIndex method
20:09:11 [TestNG-test-Test-1] INFO  verifyingDisplayTypeFilterFunctionality_Laptop_20-03-11 - [verifyingDisplayTypeFilterFunctionality_Laptop_20-03-11] Within smoothScrollToElement method
20:09:11 [TestNG-test-Test-1] INFO  verifyingDisplayTypeFilterFunctionality_Laptop_20-03-11 - [verifyingDisplayTypeFilterFunctionality_Laptop_20-03-11] Within safeFindElement method
20:09:11 [TestNG-test-Test-1] INFO  verifyingDisplayTypeFilterFunctionality_Laptop_20-03-11 - [verifyingDisplayTypeFilterFunctionality_Laptop_20-03-11]Found the element returning it ,element ->[[ChromeDriver: chrome on windows (6c264afaf05195094f91edece5bdd6a6)] -> xpath: (//div[@data-cy='title-recipe'])[7]]
20:09:11 [TestNG-test-Test-1] INFO  verifyingDisplayTypeFilterFunctionality_Laptop_20-03-11 - [verifyingDisplayTypeFilterFunctionality_Laptop_20-03-11] Successfully scrolled to element: By.xpath: (//div[@data-cy='title-recipe'])[7]
20:09:11 [TestNG-test-Test-1] INFO  verifyingDisplayTypeFilterFunctionality_Laptop_20-03-11 - [verifyingDisplayTypeFilterFunctionality_Laptop_20-03-11] Getting product by index in productNameListingPage loop
20:09:12 [TestNG-test-Test-1] INFO  verifyingDisplayTypeFilterFunctionality_Laptop_20-03-11 - [verifyingDisplayTypeFilterFunctionality_Laptop_20-03-11] Opened product in new tab via Ctrl+Click inside productNameListingPage loop
20:09:12 [TestNG-test-Test-1] INFO  verifyingDisplayTypeFilterFunctionality_Laptop_20-03-11 - [verifyingDisplayTypeFilterFunctionality_Laptop_20-03-11] Waiting for new window to open...
20:09:12 [TestNG-test-Test-1] INFO  verifyingDisplayTypeFilterFunctionality_Laptop_20-03-11 - [verifyingDisplayTypeFilterFunctionality_Laptop_20-03-11] Switched to new window -> 507A6F324084AA309D0F56E036BB184D
20:09:12 [TestNG-test-Test-1] INFO  verifyingDisplayTypeFilterFunctionality_Laptop_20-03-11 - [verifyingDisplayTypeFilterFunctionality_Laptop_20-03-11] Swithcing to the new window  within productNameListingPage loop
20:09:12 [TestNG-test-Test-1] INFO  verifyingDisplayTypeFilterFunctionality_Laptop_20-03-11 - [verifyingDisplayTypeFilterFunctionality_Laptop_20-03-11] Clicked product name to open in new tab from productNameListingPage loop
20:09:12 [TestNG-test-Test-1] INFO  verifyingDisplayTypeFilterFunctionality_Laptop_20-03-11 - [verifyingDisplayTypeFilterFunctionality_Laptop_20-03-11] Within safeFindElement method
20:09:15 [TestNG-test-Test-1] INFO  verifyingDisplayTypeFilterFunctionality_Laptop_20-03-11 - [verifyingDisplayTypeFilterFunctionality_Laptop_20-03-11]Found the element returning it ,element ->[[ChromeDriver: chrome on windows (6c264afaf05195094f91edece5bdd6a6)] -> xpath: //span[@id='productTitle']]
20:09:15 [TestNG-test-Test-1] INFO  verifyingDisplayTypeFilterFunctionality_Laptop_20-03-11 - [verifyingDisplayTypeFilterFunctionality_Laptop_20-03-11] Within safeFindElement method
20:09:15 [TestNG-test-Test-1] INFO  verifyingDisplayTypeFilterFunctionality_Laptop_20-03-11 - [verifyingDisplayTypeFilterFunctionality_Laptop_20-03-11]Found the element returning it ,element ->[[ChromeDriver: chrome on windows (6c264afaf05195094f91edece5bdd6a6)] -> xpath: //div[@class='a-section a-spacing-small a-spacing-top-small']]
20:09:15 [TestNG-test-Test-1] INFO  verifyingDisplayTypeFilterFunctionality_Laptop_20-03-11 - [verifyingDisplayTypeFilterFunctionality_Laptop_20-03-11] Within safeFindElement method
20:09:16 [TestNG-test-Test-1] INFO  verifyingDisplayTypeFilterFunctionality_Laptop_20-03-11 - [verifyingDisplayTypeFilterFunctionality_Laptop_20-03-11]Found the element returning it ,element ->[[ChromeDriver: chrome on windows (6c264afaf05195094f91edece5bdd6a6)] -> xpath: //div[@id='feature-bullets']]
20:09:16 [TestNG-test-Test-1] INFO  verifyingDisplayTypeFilterFunctionality_Laptop_20-03-11 - [verifyingDisplayTypeFilterFunctionality_Laptop_20-03-11] Within safeFindElement method
20:09:16 [TestNG-test-Test-1] INFO  verifyingDisplayTypeFilterFunctionality_Laptop_20-03-11 - [verifyingDisplayTypeFilterFunctionality_Laptop_20-03-11]Found the element returning it ,element ->[[ChromeDriver: chrome on windows (6c264afaf05195094f91edece5bdd6a6)] -> xpath: //div[@id='prodDetails']]
20:09:16 [TestNG-test-Test-1] INFO  verifyingDisplayTypeFilterFunctionality_Laptop_20-03-11 - [verifyingDisplayTypeFilterFunctionality_Laptop_20-03-11] Extracting 'name' , 'keyFeatures', 'about' , 'techDetails' within productNameListingPage loop
20:09:16 [TestNG-test-Test-1] INFO  verifyingDisplayTypeFilterFunctionality_Laptop_20-03-11 - [verifyingDisplayTypeFilterFunctionality_Laptop_20-03-11] Waiting until element is visible in viewport
20:09:26 [TestNG-test-Test-1] INFO  verifyingDisplayTypeFilterFunctionality_Laptop_20-03-11 - [verifyingDisplayTypeFilterFunctionality_Laptop_20-03-11] Within smoothScrollToElement method
20:09:26 [TestNG-test-Test-1] INFO  verifyingDisplayTypeFilterFunctionality_Laptop_20-03-11 - [verifyingDisplayTypeFilterFunctionality_Laptop_20-03-11] Within safeFindElement method
20:09:26 [TestNG-test-Test-1] INFO  verifyingDisplayTypeFilterFunctionality_Laptop_20-03-11 - [verifyingDisplayTypeFilterFunctionality_Laptop_20-03-11]Found the element returning it ,element ->[[ChromeDriver: chrome on windows (6c264afaf05195094f91edece5bdd6a6)] -> xpath: //a[@id='seeMoreDetailsLink']]
20:09:26 [TestNG-test-Test-1] INFO  verifyingDisplayTypeFilterFunctionality_Laptop_20-03-11 - [verifyingDisplayTypeFilterFunctionality_Laptop_20-03-11] Successfully scrolled to element: By.xpath: //a[@id='seeMoreDetailsLink']
20:09:26 [TestNG-test-Test-1] INFO  verifyingDisplayTypeFilterFunctionality_Laptop_20-03-11 - [verifyingDisplayTypeFilterFunctionality_Laptop_20-03-11] Within safeClick method
20:09:27 [TestNG-test-Test-1] INFO  verifyingDisplayTypeFilterFunctionality_Laptop_20-03-11 - [verifyingDisplayTypeFilterFunctionality_Laptop_20-03-11] Clicked the  [[ChromeDriver: chrome on windows (6c264afaf05195094f91edece5bdd6a6)] -> xpath: //a[@id='seeMoreDetailsLink']]   using safeClick
20:09:27 [TestNG-test-Test-1] INFO  verifyingDisplayTypeFilterFunctionality_Laptop_20-03-11 - [verifyingDisplayTypeFilterFunctionality_Laptop_20-03-11] Within try block for clicking see more deatils within productNameListingPage loop
20:09:27 [TestNG-test-Test-1] INFO  verifyingDisplayTypeFilterFunctionality_Laptop_20-03-11 - [verifyingDisplayTypeFilterFunctionality_Laptop_20-03-11] Within closeCurrentWindowAndSwitchBack method
20:09:27 [TestNG-test-Test-1] INFO  verifyingDisplayTypeFilterFunctionality_Laptop_20-03-11 - [verifyingDisplayTypeFilterFunctionality_Laptop_20-03-11] Total open windows/tabs count -> 2
20:09:27 [TestNG-test-Test-1] INFO  verifyingDisplayTypeFilterFunctionality_Laptop_20-03-11 - [verifyingDisplayTypeFilterFunctionality_Laptop_20-03-11] Original window handle -> 314D7369A7559D1F60EDBA893E955B9C
20:09:27 [TestNG-test-Test-1] INFO  verifyingDisplayTypeFilterFunctionality_Laptop_20-03-11 - [verifyingDisplayTypeFilterFunctionality_Laptop_20-03-11] Found new tab/window handle -> 507A6F324084AA309D0F56E036BB184D (will be closed)
20:09:27 [TestNG-test-Test-1] INFO  verifyingDisplayTypeFilterFunctionality_Laptop_20-03-11 - [verifyingDisplayTypeFilterFunctionality_Laptop_20-03-11] Successfully switched to new tab/window -> 507A6F324084AA309D0F56E036BB184D
20:09:27 [TestNG-test-Test-1] INFO  verifyingDisplayTypeFilterFunctionality_Laptop_20-03-11 - [verifyingDisplayTypeFilterFunctionality_Laptop_20-03-11] Closed the newly opened tab/window -> 507A6F324084AA309D0F56E036BB184D
20:09:27 [TestNG-test-Test-1] INFO  verifyingDisplayTypeFilterFunctionality_Laptop_20-03-11 - [verifyingDisplayTypeFilterFunctionality_Laptop_20-03-11] Switched back to the original window -> 314D7369A7559D1F60EDBA893E955B9C
20:09:27 [TestNG-test-Test-1] INFO  verifyingDisplayTypeFilterFunctionality_Laptop_20-03-11 - [verifyingDisplayTypeFilterFunctionality_Laptop_20-03-11]  going back to product listing via closeCurrentWindowAndSwitchBack 
20:09:27 [TestNG-test-Test-1] INFO  verifyingDisplayTypeFilterFunctionality_Laptop_20-03-11 - [verifyingDisplayTypeFilterFunctionality_Laptop_20-03-11]  Added 'filter','title','keyFeatures', 'about', 'techDetails' into the Map -> productResult
20:09:27 [TestNG-test-Test-1] INFO  verifyingDisplayTypeFilterFunctionality_Laptop_20-03-11 - [verifyingDisplayTypeFilterFunctionality_Laptop_20-03-11]  Added 'productResult' Map into the 'results' i.e list of maps 
20:09:27 [TestNG-test-Test-1] INFO  verifyingDisplayTypeFilterFunctionality_Laptop_20-03-11 - [verifyingDisplayTypeFilterFunctionality_Laptop_20-03-11]==========================================================================================================
20:09:27 [TestNG-test-Test-1] INFO  verifyingDisplayTypeFilterFunctionality_Laptop_20-03-11 - [verifyingDisplayTypeFilterFunctionality_Laptop_20-03-11] Within safeFindElements 
20:09:27 [TestNG-test-Test-1] INFO  verifyingDisplayTypeFilterFunctionality_Laptop_20-03-11 - [verifyingDisplayTypeFilterFunctionality_Laptop_20-03-11] Returning the  [[[ChromeDriver: chrome on windows (6c264afaf05195094f91edece5bdd6a6)] -> xpath: //div[@data-cy='title-recipe']], [[ChromeDriver: chrome on windows (6c264afaf05195094f91edece5bdd6a6)] -> xpath: //div[@data-cy='title-recipe']], [[ChromeDriver: chrome on windows (6c264afaf05195094f91edece5bdd6a6)] -> xpath: //div[@data-cy='title-recipe']], [[ChromeDriver: chrome on windows (6c264afaf05195094f91edece5bdd6a6)] -> xpath: //div[@data-cy='title-recipe']], [[ChromeDriver: chrome on windows (6c264afaf05195094f91edece5bdd6a6)] -> xpath: //div[@data-cy='title-recipe']], [[ChromeDriver: chrome on windows (6c264afaf05195094f91edece5bdd6a6)] -> xpath: //div[@data-cy='title-recipe']], [[ChromeDriver: chrome on windows (6c264afaf05195094f91edece5bdd6a6)] -> xpath: //div[@data-cy='title-recipe']], [[ChromeDriver: chrome on windows (6c264afaf05195094f91edece5bdd6a6)] -> xpath: //div[@data-cy='title-recipe']], [[ChromeDriver: chrome on windows (6c264afaf05195094f91edece5bdd6a6)] -> xpath: //div[@data-cy='title-recipe']], [[ChromeDriver: chrome on windows (6c264afaf05195094f91edece5bdd6a6)] -> xpath: //div[@data-cy='title-recipe']], [[ChromeDriver: chrome on windows (6c264afaf05195094f91edece5bdd6a6)] -> xpath: //div[@data-cy='title-recipe']], [[ChromeDriver: chrome on windows (6c264afaf05195094f91edece5bdd6a6)] -> xpath: //div[@data-cy='title-recipe']], [[ChromeDriver: chrome on windows (6c264afaf05195094f91edece5bdd6a6)] -> xpath: //div[@data-cy='title-recipe']], [[ChromeDriver: chrome on windows (6c264afaf05195094f91edece5bdd6a6)] -> xpath: //div[@data-cy='title-recipe']], [[ChromeDriver: chrome on windows (6c264afaf05195094f91edece5bdd6a6)] -> xpath: //div[@data-cy='title-recipe']], [[ChromeDriver: chrome on windows (6c264afaf05195094f91edece5bdd6a6)] -> xpath: //div[@data-cy='title-recipe']], [[ChromeDriver: chrome on windows (6c264afaf05195094f91edece5bdd6a6)] -> xpath: //div[@data-cy='title-recipe']], [[ChromeDriver: chrome on windows (6c264afaf05195094f91edece5bdd6a6)] -> xpath: //div[@data-cy='title-recipe']], [[ChromeDriver: chrome on windows (6c264afaf05195094f91edece5bdd6a6)] -> xpath: //div[@data-cy='title-recipe']], [[ChromeDriver: chrome on windows (6c264afaf05195094f91edece5bdd6a6)] -> xpath: //div[@data-cy='title-recipe']], [[ChromeDriver: chrome on windows (6c264afaf05195094f91edece5bdd6a6)] -> xpath: //div[@data-cy='title-recipe']], [[ChromeDriver: chrome on windows (6c264afaf05195094f91edece5bdd6a6)] -> xpath: //div[@data-cy='title-recipe']]] from the safeFindElements method
20:09:27 [TestNG-test-Test-1] INFO  verifyingDisplayTypeFilterFunctionality_Laptop_20-03-11 - [verifyingDisplayTypeFilterFunctionality_Laptop_20-03-11] Within productNameListingPage loop in applyFilterAndValidateProductsWithResult
20:09:27 [TestNG-test-Test-1] INFO  verifyingDisplayTypeFilterFunctionality_Laptop_20-03-11 - [verifyingDisplayTypeFilterFunctionality_Laptop_20-03-11] Within getProductByIndex method
20:09:27 [TestNG-test-Test-1] INFO  verifyingDisplayTypeFilterFunctionality_Laptop_20-03-11 - [verifyingDisplayTypeFilterFunctionality_Laptop_20-03-11] Within safeFindElement method
20:09:27 [TestNG-test-Test-1] INFO  verifyingDisplayTypeFilterFunctionality_Laptop_20-03-11 - [verifyingDisplayTypeFilterFunctionality_Laptop_20-03-11]Found the element returning it ,element ->[[ChromeDriver: chrome on windows (6c264afaf05195094f91edece5bdd6a6)] -> xpath: (//div[@data-cy='title-recipe'])[8]]
20:09:27 [TestNG-test-Test-1] INFO  verifyingDisplayTypeFilterFunctionality_Laptop_20-03-11 - [verifyingDisplayTypeFilterFunctionality_Laptop_20-03-11] Within getProductByIndex method
20:09:27 [TestNG-test-Test-1] INFO  verifyingDisplayTypeFilterFunctionality_Laptop_20-03-11 - [verifyingDisplayTypeFilterFunctionality_Laptop_20-03-11] Within smoothScrollToElement method
20:09:27 [TestNG-test-Test-1] INFO  verifyingDisplayTypeFilterFunctionality_Laptop_20-03-11 - [verifyingDisplayTypeFilterFunctionality_Laptop_20-03-11] Within safeFindElement method
20:09:27 [TestNG-test-Test-1] INFO  verifyingDisplayTypeFilterFunctionality_Laptop_20-03-11 - [verifyingDisplayTypeFilterFunctionality_Laptop_20-03-11]Found the element returning it ,element ->[[ChromeDriver: chrome on windows (6c264afaf05195094f91edece5bdd6a6)] -> xpath: (//div[@data-cy='title-recipe'])[8]]
20:09:27 [TestNG-test-Test-1] INFO  verifyingDisplayTypeFilterFunctionality_Laptop_20-03-11 - [verifyingDisplayTypeFilterFunctionality_Laptop_20-03-11] Successfully scrolled to element: By.xpath: (//div[@data-cy='title-recipe'])[8]
20:09:27 [TestNG-test-Test-1] INFO  verifyingDisplayTypeFilterFunctionality_Laptop_20-03-11 - [verifyingDisplayTypeFilterFunctionality_Laptop_20-03-11] Getting product by index in productNameListingPage loop
20:09:27 [TestNG-test-Test-1] INFO  verifyingDisplayTypeFilterFunctionality_Laptop_20-03-11 - [verifyingDisplayTypeFilterFunctionality_Laptop_20-03-11] Opened product in new tab via Ctrl+Click inside productNameListingPage loop
20:09:27 [TestNG-test-Test-1] INFO  verifyingDisplayTypeFilterFunctionality_Laptop_20-03-11 - [verifyingDisplayTypeFilterFunctionality_Laptop_20-03-11] Waiting for new window to open...
20:09:27 [TestNG-test-Test-1] INFO  verifyingDisplayTypeFilterFunctionality_Laptop_20-03-11 - [verifyingDisplayTypeFilterFunctionality_Laptop_20-03-11] Switched to new window -> 04F1C5B3A628AC2E90FBCBA89BF268FF
20:09:27 [TestNG-test-Test-1] INFO  verifyingDisplayTypeFilterFunctionality_Laptop_20-03-11 - [verifyingDisplayTypeFilterFunctionality_Laptop_20-03-11] Swithcing to the new window  within productNameListingPage loop
20:09:27 [TestNG-test-Test-1] INFO  verifyingDisplayTypeFilterFunctionality_Laptop_20-03-11 - [verifyingDisplayTypeFilterFunctionality_Laptop_20-03-11] Clicked product name to open in new tab from productNameListingPage loop
20:09:27 [TestNG-test-Test-1] INFO  verifyingDisplayTypeFilterFunctionality_Laptop_20-03-11 - [verifyingDisplayTypeFilterFunctionality_Laptop_20-03-11] Within safeFindElement method
20:09:31 [TestNG-test-Test-1] INFO  verifyingDisplayTypeFilterFunctionality_Laptop_20-03-11 - [verifyingDisplayTypeFilterFunctionality_Laptop_20-03-11]Found the element returning it ,element ->[[ChromeDriver: chrome on windows (6c264afaf05195094f91edece5bdd6a6)] -> xpath: //span[@id='productTitle']]
20:09:31 [TestNG-test-Test-1] INFO  verifyingDisplayTypeFilterFunctionality_Laptop_20-03-11 - [verifyingDisplayTypeFilterFunctionality_Laptop_20-03-11] Within safeFindElement method
20:09:32 [TestNG-test-Test-1] INFO  verifyingDisplayTypeFilterFunctionality_Laptop_20-03-11 - [verifyingDisplayTypeFilterFunctionality_Laptop_20-03-11]Found the element returning it ,element ->[[ChromeDriver: chrome on windows (6c264afaf05195094f91edece5bdd6a6)] -> xpath: //div[@class='a-section a-spacing-small a-spacing-top-small']]
20:09:32 [TestNG-test-Test-1] INFO  verifyingDisplayTypeFilterFunctionality_Laptop_20-03-11 - [verifyingDisplayTypeFilterFunctionality_Laptop_20-03-11] Within safeFindElement method
20:09:32 [TestNG-test-Test-1] INFO  verifyingDisplayTypeFilterFunctionality_Laptop_20-03-11 - [verifyingDisplayTypeFilterFunctionality_Laptop_20-03-11]Found the element returning it ,element ->[[ChromeDriver: chrome on windows (6c264afaf05195094f91edece5bdd6a6)] -> xpath: //div[@id='feature-bullets']]
20:09:32 [TestNG-test-Test-1] INFO  verifyingDisplayTypeFilterFunctionality_Laptop_20-03-11 - [verifyingDisplayTypeFilterFunctionality_Laptop_20-03-11] Within safeFindElement method
20:09:32 [TestNG-test-Test-1] INFO  verifyingDisplayTypeFilterFunctionality_Laptop_20-03-11 - [verifyingDisplayTypeFilterFunctionality_Laptop_20-03-11]Found the element returning it ,element ->[[ChromeDriver: chrome on windows (6c264afaf05195094f91edece5bdd6a6)] -> xpath: //div[@id='prodDetails']]
20:09:32 [TestNG-test-Test-1] INFO  verifyingDisplayTypeFilterFunctionality_Laptop_20-03-11 - [verifyingDisplayTypeFilterFunctionality_Laptop_20-03-11] Extracting 'name' , 'keyFeatures', 'about' , 'techDetails' within productNameListingPage loop
20:09:32 [TestNG-test-Test-1] INFO  verifyingDisplayTypeFilterFunctionality_Laptop_20-03-11 - [verifyingDisplayTypeFilterFunctionality_Laptop_20-03-11] Waiting until element is visible in viewport
20:09:42 [TestNG-test-Test-1] INFO  verifyingDisplayTypeFilterFunctionality_Laptop_20-03-11 - [verifyingDisplayTypeFilterFunctionality_Laptop_20-03-11] Within smoothScrollToElement method
20:09:42 [TestNG-test-Test-1] INFO  verifyingDisplayTypeFilterFunctionality_Laptop_20-03-11 - [verifyingDisplayTypeFilterFunctionality_Laptop_20-03-11] Within safeFindElement method
20:09:42 [TestNG-test-Test-1] INFO  verifyingDisplayTypeFilterFunctionality_Laptop_20-03-11 - [verifyingDisplayTypeFilterFunctionality_Laptop_20-03-11]Found the element returning it ,element ->[[ChromeDriver: chrome on windows (6c264afaf05195094f91edece5bdd6a6)] -> xpath: //a[@id='seeMoreDetailsLink']]
20:09:42 [TestNG-test-Test-1] INFO  verifyingDisplayTypeFilterFunctionality_Laptop_20-03-11 - [verifyingDisplayTypeFilterFunctionality_Laptop_20-03-11] Successfully scrolled to element: By.xpath: //a[@id='seeMoreDetailsLink']
20:09:42 [TestNG-test-Test-1] INFO  verifyingDisplayTypeFilterFunctionality_Laptop_20-03-11 - [verifyingDisplayTypeFilterFunctionality_Laptop_20-03-11] Within safeClick method
20:09:42 [TestNG-test-Test-1] INFO  verifyingDisplayTypeFilterFunctionality_Laptop_20-03-11 - [verifyingDisplayTypeFilterFunctionality_Laptop_20-03-11] Clicked the  [[ChromeDriver: chrome on windows (6c264afaf05195094f91edece5bdd6a6)] -> xpath: //a[@id='seeMoreDetailsLink']]   using safeClick
20:09:42 [TestNG-test-Test-1] INFO  verifyingDisplayTypeFilterFunctionality_Laptop_20-03-11 - [verifyingDisplayTypeFilterFunctionality_Laptop_20-03-11] Within try block for clicking see more deatils within productNameListingPage loop
20:09:42 [TestNG-test-Test-1] INFO  verifyingDisplayTypeFilterFunctionality_Laptop_20-03-11 - [verifyingDisplayTypeFilterFunctionality_Laptop_20-03-11] Within closeCurrentWindowAndSwitchBack method
20:09:42 [TestNG-test-Test-1] INFO  verifyingDisplayTypeFilterFunctionality_Laptop_20-03-11 - [verifyingDisplayTypeFilterFunctionality_Laptop_20-03-11] Total open windows/tabs count -> 2
20:09:42 [TestNG-test-Test-1] INFO  verifyingDisplayTypeFilterFunctionality_Laptop_20-03-11 - [verifyingDisplayTypeFilterFunctionality_Laptop_20-03-11] Original window handle -> 314D7369A7559D1F60EDBA893E955B9C
20:09:42 [TestNG-test-Test-1] INFO  verifyingDisplayTypeFilterFunctionality_Laptop_20-03-11 - [verifyingDisplayTypeFilterFunctionality_Laptop_20-03-11] Found new tab/window handle -> 04F1C5B3A628AC2E90FBCBA89BF268FF (will be closed)
20:09:43 [TestNG-test-Test-1] INFO  verifyingDisplayTypeFilterFunctionality_Laptop_20-03-11 - [verifyingDisplayTypeFilterFunctionality_Laptop_20-03-11] Successfully switched to new tab/window -> 04F1C5B3A628AC2E90FBCBA89BF268FF
20:09:43 [TestNG-test-Test-1] INFO  verifyingDisplayTypeFilterFunctionality_Laptop_20-03-11 - [verifyingDisplayTypeFilterFunctionality_Laptop_20-03-11] Closed the newly opened tab/window -> 04F1C5B3A628AC2E90FBCBA89BF268FF
20:09:43 [TestNG-test-Test-1] INFO  verifyingDisplayTypeFilterFunctionality_Laptop_20-03-11 - [verifyingDisplayTypeFilterFunctionality_Laptop_20-03-11] Switched back to the original window -> 314D7369A7559D1F60EDBA893E955B9C
20:09:43 [TestNG-test-Test-1] INFO  verifyingDisplayTypeFilterFunctionality_Laptop_20-03-11 - [verifyingDisplayTypeFilterFunctionality_Laptop_20-03-11]  going back to product listing via closeCurrentWindowAndSwitchBack 
20:09:43 [TestNG-test-Test-1] INFO  verifyingDisplayTypeFilterFunctionality_Laptop_20-03-11 - [verifyingDisplayTypeFilterFunctionality_Laptop_20-03-11]  Added 'filter','title','keyFeatures', 'about', 'techDetails' into the Map -> productResult
20:09:43 [TestNG-test-Test-1] INFO  verifyingDisplayTypeFilterFunctionality_Laptop_20-03-11 - [verifyingDisplayTypeFilterFunctionality_Laptop_20-03-11]  Added 'productResult' Map into the 'results' i.e list of maps 
20:09:43 [TestNG-test-Test-1] INFO  verifyingDisplayTypeFilterFunctionality_Laptop_20-03-11 - [verifyingDisplayTypeFilterFunctionality_Laptop_20-03-11]==========================================================================================================
20:09:43 [TestNG-test-Test-1] INFO  verifyingDisplayTypeFilterFunctionality_Laptop_20-03-11 - [verifyingDisplayTypeFilterFunctionality_Laptop_20-03-11] Within safeFindElements 
20:09:43 [TestNG-test-Test-1] INFO  verifyingDisplayTypeFilterFunctionality_Laptop_20-03-11 - [verifyingDisplayTypeFilterFunctionality_Laptop_20-03-11] Returning the  [[[ChromeDriver: chrome on windows (6c264afaf05195094f91edece5bdd6a6)] -> xpath: //div[@data-cy='title-recipe']], [[ChromeDriver: chrome on windows (6c264afaf05195094f91edece5bdd6a6)] -> xpath: //div[@data-cy='title-recipe']], [[ChromeDriver: chrome on windows (6c264afaf05195094f91edece5bdd6a6)] -> xpath: //div[@data-cy='title-recipe']], [[ChromeDriver: chrome on windows (6c264afaf05195094f91edece5bdd6a6)] -> xpath: //div[@data-cy='title-recipe']], [[ChromeDriver: chrome on windows (6c264afaf05195094f91edece5bdd6a6)] -> xpath: //div[@data-cy='title-recipe']], [[ChromeDriver: chrome on windows (6c264afaf05195094f91edece5bdd6a6)] -> xpath: //div[@data-cy='title-recipe']], [[ChromeDriver: chrome on windows (6c264afaf05195094f91edece5bdd6a6)] -> xpath: //div[@data-cy='title-recipe']], [[ChromeDriver: chrome on windows (6c264afaf05195094f91edece5bdd6a6)] -> xpath: //div[@data-cy='title-recipe']], [[ChromeDriver: chrome on windows (6c264afaf05195094f91edece5bdd6a6)] -> xpath: //div[@data-cy='title-recipe']], [[ChromeDriver: chrome on windows (6c264afaf05195094f91edece5bdd6a6)] -> xpath: //div[@data-cy='title-recipe']], [[ChromeDriver: chrome on windows (6c264afaf05195094f91edece5bdd6a6)] -> xpath: //div[@data-cy='title-recipe']], [[ChromeDriver: chrome on windows (6c264afaf05195094f91edece5bdd6a6)] -> xpath: //div[@data-cy='title-recipe']], [[ChromeDriver: chrome on windows (6c264afaf05195094f91edece5bdd6a6)] -> xpath: //div[@data-cy='title-recipe']], [[ChromeDriver: chrome on windows (6c264afaf05195094f91edece5bdd6a6)] -> xpath: //div[@data-cy='title-recipe']], [[ChromeDriver: chrome on windows (6c264afaf05195094f91edece5bdd6a6)] -> xpath: //div[@data-cy='title-recipe']], [[ChromeDriver: chrome on windows (6c264afaf05195094f91edece5bdd6a6)] -> xpath: //div[@data-cy='title-recipe']], [[ChromeDriver: chrome on windows (6c264afaf05195094f91edece5bdd6a6)] -> xpath: //div[@data-cy='title-recipe']], [[ChromeDriver: chrome on windows (6c264afaf05195094f91edece5bdd6a6)] -> xpath: //div[@data-cy='title-recipe']], [[ChromeDriver: chrome on windows (6c264afaf05195094f91edece5bdd6a6)] -> xpath: //div[@data-cy='title-recipe']], [[ChromeDriver: chrome on windows (6c264afaf05195094f91edece5bdd6a6)] -> xpath: //div[@data-cy='title-recipe']], [[ChromeDriver: chrome on windows (6c264afaf05195094f91edece5bdd6a6)] -> xpath: //div[@data-cy='title-recipe']], [[ChromeDriver: chrome on windows (6c264afaf05195094f91edece5bdd6a6)] -> xpath: //div[@data-cy='title-recipe']]] from the safeFindElements method
20:09:43 [TestNG-test-Test-1] INFO  verifyingDisplayTypeFilterFunctionality_Laptop_20-03-11 - [verifyingDisplayTypeFilterFunctionality_Laptop_20-03-11] Within productNameListingPage loop in applyFilterAndValidateProductsWithResult
20:09:43 [TestNG-test-Test-1] INFO  verifyingDisplayTypeFilterFunctionality_Laptop_20-03-11 - [verifyingDisplayTypeFilterFunctionality_Laptop_20-03-11] Within getProductByIndex method
20:09:43 [TestNG-test-Test-1] INFO  verifyingDisplayTypeFilterFunctionality_Laptop_20-03-11 - [verifyingDisplayTypeFilterFunctionality_Laptop_20-03-11] Within safeFindElement method
20:09:43 [TestNG-test-Test-1] INFO  verifyingDisplayTypeFilterFunctionality_Laptop_20-03-11 - [verifyingDisplayTypeFilterFunctionality_Laptop_20-03-11]Found the element returning it ,element ->[[ChromeDriver: chrome on windows (6c264afaf05195094f91edece5bdd6a6)] -> xpath: (//div[@data-cy='title-recipe'])[9]]
20:09:43 [TestNG-test-Test-1] INFO  verifyingDisplayTypeFilterFunctionality_Laptop_20-03-11 - [verifyingDisplayTypeFilterFunctionality_Laptop_20-03-11] Within getProductByIndex method
20:09:43 [TestNG-test-Test-1] INFO  verifyingDisplayTypeFilterFunctionality_Laptop_20-03-11 - [verifyingDisplayTypeFilterFunctionality_Laptop_20-03-11] Within smoothScrollToElement method
20:09:43 [TestNG-test-Test-1] INFO  verifyingDisplayTypeFilterFunctionality_Laptop_20-03-11 - [verifyingDisplayTypeFilterFunctionality_Laptop_20-03-11] Within safeFindElement method
20:09:43 [TestNG-test-Test-1] INFO  verifyingDisplayTypeFilterFunctionality_Laptop_20-03-11 - [verifyingDisplayTypeFilterFunctionality_Laptop_20-03-11]Found the element returning it ,element ->[[ChromeDriver: chrome on windows (6c264afaf05195094f91edece5bdd6a6)] -> xpath: (//div[@data-cy='title-recipe'])[9]]
20:09:43 [TestNG-test-Test-1] INFO  verifyingDisplayTypeFilterFunctionality_Laptop_20-03-11 - [verifyingDisplayTypeFilterFunctionality_Laptop_20-03-11] Successfully scrolled to element: By.xpath: (//div[@data-cy='title-recipe'])[9]
20:09:43 [TestNG-test-Test-1] INFO  verifyingDisplayTypeFilterFunctionality_Laptop_20-03-11 - [verifyingDisplayTypeFilterFunctionality_Laptop_20-03-11] Getting product by index in productNameListingPage loop
20:09:43 [TestNG-test-Test-1] INFO  verifyingDisplayTypeFilterFunctionality_Laptop_20-03-11 - [verifyingDisplayTypeFilterFunctionality_Laptop_20-03-11] Opened product in new tab via Ctrl+Click inside productNameListingPage loop
20:09:43 [TestNG-test-Test-1] INFO  verifyingDisplayTypeFilterFunctionality_Laptop_20-03-11 - [verifyingDisplayTypeFilterFunctionality_Laptop_20-03-11] Waiting for new window to open...
20:09:43 [TestNG-test-Test-1] INFO  verifyingDisplayTypeFilterFunctionality_Laptop_20-03-11 - [verifyingDisplayTypeFilterFunctionality_Laptop_20-03-11] Switched to new window -> 596FE8DC8403126CCFA6C7EA9A8274C0
20:09:43 [TestNG-test-Test-1] INFO  verifyingDisplayTypeFilterFunctionality_Laptop_20-03-11 - [verifyingDisplayTypeFilterFunctionality_Laptop_20-03-11] Swithcing to the new window  within productNameListingPage loop
20:09:43 [TestNG-test-Test-1] INFO  verifyingDisplayTypeFilterFunctionality_Laptop_20-03-11 - [verifyingDisplayTypeFilterFunctionality_Laptop_20-03-11] Clicked product name to open in new tab from productNameListingPage loop
20:09:43 [TestNG-test-Test-1] INFO  verifyingDisplayTypeFilterFunctionality_Laptop_20-03-11 - [verifyingDisplayTypeFilterFunctionality_Laptop_20-03-11] Within safeFindElement method
20:09:46 [TestNG-test-Test-1] INFO  verifyingDisplayTypeFilterFunctionality_Laptop_20-03-11 - [verifyingDisplayTypeFilterFunctionality_Laptop_20-03-11]Found the element returning it ,element ->[[ChromeDriver: chrome on windows (6c264afaf05195094f91edece5bdd6a6)] -> xpath: //span[@id='productTitle']]
20:09:46 [TestNG-test-Test-1] INFO  verifyingDisplayTypeFilterFunctionality_Laptop_20-03-11 - [verifyingDisplayTypeFilterFunctionality_Laptop_20-03-11] Within safeFindElement method
20:09:47 [TestNG-test-Test-1] INFO  verifyingDisplayTypeFilterFunctionality_Laptop_20-03-11 - [verifyingDisplayTypeFilterFunctionality_Laptop_20-03-11]Found the element returning it ,element ->[[ChromeDriver: chrome on windows (6c264afaf05195094f91edece5bdd6a6)] -> xpath: //div[@class='a-section a-spacing-small a-spacing-top-small']]
20:09:47 [TestNG-test-Test-1] INFO  verifyingDisplayTypeFilterFunctionality_Laptop_20-03-11 - [verifyingDisplayTypeFilterFunctionality_Laptop_20-03-11] Within safeFindElement method
20:09:47 [TestNG-test-Test-1] INFO  verifyingDisplayTypeFilterFunctionality_Laptop_20-03-11 - [verifyingDisplayTypeFilterFunctionality_Laptop_20-03-11]Found the element returning it ,element ->[[ChromeDriver: chrome on windows (6c264afaf05195094f91edece5bdd6a6)] -> xpath: //div[@id='feature-bullets']]
20:09:47 [TestNG-test-Test-1] INFO  verifyingDisplayTypeFilterFunctionality_Laptop_20-03-11 - [verifyingDisplayTypeFilterFunctionality_Laptop_20-03-11] Within safeFindElement method
20:09:47 [TestNG-test-Test-1] INFO  verifyingDisplayTypeFilterFunctionality_Laptop_20-03-11 - [verifyingDisplayTypeFilterFunctionality_Laptop_20-03-11]Found the element returning it ,element ->[[ChromeDriver: chrome on windows (6c264afaf05195094f91edece5bdd6a6)] -> xpath: //div[@id='prodDetails']]
20:09:47 [TestNG-test-Test-1] INFO  verifyingDisplayTypeFilterFunctionality_Laptop_20-03-11 - [verifyingDisplayTypeFilterFunctionality_Laptop_20-03-11] Extracting 'name' , 'keyFeatures', 'about' , 'techDetails' within productNameListingPage loop
20:09:47 [TestNG-test-Test-1] INFO  verifyingDisplayTypeFilterFunctionality_Laptop_20-03-11 - [verifyingDisplayTypeFilterFunctionality_Laptop_20-03-11] Waiting until element is visible in viewport
20:09:57 [TestNG-test-Test-1] INFO  verifyingDisplayTypeFilterFunctionality_Laptop_20-03-11 - [verifyingDisplayTypeFilterFunctionality_Laptop_20-03-11] Within smoothScrollToElement method
20:09:57 [TestNG-test-Test-1] INFO  verifyingDisplayTypeFilterFunctionality_Laptop_20-03-11 - [verifyingDisplayTypeFilterFunctionality_Laptop_20-03-11] Within safeFindElement method
20:09:57 [TestNG-test-Test-1] INFO  verifyingDisplayTypeFilterFunctionality_Laptop_20-03-11 - [verifyingDisplayTypeFilterFunctionality_Laptop_20-03-11]Found the element returning it ,element ->[[ChromeDriver: chrome on windows (6c264afaf05195094f91edece5bdd6a6)] -> xpath: //a[@id='seeMoreDetailsLink']]
20:09:57 [TestNG-test-Test-1] INFO  verifyingDisplayTypeFilterFunctionality_Laptop_20-03-11 - [verifyingDisplayTypeFilterFunctionality_Laptop_20-03-11] Successfully scrolled to element: By.xpath: //a[@id='seeMoreDetailsLink']
20:09:57 [TestNG-test-Test-1] INFO  verifyingDisplayTypeFilterFunctionality_Laptop_20-03-11 - [verifyingDisplayTypeFilterFunctionality_Laptop_20-03-11] Within safeClick method
20:09:57 [TestNG-test-Test-1] INFO  verifyingDisplayTypeFilterFunctionality_Laptop_20-03-11 - [verifyingDisplayTypeFilterFunctionality_Laptop_20-03-11] Clicked the  [[ChromeDriver: chrome on windows (6c264afaf05195094f91edece5bdd6a6)] -> xpath: //a[@id='seeMoreDetailsLink']]   using safeClick
20:09:57 [TestNG-test-Test-1] INFO  verifyingDisplayTypeFilterFunctionality_Laptop_20-03-11 - [verifyingDisplayTypeFilterFunctionality_Laptop_20-03-11] Within try block for clicking see more deatils within productNameListingPage loop
20:09:57 [TestNG-test-Test-1] INFO  verifyingDisplayTypeFilterFunctionality_Laptop_20-03-11 - [verifyingDisplayTypeFilterFunctionality_Laptop_20-03-11] Within closeCurrentWindowAndSwitchBack method
20:09:57 [TestNG-test-Test-1] INFO  verifyingDisplayTypeFilterFunctionality_Laptop_20-03-11 - [verifyingDisplayTypeFilterFunctionality_Laptop_20-03-11] Total open windows/tabs count -> 2
20:09:57 [TestNG-test-Test-1] INFO  verifyingDisplayTypeFilterFunctionality_Laptop_20-03-11 - [verifyingDisplayTypeFilterFunctionality_Laptop_20-03-11] Original window handle -> 314D7369A7559D1F60EDBA893E955B9C
20:09:57 [TestNG-test-Test-1] INFO  verifyingDisplayTypeFilterFunctionality_Laptop_20-03-11 - [verifyingDisplayTypeFilterFunctionality_Laptop_20-03-11] Found new tab/window handle -> 596FE8DC8403126CCFA6C7EA9A8274C0 (will be closed)
20:09:57 [TestNG-test-Test-1] INFO  verifyingDisplayTypeFilterFunctionality_Laptop_20-03-11 - [verifyingDisplayTypeFilterFunctionality_Laptop_20-03-11] Successfully switched to new tab/window -> 596FE8DC8403126CCFA6C7EA9A8274C0
20:09:57 [TestNG-test-Test-1] INFO  verifyingDisplayTypeFilterFunctionality_Laptop_20-03-11 - [verifyingDisplayTypeFilterFunctionality_Laptop_20-03-11] Closed the newly opened tab/window -> 596FE8DC8403126CCFA6C7EA9A8274C0
20:09:57 [TestNG-test-Test-1] INFO  verifyingDisplayTypeFilterFunctionality_Laptop_20-03-11 - [verifyingDisplayTypeFilterFunctionality_Laptop_20-03-11] Switched back to the original window -> 314D7369A7559D1F60EDBA893E955B9C
20:09:57 [TestNG-test-Test-1] INFO  verifyingDisplayTypeFilterFunctionality_Laptop_20-03-11 - [verifyingDisplayTypeFilterFunctionality_Laptop_20-03-11]  going back to product listing via closeCurrentWindowAndSwitchBack 
20:09:57 [TestNG-test-Test-1] INFO  verifyingDisplayTypeFilterFunctionality_Laptop_20-03-11 - [verifyingDisplayTypeFilterFunctionality_Laptop_20-03-11]  Added 'filter','title','keyFeatures', 'about', 'techDetails' into the Map -> productResult
20:09:57 [TestNG-test-Test-1] INFO  verifyingDisplayTypeFilterFunctionality_Laptop_20-03-11 - [verifyingDisplayTypeFilterFunctionality_Laptop_20-03-11]  Added 'productResult' Map into the 'results' i.e list of maps 
20:09:57 [TestNG-test-Test-1] INFO  verifyingDisplayTypeFilterFunctionality_Laptop_20-03-11 - [verifyingDisplayTypeFilterFunctionality_Laptop_20-03-11]==========================================================================================================
20:09:57 [TestNG-test-Test-1] INFO  verifyingDisplayTypeFilterFunctionality_Laptop_20-03-11 - [verifyingDisplayTypeFilterFunctionality_Laptop_20-03-11] Within safeFindElements 
20:09:57 [TestNG-test-Test-1] INFO  verifyingDisplayTypeFilterFunctionality_Laptop_20-03-11 - [verifyingDisplayTypeFilterFunctionality_Laptop_20-03-11] Returning the  [[[ChromeDriver: chrome on windows (6c264afaf05195094f91edece5bdd6a6)] -> xpath: //div[@data-cy='title-recipe']], [[ChromeDriver: chrome on windows (6c264afaf05195094f91edece5bdd6a6)] -> xpath: //div[@data-cy='title-recipe']], [[ChromeDriver: chrome on windows (6c264afaf05195094f91edece5bdd6a6)] -> xpath: //div[@data-cy='title-recipe']], [[ChromeDriver: chrome on windows (6c264afaf05195094f91edece5bdd6a6)] -> xpath: //div[@data-cy='title-recipe']], [[ChromeDriver: chrome on windows (6c264afaf05195094f91edece5bdd6a6)] -> xpath: //div[@data-cy='title-recipe']], [[ChromeDriver: chrome on windows (6c264afaf05195094f91edece5bdd6a6)] -> xpath: //div[@data-cy='title-recipe']], [[ChromeDriver: chrome on windows (6c264afaf05195094f91edece5bdd6a6)] -> xpath: //div[@data-cy='title-recipe']], [[ChromeDriver: chrome on windows (6c264afaf05195094f91edece5bdd6a6)] -> xpath: //div[@data-cy='title-recipe']], [[ChromeDriver: chrome on windows (6c264afaf05195094f91edece5bdd6a6)] -> xpath: //div[@data-cy='title-recipe']], [[ChromeDriver: chrome on windows (6c264afaf05195094f91edece5bdd6a6)] -> xpath: //div[@data-cy='title-recipe']], [[ChromeDriver: chrome on windows (6c264afaf05195094f91edece5bdd6a6)] -> xpath: //div[@data-cy='title-recipe']], [[ChromeDriver: chrome on windows (6c264afaf05195094f91edece5bdd6a6)] -> xpath: //div[@data-cy='title-recipe']], [[ChromeDriver: chrome on windows (6c264afaf05195094f91edece5bdd6a6)] -> xpath: //div[@data-cy='title-recipe']], [[ChromeDriver: chrome on windows (6c264afaf05195094f91edece5bdd6a6)] -> xpath: //div[@data-cy='title-recipe']], [[ChromeDriver: chrome on windows (6c264afaf05195094f91edece5bdd6a6)] -> xpath: //div[@data-cy='title-recipe']], [[ChromeDriver: chrome on windows (6c264afaf05195094f91edece5bdd6a6)] -> xpath: //div[@data-cy='title-recipe']], [[ChromeDriver: chrome on windows (6c264afaf05195094f91edece5bdd6a6)] -> xpath: //div[@data-cy='title-recipe']], [[ChromeDriver: chrome on windows (6c264afaf05195094f91edece5bdd6a6)] -> xpath: //div[@data-cy='title-recipe']], [[ChromeDriver: chrome on windows (6c264afaf05195094f91edece5bdd6a6)] -> xpath: //div[@data-cy='title-recipe']], [[ChromeDriver: chrome on windows (6c264afaf05195094f91edece5bdd6a6)] -> xpath: //div[@data-cy='title-recipe']], [[ChromeDriver: chrome on windows (6c264afaf05195094f91edece5bdd6a6)] -> xpath: //div[@data-cy='title-recipe']], [[ChromeDriver: chrome on windows (6c264afaf05195094f91edece5bdd6a6)] -> xpath: //div[@data-cy='title-recipe']]] from the safeFindElements method
20:09:57 [TestNG-test-Test-1] INFO  verifyingDisplayTypeFilterFunctionality_Laptop_20-03-11 - [verifyingDisplayTypeFilterFunctionality_Laptop_20-03-11] Within productNameListingPage loop in applyFilterAndValidateProductsWithResult
20:09:57 [TestNG-test-Test-1] INFO  verifyingDisplayTypeFilterFunctionality_Laptop_20-03-11 - [verifyingDisplayTypeFilterFunctionality_Laptop_20-03-11] Within getProductByIndex method
20:09:57 [TestNG-test-Test-1] INFO  verifyingDisplayTypeFilterFunctionality_Laptop_20-03-11 - [verifyingDisplayTypeFilterFunctionality_Laptop_20-03-11] Within safeFindElement method
20:09:57 [TestNG-test-Test-1] INFO  verifyingDisplayTypeFilterFunctionality_Laptop_20-03-11 - [verifyingDisplayTypeFilterFunctionality_Laptop_20-03-11]Found the element returning it ,element ->[[ChromeDriver: chrome on windows (6c264afaf05195094f91edece5bdd6a6)] -> xpath: (//div[@data-cy='title-recipe'])[10]]
20:09:57 [TestNG-test-Test-1] INFO  verifyingDisplayTypeFilterFunctionality_Laptop_20-03-11 - [verifyingDisplayTypeFilterFunctionality_Laptop_20-03-11] Within getProductByIndex method
20:09:57 [TestNG-test-Test-1] INFO  verifyingDisplayTypeFilterFunctionality_Laptop_20-03-11 - [verifyingDisplayTypeFilterFunctionality_Laptop_20-03-11] Within smoothScrollToElement method
20:09:57 [TestNG-test-Test-1] INFO  verifyingDisplayTypeFilterFunctionality_Laptop_20-03-11 - [verifyingDisplayTypeFilterFunctionality_Laptop_20-03-11] Within safeFindElement method
20:09:57 [TestNG-test-Test-1] INFO  verifyingDisplayTypeFilterFunctionality_Laptop_20-03-11 - [verifyingDisplayTypeFilterFunctionality_Laptop_20-03-11]Found the element returning it ,element ->[[ChromeDriver: chrome on windows (6c264afaf05195094f91edece5bdd6a6)] -> xpath: (//div[@data-cy='title-recipe'])[10]]
20:09:58 [TestNG-test-Test-1] INFO  verifyingDisplayTypeFilterFunctionality_Laptop_20-03-11 - [verifyingDisplayTypeFilterFunctionality_Laptop_20-03-11] Successfully scrolled to element: By.xpath: (//div[@data-cy='title-recipe'])[10]
20:09:58 [TestNG-test-Test-1] INFO  verifyingDisplayTypeFilterFunctionality_Laptop_20-03-11 - [verifyingDisplayTypeFilterFunctionality_Laptop_20-03-11] Getting product by index in productNameListingPage loop
20:09:58 [TestNG-test-Test-1] INFO  verifyingDisplayTypeFilterFunctionality_Laptop_20-03-11 - [verifyingDisplayTypeFilterFunctionality_Laptop_20-03-11] Opened product in new tab via Ctrl+Click inside productNameListingPage loop
20:09:58 [TestNG-test-Test-1] INFO  verifyingDisplayTypeFilterFunctionality_Laptop_20-03-11 - [verifyingDisplayTypeFilterFunctionality_Laptop_20-03-11] Waiting for new window to open...
20:09:58 [TestNG-test-Test-1] INFO  verifyingDisplayTypeFilterFunctionality_Laptop_20-03-11 - [verifyingDisplayTypeFilterFunctionality_Laptop_20-03-11] Switched to new window -> 70670E6E60B523727946049A5BD62CD3
20:09:58 [TestNG-test-Test-1] INFO  verifyingDisplayTypeFilterFunctionality_Laptop_20-03-11 - [verifyingDisplayTypeFilterFunctionality_Laptop_20-03-11] Swithcing to the new window  within productNameListingPage loop
20:09:58 [TestNG-test-Test-1] INFO  verifyingDisplayTypeFilterFunctionality_Laptop_20-03-11 - [verifyingDisplayTypeFilterFunctionality_Laptop_20-03-11] Clicked product name to open in new tab from productNameListingPage loop
20:09:58 [TestNG-test-Test-1] INFO  verifyingDisplayTypeFilterFunctionality_Laptop_20-03-11 - [verifyingDisplayTypeFilterFunctionality_Laptop_20-03-11] Within safeFindElement method
20:10:01 [TestNG-test-Test-1] INFO  verifyingDisplayTypeFilterFunctionality_Laptop_20-03-11 - [verifyingDisplayTypeFilterFunctionality_Laptop_20-03-11]Found the element returning it ,element ->[[ChromeDriver: chrome on windows (6c264afaf05195094f91edece5bdd6a6)] -> xpath: //span[@id='productTitle']]
20:10:01 [TestNG-test-Test-1] INFO  verifyingDisplayTypeFilterFunctionality_Laptop_20-03-11 - [verifyingDisplayTypeFilterFunctionality_Laptop_20-03-11] Within safeFindElement method
20:10:01 [TestNG-test-Test-1] INFO  verifyingDisplayTypeFilterFunctionality_Laptop_20-03-11 - [verifyingDisplayTypeFilterFunctionality_Laptop_20-03-11]Found the element returning it ,element ->[[ChromeDriver: chrome on windows (6c264afaf05195094f91edece5bdd6a6)] -> xpath: //div[@class='a-section a-spacing-small a-spacing-top-small']]
20:10:01 [TestNG-test-Test-1] INFO  verifyingDisplayTypeFilterFunctionality_Laptop_20-03-11 - [verifyingDisplayTypeFilterFunctionality_Laptop_20-03-11] Within safeFindElement method
20:10:01 [TestNG-test-Test-1] INFO  verifyingDisplayTypeFilterFunctionality_Laptop_20-03-11 - [verifyingDisplayTypeFilterFunctionality_Laptop_20-03-11]Found the element returning it ,element ->[[ChromeDriver: chrome on windows (6c264afaf05195094f91edece5bdd6a6)] -> xpath: //div[@id='feature-bullets']]
20:10:01 [TestNG-test-Test-1] INFO  verifyingDisplayTypeFilterFunctionality_Laptop_20-03-11 - [verifyingDisplayTypeFilterFunctionality_Laptop_20-03-11] Within safeFindElement method
20:10:01 [TestNG-test-Test-1] INFO  verifyingDisplayTypeFilterFunctionality_Laptop_20-03-11 - [verifyingDisplayTypeFilterFunctionality_Laptop_20-03-11]Found the element returning it ,element ->[[ChromeDriver: chrome on windows (6c264afaf05195094f91edece5bdd6a6)] -> xpath: //div[@id='prodDetails']]
20:10:01 [TestNG-test-Test-1] INFO  verifyingDisplayTypeFilterFunctionality_Laptop_20-03-11 - [verifyingDisplayTypeFilterFunctionality_Laptop_20-03-11] Extracting 'name' , 'keyFeatures', 'about' , 'techDetails' within productNameListingPage loop
20:10:01 [TestNG-test-Test-1] INFO  verifyingDisplayTypeFilterFunctionality_Laptop_20-03-11 - [verifyingDisplayTypeFilterFunctionality_Laptop_20-03-11] Waiting until element is visible in viewport
20:10:12 [TestNG-test-Test-1] INFO  verifyingDisplayTypeFilterFunctionality_Laptop_20-03-11 - [verifyingDisplayTypeFilterFunctionality_Laptop_20-03-11] Within smoothScrollToElement method
20:10:12 [TestNG-test-Test-1] INFO  verifyingDisplayTypeFilterFunctionality_Laptop_20-03-11 - [verifyingDisplayTypeFilterFunctionality_Laptop_20-03-11] Within safeFindElement method
20:10:12 [TestNG-test-Test-1] INFO  verifyingDisplayTypeFilterFunctionality_Laptop_20-03-11 - [verifyingDisplayTypeFilterFunctionality_Laptop_20-03-11]Found the element returning it ,element ->[[ChromeDriver: chrome on windows (6c264afaf05195094f91edece5bdd6a6)] -> xpath: //a[@id='seeMoreDetailsLink']]
20:10:12 [TestNG-test-Test-1] INFO  verifyingDisplayTypeFilterFunctionality_Laptop_20-03-11 - [verifyingDisplayTypeFilterFunctionality_Laptop_20-03-11] Successfully scrolled to element: By.xpath: //a[@id='seeMoreDetailsLink']
20:10:12 [TestNG-test-Test-1] INFO  verifyingDisplayTypeFilterFunctionality_Laptop_20-03-11 - [verifyingDisplayTypeFilterFunctionality_Laptop_20-03-11] Within safeClick method
20:10:12 [TestNG-test-Test-1] INFO  verifyingDisplayTypeFilterFunctionality_Laptop_20-03-11 - [verifyingDisplayTypeFilterFunctionality_Laptop_20-03-11] Clicked the  [[ChromeDriver: chrome on windows (6c264afaf05195094f91edece5bdd6a6)] -> xpath: //a[@id='seeMoreDetailsLink']]   using safeClick
20:10:12 [TestNG-test-Test-1] INFO  verifyingDisplayTypeFilterFunctionality_Laptop_20-03-11 - [verifyingDisplayTypeFilterFunctionality_Laptop_20-03-11] Within try block for clicking see more deatils within productNameListingPage loop
20:10:12 [TestNG-test-Test-1] INFO  verifyingDisplayTypeFilterFunctionality_Laptop_20-03-11 - [verifyingDisplayTypeFilterFunctionality_Laptop_20-03-11] Within closeCurrentWindowAndSwitchBack method
20:10:12 [TestNG-test-Test-1] INFO  verifyingDisplayTypeFilterFunctionality_Laptop_20-03-11 - [verifyingDisplayTypeFilterFunctionality_Laptop_20-03-11] Total open windows/tabs count -> 2
20:10:12 [TestNG-test-Test-1] INFO  verifyingDisplayTypeFilterFunctionality_Laptop_20-03-11 - [verifyingDisplayTypeFilterFunctionality_Laptop_20-03-11] Original window handle -> 314D7369A7559D1F60EDBA893E955B9C
20:10:12 [TestNG-test-Test-1] INFO  verifyingDisplayTypeFilterFunctionality_Laptop_20-03-11 - [verifyingDisplayTypeFilterFunctionality_Laptop_20-03-11] Found new tab/window handle -> 70670E6E60B523727946049A5BD62CD3 (will be closed)
20:10:12 [TestNG-test-Test-1] INFO  verifyingDisplayTypeFilterFunctionality_Laptop_20-03-11 - [verifyingDisplayTypeFilterFunctionality_Laptop_20-03-11] Successfully switched to new tab/window -> 70670E6E60B523727946049A5BD62CD3
20:10:12 [TestNG-test-Test-1] INFO  verifyingDisplayTypeFilterFunctionality_Laptop_20-03-11 - [verifyingDisplayTypeFilterFunctionality_Laptop_20-03-11] Closed the newly opened tab/window -> 70670E6E60B523727946049A5BD62CD3
20:10:12 [TestNG-test-Test-1] INFO  verifyingDisplayTypeFilterFunctionality_Laptop_20-03-11 - [verifyingDisplayTypeFilterFunctionality_Laptop_20-03-11] Switched back to the original window -> 314D7369A7559D1F60EDBA893E955B9C
20:10:12 [TestNG-test-Test-1] INFO  verifyingDisplayTypeFilterFunctionality_Laptop_20-03-11 - [verifyingDisplayTypeFilterFunctionality_Laptop_20-03-11]  going back to product listing via closeCurrentWindowAndSwitchBack 
20:10:12 [TestNG-test-Test-1] INFO  verifyingDisplayTypeFilterFunctionality_Laptop_20-03-11 - [verifyingDisplayTypeFilterFunctionality_Laptop_20-03-11]  Added 'filter','title','keyFeatures', 'about', 'techDetails' into the Map -> productResult
20:10:12 [TestNG-test-Test-1] INFO  verifyingDisplayTypeFilterFunctionality_Laptop_20-03-11 - [verifyingDisplayTypeFilterFunctionality_Laptop_20-03-11]  Added 'productResult' Map into the 'results' i.e list of maps 
20:10:12 [TestNG-test-Test-1] INFO  verifyingDisplayTypeFilterFunctionality_Laptop_20-03-11 - [verifyingDisplayTypeFilterFunctionality_Laptop_20-03-11]==========================================================================================================
20:10:12 [TestNG-test-Test-1] INFO  verifyingDisplayTypeFilterFunctionality_Laptop_20-03-11 - [verifyingDisplayTypeFilterFunctionality_Laptop_20-03-11] Within safeFindElements 
20:10:12 [TestNG-test-Test-1] INFO  verifyingDisplayTypeFilterFunctionality_Laptop_20-03-11 - [verifyingDisplayTypeFilterFunctionality_Laptop_20-03-11] Returning the  [[[ChromeDriver: chrome on windows (6c264afaf05195094f91edece5bdd6a6)] -> xpath: //div[@data-cy='title-recipe']], [[ChromeDriver: chrome on windows (6c264afaf05195094f91edece5bdd6a6)] -> xpath: //div[@data-cy='title-recipe']], [[ChromeDriver: chrome on windows (6c264afaf05195094f91edece5bdd6a6)] -> xpath: //div[@data-cy='title-recipe']], [[ChromeDriver: chrome on windows (6c264afaf05195094f91edece5bdd6a6)] -> xpath: //div[@data-cy='title-recipe']], [[ChromeDriver: chrome on windows (6c264afaf05195094f91edece5bdd6a6)] -> xpath: //div[@data-cy='title-recipe']], [[ChromeDriver: chrome on windows (6c264afaf05195094f91edece5bdd6a6)] -> xpath: //div[@data-cy='title-recipe']], [[ChromeDriver: chrome on windows (6c264afaf05195094f91edece5bdd6a6)] -> xpath: //div[@data-cy='title-recipe']], [[ChromeDriver: chrome on windows (6c264afaf05195094f91edece5bdd6a6)] -> xpath: //div[@data-cy='title-recipe']], [[ChromeDriver: chrome on windows (6c264afaf05195094f91edece5bdd6a6)] -> xpath: //div[@data-cy='title-recipe']], [[ChromeDriver: chrome on windows (6c264afaf05195094f91edece5bdd6a6)] -> xpath: //div[@data-cy='title-recipe']], [[ChromeDriver: chrome on windows (6c264afaf05195094f91edece5bdd6a6)] -> xpath: //div[@data-cy='title-recipe']], [[ChromeDriver: chrome on windows (6c264afaf05195094f91edece5bdd6a6)] -> xpath: //div[@data-cy='title-recipe']], [[ChromeDriver: chrome on windows (6c264afaf05195094f91edece5bdd6a6)] -> xpath: //div[@data-cy='title-recipe']], [[ChromeDriver: chrome on windows (6c264afaf05195094f91edece5bdd6a6)] -> xpath: //div[@data-cy='title-recipe']], [[ChromeDriver: chrome on windows (6c264afaf05195094f91edece5bdd6a6)] -> xpath: //div[@data-cy='title-recipe']], [[ChromeDriver: chrome on windows (6c264afaf05195094f91edece5bdd6a6)] -> xpath: //div[@data-cy='title-recipe']], [[ChromeDriver: chrome on windows (6c264afaf05195094f91edece5bdd6a6)] -> xpath: //div[@data-cy='title-recipe']], [[ChromeDriver: chrome on windows (6c264afaf05195094f91edece5bdd6a6)] -> xpath: //div[@data-cy='title-recipe']], [[ChromeDriver: chrome on windows (6c264afaf05195094f91edece5bdd6a6)] -> xpath: //div[@data-cy='title-recipe']], [[ChromeDriver: chrome on windows (6c264afaf05195094f91edece5bdd6a6)] -> xpath: //div[@data-cy='title-recipe']], [[ChromeDriver: chrome on windows (6c264afaf05195094f91edece5bdd6a6)] -> xpath: //div[@data-cy='title-recipe']], [[ChromeDriver: chrome on windows (6c264afaf05195094f91edece5bdd6a6)] -> xpath: //div[@data-cy='title-recipe']]] from the safeFindElements method
20:10:12 [TestNG-test-Test-1] INFO  verifyingDisplayTypeFilterFunctionality_Laptop_20-03-11 - [verifyingDisplayTypeFilterFunctionality_Laptop_20-03-11] Within productNameListingPage loop in applyFilterAndValidateProductsWithResult
20:10:12 [TestNG-test-Test-1] INFO  verifyingDisplayTypeFilterFunctionality_Laptop_20-03-11 - [verifyingDisplayTypeFilterFunctionality_Laptop_20-03-11] Within getProductByIndex method
20:10:12 [TestNG-test-Test-1] INFO  verifyingDisplayTypeFilterFunctionality_Laptop_20-03-11 - [verifyingDisplayTypeFilterFunctionality_Laptop_20-03-11] Within safeFindElement method
20:10:12 [TestNG-test-Test-1] INFO  verifyingDisplayTypeFilterFunctionality_Laptop_20-03-11 - [verifyingDisplayTypeFilterFunctionality_Laptop_20-03-11]Found the element returning it ,element ->[[ChromeDriver: chrome on windows (6c264afaf05195094f91edece5bdd6a6)] -> xpath: (//div[@data-cy='title-recipe'])[11]]
20:10:12 [TestNG-test-Test-1] INFO  verifyingDisplayTypeFilterFunctionality_Laptop_20-03-11 - [verifyingDisplayTypeFilterFunctionality_Laptop_20-03-11] Within getProductByIndex method
20:10:12 [TestNG-test-Test-1] INFO  verifyingDisplayTypeFilterFunctionality_Laptop_20-03-11 - [verifyingDisplayTypeFilterFunctionality_Laptop_20-03-11] Within smoothScrollToElement method
20:10:12 [TestNG-test-Test-1] INFO  verifyingDisplayTypeFilterFunctionality_Laptop_20-03-11 - [verifyingDisplayTypeFilterFunctionality_Laptop_20-03-11] Within safeFindElement method
20:10:12 [TestNG-test-Test-1] INFO  verifyingDisplayTypeFilterFunctionality_Laptop_20-03-11 - [verifyingDisplayTypeFilterFunctionality_Laptop_20-03-11]Found the element returning it ,element ->[[ChromeDriver: chrome on windows (6c264afaf05195094f91edece5bdd6a6)] -> xpath: (//div[@data-cy='title-recipe'])[11]]
20:10:12 [TestNG-test-Test-1] INFO  verifyingDisplayTypeFilterFunctionality_Laptop_20-03-11 - [verifyingDisplayTypeFilterFunctionality_Laptop_20-03-11] Successfully scrolled to element: By.xpath: (//div[@data-cy='title-recipe'])[11]
20:10:12 [TestNG-test-Test-1] INFO  verifyingDisplayTypeFilterFunctionality_Laptop_20-03-11 - [verifyingDisplayTypeFilterFunctionality_Laptop_20-03-11] Getting product by index in productNameListingPage loop
20:10:12 [TestNG-test-Test-1] INFO  verifyingDisplayTypeFilterFunctionality_Laptop_20-03-11 - [verifyingDisplayTypeFilterFunctionality_Laptop_20-03-11] Opened product in new tab via Ctrl+Click inside productNameListingPage loop
20:10:12 [TestNG-test-Test-1] INFO  verifyingDisplayTypeFilterFunctionality_Laptop_20-03-11 - [verifyingDisplayTypeFilterFunctionality_Laptop_20-03-11] Waiting for new window to open...
20:10:13 [TestNG-test-Test-1] INFO  verifyingDisplayTypeFilterFunctionality_Laptop_20-03-11 - [verifyingDisplayTypeFilterFunctionality_Laptop_20-03-11] Switched to new window -> 120DDE46588FFE0B65EAD2B1770A5FA3
20:10:13 [TestNG-test-Test-1] INFO  verifyingDisplayTypeFilterFunctionality_Laptop_20-03-11 - [verifyingDisplayTypeFilterFunctionality_Laptop_20-03-11] Swithcing to the new window  within productNameListingPage loop
20:10:13 [TestNG-test-Test-1] INFO  verifyingDisplayTypeFilterFunctionality_Laptop_20-03-11 - [verifyingDisplayTypeFilterFunctionality_Laptop_20-03-11] Clicked product name to open in new tab from productNameListingPage loop
20:10:13 [TestNG-test-Test-1] INFO  verifyingDisplayTypeFilterFunctionality_Laptop_20-03-11 - [verifyingDisplayTypeFilterFunctionality_Laptop_20-03-11] Within safeFindElement method
20:10:16 [TestNG-test-Test-1] INFO  verifyingDisplayTypeFilterFunctionality_Laptop_20-03-11 - [verifyingDisplayTypeFilterFunctionality_Laptop_20-03-11]Found the element returning it ,element ->[[ChromeDriver: chrome on windows (6c264afaf05195094f91edece5bdd6a6)] -> xpath: //span[@id='productTitle']]
20:10:16 [TestNG-test-Test-1] INFO  verifyingDisplayTypeFilterFunctionality_Laptop_20-03-11 - [verifyingDisplayTypeFilterFunctionality_Laptop_20-03-11] Within safeFindElement method
20:10:16 [TestNG-test-Test-1] INFO  verifyingDisplayTypeFilterFunctionality_Laptop_20-03-11 - [verifyingDisplayTypeFilterFunctionality_Laptop_20-03-11]Found the element returning it ,element ->[[ChromeDriver: chrome on windows (6c264afaf05195094f91edece5bdd6a6)] -> xpath: //div[@class='a-section a-spacing-small a-spacing-top-small']]
20:10:16 [TestNG-test-Test-1] INFO  verifyingDisplayTypeFilterFunctionality_Laptop_20-03-11 - [verifyingDisplayTypeFilterFunctionality_Laptop_20-03-11] Within safeFindElement method
20:10:16 [TestNG-test-Test-1] INFO  verifyingDisplayTypeFilterFunctionality_Laptop_20-03-11 - [verifyingDisplayTypeFilterFunctionality_Laptop_20-03-11]Found the element returning it ,element ->[[ChromeDriver: chrome on windows (6c264afaf05195094f91edece5bdd6a6)] -> xpath: //div[@id='feature-bullets']]
20:10:16 [TestNG-test-Test-1] INFO  verifyingDisplayTypeFilterFunctionality_Laptop_20-03-11 - [verifyingDisplayTypeFilterFunctionality_Laptop_20-03-11] Within safeFindElement method
20:10:17 [TestNG-test-Test-1] INFO  verifyingDisplayTypeFilterFunctionality_Laptop_20-03-11 - [verifyingDisplayTypeFilterFunctionality_Laptop_20-03-11]Found the element returning it ,element ->[[ChromeDriver: chrome on windows (6c264afaf05195094f91edece5bdd6a6)] -> xpath: //div[@id='prodDetails']]
20:10:17 [TestNG-test-Test-1] INFO  verifyingDisplayTypeFilterFunctionality_Laptop_20-03-11 - [verifyingDisplayTypeFilterFunctionality_Laptop_20-03-11] Extracting 'name' , 'keyFeatures', 'about' , 'techDetails' within productNameListingPage loop
20:10:17 [TestNG-test-Test-1] INFO  verifyingDisplayTypeFilterFunctionality_Laptop_20-03-11 - [verifyingDisplayTypeFilterFunctionality_Laptop_20-03-11] Waiting until element is visible in viewport
20:10:27 [TestNG-test-Test-1] INFO  verifyingDisplayTypeFilterFunctionality_Laptop_20-03-11 - [verifyingDisplayTypeFilterFunctionality_Laptop_20-03-11] Within smoothScrollToElement method
20:10:27 [TestNG-test-Test-1] INFO  verifyingDisplayTypeFilterFunctionality_Laptop_20-03-11 - [verifyingDisplayTypeFilterFunctionality_Laptop_20-03-11] Within safeFindElement method
20:10:27 [TestNG-test-Test-1] INFO  verifyingDisplayTypeFilterFunctionality_Laptop_20-03-11 - [verifyingDisplayTypeFilterFunctionality_Laptop_20-03-11]Found the element returning it ,element ->[[ChromeDriver: chrome on windows (6c264afaf05195094f91edece5bdd6a6)] -> xpath: //a[@id='seeMoreDetailsLink']]
20:10:27 [TestNG-test-Test-1] INFO  verifyingDisplayTypeFilterFunctionality_Laptop_20-03-11 - [verifyingDisplayTypeFilterFunctionality_Laptop_20-03-11] Successfully scrolled to element: By.xpath: //a[@id='seeMoreDetailsLink']
20:10:27 [TestNG-test-Test-1] INFO  verifyingDisplayTypeFilterFunctionality_Laptop_20-03-11 - [verifyingDisplayTypeFilterFunctionality_Laptop_20-03-11] Within safeClick method
20:10:27 [TestNG-test-Test-1] INFO  verifyingDisplayTypeFilterFunctionality_Laptop_20-03-11 - [verifyingDisplayTypeFilterFunctionality_Laptop_20-03-11] Clicked the  [[ChromeDriver: chrome on windows (6c264afaf05195094f91edece5bdd6a6)] -> xpath: //a[@id='seeMoreDetailsLink']]   using safeClick
20:10:27 [TestNG-test-Test-1] INFO  verifyingDisplayTypeFilterFunctionality_Laptop_20-03-11 - [verifyingDisplayTypeFilterFunctionality_Laptop_20-03-11] Within try block for clicking see more deatils within productNameListingPage loop
20:10:27 [TestNG-test-Test-1] INFO  verifyingDisplayTypeFilterFunctionality_Laptop_20-03-11 - [verifyingDisplayTypeFilterFunctionality_Laptop_20-03-11] Within closeCurrentWindowAndSwitchBack method
20:10:27 [TestNG-test-Test-1] INFO  verifyingDisplayTypeFilterFunctionality_Laptop_20-03-11 - [verifyingDisplayTypeFilterFunctionality_Laptop_20-03-11] Total open windows/tabs count -> 2
20:10:27 [TestNG-test-Test-1] INFO  verifyingDisplayTypeFilterFunctionality_Laptop_20-03-11 - [verifyingDisplayTypeFilterFunctionality_Laptop_20-03-11] Original window handle -> 314D7369A7559D1F60EDBA893E955B9C
20:10:27 [TestNG-test-Test-1] INFO  verifyingDisplayTypeFilterFunctionality_Laptop_20-03-11 - [verifyingDisplayTypeFilterFunctionality_Laptop_20-03-11] Found new tab/window handle -> 120DDE46588FFE0B65EAD2B1770A5FA3 (will be closed)
20:10:27 [TestNG-test-Test-1] INFO  verifyingDisplayTypeFilterFunctionality_Laptop_20-03-11 - [verifyingDisplayTypeFilterFunctionality_Laptop_20-03-11] Successfully switched to new tab/window -> 120DDE46588FFE0B65EAD2B1770A5FA3
20:10:27 [TestNG-test-Test-1] INFO  verifyingDisplayTypeFilterFunctionality_Laptop_20-03-11 - [verifyingDisplayTypeFilterFunctionality_Laptop_20-03-11] Closed the newly opened tab/window -> 120DDE46588FFE0B65EAD2B1770A5FA3
20:10:27 [TestNG-test-Test-1] INFO  verifyingDisplayTypeFilterFunctionality_Laptop_20-03-11 - [verifyingDisplayTypeFilterFunctionality_Laptop_20-03-11] Switched back to the original window -> 314D7369A7559D1F60EDBA893E955B9C
20:10:27 [TestNG-test-Test-1] INFO  verifyingDisplayTypeFilterFunctionality_Laptop_20-03-11 - [verifyingDisplayTypeFilterFunctionality_Laptop_20-03-11]  going back to product listing via closeCurrentWindowAndSwitchBack 
20:10:27 [TestNG-test-Test-1] INFO  verifyingDisplayTypeFilterFunctionality_Laptop_20-03-11 - [verifyingDisplayTypeFilterFunctionality_Laptop_20-03-11]  Added 'filter','title','keyFeatures', 'about', 'techDetails' into the Map -> productResult
20:10:27 [TestNG-test-Test-1] INFO  verifyingDisplayTypeFilterFunctionality_Laptop_20-03-11 - [verifyingDisplayTypeFilterFunctionality_Laptop_20-03-11]  Added 'productResult' Map into the 'results' i.e list of maps 
20:10:27 [TestNG-test-Test-1] INFO  verifyingDisplayTypeFilterFunctionality_Laptop_20-03-11 - [verifyingDisplayTypeFilterFunctionality_Laptop_20-03-11]==========================================================================================================
20:10:27 [TestNG-test-Test-1] INFO  verifyingDisplayTypeFilterFunctionality_Laptop_20-03-11 - [verifyingDisplayTypeFilterFunctionality_Laptop_20-03-11] Within safeFindElements 
20:10:27 [TestNG-test-Test-1] INFO  verifyingDisplayTypeFilterFunctionality_Laptop_20-03-11 - [verifyingDisplayTypeFilterFunctionality_Laptop_20-03-11] Returning the  [[[ChromeDriver: chrome on windows (6c264afaf05195094f91edece5bdd6a6)] -> xpath: //div[@data-cy='title-recipe']], [[ChromeDriver: chrome on windows (6c264afaf05195094f91edece5bdd6a6)] -> xpath: //div[@data-cy='title-recipe']], [[ChromeDriver: chrome on windows (6c264afaf05195094f91edece5bdd6a6)] -> xpath: //div[@data-cy='title-recipe']], [[ChromeDriver: chrome on windows (6c264afaf05195094f91edece5bdd6a6)] -> xpath: //div[@data-cy='title-recipe']], [[ChromeDriver: chrome on windows (6c264afaf05195094f91edece5bdd6a6)] -> xpath: //div[@data-cy='title-recipe']], [[ChromeDriver: chrome on windows (6c264afaf05195094f91edece5bdd6a6)] -> xpath: //div[@data-cy='title-recipe']], [[ChromeDriver: chrome on windows (6c264afaf05195094f91edece5bdd6a6)] -> xpath: //div[@data-cy='title-recipe']], [[ChromeDriver: chrome on windows (6c264afaf05195094f91edece5bdd6a6)] -> xpath: //div[@data-cy='title-recipe']], [[ChromeDriver: chrome on windows (6c264afaf05195094f91edece5bdd6a6)] -> xpath: //div[@data-cy='title-recipe']], [[ChromeDriver: chrome on windows (6c264afaf05195094f91edece5bdd6a6)] -> xpath: //div[@data-cy='title-recipe']], [[ChromeDriver: chrome on windows (6c264afaf05195094f91edece5bdd6a6)] -> xpath: //div[@data-cy='title-recipe']], [[ChromeDriver: chrome on windows (6c264afaf05195094f91edece5bdd6a6)] -> xpath: //div[@data-cy='title-recipe']], [[ChromeDriver: chrome on windows (6c264afaf05195094f91edece5bdd6a6)] -> xpath: //div[@data-cy='title-recipe']], [[ChromeDriver: chrome on windows (6c264afaf05195094f91edece5bdd6a6)] -> xpath: //div[@data-cy='title-recipe']], [[ChromeDriver: chrome on windows (6c264afaf05195094f91edece5bdd6a6)] -> xpath: //div[@data-cy='title-recipe']], [[ChromeDriver: chrome on windows (6c264afaf05195094f91edece5bdd6a6)] -> xpath: //div[@data-cy='title-recipe']], [[ChromeDriver: chrome on windows (6c264afaf05195094f91edece5bdd6a6)] -> xpath: //div[@data-cy='title-recipe']], [[ChromeDriver: chrome on windows (6c264afaf05195094f91edece5bdd6a6)] -> xpath: //div[@data-cy='title-recipe']], [[ChromeDriver: chrome on windows (6c264afaf05195094f91edece5bdd6a6)] -> xpath: //div[@data-cy='title-recipe']], [[ChromeDriver: chrome on windows (6c264afaf05195094f91edece5bdd6a6)] -> xpath: //div[@data-cy='title-recipe']], [[ChromeDriver: chrome on windows (6c264afaf05195094f91edece5bdd6a6)] -> xpath: //div[@data-cy='title-recipe']], [[ChromeDriver: chrome on windows (6c264afaf05195094f91edece5bdd6a6)] -> xpath: //div[@data-cy='title-recipe']]] from the safeFindElements method
20:10:27 [TestNG-test-Test-1] INFO  verifyingDisplayTypeFilterFunctionality_Laptop_20-03-11 - [verifyingDisplayTypeFilterFunctionality_Laptop_20-03-11] Within productNameListingPage loop in applyFilterAndValidateProductsWithResult
20:10:27 [TestNG-test-Test-1] INFO  verifyingDisplayTypeFilterFunctionality_Laptop_20-03-11 - [verifyingDisplayTypeFilterFunctionality_Laptop_20-03-11] Within getProductByIndex method
20:10:27 [TestNG-test-Test-1] INFO  verifyingDisplayTypeFilterFunctionality_Laptop_20-03-11 - [verifyingDisplayTypeFilterFunctionality_Laptop_20-03-11] Within safeFindElement method
20:10:27 [TestNG-test-Test-1] INFO  verifyingDisplayTypeFilterFunctionality_Laptop_20-03-11 - [verifyingDisplayTypeFilterFunctionality_Laptop_20-03-11]Found the element returning it ,element ->[[ChromeDriver: chrome on windows (6c264afaf05195094f91edece5bdd6a6)] -> xpath: (//div[@data-cy='title-recipe'])[12]]
20:10:27 [TestNG-test-Test-1] INFO  verifyingDisplayTypeFilterFunctionality_Laptop_20-03-11 - [verifyingDisplayTypeFilterFunctionality_Laptop_20-03-11] Within getProductByIndex method
20:10:27 [TestNG-test-Test-1] INFO  verifyingDisplayTypeFilterFunctionality_Laptop_20-03-11 - [verifyingDisplayTypeFilterFunctionality_Laptop_20-03-11] Within smoothScrollToElement method
20:10:27 [TestNG-test-Test-1] INFO  verifyingDisplayTypeFilterFunctionality_Laptop_20-03-11 - [verifyingDisplayTypeFilterFunctionality_Laptop_20-03-11] Within safeFindElement method
20:10:28 [TestNG-test-Test-1] INFO  verifyingDisplayTypeFilterFunctionality_Laptop_20-03-11 - [verifyingDisplayTypeFilterFunctionality_Laptop_20-03-11]Found the element returning it ,element ->[[ChromeDriver: chrome on windows (6c264afaf05195094f91edece5bdd6a6)] -> xpath: (//div[@data-cy='title-recipe'])[12]]
20:10:28 [TestNG-test-Test-1] INFO  verifyingDisplayTypeFilterFunctionality_Laptop_20-03-11 - [verifyingDisplayTypeFilterFunctionality_Laptop_20-03-11] Successfully scrolled to element: By.xpath: (//div[@data-cy='title-recipe'])[12]
20:10:28 [TestNG-test-Test-1] INFO  verifyingDisplayTypeFilterFunctionality_Laptop_20-03-11 - [verifyingDisplayTypeFilterFunctionality_Laptop_20-03-11] Getting product by index in productNameListingPage loop
20:10:28 [TestNG-test-Test-1] INFO  verifyingDisplayTypeFilterFunctionality_Laptop_20-03-11 - [verifyingDisplayTypeFilterFunctionality_Laptop_20-03-11] Opened product in new tab via Ctrl+Click inside productNameListingPage loop
20:10:28 [TestNG-test-Test-1] INFO  verifyingDisplayTypeFilterFunctionality_Laptop_20-03-11 - [verifyingDisplayTypeFilterFunctionality_Laptop_20-03-11] Waiting for new window to open...
20:10:28 [TestNG-test-Test-1] INFO  verifyingDisplayTypeFilterFunctionality_Laptop_20-03-11 - [verifyingDisplayTypeFilterFunctionality_Laptop_20-03-11] Switched to new window -> 284656DF3C24B6AD379BA62A8F0DF7B0
20:10:28 [TestNG-test-Test-1] INFO  verifyingDisplayTypeFilterFunctionality_Laptop_20-03-11 - [verifyingDisplayTypeFilterFunctionality_Laptop_20-03-11] Swithcing to the new window  within productNameListingPage loop
20:10:28 [TestNG-test-Test-1] INFO  verifyingDisplayTypeFilterFunctionality_Laptop_20-03-11 - [verifyingDisplayTypeFilterFunctionality_Laptop_20-03-11] Clicked product name to open in new tab from productNameListingPage loop
20:10:28 [TestNG-test-Test-1] INFO  verifyingDisplayTypeFilterFunctionality_Laptop_20-03-11 - [verifyingDisplayTypeFilterFunctionality_Laptop_20-03-11] Within safeFindElement method
20:10:31 [TestNG-test-Test-1] INFO  verifyingDisplayTypeFilterFunctionality_Laptop_20-03-11 - [verifyingDisplayTypeFilterFunctionality_Laptop_20-03-11]Found the element returning it ,element ->[[ChromeDriver: chrome on windows (6c264afaf05195094f91edece5bdd6a6)] -> xpath: //span[@id='productTitle']]
20:10:31 [TestNG-test-Test-1] INFO  verifyingDisplayTypeFilterFunctionality_Laptop_20-03-11 - [verifyingDisplayTypeFilterFunctionality_Laptop_20-03-11] Within safeFindElement method
20:10:31 [TestNG-test-Test-1] INFO  verifyingDisplayTypeFilterFunctionality_Laptop_20-03-11 - [verifyingDisplayTypeFilterFunctionality_Laptop_20-03-11]Found the element returning it ,element ->[[ChromeDriver: chrome on windows (6c264afaf05195094f91edece5bdd6a6)] -> xpath: //div[@class='a-section a-spacing-small a-spacing-top-small']]
20:10:31 [TestNG-test-Test-1] INFO  verifyingDisplayTypeFilterFunctionality_Laptop_20-03-11 - [verifyingDisplayTypeFilterFunctionality_Laptop_20-03-11] Within safeFindElement method
20:10:31 [TestNG-test-Test-1] INFO  verifyingDisplayTypeFilterFunctionality_Laptop_20-03-11 - [verifyingDisplayTypeFilterFunctionality_Laptop_20-03-11]Found the element returning it ,element ->[[ChromeDriver: chrome on windows (6c264afaf05195094f91edece5bdd6a6)] -> xpath: //div[@id='feature-bullets']]
20:10:31 [TestNG-test-Test-1] INFO  verifyingDisplayTypeFilterFunctionality_Laptop_20-03-11 - [verifyingDisplayTypeFilterFunctionality_Laptop_20-03-11] Within safeFindElement method
20:10:31 [TestNG-test-Test-1] INFO  verifyingDisplayTypeFilterFunctionality_Laptop_20-03-11 - [verifyingDisplayTypeFilterFunctionality_Laptop_20-03-11]Found the element returning it ,element ->[[ChromeDriver: chrome on windows (6c264afaf05195094f91edece5bdd6a6)] -> xpath: //div[@id='prodDetails']]
20:10:31 [TestNG-test-Test-1] INFO  verifyingDisplayTypeFilterFunctionality_Laptop_20-03-11 - [verifyingDisplayTypeFilterFunctionality_Laptop_20-03-11] Extracting 'name' , 'keyFeatures', 'about' , 'techDetails' within productNameListingPage loop
20:10:31 [TestNG-test-Test-1] INFO  verifyingDisplayTypeFilterFunctionality_Laptop_20-03-11 - [verifyingDisplayTypeFilterFunctionality_Laptop_20-03-11] Waiting until element is visible in viewport
20:10:42 [TestNG-test-Test-1] INFO  verifyingDisplayTypeFilterFunctionality_Laptop_20-03-11 - [verifyingDisplayTypeFilterFunctionality_Laptop_20-03-11] Within smoothScrollToElement method
20:10:42 [TestNG-test-Test-1] INFO  verifyingDisplayTypeFilterFunctionality_Laptop_20-03-11 - [verifyingDisplayTypeFilterFunctionality_Laptop_20-03-11] Within safeFindElement method
20:10:42 [TestNG-test-Test-1] INFO  verifyingDisplayTypeFilterFunctionality_Laptop_20-03-11 - [verifyingDisplayTypeFilterFunctionality_Laptop_20-03-11]Found the element returning it ,element ->[[ChromeDriver: chrome on windows (6c264afaf05195094f91edece5bdd6a6)] -> xpath: //a[@id='seeMoreDetailsLink']]
20:10:42 [TestNG-test-Test-1] INFO  verifyingDisplayTypeFilterFunctionality_Laptop_20-03-11 - [verifyingDisplayTypeFilterFunctionality_Laptop_20-03-11] Successfully scrolled to element: By.xpath: //a[@id='seeMoreDetailsLink']
20:10:42 [TestNG-test-Test-1] INFO  verifyingDisplayTypeFilterFunctionality_Laptop_20-03-11 - [verifyingDisplayTypeFilterFunctionality_Laptop_20-03-11] Within safeClick method
20:10:43 [TestNG-test-Test-1] INFO  verifyingDisplayTypeFilterFunctionality_Laptop_20-03-11 - [verifyingDisplayTypeFilterFunctionality_Laptop_20-03-11] Clicked the  [[ChromeDriver: chrome on windows (6c264afaf05195094f91edece5bdd6a6)] -> xpath: //a[@id='seeMoreDetailsLink']]   using safeClick
20:10:43 [TestNG-test-Test-1] INFO  verifyingDisplayTypeFilterFunctionality_Laptop_20-03-11 - [verifyingDisplayTypeFilterFunctionality_Laptop_20-03-11] Within try block for clicking see more deatils within productNameListingPage loop
20:10:43 [TestNG-test-Test-1] INFO  verifyingDisplayTypeFilterFunctionality_Laptop_20-03-11 - [verifyingDisplayTypeFilterFunctionality_Laptop_20-03-11] Within closeCurrentWindowAndSwitchBack method
20:10:43 [TestNG-test-Test-1] INFO  verifyingDisplayTypeFilterFunctionality_Laptop_20-03-11 - [verifyingDisplayTypeFilterFunctionality_Laptop_20-03-11] Total open windows/tabs count -> 2
20:10:43 [TestNG-test-Test-1] INFO  verifyingDisplayTypeFilterFunctionality_Laptop_20-03-11 - [verifyingDisplayTypeFilterFunctionality_Laptop_20-03-11] Original window handle -> 314D7369A7559D1F60EDBA893E955B9C
20:10:43 [TestNG-test-Test-1] INFO  verifyingDisplayTypeFilterFunctionality_Laptop_20-03-11 - [verifyingDisplayTypeFilterFunctionality_Laptop_20-03-11] Found new tab/window handle -> 284656DF3C24B6AD379BA62A8F0DF7B0 (will be closed)
20:10:43 [TestNG-test-Test-1] INFO  verifyingDisplayTypeFilterFunctionality_Laptop_20-03-11 - [verifyingDisplayTypeFilterFunctionality_Laptop_20-03-11] Successfully switched to new tab/window -> 284656DF3C24B6AD379BA62A8F0DF7B0
20:10:43 [TestNG-test-Test-1] INFO  verifyingDisplayTypeFilterFunctionality_Laptop_20-03-11 - [verifyingDisplayTypeFilterFunctionality_Laptop_20-03-11] Closed the newly opened tab/window -> 284656DF3C24B6AD379BA62A8F0DF7B0
20:10:43 [TestNG-test-Test-1] INFO  verifyingDisplayTypeFilterFunctionality_Laptop_20-03-11 - [verifyingDisplayTypeFilterFunctionality_Laptop_20-03-11] Switched back to the original window -> 314D7369A7559D1F60EDBA893E955B9C
20:10:43 [TestNG-test-Test-1] INFO  verifyingDisplayTypeFilterFunctionality_Laptop_20-03-11 - [verifyingDisplayTypeFilterFunctionality_Laptop_20-03-11]  going back to product listing via closeCurrentWindowAndSwitchBack 
20:10:43 [TestNG-test-Test-1] INFO  verifyingDisplayTypeFilterFunctionality_Laptop_20-03-11 - [verifyingDisplayTypeFilterFunctionality_Laptop_20-03-11]  Added 'filter','title','keyFeatures', 'about', 'techDetails' into the Map -> productResult
20:10:43 [TestNG-test-Test-1] INFO  verifyingDisplayTypeFilterFunctionality_Laptop_20-03-11 - [verifyingDisplayTypeFilterFunctionality_Laptop_20-03-11]  Added 'productResult' Map into the 'results' i.e list of maps 
20:10:43 [TestNG-test-Test-1] INFO  verifyingDisplayTypeFilterFunctionality_Laptop_20-03-11 - [verifyingDisplayTypeFilterFunctionality_Laptop_20-03-11]==========================================================================================================
20:10:43 [TestNG-test-Test-1] INFO  verifyingDisplayTypeFilterFunctionality_Laptop_20-03-11 - [verifyingDisplayTypeFilterFunctionality_Laptop_20-03-11] Within safeFindElements 
20:10:43 [TestNG-test-Test-1] INFO  verifyingDisplayTypeFilterFunctionality_Laptop_20-03-11 - [verifyingDisplayTypeFilterFunctionality_Laptop_20-03-11] Returning the  [[[ChromeDriver: chrome on windows (6c264afaf05195094f91edece5bdd6a6)] -> xpath: //div[@data-cy='title-recipe']], [[ChromeDriver: chrome on windows (6c264afaf05195094f91edece5bdd6a6)] -> xpath: //div[@data-cy='title-recipe']], [[ChromeDriver: chrome on windows (6c264afaf05195094f91edece5bdd6a6)] -> xpath: //div[@data-cy='title-recipe']], [[ChromeDriver: chrome on windows (6c264afaf05195094f91edece5bdd6a6)] -> xpath: //div[@data-cy='title-recipe']], [[ChromeDriver: chrome on windows (6c264afaf05195094f91edece5bdd6a6)] -> xpath: //div[@data-cy='title-recipe']], [[ChromeDriver: chrome on windows (6c264afaf05195094f91edece5bdd6a6)] -> xpath: //div[@data-cy='title-recipe']], [[ChromeDriver: chrome on windows (6c264afaf05195094f91edece5bdd6a6)] -> xpath: //div[@data-cy='title-recipe']], [[ChromeDriver: chrome on windows (6c264afaf05195094f91edece5bdd6a6)] -> xpath: //div[@data-cy='title-recipe']], [[ChromeDriver: chrome on windows (6c264afaf05195094f91edece5bdd6a6)] -> xpath: //div[@data-cy='title-recipe']], [[ChromeDriver: chrome on windows (6c264afaf05195094f91edece5bdd6a6)] -> xpath: //div[@data-cy='title-recipe']], [[ChromeDriver: chrome on windows (6c264afaf05195094f91edece5bdd6a6)] -> xpath: //div[@data-cy='title-recipe']], [[ChromeDriver: chrome on windows (6c264afaf05195094f91edece5bdd6a6)] -> xpath: //div[@data-cy='title-recipe']], [[ChromeDriver: chrome on windows (6c264afaf05195094f91edece5bdd6a6)] -> xpath: //div[@data-cy='title-recipe']], [[ChromeDriver: chrome on windows (6c264afaf05195094f91edece5bdd6a6)] -> xpath: //div[@data-cy='title-recipe']], [[ChromeDriver: chrome on windows (6c264afaf05195094f91edece5bdd6a6)] -> xpath: //div[@data-cy='title-recipe']], [[ChromeDriver: chrome on windows (6c264afaf05195094f91edece5bdd6a6)] -> xpath: //div[@data-cy='title-recipe']], [[ChromeDriver: chrome on windows (6c264afaf05195094f91edece5bdd6a6)] -> xpath: //div[@data-cy='title-recipe']], [[ChromeDriver: chrome on windows (6c264afaf05195094f91edece5bdd6a6)] -> xpath: //div[@data-cy='title-recipe']], [[ChromeDriver: chrome on windows (6c264afaf05195094f91edece5bdd6a6)] -> xpath: //div[@data-cy='title-recipe']], [[ChromeDriver: chrome on windows (6c264afaf05195094f91edece5bdd6a6)] -> xpath: //div[@data-cy='title-recipe']], [[ChromeDriver: chrome on windows (6c264afaf05195094f91edece5bdd6a6)] -> xpath: //div[@data-cy='title-recipe']], [[ChromeDriver: chrome on windows (6c264afaf05195094f91edece5bdd6a6)] -> xpath: //div[@data-cy='title-recipe']]] from the safeFindElements method
20:10:43 [TestNG-test-Test-1] INFO  verifyingDisplayTypeFilterFunctionality_Laptop_20-03-11 - [verifyingDisplayTypeFilterFunctionality_Laptop_20-03-11] Within productNameListingPage loop in applyFilterAndValidateProductsWithResult
20:10:43 [TestNG-test-Test-1] INFO  verifyingDisplayTypeFilterFunctionality_Laptop_20-03-11 - [verifyingDisplayTypeFilterFunctionality_Laptop_20-03-11] Within getProductByIndex method
20:10:43 [TestNG-test-Test-1] INFO  verifyingDisplayTypeFilterFunctionality_Laptop_20-03-11 - [verifyingDisplayTypeFilterFunctionality_Laptop_20-03-11] Within safeFindElement method
20:10:43 [TestNG-test-Test-1] INFO  verifyingDisplayTypeFilterFunctionality_Laptop_20-03-11 - [verifyingDisplayTypeFilterFunctionality_Laptop_20-03-11]Found the element returning it ,element ->[[ChromeDriver: chrome on windows (6c264afaf05195094f91edece5bdd6a6)] -> xpath: (//div[@data-cy='title-recipe'])[13]]
20:10:43 [TestNG-test-Test-1] INFO  verifyingDisplayTypeFilterFunctionality_Laptop_20-03-11 - [verifyingDisplayTypeFilterFunctionality_Laptop_20-03-11] Within getProductByIndex method
20:10:43 [TestNG-test-Test-1] INFO  verifyingDisplayTypeFilterFunctionality_Laptop_20-03-11 - [verifyingDisplayTypeFilterFunctionality_Laptop_20-03-11] Within smoothScrollToElement method
20:10:43 [TestNG-test-Test-1] INFO  verifyingDisplayTypeFilterFunctionality_Laptop_20-03-11 - [verifyingDisplayTypeFilterFunctionality_Laptop_20-03-11] Within safeFindElement method
20:10:43 [TestNG-test-Test-1] INFO  verifyingDisplayTypeFilterFunctionality_Laptop_20-03-11 - [verifyingDisplayTypeFilterFunctionality_Laptop_20-03-11]Found the element returning it ,element ->[[ChromeDriver: chrome on windows (6c264afaf05195094f91edece5bdd6a6)] -> xpath: (//div[@data-cy='title-recipe'])[13]]
20:10:43 [TestNG-test-Test-1] INFO  verifyingDisplayTypeFilterFunctionality_Laptop_20-03-11 - [verifyingDisplayTypeFilterFunctionality_Laptop_20-03-11] Successfully scrolled to element: By.xpath: (//div[@data-cy='title-recipe'])[13]
20:10:43 [TestNG-test-Test-1] INFO  verifyingDisplayTypeFilterFunctionality_Laptop_20-03-11 - [verifyingDisplayTypeFilterFunctionality_Laptop_20-03-11] Getting product by index in productNameListingPage loop
20:10:43 [TestNG-test-Test-1] INFO  verifyingDisplayTypeFilterFunctionality_Laptop_20-03-11 - [verifyingDisplayTypeFilterFunctionality_Laptop_20-03-11] Opened product in new tab via Ctrl+Click inside productNameListingPage loop
20:10:43 [TestNG-test-Test-1] INFO  verifyingDisplayTypeFilterFunctionality_Laptop_20-03-11 - [verifyingDisplayTypeFilterFunctionality_Laptop_20-03-11] Waiting for new window to open...
20:10:43 [TestNG-test-Test-1] INFO  verifyingDisplayTypeFilterFunctionality_Laptop_20-03-11 - [verifyingDisplayTypeFilterFunctionality_Laptop_20-03-11] Switched to new window -> D4B5E4DD565A7B332379330EC99E1CF0
20:10:43 [TestNG-test-Test-1] INFO  verifyingDisplayTypeFilterFunctionality_Laptop_20-03-11 - [verifyingDisplayTypeFilterFunctionality_Laptop_20-03-11] Swithcing to the new window  within productNameListingPage loop
20:10:43 [TestNG-test-Test-1] INFO  verifyingDisplayTypeFilterFunctionality_Laptop_20-03-11 - [verifyingDisplayTypeFilterFunctionality_Laptop_20-03-11] Clicked product name to open in new tab from productNameListingPage loop
20:10:43 [TestNG-test-Test-1] INFO  verifyingDisplayTypeFilterFunctionality_Laptop_20-03-11 - [verifyingDisplayTypeFilterFunctionality_Laptop_20-03-11] Within safeFindElement method
20:10:48 [TestNG-test-Test-1] INFO  verifyingDisplayTypeFilterFunctionality_Laptop_20-03-11 - [verifyingDisplayTypeFilterFunctionality_Laptop_20-03-11]Found the element returning it ,element ->[[ChromeDriver: chrome on windows (6c264afaf05195094f91edece5bdd6a6)] -> xpath: //span[@id='productTitle']]
20:10:48 [TestNG-test-Test-1] INFO  verifyingDisplayTypeFilterFunctionality_Laptop_20-03-11 - [verifyingDisplayTypeFilterFunctionality_Laptop_20-03-11] Within safeFindElement method
20:10:48 [TestNG-test-Test-1] INFO  verifyingDisplayTypeFilterFunctionality_Laptop_20-03-11 - [verifyingDisplayTypeFilterFunctionality_Laptop_20-03-11]Found the element returning it ,element ->[[ChromeDriver: chrome on windows (6c264afaf05195094f91edece5bdd6a6)] -> xpath: //div[@class='a-section a-spacing-small a-spacing-top-small']]
20:10:48 [TestNG-test-Test-1] INFO  verifyingDisplayTypeFilterFunctionality_Laptop_20-03-11 - [verifyingDisplayTypeFilterFunctionality_Laptop_20-03-11] Within safeFindElement method
20:10:48 [TestNG-test-Test-1] INFO  verifyingDisplayTypeFilterFunctionality_Laptop_20-03-11 - [verifyingDisplayTypeFilterFunctionality_Laptop_20-03-11]Found the element returning it ,element ->[[ChromeDriver: chrome on windows (6c264afaf05195094f91edece5bdd6a6)] -> xpath: //div[@id='feature-bullets']]
20:10:48 [TestNG-test-Test-1] INFO  verifyingDisplayTypeFilterFunctionality_Laptop_20-03-11 - [verifyingDisplayTypeFilterFunctionality_Laptop_20-03-11] Within safeFindElement method
20:10:48 [TestNG-test-Test-1] INFO  verifyingDisplayTypeFilterFunctionality_Laptop_20-03-11 - [verifyingDisplayTypeFilterFunctionality_Laptop_20-03-11]Found the element returning it ,element ->[[ChromeDriver: chrome on windows (6c264afaf05195094f91edece5bdd6a6)] -> xpath: //div[@id='prodDetails']]
20:10:48 [TestNG-test-Test-1] INFO  verifyingDisplayTypeFilterFunctionality_Laptop_20-03-11 - [verifyingDisplayTypeFilterFunctionality_Laptop_20-03-11] Extracting 'name' , 'keyFeatures', 'about' , 'techDetails' within productNameListingPage loop
20:10:48 [TestNG-test-Test-1] INFO  verifyingDisplayTypeFilterFunctionality_Laptop_20-03-11 - [verifyingDisplayTypeFilterFunctionality_Laptop_20-03-11] Waiting until element is visible in viewport
20:10:59 [TestNG-test-Test-1] INFO  verifyingDisplayTypeFilterFunctionality_Laptop_20-03-11 - [verifyingDisplayTypeFilterFunctionality_Laptop_20-03-11] Within smoothScrollToElement method
20:10:59 [TestNG-test-Test-1] INFO  verifyingDisplayTypeFilterFunctionality_Laptop_20-03-11 - [verifyingDisplayTypeFilterFunctionality_Laptop_20-03-11] Within safeFindElement method
20:10:59 [TestNG-test-Test-1] INFO  verifyingDisplayTypeFilterFunctionality_Laptop_20-03-11 - [verifyingDisplayTypeFilterFunctionality_Laptop_20-03-11]Found the element returning it ,element ->[[ChromeDriver: chrome on windows (6c264afaf05195094f91edece5bdd6a6)] -> xpath: //a[@id='seeMoreDetailsLink']]
20:10:59 [TestNG-test-Test-1] INFO  verifyingDisplayTypeFilterFunctionality_Laptop_20-03-11 - [verifyingDisplayTypeFilterFunctionality_Laptop_20-03-11] Successfully scrolled to element: By.xpath: //a[@id='seeMoreDetailsLink']
20:10:59 [TestNG-test-Test-1] INFO  verifyingDisplayTypeFilterFunctionality_Laptop_20-03-11 - [verifyingDisplayTypeFilterFunctionality_Laptop_20-03-11] Within safeClick method
20:10:59 [TestNG-test-Test-1] INFO  verifyingDisplayTypeFilterFunctionality_Laptop_20-03-11 - [verifyingDisplayTypeFilterFunctionality_Laptop_20-03-11] Clicked the  [[ChromeDriver: chrome on windows (6c264afaf05195094f91edece5bdd6a6)] -> xpath: //a[@id='seeMoreDetailsLink']]   using safeClick
20:10:59 [TestNG-test-Test-1] INFO  verifyingDisplayTypeFilterFunctionality_Laptop_20-03-11 - [verifyingDisplayTypeFilterFunctionality_Laptop_20-03-11] Within try block for clicking see more deatils within productNameListingPage loop
20:10:59 [TestNG-test-Test-1] INFO  verifyingDisplayTypeFilterFunctionality_Laptop_20-03-11 - [verifyingDisplayTypeFilterFunctionality_Laptop_20-03-11] Within closeCurrentWindowAndSwitchBack method
20:10:59 [TestNG-test-Test-1] INFO  verifyingDisplayTypeFilterFunctionality_Laptop_20-03-11 - [verifyingDisplayTypeFilterFunctionality_Laptop_20-03-11] Total open windows/tabs count -> 2
20:10:59 [TestNG-test-Test-1] INFO  verifyingDisplayTypeFilterFunctionality_Laptop_20-03-11 - [verifyingDisplayTypeFilterFunctionality_Laptop_20-03-11] Original window handle -> 314D7369A7559D1F60EDBA893E955B9C
20:10:59 [TestNG-test-Test-1] INFO  verifyingDisplayTypeFilterFunctionality_Laptop_20-03-11 - [verifyingDisplayTypeFilterFunctionality_Laptop_20-03-11] Found new tab/window handle -> D4B5E4DD565A7B332379330EC99E1CF0 (will be closed)
20:10:59 [TestNG-test-Test-1] INFO  verifyingDisplayTypeFilterFunctionality_Laptop_20-03-11 - [verifyingDisplayTypeFilterFunctionality_Laptop_20-03-11] Successfully switched to new tab/window -> D4B5E4DD565A7B332379330EC99E1CF0
20:10:59 [TestNG-test-Test-1] INFO  verifyingDisplayTypeFilterFunctionality_Laptop_20-03-11 - [verifyingDisplayTypeFilterFunctionality_Laptop_20-03-11] Closed the newly opened tab/window -> D4B5E4DD565A7B332379330EC99E1CF0
20:10:59 [TestNG-test-Test-1] INFO  verifyingDisplayTypeFilterFunctionality_Laptop_20-03-11 - [verifyingDisplayTypeFilterFunctionality_Laptop_20-03-11] Switched back to the original window -> 314D7369A7559D1F60EDBA893E955B9C
20:10:59 [TestNG-test-Test-1] INFO  verifyingDisplayTypeFilterFunctionality_Laptop_20-03-11 - [verifyingDisplayTypeFilterFunctionality_Laptop_20-03-11]  going back to product listing via closeCurrentWindowAndSwitchBack 
20:10:59 [TestNG-test-Test-1] INFO  verifyingDisplayTypeFilterFunctionality_Laptop_20-03-11 - [verifyingDisplayTypeFilterFunctionality_Laptop_20-03-11]  Added 'filter','title','keyFeatures', 'about', 'techDetails' into the Map -> productResult
20:10:59 [TestNG-test-Test-1] INFO  verifyingDisplayTypeFilterFunctionality_Laptop_20-03-11 - [verifyingDisplayTypeFilterFunctionality_Laptop_20-03-11]  Added 'productResult' Map into the 'results' i.e list of maps 
20:10:59 [TestNG-test-Test-1] INFO  verifyingDisplayTypeFilterFunctionality_Laptop_20-03-11 - [verifyingDisplayTypeFilterFunctionality_Laptop_20-03-11]==========================================================================================================
20:10:59 [TestNG-test-Test-1] INFO  verifyingDisplayTypeFilterFunctionality_Laptop_20-03-11 - [verifyingDisplayTypeFilterFunctionality_Laptop_20-03-11] Within safeFindElements 
20:10:59 [TestNG-test-Test-1] INFO  verifyingDisplayTypeFilterFunctionality_Laptop_20-03-11 - [verifyingDisplayTypeFilterFunctionality_Laptop_20-03-11] Returning the  [[[ChromeDriver: chrome on windows (6c264afaf05195094f91edece5bdd6a6)] -> xpath: //div[@data-cy='title-recipe']], [[ChromeDriver: chrome on windows (6c264afaf05195094f91edece5bdd6a6)] -> xpath: //div[@data-cy='title-recipe']], [[ChromeDriver: chrome on windows (6c264afaf05195094f91edece5bdd6a6)] -> xpath: //div[@data-cy='title-recipe']], [[ChromeDriver: chrome on windows (6c264afaf05195094f91edece5bdd6a6)] -> xpath: //div[@data-cy='title-recipe']], [[ChromeDriver: chrome on windows (6c264afaf05195094f91edece5bdd6a6)] -> xpath: //div[@data-cy='title-recipe']], [[ChromeDriver: chrome on windows (6c264afaf05195094f91edece5bdd6a6)] -> xpath: //div[@data-cy='title-recipe']], [[ChromeDriver: chrome on windows (6c264afaf05195094f91edece5bdd6a6)] -> xpath: //div[@data-cy='title-recipe']], [[ChromeDriver: chrome on windows (6c264afaf05195094f91edece5bdd6a6)] -> xpath: //div[@data-cy='title-recipe']], [[ChromeDriver: chrome on windows (6c264afaf05195094f91edece5bdd6a6)] -> xpath: //div[@data-cy='title-recipe']], [[ChromeDriver: chrome on windows (6c264afaf05195094f91edece5bdd6a6)] -> xpath: //div[@data-cy='title-recipe']], [[ChromeDriver: chrome on windows (6c264afaf05195094f91edece5bdd6a6)] -> xpath: //div[@data-cy='title-recipe']], [[ChromeDriver: chrome on windows (6c264afaf05195094f91edece5bdd6a6)] -> xpath: //div[@data-cy='title-recipe']], [[ChromeDriver: chrome on windows (6c264afaf05195094f91edece5bdd6a6)] -> xpath: //div[@data-cy='title-recipe']], [[ChromeDriver: chrome on windows (6c264afaf05195094f91edece5bdd6a6)] -> xpath: //div[@data-cy='title-recipe']], [[ChromeDriver: chrome on windows (6c264afaf05195094f91edece5bdd6a6)] -> xpath: //div[@data-cy='title-recipe']], [[ChromeDriver: chrome on windows (6c264afaf05195094f91edece5bdd6a6)] -> xpath: //div[@data-cy='title-recipe']], [[ChromeDriver: chrome on windows (6c264afaf05195094f91edece5bdd6a6)] -> xpath: //div[@data-cy='title-recipe']], [[ChromeDriver: chrome on windows (6c264afaf05195094f91edece5bdd6a6)] -> xpath: //div[@data-cy='title-recipe']], [[ChromeDriver: chrome on windows (6c264afaf05195094f91edece5bdd6a6)] -> xpath: //div[@data-cy='title-recipe']], [[ChromeDriver: chrome on windows (6c264afaf05195094f91edece5bdd6a6)] -> xpath: //div[@data-cy='title-recipe']], [[ChromeDriver: chrome on windows (6c264afaf05195094f91edece5bdd6a6)] -> xpath: //div[@data-cy='title-recipe']], [[ChromeDriver: chrome on windows (6c264afaf05195094f91edece5bdd6a6)] -> xpath: //div[@data-cy='title-recipe']]] from the safeFindElements method
20:10:59 [TestNG-test-Test-1] INFO  verifyingDisplayTypeFilterFunctionality_Laptop_20-03-11 - [verifyingDisplayTypeFilterFunctionality_Laptop_20-03-11] Within productNameListingPage loop in applyFilterAndValidateProductsWithResult
20:10:59 [TestNG-test-Test-1] INFO  verifyingDisplayTypeFilterFunctionality_Laptop_20-03-11 - [verifyingDisplayTypeFilterFunctionality_Laptop_20-03-11] Within getProductByIndex method
20:10:59 [TestNG-test-Test-1] INFO  verifyingDisplayTypeFilterFunctionality_Laptop_20-03-11 - [verifyingDisplayTypeFilterFunctionality_Laptop_20-03-11] Within safeFindElement method
20:10:59 [TestNG-test-Test-1] INFO  verifyingDisplayTypeFilterFunctionality_Laptop_20-03-11 - [verifyingDisplayTypeFilterFunctionality_Laptop_20-03-11]Found the element returning it ,element ->[[ChromeDriver: chrome on windows (6c264afaf05195094f91edece5bdd6a6)] -> xpath: (//div[@data-cy='title-recipe'])[14]]
20:10:59 [TestNG-test-Test-1] INFO  verifyingDisplayTypeFilterFunctionality_Laptop_20-03-11 - [verifyingDisplayTypeFilterFunctionality_Laptop_20-03-11] Within getProductByIndex method
20:10:59 [TestNG-test-Test-1] INFO  verifyingDisplayTypeFilterFunctionality_Laptop_20-03-11 - [verifyingDisplayTypeFilterFunctionality_Laptop_20-03-11] Within smoothScrollToElement method
20:10:59 [TestNG-test-Test-1] INFO  verifyingDisplayTypeFilterFunctionality_Laptop_20-03-11 - [verifyingDisplayTypeFilterFunctionality_Laptop_20-03-11] Within safeFindElement method
20:11:00 [TestNG-test-Test-1] INFO  verifyingDisplayTypeFilterFunctionality_Laptop_20-03-11 - [verifyingDisplayTypeFilterFunctionality_Laptop_20-03-11]Found the element returning it ,element ->[[ChromeDriver: chrome on windows (6c264afaf05195094f91edece5bdd6a6)] -> xpath: (//div[@data-cy='title-recipe'])[14]]
20:11:00 [TestNG-test-Test-1] INFO  verifyingDisplayTypeFilterFunctionality_Laptop_20-03-11 - [verifyingDisplayTypeFilterFunctionality_Laptop_20-03-11] Successfully scrolled to element: By.xpath: (//div[@data-cy='title-recipe'])[14]
20:11:00 [TestNG-test-Test-1] INFO  verifyingDisplayTypeFilterFunctionality_Laptop_20-03-11 - [verifyingDisplayTypeFilterFunctionality_Laptop_20-03-11] Getting product by index in productNameListingPage loop
20:11:00 [TestNG-test-Test-1] INFO  verifyingDisplayTypeFilterFunctionality_Laptop_20-03-11 - [verifyingDisplayTypeFilterFunctionality_Laptop_20-03-11] Opened product in new tab via Ctrl+Click inside productNameListingPage loop
20:11:00 [TestNG-test-Test-1] INFO  verifyingDisplayTypeFilterFunctionality_Laptop_20-03-11 - [verifyingDisplayTypeFilterFunctionality_Laptop_20-03-11] Waiting for new window to open...
20:11:00 [TestNG-test-Test-1] INFO  verifyingDisplayTypeFilterFunctionality_Laptop_20-03-11 - [verifyingDisplayTypeFilterFunctionality_Laptop_20-03-11] Switched to new window -> E6C2A7E8A779E0F8D5695FF23A3978FA
20:11:00 [TestNG-test-Test-1] INFO  verifyingDisplayTypeFilterFunctionality_Laptop_20-03-11 - [verifyingDisplayTypeFilterFunctionality_Laptop_20-03-11] Swithcing to the new window  within productNameListingPage loop
20:11:00 [TestNG-test-Test-1] INFO  verifyingDisplayTypeFilterFunctionality_Laptop_20-03-11 - [verifyingDisplayTypeFilterFunctionality_Laptop_20-03-11] Clicked product name to open in new tab from productNameListingPage loop
20:11:00 [TestNG-test-Test-1] INFO  verifyingDisplayTypeFilterFunctionality_Laptop_20-03-11 - [verifyingDisplayTypeFilterFunctionality_Laptop_20-03-11] Within safeFindElement method
20:11:04 [TestNG-test-Test-1] INFO  verifyingDisplayTypeFilterFunctionality_Laptop_20-03-11 - [verifyingDisplayTypeFilterFunctionality_Laptop_20-03-11]Found the element returning it ,element ->[[ChromeDriver: chrome on windows (6c264afaf05195094f91edece5bdd6a6)] -> xpath: //span[@id='productTitle']]
20:11:04 [TestNG-test-Test-1] INFO  verifyingDisplayTypeFilterFunctionality_Laptop_20-03-11 - [verifyingDisplayTypeFilterFunctionality_Laptop_20-03-11] Within safeFindElement method
20:11:04 [TestNG-test-Test-1] INFO  verifyingDisplayTypeFilterFunctionality_Laptop_20-03-11 - [verifyingDisplayTypeFilterFunctionality_Laptop_20-03-11]Found the element returning it ,element ->[[ChromeDriver: chrome on windows (6c264afaf05195094f91edece5bdd6a6)] -> xpath: //div[@class='a-section a-spacing-small a-spacing-top-small']]
20:11:04 [TestNG-test-Test-1] INFO  verifyingDisplayTypeFilterFunctionality_Laptop_20-03-11 - [verifyingDisplayTypeFilterFunctionality_Laptop_20-03-11] Within safeFindElement method
20:11:04 [TestNG-test-Test-1] INFO  verifyingDisplayTypeFilterFunctionality_Laptop_20-03-11 - [verifyingDisplayTypeFilterFunctionality_Laptop_20-03-11]Found the element returning it ,element ->[[ChromeDriver: chrome on windows (6c264afaf05195094f91edece5bdd6a6)] -> xpath: //div[@id='feature-bullets']]
20:11:04 [TestNG-test-Test-1] INFO  verifyingDisplayTypeFilterFunctionality_Laptop_20-03-11 - [verifyingDisplayTypeFilterFunctionality_Laptop_20-03-11] Within safeFindElement method
20:11:04 [TestNG-test-Test-1] INFO  verifyingDisplayTypeFilterFunctionality_Laptop_20-03-11 - [verifyingDisplayTypeFilterFunctionality_Laptop_20-03-11]Found the element returning it ,element ->[[ChromeDriver: chrome on windows (6c264afaf05195094f91edece5bdd6a6)] -> xpath: //div[@id='prodDetails']]
20:11:04 [TestNG-test-Test-1] INFO  verifyingDisplayTypeFilterFunctionality_Laptop_20-03-11 - [verifyingDisplayTypeFilterFunctionality_Laptop_20-03-11] Extracting 'name' , 'keyFeatures', 'about' , 'techDetails' within productNameListingPage loop
20:11:04 [TestNG-test-Test-1] INFO  verifyingDisplayTypeFilterFunctionality_Laptop_20-03-11 - [verifyingDisplayTypeFilterFunctionality_Laptop_20-03-11] Waiting until element is visible in viewport
20:11:14 [TestNG-test-Test-1] INFO  verifyingDisplayTypeFilterFunctionality_Laptop_20-03-11 - [verifyingDisplayTypeFilterFunctionality_Laptop_20-03-11] Within smoothScrollToElement method
20:11:14 [TestNG-test-Test-1] INFO  verifyingDisplayTypeFilterFunctionality_Laptop_20-03-11 - [verifyingDisplayTypeFilterFunctionality_Laptop_20-03-11] Within safeFindElement method
20:11:14 [TestNG-test-Test-1] INFO  verifyingDisplayTypeFilterFunctionality_Laptop_20-03-11 - [verifyingDisplayTypeFilterFunctionality_Laptop_20-03-11]Found the element returning it ,element ->[[ChromeDriver: chrome on windows (6c264afaf05195094f91edece5bdd6a6)] -> xpath: //a[@id='seeMoreDetailsLink']]
20:11:14 [TestNG-test-Test-1] INFO  verifyingDisplayTypeFilterFunctionality_Laptop_20-03-11 - [verifyingDisplayTypeFilterFunctionality_Laptop_20-03-11] Successfully scrolled to element: By.xpath: //a[@id='seeMoreDetailsLink']
20:11:14 [TestNG-test-Test-1] INFO  verifyingDisplayTypeFilterFunctionality_Laptop_20-03-11 - [verifyingDisplayTypeFilterFunctionality_Laptop_20-03-11] Within safeClick method
20:11:15 [TestNG-test-Test-1] INFO  verifyingDisplayTypeFilterFunctionality_Laptop_20-03-11 - [verifyingDisplayTypeFilterFunctionality_Laptop_20-03-11] Clicked the  [[ChromeDriver: chrome on windows (6c264afaf05195094f91edece5bdd6a6)] -> xpath: //a[@id='seeMoreDetailsLink']]   using safeClick
20:11:15 [TestNG-test-Test-1] INFO  verifyingDisplayTypeFilterFunctionality_Laptop_20-03-11 - [verifyingDisplayTypeFilterFunctionality_Laptop_20-03-11] Within try block for clicking see more deatils within productNameListingPage loop
20:11:15 [TestNG-test-Test-1] INFO  verifyingDisplayTypeFilterFunctionality_Laptop_20-03-11 - [verifyingDisplayTypeFilterFunctionality_Laptop_20-03-11] Within closeCurrentWindowAndSwitchBack method
20:11:15 [TestNG-test-Test-1] INFO  verifyingDisplayTypeFilterFunctionality_Laptop_20-03-11 - [verifyingDisplayTypeFilterFunctionality_Laptop_20-03-11] Total open windows/tabs count -> 2
20:11:15 [TestNG-test-Test-1] INFO  verifyingDisplayTypeFilterFunctionality_Laptop_20-03-11 - [verifyingDisplayTypeFilterFunctionality_Laptop_20-03-11] Original window handle -> 314D7369A7559D1F60EDBA893E955B9C
20:11:15 [TestNG-test-Test-1] INFO  verifyingDisplayTypeFilterFunctionality_Laptop_20-03-11 - [verifyingDisplayTypeFilterFunctionality_Laptop_20-03-11] Found new tab/window handle -> E6C2A7E8A779E0F8D5695FF23A3978FA (will be closed)
20:11:15 [TestNG-test-Test-1] INFO  verifyingDisplayTypeFilterFunctionality_Laptop_20-03-11 - [verifyingDisplayTypeFilterFunctionality_Laptop_20-03-11] Successfully switched to new tab/window -> E6C2A7E8A779E0F8D5695FF23A3978FA
20:11:15 [TestNG-test-Test-1] INFO  verifyingDisplayTypeFilterFunctionality_Laptop_20-03-11 - [verifyingDisplayTypeFilterFunctionality_Laptop_20-03-11] Closed the newly opened tab/window -> E6C2A7E8A779E0F8D5695FF23A3978FA
20:11:15 [TestNG-test-Test-1] INFO  verifyingDisplayTypeFilterFunctionality_Laptop_20-03-11 - [verifyingDisplayTypeFilterFunctionality_Laptop_20-03-11] Switched back to the original window -> 314D7369A7559D1F60EDBA893E955B9C
20:11:15 [TestNG-test-Test-1] INFO  verifyingDisplayTypeFilterFunctionality_Laptop_20-03-11 - [verifyingDisplayTypeFilterFunctionality_Laptop_20-03-11]  going back to product listing via closeCurrentWindowAndSwitchBack 
20:11:15 [TestNG-test-Test-1] INFO  verifyingDisplayTypeFilterFunctionality_Laptop_20-03-11 - [verifyingDisplayTypeFilterFunctionality_Laptop_20-03-11]  Added 'filter','title','keyFeatures', 'about', 'techDetails' into the Map -> productResult
20:11:15 [TestNG-test-Test-1] INFO  verifyingDisplayTypeFilterFunctionality_Laptop_20-03-11 - [verifyingDisplayTypeFilterFunctionality_Laptop_20-03-11]  Added 'productResult' Map into the 'results' i.e list of maps 
20:11:15 [TestNG-test-Test-1] INFO  verifyingDisplayTypeFilterFunctionality_Laptop_20-03-11 - [verifyingDisplayTypeFilterFunctionality_Laptop_20-03-11]==========================================================================================================
20:11:15 [TestNG-test-Test-1] INFO  verifyingDisplayTypeFilterFunctionality_Laptop_20-03-11 - [verifyingDisplayTypeFilterFunctionality_Laptop_20-03-11] Within safeFindElements 
20:11:15 [TestNG-test-Test-1] INFO  verifyingDisplayTypeFilterFunctionality_Laptop_20-03-11 - [verifyingDisplayTypeFilterFunctionality_Laptop_20-03-11] Returning the  [[[ChromeDriver: chrome on windows (6c264afaf05195094f91edece5bdd6a6)] -> xpath: //div[@data-cy='title-recipe']], [[ChromeDriver: chrome on windows (6c264afaf05195094f91edece5bdd6a6)] -> xpath: //div[@data-cy='title-recipe']], [[ChromeDriver: chrome on windows (6c264afaf05195094f91edece5bdd6a6)] -> xpath: //div[@data-cy='title-recipe']], [[ChromeDriver: chrome on windows (6c264afaf05195094f91edece5bdd6a6)] -> xpath: //div[@data-cy='title-recipe']], [[ChromeDriver: chrome on windows (6c264afaf05195094f91edece5bdd6a6)] -> xpath: //div[@data-cy='title-recipe']], [[ChromeDriver: chrome on windows (6c264afaf05195094f91edece5bdd6a6)] -> xpath: //div[@data-cy='title-recipe']], [[ChromeDriver: chrome on windows (6c264afaf05195094f91edece5bdd6a6)] -> xpath: //div[@data-cy='title-recipe']], [[ChromeDriver: chrome on windows (6c264afaf05195094f91edece5bdd6a6)] -> xpath: //div[@data-cy='title-recipe']], [[ChromeDriver: chrome on windows (6c264afaf05195094f91edece5bdd6a6)] -> xpath: //div[@data-cy='title-recipe']], [[ChromeDriver: chrome on windows (6c264afaf05195094f91edece5bdd6a6)] -> xpath: //div[@data-cy='title-recipe']], [[ChromeDriver: chrome on windows (6c264afaf05195094f91edece5bdd6a6)] -> xpath: //div[@data-cy='title-recipe']], [[ChromeDriver: chrome on windows (6c264afaf05195094f91edece5bdd6a6)] -> xpath: //div[@data-cy='title-recipe']], [[ChromeDriver: chrome on windows (6c264afaf05195094f91edece5bdd6a6)] -> xpath: //div[@data-cy='title-recipe']], [[ChromeDriver: chrome on windows (6c264afaf05195094f91edece5bdd6a6)] -> xpath: //div[@data-cy='title-recipe']], [[ChromeDriver: chrome on windows (6c264afaf05195094f91edece5bdd6a6)] -> xpath: //div[@data-cy='title-recipe']], [[ChromeDriver: chrome on windows (6c264afaf05195094f91edece5bdd6a6)] -> xpath: //div[@data-cy='title-recipe']], [[ChromeDriver: chrome on windows (6c264afaf05195094f91edece5bdd6a6)] -> xpath: //div[@data-cy='title-recipe']], [[ChromeDriver: chrome on windows (6c264afaf05195094f91edece5bdd6a6)] -> xpath: //div[@data-cy='title-recipe']], [[ChromeDriver: chrome on windows (6c264afaf05195094f91edece5bdd6a6)] -> xpath: //div[@data-cy='title-recipe']], [[ChromeDriver: chrome on windows (6c264afaf05195094f91edece5bdd6a6)] -> xpath: //div[@data-cy='title-recipe']], [[ChromeDriver: chrome on windows (6c264afaf05195094f91edece5bdd6a6)] -> xpath: //div[@data-cy='title-recipe']], [[ChromeDriver: chrome on windows (6c264afaf05195094f91edece5bdd6a6)] -> xpath: //div[@data-cy='title-recipe']]] from the safeFindElements method
20:11:15 [TestNG-test-Test-1] INFO  verifyingDisplayTypeFilterFunctionality_Laptop_20-03-11 - [verifyingDisplayTypeFilterFunctionality_Laptop_20-03-11] Within productNameListingPage loop in applyFilterAndValidateProductsWithResult
20:11:15 [TestNG-test-Test-1] INFO  verifyingDisplayTypeFilterFunctionality_Laptop_20-03-11 - [verifyingDisplayTypeFilterFunctionality_Laptop_20-03-11] Within getProductByIndex method
20:11:15 [TestNG-test-Test-1] INFO  verifyingDisplayTypeFilterFunctionality_Laptop_20-03-11 - [verifyingDisplayTypeFilterFunctionality_Laptop_20-03-11] Within safeFindElement method
20:11:15 [TestNG-test-Test-1] INFO  verifyingDisplayTypeFilterFunctionality_Laptop_20-03-11 - [verifyingDisplayTypeFilterFunctionality_Laptop_20-03-11]Found the element returning it ,element ->[[ChromeDriver: chrome on windows (6c264afaf05195094f91edece5bdd6a6)] -> xpath: (//div[@data-cy='title-recipe'])[15]]
20:11:15 [TestNG-test-Test-1] INFO  verifyingDisplayTypeFilterFunctionality_Laptop_20-03-11 - [verifyingDisplayTypeFilterFunctionality_Laptop_20-03-11] Within getProductByIndex method
20:11:15 [TestNG-test-Test-1] INFO  verifyingDisplayTypeFilterFunctionality_Laptop_20-03-11 - [verifyingDisplayTypeFilterFunctionality_Laptop_20-03-11] Within smoothScrollToElement method
20:11:15 [TestNG-test-Test-1] INFO  verifyingDisplayTypeFilterFunctionality_Laptop_20-03-11 - [verifyingDisplayTypeFilterFunctionality_Laptop_20-03-11] Within safeFindElement method
20:11:15 [TestNG-test-Test-1] INFO  verifyingDisplayTypeFilterFunctionality_Laptop_20-03-11 - [verifyingDisplayTypeFilterFunctionality_Laptop_20-03-11]Found the element returning it ,element ->[[ChromeDriver: chrome on windows (6c264afaf05195094f91edece5bdd6a6)] -> xpath: (//div[@data-cy='title-recipe'])[15]]
20:11:15 [TestNG-test-Test-1] INFO  verifyingDisplayTypeFilterFunctionality_Laptop_20-03-11 - [verifyingDisplayTypeFilterFunctionality_Laptop_20-03-11] Successfully scrolled to element: By.xpath: (//div[@data-cy='title-recipe'])[15]
20:11:15 [TestNG-test-Test-1] INFO  verifyingDisplayTypeFilterFunctionality_Laptop_20-03-11 - [verifyingDisplayTypeFilterFunctionality_Laptop_20-03-11] Getting product by index in productNameListingPage loop
20:11:15 [TestNG-test-Test-1] INFO  verifyingDisplayTypeFilterFunctionality_Laptop_20-03-11 - [verifyingDisplayTypeFilterFunctionality_Laptop_20-03-11] Opened product in new tab via Ctrl+Click inside productNameListingPage loop
20:11:15 [TestNG-test-Test-1] INFO  verifyingDisplayTypeFilterFunctionality_Laptop_20-03-11 - [verifyingDisplayTypeFilterFunctionality_Laptop_20-03-11] Waiting for new window to open...
20:11:15 [TestNG-test-Test-1] INFO  verifyingDisplayTypeFilterFunctionality_Laptop_20-03-11 - [verifyingDisplayTypeFilterFunctionality_Laptop_20-03-11] Switched to new window -> EC6A311792504F1741AD5EF1F9C24094
20:11:15 [TestNG-test-Test-1] INFO  verifyingDisplayTypeFilterFunctionality_Laptop_20-03-11 - [verifyingDisplayTypeFilterFunctionality_Laptop_20-03-11] Swithcing to the new window  within productNameListingPage loop
20:11:15 [TestNG-test-Test-1] INFO  verifyingDisplayTypeFilterFunctionality_Laptop_20-03-11 - [verifyingDisplayTypeFilterFunctionality_Laptop_20-03-11] Clicked product name to open in new tab from productNameListingPage loop
20:11:15 [TestNG-test-Test-1] INFO  verifyingDisplayTypeFilterFunctionality_Laptop_20-03-11 - [verifyingDisplayTypeFilterFunctionality_Laptop_20-03-11] Within safeFindElement method
20:11:19 [TestNG-test-Test-1] INFO  verifyingDisplayTypeFilterFunctionality_Laptop_20-03-11 - [verifyingDisplayTypeFilterFunctionality_Laptop_20-03-11]Found the element returning it ,element ->[[ChromeDriver: chrome on windows (6c264afaf05195094f91edece5bdd6a6)] -> xpath: //span[@id='productTitle']]
20:11:19 [TestNG-test-Test-1] INFO  verifyingDisplayTypeFilterFunctionality_Laptop_20-03-11 - [verifyingDisplayTypeFilterFunctionality_Laptop_20-03-11] Within safeFindElement method
20:11:19 [TestNG-test-Test-1] INFO  verifyingDisplayTypeFilterFunctionality_Laptop_20-03-11 - [verifyingDisplayTypeFilterFunctionality_Laptop_20-03-11]Found the element returning it ,element ->[[ChromeDriver: chrome on windows (6c264afaf05195094f91edece5bdd6a6)] -> xpath: //div[@class='a-section a-spacing-small a-spacing-top-small']]
20:11:19 [TestNG-test-Test-1] INFO  verifyingDisplayTypeFilterFunctionality_Laptop_20-03-11 - [verifyingDisplayTypeFilterFunctionality_Laptop_20-03-11] Within safeFindElement method
20:11:19 [TestNG-test-Test-1] INFO  verifyingDisplayTypeFilterFunctionality_Laptop_20-03-11 - [verifyingDisplayTypeFilterFunctionality_Laptop_20-03-11]Found the element returning it ,element ->[[ChromeDriver: chrome on windows (6c264afaf05195094f91edece5bdd6a6)] -> xpath: //div[@id='feature-bullets']]
20:11:19 [TestNG-test-Test-1] INFO  verifyingDisplayTypeFilterFunctionality_Laptop_20-03-11 - [verifyingDisplayTypeFilterFunctionality_Laptop_20-03-11] Within safeFindElement method
20:11:20 [TestNG-test-Test-1] INFO  verifyingDisplayTypeFilterFunctionality_Laptop_20-03-11 - [verifyingDisplayTypeFilterFunctionality_Laptop_20-03-11]Found the element returning it ,element ->[[ChromeDriver: chrome on windows (6c264afaf05195094f91edece5bdd6a6)] -> xpath: //div[@id='prodDetails']]
20:11:20 [TestNG-test-Test-1] INFO  verifyingDisplayTypeFilterFunctionality_Laptop_20-03-11 - [verifyingDisplayTypeFilterFunctionality_Laptop_20-03-11] Extracting 'name' , 'keyFeatures', 'about' , 'techDetails' within productNameListingPage loop
20:11:20 [TestNG-test-Test-1] INFO  verifyingDisplayTypeFilterFunctionality_Laptop_20-03-11 - [verifyingDisplayTypeFilterFunctionality_Laptop_20-03-11] Waiting until element is visible in viewport
20:11:31 [TestNG-test-Test-1] INFO  verifyingDisplayTypeFilterFunctionality_Laptop_20-03-11 - [verifyingDisplayTypeFilterFunctionality_Laptop_20-03-11] Within smoothScrollToElement method
20:11:31 [TestNG-test-Test-1] INFO  verifyingDisplayTypeFilterFunctionality_Laptop_20-03-11 - [verifyingDisplayTypeFilterFunctionality_Laptop_20-03-11] Within safeFindElement method
20:11:31 [TestNG-test-Test-1] INFO  verifyingDisplayTypeFilterFunctionality_Laptop_20-03-11 - [verifyingDisplayTypeFilterFunctionality_Laptop_20-03-11]Found the element returning it ,element ->[[ChromeDriver: chrome on windows (6c264afaf05195094f91edece5bdd6a6)] -> xpath: //a[@id='seeMoreDetailsLink']]
20:11:31 [TestNG-test-Test-1] INFO  verifyingDisplayTypeFilterFunctionality_Laptop_20-03-11 - [verifyingDisplayTypeFilterFunctionality_Laptop_20-03-11] Successfully scrolled to element: By.xpath: //a[@id='seeMoreDetailsLink']
20:11:31 [TestNG-test-Test-1] INFO  verifyingDisplayTypeFilterFunctionality_Laptop_20-03-11 - [verifyingDisplayTypeFilterFunctionality_Laptop_20-03-11] Within safeClick method
20:11:31 [TestNG-test-Test-1] INFO  verifyingDisplayTypeFilterFunctionality_Laptop_20-03-11 - [verifyingDisplayTypeFilterFunctionality_Laptop_20-03-11] Clicked the  [[ChromeDriver: chrome on windows (6c264afaf05195094f91edece5bdd6a6)] -> xpath: //a[@id='seeMoreDetailsLink']]   using safeClick
20:11:31 [TestNG-test-Test-1] INFO  verifyingDisplayTypeFilterFunctionality_Laptop_20-03-11 - [verifyingDisplayTypeFilterFunctionality_Laptop_20-03-11] Within try block for clicking see more deatils within productNameListingPage loop
20:11:31 [TestNG-test-Test-1] INFO  verifyingDisplayTypeFilterFunctionality_Laptop_20-03-11 - [verifyingDisplayTypeFilterFunctionality_Laptop_20-03-11] Within closeCurrentWindowAndSwitchBack method
20:11:31 [TestNG-test-Test-1] INFO  verifyingDisplayTypeFilterFunctionality_Laptop_20-03-11 - [verifyingDisplayTypeFilterFunctionality_Laptop_20-03-11] Total open windows/tabs count -> 2
20:11:31 [TestNG-test-Test-1] INFO  verifyingDisplayTypeFilterFunctionality_Laptop_20-03-11 - [verifyingDisplayTypeFilterFunctionality_Laptop_20-03-11] Original window handle -> 314D7369A7559D1F60EDBA893E955B9C
20:11:31 [TestNG-test-Test-1] INFO  verifyingDisplayTypeFilterFunctionality_Laptop_20-03-11 - [verifyingDisplayTypeFilterFunctionality_Laptop_20-03-11] Found new tab/window handle -> EC6A311792504F1741AD5EF1F9C24094 (will be closed)
20:11:31 [TestNG-test-Test-1] INFO  verifyingDisplayTypeFilterFunctionality_Laptop_20-03-11 - [verifyingDisplayTypeFilterFunctionality_Laptop_20-03-11] Successfully switched to new tab/window -> EC6A311792504F1741AD5EF1F9C24094
20:11:31 [TestNG-test-Test-1] INFO  verifyingDisplayTypeFilterFunctionality_Laptop_20-03-11 - [verifyingDisplayTypeFilterFunctionality_Laptop_20-03-11] Closed the newly opened tab/window -> EC6A311792504F1741AD5EF1F9C24094
20:11:31 [TestNG-test-Test-1] INFO  verifyingDisplayTypeFilterFunctionality_Laptop_20-03-11 - [verifyingDisplayTypeFilterFunctionality_Laptop_20-03-11] Switched back to the original window -> 314D7369A7559D1F60EDBA893E955B9C
20:11:31 [TestNG-test-Test-1] INFO  verifyingDisplayTypeFilterFunctionality_Laptop_20-03-11 - [verifyingDisplayTypeFilterFunctionality_Laptop_20-03-11]  going back to product listing via closeCurrentWindowAndSwitchBack 
20:11:31 [TestNG-test-Test-1] INFO  verifyingDisplayTypeFilterFunctionality_Laptop_20-03-11 - [verifyingDisplayTypeFilterFunctionality_Laptop_20-03-11]  Added 'filter','title','keyFeatures', 'about', 'techDetails' into the Map -> productResult
20:11:31 [TestNG-test-Test-1] INFO  verifyingDisplayTypeFilterFunctionality_Laptop_20-03-11 - [verifyingDisplayTypeFilterFunctionality_Laptop_20-03-11]  Added 'productResult' Map into the 'results' i.e list of maps 
20:11:31 [TestNG-test-Test-1] INFO  verifyingDisplayTypeFilterFunctionality_Laptop_20-03-11 - [verifyingDisplayTypeFilterFunctionality_Laptop_20-03-11]==========================================================================================================
20:11:31 [TestNG-test-Test-1] INFO  verifyingDisplayTypeFilterFunctionality_Laptop_20-03-11 - [verifyingDisplayTypeFilterFunctionality_Laptop_20-03-11] Within safeFindElements 
20:11:31 [TestNG-test-Test-1] INFO  verifyingDisplayTypeFilterFunctionality_Laptop_20-03-11 - [verifyingDisplayTypeFilterFunctionality_Laptop_20-03-11] Returning the  [[[ChromeDriver: chrome on windows (6c264afaf05195094f91edece5bdd6a6)] -> xpath: //div[@data-cy='title-recipe']], [[ChromeDriver: chrome on windows (6c264afaf05195094f91edece5bdd6a6)] -> xpath: //div[@data-cy='title-recipe']], [[ChromeDriver: chrome on windows (6c264afaf05195094f91edece5bdd6a6)] -> xpath: //div[@data-cy='title-recipe']], [[ChromeDriver: chrome on windows (6c264afaf05195094f91edece5bdd6a6)] -> xpath: //div[@data-cy='title-recipe']], [[ChromeDriver: chrome on windows (6c264afaf05195094f91edece5bdd6a6)] -> xpath: //div[@data-cy='title-recipe']], [[ChromeDriver: chrome on windows (6c264afaf05195094f91edece5bdd6a6)] -> xpath: //div[@data-cy='title-recipe']], [[ChromeDriver: chrome on windows (6c264afaf05195094f91edece5bdd6a6)] -> xpath: //div[@data-cy='title-recipe']], [[ChromeDriver: chrome on windows (6c264afaf05195094f91edece5bdd6a6)] -> xpath: //div[@data-cy='title-recipe']], [[ChromeDriver: chrome on windows (6c264afaf05195094f91edece5bdd6a6)] -> xpath: //div[@data-cy='title-recipe']], [[ChromeDriver: chrome on windows (6c264afaf05195094f91edece5bdd6a6)] -> xpath: //div[@data-cy='title-recipe']], [[ChromeDriver: chrome on windows (6c264afaf05195094f91edece5bdd6a6)] -> xpath: //div[@data-cy='title-recipe']], [[ChromeDriver: chrome on windows (6c264afaf05195094f91edece5bdd6a6)] -> xpath: //div[@data-cy='title-recipe']], [[ChromeDriver: chrome on windows (6c264afaf05195094f91edece5bdd6a6)] -> xpath: //div[@data-cy='title-recipe']], [[ChromeDriver: chrome on windows (6c264afaf05195094f91edece5bdd6a6)] -> xpath: //div[@data-cy='title-recipe']], [[ChromeDriver: chrome on windows (6c264afaf05195094f91edece5bdd6a6)] -> xpath: //div[@data-cy='title-recipe']], [[ChromeDriver: chrome on windows (6c264afaf05195094f91edece5bdd6a6)] -> xpath: //div[@data-cy='title-recipe']], [[ChromeDriver: chrome on windows (6c264afaf05195094f91edece5bdd6a6)] -> xpath: //div[@data-cy='title-recipe']], [[ChromeDriver: chrome on windows (6c264afaf05195094f91edece5bdd6a6)] -> xpath: //div[@data-cy='title-recipe']], [[ChromeDriver: chrome on windows (6c264afaf05195094f91edece5bdd6a6)] -> xpath: //div[@data-cy='title-recipe']], [[ChromeDriver: chrome on windows (6c264afaf05195094f91edece5bdd6a6)] -> xpath: //div[@data-cy='title-recipe']], [[ChromeDriver: chrome on windows (6c264afaf05195094f91edece5bdd6a6)] -> xpath: //div[@data-cy='title-recipe']], [[ChromeDriver: chrome on windows (6c264afaf05195094f91edece5bdd6a6)] -> xpath: //div[@data-cy='title-recipe']]] from the safeFindElements method
20:11:31 [TestNG-test-Test-1] INFO  verifyingDisplayTypeFilterFunctionality_Laptop_20-03-11 - [verifyingDisplayTypeFilterFunctionality_Laptop_20-03-11] Within productNameListingPage loop in applyFilterAndValidateProductsWithResult
20:11:31 [TestNG-test-Test-1] INFO  verifyingDisplayTypeFilterFunctionality_Laptop_20-03-11 - [verifyingDisplayTypeFilterFunctionality_Laptop_20-03-11] Within getProductByIndex method
20:11:31 [TestNG-test-Test-1] INFO  verifyingDisplayTypeFilterFunctionality_Laptop_20-03-11 - [verifyingDisplayTypeFilterFunctionality_Laptop_20-03-11] Within safeFindElement method
20:11:31 [TestNG-test-Test-1] INFO  verifyingDisplayTypeFilterFunctionality_Laptop_20-03-11 - [verifyingDisplayTypeFilterFunctionality_Laptop_20-03-11]Found the element returning it ,element ->[[ChromeDriver: chrome on windows (6c264afaf05195094f91edece5bdd6a6)] -> xpath: (//div[@data-cy='title-recipe'])[16]]
20:11:31 [TestNG-test-Test-1] INFO  verifyingDisplayTypeFilterFunctionality_Laptop_20-03-11 - [verifyingDisplayTypeFilterFunctionality_Laptop_20-03-11] Within getProductByIndex method
20:11:31 [TestNG-test-Test-1] INFO  verifyingDisplayTypeFilterFunctionality_Laptop_20-03-11 - [verifyingDisplayTypeFilterFunctionality_Laptop_20-03-11] Within smoothScrollToElement method
20:11:31 [TestNG-test-Test-1] INFO  verifyingDisplayTypeFilterFunctionality_Laptop_20-03-11 - [verifyingDisplayTypeFilterFunctionality_Laptop_20-03-11] Within safeFindElement method
20:11:31 [TestNG-test-Test-1] INFO  verifyingDisplayTypeFilterFunctionality_Laptop_20-03-11 - [verifyingDisplayTypeFilterFunctionality_Laptop_20-03-11]Found the element returning it ,element ->[[ChromeDriver: chrome on windows (6c264afaf05195094f91edece5bdd6a6)] -> xpath: (//div[@data-cy='title-recipe'])[16]]
20:11:31 [TestNG-test-Test-1] INFO  verifyingDisplayTypeFilterFunctionality_Laptop_20-03-11 - [verifyingDisplayTypeFilterFunctionality_Laptop_20-03-11] Successfully scrolled to element: By.xpath: (//div[@data-cy='title-recipe'])[16]
20:11:31 [TestNG-test-Test-1] INFO  verifyingDisplayTypeFilterFunctionality_Laptop_20-03-11 - [verifyingDisplayTypeFilterFunctionality_Laptop_20-03-11] Getting product by index in productNameListingPage loop
20:11:31 [TestNG-test-Test-1] INFO  verifyingDisplayTypeFilterFunctionality_Laptop_20-03-11 - [verifyingDisplayTypeFilterFunctionality_Laptop_20-03-11] Opened product in new tab via Ctrl+Click inside productNameListingPage loop
20:11:31 [TestNG-test-Test-1] INFO  verifyingDisplayTypeFilterFunctionality_Laptop_20-03-11 - [verifyingDisplayTypeFilterFunctionality_Laptop_20-03-11] Waiting for new window to open...
20:11:32 [TestNG-test-Test-1] INFO  verifyingDisplayTypeFilterFunctionality_Laptop_20-03-11 - [verifyingDisplayTypeFilterFunctionality_Laptop_20-03-11] Switched to new window -> 9DEA76816CEBDB62D6D3F913B6342237
20:11:32 [TestNG-test-Test-1] INFO  verifyingDisplayTypeFilterFunctionality_Laptop_20-03-11 - [verifyingDisplayTypeFilterFunctionality_Laptop_20-03-11] Swithcing to the new window  within productNameListingPage loop
20:11:32 [TestNG-test-Test-1] INFO  verifyingDisplayTypeFilterFunctionality_Laptop_20-03-11 - [verifyingDisplayTypeFilterFunctionality_Laptop_20-03-11] Clicked product name to open in new tab from productNameListingPage loop
20:11:32 [TestNG-test-Test-1] INFO  verifyingDisplayTypeFilterFunctionality_Laptop_20-03-11 - [verifyingDisplayTypeFilterFunctionality_Laptop_20-03-11] Within safeFindElement method
20:11:38 [TestNG-test-Test-1] INFO  verifyingDisplayTypeFilterFunctionality_Laptop_20-03-11 - [verifyingDisplayTypeFilterFunctionality_Laptop_20-03-11]Found the element returning it ,element ->[[ChromeDriver: chrome on windows (6c264afaf05195094f91edece5bdd6a6)] -> xpath: //span[@id='productTitle']]
20:11:38 [TestNG-test-Test-1] INFO  verifyingDisplayTypeFilterFunctionality_Laptop_20-03-11 - [verifyingDisplayTypeFilterFunctionality_Laptop_20-03-11] Within safeFindElement method
20:11:39 [TestNG-test-Test-1] INFO  verifyingDisplayTypeFilterFunctionality_Laptop_20-03-11 - [verifyingDisplayTypeFilterFunctionality_Laptop_20-03-11]Found the element returning it ,element ->[[ChromeDriver: chrome on windows (6c264afaf05195094f91edece5bdd6a6)] -> xpath: //div[@class='a-section a-spacing-small a-spacing-top-small']]
20:11:39 [TestNG-test-Test-1] INFO  verifyingDisplayTypeFilterFunctionality_Laptop_20-03-11 - [verifyingDisplayTypeFilterFunctionality_Laptop_20-03-11] Within safeFindElement method
20:11:39 [TestNG-test-Test-1] INFO  verifyingDisplayTypeFilterFunctionality_Laptop_20-03-11 - [verifyingDisplayTypeFilterFunctionality_Laptop_20-03-11]Found the element returning it ,element ->[[ChromeDriver: chrome on windows (6c264afaf05195094f91edece5bdd6a6)] -> xpath: //div[@id='feature-bullets']]
20:11:39 [TestNG-test-Test-1] INFO  verifyingDisplayTypeFilterFunctionality_Laptop_20-03-11 - [verifyingDisplayTypeFilterFunctionality_Laptop_20-03-11] Within safeFindElement method
20:11:39 [TestNG-test-Test-1] INFO  verifyingDisplayTypeFilterFunctionality_Laptop_20-03-11 - [verifyingDisplayTypeFilterFunctionality_Laptop_20-03-11]Found the element returning it ,element ->[[ChromeDriver: chrome on windows (6c264afaf05195094f91edece5bdd6a6)] -> xpath: //div[@id='prodDetails']]
20:11:39 [TestNG-test-Test-1] INFO  verifyingDisplayTypeFilterFunctionality_Laptop_20-03-11 - [verifyingDisplayTypeFilterFunctionality_Laptop_20-03-11] Extracting 'name' , 'keyFeatures', 'about' , 'techDetails' within productNameListingPage loop
20:11:39 [TestNG-test-Test-1] INFO  verifyingDisplayTypeFilterFunctionality_Laptop_20-03-11 - [verifyingDisplayTypeFilterFunctionality_Laptop_20-03-11] Waiting until element is visible in viewport
20:11:50 [TestNG-test-Test-1] INFO  verifyingDisplayTypeFilterFunctionality_Laptop_20-03-11 - [verifyingDisplayTypeFilterFunctionality_Laptop_20-03-11] Within smoothScrollToElement method
20:11:50 [TestNG-test-Test-1] INFO  verifyingDisplayTypeFilterFunctionality_Laptop_20-03-11 - [verifyingDisplayTypeFilterFunctionality_Laptop_20-03-11] Within safeFindElement method
20:11:50 [TestNG-test-Test-1] INFO  verifyingDisplayTypeFilterFunctionality_Laptop_20-03-11 - [verifyingDisplayTypeFilterFunctionality_Laptop_20-03-11]Found the element returning it ,element ->[[ChromeDriver: chrome on windows (6c264afaf05195094f91edece5bdd6a6)] -> xpath: //a[@id='seeMoreDetailsLink']]
20:11:50 [TestNG-test-Test-1] INFO  verifyingDisplayTypeFilterFunctionality_Laptop_20-03-11 - [verifyingDisplayTypeFilterFunctionality_Laptop_20-03-11] Successfully scrolled to element: By.xpath: //a[@id='seeMoreDetailsLink']
20:11:50 [TestNG-test-Test-1] INFO  verifyingDisplayTypeFilterFunctionality_Laptop_20-03-11 - [verifyingDisplayTypeFilterFunctionality_Laptop_20-03-11] Within safeClick method
20:11:50 [TestNG-test-Test-1] INFO  verifyingDisplayTypeFilterFunctionality_Laptop_20-03-11 - [verifyingDisplayTypeFilterFunctionality_Laptop_20-03-11] Clicked the  [[ChromeDriver: chrome on windows (6c264afaf05195094f91edece5bdd6a6)] -> xpath: //a[@id='seeMoreDetailsLink']]   using safeClick
20:11:50 [TestNG-test-Test-1] INFO  verifyingDisplayTypeFilterFunctionality_Laptop_20-03-11 - [verifyingDisplayTypeFilterFunctionality_Laptop_20-03-11] Within try block for clicking see more deatils within productNameListingPage loop
20:11:50 [TestNG-test-Test-1] INFO  verifyingDisplayTypeFilterFunctionality_Laptop_20-03-11 - [verifyingDisplayTypeFilterFunctionality_Laptop_20-03-11] Within closeCurrentWindowAndSwitchBack method
20:11:50 [TestNG-test-Test-1] INFO  verifyingDisplayTypeFilterFunctionality_Laptop_20-03-11 - [verifyingDisplayTypeFilterFunctionality_Laptop_20-03-11] Total open windows/tabs count -> 2
20:11:50 [TestNG-test-Test-1] INFO  verifyingDisplayTypeFilterFunctionality_Laptop_20-03-11 - [verifyingDisplayTypeFilterFunctionality_Laptop_20-03-11] Original window handle -> 314D7369A7559D1F60EDBA893E955B9C
20:11:50 [TestNG-test-Test-1] INFO  verifyingDisplayTypeFilterFunctionality_Laptop_20-03-11 - [verifyingDisplayTypeFilterFunctionality_Laptop_20-03-11] Found new tab/window handle -> 9DEA76816CEBDB62D6D3F913B6342237 (will be closed)
20:11:50 [TestNG-test-Test-1] INFO  verifyingDisplayTypeFilterFunctionality_Laptop_20-03-11 - [verifyingDisplayTypeFilterFunctionality_Laptop_20-03-11] Successfully switched to new tab/window -> 9DEA76816CEBDB62D6D3F913B6342237
20:11:51 [TestNG-test-Test-1] INFO  verifyingDisplayTypeFilterFunctionality_Laptop_20-03-11 - [verifyingDisplayTypeFilterFunctionality_Laptop_20-03-11] Closed the newly opened tab/window -> 9DEA76816CEBDB62D6D3F913B6342237
20:11:51 [TestNG-test-Test-1] INFO  verifyingDisplayTypeFilterFunctionality_Laptop_20-03-11 - [verifyingDisplayTypeFilterFunctionality_Laptop_20-03-11] Switched back to the original window -> 314D7369A7559D1F60EDBA893E955B9C
20:11:51 [TestNG-test-Test-1] INFO  verifyingDisplayTypeFilterFunctionality_Laptop_20-03-11 - [verifyingDisplayTypeFilterFunctionality_Laptop_20-03-11]  going back to product listing via closeCurrentWindowAndSwitchBack 
20:11:51 [TestNG-test-Test-1] INFO  verifyingDisplayTypeFilterFunctionality_Laptop_20-03-11 - [verifyingDisplayTypeFilterFunctionality_Laptop_20-03-11]  Added 'filter','title','keyFeatures', 'about', 'techDetails' into the Map -> productResult
20:11:51 [TestNG-test-Test-1] INFO  verifyingDisplayTypeFilterFunctionality_Laptop_20-03-11 - [verifyingDisplayTypeFilterFunctionality_Laptop_20-03-11]  Added 'productResult' Map into the 'results' i.e list of maps 
20:11:51 [TestNG-test-Test-1] INFO  verifyingDisplayTypeFilterFunctionality_Laptop_20-03-11 - [verifyingDisplayTypeFilterFunctionality_Laptop_20-03-11]==========================================================================================================
20:11:51 [TestNG-test-Test-1] INFO  verifyingDisplayTypeFilterFunctionality_Laptop_20-03-11 - [verifyingDisplayTypeFilterFunctionality_Laptop_20-03-11] Within safeFindElements 
20:11:51 [TestNG-test-Test-1] INFO  verifyingDisplayTypeFilterFunctionality_Laptop_20-03-11 - [verifyingDisplayTypeFilterFunctionality_Laptop_20-03-11] Returning the  [[[ChromeDriver: chrome on windows (6c264afaf05195094f91edece5bdd6a6)] -> xpath: //div[@data-cy='title-recipe']], [[ChromeDriver: chrome on windows (6c264afaf05195094f91edece5bdd6a6)] -> xpath: //div[@data-cy='title-recipe']], [[ChromeDriver: chrome on windows (6c264afaf05195094f91edece5bdd6a6)] -> xpath: //div[@data-cy='title-recipe']], [[ChromeDriver: chrome on windows (6c264afaf05195094f91edece5bdd6a6)] -> xpath: //div[@data-cy='title-recipe']], [[ChromeDriver: chrome on windows (6c264afaf05195094f91edece5bdd6a6)] -> xpath: //div[@data-cy='title-recipe']], [[ChromeDriver: chrome on windows (6c264afaf05195094f91edece5bdd6a6)] -> xpath: //div[@data-cy='title-recipe']], [[ChromeDriver: chrome on windows (6c264afaf05195094f91edece5bdd6a6)] -> xpath: //div[@data-cy='title-recipe']], [[ChromeDriver: chrome on windows (6c264afaf05195094f91edece5bdd6a6)] -> xpath: //div[@data-cy='title-recipe']], [[ChromeDriver: chrome on windows (6c264afaf05195094f91edece5bdd6a6)] -> xpath: //div[@data-cy='title-recipe']], [[ChromeDriver: chrome on windows (6c264afaf05195094f91edece5bdd6a6)] -> xpath: //div[@data-cy='title-recipe']], [[ChromeDriver: chrome on windows (6c264afaf05195094f91edece5bdd6a6)] -> xpath: //div[@data-cy='title-recipe']], [[ChromeDriver: chrome on windows (6c264afaf05195094f91edece5bdd6a6)] -> xpath: //div[@data-cy='title-recipe']], [[ChromeDriver: chrome on windows (6c264afaf05195094f91edece5bdd6a6)] -> xpath: //div[@data-cy='title-recipe']], [[ChromeDriver: chrome on windows (6c264afaf05195094f91edece5bdd6a6)] -> xpath: //div[@data-cy='title-recipe']], [[ChromeDriver: chrome on windows (6c264afaf05195094f91edece5bdd6a6)] -> xpath: //div[@data-cy='title-recipe']], [[ChromeDriver: chrome on windows (6c264afaf05195094f91edece5bdd6a6)] -> xpath: //div[@data-cy='title-recipe']], [[ChromeDriver: chrome on windows (6c264afaf05195094f91edece5bdd6a6)] -> xpath: //div[@data-cy='title-recipe']], [[ChromeDriver: chrome on windows (6c264afaf05195094f91edece5bdd6a6)] -> xpath: //div[@data-cy='title-recipe']], [[ChromeDriver: chrome on windows (6c264afaf05195094f91edece5bdd6a6)] -> xpath: //div[@data-cy='title-recipe']], [[ChromeDriver: chrome on windows (6c264afaf05195094f91edece5bdd6a6)] -> xpath: //div[@data-cy='title-recipe']], [[ChromeDriver: chrome on windows (6c264afaf05195094f91edece5bdd6a6)] -> xpath: //div[@data-cy='title-recipe']], [[ChromeDriver: chrome on windows (6c264afaf05195094f91edece5bdd6a6)] -> xpath: //div[@data-cy='title-recipe']]] from the safeFindElements method
20:11:51 [TestNG-test-Test-1] INFO  verifyingDisplayTypeFilterFunctionality_Laptop_20-03-11 - [verifyingDisplayTypeFilterFunctionality_Laptop_20-03-11] Within productNameListingPage loop in applyFilterAndValidateProductsWithResult
20:11:51 [TestNG-test-Test-1] INFO  verifyingDisplayTypeFilterFunctionality_Laptop_20-03-11 - [verifyingDisplayTypeFilterFunctionality_Laptop_20-03-11] Within getProductByIndex method
20:11:51 [TestNG-test-Test-1] INFO  verifyingDisplayTypeFilterFunctionality_Laptop_20-03-11 - [verifyingDisplayTypeFilterFunctionality_Laptop_20-03-11] Within safeFindElement method
20:11:51 [TestNG-test-Test-1] INFO  verifyingDisplayTypeFilterFunctionality_Laptop_20-03-11 - [verifyingDisplayTypeFilterFunctionality_Laptop_20-03-11]Found the element returning it ,element ->[[ChromeDriver: chrome on windows (6c264afaf05195094f91edece5bdd6a6)] -> xpath: (//div[@data-cy='title-recipe'])[17]]
20:11:51 [TestNG-test-Test-1] INFO  verifyingDisplayTypeFilterFunctionality_Laptop_20-03-11 - [verifyingDisplayTypeFilterFunctionality_Laptop_20-03-11] Within getProductByIndex method
20:11:51 [TestNG-test-Test-1] INFO  verifyingDisplayTypeFilterFunctionality_Laptop_20-03-11 - [verifyingDisplayTypeFilterFunctionality_Laptop_20-03-11] Within smoothScrollToElement method
20:11:51 [TestNG-test-Test-1] INFO  verifyingDisplayTypeFilterFunctionality_Laptop_20-03-11 - [verifyingDisplayTypeFilterFunctionality_Laptop_20-03-11] Within safeFindElement method
20:11:51 [TestNG-test-Test-1] INFO  verifyingDisplayTypeFilterFunctionality_Laptop_20-03-11 - [verifyingDisplayTypeFilterFunctionality_Laptop_20-03-11]Found the element returning it ,element ->[[ChromeDriver: chrome on windows (6c264afaf05195094f91edece5bdd6a6)] -> xpath: (//div[@data-cy='title-recipe'])[17]]
20:11:51 [TestNG-test-Test-1] INFO  verifyingDisplayTypeFilterFunctionality_Laptop_20-03-11 - [verifyingDisplayTypeFilterFunctionality_Laptop_20-03-11] Successfully scrolled to element: By.xpath: (//div[@data-cy='title-recipe'])[17]
20:11:51 [TestNG-test-Test-1] INFO  verifyingDisplayTypeFilterFunctionality_Laptop_20-03-11 - [verifyingDisplayTypeFilterFunctionality_Laptop_20-03-11] Getting product by index in productNameListingPage loop
20:11:52 [TestNG-test-Test-1] INFO  verifyingDisplayTypeFilterFunctionality_Laptop_20-03-11 - [verifyingDisplayTypeFilterFunctionality_Laptop_20-03-11] Opened product in new tab via Ctrl+Click inside productNameListingPage loop
20:11:52 [TestNG-test-Test-1] INFO  verifyingDisplayTypeFilterFunctionality_Laptop_20-03-11 - [verifyingDisplayTypeFilterFunctionality_Laptop_20-03-11] Waiting for new window to open...
20:11:52 [TestNG-test-Test-1] INFO  verifyingDisplayTypeFilterFunctionality_Laptop_20-03-11 - [verifyingDisplayTypeFilterFunctionality_Laptop_20-03-11] Switched to new window -> 0124259426E1E4A728A16BF81D81604A
20:11:52 [TestNG-test-Test-1] INFO  verifyingDisplayTypeFilterFunctionality_Laptop_20-03-11 - [verifyingDisplayTypeFilterFunctionality_Laptop_20-03-11] Swithcing to the new window  within productNameListingPage loop
20:11:52 [TestNG-test-Test-1] INFO  verifyingDisplayTypeFilterFunctionality_Laptop_20-03-11 - [verifyingDisplayTypeFilterFunctionality_Laptop_20-03-11] Clicked product name to open in new tab from productNameListingPage loop
20:11:52 [TestNG-test-Test-1] INFO  verifyingDisplayTypeFilterFunctionality_Laptop_20-03-11 - [verifyingDisplayTypeFilterFunctionality_Laptop_20-03-11] Within safeFindElement method
20:11:56 [TestNG-test-Test-1] INFO  verifyingDisplayTypeFilterFunctionality_Laptop_20-03-11 - [verifyingDisplayTypeFilterFunctionality_Laptop_20-03-11]Found the element returning it ,element ->[[ChromeDriver: chrome on windows (6c264afaf05195094f91edece5bdd6a6)] -> xpath: //span[@id='productTitle']]
20:11:56 [TestNG-test-Test-1] INFO  verifyingDisplayTypeFilterFunctionality_Laptop_20-03-11 - [verifyingDisplayTypeFilterFunctionality_Laptop_20-03-11] Within safeFindElement method
20:11:56 [TestNG-test-Test-1] INFO  verifyingDisplayTypeFilterFunctionality_Laptop_20-03-11 - [verifyingDisplayTypeFilterFunctionality_Laptop_20-03-11]Found the element returning it ,element ->[[ChromeDriver: chrome on windows (6c264afaf05195094f91edece5bdd6a6)] -> xpath: //div[@class='a-section a-spacing-small a-spacing-top-small']]
20:11:56 [TestNG-test-Test-1] INFO  verifyingDisplayTypeFilterFunctionality_Laptop_20-03-11 - [verifyingDisplayTypeFilterFunctionality_Laptop_20-03-11] Within safeFindElement method
20:11:56 [TestNG-test-Test-1] INFO  verifyingDisplayTypeFilterFunctionality_Laptop_20-03-11 - [verifyingDisplayTypeFilterFunctionality_Laptop_20-03-11]Found the element returning it ,element ->[[ChromeDriver: chrome on windows (6c264afaf05195094f91edece5bdd6a6)] -> xpath: //div[@id='feature-bullets']]
20:11:56 [TestNG-test-Test-1] INFO  verifyingDisplayTypeFilterFunctionality_Laptop_20-03-11 - [verifyingDisplayTypeFilterFunctionality_Laptop_20-03-11] Within safeFindElement method
20:11:56 [TestNG-test-Test-1] INFO  verifyingDisplayTypeFilterFunctionality_Laptop_20-03-11 - [verifyingDisplayTypeFilterFunctionality_Laptop_20-03-11]Found the element returning it ,element ->[[ChromeDriver: chrome on windows (6c264afaf05195094f91edece5bdd6a6)] -> xpath: //div[@id='prodDetails']]
20:11:56 [TestNG-test-Test-1] INFO  verifyingDisplayTypeFilterFunctionality_Laptop_20-03-11 - [verifyingDisplayTypeFilterFunctionality_Laptop_20-03-11] Extracting 'name' , 'keyFeatures', 'about' , 'techDetails' within productNameListingPage loop
20:11:56 [TestNG-test-Test-1] INFO  verifyingDisplayTypeFilterFunctionality_Laptop_20-03-11 - [verifyingDisplayTypeFilterFunctionality_Laptop_20-03-11] Waiting until element is visible in viewport
20:12:07 [TestNG-test-Test-1] INFO  verifyingDisplayTypeFilterFunctionality_Laptop_20-03-11 - [verifyingDisplayTypeFilterFunctionality_Laptop_20-03-11] Within smoothScrollToElement method
20:12:07 [TestNG-test-Test-1] INFO  verifyingDisplayTypeFilterFunctionality_Laptop_20-03-11 - [verifyingDisplayTypeFilterFunctionality_Laptop_20-03-11] Within safeFindElement method
20:12:07 [TestNG-test-Test-1] INFO  verifyingDisplayTypeFilterFunctionality_Laptop_20-03-11 - [verifyingDisplayTypeFilterFunctionality_Laptop_20-03-11]Found the element returning it ,element ->[[ChromeDriver: chrome on windows (6c264afaf05195094f91edece5bdd6a6)] -> xpath: //a[@id='seeMoreDetailsLink']]
20:12:07 [TestNG-test-Test-1] INFO  verifyingDisplayTypeFilterFunctionality_Laptop_20-03-11 - [verifyingDisplayTypeFilterFunctionality_Laptop_20-03-11] Successfully scrolled to element: By.xpath: //a[@id='seeMoreDetailsLink']
20:12:07 [TestNG-test-Test-1] INFO  verifyingDisplayTypeFilterFunctionality_Laptop_20-03-11 - [verifyingDisplayTypeFilterFunctionality_Laptop_20-03-11] Within safeClick method
20:12:07 [TestNG-test-Test-1] INFO  verifyingDisplayTypeFilterFunctionality_Laptop_20-03-11 - [verifyingDisplayTypeFilterFunctionality_Laptop_20-03-11] Clicked the  [[ChromeDriver: chrome on windows (6c264afaf05195094f91edece5bdd6a6)] -> xpath: //a[@id='seeMoreDetailsLink']]   using safeClick
20:12:07 [TestNG-test-Test-1] INFO  verifyingDisplayTypeFilterFunctionality_Laptop_20-03-11 - [verifyingDisplayTypeFilterFunctionality_Laptop_20-03-11] Within try block for clicking see more deatils within productNameListingPage loop
20:12:07 [TestNG-test-Test-1] INFO  verifyingDisplayTypeFilterFunctionality_Laptop_20-03-11 - [verifyingDisplayTypeFilterFunctionality_Laptop_20-03-11] Within closeCurrentWindowAndSwitchBack method
20:12:07 [TestNG-test-Test-1] INFO  verifyingDisplayTypeFilterFunctionality_Laptop_20-03-11 - [verifyingDisplayTypeFilterFunctionality_Laptop_20-03-11] Total open windows/tabs count -> 2
20:12:07 [TestNG-test-Test-1] INFO  verifyingDisplayTypeFilterFunctionality_Laptop_20-03-11 - [verifyingDisplayTypeFilterFunctionality_Laptop_20-03-11] Original window handle -> 314D7369A7559D1F60EDBA893E955B9C
20:12:07 [TestNG-test-Test-1] INFO  verifyingDisplayTypeFilterFunctionality_Laptop_20-03-11 - [verifyingDisplayTypeFilterFunctionality_Laptop_20-03-11] Found new tab/window handle -> 0124259426E1E4A728A16BF81D81604A (will be closed)
20:12:07 [TestNG-test-Test-1] INFO  verifyingDisplayTypeFilterFunctionality_Laptop_20-03-11 - [verifyingDisplayTypeFilterFunctionality_Laptop_20-03-11] Successfully switched to new tab/window -> 0124259426E1E4A728A16BF81D81604A
20:12:07 [TestNG-test-Test-1] INFO  verifyingDisplayTypeFilterFunctionality_Laptop_20-03-11 - [verifyingDisplayTypeFilterFunctionality_Laptop_20-03-11] Closed the newly opened tab/window -> 0124259426E1E4A728A16BF81D81604A
20:12:07 [TestNG-test-Test-1] INFO  verifyingDisplayTypeFilterFunctionality_Laptop_20-03-11 - [verifyingDisplayTypeFilterFunctionality_Laptop_20-03-11] Switched back to the original window -> 314D7369A7559D1F60EDBA893E955B9C
20:12:07 [TestNG-test-Test-1] INFO  verifyingDisplayTypeFilterFunctionality_Laptop_20-03-11 - [verifyingDisplayTypeFilterFunctionality_Laptop_20-03-11]  going back to product listing via closeCurrentWindowAndSwitchBack 
20:12:07 [TestNG-test-Test-1] INFO  verifyingDisplayTypeFilterFunctionality_Laptop_20-03-11 - [verifyingDisplayTypeFilterFunctionality_Laptop_20-03-11]  Added 'filter','title','keyFeatures', 'about', 'techDetails' into the Map -> productResult
20:12:07 [TestNG-test-Test-1] INFO  verifyingDisplayTypeFilterFunctionality_Laptop_20-03-11 - [verifyingDisplayTypeFilterFunctionality_Laptop_20-03-11]  Added 'productResult' Map into the 'results' i.e list of maps 
20:12:07 [TestNG-test-Test-1] INFO  verifyingDisplayTypeFilterFunctionality_Laptop_20-03-11 - [verifyingDisplayTypeFilterFunctionality_Laptop_20-03-11]==========================================================================================================
20:12:07 [TestNG-test-Test-1] INFO  verifyingDisplayTypeFilterFunctionality_Laptop_20-03-11 - [verifyingDisplayTypeFilterFunctionality_Laptop_20-03-11] Within safeFindElements 
20:12:07 [TestNG-test-Test-1] INFO  verifyingDisplayTypeFilterFunctionality_Laptop_20-03-11 - [verifyingDisplayTypeFilterFunctionality_Laptop_20-03-11] Returning the  [[[ChromeDriver: chrome on windows (6c264afaf05195094f91edece5bdd6a6)] -> xpath: //div[@data-cy='title-recipe']], [[ChromeDriver: chrome on windows (6c264afaf05195094f91edece5bdd6a6)] -> xpath: //div[@data-cy='title-recipe']], [[ChromeDriver: chrome on windows (6c264afaf05195094f91edece5bdd6a6)] -> xpath: //div[@data-cy='title-recipe']], [[ChromeDriver: chrome on windows (6c264afaf05195094f91edece5bdd6a6)] -> xpath: //div[@data-cy='title-recipe']], [[ChromeDriver: chrome on windows (6c264afaf05195094f91edece5bdd6a6)] -> xpath: //div[@data-cy='title-recipe']], [[ChromeDriver: chrome on windows (6c264afaf05195094f91edece5bdd6a6)] -> xpath: //div[@data-cy='title-recipe']], [[ChromeDriver: chrome on windows (6c264afaf05195094f91edece5bdd6a6)] -> xpath: //div[@data-cy='title-recipe']], [[ChromeDriver: chrome on windows (6c264afaf05195094f91edece5bdd6a6)] -> xpath: //div[@data-cy='title-recipe']], [[ChromeDriver: chrome on windows (6c264afaf05195094f91edece5bdd6a6)] -> xpath: //div[@data-cy='title-recipe']], [[ChromeDriver: chrome on windows (6c264afaf05195094f91edece5bdd6a6)] -> xpath: //div[@data-cy='title-recipe']], [[ChromeDriver: chrome on windows (6c264afaf05195094f91edece5bdd6a6)] -> xpath: //div[@data-cy='title-recipe']], [[ChromeDriver: chrome on windows (6c264afaf05195094f91edece5bdd6a6)] -> xpath: //div[@data-cy='title-recipe']], [[ChromeDriver: chrome on windows (6c264afaf05195094f91edece5bdd6a6)] -> xpath: //div[@data-cy='title-recipe']], [[ChromeDriver: chrome on windows (6c264afaf05195094f91edece5bdd6a6)] -> xpath: //div[@data-cy='title-recipe']], [[ChromeDriver: chrome on windows (6c264afaf05195094f91edece5bdd6a6)] -> xpath: //div[@data-cy='title-recipe']], [[ChromeDriver: chrome on windows (6c264afaf05195094f91edece5bdd6a6)] -> xpath: //div[@data-cy='title-recipe']], [[ChromeDriver: chrome on windows (6c264afaf05195094f91edece5bdd6a6)] -> xpath: //div[@data-cy='title-recipe']], [[ChromeDriver: chrome on windows (6c264afaf05195094f91edece5bdd6a6)] -> xpath: //div[@data-cy='title-recipe']], [[ChromeDriver: chrome on windows (6c264afaf05195094f91edece5bdd6a6)] -> xpath: //div[@data-cy='title-recipe']], [[ChromeDriver: chrome on windows (6c264afaf05195094f91edece5bdd6a6)] -> xpath: //div[@data-cy='title-recipe']], [[ChromeDriver: chrome on windows (6c264afaf05195094f91edece5bdd6a6)] -> xpath: //div[@data-cy='title-recipe']], [[ChromeDriver: chrome on windows (6c264afaf05195094f91edece5bdd6a6)] -> xpath: //div[@data-cy='title-recipe']]] from the safeFindElements method
20:12:07 [TestNG-test-Test-1] INFO  verifyingDisplayTypeFilterFunctionality_Laptop_20-03-11 - [verifyingDisplayTypeFilterFunctionality_Laptop_20-03-11] Within productNameListingPage loop in applyFilterAndValidateProductsWithResult
20:12:08 [TestNG-test-Test-1] INFO  verifyingDisplayTypeFilterFunctionality_Laptop_20-03-11 - [verifyingDisplayTypeFilterFunctionality_Laptop_20-03-11] Within getProductByIndex method
20:12:08 [TestNG-test-Test-1] INFO  verifyingDisplayTypeFilterFunctionality_Laptop_20-03-11 - [verifyingDisplayTypeFilterFunctionality_Laptop_20-03-11] Within safeFindElement method
20:12:08 [TestNG-test-Test-1] INFO  verifyingDisplayTypeFilterFunctionality_Laptop_20-03-11 - [verifyingDisplayTypeFilterFunctionality_Laptop_20-03-11]Found the element returning it ,element ->[[ChromeDriver: chrome on windows (6c264afaf05195094f91edece5bdd6a6)] -> xpath: (//div[@data-cy='title-recipe'])[18]]
20:12:08 [TestNG-test-Test-1] INFO  verifyingDisplayTypeFilterFunctionality_Laptop_20-03-11 - [verifyingDisplayTypeFilterFunctionality_Laptop_20-03-11] Within getProductByIndex method
20:12:08 [TestNG-test-Test-1] INFO  verifyingDisplayTypeFilterFunctionality_Laptop_20-03-11 - [verifyingDisplayTypeFilterFunctionality_Laptop_20-03-11] Within smoothScrollToElement method
20:12:08 [TestNG-test-Test-1] INFO  verifyingDisplayTypeFilterFunctionality_Laptop_20-03-11 - [verifyingDisplayTypeFilterFunctionality_Laptop_20-03-11] Within safeFindElement method
20:12:08 [TestNG-test-Test-1] INFO  verifyingDisplayTypeFilterFunctionality_Laptop_20-03-11 - [verifyingDisplayTypeFilterFunctionality_Laptop_20-03-11]Found the element returning it ,element ->[[ChromeDriver: chrome on windows (6c264afaf05195094f91edece5bdd6a6)] -> xpath: (//div[@data-cy='title-recipe'])[18]]
20:12:08 [TestNG-test-Test-1] INFO  verifyingDisplayTypeFilterFunctionality_Laptop_20-03-11 - [verifyingDisplayTypeFilterFunctionality_Laptop_20-03-11] Successfully scrolled to element: By.xpath: (//div[@data-cy='title-recipe'])[18]
20:12:08 [TestNG-test-Test-1] INFO  verifyingDisplayTypeFilterFunctionality_Laptop_20-03-11 - [verifyingDisplayTypeFilterFunctionality_Laptop_20-03-11] Getting product by index in productNameListingPage loop
20:12:09 [TestNG-test-Test-1] INFO  verifyingDisplayTypeFilterFunctionality_Laptop_20-03-11 - [verifyingDisplayTypeFilterFunctionality_Laptop_20-03-11] Opened product in new tab via Ctrl+Click inside productNameListingPage loop
20:12:09 [TestNG-test-Test-1] INFO  verifyingDisplayTypeFilterFunctionality_Laptop_20-03-11 - [verifyingDisplayTypeFilterFunctionality_Laptop_20-03-11] Waiting for new window to open...
20:12:09 [TestNG-test-Test-1] INFO  verifyingDisplayTypeFilterFunctionality_Laptop_20-03-11 - [verifyingDisplayTypeFilterFunctionality_Laptop_20-03-11] Switched to new window -> 36B7058B1AEB9A81A84D784B7E274B47
20:12:09 [TestNG-test-Test-1] INFO  verifyingDisplayTypeFilterFunctionality_Laptop_20-03-11 - [verifyingDisplayTypeFilterFunctionality_Laptop_20-03-11] Swithcing to the new window  within productNameListingPage loop
20:12:09 [TestNG-test-Test-1] INFO  verifyingDisplayTypeFilterFunctionality_Laptop_20-03-11 - [verifyingDisplayTypeFilterFunctionality_Laptop_20-03-11] Clicked product name to open in new tab from productNameListingPage loop
20:12:09 [TestNG-test-Test-1] INFO  verifyingDisplayTypeFilterFunctionality_Laptop_20-03-11 - [verifyingDisplayTypeFilterFunctionality_Laptop_20-03-11] Within safeFindElement method
20:12:13 [TestNG-test-Test-1] INFO  verifyingDisplayTypeFilterFunctionality_Laptop_20-03-11 - [verifyingDisplayTypeFilterFunctionality_Laptop_20-03-11]Found the element returning it ,element ->[[ChromeDriver: chrome on windows (6c264afaf05195094f91edece5bdd6a6)] -> xpath: //span[@id='productTitle']]
20:12:13 [TestNG-test-Test-1] INFO  verifyingDisplayTypeFilterFunctionality_Laptop_20-03-11 - [verifyingDisplayTypeFilterFunctionality_Laptop_20-03-11] Within safeFindElement method
20:12:13 [TestNG-test-Test-1] INFO  verifyingDisplayTypeFilterFunctionality_Laptop_20-03-11 - [verifyingDisplayTypeFilterFunctionality_Laptop_20-03-11]Found the element returning it ,element ->[[ChromeDriver: chrome on windows (6c264afaf05195094f91edece5bdd6a6)] -> xpath: //div[@class='a-section a-spacing-small a-spacing-top-small']]
20:12:13 [TestNG-test-Test-1] INFO  verifyingDisplayTypeFilterFunctionality_Laptop_20-03-11 - [verifyingDisplayTypeFilterFunctionality_Laptop_20-03-11] Within safeFindElement method
20:12:13 [TestNG-test-Test-1] INFO  verifyingDisplayTypeFilterFunctionality_Laptop_20-03-11 - [verifyingDisplayTypeFilterFunctionality_Laptop_20-03-11]Found the element returning it ,element ->[[ChromeDriver: chrome on windows (6c264afaf05195094f91edece5bdd6a6)] -> xpath: //div[@id='feature-bullets']]
20:12:13 [TestNG-test-Test-1] INFO  verifyingDisplayTypeFilterFunctionality_Laptop_20-03-11 - [verifyingDisplayTypeFilterFunctionality_Laptop_20-03-11] Within safeFindElement method
20:12:13 [TestNG-test-Test-1] INFO  verifyingDisplayTypeFilterFunctionality_Laptop_20-03-11 - [verifyingDisplayTypeFilterFunctionality_Laptop_20-03-11]Found the element returning it ,element ->[[ChromeDriver: chrome on windows (6c264afaf05195094f91edece5bdd6a6)] -> xpath: //div[@id='prodDetails']]
20:12:13 [TestNG-test-Test-1] INFO  verifyingDisplayTypeFilterFunctionality_Laptop_20-03-11 - [verifyingDisplayTypeFilterFunctionality_Laptop_20-03-11] Extracting 'name' , 'keyFeatures', 'about' , 'techDetails' within productNameListingPage loop
20:12:13 [TestNG-test-Test-1] INFO  verifyingDisplayTypeFilterFunctionality_Laptop_20-03-11 - [verifyingDisplayTypeFilterFunctionality_Laptop_20-03-11] Waiting until element is visible in viewport
20:12:23 [TestNG-test-Test-1] INFO  verifyingDisplayTypeFilterFunctionality_Laptop_20-03-11 - [verifyingDisplayTypeFilterFunctionality_Laptop_20-03-11] Within smoothScrollToElement method
20:12:23 [TestNG-test-Test-1] INFO  verifyingDisplayTypeFilterFunctionality_Laptop_20-03-11 - [verifyingDisplayTypeFilterFunctionality_Laptop_20-03-11] Within safeFindElement method
20:12:23 [TestNG-test-Test-1] INFO  verifyingDisplayTypeFilterFunctionality_Laptop_20-03-11 - [verifyingDisplayTypeFilterFunctionality_Laptop_20-03-11]Found the element returning it ,element ->[[ChromeDriver: chrome on windows (6c264afaf05195094f91edece5bdd6a6)] -> xpath: //a[@id='seeMoreDetailsLink']]
20:12:23 [TestNG-test-Test-1] INFO  verifyingDisplayTypeFilterFunctionality_Laptop_20-03-11 - [verifyingDisplayTypeFilterFunctionality_Laptop_20-03-11] Successfully scrolled to element: By.xpath: //a[@id='seeMoreDetailsLink']
20:12:23 [TestNG-test-Test-1] INFO  verifyingDisplayTypeFilterFunctionality_Laptop_20-03-11 - [verifyingDisplayTypeFilterFunctionality_Laptop_20-03-11] Within safeClick method
20:12:24 [TestNG-test-Test-1] INFO  verifyingDisplayTypeFilterFunctionality_Laptop_20-03-11 - [verifyingDisplayTypeFilterFunctionality_Laptop_20-03-11] Clicked the  [[ChromeDriver: chrome on windows (6c264afaf05195094f91edece5bdd6a6)] -> xpath: //a[@id='seeMoreDetailsLink']]   using safeClick
20:12:24 [TestNG-test-Test-1] INFO  verifyingDisplayTypeFilterFunctionality_Laptop_20-03-11 - [verifyingDisplayTypeFilterFunctionality_Laptop_20-03-11] Within try block for clicking see more deatils within productNameListingPage loop
20:12:24 [TestNG-test-Test-1] INFO  verifyingDisplayTypeFilterFunctionality_Laptop_20-03-11 - [verifyingDisplayTypeFilterFunctionality_Laptop_20-03-11] Within closeCurrentWindowAndSwitchBack method
20:12:24 [TestNG-test-Test-1] INFO  verifyingDisplayTypeFilterFunctionality_Laptop_20-03-11 - [verifyingDisplayTypeFilterFunctionality_Laptop_20-03-11] Total open windows/tabs count -> 2
20:12:24 [TestNG-test-Test-1] INFO  verifyingDisplayTypeFilterFunctionality_Laptop_20-03-11 - [verifyingDisplayTypeFilterFunctionality_Laptop_20-03-11] Original window handle -> 314D7369A7559D1F60EDBA893E955B9C
20:12:24 [TestNG-test-Test-1] INFO  verifyingDisplayTypeFilterFunctionality_Laptop_20-03-11 - [verifyingDisplayTypeFilterFunctionality_Laptop_20-03-11] Found new tab/window handle -> 36B7058B1AEB9A81A84D784B7E274B47 (will be closed)
20:12:24 [TestNG-test-Test-1] INFO  verifyingDisplayTypeFilterFunctionality_Laptop_20-03-11 - [verifyingDisplayTypeFilterFunctionality_Laptop_20-03-11] Successfully switched to new tab/window -> 36B7058B1AEB9A81A84D784B7E274B47
20:12:25 [TestNG-test-Test-1] INFO  verifyingDisplayTypeFilterFunctionality_Laptop_20-03-11 - [verifyingDisplayTypeFilterFunctionality_Laptop_20-03-11] Closed the newly opened tab/window -> 36B7058B1AEB9A81A84D784B7E274B47
20:12:25 [TestNG-test-Test-1] INFO  verifyingDisplayTypeFilterFunctionality_Laptop_20-03-11 - [verifyingDisplayTypeFilterFunctionality_Laptop_20-03-11] Switched back to the original window -> 314D7369A7559D1F60EDBA893E955B9C
20:12:25 [TestNG-test-Test-1] INFO  verifyingDisplayTypeFilterFunctionality_Laptop_20-03-11 - [verifyingDisplayTypeFilterFunctionality_Laptop_20-03-11]  going back to product listing via closeCurrentWindowAndSwitchBack 
20:12:25 [TestNG-test-Test-1] INFO  verifyingDisplayTypeFilterFunctionality_Laptop_20-03-11 - [verifyingDisplayTypeFilterFunctionality_Laptop_20-03-11]  Added 'filter','title','keyFeatures', 'about', 'techDetails' into the Map -> productResult
20:12:25 [TestNG-test-Test-1] INFO  verifyingDisplayTypeFilterFunctionality_Laptop_20-03-11 - [verifyingDisplayTypeFilterFunctionality_Laptop_20-03-11]  Added 'productResult' Map into the 'results' i.e list of maps 
20:12:25 [TestNG-test-Test-1] INFO  verifyingDisplayTypeFilterFunctionality_Laptop_20-03-11 - [verifyingDisplayTypeFilterFunctionality_Laptop_20-03-11]==========================================================================================================
20:12:25 [TestNG-test-Test-1] INFO  verifyingDisplayTypeFilterFunctionality_Laptop_20-03-11 - [verifyingDisplayTypeFilterFunctionality_Laptop_20-03-11] Within safeFindElements 
20:12:25 [TestNG-test-Test-1] INFO  verifyingDisplayTypeFilterFunctionality_Laptop_20-03-11 - [verifyingDisplayTypeFilterFunctionality_Laptop_20-03-11] Returning the  [[[ChromeDriver: chrome on windows (6c264afaf05195094f91edece5bdd6a6)] -> xpath: //div[@data-cy='title-recipe']], [[ChromeDriver: chrome on windows (6c264afaf05195094f91edece5bdd6a6)] -> xpath: //div[@data-cy='title-recipe']], [[ChromeDriver: chrome on windows (6c264afaf05195094f91edece5bdd6a6)] -> xpath: //div[@data-cy='title-recipe']], [[ChromeDriver: chrome on windows (6c264afaf05195094f91edece5bdd6a6)] -> xpath: //div[@data-cy='title-recipe']], [[ChromeDriver: chrome on windows (6c264afaf05195094f91edece5bdd6a6)] -> xpath: //div[@data-cy='title-recipe']], [[ChromeDriver: chrome on windows (6c264afaf05195094f91edece5bdd6a6)] -> xpath: //div[@data-cy='title-recipe']], [[ChromeDriver: chrome on windows (6c264afaf05195094f91edece5bdd6a6)] -> xpath: //div[@data-cy='title-recipe']], [[ChromeDriver: chrome on windows (6c264afaf05195094f91edece5bdd6a6)] -> xpath: //div[@data-cy='title-recipe']], [[ChromeDriver: chrome on windows (6c264afaf05195094f91edece5bdd6a6)] -> xpath: //div[@data-cy='title-recipe']], [[ChromeDriver: chrome on windows (6c264afaf05195094f91edece5bdd6a6)] -> xpath: //div[@data-cy='title-recipe']], [[ChromeDriver: chrome on windows (6c264afaf05195094f91edece5bdd6a6)] -> xpath: //div[@data-cy='title-recipe']], [[ChromeDriver: chrome on windows (6c264afaf05195094f91edece5bdd6a6)] -> xpath: //div[@data-cy='title-recipe']], [[ChromeDriver: chrome on windows (6c264afaf05195094f91edece5bdd6a6)] -> xpath: //div[@data-cy='title-recipe']], [[ChromeDriver: chrome on windows (6c264afaf05195094f91edece5bdd6a6)] -> xpath: //div[@data-cy='title-recipe']], [[ChromeDriver: chrome on windows (6c264afaf05195094f91edece5bdd6a6)] -> xpath: //div[@data-cy='title-recipe']], [[ChromeDriver: chrome on windows (6c264afaf05195094f91edece5bdd6a6)] -> xpath: //div[@data-cy='title-recipe']], [[ChromeDriver: chrome on windows (6c264afaf05195094f91edece5bdd6a6)] -> xpath: //div[@data-cy='title-recipe']], [[ChromeDriver: chrome on windows (6c264afaf05195094f91edece5bdd6a6)] -> xpath: //div[@data-cy='title-recipe']], [[ChromeDriver: chrome on windows (6c264afaf05195094f91edece5bdd6a6)] -> xpath: //div[@data-cy='title-recipe']], [[ChromeDriver: chrome on windows (6c264afaf05195094f91edece5bdd6a6)] -> xpath: //div[@data-cy='title-recipe']], [[ChromeDriver: chrome on windows (6c264afaf05195094f91edece5bdd6a6)] -> xpath: //div[@data-cy='title-recipe']], [[ChromeDriver: chrome on windows (6c264afaf05195094f91edece5bdd6a6)] -> xpath: //div[@data-cy='title-recipe']]] from the safeFindElements method
20:12:25 [TestNG-test-Test-1] INFO  verifyingDisplayTypeFilterFunctionality_Laptop_20-03-11 - [verifyingDisplayTypeFilterFunctionality_Laptop_20-03-11] Within productNameListingPage loop in applyFilterAndValidateProductsWithResult
20:12:25 [TestNG-test-Test-1] INFO  verifyingDisplayTypeFilterFunctionality_Laptop_20-03-11 - [verifyingDisplayTypeFilterFunctionality_Laptop_20-03-11] Within getProductByIndex method
20:12:25 [TestNG-test-Test-1] INFO  verifyingDisplayTypeFilterFunctionality_Laptop_20-03-11 - [verifyingDisplayTypeFilterFunctionality_Laptop_20-03-11] Within safeFindElement method
20:12:26 [TestNG-test-Test-1] INFO  verifyingDisplayTypeFilterFunctionality_Laptop_20-03-11 - [verifyingDisplayTypeFilterFunctionality_Laptop_20-03-11]Found the element returning it ,element ->[[ChromeDriver: chrome on windows (6c264afaf05195094f91edece5bdd6a6)] -> xpath: (//div[@data-cy='title-recipe'])[19]]
20:12:26 [TestNG-test-Test-1] INFO  verifyingDisplayTypeFilterFunctionality_Laptop_20-03-11 - [verifyingDisplayTypeFilterFunctionality_Laptop_20-03-11] Within getProductByIndex method
20:12:26 [TestNG-test-Test-1] INFO  verifyingDisplayTypeFilterFunctionality_Laptop_20-03-11 - [verifyingDisplayTypeFilterFunctionality_Laptop_20-03-11] Within smoothScrollToElement method
20:12:26 [TestNG-test-Test-1] INFO  verifyingDisplayTypeFilterFunctionality_Laptop_20-03-11 - [verifyingDisplayTypeFilterFunctionality_Laptop_20-03-11] Within safeFindElement method
20:12:26 [TestNG-test-Test-1] INFO  verifyingDisplayTypeFilterFunctionality_Laptop_20-03-11 - [verifyingDisplayTypeFilterFunctionality_Laptop_20-03-11]Found the element returning it ,element ->[[ChromeDriver: chrome on windows (6c264afaf05195094f91edece5bdd6a6)] -> xpath: (//div[@data-cy='title-recipe'])[19]]
20:12:26 [TestNG-test-Test-1] INFO  verifyingDisplayTypeFilterFunctionality_Laptop_20-03-11 - [verifyingDisplayTypeFilterFunctionality_Laptop_20-03-11] Successfully scrolled to element: By.xpath: (//div[@data-cy='title-recipe'])[19]
20:12:26 [TestNG-test-Test-1] INFO  verifyingDisplayTypeFilterFunctionality_Laptop_20-03-11 - [verifyingDisplayTypeFilterFunctionality_Laptop_20-03-11] Getting product by index in productNameListingPage loop
20:12:26 [TestNG-test-Test-1] INFO  verifyingDisplayTypeFilterFunctionality_Laptop_20-03-11 - [verifyingDisplayTypeFilterFunctionality_Laptop_20-03-11] Opened product in new tab via Ctrl+Click inside productNameListingPage loop
20:12:26 [TestNG-test-Test-1] INFO  verifyingDisplayTypeFilterFunctionality_Laptop_20-03-11 - [verifyingDisplayTypeFilterFunctionality_Laptop_20-03-11] Waiting for new window to open...
20:12:26 [TestNG-test-Test-1] INFO  verifyingDisplayTypeFilterFunctionality_Laptop_20-03-11 - [verifyingDisplayTypeFilterFunctionality_Laptop_20-03-11] Switched to new window -> 0BA1681F441621239EEA0D1CD8F5BFC6
20:12:26 [TestNG-test-Test-1] INFO  verifyingDisplayTypeFilterFunctionality_Laptop_20-03-11 - [verifyingDisplayTypeFilterFunctionality_Laptop_20-03-11] Swithcing to the new window  within productNameListingPage loop
20:12:26 [TestNG-test-Test-1] INFO  verifyingDisplayTypeFilterFunctionality_Laptop_20-03-11 - [verifyingDisplayTypeFilterFunctionality_Laptop_20-03-11] Clicked product name to open in new tab from productNameListingPage loop
20:12:26 [TestNG-test-Test-1] INFO  verifyingDisplayTypeFilterFunctionality_Laptop_20-03-11 - [verifyingDisplayTypeFilterFunctionality_Laptop_20-03-11] Within safeFindElement method
20:12:29 [TestNG-test-Test-1] INFO  verifyingDisplayTypeFilterFunctionality_Laptop_20-03-11 - [verifyingDisplayTypeFilterFunctionality_Laptop_20-03-11]Found the element returning it ,element ->[[ChromeDriver: chrome on windows (6c264afaf05195094f91edece5bdd6a6)] -> xpath: //span[@id='productTitle']]
20:12:29 [TestNG-test-Test-1] INFO  verifyingDisplayTypeFilterFunctionality_Laptop_20-03-11 - [verifyingDisplayTypeFilterFunctionality_Laptop_20-03-11] Within safeFindElement method
20:12:29 [TestNG-test-Test-1] INFO  verifyingDisplayTypeFilterFunctionality_Laptop_20-03-11 - [verifyingDisplayTypeFilterFunctionality_Laptop_20-03-11]Found the element returning it ,element ->[[ChromeDriver: chrome on windows (6c264afaf05195094f91edece5bdd6a6)] -> xpath: //div[@class='a-section a-spacing-small a-spacing-top-small']]
20:12:29 [TestNG-test-Test-1] INFO  verifyingDisplayTypeFilterFunctionality_Laptop_20-03-11 - [verifyingDisplayTypeFilterFunctionality_Laptop_20-03-11] Within safeFindElement method
20:12:29 [TestNG-test-Test-1] INFO  verifyingDisplayTypeFilterFunctionality_Laptop_20-03-11 - [verifyingDisplayTypeFilterFunctionality_Laptop_20-03-11]Found the element returning it ,element ->[[ChromeDriver: chrome on windows (6c264afaf05195094f91edece5bdd6a6)] -> xpath: //div[@id='feature-bullets']]
20:12:29 [TestNG-test-Test-1] INFO  verifyingDisplayTypeFilterFunctionality_Laptop_20-03-11 - [verifyingDisplayTypeFilterFunctionality_Laptop_20-03-11] Within safeFindElement method
20:12:30 [TestNG-test-Test-1] INFO  verifyingDisplayTypeFilterFunctionality_Laptop_20-03-11 - [verifyingDisplayTypeFilterFunctionality_Laptop_20-03-11]Found the element returning it ,element ->[[ChromeDriver: chrome on windows (6c264afaf05195094f91edece5bdd6a6)] -> xpath: //div[@id='prodDetails']]
20:12:30 [TestNG-test-Test-1] INFO  verifyingDisplayTypeFilterFunctionality_Laptop_20-03-11 - [verifyingDisplayTypeFilterFunctionality_Laptop_20-03-11] Extracting 'name' , 'keyFeatures', 'about' , 'techDetails' within productNameListingPage loop
20:12:30 [TestNG-test-Test-1] INFO  verifyingDisplayTypeFilterFunctionality_Laptop_20-03-11 - [verifyingDisplayTypeFilterFunctionality_Laptop_20-03-11] Waiting until element is visible in viewport
20:12:40 [TestNG-test-Test-1] INFO  verifyingDisplayTypeFilterFunctionality_Laptop_20-03-11 - [verifyingDisplayTypeFilterFunctionality_Laptop_20-03-11] Within smoothScrollToElement method
20:12:40 [TestNG-test-Test-1] INFO  verifyingDisplayTypeFilterFunctionality_Laptop_20-03-11 - [verifyingDisplayTypeFilterFunctionality_Laptop_20-03-11] Within safeFindElement method
20:12:40 [TestNG-test-Test-1] INFO  verifyingDisplayTypeFilterFunctionality_Laptop_20-03-11 - [verifyingDisplayTypeFilterFunctionality_Laptop_20-03-11]Found the element returning it ,element ->[[ChromeDriver: chrome on windows (6c264afaf05195094f91edece5bdd6a6)] -> xpath: //a[@id='seeMoreDetailsLink']]
20:12:41 [TestNG-test-Test-1] INFO  verifyingDisplayTypeFilterFunctionality_Laptop_20-03-11 - [verifyingDisplayTypeFilterFunctionality_Laptop_20-03-11] Successfully scrolled to element: By.xpath: //a[@id='seeMoreDetailsLink']
20:12:41 [TestNG-test-Test-1] INFO  verifyingDisplayTypeFilterFunctionality_Laptop_20-03-11 - [verifyingDisplayTypeFilterFunctionality_Laptop_20-03-11] Within safeClick method
20:12:41 [TestNG-test-Test-1] INFO  verifyingDisplayTypeFilterFunctionality_Laptop_20-03-11 - [verifyingDisplayTypeFilterFunctionality_Laptop_20-03-11] Clicked the  [[ChromeDriver: chrome on windows (6c264afaf05195094f91edece5bdd6a6)] -> xpath: //a[@id='seeMoreDetailsLink']]   using safeClick
20:12:41 [TestNG-test-Test-1] INFO  verifyingDisplayTypeFilterFunctionality_Laptop_20-03-11 - [verifyingDisplayTypeFilterFunctionality_Laptop_20-03-11] Within try block for clicking see more deatils within productNameListingPage loop
20:12:41 [TestNG-test-Test-1] INFO  verifyingDisplayTypeFilterFunctionality_Laptop_20-03-11 - [verifyingDisplayTypeFilterFunctionality_Laptop_20-03-11] Within closeCurrentWindowAndSwitchBack method
20:12:41 [TestNG-test-Test-1] INFO  verifyingDisplayTypeFilterFunctionality_Laptop_20-03-11 - [verifyingDisplayTypeFilterFunctionality_Laptop_20-03-11] Total open windows/tabs count -> 2
20:12:41 [TestNG-test-Test-1] INFO  verifyingDisplayTypeFilterFunctionality_Laptop_20-03-11 - [verifyingDisplayTypeFilterFunctionality_Laptop_20-03-11] Original window handle -> 314D7369A7559D1F60EDBA893E955B9C
20:12:41 [TestNG-test-Test-1] INFO  verifyingDisplayTypeFilterFunctionality_Laptop_20-03-11 - [verifyingDisplayTypeFilterFunctionality_Laptop_20-03-11] Found new tab/window handle -> 0BA1681F441621239EEA0D1CD8F5BFC6 (will be closed)
20:12:41 [TestNG-test-Test-1] INFO  verifyingDisplayTypeFilterFunctionality_Laptop_20-03-11 - [verifyingDisplayTypeFilterFunctionality_Laptop_20-03-11] Successfully switched to new tab/window -> 0BA1681F441621239EEA0D1CD8F5BFC6
20:12:41 [TestNG-test-Test-1] INFO  verifyingDisplayTypeFilterFunctionality_Laptop_20-03-11 - [verifyingDisplayTypeFilterFunctionality_Laptop_20-03-11] Closed the newly opened tab/window -> 0BA1681F441621239EEA0D1CD8F5BFC6
20:12:41 [TestNG-test-Test-1] INFO  verifyingDisplayTypeFilterFunctionality_Laptop_20-03-11 - [verifyingDisplayTypeFilterFunctionality_Laptop_20-03-11] Switched back to the original window -> 314D7369A7559D1F60EDBA893E955B9C
20:12:41 [TestNG-test-Test-1] INFO  verifyingDisplayTypeFilterFunctionality_Laptop_20-03-11 - [verifyingDisplayTypeFilterFunctionality_Laptop_20-03-11]  going back to product listing via closeCurrentWindowAndSwitchBack 
20:12:41 [TestNG-test-Test-1] INFO  verifyingDisplayTypeFilterFunctionality_Laptop_20-03-11 - [verifyingDisplayTypeFilterFunctionality_Laptop_20-03-11]  Added 'filter','title','keyFeatures', 'about', 'techDetails' into the Map -> productResult
20:12:41 [TestNG-test-Test-1] INFO  verifyingDisplayTypeFilterFunctionality_Laptop_20-03-11 - [verifyingDisplayTypeFilterFunctionality_Laptop_20-03-11]  Added 'productResult' Map into the 'results' i.e list of maps 
20:12:41 [TestNG-test-Test-1] INFO  verifyingDisplayTypeFilterFunctionality_Laptop_20-03-11 - [verifyingDisplayTypeFilterFunctionality_Laptop_20-03-11]==========================================================================================================
20:12:41 [TestNG-test-Test-1] INFO  verifyingDisplayTypeFilterFunctionality_Laptop_20-03-11 - [verifyingDisplayTypeFilterFunctionality_Laptop_20-03-11] Within safeFindElements 
20:12:41 [TestNG-test-Test-1] INFO  verifyingDisplayTypeFilterFunctionality_Laptop_20-03-11 - [verifyingDisplayTypeFilterFunctionality_Laptop_20-03-11] Returning the  [[[ChromeDriver: chrome on windows (6c264afaf05195094f91edece5bdd6a6)] -> xpath: //div[@data-cy='title-recipe']], [[ChromeDriver: chrome on windows (6c264afaf05195094f91edece5bdd6a6)] -> xpath: //div[@data-cy='title-recipe']], [[ChromeDriver: chrome on windows (6c264afaf05195094f91edece5bdd6a6)] -> xpath: //div[@data-cy='title-recipe']], [[ChromeDriver: chrome on windows (6c264afaf05195094f91edece5bdd6a6)] -> xpath: //div[@data-cy='title-recipe']], [[ChromeDriver: chrome on windows (6c264afaf05195094f91edece5bdd6a6)] -> xpath: //div[@data-cy='title-recipe']], [[ChromeDriver: chrome on windows (6c264afaf05195094f91edece5bdd6a6)] -> xpath: //div[@data-cy='title-recipe']], [[ChromeDriver: chrome on windows (6c264afaf05195094f91edece5bdd6a6)] -> xpath: //div[@data-cy='title-recipe']], [[ChromeDriver: chrome on windows (6c264afaf05195094f91edece5bdd6a6)] -> xpath: //div[@data-cy='title-recipe']], [[ChromeDriver: chrome on windows (6c264afaf05195094f91edece5bdd6a6)] -> xpath: //div[@data-cy='title-recipe']], [[ChromeDriver: chrome on windows (6c264afaf05195094f91edece5bdd6a6)] -> xpath: //div[@data-cy='title-recipe']], [[ChromeDriver: chrome on windows (6c264afaf05195094f91edece5bdd6a6)] -> xpath: //div[@data-cy='title-recipe']], [[ChromeDriver: chrome on windows (6c264afaf05195094f91edece5bdd6a6)] -> xpath: //div[@data-cy='title-recipe']], [[ChromeDriver: chrome on windows (6c264afaf05195094f91edece5bdd6a6)] -> xpath: //div[@data-cy='title-recipe']], [[ChromeDriver: chrome on windows (6c264afaf05195094f91edece5bdd6a6)] -> xpath: //div[@data-cy='title-recipe']], [[ChromeDriver: chrome on windows (6c264afaf05195094f91edece5bdd6a6)] -> xpath: //div[@data-cy='title-recipe']], [[ChromeDriver: chrome on windows (6c264afaf05195094f91edece5bdd6a6)] -> xpath: //div[@data-cy='title-recipe']], [[ChromeDriver: chrome on windows (6c264afaf05195094f91edece5bdd6a6)] -> xpath: //div[@data-cy='title-recipe']], [[ChromeDriver: chrome on windows (6c264afaf05195094f91edece5bdd6a6)] -> xpath: //div[@data-cy='title-recipe']], [[ChromeDriver: chrome on windows (6c264afaf05195094f91edece5bdd6a6)] -> xpath: //div[@data-cy='title-recipe']], [[ChromeDriver: chrome on windows (6c264afaf05195094f91edece5bdd6a6)] -> xpath: //div[@data-cy='title-recipe']], [[ChromeDriver: chrome on windows (6c264afaf05195094f91edece5bdd6a6)] -> xpath: //div[@data-cy='title-recipe']], [[ChromeDriver: chrome on windows (6c264afaf05195094f91edece5bdd6a6)] -> xpath: //div[@data-cy='title-recipe']]] from the safeFindElements method
20:12:41 [TestNG-test-Test-1] INFO  verifyingDisplayTypeFilterFunctionality_Laptop_20-03-11 - [verifyingDisplayTypeFilterFunctionality_Laptop_20-03-11] Within productNameListingPage loop in applyFilterAndValidateProductsWithResult
20:12:41 [TestNG-test-Test-1] INFO  verifyingDisplayTypeFilterFunctionality_Laptop_20-03-11 - [verifyingDisplayTypeFilterFunctionality_Laptop_20-03-11] Within getProductByIndex method
20:12:41 [TestNG-test-Test-1] INFO  verifyingDisplayTypeFilterFunctionality_Laptop_20-03-11 - [verifyingDisplayTypeFilterFunctionality_Laptop_20-03-11] Within safeFindElement method
20:12:41 [TestNG-test-Test-1] INFO  verifyingDisplayTypeFilterFunctionality_Laptop_20-03-11 - [verifyingDisplayTypeFilterFunctionality_Laptop_20-03-11]Found the element returning it ,element ->[[ChromeDriver: chrome on windows (6c264afaf05195094f91edece5bdd6a6)] -> xpath: (//div[@data-cy='title-recipe'])[20]]
20:12:41 [TestNG-test-Test-1] INFO  verifyingDisplayTypeFilterFunctionality_Laptop_20-03-11 - [verifyingDisplayTypeFilterFunctionality_Laptop_20-03-11] Within getProductByIndex method
20:12:41 [TestNG-test-Test-1] INFO  verifyingDisplayTypeFilterFunctionality_Laptop_20-03-11 - [verifyingDisplayTypeFilterFunctionality_Laptop_20-03-11] Within smoothScrollToElement method
20:12:41 [TestNG-test-Test-1] INFO  verifyingDisplayTypeFilterFunctionality_Laptop_20-03-11 - [verifyingDisplayTypeFilterFunctionality_Laptop_20-03-11] Within safeFindElement method
20:12:41 [TestNG-test-Test-1] INFO  verifyingDisplayTypeFilterFunctionality_Laptop_20-03-11 - [verifyingDisplayTypeFilterFunctionality_Laptop_20-03-11]Found the element returning it ,element ->[[ChromeDriver: chrome on windows (6c264afaf05195094f91edece5bdd6a6)] -> xpath: (//div[@data-cy='title-recipe'])[20]]
20:12:41 [TestNG-test-Test-1] INFO  verifyingDisplayTypeFilterFunctionality_Laptop_20-03-11 - [verifyingDisplayTypeFilterFunctionality_Laptop_20-03-11] Successfully scrolled to element: By.xpath: (//div[@data-cy='title-recipe'])[20]
20:12:41 [TestNG-test-Test-1] INFO  verifyingDisplayTypeFilterFunctionality_Laptop_20-03-11 - [verifyingDisplayTypeFilterFunctionality_Laptop_20-03-11] Getting product by index in productNameListingPage loop
20:12:42 [TestNG-test-Test-1] INFO  verifyingDisplayTypeFilterFunctionality_Laptop_20-03-11 - [verifyingDisplayTypeFilterFunctionality_Laptop_20-03-11] Opened product in new tab via Ctrl+Click inside productNameListingPage loop
20:12:42 [TestNG-test-Test-1] INFO  verifyingDisplayTypeFilterFunctionality_Laptop_20-03-11 - [verifyingDisplayTypeFilterFunctionality_Laptop_20-03-11] Waiting for new window to open...
20:12:42 [TestNG-test-Test-1] INFO  verifyingDisplayTypeFilterFunctionality_Laptop_20-03-11 - [verifyingDisplayTypeFilterFunctionality_Laptop_20-03-11] Switched to new window -> F78D93460EC755AA9954996C98D0BB60
20:12:42 [TestNG-test-Test-1] INFO  verifyingDisplayTypeFilterFunctionality_Laptop_20-03-11 - [verifyingDisplayTypeFilterFunctionality_Laptop_20-03-11] Swithcing to the new window  within productNameListingPage loop
20:12:42 [TestNG-test-Test-1] INFO  verifyingDisplayTypeFilterFunctionality_Laptop_20-03-11 - [verifyingDisplayTypeFilterFunctionality_Laptop_20-03-11] Clicked product name to open in new tab from productNameListingPage loop
20:12:42 [TestNG-test-Test-1] INFO  verifyingDisplayTypeFilterFunctionality_Laptop_20-03-11 - [verifyingDisplayTypeFilterFunctionality_Laptop_20-03-11] Within safeFindElement method
20:12:45 [TestNG-test-Test-1] INFO  verifyingDisplayTypeFilterFunctionality_Laptop_20-03-11 - [verifyingDisplayTypeFilterFunctionality_Laptop_20-03-11]Found the element returning it ,element ->[[ChromeDriver: chrome on windows (6c264afaf05195094f91edece5bdd6a6)] -> xpath: //span[@id='productTitle']]
20:12:45 [TestNG-test-Test-1] INFO  verifyingDisplayTypeFilterFunctionality_Laptop_20-03-11 - [verifyingDisplayTypeFilterFunctionality_Laptop_20-03-11] Within safeFindElement method
20:12:45 [TestNG-test-Test-1] INFO  verifyingDisplayTypeFilterFunctionality_Laptop_20-03-11 - [verifyingDisplayTypeFilterFunctionality_Laptop_20-03-11]Found the element returning it ,element ->[[ChromeDriver: chrome on windows (6c264afaf05195094f91edece5bdd6a6)] -> xpath: //div[@class='a-section a-spacing-small a-spacing-top-small']]
20:12:45 [TestNG-test-Test-1] INFO  verifyingDisplayTypeFilterFunctionality_Laptop_20-03-11 - [verifyingDisplayTypeFilterFunctionality_Laptop_20-03-11] Within safeFindElement method
20:12:45 [TestNG-test-Test-1] INFO  verifyingDisplayTypeFilterFunctionality_Laptop_20-03-11 - [verifyingDisplayTypeFilterFunctionality_Laptop_20-03-11]Found the element returning it ,element ->[[ChromeDriver: chrome on windows (6c264afaf05195094f91edece5bdd6a6)] -> xpath: //div[@id='feature-bullets']]
20:12:45 [TestNG-test-Test-1] INFO  verifyingDisplayTypeFilterFunctionality_Laptop_20-03-11 - [verifyingDisplayTypeFilterFunctionality_Laptop_20-03-11] Within safeFindElement method
20:12:45 [TestNG-test-Test-1] INFO  verifyingDisplayTypeFilterFunctionality_Laptop_20-03-11 - [verifyingDisplayTypeFilterFunctionality_Laptop_20-03-11]Found the element returning it ,element ->[[ChromeDriver: chrome on windows (6c264afaf05195094f91edece5bdd6a6)] -> xpath: //div[@id='prodDetails']]
20:12:46 [TestNG-test-Test-1] INFO  verifyingDisplayTypeFilterFunctionality_Laptop_20-03-11 - [verifyingDisplayTypeFilterFunctionality_Laptop_20-03-11] Extracting 'name' , 'keyFeatures', 'about' , 'techDetails' within productNameListingPage loop
20:12:46 [TestNG-test-Test-1] INFO  verifyingDisplayTypeFilterFunctionality_Laptop_20-03-11 - [verifyingDisplayTypeFilterFunctionality_Laptop_20-03-11] Waiting until element is visible in viewport
20:12:56 [TestNG-test-Test-1] INFO  verifyingDisplayTypeFilterFunctionality_Laptop_20-03-11 - [verifyingDisplayTypeFilterFunctionality_Laptop_20-03-11] Within smoothScrollToElement method
20:12:56 [TestNG-test-Test-1] INFO  verifyingDisplayTypeFilterFunctionality_Laptop_20-03-11 - [verifyingDisplayTypeFilterFunctionality_Laptop_20-03-11] Within safeFindElement method
20:12:56 [TestNG-test-Test-1] INFO  verifyingDisplayTypeFilterFunctionality_Laptop_20-03-11 - [verifyingDisplayTypeFilterFunctionality_Laptop_20-03-11]Found the element returning it ,element ->[[ChromeDriver: chrome on windows (6c264afaf05195094f91edece5bdd6a6)] -> xpath: //a[@id='seeMoreDetailsLink']]
20:12:56 [TestNG-test-Test-1] INFO  verifyingDisplayTypeFilterFunctionality_Laptop_20-03-11 - [verifyingDisplayTypeFilterFunctionality_Laptop_20-03-11] Successfully scrolled to element: By.xpath: //a[@id='seeMoreDetailsLink']
20:12:56 [TestNG-test-Test-1] INFO  verifyingDisplayTypeFilterFunctionality_Laptop_20-03-11 - [verifyingDisplayTypeFilterFunctionality_Laptop_20-03-11] Within safeClick method
20:12:56 [TestNG-test-Test-1] INFO  verifyingDisplayTypeFilterFunctionality_Laptop_20-03-11 - [verifyingDisplayTypeFilterFunctionality_Laptop_20-03-11] Clicked the  [[ChromeDriver: chrome on windows (6c264afaf05195094f91edece5bdd6a6)] -> xpath: //a[@id='seeMoreDetailsLink']]   using safeClick
20:12:56 [TestNG-test-Test-1] INFO  verifyingDisplayTypeFilterFunctionality_Laptop_20-03-11 - [verifyingDisplayTypeFilterFunctionality_Laptop_20-03-11] Within try block for clicking see more deatils within productNameListingPage loop
20:12:56 [TestNG-test-Test-1] INFO  verifyingDisplayTypeFilterFunctionality_Laptop_20-03-11 - [verifyingDisplayTypeFilterFunctionality_Laptop_20-03-11] Within closeCurrentWindowAndSwitchBack method
20:12:56 [TestNG-test-Test-1] INFO  verifyingDisplayTypeFilterFunctionality_Laptop_20-03-11 - [verifyingDisplayTypeFilterFunctionality_Laptop_20-03-11] Total open windows/tabs count -> 2
20:12:56 [TestNG-test-Test-1] INFO  verifyingDisplayTypeFilterFunctionality_Laptop_20-03-11 - [verifyingDisplayTypeFilterFunctionality_Laptop_20-03-11] Original window handle -> 314D7369A7559D1F60EDBA893E955B9C
20:12:56 [TestNG-test-Test-1] INFO  verifyingDisplayTypeFilterFunctionality_Laptop_20-03-11 - [verifyingDisplayTypeFilterFunctionality_Laptop_20-03-11] Found new tab/window handle -> F78D93460EC755AA9954996C98D0BB60 (will be closed)
20:12:56 [TestNG-test-Test-1] INFO  verifyingDisplayTypeFilterFunctionality_Laptop_20-03-11 - [verifyingDisplayTypeFilterFunctionality_Laptop_20-03-11] Successfully switched to new tab/window -> F78D93460EC755AA9954996C98D0BB60
20:12:56 [TestNG-test-Test-1] INFO  verifyingDisplayTypeFilterFunctionality_Laptop_20-03-11 - [verifyingDisplayTypeFilterFunctionality_Laptop_20-03-11] Closed the newly opened tab/window -> F78D93460EC755AA9954996C98D0BB60
20:12:56 [TestNG-test-Test-1] INFO  verifyingDisplayTypeFilterFunctionality_Laptop_20-03-11 - [verifyingDisplayTypeFilterFunctionality_Laptop_20-03-11] Switched back to the original window -> 314D7369A7559D1F60EDBA893E955B9C
20:12:56 [TestNG-test-Test-1] INFO  verifyingDisplayTypeFilterFunctionality_Laptop_20-03-11 - [verifyingDisplayTypeFilterFunctionality_Laptop_20-03-11]  going back to product listing via closeCurrentWindowAndSwitchBack 
20:12:56 [TestNG-test-Test-1] INFO  verifyingDisplayTypeFilterFunctionality_Laptop_20-03-11 - [verifyingDisplayTypeFilterFunctionality_Laptop_20-03-11]  Added 'filter','title','keyFeatures', 'about', 'techDetails' into the Map -> productResult
20:12:56 [TestNG-test-Test-1] INFO  verifyingDisplayTypeFilterFunctionality_Laptop_20-03-11 - [verifyingDisplayTypeFilterFunctionality_Laptop_20-03-11]  Added 'productResult' Map into the 'results' i.e list of maps 
20:12:56 [TestNG-test-Test-1] INFO  verifyingDisplayTypeFilterFunctionality_Laptop_20-03-11 - [verifyingDisplayTypeFilterFunctionality_Laptop_20-03-11]==========================================================================================================
20:12:56 [TestNG-test-Test-1] INFO  verifyingDisplayTypeFilterFunctionality_Laptop_20-03-11 - [verifyingDisplayTypeFilterFunctionality_Laptop_20-03-11] Within safeFindElements 
20:12:56 [TestNG-test-Test-1] INFO  verifyingDisplayTypeFilterFunctionality_Laptop_20-03-11 - [verifyingDisplayTypeFilterFunctionality_Laptop_20-03-11] Returning the  [[[ChromeDriver: chrome on windows (6c264afaf05195094f91edece5bdd6a6)] -> xpath: //div[@data-cy='title-recipe']], [[ChromeDriver: chrome on windows (6c264afaf05195094f91edece5bdd6a6)] -> xpath: //div[@data-cy='title-recipe']], [[ChromeDriver: chrome on windows (6c264afaf05195094f91edece5bdd6a6)] -> xpath: //div[@data-cy='title-recipe']], [[ChromeDriver: chrome on windows (6c264afaf05195094f91edece5bdd6a6)] -> xpath: //div[@data-cy='title-recipe']], [[ChromeDriver: chrome on windows (6c264afaf05195094f91edece5bdd6a6)] -> xpath: //div[@data-cy='title-recipe']], [[ChromeDriver: chrome on windows (6c264afaf05195094f91edece5bdd6a6)] -> xpath: //div[@data-cy='title-recipe']], [[ChromeDriver: chrome on windows (6c264afaf05195094f91edece5bdd6a6)] -> xpath: //div[@data-cy='title-recipe']], [[ChromeDriver: chrome on windows (6c264afaf05195094f91edece5bdd6a6)] -> xpath: //div[@data-cy='title-recipe']], [[ChromeDriver: chrome on windows (6c264afaf05195094f91edece5bdd6a6)] -> xpath: //div[@data-cy='title-recipe']], [[ChromeDriver: chrome on windows (6c264afaf05195094f91edece5bdd6a6)] -> xpath: //div[@data-cy='title-recipe']], [[ChromeDriver: chrome on windows (6c264afaf05195094f91edece5bdd6a6)] -> xpath: //div[@data-cy='title-recipe']], [[ChromeDriver: chrome on windows (6c264afaf05195094f91edece5bdd6a6)] -> xpath: //div[@data-cy='title-recipe']], [[ChromeDriver: chrome on windows (6c264afaf05195094f91edece5bdd6a6)] -> xpath: //div[@data-cy='title-recipe']], [[ChromeDriver: chrome on windows (6c264afaf05195094f91edece5bdd6a6)] -> xpath: //div[@data-cy='title-recipe']], [[ChromeDriver: chrome on windows (6c264afaf05195094f91edece5bdd6a6)] -> xpath: //div[@data-cy='title-recipe']], [[ChromeDriver: chrome on windows (6c264afaf05195094f91edece5bdd6a6)] -> xpath: //div[@data-cy='title-recipe']], [[ChromeDriver: chrome on windows (6c264afaf05195094f91edece5bdd6a6)] -> xpath: //div[@data-cy='title-recipe']], [[ChromeDriver: chrome on windows (6c264afaf05195094f91edece5bdd6a6)] -> xpath: //div[@data-cy='title-recipe']], [[ChromeDriver: chrome on windows (6c264afaf05195094f91edece5bdd6a6)] -> xpath: //div[@data-cy='title-recipe']], [[ChromeDriver: chrome on windows (6c264afaf05195094f91edece5bdd6a6)] -> xpath: //div[@data-cy='title-recipe']], [[ChromeDriver: chrome on windows (6c264afaf05195094f91edece5bdd6a6)] -> xpath: //div[@data-cy='title-recipe']], [[ChromeDriver: chrome on windows (6c264afaf05195094f91edece5bdd6a6)] -> xpath: //div[@data-cy='title-recipe']]] from the safeFindElements method
20:12:56 [TestNG-test-Test-1] INFO  verifyingDisplayTypeFilterFunctionality_Laptop_20-03-11 - [verifyingDisplayTypeFilterFunctionality_Laptop_20-03-11] Within productNameListingPage loop in applyFilterAndValidateProductsWithResult
20:12:56 [TestNG-test-Test-1] INFO  verifyingDisplayTypeFilterFunctionality_Laptop_20-03-11 - [verifyingDisplayTypeFilterFunctionality_Laptop_20-03-11] Within getProductByIndex method
20:12:56 [TestNG-test-Test-1] INFO  verifyingDisplayTypeFilterFunctionality_Laptop_20-03-11 - [verifyingDisplayTypeFilterFunctionality_Laptop_20-03-11] Within safeFindElement method
20:12:56 [TestNG-test-Test-1] INFO  verifyingDisplayTypeFilterFunctionality_Laptop_20-03-11 - [verifyingDisplayTypeFilterFunctionality_Laptop_20-03-11]Found the element returning it ,element ->[[ChromeDriver: chrome on windows (6c264afaf05195094f91edece5bdd6a6)] -> xpath: (//div[@data-cy='title-recipe'])[21]]
20:12:56 [TestNG-test-Test-1] INFO  verifyingDisplayTypeFilterFunctionality_Laptop_20-03-11 - [verifyingDisplayTypeFilterFunctionality_Laptop_20-03-11] Within getProductByIndex method
20:12:56 [TestNG-test-Test-1] INFO  verifyingDisplayTypeFilterFunctionality_Laptop_20-03-11 - [verifyingDisplayTypeFilterFunctionality_Laptop_20-03-11] Within smoothScrollToElement method
20:12:56 [TestNG-test-Test-1] INFO  verifyingDisplayTypeFilterFunctionality_Laptop_20-03-11 - [verifyingDisplayTypeFilterFunctionality_Laptop_20-03-11] Within safeFindElement method
20:12:56 [TestNG-test-Test-1] INFO  verifyingDisplayTypeFilterFunctionality_Laptop_20-03-11 - [verifyingDisplayTypeFilterFunctionality_Laptop_20-03-11]Found the element returning it ,element ->[[ChromeDriver: chrome on windows (6c264afaf05195094f91edece5bdd6a6)] -> xpath: (//div[@data-cy='title-recipe'])[21]]
20:12:56 [TestNG-test-Test-1] INFO  verifyingDisplayTypeFilterFunctionality_Laptop_20-03-11 - [verifyingDisplayTypeFilterFunctionality_Laptop_20-03-11] Successfully scrolled to element: By.xpath: (//div[@data-cy='title-recipe'])[21]
20:12:56 [TestNG-test-Test-1] INFO  verifyingDisplayTypeFilterFunctionality_Laptop_20-03-11 - [verifyingDisplayTypeFilterFunctionality_Laptop_20-03-11] Getting product by index in productNameListingPage loop
20:12:56 [TestNG-test-Test-1] INFO  verifyingDisplayTypeFilterFunctionality_Laptop_20-03-11 - [verifyingDisplayTypeFilterFunctionality_Laptop_20-03-11] Opened product in new tab via Ctrl+Click inside productNameListingPage loop
20:12:56 [TestNG-test-Test-1] INFO  verifyingDisplayTypeFilterFunctionality_Laptop_20-03-11 - [verifyingDisplayTypeFilterFunctionality_Laptop_20-03-11] Waiting for new window to open...
20:12:57 [TestNG-test-Test-1] INFO  verifyingDisplayTypeFilterFunctionality_Laptop_20-03-11 - [verifyingDisplayTypeFilterFunctionality_Laptop_20-03-11] Switched to new window -> A5C967CAEC27F64FB6791A4439183EB0
20:12:57 [TestNG-test-Test-1] INFO  verifyingDisplayTypeFilterFunctionality_Laptop_20-03-11 - [verifyingDisplayTypeFilterFunctionality_Laptop_20-03-11] Swithcing to the new window  within productNameListingPage loop
20:12:57 [TestNG-test-Test-1] INFO  verifyingDisplayTypeFilterFunctionality_Laptop_20-03-11 - [verifyingDisplayTypeFilterFunctionality_Laptop_20-03-11] Clicked product name to open in new tab from productNameListingPage loop
20:12:57 [TestNG-test-Test-1] INFO  verifyingDisplayTypeFilterFunctionality_Laptop_20-03-11 - [verifyingDisplayTypeFilterFunctionality_Laptop_20-03-11] Within safeFindElement method
20:13:00 [TestNG-test-Test-1] INFO  verifyingDisplayTypeFilterFunctionality_Laptop_20-03-11 - [verifyingDisplayTypeFilterFunctionality_Laptop_20-03-11]Found the element returning it ,element ->[[ChromeDriver: chrome on windows (6c264afaf05195094f91edece5bdd6a6)] -> xpath: //span[@id='productTitle']]
20:13:00 [TestNG-test-Test-1] INFO  verifyingDisplayTypeFilterFunctionality_Laptop_20-03-11 - [verifyingDisplayTypeFilterFunctionality_Laptop_20-03-11] Within safeFindElement method
20:13:00 [TestNG-test-Test-1] INFO  verifyingDisplayTypeFilterFunctionality_Laptop_20-03-11 - [verifyingDisplayTypeFilterFunctionality_Laptop_20-03-11]Found the element returning it ,element ->[[ChromeDriver: chrome on windows (6c264afaf05195094f91edece5bdd6a6)] -> xpath: //div[@class='a-section a-spacing-small a-spacing-top-small']]
20:13:00 [TestNG-test-Test-1] INFO  verifyingDisplayTypeFilterFunctionality_Laptop_20-03-11 - [verifyingDisplayTypeFilterFunctionality_Laptop_20-03-11] Within safeFindElement method
20:13:00 [TestNG-test-Test-1] INFO  verifyingDisplayTypeFilterFunctionality_Laptop_20-03-11 - [verifyingDisplayTypeFilterFunctionality_Laptop_20-03-11]Found the element returning it ,element ->[[ChromeDriver: chrome on windows (6c264afaf05195094f91edece5bdd6a6)] -> xpath: //div[@id='feature-bullets']]
20:13:00 [TestNG-test-Test-1] INFO  verifyingDisplayTypeFilterFunctionality_Laptop_20-03-11 - [verifyingDisplayTypeFilterFunctionality_Laptop_20-03-11] Within safeFindElement method
20:13:00 [TestNG-test-Test-1] INFO  verifyingDisplayTypeFilterFunctionality_Laptop_20-03-11 - [verifyingDisplayTypeFilterFunctionality_Laptop_20-03-11]Found the element returning it ,element ->[[ChromeDriver: chrome on windows (6c264afaf05195094f91edece5bdd6a6)] -> xpath: //div[@id='prodDetails']]
20:13:00 [TestNG-test-Test-1] INFO  verifyingDisplayTypeFilterFunctionality_Laptop_20-03-11 - [verifyingDisplayTypeFilterFunctionality_Laptop_20-03-11] Extracting 'name' , 'keyFeatures', 'about' , 'techDetails' within productNameListingPage loop
20:13:00 [TestNG-test-Test-1] INFO  verifyingDisplayTypeFilterFunctionality_Laptop_20-03-11 - [verifyingDisplayTypeFilterFunctionality_Laptop_20-03-11] Waiting until element is visible in viewport
20:13:00 [TestNG-test-Test-1] INFO  verifyingDisplayTypeFilterFunctionality_Laptop_20-03-11 - [verifyingDisplayTypeFilterFunctionality_Laptop_20-03-11] Within smoothScrollToElement method
20:13:00 [TestNG-test-Test-1] INFO  verifyingDisplayTypeFilterFunctionality_Laptop_20-03-11 - [verifyingDisplayTypeFilterFunctionality_Laptop_20-03-11] Within safeFindElement method
20:13:00 [TestNG-test-Test-1] INFO  verifyingDisplayTypeFilterFunctionality_Laptop_20-03-11 - [verifyingDisplayTypeFilterFunctionality_Laptop_20-03-11]Found the element returning it ,element ->[[ChromeDriver: chrome on windows (6c264afaf05195094f91edece5bdd6a6)] -> xpath: //a[@id='seeMoreDetailsLink']]
20:13:00 [TestNG-test-Test-1] INFO  verifyingDisplayTypeFilterFunctionality_Laptop_20-03-11 - [verifyingDisplayTypeFilterFunctionality_Laptop_20-03-11] Successfully scrolled to element: By.xpath: //a[@id='seeMoreDetailsLink']
20:13:00 [TestNG-test-Test-1] INFO  verifyingDisplayTypeFilterFunctionality_Laptop_20-03-11 - [verifyingDisplayTypeFilterFunctionality_Laptop_20-03-11] Within safeClick method
20:13:00 [TestNG-test-Test-1] INFO  verifyingDisplayTypeFilterFunctionality_Laptop_20-03-11 - [verifyingDisplayTypeFilterFunctionality_Laptop_20-03-11] Clicked the  [[ChromeDriver: chrome on windows (6c264afaf05195094f91edece5bdd6a6)] -> xpath: //a[@id='seeMoreDetailsLink']]   using safeClick
20:13:00 [TestNG-test-Test-1] INFO  verifyingDisplayTypeFilterFunctionality_Laptop_20-03-11 - [verifyingDisplayTypeFilterFunctionality_Laptop_20-03-11] Within try block for clicking see more deatils within productNameListingPage loop
20:13:00 [TestNG-test-Test-1] INFO  verifyingDisplayTypeFilterFunctionality_Laptop_20-03-11 - [verifyingDisplayTypeFilterFunctionality_Laptop_20-03-11] Within closeCurrentWindowAndSwitchBack method
20:13:00 [TestNG-test-Test-1] INFO  verifyingDisplayTypeFilterFunctionality_Laptop_20-03-11 - [verifyingDisplayTypeFilterFunctionality_Laptop_20-03-11] Total open windows/tabs count -> 2
20:13:00 [TestNG-test-Test-1] INFO  verifyingDisplayTypeFilterFunctionality_Laptop_20-03-11 - [verifyingDisplayTypeFilterFunctionality_Laptop_20-03-11] Original window handle -> 314D7369A7559D1F60EDBA893E955B9C
20:13:00 [TestNG-test-Test-1] INFO  verifyingDisplayTypeFilterFunctionality_Laptop_20-03-11 - [verifyingDisplayTypeFilterFunctionality_Laptop_20-03-11] Found new tab/window handle -> A5C967CAEC27F64FB6791A4439183EB0 (will be closed)
20:13:00 [TestNG-test-Test-1] INFO  verifyingDisplayTypeFilterFunctionality_Laptop_20-03-11 - [verifyingDisplayTypeFilterFunctionality_Laptop_20-03-11] Successfully switched to new tab/window -> A5C967CAEC27F64FB6791A4439183EB0
20:13:01 [TestNG-test-Test-1] INFO  verifyingDisplayTypeFilterFunctionality_Laptop_20-03-11 - [verifyingDisplayTypeFilterFunctionality_Laptop_20-03-11] Closed the newly opened tab/window -> A5C967CAEC27F64FB6791A4439183EB0
20:13:01 [TestNG-test-Test-1] INFO  verifyingDisplayTypeFilterFunctionality_Laptop_20-03-11 - [verifyingDisplayTypeFilterFunctionality_Laptop_20-03-11] Switched back to the original window -> 314D7369A7559D1F60EDBA893E955B9C
20:13:01 [TestNG-test-Test-1] INFO  verifyingDisplayTypeFilterFunctionality_Laptop_20-03-11 - [verifyingDisplayTypeFilterFunctionality_Laptop_20-03-11]  going back to product listing via closeCurrentWindowAndSwitchBack 
20:13:01 [TestNG-test-Test-1] INFO  verifyingDisplayTypeFilterFunctionality_Laptop_20-03-11 - [verifyingDisplayTypeFilterFunctionality_Laptop_20-03-11]  Added 'filter','title','keyFeatures', 'about', 'techDetails' into the Map -> productResult
20:13:01 [TestNG-test-Test-1] INFO  verifyingDisplayTypeFilterFunctionality_Laptop_20-03-11 - [verifyingDisplayTypeFilterFunctionality_Laptop_20-03-11]  Added 'productResult' Map into the 'results' i.e list of maps 
20:13:01 [TestNG-test-Test-1] INFO  verifyingDisplayTypeFilterFunctionality_Laptop_20-03-11 - [verifyingDisplayTypeFilterFunctionality_Laptop_20-03-11]==========================================================================================================
20:13:01 [TestNG-test-Test-1] INFO  verifyingDisplayTypeFilterFunctionality_Laptop_20-03-11 - [verifyingDisplayTypeFilterFunctionality_Laptop_20-03-11] Within safeClick method
20:13:01 [TestNG-test-Test-1] INFO  verifyingDisplayTypeFilterFunctionality_Laptop_20-03-11 - [verifyingDisplayTypeFilterFunctionality_Laptop_20-03-11] Clicked the  [[ChromeDriver: chrome on windows (6c264afaf05195094f91edece5bdd6a6)] -> xpath: //span[@class='a-size-base a-color-base' and text()='Clear']]   using safeClick
20:13:01 [TestNG-test-Test-1] INFO  verifyingDisplayTypeFilterFunctionality_Laptop_20-03-11 - [verifyingDisplayTypeFilterFunctionality_Laptop_20-03-11] Clearing the filter value ->LEDwithin productNameListingPage loop
20:13:01 [TestNG-test-Test-1] INFO  verifyingDisplayTypeFilterFunctionality_Laptop_20-03-11 - [verifyingDisplayTypeFilterFunctionality_Laptop_20-03-11]==========================================================================================================
20:13:01 [TestNG-test-Test-1] INFO  verifyingDisplayTypeFilterFunctionality_Laptop_20-03-11 - [verifyingDisplayTypeFilterFunctionality_Laptop_20-03-11]==========================================================================================================
20:13:01 [TestNG-test-Test-1] INFO  verifyingDisplayTypeFilterFunctionality_Laptop_20-03-11 - [verifyingDisplayTypeFilterFunctionality_Laptop_20-03-11] Within filterOptions loop in applyFilterAndValidateProductsWithResult
20:13:01 [TestNG-test-Test-1] INFO  verifyingDisplayTypeFilterFunctionality_Laptop_20-03-11 - [verifyingDisplayTypeFilterFunctionality_Laptop_20-03-11] Within safeFindElements 
20:13:03 [TestNG-test-Test-1] INFO  verifyingDisplayTypeFilterFunctionality_Laptop_20-03-11 - [verifyingDisplayTypeFilterFunctionality_Laptop_20-03-11] Returning the  [[[ChromeDriver: chrome on windows (6c264afaf05195094f91edece5bdd6a6)] -> xpath: //span[@class='a-size-base a-color-base puis-bold-weight-text' and text()='Display Type']/parent::div/following-sibling::ul//span[@class='a-size-base a-color-base']], [[ChromeDriver: chrome on windows (6c264afaf05195094f91edece5bdd6a6)] -> xpath: //span[@class='a-size-base a-color-base puis-bold-weight-text' and text()='Display Type']/parent::div/following-sibling::ul//span[@class='a-size-base a-color-base']], [[ChromeDriver: chrome on windows (6c264afaf05195094f91edece5bdd6a6)] -> xpath: //span[@class='a-size-base a-color-base puis-bold-weight-text' and text()='Display Type']/parent::div/following-sibling::ul//span[@class='a-size-base a-color-base']]] from the safeFindElements method
20:13:03 [TestNG-test-Test-1] INFO  verifyingDisplayTypeFilterFunctionality_Laptop_20-03-11 - [verifyingDisplayTypeFilterFunctionality_Laptop_20-03-11] Trying to read filter option 2 (attempt 1/3)
20:13:03 [TestNG-test-Test-1] INFO  verifyingDisplayTypeFilterFunctionality_Laptop_20-03-11 - [verifyingDisplayTypeFilterFunctionality_Laptop_20-03-11] Successfully read filter option 2 = 'OLED'
20:13:03 [TestNG-test-Test-1] INFO  verifyingDisplayTypeFilterFunctionality_Laptop_20-03-11 - [verifyingDisplayTypeFilterFunctionality_Laptop_20-03-11] Within getfilterByTypeAndName method
20:13:03 [TestNG-test-Test-1] INFO  verifyingDisplayTypeFilterFunctionality_Laptop_20-03-11 - [verifyingDisplayTypeFilterFunctionality_Laptop_20-03-11] Within safeClickBooleanWithScreenShot method
20:13:03 [TestNG-test-Test-1] INFO  verifyingDisplayTypeFilterFunctionality_Laptop_20-03-11 - [verifyingDisplayTypeFilterFunctionality_Laptop_20-03-11] Within getAppliedfilterByTypeAndName method
20:13:03 [TestNG-test-Test-1] INFO  verifyingDisplayTypeFilterFunctionality_Laptop_20-03-11 - [verifyingDisplayTypeFilterFunctionality_Laptop_20-03-11] Within smoothScrollToElement method
20:13:03 [TestNG-test-Test-1] INFO  verifyingDisplayTypeFilterFunctionality_Laptop_20-03-11 - [verifyingDisplayTypeFilterFunctionality_Laptop_20-03-11] Within safeFindElement method
20:13:03 [TestNG-test-Test-1] INFO  verifyingDisplayTypeFilterFunctionality_Laptop_20-03-11 - [verifyingDisplayTypeFilterFunctionality_Laptop_20-03-11]Found the element returning it ,element ->[[ChromeDriver: chrome on windows (6c264afaf05195094f91edece5bdd6a6)] -> xpath: //span[@class='a-size-base a-color-base puis-bold-weight-text' and text()='Display Type']]
20:13:03 [TestNG-test-Test-1] INFO  verifyingDisplayTypeFilterFunctionality_Laptop_20-03-11 - [verifyingDisplayTypeFilterFunctionality_Laptop_20-03-11] Successfully scrolled to element: By.xpath: //span[@class='a-size-base a-color-base puis-bold-weight-text' and text()='Display Type']
20:13:03 [TestNG-test-Test-1] INFO  verifyingDisplayTypeFilterFunctionality_Laptop_20-03-11 - [verifyingDisplayTypeFilterFunctionality_Laptop_20-03-11] Within getMoreButtonByFilterTypeAndName method
20:13:03 [TestNG-test-Test-1] INFO  verifyingDisplayTypeFilterFunctionality_Laptop_20-03-11 - [verifyingDisplayTypeFilterFunctionality_Laptop_20-03-11] could not find more button
20:13:03 [TestNG-test-Test-1] INFO  verifyingDisplayTypeFilterFunctionality_Laptop_20-03-11 - [verifyingDisplayTypeFilterFunctionality_Laptop_20-03-11] Within getAppliedfilterByTypeAndName method
20:13:03 [TestNG-test-Test-1] INFO  verifyingDisplayTypeFilterFunctionality_Laptop_20-03-11 - [verifyingDisplayTypeFilterFunctionality_Laptop_20-03-11] Within smoothScrollToElement method
20:13:03 [TestNG-test-Test-1] INFO  verifyingDisplayTypeFilterFunctionality_Laptop_20-03-11 - [verifyingDisplayTypeFilterFunctionality_Laptop_20-03-11] Within safeFindElement method
20:13:04 [TestNG-test-Test-1] INFO  verifyingDisplayTypeFilterFunctionality_Laptop_20-03-11 - [verifyingDisplayTypeFilterFunctionality_Laptop_20-03-11]Found the element returning it ,element ->[[ChromeDriver: chrome on windows (6c264afaf05195094f91edece5bdd6a6)] -> xpath: //span[@class='a-size-base a-color-base puis-bold-weight-text' and text()='Display Type']]
20:13:04 [TestNG-test-Test-1] INFO  verifyingDisplayTypeFilterFunctionality_Laptop_20-03-11 - [verifyingDisplayTypeFilterFunctionality_Laptop_20-03-11] Successfully scrolled to element: By.xpath: //span[@class='a-size-base a-color-base puis-bold-weight-text' and text()='Display Type']
20:13:04 [TestNG-test-Test-1] INFO  verifyingDisplayTypeFilterFunctionality_Laptop_20-03-11 - [verifyingDisplayTypeFilterFunctionality_Laptop_20-03-11] Within getMoreButtonByFilterTypeAndName method
20:13:04 [TestNG-test-Test-1] INFO  verifyingDisplayTypeFilterFunctionality_Laptop_20-03-11 - [verifyingDisplayTypeFilterFunctionality_Laptop_20-03-11] could not find more button
20:13:04 [TestNG-test-Test-1] INFO  verifyingDisplayTypeFilterFunctionality_Laptop_20-03-11 - [verifyingDisplayTypeFilterFunctionality_Laptop_20-03-11] Within getfilterByTypeAndName method
20:13:04 [TestNG-test-Test-1] INFO  verifyingDisplayTypeFilterFunctionality_Laptop_20-03-11 - [verifyingDisplayTypeFilterFunctionality_Laptop_20-03-11] Within smoothScrollToElement method
20:13:04 [TestNG-test-Test-1] INFO  verifyingDisplayTypeFilterFunctionality_Laptop_20-03-11 - [verifyingDisplayTypeFilterFunctionality_Laptop_20-03-11] Within safeFindElement method
20:13:04 [TestNG-test-Test-1] INFO  verifyingDisplayTypeFilterFunctionality_Laptop_20-03-11 - [verifyingDisplayTypeFilterFunctionality_Laptop_20-03-11]Found the element returning it ,element ->[[ChromeDriver: chrome on windows (6c264afaf05195094f91edece5bdd6a6)] -> xpath: //span[@class='a-size-base a-color-base puis-bold-weight-text' and text()='Display Type']/parent::div/following-sibling::ul//span[@class='a-size-base a-color-base a-text-bold' and text()='OLED']]
20:13:04 [TestNG-test-Test-1] INFO  verifyingDisplayTypeFilterFunctionality_Laptop_20-03-11 - [verifyingDisplayTypeFilterFunctionality_Laptop_20-03-11] Successfully scrolled to element: By.xpath: //span[@class='a-size-base a-color-base puis-bold-weight-text' and text()='Display Type']/parent::div/following-sibling::ul//span[@class='a-size-base a-color-base a-text-bold' and text()='OLED']
20:13:04 [TestNG-test-Test-1] INFO  verifyingDisplayTypeFilterFunctionality_Laptop_20-03-11 - [verifyingDisplayTypeFilterFunctionality_Laptop_20-03-11] Clicked the element using safe click ,element is [[ChromeDriver: chrome on windows (6c264afaf05195094f91edece5bdd6a6)] -> xpath: //span[@class='a-size-base a-color-base puis-bold-weight-text' and text()='Display Type']/parent::div/following-sibling::ul//span[@class='a-size-base a-color-base' and text()='OLED']]
20:13:05 [TestNG-test-Test-1] INFO  verifyingDisplayTypeFilterFunctionality_Laptop_20-03-11 - [verifyingDisplayTypeFilterFunctionality_Laptop_20-03-11] Within safeFindElements 
20:13:05 [TestNG-test-Test-1] INFO  verifyingDisplayTypeFilterFunctionality_Laptop_20-03-11 - [verifyingDisplayTypeFilterFunctionality_Laptop_20-03-11] Returning the  [[[ChromeDriver: chrome on windows (6c264afaf05195094f91edece5bdd6a6)] -> xpath: //div[@data-cy='title-recipe']], [[ChromeDriver: chrome on windows (6c264afaf05195094f91edece5bdd6a6)] -> xpath: //div[@data-cy='title-recipe']], [[ChromeDriver: chrome on windows (6c264afaf05195094f91edece5bdd6a6)] -> xpath: //div[@data-cy='title-recipe']], [[ChromeDriver: chrome on windows (6c264afaf05195094f91edece5bdd6a6)] -> xpath: //div[@data-cy='title-recipe']], [[ChromeDriver: chrome on windows (6c264afaf05195094f91edece5bdd6a6)] -> xpath: //div[@data-cy='title-recipe']], [[ChromeDriver: chrome on windows (6c264afaf05195094f91edece5bdd6a6)] -> xpath: //div[@data-cy='title-recipe']], [[ChromeDriver: chrome on windows (6c264afaf05195094f91edece5bdd6a6)] -> xpath: //div[@data-cy='title-recipe']], [[ChromeDriver: chrome on windows (6c264afaf05195094f91edece5bdd6a6)] -> xpath: //div[@data-cy='title-recipe']], [[ChromeDriver: chrome on windows (6c264afaf05195094f91edece5bdd6a6)] -> xpath: //div[@data-cy='title-recipe']], [[ChromeDriver: chrome on windows (6c264afaf05195094f91edece5bdd6a6)] -> xpath: //div[@data-cy='title-recipe']], [[ChromeDriver: chrome on windows (6c264afaf05195094f91edece5bdd6a6)] -> xpath: //div[@data-cy='title-recipe']], [[ChromeDriver: chrome on windows (6c264afaf05195094f91edece5bdd6a6)] -> xpath: //div[@data-cy='title-recipe']], [[ChromeDriver: chrome on windows (6c264afaf05195094f91edece5bdd6a6)] -> xpath: //div[@data-cy='title-recipe']], [[ChromeDriver: chrome on windows (6c264afaf05195094f91edece5bdd6a6)] -> xpath: //div[@data-cy='title-recipe']], [[ChromeDriver: chrome on windows (6c264afaf05195094f91edece5bdd6a6)] -> xpath: //div[@data-cy='title-recipe']], [[ChromeDriver: chrome on windows (6c264afaf05195094f91edece5bdd6a6)] -> xpath: //div[@data-cy='title-recipe']]] from the safeFindElements method
20:13:05 [TestNG-test-Test-1] INFO  verifyingDisplayTypeFilterFunctionality_Laptop_20-03-11 - [verifyingDisplayTypeFilterFunctionality_Laptop_20-03-11] Execution is scheduled type /CRON Job on CI Hence refering to CI keys from UtilData
20:13:05 [TestNG-test-Test-1] INFO  verifyingDisplayTypeFilterFunctionality_Laptop_20-03-11 - [verifyingDisplayTypeFilterFunctionality_Laptop_20-03-11] Within safeFindElements 
20:13:05 [TestNG-test-Test-1] INFO  verifyingDisplayTypeFilterFunctionality_Laptop_20-03-11 - [verifyingDisplayTypeFilterFunctionality_Laptop_20-03-11] Returning the  [[[ChromeDriver: chrome on windows (6c264afaf05195094f91edece5bdd6a6)] -> xpath: //div[@data-cy='title-recipe']], [[ChromeDriver: chrome on windows (6c264afaf05195094f91edece5bdd6a6)] -> xpath: //div[@data-cy='title-recipe']], [[ChromeDriver: chrome on windows (6c264afaf05195094f91edece5bdd6a6)] -> xpath: //div[@data-cy='title-recipe']], [[ChromeDriver: chrome on windows (6c264afaf05195094f91edece5bdd6a6)] -> xpath: //div[@data-cy='title-recipe']], [[ChromeDriver: chrome on windows (6c264afaf05195094f91edece5bdd6a6)] -> xpath: //div[@data-cy='title-recipe']], [[ChromeDriver: chrome on windows (6c264afaf05195094f91edece5bdd6a6)] -> xpath: //div[@data-cy='title-recipe']], [[ChromeDriver: chrome on windows (6c264afaf05195094f91edece5bdd6a6)] -> xpath: //div[@data-cy='title-recipe']], [[ChromeDriver: chrome on windows (6c264afaf05195094f91edece5bdd6a6)] -> xpath: //div[@data-cy='title-recipe']], [[ChromeDriver: chrome on windows (6c264afaf05195094f91edece5bdd6a6)] -> xpath: //div[@data-cy='title-recipe']], [[ChromeDriver: chrome on windows (6c264afaf05195094f91edece5bdd6a6)] -> xpath: //div[@data-cy='title-recipe']], [[ChromeDriver: chrome on windows (6c264afaf05195094f91edece5bdd6a6)] -> xpath: //div[@data-cy='title-recipe']], [[ChromeDriver: chrome on windows (6c264afaf05195094f91edece5bdd6a6)] -> xpath: //div[@data-cy='title-recipe']], [[ChromeDriver: chrome on windows (6c264afaf05195094f91edece5bdd6a6)] -> xpath: //div[@data-cy='title-recipe']], [[ChromeDriver: chrome on windows (6c264afaf05195094f91edece5bdd6a6)] -> xpath: //div[@data-cy='title-recipe']], [[ChromeDriver: chrome on windows (6c264afaf05195094f91edece5bdd6a6)] -> xpath: //div[@data-cy='title-recipe']], [[ChromeDriver: chrome on windows (6c264afaf05195094f91edece5bdd6a6)] -> xpath: //div[@data-cy='title-recipe']]] from the safeFindElements method
20:13:05 [TestNG-test-Test-1] INFO  verifyingDisplayTypeFilterFunctionality_Laptop_20-03-11 - [verifyingDisplayTypeFilterFunctionality_Laptop_20-03-11] Within productNameListingPage loop in applyFilterAndValidateProductsWithResult
20:13:05 [TestNG-test-Test-1] INFO  verifyingDisplayTypeFilterFunctionality_Laptop_20-03-11 - [verifyingDisplayTypeFilterFunctionality_Laptop_20-03-11] Within getProductByIndex method
20:13:05 [TestNG-test-Test-1] INFO  verifyingDisplayTypeFilterFunctionality_Laptop_20-03-11 - [verifyingDisplayTypeFilterFunctionality_Laptop_20-03-11] Within safeFindElement method
20:13:05 [TestNG-test-Test-1] INFO  verifyingDisplayTypeFilterFunctionality_Laptop_20-03-11 - [verifyingDisplayTypeFilterFunctionality_Laptop_20-03-11]Found the element returning it ,element ->[[ChromeDriver: chrome on windows (6c264afaf05195094f91edece5bdd6a6)] -> xpath: (//div[@data-cy='title-recipe'])[1]]
20:13:05 [TestNG-test-Test-1] INFO  verifyingDisplayTypeFilterFunctionality_Laptop_20-03-11 - [verifyingDisplayTypeFilterFunctionality_Laptop_20-03-11] Within getProductByIndex method
20:13:05 [TestNG-test-Test-1] INFO  verifyingDisplayTypeFilterFunctionality_Laptop_20-03-11 - [verifyingDisplayTypeFilterFunctionality_Laptop_20-03-11] Within smoothScrollToElement method
20:13:05 [TestNG-test-Test-1] INFO  verifyingDisplayTypeFilterFunctionality_Laptop_20-03-11 - [verifyingDisplayTypeFilterFunctionality_Laptop_20-03-11] Within safeFindElement method
20:13:05 [TestNG-test-Test-1] INFO  verifyingDisplayTypeFilterFunctionality_Laptop_20-03-11 - [verifyingDisplayTypeFilterFunctionality_Laptop_20-03-11]Found the element returning it ,element ->[[ChromeDriver: chrome on windows (6c264afaf05195094f91edece5bdd6a6)] -> xpath: (//div[@data-cy='title-recipe'])[1]]
20:13:05 [TestNG-test-Test-1] INFO  verifyingDisplayTypeFilterFunctionality_Laptop_20-03-11 - [verifyingDisplayTypeFilterFunctionality_Laptop_20-03-11] Successfully scrolled to element: By.xpath: (//div[@data-cy='title-recipe'])[1]
20:13:05 [TestNG-test-Test-1] INFO  verifyingDisplayTypeFilterFunctionality_Laptop_20-03-11 - [verifyingDisplayTypeFilterFunctionality_Laptop_20-03-11] Getting product by index in productNameListingPage loop
20:13:05 [TestNG-test-Test-1] INFO  verifyingDisplayTypeFilterFunctionality_Laptop_20-03-11 - [verifyingDisplayTypeFilterFunctionality_Laptop_20-03-11] Opened product in new tab via Ctrl+Click inside productNameListingPage loop
20:13:05 [TestNG-test-Test-1] INFO  verifyingDisplayTypeFilterFunctionality_Laptop_20-03-11 - [verifyingDisplayTypeFilterFunctionality_Laptop_20-03-11] Waiting for new window to open...
20:13:05 [TestNG-test-Test-1] INFO  verifyingDisplayTypeFilterFunctionality_Laptop_20-03-11 - [verifyingDisplayTypeFilterFunctionality_Laptop_20-03-11] Switched to new window -> 4E177DBE6A38B4EC52D85402DE489138
20:13:05 [TestNG-test-Test-1] INFO  verifyingDisplayTypeFilterFunctionality_Laptop_20-03-11 - [verifyingDisplayTypeFilterFunctionality_Laptop_20-03-11] Swithcing to the new window  within productNameListingPage loop
20:13:05 [TestNG-test-Test-1] INFO  verifyingDisplayTypeFilterFunctionality_Laptop_20-03-11 - [verifyingDisplayTypeFilterFunctionality_Laptop_20-03-11] Clicked product name to open in new tab from productNameListingPage loop
20:13:05 [TestNG-test-Test-1] INFO  verifyingDisplayTypeFilterFunctionality_Laptop_20-03-11 - [verifyingDisplayTypeFilterFunctionality_Laptop_20-03-11] Within safeFindElement method
20:13:08 [TestNG-test-Test-1] INFO  verifyingDisplayTypeFilterFunctionality_Laptop_20-03-11 - [verifyingDisplayTypeFilterFunctionality_Laptop_20-03-11]Found the element returning it ,element ->[[ChromeDriver: chrome on windows (6c264afaf05195094f91edece5bdd6a6)] -> xpath: //span[@id='productTitle']]
20:13:08 [TestNG-test-Test-1] INFO  verifyingDisplayTypeFilterFunctionality_Laptop_20-03-11 - [verifyingDisplayTypeFilterFunctionality_Laptop_20-03-11] Within safeFindElement method
20:13:08 [TestNG-test-Test-1] INFO  verifyingDisplayTypeFilterFunctionality_Laptop_20-03-11 - [verifyingDisplayTypeFilterFunctionality_Laptop_20-03-11]Found the element returning it ,element ->[[ChromeDriver: chrome on windows (6c264afaf05195094f91edece5bdd6a6)] -> xpath: //div[@class='a-section a-spacing-small a-spacing-top-small']]
20:13:08 [TestNG-test-Test-1] INFO  verifyingDisplayTypeFilterFunctionality_Laptop_20-03-11 - [verifyingDisplayTypeFilterFunctionality_Laptop_20-03-11] Within safeFindElement method
20:13:09 [TestNG-test-Test-1] INFO  verifyingDisplayTypeFilterFunctionality_Laptop_20-03-11 - [verifyingDisplayTypeFilterFunctionality_Laptop_20-03-11]Found the element returning it ,element ->[[ChromeDriver: chrome on windows (6c264afaf05195094f91edece5bdd6a6)] -> xpath: //div[@id='feature-bullets']]
20:13:09 [TestNG-test-Test-1] INFO  verifyingDisplayTypeFilterFunctionality_Laptop_20-03-11 - [verifyingDisplayTypeFilterFunctionality_Laptop_20-03-11] Within safeFindElement method
20:13:09 [TestNG-test-Test-1] INFO  verifyingDisplayTypeFilterFunctionality_Laptop_20-03-11 - [verifyingDisplayTypeFilterFunctionality_Laptop_20-03-11]Found the element returning it ,element ->[[ChromeDriver: chrome on windows (6c264afaf05195094f91edece5bdd6a6)] -> xpath: //div[@id='prodDetails']]
20:13:09 [TestNG-test-Test-1] INFO  verifyingDisplayTypeFilterFunctionality_Laptop_20-03-11 - [verifyingDisplayTypeFilterFunctionality_Laptop_20-03-11] Extracting 'name' , 'keyFeatures', 'about' , 'techDetails' within productNameListingPage loop
20:13:09 [TestNG-test-Test-1] INFO  verifyingDisplayTypeFilterFunctionality_Laptop_20-03-11 - [verifyingDisplayTypeFilterFunctionality_Laptop_20-03-11] Waiting until element is visible in viewport
20:13:19 [TestNG-test-Test-1] INFO  verifyingDisplayTypeFilterFunctionality_Laptop_20-03-11 - [verifyingDisplayTypeFilterFunctionality_Laptop_20-03-11] Within smoothScrollToElement method
20:13:19 [TestNG-test-Test-1] INFO  verifyingDisplayTypeFilterFunctionality_Laptop_20-03-11 - [verifyingDisplayTypeFilterFunctionality_Laptop_20-03-11] Within safeFindElement method
20:13:19 [TestNG-test-Test-1] INFO  verifyingDisplayTypeFilterFunctionality_Laptop_20-03-11 - [verifyingDisplayTypeFilterFunctionality_Laptop_20-03-11]Found the element returning it ,element ->[[ChromeDriver: chrome on windows (6c264afaf05195094f91edece5bdd6a6)] -> xpath: //a[@id='seeMoreDetailsLink']]
20:13:19 [TestNG-test-Test-1] INFO  verifyingDisplayTypeFilterFunctionality_Laptop_20-03-11 - [verifyingDisplayTypeFilterFunctionality_Laptop_20-03-11] Successfully scrolled to element: By.xpath: //a[@id='seeMoreDetailsLink']
20:13:19 [TestNG-test-Test-1] INFO  verifyingDisplayTypeFilterFunctionality_Laptop_20-03-11 - [verifyingDisplayTypeFilterFunctionality_Laptop_20-03-11] Within safeClick method
20:13:19 [TestNG-test-Test-1] INFO  verifyingDisplayTypeFilterFunctionality_Laptop_20-03-11 - [verifyingDisplayTypeFilterFunctionality_Laptop_20-03-11] Clicked the  [[ChromeDriver: chrome on windows (6c264afaf05195094f91edece5bdd6a6)] -> xpath: //a[@id='seeMoreDetailsLink']]   using safeClick
20:13:19 [TestNG-test-Test-1] INFO  verifyingDisplayTypeFilterFunctionality_Laptop_20-03-11 - [verifyingDisplayTypeFilterFunctionality_Laptop_20-03-11] Within try block for clicking see more deatils within productNameListingPage loop
20:13:19 [TestNG-test-Test-1] INFO  verifyingDisplayTypeFilterFunctionality_Laptop_20-03-11 - [verifyingDisplayTypeFilterFunctionality_Laptop_20-03-11] Within closeCurrentWindowAndSwitchBack method
20:13:19 [TestNG-test-Test-1] INFO  verifyingDisplayTypeFilterFunctionality_Laptop_20-03-11 - [verifyingDisplayTypeFilterFunctionality_Laptop_20-03-11] Total open windows/tabs count -> 2
20:13:19 [TestNG-test-Test-1] INFO  verifyingDisplayTypeFilterFunctionality_Laptop_20-03-11 - [verifyingDisplayTypeFilterFunctionality_Laptop_20-03-11] Original window handle -> 314D7369A7559D1F60EDBA893E955B9C
20:13:19 [TestNG-test-Test-1] INFO  verifyingDisplayTypeFilterFunctionality_Laptop_20-03-11 - [verifyingDisplayTypeFilterFunctionality_Laptop_20-03-11] Found new tab/window handle -> 4E177DBE6A38B4EC52D85402DE489138 (will be closed)
20:13:19 [TestNG-test-Test-1] INFO  verifyingDisplayTypeFilterFunctionality_Laptop_20-03-11 - [verifyingDisplayTypeFilterFunctionality_Laptop_20-03-11] Successfully switched to new tab/window -> 4E177DBE6A38B4EC52D85402DE489138
20:13:19 [TestNG-test-Test-1] INFO  verifyingDisplayTypeFilterFunctionality_Laptop_20-03-11 - [verifyingDisplayTypeFilterFunctionality_Laptop_20-03-11] Closed the newly opened tab/window -> 4E177DBE6A38B4EC52D85402DE489138
20:13:19 [TestNG-test-Test-1] INFO  verifyingDisplayTypeFilterFunctionality_Laptop_20-03-11 - [verifyingDisplayTypeFilterFunctionality_Laptop_20-03-11] Switched back to the original window -> 314D7369A7559D1F60EDBA893E955B9C
20:13:19 [TestNG-test-Test-1] INFO  verifyingDisplayTypeFilterFunctionality_Laptop_20-03-11 - [verifyingDisplayTypeFilterFunctionality_Laptop_20-03-11]  going back to product listing via closeCurrentWindowAndSwitchBack 
20:13:19 [TestNG-test-Test-1] INFO  verifyingDisplayTypeFilterFunctionality_Laptop_20-03-11 - [verifyingDisplayTypeFilterFunctionality_Laptop_20-03-11]  Added 'filter','title','keyFeatures', 'about', 'techDetails' into the Map -> productResult
20:13:19 [TestNG-test-Test-1] INFO  verifyingDisplayTypeFilterFunctionality_Laptop_20-03-11 - [verifyingDisplayTypeFilterFunctionality_Laptop_20-03-11]  Added 'productResult' Map into the 'results' i.e list of maps 
20:13:19 [TestNG-test-Test-1] INFO  verifyingDisplayTypeFilterFunctionality_Laptop_20-03-11 - [verifyingDisplayTypeFilterFunctionality_Laptop_20-03-11]==========================================================================================================
20:13:19 [TestNG-test-Test-1] INFO  verifyingDisplayTypeFilterFunctionality_Laptop_20-03-11 - [verifyingDisplayTypeFilterFunctionality_Laptop_20-03-11] Within safeFindElements 
20:13:19 [TestNG-test-Test-1] INFO  verifyingDisplayTypeFilterFunctionality_Laptop_20-03-11 - [verifyingDisplayTypeFilterFunctionality_Laptop_20-03-11] Returning the  [[[ChromeDriver: chrome on windows (6c264afaf05195094f91edece5bdd6a6)] -> xpath: //div[@data-cy='title-recipe']], [[ChromeDriver: chrome on windows (6c264afaf05195094f91edece5bdd6a6)] -> xpath: //div[@data-cy='title-recipe']], [[ChromeDriver: chrome on windows (6c264afaf05195094f91edece5bdd6a6)] -> xpath: //div[@data-cy='title-recipe']], [[ChromeDriver: chrome on windows (6c264afaf05195094f91edece5bdd6a6)] -> xpath: //div[@data-cy='title-recipe']], [[ChromeDriver: chrome on windows (6c264afaf05195094f91edece5bdd6a6)] -> xpath: //div[@data-cy='title-recipe']], [[ChromeDriver: chrome on windows (6c264afaf05195094f91edece5bdd6a6)] -> xpath: //div[@data-cy='title-recipe']], [[ChromeDriver: chrome on windows (6c264afaf05195094f91edece5bdd6a6)] -> xpath: //div[@data-cy='title-recipe']], [[ChromeDriver: chrome on windows (6c264afaf05195094f91edece5bdd6a6)] -> xpath: //div[@data-cy='title-recipe']], [[ChromeDriver: chrome on windows (6c264afaf05195094f91edece5bdd6a6)] -> xpath: //div[@data-cy='title-recipe']], [[ChromeDriver: chrome on windows (6c264afaf05195094f91edece5bdd6a6)] -> xpath: //div[@data-cy='title-recipe']], [[ChromeDriver: chrome on windows (6c264afaf05195094f91edece5bdd6a6)] -> xpath: //div[@data-cy='title-recipe']], [[ChromeDriver: chrome on windows (6c264afaf05195094f91edece5bdd6a6)] -> xpath: //div[@data-cy='title-recipe']], [[ChromeDriver: chrome on windows (6c264afaf05195094f91edece5bdd6a6)] -> xpath: //div[@data-cy='title-recipe']], [[ChromeDriver: chrome on windows (6c264afaf05195094f91edece5bdd6a6)] -> xpath: //div[@data-cy='title-recipe']], [[ChromeDriver: chrome on windows (6c264afaf05195094f91edece5bdd6a6)] -> xpath: //div[@data-cy='title-recipe']], [[ChromeDriver: chrome on windows (6c264afaf05195094f91edece5bdd6a6)] -> xpath: //div[@data-cy='title-recipe']]] from the safeFindElements method
20:13:19 [TestNG-test-Test-1] INFO  verifyingDisplayTypeFilterFunctionality_Laptop_20-03-11 - [verifyingDisplayTypeFilterFunctionality_Laptop_20-03-11] Within productNameListingPage loop in applyFilterAndValidateProductsWithResult
20:13:19 [TestNG-test-Test-1] INFO  verifyingDisplayTypeFilterFunctionality_Laptop_20-03-11 - [verifyingDisplayTypeFilterFunctionality_Laptop_20-03-11] Within getProductByIndex method
20:13:19 [TestNG-test-Test-1] INFO  verifyingDisplayTypeFilterFunctionality_Laptop_20-03-11 - [verifyingDisplayTypeFilterFunctionality_Laptop_20-03-11] Within safeFindElement method
20:13:19 [TestNG-test-Test-1] INFO  verifyingDisplayTypeFilterFunctionality_Laptop_20-03-11 - [verifyingDisplayTypeFilterFunctionality_Laptop_20-03-11]Found the element returning it ,element ->[[ChromeDriver: chrome on windows (6c264afaf05195094f91edece5bdd6a6)] -> xpath: (//div[@data-cy='title-recipe'])[2]]
20:13:19 [TestNG-test-Test-1] INFO  verifyingDisplayTypeFilterFunctionality_Laptop_20-03-11 - [verifyingDisplayTypeFilterFunctionality_Laptop_20-03-11] Within getProductByIndex method
20:13:19 [TestNG-test-Test-1] INFO  verifyingDisplayTypeFilterFunctionality_Laptop_20-03-11 - [verifyingDisplayTypeFilterFunctionality_Laptop_20-03-11] Within smoothScrollToElement method
20:13:19 [TestNG-test-Test-1] INFO  verifyingDisplayTypeFilterFunctionality_Laptop_20-03-11 - [verifyingDisplayTypeFilterFunctionality_Laptop_20-03-11] Within safeFindElement method
20:13:19 [TestNG-test-Test-1] INFO  verifyingDisplayTypeFilterFunctionality_Laptop_20-03-11 - [verifyingDisplayTypeFilterFunctionality_Laptop_20-03-11]Found the element returning it ,element ->[[ChromeDriver: chrome on windows (6c264afaf05195094f91edece5bdd6a6)] -> xpath: (//div[@data-cy='title-recipe'])[2]]
20:13:19 [TestNG-test-Test-1] INFO  verifyingDisplayTypeFilterFunctionality_Laptop_20-03-11 - [verifyingDisplayTypeFilterFunctionality_Laptop_20-03-11] Successfully scrolled to element: By.xpath: (//div[@data-cy='title-recipe'])[2]
20:13:19 [TestNG-test-Test-1] INFO  verifyingDisplayTypeFilterFunctionality_Laptop_20-03-11 - [verifyingDisplayTypeFilterFunctionality_Laptop_20-03-11] Getting product by index in productNameListingPage loop
20:13:20 [TestNG-test-Test-1] INFO  verifyingDisplayTypeFilterFunctionality_Laptop_20-03-11 - [verifyingDisplayTypeFilterFunctionality_Laptop_20-03-11] Opened product in new tab via Ctrl+Click inside productNameListingPage loop
20:13:20 [TestNG-test-Test-1] INFO  verifyingDisplayTypeFilterFunctionality_Laptop_20-03-11 - [verifyingDisplayTypeFilterFunctionality_Laptop_20-03-11] Waiting for new window to open...
20:13:20 [TestNG-test-Test-1] INFO  verifyingDisplayTypeFilterFunctionality_Laptop_20-03-11 - [verifyingDisplayTypeFilterFunctionality_Laptop_20-03-11] Switched to new window -> B7B321264FEDAE0EF4ECEBF5324E54B2
20:13:20 [TestNG-test-Test-1] INFO  verifyingDisplayTypeFilterFunctionality_Laptop_20-03-11 - [verifyingDisplayTypeFilterFunctionality_Laptop_20-03-11] Swithcing to the new window  within productNameListingPage loop
20:13:20 [TestNG-test-Test-1] INFO  verifyingDisplayTypeFilterFunctionality_Laptop_20-03-11 - [verifyingDisplayTypeFilterFunctionality_Laptop_20-03-11] Clicked product name to open in new tab from productNameListingPage loop
20:13:20 [TestNG-test-Test-1] INFO  verifyingDisplayTypeFilterFunctionality_Laptop_20-03-11 - [verifyingDisplayTypeFilterFunctionality_Laptop_20-03-11] Within safeFindElement method
20:13:24 [TestNG-test-Test-1] INFO  verifyingDisplayTypeFilterFunctionality_Laptop_20-03-11 - [verifyingDisplayTypeFilterFunctionality_Laptop_20-03-11]Found the element returning it ,element ->[[ChromeDriver: chrome on windows (6c264afaf05195094f91edece5bdd6a6)] -> xpath: //span[@id='productTitle']]
20:13:24 [TestNG-test-Test-1] INFO  verifyingDisplayTypeFilterFunctionality_Laptop_20-03-11 - [verifyingDisplayTypeFilterFunctionality_Laptop_20-03-11] Within safeFindElement method
20:13:24 [TestNG-test-Test-1] INFO  verifyingDisplayTypeFilterFunctionality_Laptop_20-03-11 - [verifyingDisplayTypeFilterFunctionality_Laptop_20-03-11]Found the element returning it ,element ->[[ChromeDriver: chrome on windows (6c264afaf05195094f91edece5bdd6a6)] -> xpath: //div[@class='a-section a-spacing-small a-spacing-top-small']]
20:13:24 [TestNG-test-Test-1] INFO  verifyingDisplayTypeFilterFunctionality_Laptop_20-03-11 - [verifyingDisplayTypeFilterFunctionality_Laptop_20-03-11] Within safeFindElement method
20:13:24 [TestNG-test-Test-1] INFO  verifyingDisplayTypeFilterFunctionality_Laptop_20-03-11 - [verifyingDisplayTypeFilterFunctionality_Laptop_20-03-11]Found the element returning it ,element ->[[ChromeDriver: chrome on windows (6c264afaf05195094f91edece5bdd6a6)] -> xpath: //div[@id='feature-bullets']]
20:13:24 [TestNG-test-Test-1] INFO  verifyingDisplayTypeFilterFunctionality_Laptop_20-03-11 - [verifyingDisplayTypeFilterFunctionality_Laptop_20-03-11] Within safeFindElement method
20:13:24 [TestNG-test-Test-1] INFO  verifyingDisplayTypeFilterFunctionality_Laptop_20-03-11 - [verifyingDisplayTypeFilterFunctionality_Laptop_20-03-11]Found the element returning it ,element ->[[ChromeDriver: chrome on windows (6c264afaf05195094f91edece5bdd6a6)] -> xpath: //div[@id='prodDetails']]
20:13:24 [TestNG-test-Test-1] INFO  verifyingDisplayTypeFilterFunctionality_Laptop_20-03-11 - [verifyingDisplayTypeFilterFunctionality_Laptop_20-03-11] Extracting 'name' , 'keyFeatures', 'about' , 'techDetails' within productNameListingPage loop
20:13:24 [TestNG-test-Test-1] INFO  verifyingDisplayTypeFilterFunctionality_Laptop_20-03-11 - [verifyingDisplayTypeFilterFunctionality_Laptop_20-03-11] Waiting until element is visible in viewport
20:13:35 [TestNG-test-Test-1] INFO  verifyingDisplayTypeFilterFunctionality_Laptop_20-03-11 - [verifyingDisplayTypeFilterFunctionality_Laptop_20-03-11] Within smoothScrollToElement method
20:13:35 [TestNG-test-Test-1] INFO  verifyingDisplayTypeFilterFunctionality_Laptop_20-03-11 - [verifyingDisplayTypeFilterFunctionality_Laptop_20-03-11] Within safeFindElement method
20:13:35 [TestNG-test-Test-1] INFO  verifyingDisplayTypeFilterFunctionality_Laptop_20-03-11 - [verifyingDisplayTypeFilterFunctionality_Laptop_20-03-11]Found the element returning it ,element ->[[ChromeDriver: chrome on windows (6c264afaf05195094f91edece5bdd6a6)] -> xpath: //a[@id='seeMoreDetailsLink']]
20:13:35 [TestNG-test-Test-1] INFO  verifyingDisplayTypeFilterFunctionality_Laptop_20-03-11 - [verifyingDisplayTypeFilterFunctionality_Laptop_20-03-11] Successfully scrolled to element: By.xpath: //a[@id='seeMoreDetailsLink']
20:13:35 [TestNG-test-Test-1] INFO  verifyingDisplayTypeFilterFunctionality_Laptop_20-03-11 - [verifyingDisplayTypeFilterFunctionality_Laptop_20-03-11] Within safeClick method
20:13:36 [TestNG-test-Test-1] INFO  verifyingDisplayTypeFilterFunctionality_Laptop_20-03-11 - [verifyingDisplayTypeFilterFunctionality_Laptop_20-03-11] Clicked the  [[ChromeDriver: chrome on windows (6c264afaf05195094f91edece5bdd6a6)] -> xpath: //a[@id='seeMoreDetailsLink']]   using safeClick
20:13:36 [TestNG-test-Test-1] INFO  verifyingDisplayTypeFilterFunctionality_Laptop_20-03-11 - [verifyingDisplayTypeFilterFunctionality_Laptop_20-03-11] Within try block for clicking see more deatils within productNameListingPage loop
20:13:36 [TestNG-test-Test-1] INFO  verifyingDisplayTypeFilterFunctionality_Laptop_20-03-11 - [verifyingDisplayTypeFilterFunctionality_Laptop_20-03-11] Within closeCurrentWindowAndSwitchBack method
20:13:36 [TestNG-test-Test-1] INFO  verifyingDisplayTypeFilterFunctionality_Laptop_20-03-11 - [verifyingDisplayTypeFilterFunctionality_Laptop_20-03-11] Total open windows/tabs count -> 2
20:13:36 [TestNG-test-Test-1] INFO  verifyingDisplayTypeFilterFunctionality_Laptop_20-03-11 - [verifyingDisplayTypeFilterFunctionality_Laptop_20-03-11] Original window handle -> 314D7369A7559D1F60EDBA893E955B9C
20:13:36 [TestNG-test-Test-1] INFO  verifyingDisplayTypeFilterFunctionality_Laptop_20-03-11 - [verifyingDisplayTypeFilterFunctionality_Laptop_20-03-11] Found new tab/window handle -> B7B321264FEDAE0EF4ECEBF5324E54B2 (will be closed)
20:13:36 [TestNG-test-Test-1] INFO  verifyingDisplayTypeFilterFunctionality_Laptop_20-03-11 - [verifyingDisplayTypeFilterFunctionality_Laptop_20-03-11] Successfully switched to new tab/window -> B7B321264FEDAE0EF4ECEBF5324E54B2
20:13:36 [TestNG-test-Test-1] INFO  verifyingDisplayTypeFilterFunctionality_Laptop_20-03-11 - [verifyingDisplayTypeFilterFunctionality_Laptop_20-03-11] Closed the newly opened tab/window -> B7B321264FEDAE0EF4ECEBF5324E54B2
20:13:36 [TestNG-test-Test-1] INFO  verifyingDisplayTypeFilterFunctionality_Laptop_20-03-11 - [verifyingDisplayTypeFilterFunctionality_Laptop_20-03-11] Switched back to the original window -> 314D7369A7559D1F60EDBA893E955B9C
20:13:36 [TestNG-test-Test-1] INFO  verifyingDisplayTypeFilterFunctionality_Laptop_20-03-11 - [verifyingDisplayTypeFilterFunctionality_Laptop_20-03-11]  going back to product listing via closeCurrentWindowAndSwitchBack 
20:13:36 [TestNG-test-Test-1] INFO  verifyingDisplayTypeFilterFunctionality_Laptop_20-03-11 - [verifyingDisplayTypeFilterFunctionality_Laptop_20-03-11]  Added 'filter','title','keyFeatures', 'about', 'techDetails' into the Map -> productResult
20:13:36 [TestNG-test-Test-1] INFO  verifyingDisplayTypeFilterFunctionality_Laptop_20-03-11 - [verifyingDisplayTypeFilterFunctionality_Laptop_20-03-11]  Added 'productResult' Map into the 'results' i.e list of maps 
20:13:36 [TestNG-test-Test-1] INFO  verifyingDisplayTypeFilterFunctionality_Laptop_20-03-11 - [verifyingDisplayTypeFilterFunctionality_Laptop_20-03-11]==========================================================================================================
20:13:36 [TestNG-test-Test-1] INFO  verifyingDisplayTypeFilterFunctionality_Laptop_20-03-11 - [verifyingDisplayTypeFilterFunctionality_Laptop_20-03-11] Within safeFindElements 
20:13:36 [TestNG-test-Test-1] INFO  verifyingDisplayTypeFilterFunctionality_Laptop_20-03-11 - [verifyingDisplayTypeFilterFunctionality_Laptop_20-03-11] Returning the  [[[ChromeDriver: chrome on windows (6c264afaf05195094f91edece5bdd6a6)] -> xpath: //div[@data-cy='title-recipe']], [[ChromeDriver: chrome on windows (6c264afaf05195094f91edece5bdd6a6)] -> xpath: //div[@data-cy='title-recipe']], [[ChromeDriver: chrome on windows (6c264afaf05195094f91edece5bdd6a6)] -> xpath: //div[@data-cy='title-recipe']], [[ChromeDriver: chrome on windows (6c264afaf05195094f91edece5bdd6a6)] -> xpath: //div[@data-cy='title-recipe']], [[ChromeDriver: chrome on windows (6c264afaf05195094f91edece5bdd6a6)] -> xpath: //div[@data-cy='title-recipe']], [[ChromeDriver: chrome on windows (6c264afaf05195094f91edece5bdd6a6)] -> xpath: //div[@data-cy='title-recipe']], [[ChromeDriver: chrome on windows (6c264afaf05195094f91edece5bdd6a6)] -> xpath: //div[@data-cy='title-recipe']], [[ChromeDriver: chrome on windows (6c264afaf05195094f91edece5bdd6a6)] -> xpath: //div[@data-cy='title-recipe']], [[ChromeDriver: chrome on windows (6c264afaf05195094f91edece5bdd6a6)] -> xpath: //div[@data-cy='title-recipe']], [[ChromeDriver: chrome on windows (6c264afaf05195094f91edece5bdd6a6)] -> xpath: //div[@data-cy='title-recipe']], [[ChromeDriver: chrome on windows (6c264afaf05195094f91edece5bdd6a6)] -> xpath: //div[@data-cy='title-recipe']], [[ChromeDriver: chrome on windows (6c264afaf05195094f91edece5bdd6a6)] -> xpath: //div[@data-cy='title-recipe']], [[ChromeDriver: chrome on windows (6c264afaf05195094f91edece5bdd6a6)] -> xpath: //div[@data-cy='title-recipe']], [[ChromeDriver: chrome on windows (6c264afaf05195094f91edece5bdd6a6)] -> xpath: //div[@data-cy='title-recipe']], [[ChromeDriver: chrome on windows (6c264afaf05195094f91edece5bdd6a6)] -> xpath: //div[@data-cy='title-recipe']], [[ChromeDriver: chrome on windows (6c264afaf05195094f91edece5bdd6a6)] -> xpath: //div[@data-cy='title-recipe']]] from the safeFindElements method
20:13:36 [TestNG-test-Test-1] INFO  verifyingDisplayTypeFilterFunctionality_Laptop_20-03-11 - [verifyingDisplayTypeFilterFunctionality_Laptop_20-03-11] Within productNameListingPage loop in applyFilterAndValidateProductsWithResult
20:13:36 [TestNG-test-Test-1] INFO  verifyingDisplayTypeFilterFunctionality_Laptop_20-03-11 - [verifyingDisplayTypeFilterFunctionality_Laptop_20-03-11] Within getProductByIndex method
20:13:36 [TestNG-test-Test-1] INFO  verifyingDisplayTypeFilterFunctionality_Laptop_20-03-11 - [verifyingDisplayTypeFilterFunctionality_Laptop_20-03-11] Within safeFindElement method
20:13:37 [TestNG-test-Test-1] INFO  verifyingDisplayTypeFilterFunctionality_Laptop_20-03-11 - [verifyingDisplayTypeFilterFunctionality_Laptop_20-03-11]Found the element returning it ,element ->[[ChromeDriver: chrome on windows (6c264afaf05195094f91edece5bdd6a6)] -> xpath: (//div[@data-cy='title-recipe'])[3]]
20:13:37 [TestNG-test-Test-1] INFO  verifyingDisplayTypeFilterFunctionality_Laptop_20-03-11 - [verifyingDisplayTypeFilterFunctionality_Laptop_20-03-11] Within getProductByIndex method
20:13:37 [TestNG-test-Test-1] INFO  verifyingDisplayTypeFilterFunctionality_Laptop_20-03-11 - [verifyingDisplayTypeFilterFunctionality_Laptop_20-03-11] Within smoothScrollToElement method
20:13:37 [TestNG-test-Test-1] INFO  verifyingDisplayTypeFilterFunctionality_Laptop_20-03-11 - [verifyingDisplayTypeFilterFunctionality_Laptop_20-03-11] Within safeFindElement method
20:13:37 [TestNG-test-Test-1] INFO  verifyingDisplayTypeFilterFunctionality_Laptop_20-03-11 - [verifyingDisplayTypeFilterFunctionality_Laptop_20-03-11]Found the element returning it ,element ->[[ChromeDriver: chrome on windows (6c264afaf05195094f91edece5bdd6a6)] -> xpath: (//div[@data-cy='title-recipe'])[3]]
20:13:37 [TestNG-test-Test-1] INFO  verifyingDisplayTypeFilterFunctionality_Laptop_20-03-11 - [verifyingDisplayTypeFilterFunctionality_Laptop_20-03-11] Successfully scrolled to element: By.xpath: (//div[@data-cy='title-recipe'])[3]
20:13:37 [TestNG-test-Test-1] INFO  verifyingDisplayTypeFilterFunctionality_Laptop_20-03-11 - [verifyingDisplayTypeFilterFunctionality_Laptop_20-03-11] Getting product by index in productNameListingPage loop
20:13:37 [TestNG-test-Test-1] INFO  verifyingDisplayTypeFilterFunctionality_Laptop_20-03-11 - [verifyingDisplayTypeFilterFunctionality_Laptop_20-03-11] Opened product in new tab via Ctrl+Click inside productNameListingPage loop
20:13:37 [TestNG-test-Test-1] INFO  verifyingDisplayTypeFilterFunctionality_Laptop_20-03-11 - [verifyingDisplayTypeFilterFunctionality_Laptop_20-03-11] Waiting for new window to open...
20:13:37 [TestNG-test-Test-1] INFO  verifyingDisplayTypeFilterFunctionality_Laptop_20-03-11 - [verifyingDisplayTypeFilterFunctionality_Laptop_20-03-11] Switched to new window -> AAC7769AB965644020F7AFB444EE66EA
20:13:37 [TestNG-test-Test-1] INFO  verifyingDisplayTypeFilterFunctionality_Laptop_20-03-11 - [verifyingDisplayTypeFilterFunctionality_Laptop_20-03-11] Swithcing to the new window  within productNameListingPage loop
20:13:37 [TestNG-test-Test-1] INFO  verifyingDisplayTypeFilterFunctionality_Laptop_20-03-11 - [verifyingDisplayTypeFilterFunctionality_Laptop_20-03-11] Clicked product name to open in new tab from productNameListingPage loop
20:13:37 [TestNG-test-Test-1] INFO  verifyingDisplayTypeFilterFunctionality_Laptop_20-03-11 - [verifyingDisplayTypeFilterFunctionality_Laptop_20-03-11] Within safeFindElement method
20:13:41 [TestNG-test-Test-1] INFO  verifyingDisplayTypeFilterFunctionality_Laptop_20-03-11 - [verifyingDisplayTypeFilterFunctionality_Laptop_20-03-11]Found the element returning it ,element ->[[ChromeDriver: chrome on windows (6c264afaf05195094f91edece5bdd6a6)] -> xpath: //span[@id='productTitle']]
20:13:41 [TestNG-test-Test-1] INFO  verifyingDisplayTypeFilterFunctionality_Laptop_20-03-11 - [verifyingDisplayTypeFilterFunctionality_Laptop_20-03-11] Within safeFindElement method
20:13:41 [TestNG-test-Test-1] INFO  verifyingDisplayTypeFilterFunctionality_Laptop_20-03-11 - [verifyingDisplayTypeFilterFunctionality_Laptop_20-03-11]Found the element returning it ,element ->[[ChromeDriver: chrome on windows (6c264afaf05195094f91edece5bdd6a6)] -> xpath: //div[@class='a-section a-spacing-small a-spacing-top-small']]
20:13:41 [TestNG-test-Test-1] INFO  verifyingDisplayTypeFilterFunctionality_Laptop_20-03-11 - [verifyingDisplayTypeFilterFunctionality_Laptop_20-03-11] Within safeFindElement method
20:13:41 [TestNG-test-Test-1] INFO  verifyingDisplayTypeFilterFunctionality_Laptop_20-03-11 - [verifyingDisplayTypeFilterFunctionality_Laptop_20-03-11]Found the element returning it ,element ->[[ChromeDriver: chrome on windows (6c264afaf05195094f91edece5bdd6a6)] -> xpath: //div[@id='feature-bullets']]
20:13:41 [TestNG-test-Test-1] INFO  verifyingDisplayTypeFilterFunctionality_Laptop_20-03-11 - [verifyingDisplayTypeFilterFunctionality_Laptop_20-03-11] Within safeFindElement method
20:13:41 [TestNG-test-Test-1] INFO  verifyingDisplayTypeFilterFunctionality_Laptop_20-03-11 - [verifyingDisplayTypeFilterFunctionality_Laptop_20-03-11]Found the element returning it ,element ->[[ChromeDriver: chrome on windows (6c264afaf05195094f91edece5bdd6a6)] -> xpath: //div[@id='prodDetails']]
20:13:41 [TestNG-test-Test-1] INFO  verifyingDisplayTypeFilterFunctionality_Laptop_20-03-11 - [verifyingDisplayTypeFilterFunctionality_Laptop_20-03-11] Extracting 'name' , 'keyFeatures', 'about' , 'techDetails' within productNameListingPage loop
20:13:41 [TestNG-test-Test-1] INFO  verifyingDisplayTypeFilterFunctionality_Laptop_20-03-11 - [verifyingDisplayTypeFilterFunctionality_Laptop_20-03-11] Waiting until element is visible in viewport
20:13:51 [TestNG-test-Test-1] INFO  verifyingDisplayTypeFilterFunctionality_Laptop_20-03-11 - [verifyingDisplayTypeFilterFunctionality_Laptop_20-03-11] Within smoothScrollToElement method
20:13:51 [TestNG-test-Test-1] INFO  verifyingDisplayTypeFilterFunctionality_Laptop_20-03-11 - [verifyingDisplayTypeFilterFunctionality_Laptop_20-03-11] Within safeFindElement method
20:13:51 [TestNG-test-Test-1] INFO  verifyingDisplayTypeFilterFunctionality_Laptop_20-03-11 - [verifyingDisplayTypeFilterFunctionality_Laptop_20-03-11]Found the element returning it ,element ->[[ChromeDriver: chrome on windows (6c264afaf05195094f91edece5bdd6a6)] -> xpath: //a[@id='seeMoreDetailsLink']]
20:13:51 [TestNG-test-Test-1] INFO  verifyingDisplayTypeFilterFunctionality_Laptop_20-03-11 - [verifyingDisplayTypeFilterFunctionality_Laptop_20-03-11] Successfully scrolled to element: By.xpath: //a[@id='seeMoreDetailsLink']
20:13:51 [TestNG-test-Test-1] INFO  verifyingDisplayTypeFilterFunctionality_Laptop_20-03-11 - [verifyingDisplayTypeFilterFunctionality_Laptop_20-03-11] Within safeClick method
20:13:52 [TestNG-test-Test-1] INFO  verifyingDisplayTypeFilterFunctionality_Laptop_20-03-11 - [verifyingDisplayTypeFilterFunctionality_Laptop_20-03-11] Clicked the  [[ChromeDriver: chrome on windows (6c264afaf05195094f91edece5bdd6a6)] -> xpath: //a[@id='seeMoreDetailsLink']]   using safeClick
20:13:52 [TestNG-test-Test-1] INFO  verifyingDisplayTypeFilterFunctionality_Laptop_20-03-11 - [verifyingDisplayTypeFilterFunctionality_Laptop_20-03-11] Within try block for clicking see more deatils within productNameListingPage loop
20:13:52 [TestNG-test-Test-1] INFO  verifyingDisplayTypeFilterFunctionality_Laptop_20-03-11 - [verifyingDisplayTypeFilterFunctionality_Laptop_20-03-11] Within closeCurrentWindowAndSwitchBack method
20:13:52 [TestNG-test-Test-1] INFO  verifyingDisplayTypeFilterFunctionality_Laptop_20-03-11 - [verifyingDisplayTypeFilterFunctionality_Laptop_20-03-11] Total open windows/tabs count -> 2
20:13:52 [TestNG-test-Test-1] INFO  verifyingDisplayTypeFilterFunctionality_Laptop_20-03-11 - [verifyingDisplayTypeFilterFunctionality_Laptop_20-03-11] Original window handle -> 314D7369A7559D1F60EDBA893E955B9C
20:13:52 [TestNG-test-Test-1] INFO  verifyingDisplayTypeFilterFunctionality_Laptop_20-03-11 - [verifyingDisplayTypeFilterFunctionality_Laptop_20-03-11] Found new tab/window handle -> AAC7769AB965644020F7AFB444EE66EA (will be closed)
20:13:52 [TestNG-test-Test-1] INFO  verifyingDisplayTypeFilterFunctionality_Laptop_20-03-11 - [verifyingDisplayTypeFilterFunctionality_Laptop_20-03-11] Successfully switched to new tab/window -> AAC7769AB965644020F7AFB444EE66EA
20:13:52 [TestNG-test-Test-1] INFO  verifyingDisplayTypeFilterFunctionality_Laptop_20-03-11 - [verifyingDisplayTypeFilterFunctionality_Laptop_20-03-11] Closed the newly opened tab/window -> AAC7769AB965644020F7AFB444EE66EA
20:13:52 [TestNG-test-Test-1] INFO  verifyingDisplayTypeFilterFunctionality_Laptop_20-03-11 - [verifyingDisplayTypeFilterFunctionality_Laptop_20-03-11] Switched back to the original window -> 314D7369A7559D1F60EDBA893E955B9C
20:13:52 [TestNG-test-Test-1] INFO  verifyingDisplayTypeFilterFunctionality_Laptop_20-03-11 - [verifyingDisplayTypeFilterFunctionality_Laptop_20-03-11]  going back to product listing via closeCurrentWindowAndSwitchBack 
20:13:52 [TestNG-test-Test-1] INFO  verifyingDisplayTypeFilterFunctionality_Laptop_20-03-11 - [verifyingDisplayTypeFilterFunctionality_Laptop_20-03-11]  Added 'filter','title','keyFeatures', 'about', 'techDetails' into the Map -> productResult
20:13:52 [TestNG-test-Test-1] INFO  verifyingDisplayTypeFilterFunctionality_Laptop_20-03-11 - [verifyingDisplayTypeFilterFunctionality_Laptop_20-03-11]  Added 'productResult' Map into the 'results' i.e list of maps 
20:13:52 [TestNG-test-Test-1] INFO  verifyingDisplayTypeFilterFunctionality_Laptop_20-03-11 - [verifyingDisplayTypeFilterFunctionality_Laptop_20-03-11]==========================================================================================================
20:13:52 [TestNG-test-Test-1] INFO  verifyingDisplayTypeFilterFunctionality_Laptop_20-03-11 - [verifyingDisplayTypeFilterFunctionality_Laptop_20-03-11] Within safeFindElements 
20:13:52 [TestNG-test-Test-1] INFO  verifyingDisplayTypeFilterFunctionality_Laptop_20-03-11 - [verifyingDisplayTypeFilterFunctionality_Laptop_20-03-11] Returning the  [[[ChromeDriver: chrome on windows (6c264afaf05195094f91edece5bdd6a6)] -> xpath: //div[@data-cy='title-recipe']], [[ChromeDriver: chrome on windows (6c264afaf05195094f91edece5bdd6a6)] -> xpath: //div[@data-cy='title-recipe']], [[ChromeDriver: chrome on windows (6c264afaf05195094f91edece5bdd6a6)] -> xpath: //div[@data-cy='title-recipe']], [[ChromeDriver: chrome on windows (6c264afaf05195094f91edece5bdd6a6)] -> xpath: //div[@data-cy='title-recipe']], [[ChromeDriver: chrome on windows (6c264afaf05195094f91edece5bdd6a6)] -> xpath: //div[@data-cy='title-recipe']], [[ChromeDriver: chrome on windows (6c264afaf05195094f91edece5bdd6a6)] -> xpath: //div[@data-cy='title-recipe']], [[ChromeDriver: chrome on windows (6c264afaf05195094f91edece5bdd6a6)] -> xpath: //div[@data-cy='title-recipe']], [[ChromeDriver: chrome on windows (6c264afaf05195094f91edece5bdd6a6)] -> xpath: //div[@data-cy='title-recipe']], [[ChromeDriver: chrome on windows (6c264afaf05195094f91edece5bdd6a6)] -> xpath: //div[@data-cy='title-recipe']], [[ChromeDriver: chrome on windows (6c264afaf05195094f91edece5bdd6a6)] -> xpath: //div[@data-cy='title-recipe']], [[ChromeDriver: chrome on windows (6c264afaf05195094f91edece5bdd6a6)] -> xpath: //div[@data-cy='title-recipe']], [[ChromeDriver: chrome on windows (6c264afaf05195094f91edece5bdd6a6)] -> xpath: //div[@data-cy='title-recipe']], [[ChromeDriver: chrome on windows (6c264afaf05195094f91edece5bdd6a6)] -> xpath: //div[@data-cy='title-recipe']], [[ChromeDriver: chrome on windows (6c264afaf05195094f91edece5bdd6a6)] -> xpath: //div[@data-cy='title-recipe']], [[ChromeDriver: chrome on windows (6c264afaf05195094f91edece5bdd6a6)] -> xpath: //div[@data-cy='title-recipe']], [[ChromeDriver: chrome on windows (6c264afaf05195094f91edece5bdd6a6)] -> xpath: //div[@data-cy='title-recipe']]] from the safeFindElements method
20:13:52 [TestNG-test-Test-1] INFO  verifyingDisplayTypeFilterFunctionality_Laptop_20-03-11 - [verifyingDisplayTypeFilterFunctionality_Laptop_20-03-11] Within productNameListingPage loop in applyFilterAndValidateProductsWithResult
20:13:52 [TestNG-test-Test-1] INFO  verifyingDisplayTypeFilterFunctionality_Laptop_20-03-11 - [verifyingDisplayTypeFilterFunctionality_Laptop_20-03-11] Within getProductByIndex method
20:13:52 [TestNG-test-Test-1] INFO  verifyingDisplayTypeFilterFunctionality_Laptop_20-03-11 - [verifyingDisplayTypeFilterFunctionality_Laptop_20-03-11] Within safeFindElement method
20:13:52 [TestNG-test-Test-1] INFO  verifyingDisplayTypeFilterFunctionality_Laptop_20-03-11 - [verifyingDisplayTypeFilterFunctionality_Laptop_20-03-11]Found the element returning it ,element ->[[ChromeDriver: chrome on windows (6c264afaf05195094f91edece5bdd6a6)] -> xpath: (//div[@data-cy='title-recipe'])[4]]
20:13:52 [TestNG-test-Test-1] INFO  verifyingDisplayTypeFilterFunctionality_Laptop_20-03-11 - [verifyingDisplayTypeFilterFunctionality_Laptop_20-03-11] Within getProductByIndex method
20:13:52 [TestNG-test-Test-1] INFO  verifyingDisplayTypeFilterFunctionality_Laptop_20-03-11 - [verifyingDisplayTypeFilterFunctionality_Laptop_20-03-11] Within smoothScrollToElement method
20:13:52 [TestNG-test-Test-1] INFO  verifyingDisplayTypeFilterFunctionality_Laptop_20-03-11 - [verifyingDisplayTypeFilterFunctionality_Laptop_20-03-11] Within safeFindElement method
20:13:52 [TestNG-test-Test-1] INFO  verifyingDisplayTypeFilterFunctionality_Laptop_20-03-11 - [verifyingDisplayTypeFilterFunctionality_Laptop_20-03-11]Found the element returning it ,element ->[[ChromeDriver: chrome on windows (6c264afaf05195094f91edece5bdd6a6)] -> xpath: (//div[@data-cy='title-recipe'])[4]]
20:13:52 [TestNG-test-Test-1] INFO  verifyingDisplayTypeFilterFunctionality_Laptop_20-03-11 - [verifyingDisplayTypeFilterFunctionality_Laptop_20-03-11] Successfully scrolled to element: By.xpath: (//div[@data-cy='title-recipe'])[4]
20:13:52 [TestNG-test-Test-1] INFO  verifyingDisplayTypeFilterFunctionality_Laptop_20-03-11 - [verifyingDisplayTypeFilterFunctionality_Laptop_20-03-11] Getting product by index in productNameListingPage loop
20:13:53 [TestNG-test-Test-1] INFO  verifyingDisplayTypeFilterFunctionality_Laptop_20-03-11 - [verifyingDisplayTypeFilterFunctionality_Laptop_20-03-11] Opened product in new tab via Ctrl+Click inside productNameListingPage loop
20:13:53 [TestNG-test-Test-1] INFO  verifyingDisplayTypeFilterFunctionality_Laptop_20-03-11 - [verifyingDisplayTypeFilterFunctionality_Laptop_20-03-11] Waiting for new window to open...
20:13:53 [TestNG-test-Test-1] INFO  verifyingDisplayTypeFilterFunctionality_Laptop_20-03-11 - [verifyingDisplayTypeFilterFunctionality_Laptop_20-03-11] Switched to new window -> 278EDC84430E89626DA98481B132A94B
20:13:53 [TestNG-test-Test-1] INFO  verifyingDisplayTypeFilterFunctionality_Laptop_20-03-11 - [verifyingDisplayTypeFilterFunctionality_Laptop_20-03-11] Swithcing to the new window  within productNameListingPage loop
20:13:53 [TestNG-test-Test-1] INFO  verifyingDisplayTypeFilterFunctionality_Laptop_20-03-11 - [verifyingDisplayTypeFilterFunctionality_Laptop_20-03-11] Clicked product name to open in new tab from productNameListingPage loop
20:13:53 [TestNG-test-Test-1] INFO  verifyingDisplayTypeFilterFunctionality_Laptop_20-03-11 - [verifyingDisplayTypeFilterFunctionality_Laptop_20-03-11] Within safeFindElement method
20:13:58 [TestNG-test-Test-1] INFO  verifyingDisplayTypeFilterFunctionality_Laptop_20-03-11 - [verifyingDisplayTypeFilterFunctionality_Laptop_20-03-11]Found the element returning it ,element ->[[ChromeDriver: chrome on windows (6c264afaf05195094f91edece5bdd6a6)] -> xpath: //span[@id='productTitle']]
20:13:58 [TestNG-test-Test-1] INFO  verifyingDisplayTypeFilterFunctionality_Laptop_20-03-11 - [verifyingDisplayTypeFilterFunctionality_Laptop_20-03-11] Within safeFindElement method
20:13:58 [TestNG-test-Test-1] INFO  verifyingDisplayTypeFilterFunctionality_Laptop_20-03-11 - [verifyingDisplayTypeFilterFunctionality_Laptop_20-03-11]Found the element returning it ,element ->[[ChromeDriver: chrome on windows (6c264afaf05195094f91edece5bdd6a6)] -> xpath: //div[@class='a-section a-spacing-small a-spacing-top-small']]
20:13:58 [TestNG-test-Test-1] INFO  verifyingDisplayTypeFilterFunctionality_Laptop_20-03-11 - [verifyingDisplayTypeFilterFunctionality_Laptop_20-03-11] Within safeFindElement method
20:13:58 [TestNG-test-Test-1] INFO  verifyingDisplayTypeFilterFunctionality_Laptop_20-03-11 - [verifyingDisplayTypeFilterFunctionality_Laptop_20-03-11]Found the element returning it ,element ->[[ChromeDriver: chrome on windows (6c264afaf05195094f91edece5bdd6a6)] -> xpath: //div[@id='feature-bullets']]
20:13:58 [TestNG-test-Test-1] INFO  verifyingDisplayTypeFilterFunctionality_Laptop_20-03-11 - [verifyingDisplayTypeFilterFunctionality_Laptop_20-03-11] Within safeFindElement method
20:13:58 [TestNG-test-Test-1] INFO  verifyingDisplayTypeFilterFunctionality_Laptop_20-03-11 - [verifyingDisplayTypeFilterFunctionality_Laptop_20-03-11]Found the element returning it ,element ->[[ChromeDriver: chrome on windows (6c264afaf05195094f91edece5bdd6a6)] -> xpath: //div[@id='prodDetails']]
20:13:58 [TestNG-test-Test-1] INFO  verifyingDisplayTypeFilterFunctionality_Laptop_20-03-11 - [verifyingDisplayTypeFilterFunctionality_Laptop_20-03-11] Extracting 'name' , 'keyFeatures', 'about' , 'techDetails' within productNameListingPage loop
20:13:58 [TestNG-test-Test-1] INFO  verifyingDisplayTypeFilterFunctionality_Laptop_20-03-11 - [verifyingDisplayTypeFilterFunctionality_Laptop_20-03-11] Waiting until element is visible in viewport
20:14:08 [TestNG-test-Test-1] INFO  verifyingDisplayTypeFilterFunctionality_Laptop_20-03-11 - [verifyingDisplayTypeFilterFunctionality_Laptop_20-03-11] Within smoothScrollToElement method
20:14:08 [TestNG-test-Test-1] INFO  verifyingDisplayTypeFilterFunctionality_Laptop_20-03-11 - [verifyingDisplayTypeFilterFunctionality_Laptop_20-03-11] Within safeFindElement method
20:14:08 [TestNG-test-Test-1] INFO  verifyingDisplayTypeFilterFunctionality_Laptop_20-03-11 - [verifyingDisplayTypeFilterFunctionality_Laptop_20-03-11]Found the element returning it ,element ->[[ChromeDriver: chrome on windows (6c264afaf05195094f91edece5bdd6a6)] -> xpath: //a[@id='seeMoreDetailsLink']]
20:14:08 [TestNG-test-Test-1] INFO  verifyingDisplayTypeFilterFunctionality_Laptop_20-03-11 - [verifyingDisplayTypeFilterFunctionality_Laptop_20-03-11] Successfully scrolled to element: By.xpath: //a[@id='seeMoreDetailsLink']
20:14:08 [TestNG-test-Test-1] INFO  verifyingDisplayTypeFilterFunctionality_Laptop_20-03-11 - [verifyingDisplayTypeFilterFunctionality_Laptop_20-03-11] Within safeClick method
20:14:09 [TestNG-test-Test-1] INFO  verifyingDisplayTypeFilterFunctionality_Laptop_20-03-11 - [verifyingDisplayTypeFilterFunctionality_Laptop_20-03-11] Clicked the  [[ChromeDriver: chrome on windows (6c264afaf05195094f91edece5bdd6a6)] -> xpath: //a[@id='seeMoreDetailsLink']]   using safeClick
20:14:09 [TestNG-test-Test-1] INFO  verifyingDisplayTypeFilterFunctionality_Laptop_20-03-11 - [verifyingDisplayTypeFilterFunctionality_Laptop_20-03-11] Within try block for clicking see more deatils within productNameListingPage loop
20:14:09 [TestNG-test-Test-1] INFO  verifyingDisplayTypeFilterFunctionality_Laptop_20-03-11 - [verifyingDisplayTypeFilterFunctionality_Laptop_20-03-11] Within closeCurrentWindowAndSwitchBack method
20:14:09 [TestNG-test-Test-1] INFO  verifyingDisplayTypeFilterFunctionality_Laptop_20-03-11 - [verifyingDisplayTypeFilterFunctionality_Laptop_20-03-11] Total open windows/tabs count -> 2
20:14:09 [TestNG-test-Test-1] INFO  verifyingDisplayTypeFilterFunctionality_Laptop_20-03-11 - [verifyingDisplayTypeFilterFunctionality_Laptop_20-03-11] Original window handle -> 314D7369A7559D1F60EDBA893E955B9C
20:14:09 [TestNG-test-Test-1] INFO  verifyingDisplayTypeFilterFunctionality_Laptop_20-03-11 - [verifyingDisplayTypeFilterFunctionality_Laptop_20-03-11] Found new tab/window handle -> 278EDC84430E89626DA98481B132A94B (will be closed)
20:14:09 [TestNG-test-Test-1] INFO  verifyingDisplayTypeFilterFunctionality_Laptop_20-03-11 - [verifyingDisplayTypeFilterFunctionality_Laptop_20-03-11] Successfully switched to new tab/window -> 278EDC84430E89626DA98481B132A94B
20:14:09 [TestNG-test-Test-1] INFO  verifyingDisplayTypeFilterFunctionality_Laptop_20-03-11 - [verifyingDisplayTypeFilterFunctionality_Laptop_20-03-11] Closed the newly opened tab/window -> 278EDC84430E89626DA98481B132A94B
20:14:09 [TestNG-test-Test-1] INFO  verifyingDisplayTypeFilterFunctionality_Laptop_20-03-11 - [verifyingDisplayTypeFilterFunctionality_Laptop_20-03-11] Switched back to the original window -> 314D7369A7559D1F60EDBA893E955B9C
20:14:09 [TestNG-test-Test-1] INFO  verifyingDisplayTypeFilterFunctionality_Laptop_20-03-11 - [verifyingDisplayTypeFilterFunctionality_Laptop_20-03-11]  going back to product listing via closeCurrentWindowAndSwitchBack 
20:14:09 [TestNG-test-Test-1] INFO  verifyingDisplayTypeFilterFunctionality_Laptop_20-03-11 - [verifyingDisplayTypeFilterFunctionality_Laptop_20-03-11]  Added 'filter','title','keyFeatures', 'about', 'techDetails' into the Map -> productResult
20:14:09 [TestNG-test-Test-1] INFO  verifyingDisplayTypeFilterFunctionality_Laptop_20-03-11 - [verifyingDisplayTypeFilterFunctionality_Laptop_20-03-11]  Added 'productResult' Map into the 'results' i.e list of maps 
20:14:09 [TestNG-test-Test-1] INFO  verifyingDisplayTypeFilterFunctionality_Laptop_20-03-11 - [verifyingDisplayTypeFilterFunctionality_Laptop_20-03-11]==========================================================================================================
20:14:09 [TestNG-test-Test-1] INFO  verifyingDisplayTypeFilterFunctionality_Laptop_20-03-11 - [verifyingDisplayTypeFilterFunctionality_Laptop_20-03-11] Within safeFindElements 
20:14:09 [TestNG-test-Test-1] INFO  verifyingDisplayTypeFilterFunctionality_Laptop_20-03-11 - [verifyingDisplayTypeFilterFunctionality_Laptop_20-03-11] Returning the  [[[ChromeDriver: chrome on windows (6c264afaf05195094f91edece5bdd6a6)] -> xpath: //div[@data-cy='title-recipe']], [[ChromeDriver: chrome on windows (6c264afaf05195094f91edece5bdd6a6)] -> xpath: //div[@data-cy='title-recipe']], [[ChromeDriver: chrome on windows (6c264afaf05195094f91edece5bdd6a6)] -> xpath: //div[@data-cy='title-recipe']], [[ChromeDriver: chrome on windows (6c264afaf05195094f91edece5bdd6a6)] -> xpath: //div[@data-cy='title-recipe']], [[ChromeDriver: chrome on windows (6c264afaf05195094f91edece5bdd6a6)] -> xpath: //div[@data-cy='title-recipe']], [[ChromeDriver: chrome on windows (6c264afaf05195094f91edece5bdd6a6)] -> xpath: //div[@data-cy='title-recipe']], [[ChromeDriver: chrome on windows (6c264afaf05195094f91edece5bdd6a6)] -> xpath: //div[@data-cy='title-recipe']], [[ChromeDriver: chrome on windows (6c264afaf05195094f91edece5bdd6a6)] -> xpath: //div[@data-cy='title-recipe']], [[ChromeDriver: chrome on windows (6c264afaf05195094f91edece5bdd6a6)] -> xpath: //div[@data-cy='title-recipe']], [[ChromeDriver: chrome on windows (6c264afaf05195094f91edece5bdd6a6)] -> xpath: //div[@data-cy='title-recipe']], [[ChromeDriver: chrome on windows (6c264afaf05195094f91edece5bdd6a6)] -> xpath: //div[@data-cy='title-recipe']], [[ChromeDriver: chrome on windows (6c264afaf05195094f91edece5bdd6a6)] -> xpath: //div[@data-cy='title-recipe']], [[ChromeDriver: chrome on windows (6c264afaf05195094f91edece5bdd6a6)] -> xpath: //div[@data-cy='title-recipe']], [[ChromeDriver: chrome on windows (6c264afaf05195094f91edece5bdd6a6)] -> xpath: //div[@data-cy='title-recipe']], [[ChromeDriver: chrome on windows (6c264afaf05195094f91edece5bdd6a6)] -> xpath: //div[@data-cy='title-recipe']], [[ChromeDriver: chrome on windows (6c264afaf05195094f91edece5bdd6a6)] -> xpath: //div[@data-cy='title-recipe']]] from the safeFindElements method
20:14:09 [TestNG-test-Test-1] INFO  verifyingDisplayTypeFilterFunctionality_Laptop_20-03-11 - [verifyingDisplayTypeFilterFunctionality_Laptop_20-03-11] Within productNameListingPage loop in applyFilterAndValidateProductsWithResult
20:14:09 [TestNG-test-Test-1] INFO  verifyingDisplayTypeFilterFunctionality_Laptop_20-03-11 - [verifyingDisplayTypeFilterFunctionality_Laptop_20-03-11] Within getProductByIndex method
20:14:09 [TestNG-test-Test-1] INFO  verifyingDisplayTypeFilterFunctionality_Laptop_20-03-11 - [verifyingDisplayTypeFilterFunctionality_Laptop_20-03-11] Within safeFindElement method
20:14:09 [TestNG-test-Test-1] INFO  verifyingDisplayTypeFilterFunctionality_Laptop_20-03-11 - [verifyingDisplayTypeFilterFunctionality_Laptop_20-03-11]Found the element returning it ,element ->[[ChromeDriver: chrome on windows (6c264afaf05195094f91edece5bdd6a6)] -> xpath: (//div[@data-cy='title-recipe'])[5]]
20:14:09 [TestNG-test-Test-1] INFO  verifyingDisplayTypeFilterFunctionality_Laptop_20-03-11 - [verifyingDisplayTypeFilterFunctionality_Laptop_20-03-11] Within getProductByIndex method
20:14:09 [TestNG-test-Test-1] INFO  verifyingDisplayTypeFilterFunctionality_Laptop_20-03-11 - [verifyingDisplayTypeFilterFunctionality_Laptop_20-03-11] Within smoothScrollToElement method
20:14:09 [TestNG-test-Test-1] INFO  verifyingDisplayTypeFilterFunctionality_Laptop_20-03-11 - [verifyingDisplayTypeFilterFunctionality_Laptop_20-03-11] Within safeFindElement method
20:14:09 [TestNG-test-Test-1] INFO  verifyingDisplayTypeFilterFunctionality_Laptop_20-03-11 - [verifyingDisplayTypeFilterFunctionality_Laptop_20-03-11]Found the element returning it ,element ->[[ChromeDriver: chrome on windows (6c264afaf05195094f91edece5bdd6a6)] -> xpath: (//div[@data-cy='title-recipe'])[5]]
20:14:09 [TestNG-test-Test-1] INFO  verifyingDisplayTypeFilterFunctionality_Laptop_20-03-11 - [verifyingDisplayTypeFilterFunctionality_Laptop_20-03-11] Successfully scrolled to element: By.xpath: (//div[@data-cy='title-recipe'])[5]
20:14:09 [TestNG-test-Test-1] INFO  verifyingDisplayTypeFilterFunctionality_Laptop_20-03-11 - [verifyingDisplayTypeFilterFunctionality_Laptop_20-03-11] Getting product by index in productNameListingPage loop
20:14:10 [TestNG-test-Test-1] INFO  verifyingDisplayTypeFilterFunctionality_Laptop_20-03-11 - [verifyingDisplayTypeFilterFunctionality_Laptop_20-03-11] Opened product in new tab via Ctrl+Click inside productNameListingPage loop
20:14:10 [TestNG-test-Test-1] INFO  verifyingDisplayTypeFilterFunctionality_Laptop_20-03-11 - [verifyingDisplayTypeFilterFunctionality_Laptop_20-03-11] Waiting for new window to open...
20:14:10 [TestNG-test-Test-1] INFO  verifyingDisplayTypeFilterFunctionality_Laptop_20-03-11 - [verifyingDisplayTypeFilterFunctionality_Laptop_20-03-11] Switched to new window -> 37E5939FF3DD0AC3DD439BBECAB66670
20:14:10 [TestNG-test-Test-1] INFO  verifyingDisplayTypeFilterFunctionality_Laptop_20-03-11 - [verifyingDisplayTypeFilterFunctionality_Laptop_20-03-11] Swithcing to the new window  within productNameListingPage loop
20:14:10 [TestNG-test-Test-1] INFO  verifyingDisplayTypeFilterFunctionality_Laptop_20-03-11 - [verifyingDisplayTypeFilterFunctionality_Laptop_20-03-11] Clicked product name to open in new tab from productNameListingPage loop
20:14:10 [TestNG-test-Test-1] INFO  verifyingDisplayTypeFilterFunctionality_Laptop_20-03-11 - [verifyingDisplayTypeFilterFunctionality_Laptop_20-03-11] Within safeFindElement method
20:14:12 [TestNG-test-Test-1] INFO  verifyingDisplayTypeFilterFunctionality_Laptop_20-03-11 - [verifyingDisplayTypeFilterFunctionality_Laptop_20-03-11]Found the element returning it ,element ->[[ChromeDriver: chrome on windows (6c264afaf05195094f91edece5bdd6a6)] -> xpath: //span[@id='productTitle']]
20:14:12 [TestNG-test-Test-1] INFO  verifyingDisplayTypeFilterFunctionality_Laptop_20-03-11 - [verifyingDisplayTypeFilterFunctionality_Laptop_20-03-11] Within safeFindElement method
20:14:13 [TestNG-test-Test-1] INFO  verifyingDisplayTypeFilterFunctionality_Laptop_20-03-11 - [verifyingDisplayTypeFilterFunctionality_Laptop_20-03-11]Found the element returning it ,element ->[[ChromeDriver: chrome on windows (6c264afaf05195094f91edece5bdd6a6)] -> xpath: //div[@class='a-section a-spacing-small a-spacing-top-small']]
20:14:13 [TestNG-test-Test-1] INFO  verifyingDisplayTypeFilterFunctionality_Laptop_20-03-11 - [verifyingDisplayTypeFilterFunctionality_Laptop_20-03-11] Within safeFindElement method
20:14:13 [TestNG-test-Test-1] INFO  verifyingDisplayTypeFilterFunctionality_Laptop_20-03-11 - [verifyingDisplayTypeFilterFunctionality_Laptop_20-03-11]Found the element returning it ,element ->[[ChromeDriver: chrome on windows (6c264afaf05195094f91edece5bdd6a6)] -> xpath: //div[@id='feature-bullets']]
20:14:13 [TestNG-test-Test-1] INFO  verifyingDisplayTypeFilterFunctionality_Laptop_20-03-11 - [verifyingDisplayTypeFilterFunctionality_Laptop_20-03-11] Within safeFindElement method
20:14:13 [TestNG-test-Test-1] INFO  verifyingDisplayTypeFilterFunctionality_Laptop_20-03-11 - [verifyingDisplayTypeFilterFunctionality_Laptop_20-03-11]Found the element returning it ,element ->[[ChromeDriver: chrome on windows (6c264afaf05195094f91edece5bdd6a6)] -> xpath: //div[@id='prodDetails']]
20:14:13 [TestNG-test-Test-1] INFO  verifyingDisplayTypeFilterFunctionality_Laptop_20-03-11 - [verifyingDisplayTypeFilterFunctionality_Laptop_20-03-11] Extracting 'name' , 'keyFeatures', 'about' , 'techDetails' within productNameListingPage loop
20:14:13 [TestNG-test-Test-1] INFO  verifyingDisplayTypeFilterFunctionality_Laptop_20-03-11 - [verifyingDisplayTypeFilterFunctionality_Laptop_20-03-11] Waiting until element is visible in viewport
20:14:23 [TestNG-test-Test-1] INFO  verifyingDisplayTypeFilterFunctionality_Laptop_20-03-11 - [verifyingDisplayTypeFilterFunctionality_Laptop_20-03-11] Within smoothScrollToElement method
20:14:23 [TestNG-test-Test-1] INFO  verifyingDisplayTypeFilterFunctionality_Laptop_20-03-11 - [verifyingDisplayTypeFilterFunctionality_Laptop_20-03-11] Within safeFindElement method
20:14:23 [TestNG-test-Test-1] INFO  verifyingDisplayTypeFilterFunctionality_Laptop_20-03-11 - [verifyingDisplayTypeFilterFunctionality_Laptop_20-03-11]Found the element returning it ,element ->[[ChromeDriver: chrome on windows (6c264afaf05195094f91edece5bdd6a6)] -> xpath: //a[@id='seeMoreDetailsLink']]
20:14:24 [TestNG-test-Test-1] INFO  verifyingDisplayTypeFilterFunctionality_Laptop_20-03-11 - [verifyingDisplayTypeFilterFunctionality_Laptop_20-03-11] Successfully scrolled to element: By.xpath: //a[@id='seeMoreDetailsLink']
20:14:24 [TestNG-test-Test-1] INFO  verifyingDisplayTypeFilterFunctionality_Laptop_20-03-11 - [verifyingDisplayTypeFilterFunctionality_Laptop_20-03-11] Within safeClick method
20:14:24 [TestNG-test-Test-1] INFO  verifyingDisplayTypeFilterFunctionality_Laptop_20-03-11 - [verifyingDisplayTypeFilterFunctionality_Laptop_20-03-11] Clicked the  [[ChromeDriver: chrome on windows (6c264afaf05195094f91edece5bdd6a6)] -> xpath: //a[@id='seeMoreDetailsLink']]   using safeClick
20:14:24 [TestNG-test-Test-1] INFO  verifyingDisplayTypeFilterFunctionality_Laptop_20-03-11 - [verifyingDisplayTypeFilterFunctionality_Laptop_20-03-11] Within try block for clicking see more deatils within productNameListingPage loop
20:14:24 [TestNG-test-Test-1] INFO  verifyingDisplayTypeFilterFunctionality_Laptop_20-03-11 - [verifyingDisplayTypeFilterFunctionality_Laptop_20-03-11] Within closeCurrentWindowAndSwitchBack method
20:14:24 [TestNG-test-Test-1] INFO  verifyingDisplayTypeFilterFunctionality_Laptop_20-03-11 - [verifyingDisplayTypeFilterFunctionality_Laptop_20-03-11] Total open windows/tabs count -> 2
20:14:24 [TestNG-test-Test-1] INFO  verifyingDisplayTypeFilterFunctionality_Laptop_20-03-11 - [verifyingDisplayTypeFilterFunctionality_Laptop_20-03-11] Original window handle -> 314D7369A7559D1F60EDBA893E955B9C
20:14:24 [TestNG-test-Test-1] INFO  verifyingDisplayTypeFilterFunctionality_Laptop_20-03-11 - [verifyingDisplayTypeFilterFunctionality_Laptop_20-03-11] Found new tab/window handle -> 37E5939FF3DD0AC3DD439BBECAB66670 (will be closed)
20:14:24 [TestNG-test-Test-1] INFO  verifyingDisplayTypeFilterFunctionality_Laptop_20-03-11 - [verifyingDisplayTypeFilterFunctionality_Laptop_20-03-11] Successfully switched to new tab/window -> 37E5939FF3DD0AC3DD439BBECAB66670
20:14:24 [TestNG-test-Test-1] INFO  verifyingDisplayTypeFilterFunctionality_Laptop_20-03-11 - [verifyingDisplayTypeFilterFunctionality_Laptop_20-03-11] Closed the newly opened tab/window -> 37E5939FF3DD0AC3DD439BBECAB66670
20:14:24 [TestNG-test-Test-1] INFO  verifyingDisplayTypeFilterFunctionality_Laptop_20-03-11 - [verifyingDisplayTypeFilterFunctionality_Laptop_20-03-11] Switched back to the original window -> 314D7369A7559D1F60EDBA893E955B9C
20:14:24 [TestNG-test-Test-1] INFO  verifyingDisplayTypeFilterFunctionality_Laptop_20-03-11 - [verifyingDisplayTypeFilterFunctionality_Laptop_20-03-11]  going back to product listing via closeCurrentWindowAndSwitchBack 
20:14:24 [TestNG-test-Test-1] INFO  verifyingDisplayTypeFilterFunctionality_Laptop_20-03-11 - [verifyingDisplayTypeFilterFunctionality_Laptop_20-03-11]  Added 'filter','title','keyFeatures', 'about', 'techDetails' into the Map -> productResult
20:14:24 [TestNG-test-Test-1] INFO  verifyingDisplayTypeFilterFunctionality_Laptop_20-03-11 - [verifyingDisplayTypeFilterFunctionality_Laptop_20-03-11]  Added 'productResult' Map into the 'results' i.e list of maps 
20:14:24 [TestNG-test-Test-1] INFO  verifyingDisplayTypeFilterFunctionality_Laptop_20-03-11 - [verifyingDisplayTypeFilterFunctionality_Laptop_20-03-11]==========================================================================================================
20:14:24 [TestNG-test-Test-1] INFO  verifyingDisplayTypeFilterFunctionality_Laptop_20-03-11 - [verifyingDisplayTypeFilterFunctionality_Laptop_20-03-11] Within safeFindElements 
20:14:24 [TestNG-test-Test-1] INFO  verifyingDisplayTypeFilterFunctionality_Laptop_20-03-11 - [verifyingDisplayTypeFilterFunctionality_Laptop_20-03-11] Returning the  [[[ChromeDriver: chrome on windows (6c264afaf05195094f91edece5bdd6a6)] -> xpath: //div[@data-cy='title-recipe']], [[ChromeDriver: chrome on windows (6c264afaf05195094f91edece5bdd6a6)] -> xpath: //div[@data-cy='title-recipe']], [[ChromeDriver: chrome on windows (6c264afaf05195094f91edece5bdd6a6)] -> xpath: //div[@data-cy='title-recipe']], [[ChromeDriver: chrome on windows (6c264afaf05195094f91edece5bdd6a6)] -> xpath: //div[@data-cy='title-recipe']], [[ChromeDriver: chrome on windows (6c264afaf05195094f91edece5bdd6a6)] -> xpath: //div[@data-cy='title-recipe']], [[ChromeDriver: chrome on windows (6c264afaf05195094f91edece5bdd6a6)] -> xpath: //div[@data-cy='title-recipe']], [[ChromeDriver: chrome on windows (6c264afaf05195094f91edece5bdd6a6)] -> xpath: //div[@data-cy='title-recipe']], [[ChromeDriver: chrome on windows (6c264afaf05195094f91edece5bdd6a6)] -> xpath: //div[@data-cy='title-recipe']], [[ChromeDriver: chrome on windows (6c264afaf05195094f91edece5bdd6a6)] -> xpath: //div[@data-cy='title-recipe']], [[ChromeDriver: chrome on windows (6c264afaf05195094f91edece5bdd6a6)] -> xpath: //div[@data-cy='title-recipe']], [[ChromeDriver: chrome on windows (6c264afaf05195094f91edece5bdd6a6)] -> xpath: //div[@data-cy='title-recipe']], [[ChromeDriver: chrome on windows (6c264afaf05195094f91edece5bdd6a6)] -> xpath: //div[@data-cy='title-recipe']], [[ChromeDriver: chrome on windows (6c264afaf05195094f91edece5bdd6a6)] -> xpath: //div[@data-cy='title-recipe']], [[ChromeDriver: chrome on windows (6c264afaf05195094f91edece5bdd6a6)] -> xpath: //div[@data-cy='title-recipe']], [[ChromeDriver: chrome on windows (6c264afaf05195094f91edece5bdd6a6)] -> xpath: //div[@data-cy='title-recipe']], [[ChromeDriver: chrome on windows (6c264afaf05195094f91edece5bdd6a6)] -> xpath: //div[@data-cy='title-recipe']]] from the safeFindElements method
20:14:24 [TestNG-test-Test-1] INFO  verifyingDisplayTypeFilterFunctionality_Laptop_20-03-11 - [verifyingDisplayTypeFilterFunctionality_Laptop_20-03-11] Within productNameListingPage loop in applyFilterAndValidateProductsWithResult
20:14:24 [TestNG-test-Test-1] INFO  verifyingDisplayTypeFilterFunctionality_Laptop_20-03-11 - [verifyingDisplayTypeFilterFunctionality_Laptop_20-03-11] Within getProductByIndex method
20:14:24 [TestNG-test-Test-1] INFO  verifyingDisplayTypeFilterFunctionality_Laptop_20-03-11 - [verifyingDisplayTypeFilterFunctionality_Laptop_20-03-11] Within safeFindElement method
20:14:24 [TestNG-test-Test-1] INFO  verifyingDisplayTypeFilterFunctionality_Laptop_20-03-11 - [verifyingDisplayTypeFilterFunctionality_Laptop_20-03-11]Found the element returning it ,element ->[[ChromeDriver: chrome on windows (6c264afaf05195094f91edece5bdd6a6)] -> xpath: (//div[@data-cy='title-recipe'])[6]]
20:14:24 [TestNG-test-Test-1] INFO  verifyingDisplayTypeFilterFunctionality_Laptop_20-03-11 - [verifyingDisplayTypeFilterFunctionality_Laptop_20-03-11] Within getProductByIndex method
20:14:24 [TestNG-test-Test-1] INFO  verifyingDisplayTypeFilterFunctionality_Laptop_20-03-11 - [verifyingDisplayTypeFilterFunctionality_Laptop_20-03-11] Within smoothScrollToElement method
20:14:24 [TestNG-test-Test-1] INFO  verifyingDisplayTypeFilterFunctionality_Laptop_20-03-11 - [verifyingDisplayTypeFilterFunctionality_Laptop_20-03-11] Within safeFindElement method
20:14:24 [TestNG-test-Test-1] INFO  verifyingDisplayTypeFilterFunctionality_Laptop_20-03-11 - [verifyingDisplayTypeFilterFunctionality_Laptop_20-03-11]Found the element returning it ,element ->[[ChromeDriver: chrome on windows (6c264afaf05195094f91edece5bdd6a6)] -> xpath: (//div[@data-cy='title-recipe'])[6]]
20:14:24 [TestNG-test-Test-1] INFO  verifyingDisplayTypeFilterFunctionality_Laptop_20-03-11 - [verifyingDisplayTypeFilterFunctionality_Laptop_20-03-11] Successfully scrolled to element: By.xpath: (//div[@data-cy='title-recipe'])[6]
20:14:24 [TestNG-test-Test-1] INFO  verifyingDisplayTypeFilterFunctionality_Laptop_20-03-11 - [verifyingDisplayTypeFilterFunctionality_Laptop_20-03-11] Getting product by index in productNameListingPage loop
20:14:24 [TestNG-test-Test-1] INFO  verifyingDisplayTypeFilterFunctionality_Laptop_20-03-11 - [verifyingDisplayTypeFilterFunctionality_Laptop_20-03-11] Opened product in new tab via Ctrl+Click inside productNameListingPage loop
20:14:24 [TestNG-test-Test-1] INFO  verifyingDisplayTypeFilterFunctionality_Laptop_20-03-11 - [verifyingDisplayTypeFilterFunctionality_Laptop_20-03-11] Waiting for new window to open...
20:14:24 [TestNG-test-Test-1] INFO  verifyingDisplayTypeFilterFunctionality_Laptop_20-03-11 - [verifyingDisplayTypeFilterFunctionality_Laptop_20-03-11] Switched to new window -> C98A2110D636AFE7C64F313EE4E62582
20:14:24 [TestNG-test-Test-1] INFO  verifyingDisplayTypeFilterFunctionality_Laptop_20-03-11 - [verifyingDisplayTypeFilterFunctionality_Laptop_20-03-11] Swithcing to the new window  within productNameListingPage loop
20:14:24 [TestNG-test-Test-1] INFO  verifyingDisplayTypeFilterFunctionality_Laptop_20-03-11 - [verifyingDisplayTypeFilterFunctionality_Laptop_20-03-11] Clicked product name to open in new tab from productNameListingPage loop
20:14:24 [TestNG-test-Test-1] INFO  verifyingDisplayTypeFilterFunctionality_Laptop_20-03-11 - [verifyingDisplayTypeFilterFunctionality_Laptop_20-03-11] Within safeFindElement method
20:14:29 [TestNG-test-Test-1] INFO  verifyingDisplayTypeFilterFunctionality_Laptop_20-03-11 - [verifyingDisplayTypeFilterFunctionality_Laptop_20-03-11]Found the element returning it ,element ->[[ChromeDriver: chrome on windows (6c264afaf05195094f91edece5bdd6a6)] -> xpath: //span[@id='productTitle']]
20:14:29 [TestNG-test-Test-1] INFO  verifyingDisplayTypeFilterFunctionality_Laptop_20-03-11 - [verifyingDisplayTypeFilterFunctionality_Laptop_20-03-11] Within safeFindElement method
20:14:29 [TestNG-test-Test-1] INFO  verifyingDisplayTypeFilterFunctionality_Laptop_20-03-11 - [verifyingDisplayTypeFilterFunctionality_Laptop_20-03-11]Found the element returning it ,element ->[[ChromeDriver: chrome on windows (6c264afaf05195094f91edece5bdd6a6)] -> xpath: //div[@class='a-section a-spacing-small a-spacing-top-small']]
20:14:29 [TestNG-test-Test-1] INFO  verifyingDisplayTypeFilterFunctionality_Laptop_20-03-11 - [verifyingDisplayTypeFilterFunctionality_Laptop_20-03-11] Within safeFindElement method
20:14:29 [TestNG-test-Test-1] INFO  verifyingDisplayTypeFilterFunctionality_Laptop_20-03-11 - [verifyingDisplayTypeFilterFunctionality_Laptop_20-03-11]Found the element returning it ,element ->[[ChromeDriver: chrome on windows (6c264afaf05195094f91edece5bdd6a6)] -> xpath: //div[@id='feature-bullets']]
20:14:29 [TestNG-test-Test-1] INFO  verifyingDisplayTypeFilterFunctionality_Laptop_20-03-11 - [verifyingDisplayTypeFilterFunctionality_Laptop_20-03-11] Within safeFindElement method
20:14:29 [TestNG-test-Test-1] INFO  verifyingDisplayTypeFilterFunctionality_Laptop_20-03-11 - [verifyingDisplayTypeFilterFunctionality_Laptop_20-03-11]Found the element returning it ,element ->[[ChromeDriver: chrome on windows (6c264afaf05195094f91edece5bdd6a6)] -> xpath: //div[@id='prodDetails']]
20:14:29 [TestNG-test-Test-1] INFO  verifyingDisplayTypeFilterFunctionality_Laptop_20-03-11 - [verifyingDisplayTypeFilterFunctionality_Laptop_20-03-11] Extracting 'name' , 'keyFeatures', 'about' , 'techDetails' within productNameListingPage loop
20:14:29 [TestNG-test-Test-1] INFO  verifyingDisplayTypeFilterFunctionality_Laptop_20-03-11 - [verifyingDisplayTypeFilterFunctionality_Laptop_20-03-11] Waiting until element is visible in viewport
20:14:39 [TestNG-test-Test-1] INFO  verifyingDisplayTypeFilterFunctionality_Laptop_20-03-11 - [verifyingDisplayTypeFilterFunctionality_Laptop_20-03-11] Within smoothScrollToElement method
20:14:39 [TestNG-test-Test-1] INFO  verifyingDisplayTypeFilterFunctionality_Laptop_20-03-11 - [verifyingDisplayTypeFilterFunctionality_Laptop_20-03-11] Within safeFindElement method
20:14:39 [TestNG-test-Test-1] INFO  verifyingDisplayTypeFilterFunctionality_Laptop_20-03-11 - [verifyingDisplayTypeFilterFunctionality_Laptop_20-03-11]Found the element returning it ,element ->[[ChromeDriver: chrome on windows (6c264afaf05195094f91edece5bdd6a6)] -> xpath: //a[@id='seeMoreDetailsLink']]
20:14:39 [TestNG-test-Test-1] INFO  verifyingDisplayTypeFilterFunctionality_Laptop_20-03-11 - [verifyingDisplayTypeFilterFunctionality_Laptop_20-03-11] Successfully scrolled to element: By.xpath: //a[@id='seeMoreDetailsLink']
20:14:39 [TestNG-test-Test-1] INFO  verifyingDisplayTypeFilterFunctionality_Laptop_20-03-11 - [verifyingDisplayTypeFilterFunctionality_Laptop_20-03-11] Within safeClick method
20:14:40 [TestNG-test-Test-1] INFO  verifyingDisplayTypeFilterFunctionality_Laptop_20-03-11 - [verifyingDisplayTypeFilterFunctionality_Laptop_20-03-11] Clicked the  [[ChromeDriver: chrome on windows (6c264afaf05195094f91edece5bdd6a6)] -> xpath: //a[@id='seeMoreDetailsLink']]   using safeClick
20:14:40 [TestNG-test-Test-1] INFO  verifyingDisplayTypeFilterFunctionality_Laptop_20-03-11 - [verifyingDisplayTypeFilterFunctionality_Laptop_20-03-11] Within try block for clicking see more deatils within productNameListingPage loop
20:14:40 [TestNG-test-Test-1] INFO  verifyingDisplayTypeFilterFunctionality_Laptop_20-03-11 - [verifyingDisplayTypeFilterFunctionality_Laptop_20-03-11] Within closeCurrentWindowAndSwitchBack method
20:14:40 [TestNG-test-Test-1] INFO  verifyingDisplayTypeFilterFunctionality_Laptop_20-03-11 - [verifyingDisplayTypeFilterFunctionality_Laptop_20-03-11] Total open windows/tabs count -> 2
20:14:40 [TestNG-test-Test-1] INFO  verifyingDisplayTypeFilterFunctionality_Laptop_20-03-11 - [verifyingDisplayTypeFilterFunctionality_Laptop_20-03-11] Original window handle -> 314D7369A7559D1F60EDBA893E955B9C
20:14:40 [TestNG-test-Test-1] INFO  verifyingDisplayTypeFilterFunctionality_Laptop_20-03-11 - [verifyingDisplayTypeFilterFunctionality_Laptop_20-03-11] Found new tab/window handle -> C98A2110D636AFE7C64F313EE4E62582 (will be closed)
20:14:40 [TestNG-test-Test-1] INFO  verifyingDisplayTypeFilterFunctionality_Laptop_20-03-11 - [verifyingDisplayTypeFilterFunctionality_Laptop_20-03-11] Successfully switched to new tab/window -> C98A2110D636AFE7C64F313EE4E62582
20:14:40 [TestNG-test-Test-1] INFO  verifyingDisplayTypeFilterFunctionality_Laptop_20-03-11 - [verifyingDisplayTypeFilterFunctionality_Laptop_20-03-11] Closed the newly opened tab/window -> C98A2110D636AFE7C64F313EE4E62582
20:14:40 [TestNG-test-Test-1] INFO  verifyingDisplayTypeFilterFunctionality_Laptop_20-03-11 - [verifyingDisplayTypeFilterFunctionality_Laptop_20-03-11] Switched back to the original window -> 314D7369A7559D1F60EDBA893E955B9C
20:14:40 [TestNG-test-Test-1] INFO  verifyingDisplayTypeFilterFunctionality_Laptop_20-03-11 - [verifyingDisplayTypeFilterFunctionality_Laptop_20-03-11]  going back to product listing via closeCurrentWindowAndSwitchBack 
20:14:40 [TestNG-test-Test-1] INFO  verifyingDisplayTypeFilterFunctionality_Laptop_20-03-11 - [verifyingDisplayTypeFilterFunctionality_Laptop_20-03-11]  Added 'filter','title','keyFeatures', 'about', 'techDetails' into the Map -> productResult
20:14:40 [TestNG-test-Test-1] INFO  verifyingDisplayTypeFilterFunctionality_Laptop_20-03-11 - [verifyingDisplayTypeFilterFunctionality_Laptop_20-03-11]  Added 'productResult' Map into the 'results' i.e list of maps 
20:14:40 [TestNG-test-Test-1] INFO  verifyingDisplayTypeFilterFunctionality_Laptop_20-03-11 - [verifyingDisplayTypeFilterFunctionality_Laptop_20-03-11]==========================================================================================================
20:14:40 [TestNG-test-Test-1] INFO  verifyingDisplayTypeFilterFunctionality_Laptop_20-03-11 - [verifyingDisplayTypeFilterFunctionality_Laptop_20-03-11] Within safeFindElements 
20:14:40 [TestNG-test-Test-1] INFO  verifyingDisplayTypeFilterFunctionality_Laptop_20-03-11 - [verifyingDisplayTypeFilterFunctionality_Laptop_20-03-11] Returning the  [[[ChromeDriver: chrome on windows (6c264afaf05195094f91edece5bdd6a6)] -> xpath: //div[@data-cy='title-recipe']], [[ChromeDriver: chrome on windows (6c264afaf05195094f91edece5bdd6a6)] -> xpath: //div[@data-cy='title-recipe']], [[ChromeDriver: chrome on windows (6c264afaf05195094f91edece5bdd6a6)] -> xpath: //div[@data-cy='title-recipe']], [[ChromeDriver: chrome on windows (6c264afaf05195094f91edece5bdd6a6)] -> xpath: //div[@data-cy='title-recipe']], [[ChromeDriver: chrome on windows (6c264afaf05195094f91edece5bdd6a6)] -> xpath: //div[@data-cy='title-recipe']], [[ChromeDriver: chrome on windows (6c264afaf05195094f91edece5bdd6a6)] -> xpath: //div[@data-cy='title-recipe']], [[ChromeDriver: chrome on windows (6c264afaf05195094f91edece5bdd6a6)] -> xpath: //div[@data-cy='title-recipe']], [[ChromeDriver: chrome on windows (6c264afaf05195094f91edece5bdd6a6)] -> xpath: //div[@data-cy='title-recipe']], [[ChromeDriver: chrome on windows (6c264afaf05195094f91edece5bdd6a6)] -> xpath: //div[@data-cy='title-recipe']], [[ChromeDriver: chrome on windows (6c264afaf05195094f91edece5bdd6a6)] -> xpath: //div[@data-cy='title-recipe']], [[ChromeDriver: chrome on windows (6c264afaf05195094f91edece5bdd6a6)] -> xpath: //div[@data-cy='title-recipe']], [[ChromeDriver: chrome on windows (6c264afaf05195094f91edece5bdd6a6)] -> xpath: //div[@data-cy='title-recipe']], [[ChromeDriver: chrome on windows (6c264afaf05195094f91edece5bdd6a6)] -> xpath: //div[@data-cy='title-recipe']], [[ChromeDriver: chrome on windows (6c264afaf05195094f91edece5bdd6a6)] -> xpath: //div[@data-cy='title-recipe']], [[ChromeDriver: chrome on windows (6c264afaf05195094f91edece5bdd6a6)] -> xpath: //div[@data-cy='title-recipe']], [[ChromeDriver: chrome on windows (6c264afaf05195094f91edece5bdd6a6)] -> xpath: //div[@data-cy='title-recipe']]] from the safeFindElements method
20:14:40 [TestNG-test-Test-1] INFO  verifyingDisplayTypeFilterFunctionality_Laptop_20-03-11 - [verifyingDisplayTypeFilterFunctionality_Laptop_20-03-11] Within productNameListingPage loop in applyFilterAndValidateProductsWithResult
20:14:40 [TestNG-test-Test-1] INFO  verifyingDisplayTypeFilterFunctionality_Laptop_20-03-11 - [verifyingDisplayTypeFilterFunctionality_Laptop_20-03-11] Within getProductByIndex method
20:14:40 [TestNG-test-Test-1] INFO  verifyingDisplayTypeFilterFunctionality_Laptop_20-03-11 - [verifyingDisplayTypeFilterFunctionality_Laptop_20-03-11] Within safeFindElement method
20:14:40 [TestNG-test-Test-1] INFO  verifyingDisplayTypeFilterFunctionality_Laptop_20-03-11 - [verifyingDisplayTypeFilterFunctionality_Laptop_20-03-11]Found the element returning it ,element ->[[ChromeDriver: chrome on windows (6c264afaf05195094f91edece5bdd6a6)] -> xpath: (//div[@data-cy='title-recipe'])[7]]
20:14:40 [TestNG-test-Test-1] INFO  verifyingDisplayTypeFilterFunctionality_Laptop_20-03-11 - [verifyingDisplayTypeFilterFunctionality_Laptop_20-03-11] Within getProductByIndex method
20:14:40 [TestNG-test-Test-1] INFO  verifyingDisplayTypeFilterFunctionality_Laptop_20-03-11 - [verifyingDisplayTypeFilterFunctionality_Laptop_20-03-11] Within smoothScrollToElement method
20:14:40 [TestNG-test-Test-1] INFO  verifyingDisplayTypeFilterFunctionality_Laptop_20-03-11 - [verifyingDisplayTypeFilterFunctionality_Laptop_20-03-11] Within safeFindElement method
20:14:40 [TestNG-test-Test-1] INFO  verifyingDisplayTypeFilterFunctionality_Laptop_20-03-11 - [verifyingDisplayTypeFilterFunctionality_Laptop_20-03-11]Found the element returning it ,element ->[[ChromeDriver: chrome on windows (6c264afaf05195094f91edece5bdd6a6)] -> xpath: (//div[@data-cy='title-recipe'])[7]]
20:14:40 [TestNG-test-Test-1] INFO  verifyingDisplayTypeFilterFunctionality_Laptop_20-03-11 - [verifyingDisplayTypeFilterFunctionality_Laptop_20-03-11] Successfully scrolled to element: By.xpath: (//div[@data-cy='title-recipe'])[7]
20:14:40 [TestNG-test-Test-1] INFO  verifyingDisplayTypeFilterFunctionality_Laptop_20-03-11 - [verifyingDisplayTypeFilterFunctionality_Laptop_20-03-11] Getting product by index in productNameListingPage loop
20:14:40 [TestNG-test-Test-1] INFO  verifyingDisplayTypeFilterFunctionality_Laptop_20-03-11 - [verifyingDisplayTypeFilterFunctionality_Laptop_20-03-11] Opened product in new tab via Ctrl+Click inside productNameListingPage loop
20:14:40 [TestNG-test-Test-1] INFO  verifyingDisplayTypeFilterFunctionality_Laptop_20-03-11 - [verifyingDisplayTypeFilterFunctionality_Laptop_20-03-11] Waiting for new window to open...
20:14:40 [TestNG-test-Test-1] INFO  verifyingDisplayTypeFilterFunctionality_Laptop_20-03-11 - [verifyingDisplayTypeFilterFunctionality_Laptop_20-03-11] Switched to new window -> 3A8144981FC935D1412F529C5578F192
20:14:40 [TestNG-test-Test-1] INFO  verifyingDisplayTypeFilterFunctionality_Laptop_20-03-11 - [verifyingDisplayTypeFilterFunctionality_Laptop_20-03-11] Swithcing to the new window  within productNameListingPage loop
20:14:40 [TestNG-test-Test-1] INFO  verifyingDisplayTypeFilterFunctionality_Laptop_20-03-11 - [verifyingDisplayTypeFilterFunctionality_Laptop_20-03-11] Clicked product name to open in new tab from productNameListingPage loop
20:14:40 [TestNG-test-Test-1] INFO  verifyingDisplayTypeFilterFunctionality_Laptop_20-03-11 - [verifyingDisplayTypeFilterFunctionality_Laptop_20-03-11] Within safeFindElement method
20:14:44 [TestNG-test-Test-1] INFO  verifyingDisplayTypeFilterFunctionality_Laptop_20-03-11 - [verifyingDisplayTypeFilterFunctionality_Laptop_20-03-11]Found the element returning it ,element ->[[ChromeDriver: chrome on windows (6c264afaf05195094f91edece5bdd6a6)] -> xpath: //span[@id='productTitle']]
20:14:44 [TestNG-test-Test-1] INFO  verifyingDisplayTypeFilterFunctionality_Laptop_20-03-11 - [verifyingDisplayTypeFilterFunctionality_Laptop_20-03-11] Within safeFindElement method
20:14:44 [TestNG-test-Test-1] INFO  verifyingDisplayTypeFilterFunctionality_Laptop_20-03-11 - [verifyingDisplayTypeFilterFunctionality_Laptop_20-03-11]Found the element returning it ,element ->[[ChromeDriver: chrome on windows (6c264afaf05195094f91edece5bdd6a6)] -> xpath: //div[@class='a-section a-spacing-small a-spacing-top-small']]
20:14:44 [TestNG-test-Test-1] INFO  verifyingDisplayTypeFilterFunctionality_Laptop_20-03-11 - [verifyingDisplayTypeFilterFunctionality_Laptop_20-03-11] Within safeFindElement method
20:14:45 [TestNG-test-Test-1] INFO  verifyingDisplayTypeFilterFunctionality_Laptop_20-03-11 - [verifyingDisplayTypeFilterFunctionality_Laptop_20-03-11]Found the element returning it ,element ->[[ChromeDriver: chrome on windows (6c264afaf05195094f91edece5bdd6a6)] -> xpath: //div[@id='feature-bullets']]
20:14:45 [TestNG-test-Test-1] INFO  verifyingDisplayTypeFilterFunctionality_Laptop_20-03-11 - [verifyingDisplayTypeFilterFunctionality_Laptop_20-03-11] Within safeFindElement method
20:14:45 [TestNG-test-Test-1] INFO  verifyingDisplayTypeFilterFunctionality_Laptop_20-03-11 - [verifyingDisplayTypeFilterFunctionality_Laptop_20-03-11]Found the element returning it ,element ->[[ChromeDriver: chrome on windows (6c264afaf05195094f91edece5bdd6a6)] -> xpath: //div[@id='prodDetails']]
20:14:45 [TestNG-test-Test-1] INFO  verifyingDisplayTypeFilterFunctionality_Laptop_20-03-11 - [verifyingDisplayTypeFilterFunctionality_Laptop_20-03-11] Extracting 'name' , 'keyFeatures', 'about' , 'techDetails' within productNameListingPage loop
20:14:45 [TestNG-test-Test-1] INFO  verifyingDisplayTypeFilterFunctionality_Laptop_20-03-11 - [verifyingDisplayTypeFilterFunctionality_Laptop_20-03-11] Waiting until element is visible in viewport
20:14:55 [TestNG-test-Test-1] INFO  verifyingDisplayTypeFilterFunctionality_Laptop_20-03-11 - [verifyingDisplayTypeFilterFunctionality_Laptop_20-03-11] Within smoothScrollToElement method
20:14:55 [TestNG-test-Test-1] INFO  verifyingDisplayTypeFilterFunctionality_Laptop_20-03-11 - [verifyingDisplayTypeFilterFunctionality_Laptop_20-03-11] Within safeFindElement method
20:14:55 [TestNG-test-Test-1] INFO  verifyingDisplayTypeFilterFunctionality_Laptop_20-03-11 - [verifyingDisplayTypeFilterFunctionality_Laptop_20-03-11]Found the element returning it ,element ->[[ChromeDriver: chrome on windows (6c264afaf05195094f91edece5bdd6a6)] -> xpath: //a[@id='seeMoreDetailsLink']]
20:14:55 [TestNG-test-Test-1] INFO  verifyingDisplayTypeFilterFunctionality_Laptop_20-03-11 - [verifyingDisplayTypeFilterFunctionality_Laptop_20-03-11] Successfully scrolled to element: By.xpath: //a[@id='seeMoreDetailsLink']
20:14:55 [TestNG-test-Test-1] INFO  verifyingDisplayTypeFilterFunctionality_Laptop_20-03-11 - [verifyingDisplayTypeFilterFunctionality_Laptop_20-03-11] Within safeClick method
20:14:56 [TestNG-test-Test-1] INFO  verifyingDisplayTypeFilterFunctionality_Laptop_20-03-11 - [verifyingDisplayTypeFilterFunctionality_Laptop_20-03-11] Clicked the  [[ChromeDriver: chrome on windows (6c264afaf05195094f91edece5bdd6a6)] -> xpath: //a[@id='seeMoreDetailsLink']]   using safeClick
20:14:56 [TestNG-test-Test-1] INFO  verifyingDisplayTypeFilterFunctionality_Laptop_20-03-11 - [verifyingDisplayTypeFilterFunctionality_Laptop_20-03-11] Within try block for clicking see more deatils within productNameListingPage loop
20:14:56 [TestNG-test-Test-1] INFO  verifyingDisplayTypeFilterFunctionality_Laptop_20-03-11 - [verifyingDisplayTypeFilterFunctionality_Laptop_20-03-11] Within closeCurrentWindowAndSwitchBack method
20:14:56 [TestNG-test-Test-1] INFO  verifyingDisplayTypeFilterFunctionality_Laptop_20-03-11 - [verifyingDisplayTypeFilterFunctionality_Laptop_20-03-11] Total open windows/tabs count -> 2
20:14:56 [TestNG-test-Test-1] INFO  verifyingDisplayTypeFilterFunctionality_Laptop_20-03-11 - [verifyingDisplayTypeFilterFunctionality_Laptop_20-03-11] Original window handle -> 314D7369A7559D1F60EDBA893E955B9C
20:14:56 [TestNG-test-Test-1] INFO  verifyingDisplayTypeFilterFunctionality_Laptop_20-03-11 - [verifyingDisplayTypeFilterFunctionality_Laptop_20-03-11] Found new tab/window handle -> 3A8144981FC935D1412F529C5578F192 (will be closed)
20:14:56 [TestNG-test-Test-1] INFO  verifyingDisplayTypeFilterFunctionality_Laptop_20-03-11 - [verifyingDisplayTypeFilterFunctionality_Laptop_20-03-11] Successfully switched to new tab/window -> 3A8144981FC935D1412F529C5578F192
20:14:56 [TestNG-test-Test-1] INFO  verifyingDisplayTypeFilterFunctionality_Laptop_20-03-11 - [verifyingDisplayTypeFilterFunctionality_Laptop_20-03-11] Closed the newly opened tab/window -> 3A8144981FC935D1412F529C5578F192
20:14:56 [TestNG-test-Test-1] INFO  verifyingDisplayTypeFilterFunctionality_Laptop_20-03-11 - [verifyingDisplayTypeFilterFunctionality_Laptop_20-03-11] Switched back to the original window -> 314D7369A7559D1F60EDBA893E955B9C
20:14:56 [TestNG-test-Test-1] INFO  verifyingDisplayTypeFilterFunctionality_Laptop_20-03-11 - [verifyingDisplayTypeFilterFunctionality_Laptop_20-03-11]  going back to product listing via closeCurrentWindowAndSwitchBack 
20:14:56 [TestNG-test-Test-1] INFO  verifyingDisplayTypeFilterFunctionality_Laptop_20-03-11 - [verifyingDisplayTypeFilterFunctionality_Laptop_20-03-11]  Added 'filter','title','keyFeatures', 'about', 'techDetails' into the Map -> productResult
20:14:56 [TestNG-test-Test-1] INFO  verifyingDisplayTypeFilterFunctionality_Laptop_20-03-11 - [verifyingDisplayTypeFilterFunctionality_Laptop_20-03-11]  Added 'productResult' Map into the 'results' i.e list of maps 
20:14:56 [TestNG-test-Test-1] INFO  verifyingDisplayTypeFilterFunctionality_Laptop_20-03-11 - [verifyingDisplayTypeFilterFunctionality_Laptop_20-03-11]==========================================================================================================
20:14:56 [TestNG-test-Test-1] INFO  verifyingDisplayTypeFilterFunctionality_Laptop_20-03-11 - [verifyingDisplayTypeFilterFunctionality_Laptop_20-03-11] Within safeFindElements 
20:14:56 [TestNG-test-Test-1] INFO  verifyingDisplayTypeFilterFunctionality_Laptop_20-03-11 - [verifyingDisplayTypeFilterFunctionality_Laptop_20-03-11] Returning the  [[[ChromeDriver: chrome on windows (6c264afaf05195094f91edece5bdd6a6)] -> xpath: //div[@data-cy='title-recipe']], [[ChromeDriver: chrome on windows (6c264afaf05195094f91edece5bdd6a6)] -> xpath: //div[@data-cy='title-recipe']], [[ChromeDriver: chrome on windows (6c264afaf05195094f91edece5bdd6a6)] -> xpath: //div[@data-cy='title-recipe']], [[ChromeDriver: chrome on windows (6c264afaf05195094f91edece5bdd6a6)] -> xpath: //div[@data-cy='title-recipe']], [[ChromeDriver: chrome on windows (6c264afaf05195094f91edece5bdd6a6)] -> xpath: //div[@data-cy='title-recipe']], [[ChromeDriver: chrome on windows (6c264afaf05195094f91edece5bdd6a6)] -> xpath: //div[@data-cy='title-recipe']], [[ChromeDriver: chrome on windows (6c264afaf05195094f91edece5bdd6a6)] -> xpath: //div[@data-cy='title-recipe']], [[ChromeDriver: chrome on windows (6c264afaf05195094f91edece5bdd6a6)] -> xpath: //div[@data-cy='title-recipe']], [[ChromeDriver: chrome on windows (6c264afaf05195094f91edece5bdd6a6)] -> xpath: //div[@data-cy='title-recipe']], [[ChromeDriver: chrome on windows (6c264afaf05195094f91edece5bdd6a6)] -> xpath: //div[@data-cy='title-recipe']], [[ChromeDriver: chrome on windows (6c264afaf05195094f91edece5bdd6a6)] -> xpath: //div[@data-cy='title-recipe']], [[ChromeDriver: chrome on windows (6c264afaf05195094f91edece5bdd6a6)] -> xpath: //div[@data-cy='title-recipe']], [[ChromeDriver: chrome on windows (6c264afaf05195094f91edece5bdd6a6)] -> xpath: //div[@data-cy='title-recipe']], [[ChromeDriver: chrome on windows (6c264afaf05195094f91edece5bdd6a6)] -> xpath: //div[@data-cy='title-recipe']], [[ChromeDriver: chrome on windows (6c264afaf05195094f91edece5bdd6a6)] -> xpath: //div[@data-cy='title-recipe']], [[ChromeDriver: chrome on windows (6c264afaf05195094f91edece5bdd6a6)] -> xpath: //div[@data-cy='title-recipe']]] from the safeFindElements method
20:14:56 [TestNG-test-Test-1] INFO  verifyingDisplayTypeFilterFunctionality_Laptop_20-03-11 - [verifyingDisplayTypeFilterFunctionality_Laptop_20-03-11] Within productNameListingPage loop in applyFilterAndValidateProductsWithResult
20:14:56 [TestNG-test-Test-1] INFO  verifyingDisplayTypeFilterFunctionality_Laptop_20-03-11 - [verifyingDisplayTypeFilterFunctionality_Laptop_20-03-11] Within getProductByIndex method
20:14:56 [TestNG-test-Test-1] INFO  verifyingDisplayTypeFilterFunctionality_Laptop_20-03-11 - [verifyingDisplayTypeFilterFunctionality_Laptop_20-03-11] Within safeFindElement method
20:14:57 [TestNG-test-Test-1] INFO  verifyingDisplayTypeFilterFunctionality_Laptop_20-03-11 - [verifyingDisplayTypeFilterFunctionality_Laptop_20-03-11]Found the element returning it ,element ->[[ChromeDriver: chrome on windows (6c264afaf05195094f91edece5bdd6a6)] -> xpath: (//div[@data-cy='title-recipe'])[8]]
20:14:57 [TestNG-test-Test-1] INFO  verifyingDisplayTypeFilterFunctionality_Laptop_20-03-11 - [verifyingDisplayTypeFilterFunctionality_Laptop_20-03-11] Within getProductByIndex method
20:14:57 [TestNG-test-Test-1] INFO  verifyingDisplayTypeFilterFunctionality_Laptop_20-03-11 - [verifyingDisplayTypeFilterFunctionality_Laptop_20-03-11] Within smoothScrollToElement method
20:14:57 [TestNG-test-Test-1] INFO  verifyingDisplayTypeFilterFunctionality_Laptop_20-03-11 - [verifyingDisplayTypeFilterFunctionality_Laptop_20-03-11] Within safeFindElement method
20:14:57 [TestNG-test-Test-1] INFO  verifyingDisplayTypeFilterFunctionality_Laptop_20-03-11 - [verifyingDisplayTypeFilterFunctionality_Laptop_20-03-11]Found the element returning it ,element ->[[ChromeDriver: chrome on windows (6c264afaf05195094f91edece5bdd6a6)] -> xpath: (//div[@data-cy='title-recipe'])[8]]
20:14:57 [TestNG-test-Test-1] INFO  verifyingDisplayTypeFilterFunctionality_Laptop_20-03-11 - [verifyingDisplayTypeFilterFunctionality_Laptop_20-03-11] Successfully scrolled to element: By.xpath: (//div[@data-cy='title-recipe'])[8]
20:14:57 [TestNG-test-Test-1] INFO  verifyingDisplayTypeFilterFunctionality_Laptop_20-03-11 - [verifyingDisplayTypeFilterFunctionality_Laptop_20-03-11] Getting product by index in productNameListingPage loop
20:14:57 [TestNG-test-Test-1] INFO  verifyingDisplayTypeFilterFunctionality_Laptop_20-03-11 - [verifyingDisplayTypeFilterFunctionality_Laptop_20-03-11] Opened product in new tab via Ctrl+Click inside productNameListingPage loop
20:14:57 [TestNG-test-Test-1] INFO  verifyingDisplayTypeFilterFunctionality_Laptop_20-03-11 - [verifyingDisplayTypeFilterFunctionality_Laptop_20-03-11] Waiting for new window to open...
20:14:57 [TestNG-test-Test-1] INFO  verifyingDisplayTypeFilterFunctionality_Laptop_20-03-11 - [verifyingDisplayTypeFilterFunctionality_Laptop_20-03-11] Switched to new window -> D6ED6360C63BCC212A9E091CC1C07F09
20:14:57 [TestNG-test-Test-1] INFO  verifyingDisplayTypeFilterFunctionality_Laptop_20-03-11 - [verifyingDisplayTypeFilterFunctionality_Laptop_20-03-11] Swithcing to the new window  within productNameListingPage loop
20:14:57 [TestNG-test-Test-1] INFO  verifyingDisplayTypeFilterFunctionality_Laptop_20-03-11 - [verifyingDisplayTypeFilterFunctionality_Laptop_20-03-11] Clicked product name to open in new tab from productNameListingPage loop
20:14:57 [TestNG-test-Test-1] INFO  verifyingDisplayTypeFilterFunctionality_Laptop_20-03-11 - [verifyingDisplayTypeFilterFunctionality_Laptop_20-03-11] Within safeFindElement method
20:15:00 [TestNG-test-Test-1] INFO  verifyingDisplayTypeFilterFunctionality_Laptop_20-03-11 - [verifyingDisplayTypeFilterFunctionality_Laptop_20-03-11]Found the element returning it ,element ->[[ChromeDriver: chrome on windows (6c264afaf05195094f91edece5bdd6a6)] -> xpath: //span[@id='productTitle']]
20:15:00 [TestNG-test-Test-1] INFO  verifyingDisplayTypeFilterFunctionality_Laptop_20-03-11 - [verifyingDisplayTypeFilterFunctionality_Laptop_20-03-11] Within safeFindElement method
20:15:01 [TestNG-test-Test-1] INFO  verifyingDisplayTypeFilterFunctionality_Laptop_20-03-11 - [verifyingDisplayTypeFilterFunctionality_Laptop_20-03-11]Found the element returning it ,element ->[[ChromeDriver: chrome on windows (6c264afaf05195094f91edece5bdd6a6)] -> xpath: //div[@class='a-section a-spacing-small a-spacing-top-small']]
20:15:01 [TestNG-test-Test-1] INFO  verifyingDisplayTypeFilterFunctionality_Laptop_20-03-11 - [verifyingDisplayTypeFilterFunctionality_Laptop_20-03-11] Within safeFindElement method
20:15:01 [TestNG-test-Test-1] INFO  verifyingDisplayTypeFilterFunctionality_Laptop_20-03-11 - [verifyingDisplayTypeFilterFunctionality_Laptop_20-03-11]Found the element returning it ,element ->[[ChromeDriver: chrome on windows (6c264afaf05195094f91edece5bdd6a6)] -> xpath: //div[@id='feature-bullets']]
20:15:01 [TestNG-test-Test-1] INFO  verifyingDisplayTypeFilterFunctionality_Laptop_20-03-11 - [verifyingDisplayTypeFilterFunctionality_Laptop_20-03-11] Within safeFindElement method
20:15:01 [TestNG-test-Test-1] INFO  verifyingDisplayTypeFilterFunctionality_Laptop_20-03-11 - [verifyingDisplayTypeFilterFunctionality_Laptop_20-03-11]Found the element returning it ,element ->[[ChromeDriver: chrome on windows (6c264afaf05195094f91edece5bdd6a6)] -> xpath: //div[@id='prodDetails']]
20:15:01 [TestNG-test-Test-1] INFO  verifyingDisplayTypeFilterFunctionality_Laptop_20-03-11 - [verifyingDisplayTypeFilterFunctionality_Laptop_20-03-11] Extracting 'name' , 'keyFeatures', 'about' , 'techDetails' within productNameListingPage loop
20:15:01 [TestNG-test-Test-1] INFO  verifyingDisplayTypeFilterFunctionality_Laptop_20-03-11 - [verifyingDisplayTypeFilterFunctionality_Laptop_20-03-11] Waiting until element is visible in viewport
20:15:11 [TestNG-test-Test-1] INFO  verifyingDisplayTypeFilterFunctionality_Laptop_20-03-11 - [verifyingDisplayTypeFilterFunctionality_Laptop_20-03-11] Within smoothScrollToElement method
20:15:11 [TestNG-test-Test-1] INFO  verifyingDisplayTypeFilterFunctionality_Laptop_20-03-11 - [verifyingDisplayTypeFilterFunctionality_Laptop_20-03-11] Within safeFindElement method
20:15:11 [TestNG-test-Test-1] INFO  verifyingDisplayTypeFilterFunctionality_Laptop_20-03-11 - [verifyingDisplayTypeFilterFunctionality_Laptop_20-03-11]Found the element returning it ,element ->[[ChromeDriver: chrome on windows (6c264afaf05195094f91edece5bdd6a6)] -> xpath: //a[@id='seeMoreDetailsLink']]
20:15:11 [TestNG-test-Test-1] INFO  verifyingDisplayTypeFilterFunctionality_Laptop_20-03-11 - [verifyingDisplayTypeFilterFunctionality_Laptop_20-03-11] Successfully scrolled to element: By.xpath: //a[@id='seeMoreDetailsLink']
20:15:11 [TestNG-test-Test-1] INFO  verifyingDisplayTypeFilterFunctionality_Laptop_20-03-11 - [verifyingDisplayTypeFilterFunctionality_Laptop_20-03-11] Within safeClick method
20:15:12 [TestNG-test-Test-1] INFO  verifyingDisplayTypeFilterFunctionality_Laptop_20-03-11 - [verifyingDisplayTypeFilterFunctionality_Laptop_20-03-11] Clicked the  [[ChromeDriver: chrome on windows (6c264afaf05195094f91edece5bdd6a6)] -> xpath: //a[@id='seeMoreDetailsLink']]   using safeClick
20:15:12 [TestNG-test-Test-1] INFO  verifyingDisplayTypeFilterFunctionality_Laptop_20-03-11 - [verifyingDisplayTypeFilterFunctionality_Laptop_20-03-11] Within try block for clicking see more deatils within productNameListingPage loop
20:15:12 [TestNG-test-Test-1] INFO  verifyingDisplayTypeFilterFunctionality_Laptop_20-03-11 - [verifyingDisplayTypeFilterFunctionality_Laptop_20-03-11] Within closeCurrentWindowAndSwitchBack method
20:15:12 [TestNG-test-Test-1] INFO  verifyingDisplayTypeFilterFunctionality_Laptop_20-03-11 - [verifyingDisplayTypeFilterFunctionality_Laptop_20-03-11] Total open windows/tabs count -> 2
20:15:12 [TestNG-test-Test-1] INFO  verifyingDisplayTypeFilterFunctionality_Laptop_20-03-11 - [verifyingDisplayTypeFilterFunctionality_Laptop_20-03-11] Original window handle -> 314D7369A7559D1F60EDBA893E955B9C
20:15:12 [TestNG-test-Test-1] INFO  verifyingDisplayTypeFilterFunctionality_Laptop_20-03-11 - [verifyingDisplayTypeFilterFunctionality_Laptop_20-03-11] Found new tab/window handle -> D6ED6360C63BCC212A9E091CC1C07F09 (will be closed)
20:15:12 [TestNG-test-Test-1] INFO  verifyingDisplayTypeFilterFunctionality_Laptop_20-03-11 - [verifyingDisplayTypeFilterFunctionality_Laptop_20-03-11] Successfully switched to new tab/window -> D6ED6360C63BCC212A9E091CC1C07F09
20:15:12 [TestNG-test-Test-1] INFO  verifyingDisplayTypeFilterFunctionality_Laptop_20-03-11 - [verifyingDisplayTypeFilterFunctionality_Laptop_20-03-11] Closed the newly opened tab/window -> D6ED6360C63BCC212A9E091CC1C07F09
20:15:12 [TestNG-test-Test-1] INFO  verifyingDisplayTypeFilterFunctionality_Laptop_20-03-11 - [verifyingDisplayTypeFilterFunctionality_Laptop_20-03-11] Switched back to the original window -> 314D7369A7559D1F60EDBA893E955B9C
20:15:12 [TestNG-test-Test-1] INFO  verifyingDisplayTypeFilterFunctionality_Laptop_20-03-11 - [verifyingDisplayTypeFilterFunctionality_Laptop_20-03-11]  going back to product listing via closeCurrentWindowAndSwitchBack 
20:15:12 [TestNG-test-Test-1] INFO  verifyingDisplayTypeFilterFunctionality_Laptop_20-03-11 - [verifyingDisplayTypeFilterFunctionality_Laptop_20-03-11]  Added 'filter','title','keyFeatures', 'about', 'techDetails' into the Map -> productResult
20:15:12 [TestNG-test-Test-1] INFO  verifyingDisplayTypeFilterFunctionality_Laptop_20-03-11 - [verifyingDisplayTypeFilterFunctionality_Laptop_20-03-11]  Added 'productResult' Map into the 'results' i.e list of maps 
20:15:12 [TestNG-test-Test-1] INFO  verifyingDisplayTypeFilterFunctionality_Laptop_20-03-11 - [verifyingDisplayTypeFilterFunctionality_Laptop_20-03-11]==========================================================================================================
20:15:12 [TestNG-test-Test-1] INFO  verifyingDisplayTypeFilterFunctionality_Laptop_20-03-11 - [verifyingDisplayTypeFilterFunctionality_Laptop_20-03-11] Within safeFindElements 
20:15:12 [TestNG-test-Test-1] INFO  verifyingDisplayTypeFilterFunctionality_Laptop_20-03-11 - [verifyingDisplayTypeFilterFunctionality_Laptop_20-03-11] Returning the  [[[ChromeDriver: chrome on windows (6c264afaf05195094f91edece5bdd6a6)] -> xpath: //div[@data-cy='title-recipe']], [[ChromeDriver: chrome on windows (6c264afaf05195094f91edece5bdd6a6)] -> xpath: //div[@data-cy='title-recipe']], [[ChromeDriver: chrome on windows (6c264afaf05195094f91edece5bdd6a6)] -> xpath: //div[@data-cy='title-recipe']], [[ChromeDriver: chrome on windows (6c264afaf05195094f91edece5bdd6a6)] -> xpath: //div[@data-cy='title-recipe']], [[ChromeDriver: chrome on windows (6c264afaf05195094f91edece5bdd6a6)] -> xpath: //div[@data-cy='title-recipe']], [[ChromeDriver: chrome on windows (6c264afaf05195094f91edece5bdd6a6)] -> xpath: //div[@data-cy='title-recipe']], [[ChromeDriver: chrome on windows (6c264afaf05195094f91edece5bdd6a6)] -> xpath: //div[@data-cy='title-recipe']], [[ChromeDriver: chrome on windows (6c264afaf05195094f91edece5bdd6a6)] -> xpath: //div[@data-cy='title-recipe']], [[ChromeDriver: chrome on windows (6c264afaf05195094f91edece5bdd6a6)] -> xpath: //div[@data-cy='title-recipe']], [[ChromeDriver: chrome on windows (6c264afaf05195094f91edece5bdd6a6)] -> xpath: //div[@data-cy='title-recipe']], [[ChromeDriver: chrome on windows (6c264afaf05195094f91edece5bdd6a6)] -> xpath: //div[@data-cy='title-recipe']], [[ChromeDriver: chrome on windows (6c264afaf05195094f91edece5bdd6a6)] -> xpath: //div[@data-cy='title-recipe']], [[ChromeDriver: chrome on windows (6c264afaf05195094f91edece5bdd6a6)] -> xpath: //div[@data-cy='title-recipe']], [[ChromeDriver: chrome on windows (6c264afaf05195094f91edece5bdd6a6)] -> xpath: //div[@data-cy='title-recipe']], [[ChromeDriver: chrome on windows (6c264afaf05195094f91edece5bdd6a6)] -> xpath: //div[@data-cy='title-recipe']], [[ChromeDriver: chrome on windows (6c264afaf05195094f91edece5bdd6a6)] -> xpath: //div[@data-cy='title-recipe']]] from the safeFindElements method
20:15:12 [TestNG-test-Test-1] INFO  verifyingDisplayTypeFilterFunctionality_Laptop_20-03-11 - [verifyingDisplayTypeFilterFunctionality_Laptop_20-03-11] Within productNameListingPage loop in applyFilterAndValidateProductsWithResult
20:15:12 [TestNG-test-Test-1] INFO  verifyingDisplayTypeFilterFunctionality_Laptop_20-03-11 - [verifyingDisplayTypeFilterFunctionality_Laptop_20-03-11] Within getProductByIndex method
20:15:12 [TestNG-test-Test-1] INFO  verifyingDisplayTypeFilterFunctionality_Laptop_20-03-11 - [verifyingDisplayTypeFilterFunctionality_Laptop_20-03-11] Within safeFindElement method
20:15:12 [TestNG-test-Test-1] INFO  verifyingDisplayTypeFilterFunctionality_Laptop_20-03-11 - [verifyingDisplayTypeFilterFunctionality_Laptop_20-03-11]Found the element returning it ,element ->[[ChromeDriver: chrome on windows (6c264afaf05195094f91edece5bdd6a6)] -> xpath: (//div[@data-cy='title-recipe'])[9]]
20:15:12 [TestNG-test-Test-1] INFO  verifyingDisplayTypeFilterFunctionality_Laptop_20-03-11 - [verifyingDisplayTypeFilterFunctionality_Laptop_20-03-11] Within getProductByIndex method
20:15:12 [TestNG-test-Test-1] INFO  verifyingDisplayTypeFilterFunctionality_Laptop_20-03-11 - [verifyingDisplayTypeFilterFunctionality_Laptop_20-03-11] Within smoothScrollToElement method
20:15:12 [TestNG-test-Test-1] INFO  verifyingDisplayTypeFilterFunctionality_Laptop_20-03-11 - [verifyingDisplayTypeFilterFunctionality_Laptop_20-03-11] Within safeFindElement method
20:15:12 [TestNG-test-Test-1] INFO  verifyingDisplayTypeFilterFunctionality_Laptop_20-03-11 - [verifyingDisplayTypeFilterFunctionality_Laptop_20-03-11]Found the element returning it ,element ->[[ChromeDriver: chrome on windows (6c264afaf05195094f91edece5bdd6a6)] -> xpath: (//div[@data-cy='title-recipe'])[9]]
20:15:12 [TestNG-test-Test-1] INFO  verifyingDisplayTypeFilterFunctionality_Laptop_20-03-11 - [verifyingDisplayTypeFilterFunctionality_Laptop_20-03-11] Successfully scrolled to element: By.xpath: (//div[@data-cy='title-recipe'])[9]
20:15:12 [TestNG-test-Test-1] INFO  verifyingDisplayTypeFilterFunctionality_Laptop_20-03-11 - [verifyingDisplayTypeFilterFunctionality_Laptop_20-03-11] Getting product by index in productNameListingPage loop
20:15:13 [TestNG-test-Test-1] INFO  verifyingDisplayTypeFilterFunctionality_Laptop_20-03-11 - [verifyingDisplayTypeFilterFunctionality_Laptop_20-03-11] Opened product in new tab via Ctrl+Click inside productNameListingPage loop
20:15:13 [TestNG-test-Test-1] INFO  verifyingDisplayTypeFilterFunctionality_Laptop_20-03-11 - [verifyingDisplayTypeFilterFunctionality_Laptop_20-03-11] Waiting for new window to open...
20:15:13 [TestNG-test-Test-1] INFO  verifyingDisplayTypeFilterFunctionality_Laptop_20-03-11 - [verifyingDisplayTypeFilterFunctionality_Laptop_20-03-11] Switched to new window -> 5A163A6DFC943A44D561DDE9BB41C3DB
20:15:13 [TestNG-test-Test-1] INFO  verifyingDisplayTypeFilterFunctionality_Laptop_20-03-11 - [verifyingDisplayTypeFilterFunctionality_Laptop_20-03-11] Swithcing to the new window  within productNameListingPage loop
20:15:13 [TestNG-test-Test-1] INFO  verifyingDisplayTypeFilterFunctionality_Laptop_20-03-11 - [verifyingDisplayTypeFilterFunctionality_Laptop_20-03-11] Clicked product name to open in new tab from productNameListingPage loop
20:15:13 [TestNG-test-Test-1] INFO  verifyingDisplayTypeFilterFunctionality_Laptop_20-03-11 - [verifyingDisplayTypeFilterFunctionality_Laptop_20-03-11] Within safeFindElement method
20:15:15 [TestNG-test-Test-1] INFO  verifyingDisplayTypeFilterFunctionality_Laptop_20-03-11 - [verifyingDisplayTypeFilterFunctionality_Laptop_20-03-11]Found the element returning it ,element ->[[ChromeDriver: chrome on windows (6c264afaf05195094f91edece5bdd6a6)] -> xpath: //span[@id='productTitle']]
20:15:15 [TestNG-test-Test-1] INFO  verifyingDisplayTypeFilterFunctionality_Laptop_20-03-11 - [verifyingDisplayTypeFilterFunctionality_Laptop_20-03-11] Within safeFindElement method
20:15:15 [TestNG-test-Test-1] INFO  verifyingDisplayTypeFilterFunctionality_Laptop_20-03-11 - [verifyingDisplayTypeFilterFunctionality_Laptop_20-03-11]Found the element returning it ,element ->[[ChromeDriver: chrome on windows (6c264afaf05195094f91edece5bdd6a6)] -> xpath: //div[@class='a-section a-spacing-small a-spacing-top-small']]
20:15:15 [TestNG-test-Test-1] INFO  verifyingDisplayTypeFilterFunctionality_Laptop_20-03-11 - [verifyingDisplayTypeFilterFunctionality_Laptop_20-03-11] Within safeFindElement method
20:15:15 [TestNG-test-Test-1] INFO  verifyingDisplayTypeFilterFunctionality_Laptop_20-03-11 - [verifyingDisplayTypeFilterFunctionality_Laptop_20-03-11]Found the element returning it ,element ->[[ChromeDriver: chrome on windows (6c264afaf05195094f91edece5bdd6a6)] -> xpath: //div[@id='feature-bullets']]
20:15:15 [TestNG-test-Test-1] INFO  verifyingDisplayTypeFilterFunctionality_Laptop_20-03-11 - [verifyingDisplayTypeFilterFunctionality_Laptop_20-03-11] Within safeFindElement method
20:15:16 [TestNG-test-Test-1] INFO  verifyingDisplayTypeFilterFunctionality_Laptop_20-03-11 - [verifyingDisplayTypeFilterFunctionality_Laptop_20-03-11]Found the element returning it ,element ->[[ChromeDriver: chrome on windows (6c264afaf05195094f91edece5bdd6a6)] -> xpath: //div[@id='prodDetails']]
20:15:16 [TestNG-test-Test-1] INFO  verifyingDisplayTypeFilterFunctionality_Laptop_20-03-11 - [verifyingDisplayTypeFilterFunctionality_Laptop_20-03-11] Extracting 'name' , 'keyFeatures', 'about' , 'techDetails' within productNameListingPage loop
20:15:16 [TestNG-test-Test-1] INFO  verifyingDisplayTypeFilterFunctionality_Laptop_20-03-11 - [verifyingDisplayTypeFilterFunctionality_Laptop_20-03-11] Waiting until element is visible in viewport
20:15:26 [TestNG-test-Test-1] INFO  verifyingDisplayTypeFilterFunctionality_Laptop_20-03-11 - [verifyingDisplayTypeFilterFunctionality_Laptop_20-03-11] Within smoothScrollToElement method
20:15:26 [TestNG-test-Test-1] INFO  verifyingDisplayTypeFilterFunctionality_Laptop_20-03-11 - [verifyingDisplayTypeFilterFunctionality_Laptop_20-03-11] Within safeFindElement method
20:15:26 [TestNG-test-Test-1] INFO  verifyingDisplayTypeFilterFunctionality_Laptop_20-03-11 - [verifyingDisplayTypeFilterFunctionality_Laptop_20-03-11]Found the element returning it ,element ->[[ChromeDriver: chrome on windows (6c264afaf05195094f91edece5bdd6a6)] -> xpath: //a[@id='seeMoreDetailsLink']]
20:15:26 [TestNG-test-Test-1] INFO  verifyingDisplayTypeFilterFunctionality_Laptop_20-03-11 - [verifyingDisplayTypeFilterFunctionality_Laptop_20-03-11] Successfully scrolled to element: By.xpath: //a[@id='seeMoreDetailsLink']
20:15:26 [TestNG-test-Test-1] INFO  verifyingDisplayTypeFilterFunctionality_Laptop_20-03-11 - [verifyingDisplayTypeFilterFunctionality_Laptop_20-03-11] Within safeClick method
20:15:26 [TestNG-test-Test-1] INFO  verifyingDisplayTypeFilterFunctionality_Laptop_20-03-11 - [verifyingDisplayTypeFilterFunctionality_Laptop_20-03-11] Clicked the  [[ChromeDriver: chrome on windows (6c264afaf05195094f91edece5bdd6a6)] -> xpath: //a[@id='seeMoreDetailsLink']]   using safeClick
20:15:26 [TestNG-test-Test-1] INFO  verifyingDisplayTypeFilterFunctionality_Laptop_20-03-11 - [verifyingDisplayTypeFilterFunctionality_Laptop_20-03-11] Within try block for clicking see more deatils within productNameListingPage loop
20:15:26 [TestNG-test-Test-1] INFO  verifyingDisplayTypeFilterFunctionality_Laptop_20-03-11 - [verifyingDisplayTypeFilterFunctionality_Laptop_20-03-11] Within closeCurrentWindowAndSwitchBack method
20:15:26 [TestNG-test-Test-1] INFO  verifyingDisplayTypeFilterFunctionality_Laptop_20-03-11 - [verifyingDisplayTypeFilterFunctionality_Laptop_20-03-11] Total open windows/tabs count -> 2
20:15:26 [TestNG-test-Test-1] INFO  verifyingDisplayTypeFilterFunctionality_Laptop_20-03-11 - [verifyingDisplayTypeFilterFunctionality_Laptop_20-03-11] Original window handle -> 314D7369A7559D1F60EDBA893E955B9C
20:15:26 [TestNG-test-Test-1] INFO  verifyingDisplayTypeFilterFunctionality_Laptop_20-03-11 - [verifyingDisplayTypeFilterFunctionality_Laptop_20-03-11] Found new tab/window handle -> 5A163A6DFC943A44D561DDE9BB41C3DB (will be closed)
20:15:26 [TestNG-test-Test-1] INFO  verifyingDisplayTypeFilterFunctionality_Laptop_20-03-11 - [verifyingDisplayTypeFilterFunctionality_Laptop_20-03-11] Successfully switched to new tab/window -> 5A163A6DFC943A44D561DDE9BB41C3DB
20:15:27 [TestNG-test-Test-1] INFO  verifyingDisplayTypeFilterFunctionality_Laptop_20-03-11 - [verifyingDisplayTypeFilterFunctionality_Laptop_20-03-11] Closed the newly opened tab/window -> 5A163A6DFC943A44D561DDE9BB41C3DB
20:15:27 [TestNG-test-Test-1] INFO  verifyingDisplayTypeFilterFunctionality_Laptop_20-03-11 - [verifyingDisplayTypeFilterFunctionality_Laptop_20-03-11] Switched back to the original window -> 314D7369A7559D1F60EDBA893E955B9C
20:15:27 [TestNG-test-Test-1] INFO  verifyingDisplayTypeFilterFunctionality_Laptop_20-03-11 - [verifyingDisplayTypeFilterFunctionality_Laptop_20-03-11]  going back to product listing via closeCurrentWindowAndSwitchBack 
20:15:27 [TestNG-test-Test-1] INFO  verifyingDisplayTypeFilterFunctionality_Laptop_20-03-11 - [verifyingDisplayTypeFilterFunctionality_Laptop_20-03-11]  Added 'filter','title','keyFeatures', 'about', 'techDetails' into the Map -> productResult
20:15:27 [TestNG-test-Test-1] INFO  verifyingDisplayTypeFilterFunctionality_Laptop_20-03-11 - [verifyingDisplayTypeFilterFunctionality_Laptop_20-03-11]  Added 'productResult' Map into the 'results' i.e list of maps 
20:15:27 [TestNG-test-Test-1] INFO  verifyingDisplayTypeFilterFunctionality_Laptop_20-03-11 - [verifyingDisplayTypeFilterFunctionality_Laptop_20-03-11]==========================================================================================================
20:15:27 [TestNG-test-Test-1] INFO  verifyingDisplayTypeFilterFunctionality_Laptop_20-03-11 - [verifyingDisplayTypeFilterFunctionality_Laptop_20-03-11] Within safeFindElements 
20:15:27 [TestNG-test-Test-1] INFO  verifyingDisplayTypeFilterFunctionality_Laptop_20-03-11 - [verifyingDisplayTypeFilterFunctionality_Laptop_20-03-11] Returning the  [[[ChromeDriver: chrome on windows (6c264afaf05195094f91edece5bdd6a6)] -> xpath: //div[@data-cy='title-recipe']], [[ChromeDriver: chrome on windows (6c264afaf05195094f91edece5bdd6a6)] -> xpath: //div[@data-cy='title-recipe']], [[ChromeDriver: chrome on windows (6c264afaf05195094f91edece5bdd6a6)] -> xpath: //div[@data-cy='title-recipe']], [[ChromeDriver: chrome on windows (6c264afaf05195094f91edece5bdd6a6)] -> xpath: //div[@data-cy='title-recipe']], [[ChromeDriver: chrome on windows (6c264afaf05195094f91edece5bdd6a6)] -> xpath: //div[@data-cy='title-recipe']], [[ChromeDriver: chrome on windows (6c264afaf05195094f91edece5bdd6a6)] -> xpath: //div[@data-cy='title-recipe']], [[ChromeDriver: chrome on windows (6c264afaf05195094f91edece5bdd6a6)] -> xpath: //div[@data-cy='title-recipe']], [[ChromeDriver: chrome on windows (6c264afaf05195094f91edece5bdd6a6)] -> xpath: //div[@data-cy='title-recipe']], [[ChromeDriver: chrome on windows (6c264afaf05195094f91edece5bdd6a6)] -> xpath: //div[@data-cy='title-recipe']], [[ChromeDriver: chrome on windows (6c264afaf05195094f91edece5bdd6a6)] -> xpath: //div[@data-cy='title-recipe']], [[ChromeDriver: chrome on windows (6c264afaf05195094f91edece5bdd6a6)] -> xpath: //div[@data-cy='title-recipe']], [[ChromeDriver: chrome on windows (6c264afaf05195094f91edece5bdd6a6)] -> xpath: //div[@data-cy='title-recipe']], [[ChromeDriver: chrome on windows (6c264afaf05195094f91edece5bdd6a6)] -> xpath: //div[@data-cy='title-recipe']], [[ChromeDriver: chrome on windows (6c264afaf05195094f91edece5bdd6a6)] -> xpath: //div[@data-cy='title-recipe']], [[ChromeDriver: chrome on windows (6c264afaf05195094f91edece5bdd6a6)] -> xpath: //div[@data-cy='title-recipe']], [[ChromeDriver: chrome on windows (6c264afaf05195094f91edece5bdd6a6)] -> xpath: //div[@data-cy='title-recipe']]] from the safeFindElements method
20:15:27 [TestNG-test-Test-1] INFO  verifyingDisplayTypeFilterFunctionality_Laptop_20-03-11 - [verifyingDisplayTypeFilterFunctionality_Laptop_20-03-11] Within productNameListingPage loop in applyFilterAndValidateProductsWithResult
20:15:27 [TestNG-test-Test-1] INFO  verifyingDisplayTypeFilterFunctionality_Laptop_20-03-11 - [verifyingDisplayTypeFilterFunctionality_Laptop_20-03-11] Within getProductByIndex method
20:15:27 [TestNG-test-Test-1] INFO  verifyingDisplayTypeFilterFunctionality_Laptop_20-03-11 - [verifyingDisplayTypeFilterFunctionality_Laptop_20-03-11] Within safeFindElement method
20:15:27 [TestNG-test-Test-1] INFO  verifyingDisplayTypeFilterFunctionality_Laptop_20-03-11 - [verifyingDisplayTypeFilterFunctionality_Laptop_20-03-11]Found the element returning it ,element ->[[ChromeDriver: chrome on windows (6c264afaf05195094f91edece5bdd6a6)] -> xpath: (//div[@data-cy='title-recipe'])[10]]
20:15:27 [TestNG-test-Test-1] INFO  verifyingDisplayTypeFilterFunctionality_Laptop_20-03-11 - [verifyingDisplayTypeFilterFunctionality_Laptop_20-03-11] Within getProductByIndex method
20:15:27 [TestNG-test-Test-1] INFO  verifyingDisplayTypeFilterFunctionality_Laptop_20-03-11 - [verifyingDisplayTypeFilterFunctionality_Laptop_20-03-11] Within smoothScrollToElement method
20:15:27 [TestNG-test-Test-1] INFO  verifyingDisplayTypeFilterFunctionality_Laptop_20-03-11 - [verifyingDisplayTypeFilterFunctionality_Laptop_20-03-11] Within safeFindElement method
20:15:27 [TestNG-test-Test-1] INFO  verifyingDisplayTypeFilterFunctionality_Laptop_20-03-11 - [verifyingDisplayTypeFilterFunctionality_Laptop_20-03-11]Found the element returning it ,element ->[[ChromeDriver: chrome on windows (6c264afaf05195094f91edece5bdd6a6)] -> xpath: (//div[@data-cy='title-recipe'])[10]]
20:15:27 [TestNG-test-Test-1] INFO  verifyingDisplayTypeFilterFunctionality_Laptop_20-03-11 - [verifyingDisplayTypeFilterFunctionality_Laptop_20-03-11] Successfully scrolled to element: By.xpath: (//div[@data-cy='title-recipe'])[10]
20:15:27 [TestNG-test-Test-1] INFO  verifyingDisplayTypeFilterFunctionality_Laptop_20-03-11 - [verifyingDisplayTypeFilterFunctionality_Laptop_20-03-11] Getting product by index in productNameListingPage loop
20:15:27 [TestNG-test-Test-1] INFO  verifyingDisplayTypeFilterFunctionality_Laptop_20-03-11 - [verifyingDisplayTypeFilterFunctionality_Laptop_20-03-11] Opened product in new tab via Ctrl+Click inside productNameListingPage loop
20:15:27 [TestNG-test-Test-1] INFO  verifyingDisplayTypeFilterFunctionality_Laptop_20-03-11 - [verifyingDisplayTypeFilterFunctionality_Laptop_20-03-11] Waiting for new window to open...
20:15:27 [TestNG-test-Test-1] INFO  verifyingDisplayTypeFilterFunctionality_Laptop_20-03-11 - [verifyingDisplayTypeFilterFunctionality_Laptop_20-03-11] Switched to new window -> 39BE7033551DD8B421ADB205D9B1ED1B
20:15:27 [TestNG-test-Test-1] INFO  verifyingDisplayTypeFilterFunctionality_Laptop_20-03-11 - [verifyingDisplayTypeFilterFunctionality_Laptop_20-03-11] Swithcing to the new window  within productNameListingPage loop
20:15:27 [TestNG-test-Test-1] INFO  verifyingDisplayTypeFilterFunctionality_Laptop_20-03-11 - [verifyingDisplayTypeFilterFunctionality_Laptop_20-03-11] Clicked product name to open in new tab from productNameListingPage loop
20:15:27 [TestNG-test-Test-1] INFO  verifyingDisplayTypeFilterFunctionality_Laptop_20-03-11 - [verifyingDisplayTypeFilterFunctionality_Laptop_20-03-11] Within safeFindElement method
20:15:30 [TestNG-test-Test-1] INFO  verifyingDisplayTypeFilterFunctionality_Laptop_20-03-11 - [verifyingDisplayTypeFilterFunctionality_Laptop_20-03-11]Found the element returning it ,element ->[[ChromeDriver: chrome on windows (6c264afaf05195094f91edece5bdd6a6)] -> xpath: //span[@id='productTitle']]
20:15:30 [TestNG-test-Test-1] INFO  verifyingDisplayTypeFilterFunctionality_Laptop_20-03-11 - [verifyingDisplayTypeFilterFunctionality_Laptop_20-03-11] Within safeFindElement method
20:15:30 [TestNG-test-Test-1] INFO  verifyingDisplayTypeFilterFunctionality_Laptop_20-03-11 - [verifyingDisplayTypeFilterFunctionality_Laptop_20-03-11]Found the element returning it ,element ->[[ChromeDriver: chrome on windows (6c264afaf05195094f91edece5bdd6a6)] -> xpath: //div[@class='a-section a-spacing-small a-spacing-top-small']]
20:15:30 [TestNG-test-Test-1] INFO  verifyingDisplayTypeFilterFunctionality_Laptop_20-03-11 - [verifyingDisplayTypeFilterFunctionality_Laptop_20-03-11] Within safeFindElement method
20:15:30 [TestNG-test-Test-1] INFO  verifyingDisplayTypeFilterFunctionality_Laptop_20-03-11 - [verifyingDisplayTypeFilterFunctionality_Laptop_20-03-11]Found the element returning it ,element ->[[ChromeDriver: chrome on windows (6c264afaf05195094f91edece5bdd6a6)] -> xpath: //div[@id='feature-bullets']]
20:15:30 [TestNG-test-Test-1] INFO  verifyingDisplayTypeFilterFunctionality_Laptop_20-03-11 - [verifyingDisplayTypeFilterFunctionality_Laptop_20-03-11] Within safeFindElement method
20:15:31 [TestNG-test-Test-1] INFO  verifyingDisplayTypeFilterFunctionality_Laptop_20-03-11 - [verifyingDisplayTypeFilterFunctionality_Laptop_20-03-11]Found the element returning it ,element ->[[ChromeDriver: chrome on windows (6c264afaf05195094f91edece5bdd6a6)] -> xpath: //div[@id='prodDetails']]
20:15:31 [TestNG-test-Test-1] INFO  verifyingDisplayTypeFilterFunctionality_Laptop_20-03-11 - [verifyingDisplayTypeFilterFunctionality_Laptop_20-03-11] Extracting 'name' , 'keyFeatures', 'about' , 'techDetails' within productNameListingPage loop
20:15:31 [TestNG-test-Test-1] INFO  verifyingDisplayTypeFilterFunctionality_Laptop_20-03-11 - [verifyingDisplayTypeFilterFunctionality_Laptop_20-03-11] Waiting until element is visible in viewport
20:15:41 [TestNG-test-Test-1] INFO  verifyingDisplayTypeFilterFunctionality_Laptop_20-03-11 - [verifyingDisplayTypeFilterFunctionality_Laptop_20-03-11] Within smoothScrollToElement method
20:15:41 [TestNG-test-Test-1] INFO  verifyingDisplayTypeFilterFunctionality_Laptop_20-03-11 - [verifyingDisplayTypeFilterFunctionality_Laptop_20-03-11] Within safeFindElement method
20:15:41 [TestNG-test-Test-1] INFO  verifyingDisplayTypeFilterFunctionality_Laptop_20-03-11 - [verifyingDisplayTypeFilterFunctionality_Laptop_20-03-11]Found the element returning it ,element ->[[ChromeDriver: chrome on windows (6c264afaf05195094f91edece5bdd6a6)] -> xpath: //a[@id='seeMoreDetailsLink']]
20:15:41 [TestNG-test-Test-1] INFO  verifyingDisplayTypeFilterFunctionality_Laptop_20-03-11 - [verifyingDisplayTypeFilterFunctionality_Laptop_20-03-11] Successfully scrolled to element: By.xpath: //a[@id='seeMoreDetailsLink']
20:15:41 [TestNG-test-Test-1] INFO  verifyingDisplayTypeFilterFunctionality_Laptop_20-03-11 - [verifyingDisplayTypeFilterFunctionality_Laptop_20-03-11] Within safeClick method
20:15:41 [TestNG-test-Test-1] INFO  verifyingDisplayTypeFilterFunctionality_Laptop_20-03-11 - [verifyingDisplayTypeFilterFunctionality_Laptop_20-03-11] Clicked the  [[ChromeDriver: chrome on windows (6c264afaf05195094f91edece5bdd6a6)] -> xpath: //a[@id='seeMoreDetailsLink']]   using safeClick
20:15:41 [TestNG-test-Test-1] INFO  verifyingDisplayTypeFilterFunctionality_Laptop_20-03-11 - [verifyingDisplayTypeFilterFunctionality_Laptop_20-03-11] Within try block for clicking see more deatils within productNameListingPage loop
20:15:41 [TestNG-test-Test-1] INFO  verifyingDisplayTypeFilterFunctionality_Laptop_20-03-11 - [verifyingDisplayTypeFilterFunctionality_Laptop_20-03-11] Within closeCurrentWindowAndSwitchBack method
20:15:41 [TestNG-test-Test-1] INFO  verifyingDisplayTypeFilterFunctionality_Laptop_20-03-11 - [verifyingDisplayTypeFilterFunctionality_Laptop_20-03-11] Total open windows/tabs count -> 2
20:15:41 [TestNG-test-Test-1] INFO  verifyingDisplayTypeFilterFunctionality_Laptop_20-03-11 - [verifyingDisplayTypeFilterFunctionality_Laptop_20-03-11] Original window handle -> 314D7369A7559D1F60EDBA893E955B9C
20:15:41 [TestNG-test-Test-1] INFO  verifyingDisplayTypeFilterFunctionality_Laptop_20-03-11 - [verifyingDisplayTypeFilterFunctionality_Laptop_20-03-11] Found new tab/window handle -> 39BE7033551DD8B421ADB205D9B1ED1B (will be closed)
20:15:41 [TestNG-test-Test-1] INFO  verifyingDisplayTypeFilterFunctionality_Laptop_20-03-11 - [verifyingDisplayTypeFilterFunctionality_Laptop_20-03-11] Successfully switched to new tab/window -> 39BE7033551DD8B421ADB205D9B1ED1B
20:15:42 [TestNG-test-Test-1] INFO  verifyingDisplayTypeFilterFunctionality_Laptop_20-03-11 - [verifyingDisplayTypeFilterFunctionality_Laptop_20-03-11] Closed the newly opened tab/window -> 39BE7033551DD8B421ADB205D9B1ED1B
20:15:42 [TestNG-test-Test-1] INFO  verifyingDisplayTypeFilterFunctionality_Laptop_20-03-11 - [verifyingDisplayTypeFilterFunctionality_Laptop_20-03-11] Switched back to the original window -> 314D7369A7559D1F60EDBA893E955B9C
20:15:42 [TestNG-test-Test-1] INFO  verifyingDisplayTypeFilterFunctionality_Laptop_20-03-11 - [verifyingDisplayTypeFilterFunctionality_Laptop_20-03-11]  going back to product listing via closeCurrentWindowAndSwitchBack 
20:15:42 [TestNG-test-Test-1] INFO  verifyingDisplayTypeFilterFunctionality_Laptop_20-03-11 - [verifyingDisplayTypeFilterFunctionality_Laptop_20-03-11]  Added 'filter','title','keyFeatures', 'about', 'techDetails' into the Map -> productResult
20:15:42 [TestNG-test-Test-1] INFO  verifyingDisplayTypeFilterFunctionality_Laptop_20-03-11 - [verifyingDisplayTypeFilterFunctionality_Laptop_20-03-11]  Added 'productResult' Map into the 'results' i.e list of maps 
20:15:42 [TestNG-test-Test-1] INFO  verifyingDisplayTypeFilterFunctionality_Laptop_20-03-11 - [verifyingDisplayTypeFilterFunctionality_Laptop_20-03-11]==========================================================================================================
20:15:42 [TestNG-test-Test-1] INFO  verifyingDisplayTypeFilterFunctionality_Laptop_20-03-11 - [verifyingDisplayTypeFilterFunctionality_Laptop_20-03-11] Within safeFindElements 
20:15:42 [TestNG-test-Test-1] INFO  verifyingDisplayTypeFilterFunctionality_Laptop_20-03-11 - [verifyingDisplayTypeFilterFunctionality_Laptop_20-03-11] Returning the  [[[ChromeDriver: chrome on windows (6c264afaf05195094f91edece5bdd6a6)] -> xpath: //div[@data-cy='title-recipe']], [[ChromeDriver: chrome on windows (6c264afaf05195094f91edece5bdd6a6)] -> xpath: //div[@data-cy='title-recipe']], [[ChromeDriver: chrome on windows (6c264afaf05195094f91edece5bdd6a6)] -> xpath: //div[@data-cy='title-recipe']], [[ChromeDriver: chrome on windows (6c264afaf05195094f91edece5bdd6a6)] -> xpath: //div[@data-cy='title-recipe']], [[ChromeDriver: chrome on windows (6c264afaf05195094f91edece5bdd6a6)] -> xpath: //div[@data-cy='title-recipe']], [[ChromeDriver: chrome on windows (6c264afaf05195094f91edece5bdd6a6)] -> xpath: //div[@data-cy='title-recipe']], [[ChromeDriver: chrome on windows (6c264afaf05195094f91edece5bdd6a6)] -> xpath: //div[@data-cy='title-recipe']], [[ChromeDriver: chrome on windows (6c264afaf05195094f91edece5bdd6a6)] -> xpath: //div[@data-cy='title-recipe']], [[ChromeDriver: chrome on windows (6c264afaf05195094f91edece5bdd6a6)] -> xpath: //div[@data-cy='title-recipe']], [[ChromeDriver: chrome on windows (6c264afaf05195094f91edece5bdd6a6)] -> xpath: //div[@data-cy='title-recipe']], [[ChromeDriver: chrome on windows (6c264afaf05195094f91edece5bdd6a6)] -> xpath: //div[@data-cy='title-recipe']], [[ChromeDriver: chrome on windows (6c264afaf05195094f91edece5bdd6a6)] -> xpath: //div[@data-cy='title-recipe']], [[ChromeDriver: chrome on windows (6c264afaf05195094f91edece5bdd6a6)] -> xpath: //div[@data-cy='title-recipe']], [[ChromeDriver: chrome on windows (6c264afaf05195094f91edece5bdd6a6)] -> xpath: //div[@data-cy='title-recipe']], [[ChromeDriver: chrome on windows (6c264afaf05195094f91edece5bdd6a6)] -> xpath: //div[@data-cy='title-recipe']], [[ChromeDriver: chrome on windows (6c264afaf05195094f91edece5bdd6a6)] -> xpath: //div[@data-cy='title-recipe']]] from the safeFindElements method
20:15:42 [TestNG-test-Test-1] INFO  verifyingDisplayTypeFilterFunctionality_Laptop_20-03-11 - [verifyingDisplayTypeFilterFunctionality_Laptop_20-03-11] Within productNameListingPage loop in applyFilterAndValidateProductsWithResult
20:15:42 [TestNG-test-Test-1] INFO  verifyingDisplayTypeFilterFunctionality_Laptop_20-03-11 - [verifyingDisplayTypeFilterFunctionality_Laptop_20-03-11] Within getProductByIndex method
20:15:42 [TestNG-test-Test-1] INFO  verifyingDisplayTypeFilterFunctionality_Laptop_20-03-11 - [verifyingDisplayTypeFilterFunctionality_Laptop_20-03-11] Within safeFindElement method
20:15:42 [TestNG-test-Test-1] INFO  verifyingDisplayTypeFilterFunctionality_Laptop_20-03-11 - [verifyingDisplayTypeFilterFunctionality_Laptop_20-03-11]Found the element returning it ,element ->[[ChromeDriver: chrome on windows (6c264afaf05195094f91edece5bdd6a6)] -> xpath: (//div[@data-cy='title-recipe'])[11]]
20:15:42 [TestNG-test-Test-1] INFO  verifyingDisplayTypeFilterFunctionality_Laptop_20-03-11 - [verifyingDisplayTypeFilterFunctionality_Laptop_20-03-11] Within getProductByIndex method
20:15:42 [TestNG-test-Test-1] INFO  verifyingDisplayTypeFilterFunctionality_Laptop_20-03-11 - [verifyingDisplayTypeFilterFunctionality_Laptop_20-03-11] Within smoothScrollToElement method
20:15:42 [TestNG-test-Test-1] INFO  verifyingDisplayTypeFilterFunctionality_Laptop_20-03-11 - [verifyingDisplayTypeFilterFunctionality_Laptop_20-03-11] Within safeFindElement method
20:15:42 [TestNG-test-Test-1] INFO  verifyingDisplayTypeFilterFunctionality_Laptop_20-03-11 - [verifyingDisplayTypeFilterFunctionality_Laptop_20-03-11]Found the element returning it ,element ->[[ChromeDriver: chrome on windows (6c264afaf05195094f91edece5bdd6a6)] -> xpath: (//div[@data-cy='title-recipe'])[11]]
20:15:42 [TestNG-test-Test-1] INFO  verifyingDisplayTypeFilterFunctionality_Laptop_20-03-11 - [verifyingDisplayTypeFilterFunctionality_Laptop_20-03-11] Successfully scrolled to element: By.xpath: (//div[@data-cy='title-recipe'])[11]
20:15:42 [TestNG-test-Test-1] INFO  verifyingDisplayTypeFilterFunctionality_Laptop_20-03-11 - [verifyingDisplayTypeFilterFunctionality_Laptop_20-03-11] Getting product by index in productNameListingPage loop
20:15:42 [TestNG-test-Test-1] INFO  verifyingDisplayTypeFilterFunctionality_Laptop_20-03-11 - [verifyingDisplayTypeFilterFunctionality_Laptop_20-03-11] Opened product in new tab via Ctrl+Click inside productNameListingPage loop
20:15:42 [TestNG-test-Test-1] INFO  verifyingDisplayTypeFilterFunctionality_Laptop_20-03-11 - [verifyingDisplayTypeFilterFunctionality_Laptop_20-03-11] Waiting for new window to open...
20:15:42 [TestNG-test-Test-1] INFO  verifyingDisplayTypeFilterFunctionality_Laptop_20-03-11 - [verifyingDisplayTypeFilterFunctionality_Laptop_20-03-11] Switched to new window -> D2126A11B4E560F67FA1D6CBD82247CC
20:15:42 [TestNG-test-Test-1] INFO  verifyingDisplayTypeFilterFunctionality_Laptop_20-03-11 - [verifyingDisplayTypeFilterFunctionality_Laptop_20-03-11] Swithcing to the new window  within productNameListingPage loop
20:15:42 [TestNG-test-Test-1] INFO  verifyingDisplayTypeFilterFunctionality_Laptop_20-03-11 - [verifyingDisplayTypeFilterFunctionality_Laptop_20-03-11] Clicked product name to open in new tab from productNameListingPage loop
20:15:42 [TestNG-test-Test-1] INFO  verifyingDisplayTypeFilterFunctionality_Laptop_20-03-11 - [verifyingDisplayTypeFilterFunctionality_Laptop_20-03-11] Within safeFindElement method
20:15:45 [TestNG-test-Test-1] INFO  verifyingDisplayTypeFilterFunctionality_Laptop_20-03-11 - [verifyingDisplayTypeFilterFunctionality_Laptop_20-03-11]Found the element returning it ,element ->[[ChromeDriver: chrome on windows (6c264afaf05195094f91edece5bdd6a6)] -> xpath: //span[@id='productTitle']]
20:15:45 [TestNG-test-Test-1] INFO  verifyingDisplayTypeFilterFunctionality_Laptop_20-03-11 - [verifyingDisplayTypeFilterFunctionality_Laptop_20-03-11] Within safeFindElement method
20:15:45 [TestNG-test-Test-1] INFO  verifyingDisplayTypeFilterFunctionality_Laptop_20-03-11 - [verifyingDisplayTypeFilterFunctionality_Laptop_20-03-11]Found the element returning it ,element ->[[ChromeDriver: chrome on windows (6c264afaf05195094f91edece5bdd6a6)] -> xpath: //div[@class='a-section a-spacing-small a-spacing-top-small']]
20:15:45 [TestNG-test-Test-1] INFO  verifyingDisplayTypeFilterFunctionality_Laptop_20-03-11 - [verifyingDisplayTypeFilterFunctionality_Laptop_20-03-11] Within safeFindElement method
20:15:46 [TestNG-test-Test-1] INFO  verifyingDisplayTypeFilterFunctionality_Laptop_20-03-11 - [verifyingDisplayTypeFilterFunctionality_Laptop_20-03-11]Found the element returning it ,element ->[[ChromeDriver: chrome on windows (6c264afaf05195094f91edece5bdd6a6)] -> xpath: //div[@id='feature-bullets']]
20:15:46 [TestNG-test-Test-1] INFO  verifyingDisplayTypeFilterFunctionality_Laptop_20-03-11 - [verifyingDisplayTypeFilterFunctionality_Laptop_20-03-11] Within safeFindElement method
20:15:46 [TestNG-test-Test-1] INFO  verifyingDisplayTypeFilterFunctionality_Laptop_20-03-11 - [verifyingDisplayTypeFilterFunctionality_Laptop_20-03-11]Found the element returning it ,element ->[[ChromeDriver: chrome on windows (6c264afaf05195094f91edece5bdd6a6)] -> xpath: //div[@id='prodDetails']]
20:15:46 [TestNG-test-Test-1] INFO  verifyingDisplayTypeFilterFunctionality_Laptop_20-03-11 - [verifyingDisplayTypeFilterFunctionality_Laptop_20-03-11] Extracting 'name' , 'keyFeatures', 'about' , 'techDetails' within productNameListingPage loop
20:15:46 [TestNG-test-Test-1] INFO  verifyingDisplayTypeFilterFunctionality_Laptop_20-03-11 - [verifyingDisplayTypeFilterFunctionality_Laptop_20-03-11] Waiting until element is visible in viewport
20:15:56 [TestNG-test-Test-1] INFO  verifyingDisplayTypeFilterFunctionality_Laptop_20-03-11 - [verifyingDisplayTypeFilterFunctionality_Laptop_20-03-11] Within smoothScrollToElement method
20:15:56 [TestNG-test-Test-1] INFO  verifyingDisplayTypeFilterFunctionality_Laptop_20-03-11 - [verifyingDisplayTypeFilterFunctionality_Laptop_20-03-11] Within safeFindElement method
20:15:56 [TestNG-test-Test-1] INFO  verifyingDisplayTypeFilterFunctionality_Laptop_20-03-11 - [verifyingDisplayTypeFilterFunctionality_Laptop_20-03-11]Found the element returning it ,element ->[[ChromeDriver: chrome on windows (6c264afaf05195094f91edece5bdd6a6)] -> xpath: //a[@id='seeMoreDetailsLink']]
20:15:56 [TestNG-test-Test-1] INFO  verifyingDisplayTypeFilterFunctionality_Laptop_20-03-11 - [verifyingDisplayTypeFilterFunctionality_Laptop_20-03-11] Successfully scrolled to element: By.xpath: //a[@id='seeMoreDetailsLink']
20:15:56 [TestNG-test-Test-1] INFO  verifyingDisplayTypeFilterFunctionality_Laptop_20-03-11 - [verifyingDisplayTypeFilterFunctionality_Laptop_20-03-11] Within safeClick method
20:15:57 [TestNG-test-Test-1] INFO  verifyingDisplayTypeFilterFunctionality_Laptop_20-03-11 - [verifyingDisplayTypeFilterFunctionality_Laptop_20-03-11] Clicked the  [[ChromeDriver: chrome on windows (6c264afaf05195094f91edece5bdd6a6)] -> xpath: //a[@id='seeMoreDetailsLink']]   using safeClick
20:15:57 [TestNG-test-Test-1] INFO  verifyingDisplayTypeFilterFunctionality_Laptop_20-03-11 - [verifyingDisplayTypeFilterFunctionality_Laptop_20-03-11] Within try block for clicking see more deatils within productNameListingPage loop
20:15:57 [TestNG-test-Test-1] INFO  verifyingDisplayTypeFilterFunctionality_Laptop_20-03-11 - [verifyingDisplayTypeFilterFunctionality_Laptop_20-03-11] Within closeCurrentWindowAndSwitchBack method
20:15:57 [TestNG-test-Test-1] INFO  verifyingDisplayTypeFilterFunctionality_Laptop_20-03-11 - [verifyingDisplayTypeFilterFunctionality_Laptop_20-03-11] Total open windows/tabs count -> 2
20:15:57 [TestNG-test-Test-1] INFO  verifyingDisplayTypeFilterFunctionality_Laptop_20-03-11 - [verifyingDisplayTypeFilterFunctionality_Laptop_20-03-11] Original window handle -> 314D7369A7559D1F60EDBA893E955B9C
20:15:57 [TestNG-test-Test-1] INFO  verifyingDisplayTypeFilterFunctionality_Laptop_20-03-11 - [verifyingDisplayTypeFilterFunctionality_Laptop_20-03-11] Found new tab/window handle -> D2126A11B4E560F67FA1D6CBD82247CC (will be closed)
20:15:57 [TestNG-test-Test-1] INFO  verifyingDisplayTypeFilterFunctionality_Laptop_20-03-11 - [verifyingDisplayTypeFilterFunctionality_Laptop_20-03-11] Successfully switched to new tab/window -> D2126A11B4E560F67FA1D6CBD82247CC
20:15:57 [TestNG-test-Test-1] INFO  verifyingDisplayTypeFilterFunctionality_Laptop_20-03-11 - [verifyingDisplayTypeFilterFunctionality_Laptop_20-03-11] Closed the newly opened tab/window -> D2126A11B4E560F67FA1D6CBD82247CC
20:15:57 [TestNG-test-Test-1] INFO  verifyingDisplayTypeFilterFunctionality_Laptop_20-03-11 - [verifyingDisplayTypeFilterFunctionality_Laptop_20-03-11] Switched back to the original window -> 314D7369A7559D1F60EDBA893E955B9C
20:15:57 [TestNG-test-Test-1] INFO  verifyingDisplayTypeFilterFunctionality_Laptop_20-03-11 - [verifyingDisplayTypeFilterFunctionality_Laptop_20-03-11]  going back to product listing via closeCurrentWindowAndSwitchBack 
20:15:57 [TestNG-test-Test-1] INFO  verifyingDisplayTypeFilterFunctionality_Laptop_20-03-11 - [verifyingDisplayTypeFilterFunctionality_Laptop_20-03-11]  Added 'filter','title','keyFeatures', 'about', 'techDetails' into the Map -> productResult
20:15:57 [TestNG-test-Test-1] INFO  verifyingDisplayTypeFilterFunctionality_Laptop_20-03-11 - [verifyingDisplayTypeFilterFunctionality_Laptop_20-03-11]  Added 'productResult' Map into the 'results' i.e list of maps 
20:15:57 [TestNG-test-Test-1] INFO  verifyingDisplayTypeFilterFunctionality_Laptop_20-03-11 - [verifyingDisplayTypeFilterFunctionality_Laptop_20-03-11]==========================================================================================================
20:15:57 [TestNG-test-Test-1] INFO  verifyingDisplayTypeFilterFunctionality_Laptop_20-03-11 - [verifyingDisplayTypeFilterFunctionality_Laptop_20-03-11] Within safeFindElements 
20:15:57 [TestNG-test-Test-1] INFO  verifyingDisplayTypeFilterFunctionality_Laptop_20-03-11 - [verifyingDisplayTypeFilterFunctionality_Laptop_20-03-11] Returning the  [[[ChromeDriver: chrome on windows (6c264afaf05195094f91edece5bdd6a6)] -> xpath: //div[@data-cy='title-recipe']], [[ChromeDriver: chrome on windows (6c264afaf05195094f91edece5bdd6a6)] -> xpath: //div[@data-cy='title-recipe']], [[ChromeDriver: chrome on windows (6c264afaf05195094f91edece5bdd6a6)] -> xpath: //div[@data-cy='title-recipe']], [[ChromeDriver: chrome on windows (6c264afaf05195094f91edece5bdd6a6)] -> xpath: //div[@data-cy='title-recipe']], [[ChromeDriver: chrome on windows (6c264afaf05195094f91edece5bdd6a6)] -> xpath: //div[@data-cy='title-recipe']], [[ChromeDriver: chrome on windows (6c264afaf05195094f91edece5bdd6a6)] -> xpath: //div[@data-cy='title-recipe']], [[ChromeDriver: chrome on windows (6c264afaf05195094f91edece5bdd6a6)] -> xpath: //div[@data-cy='title-recipe']], [[ChromeDriver: chrome on windows (6c264afaf05195094f91edece5bdd6a6)] -> xpath: //div[@data-cy='title-recipe']], [[ChromeDriver: chrome on windows (6c264afaf05195094f91edece5bdd6a6)] -> xpath: //div[@data-cy='title-recipe']], [[ChromeDriver: chrome on windows (6c264afaf05195094f91edece5bdd6a6)] -> xpath: //div[@data-cy='title-recipe']], [[ChromeDriver: chrome on windows (6c264afaf05195094f91edece5bdd6a6)] -> xpath: //div[@data-cy='title-recipe']], [[ChromeDriver: chrome on windows (6c264afaf05195094f91edece5bdd6a6)] -> xpath: //div[@data-cy='title-recipe']], [[ChromeDriver: chrome on windows (6c264afaf05195094f91edece5bdd6a6)] -> xpath: //div[@data-cy='title-recipe']], [[ChromeDriver: chrome on windows (6c264afaf05195094f91edece5bdd6a6)] -> xpath: //div[@data-cy='title-recipe']], [[ChromeDriver: chrome on windows (6c264afaf05195094f91edece5bdd6a6)] -> xpath: //div[@data-cy='title-recipe']], [[ChromeDriver: chrome on windows (6c264afaf05195094f91edece5bdd6a6)] -> xpath: //div[@data-cy='title-recipe']]] from the safeFindElements method
20:15:57 [TestNG-test-Test-1] INFO  verifyingDisplayTypeFilterFunctionality_Laptop_20-03-11 - [verifyingDisplayTypeFilterFunctionality_Laptop_20-03-11] Within productNameListingPage loop in applyFilterAndValidateProductsWithResult
20:15:57 [TestNG-test-Test-1] INFO  verifyingDisplayTypeFilterFunctionality_Laptop_20-03-11 - [verifyingDisplayTypeFilterFunctionality_Laptop_20-03-11] Within getProductByIndex method
20:15:57 [TestNG-test-Test-1] INFO  verifyingDisplayTypeFilterFunctionality_Laptop_20-03-11 - [verifyingDisplayTypeFilterFunctionality_Laptop_20-03-11] Within safeFindElement method
20:15:57 [TestNG-test-Test-1] INFO  verifyingDisplayTypeFilterFunctionality_Laptop_20-03-11 - [verifyingDisplayTypeFilterFunctionality_Laptop_20-03-11]Found the element returning it ,element ->[[ChromeDriver: chrome on windows (6c264afaf05195094f91edece5bdd6a6)] -> xpath: (//div[@data-cy='title-recipe'])[12]]
20:15:57 [TestNG-test-Test-1] INFO  verifyingDisplayTypeFilterFunctionality_Laptop_20-03-11 - [verifyingDisplayTypeFilterFunctionality_Laptop_20-03-11] Within getProductByIndex method
20:15:57 [TestNG-test-Test-1] INFO  verifyingDisplayTypeFilterFunctionality_Laptop_20-03-11 - [verifyingDisplayTypeFilterFunctionality_Laptop_20-03-11] Within smoothScrollToElement method
20:15:57 [TestNG-test-Test-1] INFO  verifyingDisplayTypeFilterFunctionality_Laptop_20-03-11 - [verifyingDisplayTypeFilterFunctionality_Laptop_20-03-11] Within safeFindElement method
20:15:57 [TestNG-test-Test-1] INFO  verifyingDisplayTypeFilterFunctionality_Laptop_20-03-11 - [verifyingDisplayTypeFilterFunctionality_Laptop_20-03-11]Found the element returning it ,element ->[[ChromeDriver: chrome on windows (6c264afaf05195094f91edece5bdd6a6)] -> xpath: (//div[@data-cy='title-recipe'])[12]]
20:15:57 [TestNG-test-Test-1] INFO  verifyingDisplayTypeFilterFunctionality_Laptop_20-03-11 - [verifyingDisplayTypeFilterFunctionality_Laptop_20-03-11] Successfully scrolled to element: By.xpath: (//div[@data-cy='title-recipe'])[12]
20:15:57 [TestNG-test-Test-1] INFO  verifyingDisplayTypeFilterFunctionality_Laptop_20-03-11 - [verifyingDisplayTypeFilterFunctionality_Laptop_20-03-11] Getting product by index in productNameListingPage loop
20:15:57 [TestNG-test-Test-1] INFO  verifyingDisplayTypeFilterFunctionality_Laptop_20-03-11 - [verifyingDisplayTypeFilterFunctionality_Laptop_20-03-11] Opened product in new tab via Ctrl+Click inside productNameListingPage loop
20:15:57 [TestNG-test-Test-1] INFO  verifyingDisplayTypeFilterFunctionality_Laptop_20-03-11 - [verifyingDisplayTypeFilterFunctionality_Laptop_20-03-11] Waiting for new window to open...
20:15:57 [TestNG-test-Test-1] INFO  verifyingDisplayTypeFilterFunctionality_Laptop_20-03-11 - [verifyingDisplayTypeFilterFunctionality_Laptop_20-03-11] Switched to new window -> 031DBE3F642A2CF2BDF4B6569B495EA9
20:15:57 [TestNG-test-Test-1] INFO  verifyingDisplayTypeFilterFunctionality_Laptop_20-03-11 - [verifyingDisplayTypeFilterFunctionality_Laptop_20-03-11] Swithcing to the new window  within productNameListingPage loop
20:15:57 [TestNG-test-Test-1] INFO  verifyingDisplayTypeFilterFunctionality_Laptop_20-03-11 - [verifyingDisplayTypeFilterFunctionality_Laptop_20-03-11] Clicked product name to open in new tab from productNameListingPage loop
20:15:57 [TestNG-test-Test-1] INFO  verifyingDisplayTypeFilterFunctionality_Laptop_20-03-11 - [verifyingDisplayTypeFilterFunctionality_Laptop_20-03-11] Within safeFindElement method
20:16:00 [TestNG-test-Test-1] INFO  verifyingDisplayTypeFilterFunctionality_Laptop_20-03-11 - [verifyingDisplayTypeFilterFunctionality_Laptop_20-03-11]Found the element returning it ,element ->[[ChromeDriver: chrome on windows (6c264afaf05195094f91edece5bdd6a6)] -> xpath: //span[@id='productTitle']]
20:16:00 [TestNG-test-Test-1] INFO  verifyingDisplayTypeFilterFunctionality_Laptop_20-03-11 - [verifyingDisplayTypeFilterFunctionality_Laptop_20-03-11] Within safeFindElement method
20:16:00 [TestNG-test-Test-1] INFO  verifyingDisplayTypeFilterFunctionality_Laptop_20-03-11 - [verifyingDisplayTypeFilterFunctionality_Laptop_20-03-11]Found the element returning it ,element ->[[ChromeDriver: chrome on windows (6c264afaf05195094f91edece5bdd6a6)] -> xpath: //div[@class='a-section a-spacing-small a-spacing-top-small']]
20:16:00 [TestNG-test-Test-1] INFO  verifyingDisplayTypeFilterFunctionality_Laptop_20-03-11 - [verifyingDisplayTypeFilterFunctionality_Laptop_20-03-11] Within safeFindElement method
20:16:01 [TestNG-test-Test-1] INFO  verifyingDisplayTypeFilterFunctionality_Laptop_20-03-11 - [verifyingDisplayTypeFilterFunctionality_Laptop_20-03-11]Found the element returning it ,element ->[[ChromeDriver: chrome on windows (6c264afaf05195094f91edece5bdd6a6)] -> xpath: //div[@id='feature-bullets']]
20:16:01 [TestNG-test-Test-1] INFO  verifyingDisplayTypeFilterFunctionality_Laptop_20-03-11 - [verifyingDisplayTypeFilterFunctionality_Laptop_20-03-11] Within safeFindElement method
20:16:01 [TestNG-test-Test-1] INFO  verifyingDisplayTypeFilterFunctionality_Laptop_20-03-11 - [verifyingDisplayTypeFilterFunctionality_Laptop_20-03-11]Found the element returning it ,element ->[[ChromeDriver: chrome on windows (6c264afaf05195094f91edece5bdd6a6)] -> xpath: //div[@id='prodDetails']]
20:16:01 [TestNG-test-Test-1] INFO  verifyingDisplayTypeFilterFunctionality_Laptop_20-03-11 - [verifyingDisplayTypeFilterFunctionality_Laptop_20-03-11] Extracting 'name' , 'keyFeatures', 'about' , 'techDetails' within productNameListingPage loop
20:16:01 [TestNG-test-Test-1] INFO  verifyingDisplayTypeFilterFunctionality_Laptop_20-03-11 - [verifyingDisplayTypeFilterFunctionality_Laptop_20-03-11] Waiting until element is visible in viewport
20:16:01 [TestNG-test-Test-1] INFO  verifyingDisplayTypeFilterFunctionality_Laptop_20-03-11 - [verifyingDisplayTypeFilterFunctionality_Laptop_20-03-11] Within smoothScrollToElement method
20:16:01 [TestNG-test-Test-1] INFO  verifyingDisplayTypeFilterFunctionality_Laptop_20-03-11 - [verifyingDisplayTypeFilterFunctionality_Laptop_20-03-11] Within safeFindElement method
20:16:01 [TestNG-test-Test-1] INFO  verifyingDisplayTypeFilterFunctionality_Laptop_20-03-11 - [verifyingDisplayTypeFilterFunctionality_Laptop_20-03-11]Found the element returning it ,element ->[[ChromeDriver: chrome on windows (6c264afaf05195094f91edece5bdd6a6)] -> xpath: //a[@id='seeMoreDetailsLink']]
20:16:01 [TestNG-test-Test-1] INFO  verifyingDisplayTypeFilterFunctionality_Laptop_20-03-11 - [verifyingDisplayTypeFilterFunctionality_Laptop_20-03-11] Successfully scrolled to element: By.xpath: //a[@id='seeMoreDetailsLink']
20:16:01 [TestNG-test-Test-1] INFO  verifyingDisplayTypeFilterFunctionality_Laptop_20-03-11 - [verifyingDisplayTypeFilterFunctionality_Laptop_20-03-11] Within safeClick method
20:16:01 [TestNG-test-Test-1] INFO  verifyingDisplayTypeFilterFunctionality_Laptop_20-03-11 - [verifyingDisplayTypeFilterFunctionality_Laptop_20-03-11] Clicked the  [[ChromeDriver: chrome on windows (6c264afaf05195094f91edece5bdd6a6)] -> xpath: //a[@id='seeMoreDetailsLink']]   using safeClick
20:16:01 [TestNG-test-Test-1] INFO  verifyingDisplayTypeFilterFunctionality_Laptop_20-03-11 - [verifyingDisplayTypeFilterFunctionality_Laptop_20-03-11] Within try block for clicking see more deatils within productNameListingPage loop
20:16:01 [TestNG-test-Test-1] INFO  verifyingDisplayTypeFilterFunctionality_Laptop_20-03-11 - [verifyingDisplayTypeFilterFunctionality_Laptop_20-03-11] Within closeCurrentWindowAndSwitchBack method
20:16:01 [TestNG-test-Test-1] INFO  verifyingDisplayTypeFilterFunctionality_Laptop_20-03-11 - [verifyingDisplayTypeFilterFunctionality_Laptop_20-03-11] Total open windows/tabs count -> 2
20:16:01 [TestNG-test-Test-1] INFO  verifyingDisplayTypeFilterFunctionality_Laptop_20-03-11 - [verifyingDisplayTypeFilterFunctionality_Laptop_20-03-11] Original window handle -> 314D7369A7559D1F60EDBA893E955B9C
20:16:01 [TestNG-test-Test-1] INFO  verifyingDisplayTypeFilterFunctionality_Laptop_20-03-11 - [verifyingDisplayTypeFilterFunctionality_Laptop_20-03-11] Found new tab/window handle -> 031DBE3F642A2CF2BDF4B6569B495EA9 (will be closed)
20:16:01 [TestNG-test-Test-1] INFO  verifyingDisplayTypeFilterFunctionality_Laptop_20-03-11 - [verifyingDisplayTypeFilterFunctionality_Laptop_20-03-11] Successfully switched to new tab/window -> 031DBE3F642A2CF2BDF4B6569B495EA9
20:16:02 [TestNG-test-Test-1] INFO  verifyingDisplayTypeFilterFunctionality_Laptop_20-03-11 - [verifyingDisplayTypeFilterFunctionality_Laptop_20-03-11] Closed the newly opened tab/window -> 031DBE3F642A2CF2BDF4B6569B495EA9
20:16:02 [TestNG-test-Test-1] INFO  verifyingDisplayTypeFilterFunctionality_Laptop_20-03-11 - [verifyingDisplayTypeFilterFunctionality_Laptop_20-03-11] Switched back to the original window -> 314D7369A7559D1F60EDBA893E955B9C
20:16:02 [TestNG-test-Test-1] INFO  verifyingDisplayTypeFilterFunctionality_Laptop_20-03-11 - [verifyingDisplayTypeFilterFunctionality_Laptop_20-03-11]  going back to product listing via closeCurrentWindowAndSwitchBack 
20:16:02 [TestNG-test-Test-1] INFO  verifyingDisplayTypeFilterFunctionality_Laptop_20-03-11 - [verifyingDisplayTypeFilterFunctionality_Laptop_20-03-11]  Added 'filter','title','keyFeatures', 'about', 'techDetails' into the Map -> productResult
20:16:02 [TestNG-test-Test-1] INFO  verifyingDisplayTypeFilterFunctionality_Laptop_20-03-11 - [verifyingDisplayTypeFilterFunctionality_Laptop_20-03-11]  Added 'productResult' Map into the 'results' i.e list of maps 
20:16:02 [TestNG-test-Test-1] INFO  verifyingDisplayTypeFilterFunctionality_Laptop_20-03-11 - [verifyingDisplayTypeFilterFunctionality_Laptop_20-03-11]==========================================================================================================
20:16:02 [TestNG-test-Test-1] INFO  verifyingDisplayTypeFilterFunctionality_Laptop_20-03-11 - [verifyingDisplayTypeFilterFunctionality_Laptop_20-03-11] Within safeFindElements 
20:16:02 [TestNG-test-Test-1] INFO  verifyingDisplayTypeFilterFunctionality_Laptop_20-03-11 - [verifyingDisplayTypeFilterFunctionality_Laptop_20-03-11] Returning the  [[[ChromeDriver: chrome on windows (6c264afaf05195094f91edece5bdd6a6)] -> xpath: //div[@data-cy='title-recipe']], [[ChromeDriver: chrome on windows (6c264afaf05195094f91edece5bdd6a6)] -> xpath: //div[@data-cy='title-recipe']], [[ChromeDriver: chrome on windows (6c264afaf05195094f91edece5bdd6a6)] -> xpath: //div[@data-cy='title-recipe']], [[ChromeDriver: chrome on windows (6c264afaf05195094f91edece5bdd6a6)] -> xpath: //div[@data-cy='title-recipe']], [[ChromeDriver: chrome on windows (6c264afaf05195094f91edece5bdd6a6)] -> xpath: //div[@data-cy='title-recipe']], [[ChromeDriver: chrome on windows (6c264afaf05195094f91edece5bdd6a6)] -> xpath: //div[@data-cy='title-recipe']], [[ChromeDriver: chrome on windows (6c264afaf05195094f91edece5bdd6a6)] -> xpath: //div[@data-cy='title-recipe']], [[ChromeDriver: chrome on windows (6c264afaf05195094f91edece5bdd6a6)] -> xpath: //div[@data-cy='title-recipe']], [[ChromeDriver: chrome on windows (6c264afaf05195094f91edece5bdd6a6)] -> xpath: //div[@data-cy='title-recipe']], [[ChromeDriver: chrome on windows (6c264afaf05195094f91edece5bdd6a6)] -> xpath: //div[@data-cy='title-recipe']], [[ChromeDriver: chrome on windows (6c264afaf05195094f91edece5bdd6a6)] -> xpath: //div[@data-cy='title-recipe']], [[ChromeDriver: chrome on windows (6c264afaf05195094f91edece5bdd6a6)] -> xpath: //div[@data-cy='title-recipe']], [[ChromeDriver: chrome on windows (6c264afaf05195094f91edece5bdd6a6)] -> xpath: //div[@data-cy='title-recipe']], [[ChromeDriver: chrome on windows (6c264afaf05195094f91edece5bdd6a6)] -> xpath: //div[@data-cy='title-recipe']], [[ChromeDriver: chrome on windows (6c264afaf05195094f91edece5bdd6a6)] -> xpath: //div[@data-cy='title-recipe']], [[ChromeDriver: chrome on windows (6c264afaf05195094f91edece5bdd6a6)] -> xpath: //div[@data-cy='title-recipe']]] from the safeFindElements method
20:16:02 [TestNG-test-Test-1] INFO  verifyingDisplayTypeFilterFunctionality_Laptop_20-03-11 - [verifyingDisplayTypeFilterFunctionality_Laptop_20-03-11] Within productNameListingPage loop in applyFilterAndValidateProductsWithResult
20:16:02 [TestNG-test-Test-1] INFO  verifyingDisplayTypeFilterFunctionality_Laptop_20-03-11 - [verifyingDisplayTypeFilterFunctionality_Laptop_20-03-11] Within getProductByIndex method
20:16:02 [TestNG-test-Test-1] INFO  verifyingDisplayTypeFilterFunctionality_Laptop_20-03-11 - [verifyingDisplayTypeFilterFunctionality_Laptop_20-03-11] Within safeFindElement method
20:16:02 [TestNG-test-Test-1] INFO  verifyingDisplayTypeFilterFunctionality_Laptop_20-03-11 - [verifyingDisplayTypeFilterFunctionality_Laptop_20-03-11]Found the element returning it ,element ->[[ChromeDriver: chrome on windows (6c264afaf05195094f91edece5bdd6a6)] -> xpath: (//div[@data-cy='title-recipe'])[13]]
20:16:02 [TestNG-test-Test-1] INFO  verifyingDisplayTypeFilterFunctionality_Laptop_20-03-11 - [verifyingDisplayTypeFilterFunctionality_Laptop_20-03-11] Within getProductByIndex method
20:16:02 [TestNG-test-Test-1] INFO  verifyingDisplayTypeFilterFunctionality_Laptop_20-03-11 - [verifyingDisplayTypeFilterFunctionality_Laptop_20-03-11] Within smoothScrollToElement method
20:16:02 [TestNG-test-Test-1] INFO  verifyingDisplayTypeFilterFunctionality_Laptop_20-03-11 - [verifyingDisplayTypeFilterFunctionality_Laptop_20-03-11] Within safeFindElement method
20:16:02 [TestNG-test-Test-1] INFO  verifyingDisplayTypeFilterFunctionality_Laptop_20-03-11 - [verifyingDisplayTypeFilterFunctionality_Laptop_20-03-11]Found the element returning it ,element ->[[ChromeDriver: chrome on windows (6c264afaf05195094f91edece5bdd6a6)] -> xpath: (//div[@data-cy='title-recipe'])[13]]
20:16:02 [TestNG-test-Test-1] INFO  verifyingDisplayTypeFilterFunctionality_Laptop_20-03-11 - [verifyingDisplayTypeFilterFunctionality_Laptop_20-03-11] Successfully scrolled to element: By.xpath: (//div[@data-cy='title-recipe'])[13]
20:16:02 [TestNG-test-Test-1] INFO  verifyingDisplayTypeFilterFunctionality_Laptop_20-03-11 - [verifyingDisplayTypeFilterFunctionality_Laptop_20-03-11] Getting product by index in productNameListingPage loop
20:16:02 [TestNG-test-Test-1] INFO  verifyingDisplayTypeFilterFunctionality_Laptop_20-03-11 - [verifyingDisplayTypeFilterFunctionality_Laptop_20-03-11] Opened product in new tab via Ctrl+Click inside productNameListingPage loop
20:16:02 [TestNG-test-Test-1] INFO  verifyingDisplayTypeFilterFunctionality_Laptop_20-03-11 - [verifyingDisplayTypeFilterFunctionality_Laptop_20-03-11] Waiting for new window to open...
20:16:02 [TestNG-test-Test-1] INFO  verifyingDisplayTypeFilterFunctionality_Laptop_20-03-11 - [verifyingDisplayTypeFilterFunctionality_Laptop_20-03-11] Switched to new window -> C63BD58C801AC3681339CEA216382D71
20:16:02 [TestNG-test-Test-1] INFO  verifyingDisplayTypeFilterFunctionality_Laptop_20-03-11 - [verifyingDisplayTypeFilterFunctionality_Laptop_20-03-11] Swithcing to the new window  within productNameListingPage loop
20:16:02 [TestNG-test-Test-1] INFO  verifyingDisplayTypeFilterFunctionality_Laptop_20-03-11 - [verifyingDisplayTypeFilterFunctionality_Laptop_20-03-11] Clicked product name to open in new tab from productNameListingPage loop
20:16:02 [TestNG-test-Test-1] INFO  verifyingDisplayTypeFilterFunctionality_Laptop_20-03-11 - [verifyingDisplayTypeFilterFunctionality_Laptop_20-03-11] Within safeFindElement method
20:16:06 [TestNG-test-Test-1] INFO  verifyingDisplayTypeFilterFunctionality_Laptop_20-03-11 - [verifyingDisplayTypeFilterFunctionality_Laptop_20-03-11]Found the element returning it ,element ->[[ChromeDriver: chrome on windows (6c264afaf05195094f91edece5bdd6a6)] -> xpath: //span[@id='productTitle']]
20:16:06 [TestNG-test-Test-1] INFO  verifyingDisplayTypeFilterFunctionality_Laptop_20-03-11 - [verifyingDisplayTypeFilterFunctionality_Laptop_20-03-11] Within safeFindElement method
20:16:06 [TestNG-test-Test-1] INFO  verifyingDisplayTypeFilterFunctionality_Laptop_20-03-11 - [verifyingDisplayTypeFilterFunctionality_Laptop_20-03-11]Found the element returning it ,element ->[[ChromeDriver: chrome on windows (6c264afaf05195094f91edece5bdd6a6)] -> xpath: //div[@class='a-section a-spacing-small a-spacing-top-small']]
20:16:06 [TestNG-test-Test-1] INFO  verifyingDisplayTypeFilterFunctionality_Laptop_20-03-11 - [verifyingDisplayTypeFilterFunctionality_Laptop_20-03-11] Within safeFindElement method
20:16:06 [TestNG-test-Test-1] INFO  verifyingDisplayTypeFilterFunctionality_Laptop_20-03-11 - [verifyingDisplayTypeFilterFunctionality_Laptop_20-03-11]Found the element returning it ,element ->[[ChromeDriver: chrome on windows (6c264afaf05195094f91edece5bdd6a6)] -> xpath: //div[@id='feature-bullets']]
20:16:06 [TestNG-test-Test-1] INFO  verifyingDisplayTypeFilterFunctionality_Laptop_20-03-11 - [verifyingDisplayTypeFilterFunctionality_Laptop_20-03-11] Within safeFindElement method
20:16:06 [TestNG-test-Test-1] INFO  verifyingDisplayTypeFilterFunctionality_Laptop_20-03-11 - [verifyingDisplayTypeFilterFunctionality_Laptop_20-03-11]Found the element returning it ,element ->[[ChromeDriver: chrome on windows (6c264afaf05195094f91edece5bdd6a6)] -> xpath: //div[@id='prodDetails']]
20:16:06 [TestNG-test-Test-1] INFO  verifyingDisplayTypeFilterFunctionality_Laptop_20-03-11 - [verifyingDisplayTypeFilterFunctionality_Laptop_20-03-11] Extracting 'name' , 'keyFeatures', 'about' , 'techDetails' within productNameListingPage loop
20:16:06 [TestNG-test-Test-1] INFO  verifyingDisplayTypeFilterFunctionality_Laptop_20-03-11 - [verifyingDisplayTypeFilterFunctionality_Laptop_20-03-11] Waiting until element is visible in viewport
20:16:17 [TestNG-test-Test-1] INFO  verifyingDisplayTypeFilterFunctionality_Laptop_20-03-11 - [verifyingDisplayTypeFilterFunctionality_Laptop_20-03-11] Within smoothScrollToElement method
20:16:17 [TestNG-test-Test-1] INFO  verifyingDisplayTypeFilterFunctionality_Laptop_20-03-11 - [verifyingDisplayTypeFilterFunctionality_Laptop_20-03-11] Within safeFindElement method
20:16:17 [TestNG-test-Test-1] INFO  verifyingDisplayTypeFilterFunctionality_Laptop_20-03-11 - [verifyingDisplayTypeFilterFunctionality_Laptop_20-03-11]Found the element returning it ,element ->[[ChromeDriver: chrome on windows (6c264afaf05195094f91edece5bdd6a6)] -> xpath: //a[@id='seeMoreDetailsLink']]
20:16:17 [TestNG-test-Test-1] INFO  verifyingDisplayTypeFilterFunctionality_Laptop_20-03-11 - [verifyingDisplayTypeFilterFunctionality_Laptop_20-03-11] Successfully scrolled to element: By.xpath: //a[@id='seeMoreDetailsLink']
20:16:17 [TestNG-test-Test-1] INFO  verifyingDisplayTypeFilterFunctionality_Laptop_20-03-11 - [verifyingDisplayTypeFilterFunctionality_Laptop_20-03-11] Within safeClick method
20:16:17 [TestNG-test-Test-1] INFO  verifyingDisplayTypeFilterFunctionality_Laptop_20-03-11 - [verifyingDisplayTypeFilterFunctionality_Laptop_20-03-11] Clicked the  [[ChromeDriver: chrome on windows (6c264afaf05195094f91edece5bdd6a6)] -> xpath: //a[@id='seeMoreDetailsLink']]   using safeClick
20:16:17 [TestNG-test-Test-1] INFO  verifyingDisplayTypeFilterFunctionality_Laptop_20-03-11 - [verifyingDisplayTypeFilterFunctionality_Laptop_20-03-11] Within try block for clicking see more deatils within productNameListingPage loop
20:16:17 [TestNG-test-Test-1] INFO  verifyingDisplayTypeFilterFunctionality_Laptop_20-03-11 - [verifyingDisplayTypeFilterFunctionality_Laptop_20-03-11] Within closeCurrentWindowAndSwitchBack method
20:16:17 [TestNG-test-Test-1] INFO  verifyingDisplayTypeFilterFunctionality_Laptop_20-03-11 - [verifyingDisplayTypeFilterFunctionality_Laptop_20-03-11] Total open windows/tabs count -> 2
20:16:17 [TestNG-test-Test-1] INFO  verifyingDisplayTypeFilterFunctionality_Laptop_20-03-11 - [verifyingDisplayTypeFilterFunctionality_Laptop_20-03-11] Original window handle -> 314D7369A7559D1F60EDBA893E955B9C
20:16:17 [TestNG-test-Test-1] INFO  verifyingDisplayTypeFilterFunctionality_Laptop_20-03-11 - [verifyingDisplayTypeFilterFunctionality_Laptop_20-03-11] Found new tab/window handle -> C63BD58C801AC3681339CEA216382D71 (will be closed)
20:16:18 [TestNG-test-Test-1] INFO  verifyingDisplayTypeFilterFunctionality_Laptop_20-03-11 - [verifyingDisplayTypeFilterFunctionality_Laptop_20-03-11] Successfully switched to new tab/window -> C63BD58C801AC3681339CEA216382D71
20:16:18 [TestNG-test-Test-1] INFO  verifyingDisplayTypeFilterFunctionality_Laptop_20-03-11 - [verifyingDisplayTypeFilterFunctionality_Laptop_20-03-11] Closed the newly opened tab/window -> C63BD58C801AC3681339CEA216382D71
20:16:18 [TestNG-test-Test-1] INFO  verifyingDisplayTypeFilterFunctionality_Laptop_20-03-11 - [verifyingDisplayTypeFilterFunctionality_Laptop_20-03-11] Switched back to the original window -> 314D7369A7559D1F60EDBA893E955B9C
20:16:18 [TestNG-test-Test-1] INFO  verifyingDisplayTypeFilterFunctionality_Laptop_20-03-11 - [verifyingDisplayTypeFilterFunctionality_Laptop_20-03-11]  going back to product listing via closeCurrentWindowAndSwitchBack 
20:16:18 [TestNG-test-Test-1] INFO  verifyingDisplayTypeFilterFunctionality_Laptop_20-03-11 - [verifyingDisplayTypeFilterFunctionality_Laptop_20-03-11]  Added 'filter','title','keyFeatures', 'about', 'techDetails' into the Map -> productResult
20:16:18 [TestNG-test-Test-1] INFO  verifyingDisplayTypeFilterFunctionality_Laptop_20-03-11 - [verifyingDisplayTypeFilterFunctionality_Laptop_20-03-11]  Added 'productResult' Map into the 'results' i.e list of maps 
20:16:18 [TestNG-test-Test-1] INFO  verifyingDisplayTypeFilterFunctionality_Laptop_20-03-11 - [verifyingDisplayTypeFilterFunctionality_Laptop_20-03-11]==========================================================================================================
20:16:18 [TestNG-test-Test-1] INFO  verifyingDisplayTypeFilterFunctionality_Laptop_20-03-11 - [verifyingDisplayTypeFilterFunctionality_Laptop_20-03-11] Within safeFindElements 
20:16:18 [TestNG-test-Test-1] INFO  verifyingDisplayTypeFilterFunctionality_Laptop_20-03-11 - [verifyingDisplayTypeFilterFunctionality_Laptop_20-03-11] Returning the  [[[ChromeDriver: chrome on windows (6c264afaf05195094f91edece5bdd6a6)] -> xpath: //div[@data-cy='title-recipe']], [[ChromeDriver: chrome on windows (6c264afaf05195094f91edece5bdd6a6)] -> xpath: //div[@data-cy='title-recipe']], [[ChromeDriver: chrome on windows (6c264afaf05195094f91edece5bdd6a6)] -> xpath: //div[@data-cy='title-recipe']], [[ChromeDriver: chrome on windows (6c264afaf05195094f91edece5bdd6a6)] -> xpath: //div[@data-cy='title-recipe']], [[ChromeDriver: chrome on windows (6c264afaf05195094f91edece5bdd6a6)] -> xpath: //div[@data-cy='title-recipe']], [[ChromeDriver: chrome on windows (6c264afaf05195094f91edece5bdd6a6)] -> xpath: //div[@data-cy='title-recipe']], [[ChromeDriver: chrome on windows (6c264afaf05195094f91edece5bdd6a6)] -> xpath: //div[@data-cy='title-recipe']], [[ChromeDriver: chrome on windows (6c264afaf05195094f91edece5bdd6a6)] -> xpath: //div[@data-cy='title-recipe']], [[ChromeDriver: chrome on windows (6c264afaf05195094f91edece5bdd6a6)] -> xpath: //div[@data-cy='title-recipe']], [[ChromeDriver: chrome on windows (6c264afaf05195094f91edece5bdd6a6)] -> xpath: //div[@data-cy='title-recipe']], [[ChromeDriver: chrome on windows (6c264afaf05195094f91edece5bdd6a6)] -> xpath: //div[@data-cy='title-recipe']], [[ChromeDriver: chrome on windows (6c264afaf05195094f91edece5bdd6a6)] -> xpath: //div[@data-cy='title-recipe']], [[ChromeDriver: chrome on windows (6c264afaf05195094f91edece5bdd6a6)] -> xpath: //div[@data-cy='title-recipe']], [[ChromeDriver: chrome on windows (6c264afaf05195094f91edece5bdd6a6)] -> xpath: //div[@data-cy='title-recipe']], [[ChromeDriver: chrome on windows (6c264afaf05195094f91edece5bdd6a6)] -> xpath: //div[@data-cy='title-recipe']], [[ChromeDriver: chrome on windows (6c264afaf05195094f91edece5bdd6a6)] -> xpath: //div[@data-cy='title-recipe']]] from the safeFindElements method
20:16:18 [TestNG-test-Test-1] INFO  verifyingDisplayTypeFilterFunctionality_Laptop_20-03-11 - [verifyingDisplayTypeFilterFunctionality_Laptop_20-03-11] Within productNameListingPage loop in applyFilterAndValidateProductsWithResult
20:16:18 [TestNG-test-Test-1] INFO  verifyingDisplayTypeFilterFunctionality_Laptop_20-03-11 - [verifyingDisplayTypeFilterFunctionality_Laptop_20-03-11] Within getProductByIndex method
20:16:18 [TestNG-test-Test-1] INFO  verifyingDisplayTypeFilterFunctionality_Laptop_20-03-11 - [verifyingDisplayTypeFilterFunctionality_Laptop_20-03-11] Within safeFindElement method
20:16:18 [TestNG-test-Test-1] INFO  verifyingDisplayTypeFilterFunctionality_Laptop_20-03-11 - [verifyingDisplayTypeFilterFunctionality_Laptop_20-03-11]Found the element returning it ,element ->[[ChromeDriver: chrome on windows (6c264afaf05195094f91edece5bdd6a6)] -> xpath: (//div[@data-cy='title-recipe'])[14]]
20:16:18 [TestNG-test-Test-1] INFO  verifyingDisplayTypeFilterFunctionality_Laptop_20-03-11 - [verifyingDisplayTypeFilterFunctionality_Laptop_20-03-11] Within getProductByIndex method
20:16:18 [TestNG-test-Test-1] INFO  verifyingDisplayTypeFilterFunctionality_Laptop_20-03-11 - [verifyingDisplayTypeFilterFunctionality_Laptop_20-03-11] Within smoothScrollToElement method
20:16:18 [TestNG-test-Test-1] INFO  verifyingDisplayTypeFilterFunctionality_Laptop_20-03-11 - [verifyingDisplayTypeFilterFunctionality_Laptop_20-03-11] Within safeFindElement method
20:16:18 [TestNG-test-Test-1] INFO  verifyingDisplayTypeFilterFunctionality_Laptop_20-03-11 - [verifyingDisplayTypeFilterFunctionality_Laptop_20-03-11]Found the element returning it ,element ->[[ChromeDriver: chrome on windows (6c264afaf05195094f91edece5bdd6a6)] -> xpath: (//div[@data-cy='title-recipe'])[14]]
20:16:18 [TestNG-test-Test-1] INFO  verifyingDisplayTypeFilterFunctionality_Laptop_20-03-11 - [verifyingDisplayTypeFilterFunctionality_Laptop_20-03-11] Successfully scrolled to element: By.xpath: (//div[@data-cy='title-recipe'])[14]
20:16:18 [TestNG-test-Test-1] INFO  verifyingDisplayTypeFilterFunctionality_Laptop_20-03-11 - [verifyingDisplayTypeFilterFunctionality_Laptop_20-03-11] Getting product by index in productNameListingPage loop
20:16:18 [TestNG-test-Test-1] INFO  verifyingDisplayTypeFilterFunctionality_Laptop_20-03-11 - [verifyingDisplayTypeFilterFunctionality_Laptop_20-03-11] Opened product in new tab via Ctrl+Click inside productNameListingPage loop
20:16:18 [TestNG-test-Test-1] INFO  verifyingDisplayTypeFilterFunctionality_Laptop_20-03-11 - [verifyingDisplayTypeFilterFunctionality_Laptop_20-03-11] Waiting for new window to open...
20:16:18 [TestNG-test-Test-1] INFO  verifyingDisplayTypeFilterFunctionality_Laptop_20-03-11 - [verifyingDisplayTypeFilterFunctionality_Laptop_20-03-11] Switched to new window -> 2E4B296D241041EEA7CC2E0ED493477F
20:16:18 [TestNG-test-Test-1] INFO  verifyingDisplayTypeFilterFunctionality_Laptop_20-03-11 - [verifyingDisplayTypeFilterFunctionality_Laptop_20-03-11] Swithcing to the new window  within productNameListingPage loop
20:16:18 [TestNG-test-Test-1] INFO  verifyingDisplayTypeFilterFunctionality_Laptop_20-03-11 - [verifyingDisplayTypeFilterFunctionality_Laptop_20-03-11] Clicked product name to open in new tab from productNameListingPage loop
20:16:18 [TestNG-test-Test-1] INFO  verifyingDisplayTypeFilterFunctionality_Laptop_20-03-11 - [verifyingDisplayTypeFilterFunctionality_Laptop_20-03-11] Within safeFindElement method
20:16:23 [TestNG-test-Test-1] INFO  verifyingDisplayTypeFilterFunctionality_Laptop_20-03-11 - [verifyingDisplayTypeFilterFunctionality_Laptop_20-03-11]Found the element returning it ,element ->[[ChromeDriver: chrome on windows (6c264afaf05195094f91edece5bdd6a6)] -> xpath: //span[@id='productTitle']]
20:16:23 [TestNG-test-Test-1] INFO  verifyingDisplayTypeFilterFunctionality_Laptop_20-03-11 - [verifyingDisplayTypeFilterFunctionality_Laptop_20-03-11] Within safeFindElement method
20:16:23 [TestNG-test-Test-1] INFO  verifyingDisplayTypeFilterFunctionality_Laptop_20-03-11 - [verifyingDisplayTypeFilterFunctionality_Laptop_20-03-11]Found the element returning it ,element ->[[ChromeDriver: chrome on windows (6c264afaf05195094f91edece5bdd6a6)] -> xpath: //div[@class='a-section a-spacing-small a-spacing-top-small']]
20:16:23 [TestNG-test-Test-1] INFO  verifyingDisplayTypeFilterFunctionality_Laptop_20-03-11 - [verifyingDisplayTypeFilterFunctionality_Laptop_20-03-11] Within safeFindElement method
20:16:23 [TestNG-test-Test-1] INFO  verifyingDisplayTypeFilterFunctionality_Laptop_20-03-11 - [verifyingDisplayTypeFilterFunctionality_Laptop_20-03-11]Found the element returning it ,element ->[[ChromeDriver: chrome on windows (6c264afaf05195094f91edece5bdd6a6)] -> xpath: //div[@id='feature-bullets']]
20:16:23 [TestNG-test-Test-1] INFO  verifyingDisplayTypeFilterFunctionality_Laptop_20-03-11 - [verifyingDisplayTypeFilterFunctionality_Laptop_20-03-11] Within safeFindElement method
20:16:23 [TestNG-test-Test-1] INFO  verifyingDisplayTypeFilterFunctionality_Laptop_20-03-11 - [verifyingDisplayTypeFilterFunctionality_Laptop_20-03-11]Found the element returning it ,element ->[[ChromeDriver: chrome on windows (6c264afaf05195094f91edece5bdd6a6)] -> xpath: //div[@id='prodDetails']]
20:16:23 [TestNG-test-Test-1] INFO  verifyingDisplayTypeFilterFunctionality_Laptop_20-03-11 - [verifyingDisplayTypeFilterFunctionality_Laptop_20-03-11] Extracting 'name' , 'keyFeatures', 'about' , 'techDetails' within productNameListingPage loop
20:16:23 [TestNG-test-Test-1] INFO  verifyingDisplayTypeFilterFunctionality_Laptop_20-03-11 - [verifyingDisplayTypeFilterFunctionality_Laptop_20-03-11] Waiting until element is visible in viewport
20:16:23 [TestNG-test-Test-1] INFO  verifyingDisplayTypeFilterFunctionality_Laptop_20-03-11 - [verifyingDisplayTypeFilterFunctionality_Laptop_20-03-11] Within smoothScrollToElement method
20:16:23 [TestNG-test-Test-1] INFO  verifyingDisplayTypeFilterFunctionality_Laptop_20-03-11 - [verifyingDisplayTypeFilterFunctionality_Laptop_20-03-11] Within safeFindElement method
20:16:24 [TestNG-test-Test-1] INFO  verifyingDisplayTypeFilterFunctionality_Laptop_20-03-11 - [verifyingDisplayTypeFilterFunctionality_Laptop_20-03-11]Found the element returning it ,element ->[[ChromeDriver: chrome on windows (6c264afaf05195094f91edece5bdd6a6)] -> xpath: //a[@id='seeMoreDetailsLink']]
20:16:24 [TestNG-test-Test-1] INFO  verifyingDisplayTypeFilterFunctionality_Laptop_20-03-11 - [verifyingDisplayTypeFilterFunctionality_Laptop_20-03-11] Successfully scrolled to element: By.xpath: //a[@id='seeMoreDetailsLink']
20:16:24 [TestNG-test-Test-1] INFO  verifyingDisplayTypeFilterFunctionality_Laptop_20-03-11 - [verifyingDisplayTypeFilterFunctionality_Laptop_20-03-11] Within safeClick method
20:16:24 [TestNG-test-Test-1] INFO  verifyingDisplayTypeFilterFunctionality_Laptop_20-03-11 - [verifyingDisplayTypeFilterFunctionality_Laptop_20-03-11] Clicked the  [[ChromeDriver: chrome on windows (6c264afaf05195094f91edece5bdd6a6)] -> xpath: //a[@id='seeMoreDetailsLink']]   using safeClick
20:16:24 [TestNG-test-Test-1] INFO  verifyingDisplayTypeFilterFunctionality_Laptop_20-03-11 - [verifyingDisplayTypeFilterFunctionality_Laptop_20-03-11] Within try block for clicking see more deatils within productNameListingPage loop
20:16:24 [TestNG-test-Test-1] INFO  verifyingDisplayTypeFilterFunctionality_Laptop_20-03-11 - [verifyingDisplayTypeFilterFunctionality_Laptop_20-03-11] Within closeCurrentWindowAndSwitchBack method
20:16:24 [TestNG-test-Test-1] INFO  verifyingDisplayTypeFilterFunctionality_Laptop_20-03-11 - [verifyingDisplayTypeFilterFunctionality_Laptop_20-03-11] Total open windows/tabs count -> 2
20:16:24 [TestNG-test-Test-1] INFO  verifyingDisplayTypeFilterFunctionality_Laptop_20-03-11 - [verifyingDisplayTypeFilterFunctionality_Laptop_20-03-11] Original window handle -> 314D7369A7559D1F60EDBA893E955B9C
20:16:24 [TestNG-test-Test-1] INFO  verifyingDisplayTypeFilterFunctionality_Laptop_20-03-11 - [verifyingDisplayTypeFilterFunctionality_Laptop_20-03-11] Found new tab/window handle -> 2E4B296D241041EEA7CC2E0ED493477F (will be closed)
20:16:24 [TestNG-test-Test-1] INFO  verifyingDisplayTypeFilterFunctionality_Laptop_20-03-11 - [verifyingDisplayTypeFilterFunctionality_Laptop_20-03-11] Successfully switched to new tab/window -> 2E4B296D241041EEA7CC2E0ED493477F
20:16:24 [TestNG-test-Test-1] INFO  verifyingDisplayTypeFilterFunctionality_Laptop_20-03-11 - [verifyingDisplayTypeFilterFunctionality_Laptop_20-03-11] Closed the newly opened tab/window -> 2E4B296D241041EEA7CC2E0ED493477F
20:16:24 [TestNG-test-Test-1] INFO  verifyingDisplayTypeFilterFunctionality_Laptop_20-03-11 - [verifyingDisplayTypeFilterFunctionality_Laptop_20-03-11] Switched back to the original window -> 314D7369A7559D1F60EDBA893E955B9C
20:16:24 [TestNG-test-Test-1] INFO  verifyingDisplayTypeFilterFunctionality_Laptop_20-03-11 - [verifyingDisplayTypeFilterFunctionality_Laptop_20-03-11]  going back to product listing via closeCurrentWindowAndSwitchBack 
20:16:24 [TestNG-test-Test-1] INFO  verifyingDisplayTypeFilterFunctionality_Laptop_20-03-11 - [verifyingDisplayTypeFilterFunctionality_Laptop_20-03-11]  Added 'filter','title','keyFeatures', 'about', 'techDetails' into the Map -> productResult
20:16:24 [TestNG-test-Test-1] INFO  verifyingDisplayTypeFilterFunctionality_Laptop_20-03-11 - [verifyingDisplayTypeFilterFunctionality_Laptop_20-03-11]  Added 'productResult' Map into the 'results' i.e list of maps 
20:16:24 [TestNG-test-Test-1] INFO  verifyingDisplayTypeFilterFunctionality_Laptop_20-03-11 - [verifyingDisplayTypeFilterFunctionality_Laptop_20-03-11]==========================================================================================================
20:16:24 [TestNG-test-Test-1] INFO  verifyingDisplayTypeFilterFunctionality_Laptop_20-03-11 - [verifyingDisplayTypeFilterFunctionality_Laptop_20-03-11] Within safeFindElements 
20:16:24 [TestNG-test-Test-1] INFO  verifyingDisplayTypeFilterFunctionality_Laptop_20-03-11 - [verifyingDisplayTypeFilterFunctionality_Laptop_20-03-11] Returning the  [[[ChromeDriver: chrome on windows (6c264afaf05195094f91edece5bdd6a6)] -> xpath: //div[@data-cy='title-recipe']], [[ChromeDriver: chrome on windows (6c264afaf05195094f91edece5bdd6a6)] -> xpath: //div[@data-cy='title-recipe']], [[ChromeDriver: chrome on windows (6c264afaf05195094f91edece5bdd6a6)] -> xpath: //div[@data-cy='title-recipe']], [[ChromeDriver: chrome on windows (6c264afaf05195094f91edece5bdd6a6)] -> xpath: //div[@data-cy='title-recipe']], [[ChromeDriver: chrome on windows (6c264afaf05195094f91edece5bdd6a6)] -> xpath: //div[@data-cy='title-recipe']], [[ChromeDriver: chrome on windows (6c264afaf05195094f91edece5bdd6a6)] -> xpath: //div[@data-cy='title-recipe']], [[ChromeDriver: chrome on windows (6c264afaf05195094f91edece5bdd6a6)] -> xpath: //div[@data-cy='title-recipe']], [[ChromeDriver: chrome on windows (6c264afaf05195094f91edece5bdd6a6)] -> xpath: //div[@data-cy='title-recipe']], [[ChromeDriver: chrome on windows (6c264afaf05195094f91edece5bdd6a6)] -> xpath: //div[@data-cy='title-recipe']], [[ChromeDriver: chrome on windows (6c264afaf05195094f91edece5bdd6a6)] -> xpath: //div[@data-cy='title-recipe']], [[ChromeDriver: chrome on windows (6c264afaf05195094f91edece5bdd6a6)] -> xpath: //div[@data-cy='title-recipe']], [[ChromeDriver: chrome on windows (6c264afaf05195094f91edece5bdd6a6)] -> xpath: //div[@data-cy='title-recipe']], [[ChromeDriver: chrome on windows (6c264afaf05195094f91edece5bdd6a6)] -> xpath: //div[@data-cy='title-recipe']], [[ChromeDriver: chrome on windows (6c264afaf05195094f91edece5bdd6a6)] -> xpath: //div[@data-cy='title-recipe']], [[ChromeDriver: chrome on windows (6c264afaf05195094f91edece5bdd6a6)] -> xpath: //div[@data-cy='title-recipe']], [[ChromeDriver: chrome on windows (6c264afaf05195094f91edece5bdd6a6)] -> xpath: //div[@data-cy='title-recipe']]] from the safeFindElements method
20:16:24 [TestNG-test-Test-1] INFO  verifyingDisplayTypeFilterFunctionality_Laptop_20-03-11 - [verifyingDisplayTypeFilterFunctionality_Laptop_20-03-11] Within productNameListingPage loop in applyFilterAndValidateProductsWithResult
20:16:24 [TestNG-test-Test-1] INFO  verifyingDisplayTypeFilterFunctionality_Laptop_20-03-11 - [verifyingDisplayTypeFilterFunctionality_Laptop_20-03-11] Within getProductByIndex method
20:16:24 [TestNG-test-Test-1] INFO  verifyingDisplayTypeFilterFunctionality_Laptop_20-03-11 - [verifyingDisplayTypeFilterFunctionality_Laptop_20-03-11] Within safeFindElement method
20:16:25 [TestNG-test-Test-1] INFO  verifyingDisplayTypeFilterFunctionality_Laptop_20-03-11 - [verifyingDisplayTypeFilterFunctionality_Laptop_20-03-11]Found the element returning it ,element ->[[ChromeDriver: chrome on windows (6c264afaf05195094f91edece5bdd6a6)] -> xpath: (//div[@data-cy='title-recipe'])[15]]
20:16:25 [TestNG-test-Test-1] INFO  verifyingDisplayTypeFilterFunctionality_Laptop_20-03-11 - [verifyingDisplayTypeFilterFunctionality_Laptop_20-03-11] Within getProductByIndex method
20:16:25 [TestNG-test-Test-1] INFO  verifyingDisplayTypeFilterFunctionality_Laptop_20-03-11 - [verifyingDisplayTypeFilterFunctionality_Laptop_20-03-11] Within smoothScrollToElement method
20:16:25 [TestNG-test-Test-1] INFO  verifyingDisplayTypeFilterFunctionality_Laptop_20-03-11 - [verifyingDisplayTypeFilterFunctionality_Laptop_20-03-11] Within safeFindElement method
20:16:25 [TestNG-test-Test-1] INFO  verifyingDisplayTypeFilterFunctionality_Laptop_20-03-11 - [verifyingDisplayTypeFilterFunctionality_Laptop_20-03-11]Found the element returning it ,element ->[[ChromeDriver: chrome on windows (6c264afaf05195094f91edece5bdd6a6)] -> xpath: (//div[@data-cy='title-recipe'])[15]]
20:16:25 [TestNG-test-Test-1] INFO  verifyingDisplayTypeFilterFunctionality_Laptop_20-03-11 - [verifyingDisplayTypeFilterFunctionality_Laptop_20-03-11] Successfully scrolled to element: By.xpath: (//div[@data-cy='title-recipe'])[15]
20:16:25 [TestNG-test-Test-1] INFO  verifyingDisplayTypeFilterFunctionality_Laptop_20-03-11 - [verifyingDisplayTypeFilterFunctionality_Laptop_20-03-11] Getting product by index in productNameListingPage loop
20:16:25 [TestNG-test-Test-1] INFO  verifyingDisplayTypeFilterFunctionality_Laptop_20-03-11 - [verifyingDisplayTypeFilterFunctionality_Laptop_20-03-11] Opened product in new tab via Ctrl+Click inside productNameListingPage loop
20:16:25 [TestNG-test-Test-1] INFO  verifyingDisplayTypeFilterFunctionality_Laptop_20-03-11 - [verifyingDisplayTypeFilterFunctionality_Laptop_20-03-11] Waiting for new window to open...
20:16:25 [TestNG-test-Test-1] INFO  verifyingDisplayTypeFilterFunctionality_Laptop_20-03-11 - [verifyingDisplayTypeFilterFunctionality_Laptop_20-03-11] Switched to new window -> D44DD8B820EB4703BF50CB43AABAE1F9
20:16:25 [TestNG-test-Test-1] INFO  verifyingDisplayTypeFilterFunctionality_Laptop_20-03-11 - [verifyingDisplayTypeFilterFunctionality_Laptop_20-03-11] Swithcing to the new window  within productNameListingPage loop
20:16:25 [TestNG-test-Test-1] INFO  verifyingDisplayTypeFilterFunctionality_Laptop_20-03-11 - [verifyingDisplayTypeFilterFunctionality_Laptop_20-03-11] Clicked product name to open in new tab from productNameListingPage loop
20:16:25 [TestNG-test-Test-1] INFO  verifyingDisplayTypeFilterFunctionality_Laptop_20-03-11 - [verifyingDisplayTypeFilterFunctionality_Laptop_20-03-11] Within safeFindElement method
20:16:32 [TestNG-test-Test-1] INFO  verifyingDisplayTypeFilterFunctionality_Laptop_20-03-11 - [verifyingDisplayTypeFilterFunctionality_Laptop_20-03-11]Found the element returning it ,element ->[[ChromeDriver: chrome on windows (6c264afaf05195094f91edece5bdd6a6)] -> xpath: //span[@id='productTitle']]
20:16:32 [TestNG-test-Test-1] INFO  verifyingDisplayTypeFilterFunctionality_Laptop_20-03-11 - [verifyingDisplayTypeFilterFunctionality_Laptop_20-03-11] Within safeFindElement method
20:16:32 [TestNG-test-Test-1] INFO  verifyingDisplayTypeFilterFunctionality_Laptop_20-03-11 - [verifyingDisplayTypeFilterFunctionality_Laptop_20-03-11]Found the element returning it ,element ->[[ChromeDriver: chrome on windows (6c264afaf05195094f91edece5bdd6a6)] -> xpath: //div[@class='a-section a-spacing-small a-spacing-top-small']]
20:16:32 [TestNG-test-Test-1] INFO  verifyingDisplayTypeFilterFunctionality_Laptop_20-03-11 - [verifyingDisplayTypeFilterFunctionality_Laptop_20-03-11] Within safeFindElement method
20:16:32 [TestNG-test-Test-1] INFO  verifyingDisplayTypeFilterFunctionality_Laptop_20-03-11 - [verifyingDisplayTypeFilterFunctionality_Laptop_20-03-11]Found the element returning it ,element ->[[ChromeDriver: chrome on windows (6c264afaf05195094f91edece5bdd6a6)] -> xpath: //div[@id='feature-bullets']]
20:16:32 [TestNG-test-Test-1] INFO  verifyingDisplayTypeFilterFunctionality_Laptop_20-03-11 - [verifyingDisplayTypeFilterFunctionality_Laptop_20-03-11] Within safeFindElement method
20:16:32 [TestNG-test-Test-1] INFO  verifyingDisplayTypeFilterFunctionality_Laptop_20-03-11 - [verifyingDisplayTypeFilterFunctionality_Laptop_20-03-11]Found the element returning it ,element ->[[ChromeDriver: chrome on windows (6c264afaf05195094f91edece5bdd6a6)] -> xpath: //div[@id='prodDetails']]
20:16:32 [TestNG-test-Test-1] INFO  verifyingDisplayTypeFilterFunctionality_Laptop_20-03-11 - [verifyingDisplayTypeFilterFunctionality_Laptop_20-03-11] Extracting 'name' , 'keyFeatures', 'about' , 'techDetails' within productNameListingPage loop
20:16:32 [TestNG-test-Test-1] INFO  verifyingDisplayTypeFilterFunctionality_Laptop_20-03-11 - [verifyingDisplayTypeFilterFunctionality_Laptop_20-03-11] Waiting until element is visible in viewport
20:16:42 [TestNG-test-Test-1] INFO  verifyingDisplayTypeFilterFunctionality_Laptop_20-03-11 - [verifyingDisplayTypeFilterFunctionality_Laptop_20-03-11] Within smoothScrollToElement method
20:16:42 [TestNG-test-Test-1] INFO  verifyingDisplayTypeFilterFunctionality_Laptop_20-03-11 - [verifyingDisplayTypeFilterFunctionality_Laptop_20-03-11] Within safeFindElement method
20:16:42 [TestNG-test-Test-1] INFO  verifyingDisplayTypeFilterFunctionality_Laptop_20-03-11 - [verifyingDisplayTypeFilterFunctionality_Laptop_20-03-11]Found the element returning it ,element ->[[ChromeDriver: chrome on windows (6c264afaf05195094f91edece5bdd6a6)] -> xpath: //a[@id='seeMoreDetailsLink']]
20:16:42 [TestNG-test-Test-1] INFO  verifyingDisplayTypeFilterFunctionality_Laptop_20-03-11 - [verifyingDisplayTypeFilterFunctionality_Laptop_20-03-11] Successfully scrolled to element: By.xpath: //a[@id='seeMoreDetailsLink']
20:16:42 [TestNG-test-Test-1] INFO  verifyingDisplayTypeFilterFunctionality_Laptop_20-03-11 - [verifyingDisplayTypeFilterFunctionality_Laptop_20-03-11] Within safeClick method
20:16:43 [TestNG-test-Test-1] INFO  verifyingDisplayTypeFilterFunctionality_Laptop_20-03-11 - [verifyingDisplayTypeFilterFunctionality_Laptop_20-03-11] Clicked the  [[ChromeDriver: chrome on windows (6c264afaf05195094f91edece5bdd6a6)] -> xpath: //a[@id='seeMoreDetailsLink']]   using safeClick
20:16:43 [TestNG-test-Test-1] INFO  verifyingDisplayTypeFilterFunctionality_Laptop_20-03-11 - [verifyingDisplayTypeFilterFunctionality_Laptop_20-03-11] Within try block for clicking see more deatils within productNameListingPage loop
20:16:43 [TestNG-test-Test-1] INFO  verifyingDisplayTypeFilterFunctionality_Laptop_20-03-11 - [verifyingDisplayTypeFilterFunctionality_Laptop_20-03-11] Within closeCurrentWindowAndSwitchBack method
20:16:43 [TestNG-test-Test-1] INFO  verifyingDisplayTypeFilterFunctionality_Laptop_20-03-11 - [verifyingDisplayTypeFilterFunctionality_Laptop_20-03-11] Total open windows/tabs count -> 2
20:16:43 [TestNG-test-Test-1] INFO  verifyingDisplayTypeFilterFunctionality_Laptop_20-03-11 - [verifyingDisplayTypeFilterFunctionality_Laptop_20-03-11] Original window handle -> 314D7369A7559D1F60EDBA893E955B9C
20:16:43 [TestNG-test-Test-1] INFO  verifyingDisplayTypeFilterFunctionality_Laptop_20-03-11 - [verifyingDisplayTypeFilterFunctionality_Laptop_20-03-11] Found new tab/window handle -> D44DD8B820EB4703BF50CB43AABAE1F9 (will be closed)
20:16:43 [TestNG-test-Test-1] INFO  verifyingDisplayTypeFilterFunctionality_Laptop_20-03-11 - [verifyingDisplayTypeFilterFunctionality_Laptop_20-03-11] Successfully switched to new tab/window -> D44DD8B820EB4703BF50CB43AABAE1F9
20:16:43 [TestNG-test-Test-1] INFO  verifyingDisplayTypeFilterFunctionality_Laptop_20-03-11 - [verifyingDisplayTypeFilterFunctionality_Laptop_20-03-11] Closed the newly opened tab/window -> D44DD8B820EB4703BF50CB43AABAE1F9
20:16:43 [TestNG-test-Test-1] INFO  verifyingDisplayTypeFilterFunctionality_Laptop_20-03-11 - [verifyingDisplayTypeFilterFunctionality_Laptop_20-03-11] Switched back to the original window -> 314D7369A7559D1F60EDBA893E955B9C
20:16:43 [TestNG-test-Test-1] INFO  verifyingDisplayTypeFilterFunctionality_Laptop_20-03-11 - [verifyingDisplayTypeFilterFunctionality_Laptop_20-03-11]  going back to product listing via closeCurrentWindowAndSwitchBack 
20:16:43 [TestNG-test-Test-1] INFO  verifyingDisplayTypeFilterFunctionality_Laptop_20-03-11 - [verifyingDisplayTypeFilterFunctionality_Laptop_20-03-11]  Added 'filter','title','keyFeatures', 'about', 'techDetails' into the Map -> productResult
20:16:43 [TestNG-test-Test-1] INFO  verifyingDisplayTypeFilterFunctionality_Laptop_20-03-11 - [verifyingDisplayTypeFilterFunctionality_Laptop_20-03-11]  Added 'productResult' Map into the 'results' i.e list of maps 
20:16:43 [TestNG-test-Test-1] INFO  verifyingDisplayTypeFilterFunctionality_Laptop_20-03-11 - [verifyingDisplayTypeFilterFunctionality_Laptop_20-03-11]==========================================================================================================
20:16:43 [TestNG-test-Test-1] INFO  verifyingDisplayTypeFilterFunctionality_Laptop_20-03-11 - [verifyingDisplayTypeFilterFunctionality_Laptop_20-03-11] Within safeClick method
20:16:43 [TestNG-test-Test-1] INFO  verifyingDisplayTypeFilterFunctionality_Laptop_20-03-11 - [verifyingDisplayTypeFilterFunctionality_Laptop_20-03-11] Clicked the  [[ChromeDriver: chrome on windows (6c264afaf05195094f91edece5bdd6a6)] -> xpath: //span[@class='a-size-base a-color-base' and text()='Clear']]   using safeClick
20:16:43 [TestNG-test-Test-1] INFO  verifyingDisplayTypeFilterFunctionality_Laptop_20-03-11 - [verifyingDisplayTypeFilterFunctionality_Laptop_20-03-11] Clearing the filter value ->OLEDwithin productNameListingPage loop
20:16:43 [TestNG-test-Test-1] INFO  verifyingDisplayTypeFilterFunctionality_Laptop_20-03-11 - [verifyingDisplayTypeFilterFunctionality_Laptop_20-03-11]==========================================================================================================
20:16:43 [TestNG-test-Test-1] INFO  verifyingDisplayTypeFilterFunctionality_Laptop_20-03-11 - [verifyingDisplayTypeFilterFunctionality_Laptop_20-03-11]==========================================================================================================
20:16:43 [TestNG-test-Test-1] INFO  verifyingDisplayTypeFilterFunctionality_Laptop_20-03-11 - [verifyingDisplayTypeFilterFunctionality_Laptop_20-03-11] returning the 'results' i.e list of Maps
20:16:43 [TestNG-test-Test-1] ERROR verifyingDisplayTypeFilterFunctionality_Laptop_20-03-11 - [verifyingDisplayTypeFilterFunctionality_Laptop_20-03-11] Mismatch found for filter 'lcd' on product 'lenovo v15 g4 amd ryzen 5 7520u 15.6 inch fhd laptop, amd graphics, 16gb ddr5 5500mhz ram, 512gb ssd nvme, windows 11, dolby audio, arctic grey, 1 year onsite brand warranty'
20:16:43 [TestNG-test-Test-1] ERROR verifyingDisplayTypeFilterFunctionality_Laptop_20-03-11 - [verifyingDisplayTypeFilterFunctionality_Laptop_20-03-11] Mismatch found for filter 'lcd' on product 'lenovo v15 g4 amd athlon silver 7120u laptop 8gb lpddr5 ram, 512 gb ssd pcie, windows 11 lifetime validity,15.6" fhd screen, amd radeon 610m, silver, 1 year brand warranty'
20:16:43 [TestNG-test-Test-1] ERROR verifyingDisplayTypeFilterFunctionality_Laptop_20-03-11 - [verifyingDisplayTypeFilterFunctionality_Laptop_20-03-11] Mismatch found for filter 'lcd' on product 'hp 15, amd ryzen 7 5825u, 16gb ddr4, 512gb ssd, 15.6-inch(39.6cm) anti-glare, fhd, radeon graphics, backlit kb, 1080p hd cam (win11, m365 basic(1yr)*,office home24, silver, 1.69kg) fc0533au'
20:16:43 [TestNG-test-Test-1] ERROR verifyingDisplayTypeFilterFunctionality_Laptop_20-03-11 - [verifyingDisplayTypeFilterFunctionality_Laptop_20-03-11] Mismatch found for filter 'lcd' on product 'hp smartchoice omnibook 5 oled (previously pavilion), snapdragon x processor 45 tops (16gb lpddr5x, 1 tb ssd), 2k 14''/35.6cm, win11, office24, silver, 1.29kg, he0015qu, multi-day battery, ai laptop'
20:16:43 [TestNG-test-Test-1] INFO  verifyingDisplayTypeFilterFunctionality_Laptop_20-03-11 - [verifyingDisplayTypeFilterFunctionality_Laptop_20-03-11]  Filter 'lcd' matched in at least one section.
20:16:43 [TestNG-test-Test-1] ERROR verifyingDisplayTypeFilterFunctionality_Laptop_20-03-11 - [verifyingDisplayTypeFilterFunctionality_Laptop_20-03-11] Mismatch found for filter 'lcd' on product 'hp omnibook 3 amd ryzen ai 5 340 next gen ai laptop, (16gb ddr5, 512gb ssd), anti-glare,15.6''/39.6cm fhd, win11,office24, silver,1.7kg, fhd camera w/privacy shutter, fn0007au'
20:16:43 [TestNG-test-Test-1] INFO  verifyingDisplayTypeFilterFunctionality_Laptop_20-03-11 - [verifyingDisplayTypeFilterFunctionality_Laptop_20-03-11]  Filter 'lcd' matched in at least one section.
20:16:43 [TestNG-test-Test-1] ERROR verifyingDisplayTypeFilterFunctionality_Laptop_20-03-11 - [verifyingDisplayTypeFilterFunctionality_Laptop_20-03-11] Mismatch found for filter 'lcd' on product 'hp omnibook 3, amd ryzen ai 5 330 (24gb ddr5 ram, 1tb ssd) fhd, anti-glare, 15.6''/39.6cm, win11, office24, glacier silver,1.7kg, fn0074au, fhd camera w/shutter, fpr, backlit kb, next gen ai laptop'
20:16:43 [TestNG-test-Test-1] INFO  verifyingDisplayTypeFilterFunctionality_Laptop_20-03-11 - [verifyingDisplayTypeFilterFunctionality_Laptop_20-03-11]  Filter 'lcd' matched in at least one section.
20:16:43 [TestNG-test-Test-1] INFO  verifyingDisplayTypeFilterFunctionality_Laptop_20-03-11 - [verifyingDisplayTypeFilterFunctionality_Laptop_20-03-11]  Filter 'lcd' matched in at least one section.
20:16:43 [TestNG-test-Test-1] ERROR verifyingDisplayTypeFilterFunctionality_Laptop_20-03-11 - [verifyingDisplayTypeFilterFunctionality_Laptop_20-03-11] Mismatch found for filter 'lcd' on product 'acer aspire lite 12th gen intel core i3-1215u premium metal laptop (windows 11 home/16 gb ram/512gb ssd) al15-52, 39.62cm (15.6") full hd display, metal body, steel gray, 1.59 kg'
20:16:43 [TestNG-test-Test-1] ERROR verifyingDisplayTypeFilterFunctionality_Laptop_20-03-11 - [verifyingDisplayTypeFilterFunctionality_Laptop_20-03-11] Mismatch found for filter 'lcd' on product 'hp 15, amd ryzen 3 7320u (8gb lpddr5, 512gb ssd) fhd, anti-glare, micro-edge, 15.6"/39.6cm, win 11, office 21, silver, 1.59kg, fc0154au, amd radeon graphics, 1080p fhd camera laptop'
20:16:43 [TestNG-test-Test-1] ERROR verifyingDisplayTypeFilterFunctionality_Laptop_20-03-11 - [verifyingDisplayTypeFilterFunctionality_Laptop_20-03-11] Mismatch found for filter 'lcd' on product 'hp 255 notebook, amd athlon silver 7120u,8gb ddr4, 256gb ssd, 15.6-inch(39.6cm), anti-glare, hd laptop, radeon graphics, (win 11, silver,1.52kg) g10'
20:16:43 [TestNG-test-Test-1] ERROR verifyingDisplayTypeFilterFunctionality_Laptop_20-03-11 - [verifyingDisplayTypeFilterFunctionality_Laptop_20-03-11] Mismatch found for filter 'lcd' on product 'hp 255 g10 amd ryzen™ 7 7730u octa core (16 gb/512 gb ssd/dos/amd radeon™ graphics) thin and light laptop/ 15.6" fhd display anti-glare,turbo silver/1.5 kg 1 year brand warranty'
20:16:43 [TestNG-test-Test-1] ERROR verifyingDisplayTypeFilterFunctionality_Laptop_20-03-11 - [verifyingDisplayTypeFilterFunctionality_Laptop_20-03-11] Mismatch found for filter 'lcd' on product 'dell inspiron 5440 notebook computer, intel core 3 100u 14th gen processor, 8gb ddr5 ram, 512gb ssd, 14" fhd+ screen, ubuntu, 1yr warranty, ice blue'
20:16:43 [TestNG-test-Test-1] INFO  verifyingDisplayTypeFilterFunctionality_Laptop_20-03-11 - [verifyingDisplayTypeFilterFunctionality_Laptop_20-03-11]  Filter 'led' matched in at least one section.
20:16:43 [TestNG-test-Test-1] INFO  verifyingDisplayTypeFilterFunctionality_Laptop_20-03-11 - [verifyingDisplayTypeFilterFunctionality_Laptop_20-03-11]  Filter 'led' matched in at least one section.
20:16:43 [TestNG-test-Test-1] INFO  verifyingDisplayTypeFilterFunctionality_Laptop_20-03-11 - [verifyingDisplayTypeFilterFunctionality_Laptop_20-03-11]  Filter 'led' matched in at least one section.
20:16:43 [TestNG-test-Test-1] INFO  verifyingDisplayTypeFilterFunctionality_Laptop_20-03-11 - [verifyingDisplayTypeFilterFunctionality_Laptop_20-03-11]  Filter 'led' matched in at least one section.
20:16:43 [TestNG-test-Test-1] INFO  verifyingDisplayTypeFilterFunctionality_Laptop_20-03-11 - [verifyingDisplayTypeFilterFunctionality_Laptop_20-03-11]  Filter 'led' matched in at least one section.
20:16:43 [TestNG-test-Test-1] INFO  verifyingDisplayTypeFilterFunctionality_Laptop_20-03-11 - [verifyingDisplayTypeFilterFunctionality_Laptop_20-03-11]  Filter 'led' matched in at least one section.
20:16:43 [TestNG-test-Test-1] INFO  verifyingDisplayTypeFilterFunctionality_Laptop_20-03-11 - [verifyingDisplayTypeFilterFunctionality_Laptop_20-03-11]  Filter 'led' matched in at least one section.
20:16:43 [TestNG-test-Test-1] INFO  verifyingDisplayTypeFilterFunctionality_Laptop_20-03-11 - [verifyingDisplayTypeFilterFunctionality_Laptop_20-03-11]  Filter 'led' matched in at least one section.
20:16:43 [TestNG-test-Test-1] INFO  verifyingDisplayTypeFilterFunctionality_Laptop_20-03-11 - [verifyingDisplayTypeFilterFunctionality_Laptop_20-03-11]  Filter 'led' matched in at least one section.
20:16:43 [TestNG-test-Test-1] INFO  verifyingDisplayTypeFilterFunctionality_Laptop_20-03-11 - [verifyingDisplayTypeFilterFunctionality_Laptop_20-03-11]  Filter 'led' matched in at least one section.
20:16:43 [TestNG-test-Test-1] INFO  verifyingDisplayTypeFilterFunctionality_Laptop_20-03-11 - [verifyingDisplayTypeFilterFunctionality_Laptop_20-03-11]  Filter 'led' matched in at least one section.
20:16:43 [TestNG-test-Test-1] INFO  verifyingDisplayTypeFilterFunctionality_Laptop_20-03-11 - [verifyingDisplayTypeFilterFunctionality_Laptop_20-03-11]  Filter 'led' matched in at least one section.
20:16:43 [TestNG-test-Test-1] INFO  verifyingDisplayTypeFilterFunctionality_Laptop_20-03-11 - [verifyingDisplayTypeFilterFunctionality_Laptop_20-03-11]  Filter 'led' matched in at least one section.
20:16:43 [TestNG-test-Test-1] INFO  verifyingDisplayTypeFilterFunctionality_Laptop_20-03-11 - [verifyingDisplayTypeFilterFunctionality_Laptop_20-03-11]  Filter 'led' matched in at least one section.
20:16:43 [TestNG-test-Test-1] INFO  verifyingDisplayTypeFilterFunctionality_Laptop_20-03-11 - [verifyingDisplayTypeFilterFunctionality_Laptop_20-03-11]  Filter 'led' matched in at least one section.
20:16:43 [TestNG-test-Test-1] ERROR verifyingDisplayTypeFilterFunctionality_Laptop_20-03-11 - [verifyingDisplayTypeFilterFunctionality_Laptop_20-03-11] Mismatch found for filter 'led' on product 'hp 15 (2026), amd ryzen 7 octa core 7735u - (16 gb ddr5/512 gb ssd/amd radeon 680m graphics/windows 11 home) thin & light business laptop/15.6" fhd display/backlit + fingerprint/silver/1.5kg/ms office'
20:16:43 [TestNG-test-Test-1] INFO  verifyingDisplayTypeFilterFunctionality_Laptop_20-03-11 - [verifyingDisplayTypeFilterFunctionality_Laptop_20-03-11]  Filter 'led' matched in at least one section.
20:16:43 [TestNG-test-Test-1] INFO  verifyingDisplayTypeFilterFunctionality_Laptop_20-03-11 - [verifyingDisplayTypeFilterFunctionality_Laptop_20-03-11]  Filter 'led' matched in at least one section.
20:16:43 [TestNG-test-Test-1] INFO  verifyingDisplayTypeFilterFunctionality_Laptop_20-03-11 - [verifyingDisplayTypeFilterFunctionality_Laptop_20-03-11]  Filter 'led' matched in at least one section.
20:16:43 [TestNG-test-Test-1] INFO  verifyingDisplayTypeFilterFunctionality_Laptop_20-03-11 - [verifyingDisplayTypeFilterFunctionality_Laptop_20-03-11]  Filter 'led' matched in at least one section.
20:16:43 [TestNG-test-Test-1] INFO  verifyingDisplayTypeFilterFunctionality_Laptop_20-03-11 - [verifyingDisplayTypeFilterFunctionality_Laptop_20-03-11]  Filter 'led' matched in at least one section.
20:16:43 [TestNG-test-Test-1] INFO  verifyingDisplayTypeFilterFunctionality_Laptop_20-03-11 - [verifyingDisplayTypeFilterFunctionality_Laptop_20-03-11]  Filter 'oled' matched in at least one section.
20:16:43 [TestNG-test-Test-1] INFO  verifyingDisplayTypeFilterFunctionality_Laptop_20-03-11 - [verifyingDisplayTypeFilterFunctionality_Laptop_20-03-11]  Filter 'oled' matched in at least one section.
20:16:43 [TestNG-test-Test-1] INFO  verifyingDisplayTypeFilterFunctionality_Laptop_20-03-11 - [verifyingDisplayTypeFilterFunctionality_Laptop_20-03-11]  Filter 'oled' matched in at least one section.
20:16:43 [TestNG-test-Test-1] INFO  verifyingDisplayTypeFilterFunctionality_Laptop_20-03-11 - [verifyingDisplayTypeFilterFunctionality_Laptop_20-03-11]  Filter 'oled' matched in at least one section.
20:16:43 [TestNG-test-Test-1] INFO  verifyingDisplayTypeFilterFunctionality_Laptop_20-03-11 - [verifyingDisplayTypeFilterFunctionality_Laptop_20-03-11]  Filter 'oled' matched in at least one section.
20:16:43 [TestNG-test-Test-1] INFO  verifyingDisplayTypeFilterFunctionality_Laptop_20-03-11 - [verifyingDisplayTypeFilterFunctionality_Laptop_20-03-11]  Filter 'oled' matched in at least one section.
20:16:43 [TestNG-test-Test-1] INFO  verifyingDisplayTypeFilterFunctionality_Laptop_20-03-11 - [verifyingDisplayTypeFilterFunctionality_Laptop_20-03-11]  Filter 'oled' matched in at least one section.
20:16:43 [TestNG-test-Test-1] ERROR verifyingDisplayTypeFilterFunctionality_Laptop_20-03-11 - [verifyingDisplayTypeFilterFunctionality_Laptop_20-03-11] Mismatch found for filter 'oled' on product 'hp omnibook 5 flip (previously pavilion), intel core 7 150u (16gb lpddr5,1tb ssd) 2k, 300 nits, 14''/35.6cm, convertible, win11, m365, office24, glacier silver,1.65kg, fp0690tu, pen, 5mp camera laptop'
20:16:43 [TestNG-test-Test-1] INFO  verifyingDisplayTypeFilterFunctionality_Laptop_20-03-11 - [verifyingDisplayTypeFilterFunctionality_Laptop_20-03-11]  Filter 'oled' matched in at least one section.
20:16:43 [TestNG-test-Test-1] INFO  verifyingDisplayTypeFilterFunctionality_Laptop_20-03-11 - [verifyingDisplayTypeFilterFunctionality_Laptop_20-03-11]  Filter 'oled' matched in at least one section.
20:16:43 [TestNG-test-Test-1] INFO  verifyingDisplayTypeFilterFunctionality_Laptop_20-03-11 - [verifyingDisplayTypeFilterFunctionality_Laptop_20-03-11]  Filter 'oled' matched in at least one section.
20:16:43 [TestNG-test-Test-1] INFO  verifyingDisplayTypeFilterFunctionality_Laptop_20-03-11 - [verifyingDisplayTypeFilterFunctionality_Laptop_20-03-11]  Filter 'oled' matched in at least one section.
20:16:43 [TestNG-test-Test-1] INFO  verifyingDisplayTypeFilterFunctionality_Laptop_20-03-11 - [verifyingDisplayTypeFilterFunctionality_Laptop_20-03-11]  Filter 'oled' matched in at least one section.
20:16:43 [TestNG-test-Test-1] INFO  verifyingDisplayTypeFilterFunctionality_Laptop_20-03-11 - [verifyingDisplayTypeFilterFunctionality_Laptop_20-03-11]  Filter 'oled' matched in at least one section.
20:16:43 [TestNG-test-Test-1] INFO  verifyingDisplayTypeFilterFunctionality_Laptop_20-03-11 - [verifyingDisplayTypeFilterFunctionality_Laptop_20-03-11]  Filter 'oled' matched in at least one section.
20:16:43 [TestNG-test-Test-1] INFO  verifyingDisplayTypeFilterFunctionality_Laptop_20-03-11 - [verifyingDisplayTypeFilterFunctionality_Laptop_20-03-11]  Final assertion for display type filter validation...
