20:32:11 [TestNG-test-Test-1] INFO  verifyingDisplayTypeFilterFunctionality_Laptop_20-32-11 - No existing WebDriver found for current thread. Initializing a new ChromeDriver...
20:32:11 [TestNG-test-Test-1] INFO  verifyingDisplayTypeFilterFunctionality_Laptop_20-32-11 - WebDriverManager: chromedriver setup OK
20:32:13 [TestNG-test-Test-1] INFO  verifyingDisplayTypeFilterFunctionality_Laptop_20-32-11 - ChromeDriver initialized successfully for thread: 34
20:32:14 [TestNG-test-Test-1] INFO  verifyingDisplayTypeFilterFunctionality_Laptop_20-32-11 - [verifyingDisplayTypeFilterFunctionality_Laptop_20-32-11] Opening amazon Landing page
20:32:14 [TestNG-test-Test-1] INFO  verifyingDisplayTypeFilterFunctionality_Laptop_20-32-11 - [verifyingDisplayTypeFilterFunctionality_Laptop_20-32-11] Within safeFindElement method
20:32:16 [TestNG-test-Test-1] INFO  verifyingDisplayTypeFilterFunctionality_Laptop_20-32-11 - [verifyingDisplayTypeFilterFunctionality_Laptop_20-32-11]Found the element returning it ,element ->[[ChromeDriver: chrome on windows (944d27ba16ea2b534cc2d24374c5cdd8)] -> xpath: //a[@id='nav-logo-sprites']]
20:32:17 [TestNG-test-Test-1] INFO  verifyingDisplayTypeFilterFunctionality_Laptop_20-32-11 - [verifyingDisplayTypeFilterFunctionality_Laptop_20-32-11] Giving input within the search bar
20:32:17 [TestNG-test-Test-1] INFO  verifyingDisplayTypeFilterFunctionality_Laptop_20-32-11 - [verifyingDisplayTypeFilterFunctionality_Laptop_20-32-11] Within safeClick method
20:32:20 [TestNG-test-Test-1] INFO  verifyingDisplayTypeFilterFunctionality_Laptop_20-32-11 - [verifyingDisplayTypeFilterFunctionality_Laptop_20-32-11] Clicked the  [[ChromeDriver: chrome on windows (944d27ba16ea2b534cc2d24374c5cdd8)] -> xpath: //input[@id='nav-search-submit-button']]   using safeClick
20:32:20 [TestNG-test-Test-1] INFO  verifyingDisplayTypeFilterFunctionality_Laptop_20-32-11 - [verifyingDisplayTypeFilterFunctionality_Laptop_20-32-11] Clicking on the submit in the search bar
20:32:20 [TestNG-test-Test-1] INFO  verifyingDisplayTypeFilterFunctionality_Laptop_20-32-11 - [verifyingDisplayTypeFilterFunctionality_Laptop_20-32-11] Within filterCheckUnderList method
20:32:21 [TestNG-test-Test-1] INFO  verifyingDisplayTypeFilterFunctionality_Laptop_20-32-11 - [verifyingDisplayTypeFilterFunctionality_Laptop_20-32-11] Found the Filter within the filter check List
20:32:21 [TestNG-test-Test-1] INFO  verifyingDisplayTypeFilterFunctionality_Laptop_20-32-11 - [verifyingDisplayTypeFilterFunctionality_Laptop_20-32-11] Within applyFilterAndValidateProductsWithResult method
20:32:21 [TestNG-test-Test-1] INFO  verifyingDisplayTypeFilterFunctionality_Laptop_20-32-11 - [verifyingDisplayTypeFilterFunctionality_Laptop_20-32-11] Within safeFindElements 
20:32:21 [TestNG-test-Test-1] INFO  verifyingDisplayTypeFilterFunctionality_Laptop_20-32-11 - [verifyingDisplayTypeFilterFunctionality_Laptop_20-32-11] Returning the  [[[ChromeDriver: chrome on windows (944d27ba16ea2b534cc2d24374c5cdd8)] -> xpath: //span[@class='a-size-base a-color-base puis-bold-weight-text' and text()='Display Type']/parent::div/following-sibling::ul//span[@class='a-size-base a-color-base']], [[ChromeDriver: chrome on windows (944d27ba16ea2b534cc2d24374c5cdd8)] -> xpath: //span[@class='a-size-base a-color-base puis-bold-weight-text' and text()='Display Type']/parent::div/following-sibling::ul//span[@class='a-size-base a-color-base']], [[ChromeDriver: chrome on windows (944d27ba16ea2b534cc2d24374c5cdd8)] -> xpath: //span[@class='a-size-base a-color-base puis-bold-weight-text' and text()='Display Type']/parent::div/following-sibling::ul//span[@class='a-size-base a-color-base']]] from the safeFindElements method
20:32:21 [TestNG-test-Test-1] INFO  verifyingDisplayTypeFilterFunctionality_Laptop_20-32-11 - [verifyingDisplayTypeFilterFunctionality_Laptop_20-32-11] Within applyFilterAndValidateProductsWithResult filterOptions size is -> 3
20:32:21 [TestNG-test-Test-1] INFO  verifyingDisplayTypeFilterFunctionality_Laptop_20-32-11 - [verifyingDisplayTypeFilterFunctionality_Laptop_20-32-11] Execution is scheduled type /CRON Job on CI Hence refering to CI keys from UtilData
20:32:21 [TestNG-test-Test-1] INFO  verifyingDisplayTypeFilterFunctionality_Laptop_20-32-11 - [verifyingDisplayTypeFilterFunctionality_Laptop_20-32-11] Within filterOptions loop in applyFilterAndValidateProductsWithResult
20:32:21 [TestNG-test-Test-1] INFO  verifyingDisplayTypeFilterFunctionality_Laptop_20-32-11 - [verifyingDisplayTypeFilterFunctionality_Laptop_20-32-11] Within safeFindElements 
20:32:21 [TestNG-test-Test-1] INFO  verifyingDisplayTypeFilterFunctionality_Laptop_20-32-11 - [verifyingDisplayTypeFilterFunctionality_Laptop_20-32-11] Returning the  [[[ChromeDriver: chrome on windows (944d27ba16ea2b534cc2d24374c5cdd8)] -> xpath: //span[@class='a-size-base a-color-base puis-bold-weight-text' and text()='Display Type']/parent::div/following-sibling::ul//span[@class='a-size-base a-color-base']], [[ChromeDriver: chrome on windows (944d27ba16ea2b534cc2d24374c5cdd8)] -> xpath: //span[@class='a-size-base a-color-base puis-bold-weight-text' and text()='Display Type']/parent::div/following-sibling::ul//span[@class='a-size-base a-color-base']], [[ChromeDriver: chrome on windows (944d27ba16ea2b534cc2d24374c5cdd8)] -> xpath: //span[@class='a-size-base a-color-base puis-bold-weight-text' and text()='Display Type']/parent::div/following-sibling::ul//span[@class='a-size-base a-color-base']]] from the safeFindElements method
20:32:21 [TestNG-test-Test-1] INFO  verifyingDisplayTypeFilterFunctionality_Laptop_20-32-11 - [verifyingDisplayTypeFilterFunctionality_Laptop_20-32-11] Trying to read filter option 0 (attempt 1/3)
20:32:21 [TestNG-test-Test-1] INFO  verifyingDisplayTypeFilterFunctionality_Laptop_20-32-11 - [verifyingDisplayTypeFilterFunctionality_Laptop_20-32-11] Successfully read filter option 0 = 'LCD'
20:32:21 [TestNG-test-Test-1] INFO  verifyingDisplayTypeFilterFunctionality_Laptop_20-32-11 - [verifyingDisplayTypeFilterFunctionality_Laptop_20-32-11] Within getfilterByTypeAndName method
20:32:21 [TestNG-test-Test-1] INFO  verifyingDisplayTypeFilterFunctionality_Laptop_20-32-11 - [verifyingDisplayTypeFilterFunctionality_Laptop_20-32-11] Within safeClickBooleanWithScreenShot method
20:32:21 [TestNG-test-Test-1] INFO  verifyingDisplayTypeFilterFunctionality_Laptop_20-32-11 - [verifyingDisplayTypeFilterFunctionality_Laptop_20-32-11] Within getAppliedfilterByTypeAndName method
20:32:21 [TestNG-test-Test-1] INFO  verifyingDisplayTypeFilterFunctionality_Laptop_20-32-11 - [verifyingDisplayTypeFilterFunctionality_Laptop_20-32-11] Within smoothScrollToElement method
20:32:21 [TestNG-test-Test-1] INFO  verifyingDisplayTypeFilterFunctionality_Laptop_20-32-11 - [verifyingDisplayTypeFilterFunctionality_Laptop_20-32-11] Within safeFindElement method
20:32:21 [TestNG-test-Test-1] INFO  verifyingDisplayTypeFilterFunctionality_Laptop_20-32-11 - [verifyingDisplayTypeFilterFunctionality_Laptop_20-32-11]Found the element returning it ,element ->[[ChromeDriver: chrome on windows (944d27ba16ea2b534cc2d24374c5cdd8)] -> xpath: //span[@class='a-size-base a-color-base puis-bold-weight-text' and text()='Display Type']]
20:32:21 [TestNG-test-Test-1] INFO  verifyingDisplayTypeFilterFunctionality_Laptop_20-32-11 - [verifyingDisplayTypeFilterFunctionality_Laptop_20-32-11] Successfully scrolled to element: By.xpath: //span[@class='a-size-base a-color-base puis-bold-weight-text' and text()='Display Type']
20:32:21 [TestNG-test-Test-1] INFO  verifyingDisplayTypeFilterFunctionality_Laptop_20-32-11 - [verifyingDisplayTypeFilterFunctionality_Laptop_20-32-11] Within getMoreButtonByFilterTypeAndName method
20:32:21 [TestNG-test-Test-1] INFO  verifyingDisplayTypeFilterFunctionality_Laptop_20-32-11 - [verifyingDisplayTypeFilterFunctionality_Laptop_20-32-11] could not find more button
20:32:21 [TestNG-test-Test-1] INFO  verifyingDisplayTypeFilterFunctionality_Laptop_20-32-11 - [verifyingDisplayTypeFilterFunctionality_Laptop_20-32-11] Within getAppliedfilterByTypeAndName method
20:32:21 [TestNG-test-Test-1] INFO  verifyingDisplayTypeFilterFunctionality_Laptop_20-32-11 - [verifyingDisplayTypeFilterFunctionality_Laptop_20-32-11] Within smoothScrollToElement method
20:32:21 [TestNG-test-Test-1] INFO  verifyingDisplayTypeFilterFunctionality_Laptop_20-32-11 - [verifyingDisplayTypeFilterFunctionality_Laptop_20-32-11] Within safeFindElement method
20:32:23 [TestNG-test-Test-1] INFO  verifyingDisplayTypeFilterFunctionality_Laptop_20-32-11 - [verifyingDisplayTypeFilterFunctionality_Laptop_20-32-11]Found the element returning it ,element ->[[ChromeDriver: chrome on windows (944d27ba16ea2b534cc2d24374c5cdd8)] -> xpath: //span[@class='a-size-base a-color-base puis-bold-weight-text' and text()='Display Type']]
20:32:23 [TestNG-test-Test-1] INFO  verifyingDisplayTypeFilterFunctionality_Laptop_20-32-11 - [verifyingDisplayTypeFilterFunctionality_Laptop_20-32-11] Successfully scrolled to element: By.xpath: //span[@class='a-size-base a-color-base puis-bold-weight-text' and text()='Display Type']
20:32:23 [TestNG-test-Test-1] INFO  verifyingDisplayTypeFilterFunctionality_Laptop_20-32-11 - [verifyingDisplayTypeFilterFunctionality_Laptop_20-32-11] Within getMoreButtonByFilterTypeAndName method
20:32:23 [TestNG-test-Test-1] INFO  verifyingDisplayTypeFilterFunctionality_Laptop_20-32-11 - [verifyingDisplayTypeFilterFunctionality_Laptop_20-32-11] could not find more button
20:32:23 [TestNG-test-Test-1] INFO  verifyingDisplayTypeFilterFunctionality_Laptop_20-32-11 - [verifyingDisplayTypeFilterFunctionality_Laptop_20-32-11] Within getfilterByTypeAndName method
20:32:23 [TestNG-test-Test-1] INFO  verifyingDisplayTypeFilterFunctionality_Laptop_20-32-11 - [verifyingDisplayTypeFilterFunctionality_Laptop_20-32-11] Within smoothScrollToElement method
20:32:23 [TestNG-test-Test-1] INFO  verifyingDisplayTypeFilterFunctionality_Laptop_20-32-11 - [verifyingDisplayTypeFilterFunctionality_Laptop_20-32-11] Within safeFindElement method
20:32:23 [TestNG-test-Test-1] INFO  verifyingDisplayTypeFilterFunctionality_Laptop_20-32-11 - [verifyingDisplayTypeFilterFunctionality_Laptop_20-32-11]Found the element returning it ,element ->[[ChromeDriver: chrome on windows (944d27ba16ea2b534cc2d24374c5cdd8)] -> xpath: //span[@class='a-size-base a-color-base puis-bold-weight-text' and text()='Display Type']/parent::div/following-sibling::ul//span[@class='a-size-base a-color-base a-text-bold' and text()='LCD']]
20:32:23 [TestNG-test-Test-1] INFO  verifyingDisplayTypeFilterFunctionality_Laptop_20-32-11 - [verifyingDisplayTypeFilterFunctionality_Laptop_20-32-11] Successfully scrolled to element: By.xpath: //span[@class='a-size-base a-color-base puis-bold-weight-text' and text()='Display Type']/parent::div/following-sibling::ul//span[@class='a-size-base a-color-base a-text-bold' and text()='LCD']
20:32:23 [TestNG-test-Test-1] INFO  verifyingDisplayTypeFilterFunctionality_Laptop_20-32-11 - [verifyingDisplayTypeFilterFunctionality_Laptop_20-32-11] Clicked the element using safe click ,element is [[ChromeDriver: chrome on windows (944d27ba16ea2b534cc2d24374c5cdd8)] -> xpath: //span[@class='a-size-base a-color-base puis-bold-weight-text' and text()='Display Type']/parent::div/following-sibling::ul//span[@class='a-size-base a-color-base' and text()='LCD']]
20:32:23 [TestNG-test-Test-1] INFO  verifyingDisplayTypeFilterFunctionality_Laptop_20-32-11 - [verifyingDisplayTypeFilterFunctionality_Laptop_20-32-11] Within safeFindElements 
20:32:23 [TestNG-test-Test-1] INFO  verifyingDisplayTypeFilterFunctionality_Laptop_20-32-11 - [verifyingDisplayTypeFilterFunctionality_Laptop_20-32-11] Returning the  [[[ChromeDriver: chrome on windows (944d27ba16ea2b534cc2d24374c5cdd8)] -> xpath: //div[@data-cy='title-recipe']], [[ChromeDriver: chrome on windows (944d27ba16ea2b534cc2d24374c5cdd8)] -> xpath: //div[@data-cy='title-recipe']], [[ChromeDriver: chrome on windows (944d27ba16ea2b534cc2d24374c5cdd8)] -> xpath: //div[@data-cy='title-recipe']], [[ChromeDriver: chrome on windows (944d27ba16ea2b534cc2d24374c5cdd8)] -> xpath: //div[@data-cy='title-recipe']], [[ChromeDriver: chrome on windows (944d27ba16ea2b534cc2d24374c5cdd8)] -> xpath: //div[@data-cy='title-recipe']], [[ChromeDriver: chrome on windows (944d27ba16ea2b534cc2d24374c5cdd8)] -> xpath: //div[@data-cy='title-recipe']], [[ChromeDriver: chrome on windows (944d27ba16ea2b534cc2d24374c5cdd8)] -> xpath: //div[@data-cy='title-recipe']], [[ChromeDriver: chrome on windows (944d27ba16ea2b534cc2d24374c5cdd8)] -> xpath: //div[@data-cy='title-recipe']], [[ChromeDriver: chrome on windows (944d27ba16ea2b534cc2d24374c5cdd8)] -> xpath: //div[@data-cy='title-recipe']], [[ChromeDriver: chrome on windows (944d27ba16ea2b534cc2d24374c5cdd8)] -> xpath: //div[@data-cy='title-recipe']], [[ChromeDriver: chrome on windows (944d27ba16ea2b534cc2d24374c5cdd8)] -> xpath: //div[@data-cy='title-recipe']], [[ChromeDriver: chrome on windows (944d27ba16ea2b534cc2d24374c5cdd8)] -> xpath: //div[@data-cy='title-recipe']], [[ChromeDriver: chrome on windows (944d27ba16ea2b534cc2d24374c5cdd8)] -> xpath: //div[@data-cy='title-recipe']], [[ChromeDriver: chrome on windows (944d27ba16ea2b534cc2d24374c5cdd8)] -> xpath: //div[@data-cy='title-recipe']], [[ChromeDriver: chrome on windows (944d27ba16ea2b534cc2d24374c5cdd8)] -> xpath: //div[@data-cy='title-recipe']], [[ChromeDriver: chrome on windows (944d27ba16ea2b534cc2d24374c5cdd8)] -> xpath: //div[@data-cy='title-recipe']]] from the safeFindElements method
20:32:23 [TestNG-test-Test-1] INFO  verifyingDisplayTypeFilterFunctionality_Laptop_20-32-11 - [verifyingDisplayTypeFilterFunctionality_Laptop_20-32-11] Execution is scheduled type /CRON Job on CI Hence refering to CI keys from UtilData
20:32:23 [TestNG-test-Test-1] INFO  verifyingDisplayTypeFilterFunctionality_Laptop_20-32-11 - [verifyingDisplayTypeFilterFunctionality_Laptop_20-32-11] Within safeFindElements 
20:32:23 [TestNG-test-Test-1] INFO  verifyingDisplayTypeFilterFunctionality_Laptop_20-32-11 - [verifyingDisplayTypeFilterFunctionality_Laptop_20-32-11] Returning the  [[[ChromeDriver: chrome on windows (944d27ba16ea2b534cc2d24374c5cdd8)] -> xpath: //div[@data-cy='title-recipe']], [[ChromeDriver: chrome on windows (944d27ba16ea2b534cc2d24374c5cdd8)] -> xpath: //div[@data-cy='title-recipe']], [[ChromeDriver: chrome on windows (944d27ba16ea2b534cc2d24374c5cdd8)] -> xpath: //div[@data-cy='title-recipe']], [[ChromeDriver: chrome on windows (944d27ba16ea2b534cc2d24374c5cdd8)] -> xpath: //div[@data-cy='title-recipe']], [[ChromeDriver: chrome on windows (944d27ba16ea2b534cc2d24374c5cdd8)] -> xpath: //div[@data-cy='title-recipe']], [[ChromeDriver: chrome on windows (944d27ba16ea2b534cc2d24374c5cdd8)] -> xpath: //div[@data-cy='title-recipe']], [[ChromeDriver: chrome on windows (944d27ba16ea2b534cc2d24374c5cdd8)] -> xpath: //div[@data-cy='title-recipe']], [[ChromeDriver: chrome on windows (944d27ba16ea2b534cc2d24374c5cdd8)] -> xpath: //div[@data-cy='title-recipe']], [[ChromeDriver: chrome on windows (944d27ba16ea2b534cc2d24374c5cdd8)] -> xpath: //div[@data-cy='title-recipe']], [[ChromeDriver: chrome on windows (944d27ba16ea2b534cc2d24374c5cdd8)] -> xpath: //div[@data-cy='title-recipe']], [[ChromeDriver: chrome on windows (944d27ba16ea2b534cc2d24374c5cdd8)] -> xpath: //div[@data-cy='title-recipe']], [[ChromeDriver: chrome on windows (944d27ba16ea2b534cc2d24374c5cdd8)] -> xpath: //div[@data-cy='title-recipe']], [[ChromeDriver: chrome on windows (944d27ba16ea2b534cc2d24374c5cdd8)] -> xpath: //div[@data-cy='title-recipe']], [[ChromeDriver: chrome on windows (944d27ba16ea2b534cc2d24374c5cdd8)] -> xpath: //div[@data-cy='title-recipe']], [[ChromeDriver: chrome on windows (944d27ba16ea2b534cc2d24374c5cdd8)] -> xpath: //div[@data-cy='title-recipe']], [[ChromeDriver: chrome on windows (944d27ba16ea2b534cc2d24374c5cdd8)] -> xpath: //div[@data-cy='title-recipe']]] from the safeFindElements method
20:32:23 [TestNG-test-Test-1] INFO  verifyingDisplayTypeFilterFunctionality_Laptop_20-32-11 - [verifyingDisplayTypeFilterFunctionality_Laptop_20-32-11] Within productNameListingPage loop in applyFilterAndValidateProductsWithResult
20:32:24 [TestNG-test-Test-1] INFO  verifyingDisplayTypeFilterFunctionality_Laptop_20-32-11 - [verifyingDisplayTypeFilterFunctionality_Laptop_20-32-11] Within getProductByIndex method
20:32:24 [TestNG-test-Test-1] INFO  verifyingDisplayTypeFilterFunctionality_Laptop_20-32-11 - [verifyingDisplayTypeFilterFunctionality_Laptop_20-32-11] Within safeFindElement method
20:32:24 [TestNG-test-Test-1] INFO  verifyingDisplayTypeFilterFunctionality_Laptop_20-32-11 - [verifyingDisplayTypeFilterFunctionality_Laptop_20-32-11]Found the element returning it ,element ->[[ChromeDriver: chrome on windows (944d27ba16ea2b534cc2d24374c5cdd8)] -> xpath: (//div[@data-cy='title-recipe'])[1]]
20:32:24 [TestNG-test-Test-1] INFO  verifyingDisplayTypeFilterFunctionality_Laptop_20-32-11 - [verifyingDisplayTypeFilterFunctionality_Laptop_20-32-11] Within getProductByIndex method
20:32:24 [TestNG-test-Test-1] INFO  verifyingDisplayTypeFilterFunctionality_Laptop_20-32-11 - [verifyingDisplayTypeFilterFunctionality_Laptop_20-32-11] Within smoothScrollToElement method
20:32:24 [TestNG-test-Test-1] INFO  verifyingDisplayTypeFilterFunctionality_Laptop_20-32-11 - [verifyingDisplayTypeFilterFunctionality_Laptop_20-32-11] Within safeFindElement method
20:32:24 [TestNG-test-Test-1] INFO  verifyingDisplayTypeFilterFunctionality_Laptop_20-32-11 - [verifyingDisplayTypeFilterFunctionality_Laptop_20-32-11]Found the element returning it ,element ->[[ChromeDriver: chrome on windows (944d27ba16ea2b534cc2d24374c5cdd8)] -> xpath: (//div[@data-cy='title-recipe'])[1]]
20:32:24 [TestNG-test-Test-1] INFO  verifyingDisplayTypeFilterFunctionality_Laptop_20-32-11 - [verifyingDisplayTypeFilterFunctionality_Laptop_20-32-11] Successfully scrolled to element: By.xpath: (//div[@data-cy='title-recipe'])[1]
20:32:24 [TestNG-test-Test-1] INFO  verifyingDisplayTypeFilterFunctionality_Laptop_20-32-11 - [verifyingDisplayTypeFilterFunctionality_Laptop_20-32-11] Getting product by index in productNameListingPage loop
20:32:24 [TestNG-test-Test-1] INFO  verifyingDisplayTypeFilterFunctionality_Laptop_20-32-11 - [verifyingDisplayTypeFilterFunctionality_Laptop_20-32-11] Opened product in new tab via Ctrl+Click inside productNameListingPage loop
20:32:24 [TestNG-test-Test-1] INFO  verifyingDisplayTypeFilterFunctionality_Laptop_20-32-11 - [verifyingDisplayTypeFilterFunctionality_Laptop_20-32-11] Waiting for new window to open...
20:32:24 [TestNG-test-Test-1] INFO  verifyingDisplayTypeFilterFunctionality_Laptop_20-32-11 - [verifyingDisplayTypeFilterFunctionality_Laptop_20-32-11] Switched to new window -> 2B451D926A3940EBC528E3F86E44CBF3
20:32:24 [TestNG-test-Test-1] INFO  verifyingDisplayTypeFilterFunctionality_Laptop_20-32-11 - [verifyingDisplayTypeFilterFunctionality_Laptop_20-32-11] Swithcing to the new window  within productNameListingPage loop
20:32:24 [TestNG-test-Test-1] INFO  verifyingDisplayTypeFilterFunctionality_Laptop_20-32-11 - [verifyingDisplayTypeFilterFunctionality_Laptop_20-32-11] Clicked product name to open in new tab from productNameListingPage loop
20:32:24 [TestNG-test-Test-1] INFO  verifyingDisplayTypeFilterFunctionality_Laptop_20-32-11 - [verifyingDisplayTypeFilterFunctionality_Laptop_20-32-11] Within safeFindElement method
20:32:30 [TestNG-test-Test-1] INFO  verifyingDisplayTypeFilterFunctionality_Laptop_20-32-11 - [verifyingDisplayTypeFilterFunctionality_Laptop_20-32-11]Found the element returning it ,element ->[[ChromeDriver: chrome on windows (944d27ba16ea2b534cc2d24374c5cdd8)] -> xpath: //span[@id='productTitle']]
20:32:30 [TestNG-test-Test-1] INFO  verifyingDisplayTypeFilterFunctionality_Laptop_20-32-11 - [verifyingDisplayTypeFilterFunctionality_Laptop_20-32-11] Within safeFindElement method
20:32:30 [TestNG-test-Test-1] INFO  verifyingDisplayTypeFilterFunctionality_Laptop_20-32-11 - [verifyingDisplayTypeFilterFunctionality_Laptop_20-32-11]Found the element returning it ,element ->[[ChromeDriver: chrome on windows (944d27ba16ea2b534cc2d24374c5cdd8)] -> xpath: //div[@class='a-section a-spacing-small a-spacing-top-small']]
20:32:30 [TestNG-test-Test-1] INFO  verifyingDisplayTypeFilterFunctionality_Laptop_20-32-11 - [verifyingDisplayTypeFilterFunctionality_Laptop_20-32-11] Within safeFindElement method
20:32:30 [TestNG-test-Test-1] INFO  verifyingDisplayTypeFilterFunctionality_Laptop_20-32-11 - [verifyingDisplayTypeFilterFunctionality_Laptop_20-32-11]Found the element returning it ,element ->[[ChromeDriver: chrome on windows (944d27ba16ea2b534cc2d24374c5cdd8)] -> xpath: //div[@id='feature-bullets']]
20:32:30 [TestNG-test-Test-1] INFO  verifyingDisplayTypeFilterFunctionality_Laptop_20-32-11 - [verifyingDisplayTypeFilterFunctionality_Laptop_20-32-11] Within safeFindElement method
20:32:30 [TestNG-test-Test-1] INFO  verifyingDisplayTypeFilterFunctionality_Laptop_20-32-11 - [verifyingDisplayTypeFilterFunctionality_Laptop_20-32-11]Found the element returning it ,element ->[[ChromeDriver: chrome on windows (944d27ba16ea2b534cc2d24374c5cdd8)] -> xpath: //div[@id='prodDetails']]
20:32:30 [TestNG-test-Test-1] INFO  verifyingDisplayTypeFilterFunctionality_Laptop_20-32-11 - [verifyingDisplayTypeFilterFunctionality_Laptop_20-32-11] Extracting 'name' , 'keyFeatures', 'about' , 'techDetails' within productNameListingPage loop
20:32:30 [TestNG-test-Test-1] INFO  verifyingDisplayTypeFilterFunctionality_Laptop_20-32-11 - [verifyingDisplayTypeFilterFunctionality_Laptop_20-32-11] Waiting until element is visible in viewport
20:32:41 [TestNG-test-Test-1] INFO  verifyingDisplayTypeFilterFunctionality_Laptop_20-32-11 - [verifyingDisplayTypeFilterFunctionality_Laptop_20-32-11] Within smoothScrollToElement method
20:32:41 [TestNG-test-Test-1] INFO  verifyingDisplayTypeFilterFunctionality_Laptop_20-32-11 - [verifyingDisplayTypeFilterFunctionality_Laptop_20-32-11] Within safeFindElement method
20:32:41 [TestNG-test-Test-1] INFO  verifyingDisplayTypeFilterFunctionality_Laptop_20-32-11 - [verifyingDisplayTypeFilterFunctionality_Laptop_20-32-11]Found the element returning it ,element ->[[ChromeDriver: chrome on windows (944d27ba16ea2b534cc2d24374c5cdd8)] -> xpath: //a[@id='seeMoreDetailsLink']]
20:32:41 [TestNG-test-Test-1] INFO  verifyingDisplayTypeFilterFunctionality_Laptop_20-32-11 - [verifyingDisplayTypeFilterFunctionality_Laptop_20-32-11] Successfully scrolled to element: By.xpath: //a[@id='seeMoreDetailsLink']
20:32:41 [TestNG-test-Test-1] INFO  verifyingDisplayTypeFilterFunctionality_Laptop_20-32-11 - [verifyingDisplayTypeFilterFunctionality_Laptop_20-32-11] Within safeClick method
20:32:41 [TestNG-test-Test-1] INFO  verifyingDisplayTypeFilterFunctionality_Laptop_20-32-11 - [verifyingDisplayTypeFilterFunctionality_Laptop_20-32-11] Clicked the  [[ChromeDriver: chrome on windows (944d27ba16ea2b534cc2d24374c5cdd8)] -> xpath: //a[@id='seeMoreDetailsLink']]   using safeClick
20:32:41 [TestNG-test-Test-1] INFO  verifyingDisplayTypeFilterFunctionality_Laptop_20-32-11 - [verifyingDisplayTypeFilterFunctionality_Laptop_20-32-11] Within try block for clicking see more deatils within productNameListingPage loop
20:32:41 [TestNG-test-Test-1] INFO  verifyingDisplayTypeFilterFunctionality_Laptop_20-32-11 - [verifyingDisplayTypeFilterFunctionality_Laptop_20-32-11] Within closeCurrentWindowAndSwitchBack method
20:32:41 [TestNG-test-Test-1] INFO  verifyingDisplayTypeFilterFunctionality_Laptop_20-32-11 - [verifyingDisplayTypeFilterFunctionality_Laptop_20-32-11] Total open windows/tabs count -> 2
20:32:41 [TestNG-test-Test-1] INFO  verifyingDisplayTypeFilterFunctionality_Laptop_20-32-11 - [verifyingDisplayTypeFilterFunctionality_Laptop_20-32-11] Original window handle -> AA8B22BE0A8F774C28F62CC1C00B5AB3
20:32:41 [TestNG-test-Test-1] INFO  verifyingDisplayTypeFilterFunctionality_Laptop_20-32-11 - [verifyingDisplayTypeFilterFunctionality_Laptop_20-32-11] Found new tab/window handle -> 2B451D926A3940EBC528E3F86E44CBF3 (will be closed)
20:32:41 [TestNG-test-Test-1] INFO  verifyingDisplayTypeFilterFunctionality_Laptop_20-32-11 - [verifyingDisplayTypeFilterFunctionality_Laptop_20-32-11] Successfully switched to new tab/window -> 2B451D926A3940EBC528E3F86E44CBF3
20:32:41 [TestNG-test-Test-1] INFO  verifyingDisplayTypeFilterFunctionality_Laptop_20-32-11 - [verifyingDisplayTypeFilterFunctionality_Laptop_20-32-11] Closed the newly opened tab/window -> 2B451D926A3940EBC528E3F86E44CBF3
20:32:41 [TestNG-test-Test-1] INFO  verifyingDisplayTypeFilterFunctionality_Laptop_20-32-11 - [verifyingDisplayTypeFilterFunctionality_Laptop_20-32-11] Switched back to the original window -> AA8B22BE0A8F774C28F62CC1C00B5AB3
20:32:41 [TestNG-test-Test-1] INFO  verifyingDisplayTypeFilterFunctionality_Laptop_20-32-11 - [verifyingDisplayTypeFilterFunctionality_Laptop_20-32-11]  going back to product listing via closeCurrentWindowAndSwitchBack 
20:32:41 [TestNG-test-Test-1] INFO  verifyingDisplayTypeFilterFunctionality_Laptop_20-32-11 - [verifyingDisplayTypeFilterFunctionality_Laptop_20-32-11]  Added 'filter','title','keyFeatures', 'about', 'techDetails' into the Map -> productResult
20:32:41 [TestNG-test-Test-1] INFO  verifyingDisplayTypeFilterFunctionality_Laptop_20-32-11 - [verifyingDisplayTypeFilterFunctionality_Laptop_20-32-11]  Added 'productResult' Map into the 'results' i.e list of maps 
20:32:41 [TestNG-test-Test-1] INFO  verifyingDisplayTypeFilterFunctionality_Laptop_20-32-11 - [verifyingDisplayTypeFilterFunctionality_Laptop_20-32-11]==========================================================================================================
20:32:41 [TestNG-test-Test-1] INFO  verifyingDisplayTypeFilterFunctionality_Laptop_20-32-11 - [verifyingDisplayTypeFilterFunctionality_Laptop_20-32-11] Within safeFindElements 
20:32:41 [TestNG-test-Test-1] INFO  verifyingDisplayTypeFilterFunctionality_Laptop_20-32-11 - [verifyingDisplayTypeFilterFunctionality_Laptop_20-32-11] Returning the  [[[ChromeDriver: chrome on windows (944d27ba16ea2b534cc2d24374c5cdd8)] -> xpath: //div[@data-cy='title-recipe']], [[ChromeDriver: chrome on windows (944d27ba16ea2b534cc2d24374c5cdd8)] -> xpath: //div[@data-cy='title-recipe']], [[ChromeDriver: chrome on windows (944d27ba16ea2b534cc2d24374c5cdd8)] -> xpath: //div[@data-cy='title-recipe']], [[ChromeDriver: chrome on windows (944d27ba16ea2b534cc2d24374c5cdd8)] -> xpath: //div[@data-cy='title-recipe']], [[ChromeDriver: chrome on windows (944d27ba16ea2b534cc2d24374c5cdd8)] -> xpath: //div[@data-cy='title-recipe']], [[ChromeDriver: chrome on windows (944d27ba16ea2b534cc2d24374c5cdd8)] -> xpath: //div[@data-cy='title-recipe']], [[ChromeDriver: chrome on windows (944d27ba16ea2b534cc2d24374c5cdd8)] -> xpath: //div[@data-cy='title-recipe']], [[ChromeDriver: chrome on windows (944d27ba16ea2b534cc2d24374c5cdd8)] -> xpath: //div[@data-cy='title-recipe']], [[ChromeDriver: chrome on windows (944d27ba16ea2b534cc2d24374c5cdd8)] -> xpath: //div[@data-cy='title-recipe']], [[ChromeDriver: chrome on windows (944d27ba16ea2b534cc2d24374c5cdd8)] -> xpath: //div[@data-cy='title-recipe']], [[ChromeDriver: chrome on windows (944d27ba16ea2b534cc2d24374c5cdd8)] -> xpath: //div[@data-cy='title-recipe']], [[ChromeDriver: chrome on windows (944d27ba16ea2b534cc2d24374c5cdd8)] -> xpath: //div[@data-cy='title-recipe']], [[ChromeDriver: chrome on windows (944d27ba16ea2b534cc2d24374c5cdd8)] -> xpath: //div[@data-cy='title-recipe']], [[ChromeDriver: chrome on windows (944d27ba16ea2b534cc2d24374c5cdd8)] -> xpath: //div[@data-cy='title-recipe']], [[ChromeDriver: chrome on windows (944d27ba16ea2b534cc2d24374c5cdd8)] -> xpath: //div[@data-cy='title-recipe']], [[ChromeDriver: chrome on windows (944d27ba16ea2b534cc2d24374c5cdd8)] -> xpath: //div[@data-cy='title-recipe']]] from the safeFindElements method
20:32:41 [TestNG-test-Test-1] INFO  verifyingDisplayTypeFilterFunctionality_Laptop_20-32-11 - [verifyingDisplayTypeFilterFunctionality_Laptop_20-32-11] Within productNameListingPage loop in applyFilterAndValidateProductsWithResult
20:32:41 [TestNG-test-Test-1] INFO  verifyingDisplayTypeFilterFunctionality_Laptop_20-32-11 - [verifyingDisplayTypeFilterFunctionality_Laptop_20-32-11] Within getProductByIndex method
20:32:41 [TestNG-test-Test-1] INFO  verifyingDisplayTypeFilterFunctionality_Laptop_20-32-11 - [verifyingDisplayTypeFilterFunctionality_Laptop_20-32-11] Within safeFindElement method
20:32:41 [TestNG-test-Test-1] INFO  verifyingDisplayTypeFilterFunctionality_Laptop_20-32-11 - [verifyingDisplayTypeFilterFunctionality_Laptop_20-32-11]Found the element returning it ,element ->[[ChromeDriver: chrome on windows (944d27ba16ea2b534cc2d24374c5cdd8)] -> xpath: (//div[@data-cy='title-recipe'])[2]]
20:32:41 [TestNG-test-Test-1] INFO  verifyingDisplayTypeFilterFunctionality_Laptop_20-32-11 - [verifyingDisplayTypeFilterFunctionality_Laptop_20-32-11] Within getProductByIndex method
20:32:41 [TestNG-test-Test-1] INFO  verifyingDisplayTypeFilterFunctionality_Laptop_20-32-11 - [verifyingDisplayTypeFilterFunctionality_Laptop_20-32-11] Within smoothScrollToElement method
20:32:41 [TestNG-test-Test-1] INFO  verifyingDisplayTypeFilterFunctionality_Laptop_20-32-11 - [verifyingDisplayTypeFilterFunctionality_Laptop_20-32-11] Within safeFindElement method
20:32:41 [TestNG-test-Test-1] INFO  verifyingDisplayTypeFilterFunctionality_Laptop_20-32-11 - [verifyingDisplayTypeFilterFunctionality_Laptop_20-32-11]Found the element returning it ,element ->[[ChromeDriver: chrome on windows (944d27ba16ea2b534cc2d24374c5cdd8)] -> xpath: (//div[@data-cy='title-recipe'])[2]]
20:32:41 [TestNG-test-Test-1] INFO  verifyingDisplayTypeFilterFunctionality_Laptop_20-32-11 - [verifyingDisplayTypeFilterFunctionality_Laptop_20-32-11] Successfully scrolled to element: By.xpath: (//div[@data-cy='title-recipe'])[2]
20:32:41 [TestNG-test-Test-1] INFO  verifyingDisplayTypeFilterFunctionality_Laptop_20-32-11 - [verifyingDisplayTypeFilterFunctionality_Laptop_20-32-11] Getting product by index in productNameListingPage loop
20:32:42 [TestNG-test-Test-1] INFO  verifyingDisplayTypeFilterFunctionality_Laptop_20-32-11 - [verifyingDisplayTypeFilterFunctionality_Laptop_20-32-11] Opened product in new tab via Ctrl+Click inside productNameListingPage loop
20:32:42 [TestNG-test-Test-1] INFO  verifyingDisplayTypeFilterFunctionality_Laptop_20-32-11 - [verifyingDisplayTypeFilterFunctionality_Laptop_20-32-11] Waiting for new window to open...
20:32:42 [TestNG-test-Test-1] INFO  verifyingDisplayTypeFilterFunctionality_Laptop_20-32-11 - [verifyingDisplayTypeFilterFunctionality_Laptop_20-32-11] Switched to new window -> 568334668CE9FCBBB764351244489AE7
20:32:42 [TestNG-test-Test-1] INFO  verifyingDisplayTypeFilterFunctionality_Laptop_20-32-11 - [verifyingDisplayTypeFilterFunctionality_Laptop_20-32-11] Swithcing to the new window  within productNameListingPage loop
20:32:42 [TestNG-test-Test-1] INFO  verifyingDisplayTypeFilterFunctionality_Laptop_20-32-11 - [verifyingDisplayTypeFilterFunctionality_Laptop_20-32-11] Clicked product name to open in new tab from productNameListingPage loop
20:32:42 [TestNG-test-Test-1] INFO  verifyingDisplayTypeFilterFunctionality_Laptop_20-32-11 - [verifyingDisplayTypeFilterFunctionality_Laptop_20-32-11] Within safeFindElement method
20:32:45 [TestNG-test-Test-1] INFO  verifyingDisplayTypeFilterFunctionality_Laptop_20-32-11 - [verifyingDisplayTypeFilterFunctionality_Laptop_20-32-11]Found the element returning it ,element ->[[ChromeDriver: chrome on windows (944d27ba16ea2b534cc2d24374c5cdd8)] -> xpath: //span[@id='productTitle']]
20:32:45 [TestNG-test-Test-1] INFO  verifyingDisplayTypeFilterFunctionality_Laptop_20-32-11 - [verifyingDisplayTypeFilterFunctionality_Laptop_20-32-11] Within safeFindElement method
20:32:45 [TestNG-test-Test-1] INFO  verifyingDisplayTypeFilterFunctionality_Laptop_20-32-11 - [verifyingDisplayTypeFilterFunctionality_Laptop_20-32-11]Found the element returning it ,element ->[[ChromeDriver: chrome on windows (944d27ba16ea2b534cc2d24374c5cdd8)] -> xpath: //div[@class='a-section a-spacing-small a-spacing-top-small']]
20:32:45 [TestNG-test-Test-1] INFO  verifyingDisplayTypeFilterFunctionality_Laptop_20-32-11 - [verifyingDisplayTypeFilterFunctionality_Laptop_20-32-11] Within safeFindElement method
20:32:45 [TestNG-test-Test-1] INFO  verifyingDisplayTypeFilterFunctionality_Laptop_20-32-11 - [verifyingDisplayTypeFilterFunctionality_Laptop_20-32-11]Found the element returning it ,element ->[[ChromeDriver: chrome on windows (944d27ba16ea2b534cc2d24374c5cdd8)] -> xpath: //div[@id='feature-bullets']]
20:32:45 [TestNG-test-Test-1] INFO  verifyingDisplayTypeFilterFunctionality_Laptop_20-32-11 - [verifyingDisplayTypeFilterFunctionality_Laptop_20-32-11] Within safeFindElement method
20:32:45 [TestNG-test-Test-1] INFO  verifyingDisplayTypeFilterFunctionality_Laptop_20-32-11 - [verifyingDisplayTypeFilterFunctionality_Laptop_20-32-11]Found the element returning it ,element ->[[ChromeDriver: chrome on windows (944d27ba16ea2b534cc2d24374c5cdd8)] -> xpath: //div[@id='prodDetails']]
20:32:45 [TestNG-test-Test-1] INFO  verifyingDisplayTypeFilterFunctionality_Laptop_20-32-11 - [verifyingDisplayTypeFilterFunctionality_Laptop_20-32-11] Extracting 'name' , 'keyFeatures', 'about' , 'techDetails' within productNameListingPage loop
20:32:45 [TestNG-test-Test-1] INFO  verifyingDisplayTypeFilterFunctionality_Laptop_20-32-11 - [verifyingDisplayTypeFilterFunctionality_Laptop_20-32-11] Waiting until element is visible in viewport
20:32:56 [TestNG-test-Test-1] INFO  verifyingDisplayTypeFilterFunctionality_Laptop_20-32-11 - [verifyingDisplayTypeFilterFunctionality_Laptop_20-32-11] Within smoothScrollToElement method
20:32:56 [TestNG-test-Test-1] INFO  verifyingDisplayTypeFilterFunctionality_Laptop_20-32-11 - [verifyingDisplayTypeFilterFunctionality_Laptop_20-32-11] Within safeFindElement method
20:32:56 [TestNG-test-Test-1] INFO  verifyingDisplayTypeFilterFunctionality_Laptop_20-32-11 - [verifyingDisplayTypeFilterFunctionality_Laptop_20-32-11]Found the element returning it ,element ->[[ChromeDriver: chrome on windows (944d27ba16ea2b534cc2d24374c5cdd8)] -> xpath: //a[@id='seeMoreDetailsLink']]
20:32:56 [TestNG-test-Test-1] INFO  verifyingDisplayTypeFilterFunctionality_Laptop_20-32-11 - [verifyingDisplayTypeFilterFunctionality_Laptop_20-32-11] Successfully scrolled to element: By.xpath: //a[@id='seeMoreDetailsLink']
20:32:56 [TestNG-test-Test-1] INFO  verifyingDisplayTypeFilterFunctionality_Laptop_20-32-11 - [verifyingDisplayTypeFilterFunctionality_Laptop_20-32-11] Within safeClick method
20:32:56 [TestNG-test-Test-1] INFO  verifyingDisplayTypeFilterFunctionality_Laptop_20-32-11 - [verifyingDisplayTypeFilterFunctionality_Laptop_20-32-11] Clicked the  [[ChromeDriver: chrome on windows (944d27ba16ea2b534cc2d24374c5cdd8)] -> xpath: //a[@id='seeMoreDetailsLink']]   using safeClick
20:32:56 [TestNG-test-Test-1] INFO  verifyingDisplayTypeFilterFunctionality_Laptop_20-32-11 - [verifyingDisplayTypeFilterFunctionality_Laptop_20-32-11] Within try block for clicking see more deatils within productNameListingPage loop
20:32:56 [TestNG-test-Test-1] INFO  verifyingDisplayTypeFilterFunctionality_Laptop_20-32-11 - [verifyingDisplayTypeFilterFunctionality_Laptop_20-32-11] Within closeCurrentWindowAndSwitchBack method
20:32:56 [TestNG-test-Test-1] INFO  verifyingDisplayTypeFilterFunctionality_Laptop_20-32-11 - [verifyingDisplayTypeFilterFunctionality_Laptop_20-32-11] Total open windows/tabs count -> 2
20:32:56 [TestNG-test-Test-1] INFO  verifyingDisplayTypeFilterFunctionality_Laptop_20-32-11 - [verifyingDisplayTypeFilterFunctionality_Laptop_20-32-11] Original window handle -> AA8B22BE0A8F774C28F62CC1C00B5AB3
20:32:56 [TestNG-test-Test-1] INFO  verifyingDisplayTypeFilterFunctionality_Laptop_20-32-11 - [verifyingDisplayTypeFilterFunctionality_Laptop_20-32-11] Found new tab/window handle -> 568334668CE9FCBBB764351244489AE7 (will be closed)
20:32:56 [TestNG-test-Test-1] INFO  verifyingDisplayTypeFilterFunctionality_Laptop_20-32-11 - [verifyingDisplayTypeFilterFunctionality_Laptop_20-32-11] Successfully switched to new tab/window -> 568334668CE9FCBBB764351244489AE7
20:32:57 [TestNG-test-Test-1] INFO  verifyingDisplayTypeFilterFunctionality_Laptop_20-32-11 - [verifyingDisplayTypeFilterFunctionality_Laptop_20-32-11] Closed the newly opened tab/window -> 568334668CE9FCBBB764351244489AE7
20:32:57 [TestNG-test-Test-1] INFO  verifyingDisplayTypeFilterFunctionality_Laptop_20-32-11 - [verifyingDisplayTypeFilterFunctionality_Laptop_20-32-11] Switched back to the original window -> AA8B22BE0A8F774C28F62CC1C00B5AB3
20:32:57 [TestNG-test-Test-1] INFO  verifyingDisplayTypeFilterFunctionality_Laptop_20-32-11 - [verifyingDisplayTypeFilterFunctionality_Laptop_20-32-11]  going back to product listing via closeCurrentWindowAndSwitchBack 
20:32:57 [TestNG-test-Test-1] INFO  verifyingDisplayTypeFilterFunctionality_Laptop_20-32-11 - [verifyingDisplayTypeFilterFunctionality_Laptop_20-32-11]  Added 'filter','title','keyFeatures', 'about', 'techDetails' into the Map -> productResult
20:32:57 [TestNG-test-Test-1] INFO  verifyingDisplayTypeFilterFunctionality_Laptop_20-32-11 - [verifyingDisplayTypeFilterFunctionality_Laptop_20-32-11]  Added 'productResult' Map into the 'results' i.e list of maps 
20:32:57 [TestNG-test-Test-1] INFO  verifyingDisplayTypeFilterFunctionality_Laptop_20-32-11 - [verifyingDisplayTypeFilterFunctionality_Laptop_20-32-11]==========================================================================================================
20:32:57 [TestNG-test-Test-1] INFO  verifyingDisplayTypeFilterFunctionality_Laptop_20-32-11 - [verifyingDisplayTypeFilterFunctionality_Laptop_20-32-11] Within safeFindElements 
20:32:57 [TestNG-test-Test-1] INFO  verifyingDisplayTypeFilterFunctionality_Laptop_20-32-11 - [verifyingDisplayTypeFilterFunctionality_Laptop_20-32-11] Returning the  [[[ChromeDriver: chrome on windows (944d27ba16ea2b534cc2d24374c5cdd8)] -> xpath: //div[@data-cy='title-recipe']], [[ChromeDriver: chrome on windows (944d27ba16ea2b534cc2d24374c5cdd8)] -> xpath: //div[@data-cy='title-recipe']], [[ChromeDriver: chrome on windows (944d27ba16ea2b534cc2d24374c5cdd8)] -> xpath: //div[@data-cy='title-recipe']], [[ChromeDriver: chrome on windows (944d27ba16ea2b534cc2d24374c5cdd8)] -> xpath: //div[@data-cy='title-recipe']], [[ChromeDriver: chrome on windows (944d27ba16ea2b534cc2d24374c5cdd8)] -> xpath: //div[@data-cy='title-recipe']], [[ChromeDriver: chrome on windows (944d27ba16ea2b534cc2d24374c5cdd8)] -> xpath: //div[@data-cy='title-recipe']], [[ChromeDriver: chrome on windows (944d27ba16ea2b534cc2d24374c5cdd8)] -> xpath: //div[@data-cy='title-recipe']], [[ChromeDriver: chrome on windows (944d27ba16ea2b534cc2d24374c5cdd8)] -> xpath: //div[@data-cy='title-recipe']], [[ChromeDriver: chrome on windows (944d27ba16ea2b534cc2d24374c5cdd8)] -> xpath: //div[@data-cy='title-recipe']], [[ChromeDriver: chrome on windows (944d27ba16ea2b534cc2d24374c5cdd8)] -> xpath: //div[@data-cy='title-recipe']], [[ChromeDriver: chrome on windows (944d27ba16ea2b534cc2d24374c5cdd8)] -> xpath: //div[@data-cy='title-recipe']], [[ChromeDriver: chrome on windows (944d27ba16ea2b534cc2d24374c5cdd8)] -> xpath: //div[@data-cy='title-recipe']], [[ChromeDriver: chrome on windows (944d27ba16ea2b534cc2d24374c5cdd8)] -> xpath: //div[@data-cy='title-recipe']], [[ChromeDriver: chrome on windows (944d27ba16ea2b534cc2d24374c5cdd8)] -> xpath: //div[@data-cy='title-recipe']], [[ChromeDriver: chrome on windows (944d27ba16ea2b534cc2d24374c5cdd8)] -> xpath: //div[@data-cy='title-recipe']], [[ChromeDriver: chrome on windows (944d27ba16ea2b534cc2d24374c5cdd8)] -> xpath: //div[@data-cy='title-recipe']]] from the safeFindElements method
20:32:57 [TestNG-test-Test-1] INFO  verifyingDisplayTypeFilterFunctionality_Laptop_20-32-11 - [verifyingDisplayTypeFilterFunctionality_Laptop_20-32-11] Within productNameListingPage loop in applyFilterAndValidateProductsWithResult
20:32:57 [TestNG-test-Test-1] INFO  verifyingDisplayTypeFilterFunctionality_Laptop_20-32-11 - [verifyingDisplayTypeFilterFunctionality_Laptop_20-32-11] Within getProductByIndex method
20:32:57 [TestNG-test-Test-1] INFO  verifyingDisplayTypeFilterFunctionality_Laptop_20-32-11 - [verifyingDisplayTypeFilterFunctionality_Laptop_20-32-11] Within safeFindElement method
20:32:57 [TestNG-test-Test-1] INFO  verifyingDisplayTypeFilterFunctionality_Laptop_20-32-11 - [verifyingDisplayTypeFilterFunctionality_Laptop_20-32-11]Found the element returning it ,element ->[[ChromeDriver: chrome on windows (944d27ba16ea2b534cc2d24374c5cdd8)] -> xpath: (//div[@data-cy='title-recipe'])[3]]
20:32:57 [TestNG-test-Test-1] INFO  verifyingDisplayTypeFilterFunctionality_Laptop_20-32-11 - [verifyingDisplayTypeFilterFunctionality_Laptop_20-32-11] Within getProductByIndex method
20:32:57 [TestNG-test-Test-1] INFO  verifyingDisplayTypeFilterFunctionality_Laptop_20-32-11 - [verifyingDisplayTypeFilterFunctionality_Laptop_20-32-11] Within smoothScrollToElement method
20:32:57 [TestNG-test-Test-1] INFO  verifyingDisplayTypeFilterFunctionality_Laptop_20-32-11 - [verifyingDisplayTypeFilterFunctionality_Laptop_20-32-11] Within safeFindElement method
20:32:57 [TestNG-test-Test-1] INFO  verifyingDisplayTypeFilterFunctionality_Laptop_20-32-11 - [verifyingDisplayTypeFilterFunctionality_Laptop_20-32-11]Found the element returning it ,element ->[[ChromeDriver: chrome on windows (944d27ba16ea2b534cc2d24374c5cdd8)] -> xpath: (//div[@data-cy='title-recipe'])[3]]
20:32:57 [TestNG-test-Test-1] INFO  verifyingDisplayTypeFilterFunctionality_Laptop_20-32-11 - [verifyingDisplayTypeFilterFunctionality_Laptop_20-32-11] Successfully scrolled to element: By.xpath: (//div[@data-cy='title-recipe'])[3]
20:32:57 [TestNG-test-Test-1] INFO  verifyingDisplayTypeFilterFunctionality_Laptop_20-32-11 - [verifyingDisplayTypeFilterFunctionality_Laptop_20-32-11] Getting product by index in productNameListingPage loop
20:32:57 [TestNG-test-Test-1] INFO  verifyingDisplayTypeFilterFunctionality_Laptop_20-32-11 - [verifyingDisplayTypeFilterFunctionality_Laptop_20-32-11] Opened product in new tab via Ctrl+Click inside productNameListingPage loop
20:32:57 [TestNG-test-Test-1] INFO  verifyingDisplayTypeFilterFunctionality_Laptop_20-32-11 - [verifyingDisplayTypeFilterFunctionality_Laptop_20-32-11] Waiting for new window to open...
20:32:58 [TestNG-test-Test-1] INFO  verifyingDisplayTypeFilterFunctionality_Laptop_20-32-11 - [verifyingDisplayTypeFilterFunctionality_Laptop_20-32-11] Switched to new window -> 7C04A691EB5B7F3EE538B347617FDE6A
20:32:58 [TestNG-test-Test-1] INFO  verifyingDisplayTypeFilterFunctionality_Laptop_20-32-11 - [verifyingDisplayTypeFilterFunctionality_Laptop_20-32-11] Swithcing to the new window  within productNameListingPage loop
20:32:58 [TestNG-test-Test-1] INFO  verifyingDisplayTypeFilterFunctionality_Laptop_20-32-11 - [verifyingDisplayTypeFilterFunctionality_Laptop_20-32-11] Clicked product name to open in new tab from productNameListingPage loop
20:32:58 [TestNG-test-Test-1] INFO  verifyingDisplayTypeFilterFunctionality_Laptop_20-32-11 - [verifyingDisplayTypeFilterFunctionality_Laptop_20-32-11] Within safeFindElement method
20:33:01 [TestNG-test-Test-1] INFO  verifyingDisplayTypeFilterFunctionality_Laptop_20-32-11 - [verifyingDisplayTypeFilterFunctionality_Laptop_20-32-11]Found the element returning it ,element ->[[ChromeDriver: chrome on windows (944d27ba16ea2b534cc2d24374c5cdd8)] -> xpath: //span[@id='productTitle']]
20:33:01 [TestNG-test-Test-1] INFO  verifyingDisplayTypeFilterFunctionality_Laptop_20-32-11 - [verifyingDisplayTypeFilterFunctionality_Laptop_20-32-11] Within safeFindElement method
20:33:01 [TestNG-test-Test-1] INFO  verifyingDisplayTypeFilterFunctionality_Laptop_20-32-11 - [verifyingDisplayTypeFilterFunctionality_Laptop_20-32-11]Found the element returning it ,element ->[[ChromeDriver: chrome on windows (944d27ba16ea2b534cc2d24374c5cdd8)] -> xpath: //div[@class='a-section a-spacing-small a-spacing-top-small']]
20:33:01 [TestNG-test-Test-1] INFO  verifyingDisplayTypeFilterFunctionality_Laptop_20-32-11 - [verifyingDisplayTypeFilterFunctionality_Laptop_20-32-11] Within safeFindElement method
20:33:01 [TestNG-test-Test-1] INFO  verifyingDisplayTypeFilterFunctionality_Laptop_20-32-11 - [verifyingDisplayTypeFilterFunctionality_Laptop_20-32-11]Found the element returning it ,element ->[[ChromeDriver: chrome on windows (944d27ba16ea2b534cc2d24374c5cdd8)] -> xpath: //div[@id='feature-bullets']]
20:33:01 [TestNG-test-Test-1] INFO  verifyingDisplayTypeFilterFunctionality_Laptop_20-32-11 - [verifyingDisplayTypeFilterFunctionality_Laptop_20-32-11] Within safeFindElement method
20:33:02 [TestNG-test-Test-1] INFO  verifyingDisplayTypeFilterFunctionality_Laptop_20-32-11 - [verifyingDisplayTypeFilterFunctionality_Laptop_20-32-11]Found the element returning it ,element ->[[ChromeDriver: chrome on windows (944d27ba16ea2b534cc2d24374c5cdd8)] -> xpath: //div[@id='prodDetails']]
20:33:02 [TestNG-test-Test-1] INFO  verifyingDisplayTypeFilterFunctionality_Laptop_20-32-11 - [verifyingDisplayTypeFilterFunctionality_Laptop_20-32-11] Extracting 'name' , 'keyFeatures', 'about' , 'techDetails' within productNameListingPage loop
20:33:02 [TestNG-test-Test-1] INFO  verifyingDisplayTypeFilterFunctionality_Laptop_20-32-11 - [verifyingDisplayTypeFilterFunctionality_Laptop_20-32-11] Waiting until element is visible in viewport
20:33:12 [TestNG-test-Test-1] INFO  verifyingDisplayTypeFilterFunctionality_Laptop_20-32-11 - [verifyingDisplayTypeFilterFunctionality_Laptop_20-32-11] Within smoothScrollToElement method
20:33:12 [TestNG-test-Test-1] INFO  verifyingDisplayTypeFilterFunctionality_Laptop_20-32-11 - [verifyingDisplayTypeFilterFunctionality_Laptop_20-32-11] Within safeFindElement method
20:33:12 [TestNG-test-Test-1] INFO  verifyingDisplayTypeFilterFunctionality_Laptop_20-32-11 - [verifyingDisplayTypeFilterFunctionality_Laptop_20-32-11]Found the element returning it ,element ->[[ChromeDriver: chrome on windows (944d27ba16ea2b534cc2d24374c5cdd8)] -> xpath: //a[@id='seeMoreDetailsLink']]
20:33:12 [TestNG-test-Test-1] INFO  verifyingDisplayTypeFilterFunctionality_Laptop_20-32-11 - [verifyingDisplayTypeFilterFunctionality_Laptop_20-32-11] Successfully scrolled to element: By.xpath: //a[@id='seeMoreDetailsLink']
20:33:12 [TestNG-test-Test-1] INFO  verifyingDisplayTypeFilterFunctionality_Laptop_20-32-11 - [verifyingDisplayTypeFilterFunctionality_Laptop_20-32-11] Within safeClick method
20:33:12 [TestNG-test-Test-1] INFO  verifyingDisplayTypeFilterFunctionality_Laptop_20-32-11 - [verifyingDisplayTypeFilterFunctionality_Laptop_20-32-11] Clicked the  [[ChromeDriver: chrome on windows (944d27ba16ea2b534cc2d24374c5cdd8)] -> xpath: //a[@id='seeMoreDetailsLink']]   using safeClick
20:33:12 [TestNG-test-Test-1] INFO  verifyingDisplayTypeFilterFunctionality_Laptop_20-32-11 - [verifyingDisplayTypeFilterFunctionality_Laptop_20-32-11] Within try block for clicking see more deatils within productNameListingPage loop
20:33:12 [TestNG-test-Test-1] INFO  verifyingDisplayTypeFilterFunctionality_Laptop_20-32-11 - [verifyingDisplayTypeFilterFunctionality_Laptop_20-32-11] Within closeCurrentWindowAndSwitchBack method
20:33:12 [TestNG-test-Test-1] INFO  verifyingDisplayTypeFilterFunctionality_Laptop_20-32-11 - [verifyingDisplayTypeFilterFunctionality_Laptop_20-32-11] Total open windows/tabs count -> 2
20:33:12 [TestNG-test-Test-1] INFO  verifyingDisplayTypeFilterFunctionality_Laptop_20-32-11 - [verifyingDisplayTypeFilterFunctionality_Laptop_20-32-11] Original window handle -> AA8B22BE0A8F774C28F62CC1C00B5AB3
20:33:12 [TestNG-test-Test-1] INFO  verifyingDisplayTypeFilterFunctionality_Laptop_20-32-11 - [verifyingDisplayTypeFilterFunctionality_Laptop_20-32-11] Found new tab/window handle -> 7C04A691EB5B7F3EE538B347617FDE6A (will be closed)
20:33:12 [TestNG-test-Test-1] INFO  verifyingDisplayTypeFilterFunctionality_Laptop_20-32-11 - [verifyingDisplayTypeFilterFunctionality_Laptop_20-32-11] Successfully switched to new tab/window -> 7C04A691EB5B7F3EE538B347617FDE6A
20:33:12 [TestNG-test-Test-1] INFO  verifyingDisplayTypeFilterFunctionality_Laptop_20-32-11 - [verifyingDisplayTypeFilterFunctionality_Laptop_20-32-11] Closed the newly opened tab/window -> 7C04A691EB5B7F3EE538B347617FDE6A
20:33:12 [TestNG-test-Test-1] INFO  verifyingDisplayTypeFilterFunctionality_Laptop_20-32-11 - [verifyingDisplayTypeFilterFunctionality_Laptop_20-32-11] Switched back to the original window -> AA8B22BE0A8F774C28F62CC1C00B5AB3
20:33:12 [TestNG-test-Test-1] INFO  verifyingDisplayTypeFilterFunctionality_Laptop_20-32-11 - [verifyingDisplayTypeFilterFunctionality_Laptop_20-32-11]  going back to product listing via closeCurrentWindowAndSwitchBack 
20:33:12 [TestNG-test-Test-1] INFO  verifyingDisplayTypeFilterFunctionality_Laptop_20-32-11 - [verifyingDisplayTypeFilterFunctionality_Laptop_20-32-11]  Added 'filter','title','keyFeatures', 'about', 'techDetails' into the Map -> productResult
20:33:12 [TestNG-test-Test-1] INFO  verifyingDisplayTypeFilterFunctionality_Laptop_20-32-11 - [verifyingDisplayTypeFilterFunctionality_Laptop_20-32-11]  Added 'productResult' Map into the 'results' i.e list of maps 
20:33:12 [TestNG-test-Test-1] INFO  verifyingDisplayTypeFilterFunctionality_Laptop_20-32-11 - [verifyingDisplayTypeFilterFunctionality_Laptop_20-32-11]==========================================================================================================
20:33:12 [TestNG-test-Test-1] INFO  verifyingDisplayTypeFilterFunctionality_Laptop_20-32-11 - [verifyingDisplayTypeFilterFunctionality_Laptop_20-32-11] Within safeFindElements 
20:33:13 [TestNG-test-Test-1] INFO  verifyingDisplayTypeFilterFunctionality_Laptop_20-32-11 - [verifyingDisplayTypeFilterFunctionality_Laptop_20-32-11] Returning the  [[[ChromeDriver: chrome on windows (944d27ba16ea2b534cc2d24374c5cdd8)] -> xpath: //div[@data-cy='title-recipe']], [[ChromeDriver: chrome on windows (944d27ba16ea2b534cc2d24374c5cdd8)] -> xpath: //div[@data-cy='title-recipe']], [[ChromeDriver: chrome on windows (944d27ba16ea2b534cc2d24374c5cdd8)] -> xpath: //div[@data-cy='title-recipe']], [[ChromeDriver: chrome on windows (944d27ba16ea2b534cc2d24374c5cdd8)] -> xpath: //div[@data-cy='title-recipe']], [[ChromeDriver: chrome on windows (944d27ba16ea2b534cc2d24374c5cdd8)] -> xpath: //div[@data-cy='title-recipe']], [[ChromeDriver: chrome on windows (944d27ba16ea2b534cc2d24374c5cdd8)] -> xpath: //div[@data-cy='title-recipe']], [[ChromeDriver: chrome on windows (944d27ba16ea2b534cc2d24374c5cdd8)] -> xpath: //div[@data-cy='title-recipe']], [[ChromeDriver: chrome on windows (944d27ba16ea2b534cc2d24374c5cdd8)] -> xpath: //div[@data-cy='title-recipe']], [[ChromeDriver: chrome on windows (944d27ba16ea2b534cc2d24374c5cdd8)] -> xpath: //div[@data-cy='title-recipe']], [[ChromeDriver: chrome on windows (944d27ba16ea2b534cc2d24374c5cdd8)] -> xpath: //div[@data-cy='title-recipe']], [[ChromeDriver: chrome on windows (944d27ba16ea2b534cc2d24374c5cdd8)] -> xpath: //div[@data-cy='title-recipe']], [[ChromeDriver: chrome on windows (944d27ba16ea2b534cc2d24374c5cdd8)] -> xpath: //div[@data-cy='title-recipe']], [[ChromeDriver: chrome on windows (944d27ba16ea2b534cc2d24374c5cdd8)] -> xpath: //div[@data-cy='title-recipe']], [[ChromeDriver: chrome on windows (944d27ba16ea2b534cc2d24374c5cdd8)] -> xpath: //div[@data-cy='title-recipe']], [[ChromeDriver: chrome on windows (944d27ba16ea2b534cc2d24374c5cdd8)] -> xpath: //div[@data-cy='title-recipe']], [[ChromeDriver: chrome on windows (944d27ba16ea2b534cc2d24374c5cdd8)] -> xpath: //div[@data-cy='title-recipe']]] from the safeFindElements method
20:33:13 [TestNG-test-Test-1] INFO  verifyingDisplayTypeFilterFunctionality_Laptop_20-32-11 - [verifyingDisplayTypeFilterFunctionality_Laptop_20-32-11] Within productNameListingPage loop in applyFilterAndValidateProductsWithResult
20:33:13 [TestNG-test-Test-1] INFO  verifyingDisplayTypeFilterFunctionality_Laptop_20-32-11 - [verifyingDisplayTypeFilterFunctionality_Laptop_20-32-11] Within getProductByIndex method
20:33:13 [TestNG-test-Test-1] INFO  verifyingDisplayTypeFilterFunctionality_Laptop_20-32-11 - [verifyingDisplayTypeFilterFunctionality_Laptop_20-32-11] Within safeFindElement method
20:33:13 [TestNG-test-Test-1] INFO  verifyingDisplayTypeFilterFunctionality_Laptop_20-32-11 - [verifyingDisplayTypeFilterFunctionality_Laptop_20-32-11]Found the element returning it ,element ->[[ChromeDriver: chrome on windows (944d27ba16ea2b534cc2d24374c5cdd8)] -> xpath: (//div[@data-cy='title-recipe'])[4]]
20:33:13 [TestNG-test-Test-1] INFO  verifyingDisplayTypeFilterFunctionality_Laptop_20-32-11 - [verifyingDisplayTypeFilterFunctionality_Laptop_20-32-11] Within getProductByIndex method
20:33:13 [TestNG-test-Test-1] INFO  verifyingDisplayTypeFilterFunctionality_Laptop_20-32-11 - [verifyingDisplayTypeFilterFunctionality_Laptop_20-32-11] Within smoothScrollToElement method
20:33:13 [TestNG-test-Test-1] INFO  verifyingDisplayTypeFilterFunctionality_Laptop_20-32-11 - [verifyingDisplayTypeFilterFunctionality_Laptop_20-32-11] Within safeFindElement method
20:33:13 [TestNG-test-Test-1] INFO  verifyingDisplayTypeFilterFunctionality_Laptop_20-32-11 - [verifyingDisplayTypeFilterFunctionality_Laptop_20-32-11]Found the element returning it ,element ->[[ChromeDriver: chrome on windows (944d27ba16ea2b534cc2d24374c5cdd8)] -> xpath: (//div[@data-cy='title-recipe'])[4]]
20:33:13 [TestNG-test-Test-1] INFO  verifyingDisplayTypeFilterFunctionality_Laptop_20-32-11 - [verifyingDisplayTypeFilterFunctionality_Laptop_20-32-11] Successfully scrolled to element: By.xpath: (//div[@data-cy='title-recipe'])[4]
20:33:13 [TestNG-test-Test-1] INFO  verifyingDisplayTypeFilterFunctionality_Laptop_20-32-11 - [verifyingDisplayTypeFilterFunctionality_Laptop_20-32-11] Getting product by index in productNameListingPage loop
20:33:13 [TestNG-test-Test-1] INFO  verifyingDisplayTypeFilterFunctionality_Laptop_20-32-11 - [verifyingDisplayTypeFilterFunctionality_Laptop_20-32-11] Opened product in new tab via Ctrl+Click inside productNameListingPage loop
20:33:13 [TestNG-test-Test-1] INFO  verifyingDisplayTypeFilterFunctionality_Laptop_20-32-11 - [verifyingDisplayTypeFilterFunctionality_Laptop_20-32-11] Waiting for new window to open...
20:33:13 [TestNG-test-Test-1] INFO  verifyingDisplayTypeFilterFunctionality_Laptop_20-32-11 - [verifyingDisplayTypeFilterFunctionality_Laptop_20-32-11] Switched to new window -> CE363848517E3D3AECAF7D5D2B005DB4
20:33:13 [TestNG-test-Test-1] INFO  verifyingDisplayTypeFilterFunctionality_Laptop_20-32-11 - [verifyingDisplayTypeFilterFunctionality_Laptop_20-32-11] Swithcing to the new window  within productNameListingPage loop
20:33:13 [TestNG-test-Test-1] INFO  verifyingDisplayTypeFilterFunctionality_Laptop_20-32-11 - [verifyingDisplayTypeFilterFunctionality_Laptop_20-32-11] Clicked product name to open in new tab from productNameListingPage loop
20:33:13 [TestNG-test-Test-1] INFO  verifyingDisplayTypeFilterFunctionality_Laptop_20-32-11 - [verifyingDisplayTypeFilterFunctionality_Laptop_20-32-11] Within safeFindElement method
20:33:16 [TestNG-test-Test-1] INFO  verifyingDisplayTypeFilterFunctionality_Laptop_20-32-11 - [verifyingDisplayTypeFilterFunctionality_Laptop_20-32-11]Found the element returning it ,element ->[[ChromeDriver: chrome on windows (944d27ba16ea2b534cc2d24374c5cdd8)] -> xpath: //span[@id='productTitle']]
20:33:16 [TestNG-test-Test-1] INFO  verifyingDisplayTypeFilterFunctionality_Laptop_20-32-11 - [verifyingDisplayTypeFilterFunctionality_Laptop_20-32-11] Within safeFindElement method
20:33:16 [TestNG-test-Test-1] INFO  verifyingDisplayTypeFilterFunctionality_Laptop_20-32-11 - [verifyingDisplayTypeFilterFunctionality_Laptop_20-32-11]Found the element returning it ,element ->[[ChromeDriver: chrome on windows (944d27ba16ea2b534cc2d24374c5cdd8)] -> xpath: //div[@class='a-section a-spacing-small a-spacing-top-small']]
20:33:17 [TestNG-test-Test-1] INFO  verifyingDisplayTypeFilterFunctionality_Laptop_20-32-11 - [verifyingDisplayTypeFilterFunctionality_Laptop_20-32-11] Within safeFindElement method
20:33:17 [TestNG-test-Test-1] INFO  verifyingDisplayTypeFilterFunctionality_Laptop_20-32-11 - [verifyingDisplayTypeFilterFunctionality_Laptop_20-32-11]Found the element returning it ,element ->[[ChromeDriver: chrome on windows (944d27ba16ea2b534cc2d24374c5cdd8)] -> xpath: //div[@id='feature-bullets']]
20:33:17 [TestNG-test-Test-1] INFO  verifyingDisplayTypeFilterFunctionality_Laptop_20-32-11 - [verifyingDisplayTypeFilterFunctionality_Laptop_20-32-11] Within safeFindElement method
20:33:17 [TestNG-test-Test-1] INFO  verifyingDisplayTypeFilterFunctionality_Laptop_20-32-11 - [verifyingDisplayTypeFilterFunctionality_Laptop_20-32-11]Found the element returning it ,element ->[[ChromeDriver: chrome on windows (944d27ba16ea2b534cc2d24374c5cdd8)] -> xpath: //div[@id='prodDetails']]
20:33:17 [TestNG-test-Test-1] INFO  verifyingDisplayTypeFilterFunctionality_Laptop_20-32-11 - [verifyingDisplayTypeFilterFunctionality_Laptop_20-32-11] Extracting 'name' , 'keyFeatures', 'about' , 'techDetails' within productNameListingPage loop
20:33:17 [TestNG-test-Test-1] INFO  verifyingDisplayTypeFilterFunctionality_Laptop_20-32-11 - [verifyingDisplayTypeFilterFunctionality_Laptop_20-32-11] Waiting until element is visible in viewport
20:33:27 [TestNG-test-Test-1] INFO  verifyingDisplayTypeFilterFunctionality_Laptop_20-32-11 - [verifyingDisplayTypeFilterFunctionality_Laptop_20-32-11] Within smoothScrollToElement method
20:33:27 [TestNG-test-Test-1] INFO  verifyingDisplayTypeFilterFunctionality_Laptop_20-32-11 - [verifyingDisplayTypeFilterFunctionality_Laptop_20-32-11] Within safeFindElement method
20:33:27 [TestNG-test-Test-1] INFO  verifyingDisplayTypeFilterFunctionality_Laptop_20-32-11 - [verifyingDisplayTypeFilterFunctionality_Laptop_20-32-11]Found the element returning it ,element ->[[ChromeDriver: chrome on windows (944d27ba16ea2b534cc2d24374c5cdd8)] -> xpath: //a[@id='seeMoreDetailsLink']]
20:33:27 [TestNG-test-Test-1] INFO  verifyingDisplayTypeFilterFunctionality_Laptop_20-32-11 - [verifyingDisplayTypeFilterFunctionality_Laptop_20-32-11] Successfully scrolled to element: By.xpath: //a[@id='seeMoreDetailsLink']
20:33:27 [TestNG-test-Test-1] INFO  verifyingDisplayTypeFilterFunctionality_Laptop_20-32-11 - [verifyingDisplayTypeFilterFunctionality_Laptop_20-32-11] Within safeClick method
20:33:28 [TestNG-test-Test-1] INFO  verifyingDisplayTypeFilterFunctionality_Laptop_20-32-11 - [verifyingDisplayTypeFilterFunctionality_Laptop_20-32-11] Clicked the  [[ChromeDriver: chrome on windows (944d27ba16ea2b534cc2d24374c5cdd8)] -> xpath: //a[@id='seeMoreDetailsLink']]   using safeClick
20:33:28 [TestNG-test-Test-1] INFO  verifyingDisplayTypeFilterFunctionality_Laptop_20-32-11 - [verifyingDisplayTypeFilterFunctionality_Laptop_20-32-11] Within try block for clicking see more deatils within productNameListingPage loop
20:33:28 [TestNG-test-Test-1] INFO  verifyingDisplayTypeFilterFunctionality_Laptop_20-32-11 - [verifyingDisplayTypeFilterFunctionality_Laptop_20-32-11] Within closeCurrentWindowAndSwitchBack method
20:33:28 [TestNG-test-Test-1] INFO  verifyingDisplayTypeFilterFunctionality_Laptop_20-32-11 - [verifyingDisplayTypeFilterFunctionality_Laptop_20-32-11] Total open windows/tabs count -> 2
20:33:28 [TestNG-test-Test-1] INFO  verifyingDisplayTypeFilterFunctionality_Laptop_20-32-11 - [verifyingDisplayTypeFilterFunctionality_Laptop_20-32-11] Original window handle -> AA8B22BE0A8F774C28F62CC1C00B5AB3
20:33:28 [TestNG-test-Test-1] INFO  verifyingDisplayTypeFilterFunctionality_Laptop_20-32-11 - [verifyingDisplayTypeFilterFunctionality_Laptop_20-32-11] Found new tab/window handle -> CE363848517E3D3AECAF7D5D2B005DB4 (will be closed)
20:33:28 [TestNG-test-Test-1] INFO  verifyingDisplayTypeFilterFunctionality_Laptop_20-32-11 - [verifyingDisplayTypeFilterFunctionality_Laptop_20-32-11] Successfully switched to new tab/window -> CE363848517E3D3AECAF7D5D2B005DB4
20:33:28 [TestNG-test-Test-1] INFO  verifyingDisplayTypeFilterFunctionality_Laptop_20-32-11 - [verifyingDisplayTypeFilterFunctionality_Laptop_20-32-11] Closed the newly opened tab/window -> CE363848517E3D3AECAF7D5D2B005DB4
20:33:28 [TestNG-test-Test-1] INFO  verifyingDisplayTypeFilterFunctionality_Laptop_20-32-11 - [verifyingDisplayTypeFilterFunctionality_Laptop_20-32-11] Switched back to the original window -> AA8B22BE0A8F774C28F62CC1C00B5AB3
20:33:28 [TestNG-test-Test-1] INFO  verifyingDisplayTypeFilterFunctionality_Laptop_20-32-11 - [verifyingDisplayTypeFilterFunctionality_Laptop_20-32-11]  going back to product listing via closeCurrentWindowAndSwitchBack 
20:33:28 [TestNG-test-Test-1] INFO  verifyingDisplayTypeFilterFunctionality_Laptop_20-32-11 - [verifyingDisplayTypeFilterFunctionality_Laptop_20-32-11]  Added 'filter','title','keyFeatures', 'about', 'techDetails' into the Map -> productResult
20:33:28 [TestNG-test-Test-1] INFO  verifyingDisplayTypeFilterFunctionality_Laptop_20-32-11 - [verifyingDisplayTypeFilterFunctionality_Laptop_20-32-11]  Added 'productResult' Map into the 'results' i.e list of maps 
20:33:28 [TestNG-test-Test-1] INFO  verifyingDisplayTypeFilterFunctionality_Laptop_20-32-11 - [verifyingDisplayTypeFilterFunctionality_Laptop_20-32-11]==========================================================================================================
20:33:28 [TestNG-test-Test-1] INFO  verifyingDisplayTypeFilterFunctionality_Laptop_20-32-11 - [verifyingDisplayTypeFilterFunctionality_Laptop_20-32-11] Within safeFindElements 
20:33:28 [TestNG-test-Test-1] INFO  verifyingDisplayTypeFilterFunctionality_Laptop_20-32-11 - [verifyingDisplayTypeFilterFunctionality_Laptop_20-32-11] Returning the  [[[ChromeDriver: chrome on windows (944d27ba16ea2b534cc2d24374c5cdd8)] -> xpath: //div[@data-cy='title-recipe']], [[ChromeDriver: chrome on windows (944d27ba16ea2b534cc2d24374c5cdd8)] -> xpath: //div[@data-cy='title-recipe']], [[ChromeDriver: chrome on windows (944d27ba16ea2b534cc2d24374c5cdd8)] -> xpath: //div[@data-cy='title-recipe']], [[ChromeDriver: chrome on windows (944d27ba16ea2b534cc2d24374c5cdd8)] -> xpath: //div[@data-cy='title-recipe']], [[ChromeDriver: chrome on windows (944d27ba16ea2b534cc2d24374c5cdd8)] -> xpath: //div[@data-cy='title-recipe']], [[ChromeDriver: chrome on windows (944d27ba16ea2b534cc2d24374c5cdd8)] -> xpath: //div[@data-cy='title-recipe']], [[ChromeDriver: chrome on windows (944d27ba16ea2b534cc2d24374c5cdd8)] -> xpath: //div[@data-cy='title-recipe']], [[ChromeDriver: chrome on windows (944d27ba16ea2b534cc2d24374c5cdd8)] -> xpath: //div[@data-cy='title-recipe']], [[ChromeDriver: chrome on windows (944d27ba16ea2b534cc2d24374c5cdd8)] -> xpath: //div[@data-cy='title-recipe']], [[ChromeDriver: chrome on windows (944d27ba16ea2b534cc2d24374c5cdd8)] -> xpath: //div[@data-cy='title-recipe']], [[ChromeDriver: chrome on windows (944d27ba16ea2b534cc2d24374c5cdd8)] -> xpath: //div[@data-cy='title-recipe']], [[ChromeDriver: chrome on windows (944d27ba16ea2b534cc2d24374c5cdd8)] -> xpath: //div[@data-cy='title-recipe']], [[ChromeDriver: chrome on windows (944d27ba16ea2b534cc2d24374c5cdd8)] -> xpath: //div[@data-cy='title-recipe']], [[ChromeDriver: chrome on windows (944d27ba16ea2b534cc2d24374c5cdd8)] -> xpath: //div[@data-cy='title-recipe']], [[ChromeDriver: chrome on windows (944d27ba16ea2b534cc2d24374c5cdd8)] -> xpath: //div[@data-cy='title-recipe']], [[ChromeDriver: chrome on windows (944d27ba16ea2b534cc2d24374c5cdd8)] -> xpath: //div[@data-cy='title-recipe']]] from the safeFindElements method
20:33:28 [TestNG-test-Test-1] INFO  verifyingDisplayTypeFilterFunctionality_Laptop_20-32-11 - [verifyingDisplayTypeFilterFunctionality_Laptop_20-32-11] Within productNameListingPage loop in applyFilterAndValidateProductsWithResult
20:33:28 [TestNG-test-Test-1] INFO  verifyingDisplayTypeFilterFunctionality_Laptop_20-32-11 - [verifyingDisplayTypeFilterFunctionality_Laptop_20-32-11] Within getProductByIndex method
20:33:28 [TestNG-test-Test-1] INFO  verifyingDisplayTypeFilterFunctionality_Laptop_20-32-11 - [verifyingDisplayTypeFilterFunctionality_Laptop_20-32-11] Within safeFindElement method
20:33:28 [TestNG-test-Test-1] INFO  verifyingDisplayTypeFilterFunctionality_Laptop_20-32-11 - [verifyingDisplayTypeFilterFunctionality_Laptop_20-32-11]Found the element returning it ,element ->[[ChromeDriver: chrome on windows (944d27ba16ea2b534cc2d24374c5cdd8)] -> xpath: (//div[@data-cy='title-recipe'])[5]]
20:33:28 [TestNG-test-Test-1] INFO  verifyingDisplayTypeFilterFunctionality_Laptop_20-32-11 - [verifyingDisplayTypeFilterFunctionality_Laptop_20-32-11] Within getProductByIndex method
20:33:28 [TestNG-test-Test-1] INFO  verifyingDisplayTypeFilterFunctionality_Laptop_20-32-11 - [verifyingDisplayTypeFilterFunctionality_Laptop_20-32-11] Within smoothScrollToElement method
20:33:28 [TestNG-test-Test-1] INFO  verifyingDisplayTypeFilterFunctionality_Laptop_20-32-11 - [verifyingDisplayTypeFilterFunctionality_Laptop_20-32-11] Within safeFindElement method
20:33:28 [TestNG-test-Test-1] INFO  verifyingDisplayTypeFilterFunctionality_Laptop_20-32-11 - [verifyingDisplayTypeFilterFunctionality_Laptop_20-32-11]Found the element returning it ,element ->[[ChromeDriver: chrome on windows (944d27ba16ea2b534cc2d24374c5cdd8)] -> xpath: (//div[@data-cy='title-recipe'])[5]]
20:33:28 [TestNG-test-Test-1] INFO  verifyingDisplayTypeFilterFunctionality_Laptop_20-32-11 - [verifyingDisplayTypeFilterFunctionality_Laptop_20-32-11] Successfully scrolled to element: By.xpath: (//div[@data-cy='title-recipe'])[5]
20:33:28 [TestNG-test-Test-1] INFO  verifyingDisplayTypeFilterFunctionality_Laptop_20-32-11 - [verifyingDisplayTypeFilterFunctionality_Laptop_20-32-11] Getting product by index in productNameListingPage loop
20:33:28 [TestNG-test-Test-1] INFO  verifyingDisplayTypeFilterFunctionality_Laptop_20-32-11 - [verifyingDisplayTypeFilterFunctionality_Laptop_20-32-11] Opened product in new tab via Ctrl+Click inside productNameListingPage loop
20:33:28 [TestNG-test-Test-1] INFO  verifyingDisplayTypeFilterFunctionality_Laptop_20-32-11 - [verifyingDisplayTypeFilterFunctionality_Laptop_20-32-11] Waiting for new window to open...
20:33:28 [TestNG-test-Test-1] INFO  verifyingDisplayTypeFilterFunctionality_Laptop_20-32-11 - [verifyingDisplayTypeFilterFunctionality_Laptop_20-32-11] Switched to new window -> 493927F1F61C9FFED8620A3CA4F2ABD7
20:33:28 [TestNG-test-Test-1] INFO  verifyingDisplayTypeFilterFunctionality_Laptop_20-32-11 - [verifyingDisplayTypeFilterFunctionality_Laptop_20-32-11] Swithcing to the new window  within productNameListingPage loop
20:33:28 [TestNG-test-Test-1] INFO  verifyingDisplayTypeFilterFunctionality_Laptop_20-32-11 - [verifyingDisplayTypeFilterFunctionality_Laptop_20-32-11] Clicked product name to open in new tab from productNameListingPage loop
20:33:28 [TestNG-test-Test-1] INFO  verifyingDisplayTypeFilterFunctionality_Laptop_20-32-11 - [verifyingDisplayTypeFilterFunctionality_Laptop_20-32-11] Within safeFindElement method
20:33:31 [TestNG-test-Test-1] INFO  verifyingDisplayTypeFilterFunctionality_Laptop_20-32-11 - [verifyingDisplayTypeFilterFunctionality_Laptop_20-32-11]Found the element returning it ,element ->[[ChromeDriver: chrome on windows (944d27ba16ea2b534cc2d24374c5cdd8)] -> xpath: //span[@id='productTitle']]
20:33:31 [TestNG-test-Test-1] INFO  verifyingDisplayTypeFilterFunctionality_Laptop_20-32-11 - [verifyingDisplayTypeFilterFunctionality_Laptop_20-32-11] Within safeFindElement method
20:33:31 [TestNG-test-Test-1] INFO  verifyingDisplayTypeFilterFunctionality_Laptop_20-32-11 - [verifyingDisplayTypeFilterFunctionality_Laptop_20-32-11]Found the element returning it ,element ->[[ChromeDriver: chrome on windows (944d27ba16ea2b534cc2d24374c5cdd8)] -> xpath: //div[@class='a-section a-spacing-small a-spacing-top-small']]
20:33:31 [TestNG-test-Test-1] INFO  verifyingDisplayTypeFilterFunctionality_Laptop_20-32-11 - [verifyingDisplayTypeFilterFunctionality_Laptop_20-32-11] Within safeFindElement method
20:33:31 [TestNG-test-Test-1] INFO  verifyingDisplayTypeFilterFunctionality_Laptop_20-32-11 - [verifyingDisplayTypeFilterFunctionality_Laptop_20-32-11]Found the element returning it ,element ->[[ChromeDriver: chrome on windows (944d27ba16ea2b534cc2d24374c5cdd8)] -> xpath: //div[@id='feature-bullets']]
20:33:31 [TestNG-test-Test-1] INFO  verifyingDisplayTypeFilterFunctionality_Laptop_20-32-11 - [verifyingDisplayTypeFilterFunctionality_Laptop_20-32-11] Within safeFindElement method
20:33:31 [TestNG-test-Test-1] INFO  verifyingDisplayTypeFilterFunctionality_Laptop_20-32-11 - [verifyingDisplayTypeFilterFunctionality_Laptop_20-32-11]Found the element returning it ,element ->[[ChromeDriver: chrome on windows (944d27ba16ea2b534cc2d24374c5cdd8)] -> xpath: //div[@id='prodDetails']]
20:33:32 [TestNG-test-Test-1] INFO  verifyingDisplayTypeFilterFunctionality_Laptop_20-32-11 - [verifyingDisplayTypeFilterFunctionality_Laptop_20-32-11] Extracting 'name' , 'keyFeatures', 'about' , 'techDetails' within productNameListingPage loop
20:33:32 [TestNG-test-Test-1] INFO  verifyingDisplayTypeFilterFunctionality_Laptop_20-32-11 - [verifyingDisplayTypeFilterFunctionality_Laptop_20-32-11] Waiting until element is visible in viewport
20:33:42 [TestNG-test-Test-1] INFO  verifyingDisplayTypeFilterFunctionality_Laptop_20-32-11 - [verifyingDisplayTypeFilterFunctionality_Laptop_20-32-11] Within smoothScrollToElement method
20:33:42 [TestNG-test-Test-1] INFO  verifyingDisplayTypeFilterFunctionality_Laptop_20-32-11 - [verifyingDisplayTypeFilterFunctionality_Laptop_20-32-11] Within safeFindElement method
20:33:42 [TestNG-test-Test-1] INFO  verifyingDisplayTypeFilterFunctionality_Laptop_20-32-11 - [verifyingDisplayTypeFilterFunctionality_Laptop_20-32-11]Found the element returning it ,element ->[[ChromeDriver: chrome on windows (944d27ba16ea2b534cc2d24374c5cdd8)] -> xpath: //a[@id='seeMoreDetailsLink']]
20:33:42 [TestNG-test-Test-1] INFO  verifyingDisplayTypeFilterFunctionality_Laptop_20-32-11 - [verifyingDisplayTypeFilterFunctionality_Laptop_20-32-11] Successfully scrolled to element: By.xpath: //a[@id='seeMoreDetailsLink']
20:33:42 [TestNG-test-Test-1] INFO  verifyingDisplayTypeFilterFunctionality_Laptop_20-32-11 - [verifyingDisplayTypeFilterFunctionality_Laptop_20-32-11] Within safeClick method
20:33:42 [TestNG-test-Test-1] INFO  verifyingDisplayTypeFilterFunctionality_Laptop_20-32-11 - [verifyingDisplayTypeFilterFunctionality_Laptop_20-32-11] Clicked the  [[ChromeDriver: chrome on windows (944d27ba16ea2b534cc2d24374c5cdd8)] -> xpath: //a[@id='seeMoreDetailsLink']]   using safeClick
20:33:42 [TestNG-test-Test-1] INFO  verifyingDisplayTypeFilterFunctionality_Laptop_20-32-11 - [verifyingDisplayTypeFilterFunctionality_Laptop_20-32-11] Within try block for clicking see more deatils within productNameListingPage loop
20:33:42 [TestNG-test-Test-1] INFO  verifyingDisplayTypeFilterFunctionality_Laptop_20-32-11 - [verifyingDisplayTypeFilterFunctionality_Laptop_20-32-11] Within closeCurrentWindowAndSwitchBack method
20:33:42 [TestNG-test-Test-1] INFO  verifyingDisplayTypeFilterFunctionality_Laptop_20-32-11 - [verifyingDisplayTypeFilterFunctionality_Laptop_20-32-11] Total open windows/tabs count -> 2
20:33:42 [TestNG-test-Test-1] INFO  verifyingDisplayTypeFilterFunctionality_Laptop_20-32-11 - [verifyingDisplayTypeFilterFunctionality_Laptop_20-32-11] Original window handle -> AA8B22BE0A8F774C28F62CC1C00B5AB3
20:33:42 [TestNG-test-Test-1] INFO  verifyingDisplayTypeFilterFunctionality_Laptop_20-32-11 - [verifyingDisplayTypeFilterFunctionality_Laptop_20-32-11] Found new tab/window handle -> 493927F1F61C9FFED8620A3CA4F2ABD7 (will be closed)
20:33:42 [TestNG-test-Test-1] INFO  verifyingDisplayTypeFilterFunctionality_Laptop_20-32-11 - [verifyingDisplayTypeFilterFunctionality_Laptop_20-32-11] Successfully switched to new tab/window -> 493927F1F61C9FFED8620A3CA4F2ABD7
20:33:43 [TestNG-test-Test-1] INFO  verifyingDisplayTypeFilterFunctionality_Laptop_20-32-11 - [verifyingDisplayTypeFilterFunctionality_Laptop_20-32-11] Closed the newly opened tab/window -> 493927F1F61C9FFED8620A3CA4F2ABD7
20:33:43 [TestNG-test-Test-1] INFO  verifyingDisplayTypeFilterFunctionality_Laptop_20-32-11 - [verifyingDisplayTypeFilterFunctionality_Laptop_20-32-11] Switched back to the original window -> AA8B22BE0A8F774C28F62CC1C00B5AB3
20:33:43 [TestNG-test-Test-1] INFO  verifyingDisplayTypeFilterFunctionality_Laptop_20-32-11 - [verifyingDisplayTypeFilterFunctionality_Laptop_20-32-11]  going back to product listing via closeCurrentWindowAndSwitchBack 
20:33:43 [TestNG-test-Test-1] INFO  verifyingDisplayTypeFilterFunctionality_Laptop_20-32-11 - [verifyingDisplayTypeFilterFunctionality_Laptop_20-32-11]  Added 'filter','title','keyFeatures', 'about', 'techDetails' into the Map -> productResult
20:33:43 [TestNG-test-Test-1] INFO  verifyingDisplayTypeFilterFunctionality_Laptop_20-32-11 - [verifyingDisplayTypeFilterFunctionality_Laptop_20-32-11]  Added 'productResult' Map into the 'results' i.e list of maps 
20:33:43 [TestNG-test-Test-1] INFO  verifyingDisplayTypeFilterFunctionality_Laptop_20-32-11 - [verifyingDisplayTypeFilterFunctionality_Laptop_20-32-11]==========================================================================================================
20:33:43 [TestNG-test-Test-1] INFO  verifyingDisplayTypeFilterFunctionality_Laptop_20-32-11 - [verifyingDisplayTypeFilterFunctionality_Laptop_20-32-11] Within safeFindElements 
20:33:43 [TestNG-test-Test-1] INFO  verifyingDisplayTypeFilterFunctionality_Laptop_20-32-11 - [verifyingDisplayTypeFilterFunctionality_Laptop_20-32-11] Returning the  [[[ChromeDriver: chrome on windows (944d27ba16ea2b534cc2d24374c5cdd8)] -> xpath: //div[@data-cy='title-recipe']], [[ChromeDriver: chrome on windows (944d27ba16ea2b534cc2d24374c5cdd8)] -> xpath: //div[@data-cy='title-recipe']], [[ChromeDriver: chrome on windows (944d27ba16ea2b534cc2d24374c5cdd8)] -> xpath: //div[@data-cy='title-recipe']], [[ChromeDriver: chrome on windows (944d27ba16ea2b534cc2d24374c5cdd8)] -> xpath: //div[@data-cy='title-recipe']], [[ChromeDriver: chrome on windows (944d27ba16ea2b534cc2d24374c5cdd8)] -> xpath: //div[@data-cy='title-recipe']], [[ChromeDriver: chrome on windows (944d27ba16ea2b534cc2d24374c5cdd8)] -> xpath: //div[@data-cy='title-recipe']], [[ChromeDriver: chrome on windows (944d27ba16ea2b534cc2d24374c5cdd8)] -> xpath: //div[@data-cy='title-recipe']], [[ChromeDriver: chrome on windows (944d27ba16ea2b534cc2d24374c5cdd8)] -> xpath: //div[@data-cy='title-recipe']], [[ChromeDriver: chrome on windows (944d27ba16ea2b534cc2d24374c5cdd8)] -> xpath: //div[@data-cy='title-recipe']], [[ChromeDriver: chrome on windows (944d27ba16ea2b534cc2d24374c5cdd8)] -> xpath: //div[@data-cy='title-recipe']], [[ChromeDriver: chrome on windows (944d27ba16ea2b534cc2d24374c5cdd8)] -> xpath: //div[@data-cy='title-recipe']], [[ChromeDriver: chrome on windows (944d27ba16ea2b534cc2d24374c5cdd8)] -> xpath: //div[@data-cy='title-recipe']], [[ChromeDriver: chrome on windows (944d27ba16ea2b534cc2d24374c5cdd8)] -> xpath: //div[@data-cy='title-recipe']], [[ChromeDriver: chrome on windows (944d27ba16ea2b534cc2d24374c5cdd8)] -> xpath: //div[@data-cy='title-recipe']], [[ChromeDriver: chrome on windows (944d27ba16ea2b534cc2d24374c5cdd8)] -> xpath: //div[@data-cy='title-recipe']], [[ChromeDriver: chrome on windows (944d27ba16ea2b534cc2d24374c5cdd8)] -> xpath: //div[@data-cy='title-recipe']]] from the safeFindElements method
20:33:43 [TestNG-test-Test-1] INFO  verifyingDisplayTypeFilterFunctionality_Laptop_20-32-11 - [verifyingDisplayTypeFilterFunctionality_Laptop_20-32-11] Within productNameListingPage loop in applyFilterAndValidateProductsWithResult
20:33:43 [TestNG-test-Test-1] INFO  verifyingDisplayTypeFilterFunctionality_Laptop_20-32-11 - [verifyingDisplayTypeFilterFunctionality_Laptop_20-32-11] Within getProductByIndex method
20:33:43 [TestNG-test-Test-1] INFO  verifyingDisplayTypeFilterFunctionality_Laptop_20-32-11 - [verifyingDisplayTypeFilterFunctionality_Laptop_20-32-11] Within safeFindElement method
20:33:43 [TestNG-test-Test-1] INFO  verifyingDisplayTypeFilterFunctionality_Laptop_20-32-11 - [verifyingDisplayTypeFilterFunctionality_Laptop_20-32-11]Found the element returning it ,element ->[[ChromeDriver: chrome on windows (944d27ba16ea2b534cc2d24374c5cdd8)] -> xpath: (//div[@data-cy='title-recipe'])[6]]
20:33:43 [TestNG-test-Test-1] INFO  verifyingDisplayTypeFilterFunctionality_Laptop_20-32-11 - [verifyingDisplayTypeFilterFunctionality_Laptop_20-32-11] Within getProductByIndex method
20:33:43 [TestNG-test-Test-1] INFO  verifyingDisplayTypeFilterFunctionality_Laptop_20-32-11 - [verifyingDisplayTypeFilterFunctionality_Laptop_20-32-11] Within smoothScrollToElement method
20:33:43 [TestNG-test-Test-1] INFO  verifyingDisplayTypeFilterFunctionality_Laptop_20-32-11 - [verifyingDisplayTypeFilterFunctionality_Laptop_20-32-11] Within safeFindElement method
20:33:43 [TestNG-test-Test-1] INFO  verifyingDisplayTypeFilterFunctionality_Laptop_20-32-11 - [verifyingDisplayTypeFilterFunctionality_Laptop_20-32-11]Found the element returning it ,element ->[[ChromeDriver: chrome on windows (944d27ba16ea2b534cc2d24374c5cdd8)] -> xpath: (//div[@data-cy='title-recipe'])[6]]
20:33:43 [TestNG-test-Test-1] INFO  verifyingDisplayTypeFilterFunctionality_Laptop_20-32-11 - [verifyingDisplayTypeFilterFunctionality_Laptop_20-32-11] Successfully scrolled to element: By.xpath: (//div[@data-cy='title-recipe'])[6]
20:33:43 [TestNG-test-Test-1] INFO  verifyingDisplayTypeFilterFunctionality_Laptop_20-32-11 - [verifyingDisplayTypeFilterFunctionality_Laptop_20-32-11] Getting product by index in productNameListingPage loop
20:33:43 [TestNG-test-Test-1] INFO  verifyingDisplayTypeFilterFunctionality_Laptop_20-32-11 - [verifyingDisplayTypeFilterFunctionality_Laptop_20-32-11] Opened product in new tab via Ctrl+Click inside productNameListingPage loop
20:33:43 [TestNG-test-Test-1] INFO  verifyingDisplayTypeFilterFunctionality_Laptop_20-32-11 - [verifyingDisplayTypeFilterFunctionality_Laptop_20-32-11] Waiting for new window to open...
20:33:43 [TestNG-test-Test-1] INFO  verifyingDisplayTypeFilterFunctionality_Laptop_20-32-11 - [verifyingDisplayTypeFilterFunctionality_Laptop_20-32-11] Switched to new window -> 5C023DC5E81BF74A2073D5A7C6370F13
20:33:43 [TestNG-test-Test-1] INFO  verifyingDisplayTypeFilterFunctionality_Laptop_20-32-11 - [verifyingDisplayTypeFilterFunctionality_Laptop_20-32-11] Swithcing to the new window  within productNameListingPage loop
20:33:43 [TestNG-test-Test-1] INFO  verifyingDisplayTypeFilterFunctionality_Laptop_20-32-11 - [verifyingDisplayTypeFilterFunctionality_Laptop_20-32-11] Clicked product name to open in new tab from productNameListingPage loop
20:33:43 [TestNG-test-Test-1] INFO  verifyingDisplayTypeFilterFunctionality_Laptop_20-32-11 - [verifyingDisplayTypeFilterFunctionality_Laptop_20-32-11] Within safeFindElement method
20:33:46 [TestNG-test-Test-1] INFO  verifyingDisplayTypeFilterFunctionality_Laptop_20-32-11 - [verifyingDisplayTypeFilterFunctionality_Laptop_20-32-11]Found the element returning it ,element ->[[ChromeDriver: chrome on windows (944d27ba16ea2b534cc2d24374c5cdd8)] -> xpath: //span[@id='productTitle']]
20:33:46 [TestNG-test-Test-1] INFO  verifyingDisplayTypeFilterFunctionality_Laptop_20-32-11 - [verifyingDisplayTypeFilterFunctionality_Laptop_20-32-11] Within safeFindElement method
20:33:46 [TestNG-test-Test-1] INFO  verifyingDisplayTypeFilterFunctionality_Laptop_20-32-11 - [verifyingDisplayTypeFilterFunctionality_Laptop_20-32-11]Found the element returning it ,element ->[[ChromeDriver: chrome on windows (944d27ba16ea2b534cc2d24374c5cdd8)] -> xpath: //div[@class='a-section a-spacing-small a-spacing-top-small']]
20:33:47 [TestNG-test-Test-1] INFO  verifyingDisplayTypeFilterFunctionality_Laptop_20-32-11 - [verifyingDisplayTypeFilterFunctionality_Laptop_20-32-11] Within safeFindElement method
20:33:47 [TestNG-test-Test-1] INFO  verifyingDisplayTypeFilterFunctionality_Laptop_20-32-11 - [verifyingDisplayTypeFilterFunctionality_Laptop_20-32-11]Found the element returning it ,element ->[[ChromeDriver: chrome on windows (944d27ba16ea2b534cc2d24374c5cdd8)] -> xpath: //div[@id='feature-bullets']]
20:33:47 [TestNG-test-Test-1] INFO  verifyingDisplayTypeFilterFunctionality_Laptop_20-32-11 - [verifyingDisplayTypeFilterFunctionality_Laptop_20-32-11] Within safeFindElement method
20:33:47 [TestNG-test-Test-1] INFO  verifyingDisplayTypeFilterFunctionality_Laptop_20-32-11 - [verifyingDisplayTypeFilterFunctionality_Laptop_20-32-11]Found the element returning it ,element ->[[ChromeDriver: chrome on windows (944d27ba16ea2b534cc2d24374c5cdd8)] -> xpath: //div[@id='prodDetails']]
20:33:47 [TestNG-test-Test-1] INFO  verifyingDisplayTypeFilterFunctionality_Laptop_20-32-11 - [verifyingDisplayTypeFilterFunctionality_Laptop_20-32-11] Extracting 'name' , 'keyFeatures', 'about' , 'techDetails' within productNameListingPage loop
20:33:47 [TestNG-test-Test-1] INFO  verifyingDisplayTypeFilterFunctionality_Laptop_20-32-11 - [verifyingDisplayTypeFilterFunctionality_Laptop_20-32-11] Waiting until element is visible in viewport
20:33:57 [TestNG-test-Test-1] INFO  verifyingDisplayTypeFilterFunctionality_Laptop_20-32-11 - [verifyingDisplayTypeFilterFunctionality_Laptop_20-32-11] Within smoothScrollToElement method
20:33:57 [TestNG-test-Test-1] INFO  verifyingDisplayTypeFilterFunctionality_Laptop_20-32-11 - [verifyingDisplayTypeFilterFunctionality_Laptop_20-32-11] Within safeFindElement method
20:33:58 [TestNG-test-Test-1] INFO  verifyingDisplayTypeFilterFunctionality_Laptop_20-32-11 - [verifyingDisplayTypeFilterFunctionality_Laptop_20-32-11]Found the element returning it ,element ->[[ChromeDriver: chrome on windows (944d27ba16ea2b534cc2d24374c5cdd8)] -> xpath: //a[@id='seeMoreDetailsLink']]
20:33:58 [TestNG-test-Test-1] INFO  verifyingDisplayTypeFilterFunctionality_Laptop_20-32-11 - [verifyingDisplayTypeFilterFunctionality_Laptop_20-32-11] Successfully scrolled to element: By.xpath: //a[@id='seeMoreDetailsLink']
20:33:58 [TestNG-test-Test-1] INFO  verifyingDisplayTypeFilterFunctionality_Laptop_20-32-11 - [verifyingDisplayTypeFilterFunctionality_Laptop_20-32-11] Within safeClick method
20:33:58 [TestNG-test-Test-1] INFO  verifyingDisplayTypeFilterFunctionality_Laptop_20-32-11 - [verifyingDisplayTypeFilterFunctionality_Laptop_20-32-11] Clicked the  [[ChromeDriver: chrome on windows (944d27ba16ea2b534cc2d24374c5cdd8)] -> xpath: //a[@id='seeMoreDetailsLink']]   using safeClick
20:33:58 [TestNG-test-Test-1] INFO  verifyingDisplayTypeFilterFunctionality_Laptop_20-32-11 - [verifyingDisplayTypeFilterFunctionality_Laptop_20-32-11] Within try block for clicking see more deatils within productNameListingPage loop
20:33:58 [TestNG-test-Test-1] INFO  verifyingDisplayTypeFilterFunctionality_Laptop_20-32-11 - [verifyingDisplayTypeFilterFunctionality_Laptop_20-32-11] Within closeCurrentWindowAndSwitchBack method
20:33:58 [TestNG-test-Test-1] INFO  verifyingDisplayTypeFilterFunctionality_Laptop_20-32-11 - [verifyingDisplayTypeFilterFunctionality_Laptop_20-32-11] Total open windows/tabs count -> 2
20:33:58 [TestNG-test-Test-1] INFO  verifyingDisplayTypeFilterFunctionality_Laptop_20-32-11 - [verifyingDisplayTypeFilterFunctionality_Laptop_20-32-11] Original window handle -> AA8B22BE0A8F774C28F62CC1C00B5AB3
20:33:58 [TestNG-test-Test-1] INFO  verifyingDisplayTypeFilterFunctionality_Laptop_20-32-11 - [verifyingDisplayTypeFilterFunctionality_Laptop_20-32-11] Found new tab/window handle -> 5C023DC5E81BF74A2073D5A7C6370F13 (will be closed)
20:33:58 [TestNG-test-Test-1] INFO  verifyingDisplayTypeFilterFunctionality_Laptop_20-32-11 - [verifyingDisplayTypeFilterFunctionality_Laptop_20-32-11] Successfully switched to new tab/window -> 5C023DC5E81BF74A2073D5A7C6370F13
20:33:58 [TestNG-test-Test-1] INFO  verifyingDisplayTypeFilterFunctionality_Laptop_20-32-11 - [verifyingDisplayTypeFilterFunctionality_Laptop_20-32-11] Closed the newly opened tab/window -> 5C023DC5E81BF74A2073D5A7C6370F13
20:33:58 [TestNG-test-Test-1] INFO  verifyingDisplayTypeFilterFunctionality_Laptop_20-32-11 - [verifyingDisplayTypeFilterFunctionality_Laptop_20-32-11] Switched back to the original window -> AA8B22BE0A8F774C28F62CC1C00B5AB3
20:33:58 [TestNG-test-Test-1] INFO  verifyingDisplayTypeFilterFunctionality_Laptop_20-32-11 - [verifyingDisplayTypeFilterFunctionality_Laptop_20-32-11]  going back to product listing via closeCurrentWindowAndSwitchBack 
20:33:58 [TestNG-test-Test-1] INFO  verifyingDisplayTypeFilterFunctionality_Laptop_20-32-11 - [verifyingDisplayTypeFilterFunctionality_Laptop_20-32-11]  Added 'filter','title','keyFeatures', 'about', 'techDetails' into the Map -> productResult
20:33:58 [TestNG-test-Test-1] INFO  verifyingDisplayTypeFilterFunctionality_Laptop_20-32-11 - [verifyingDisplayTypeFilterFunctionality_Laptop_20-32-11]  Added 'productResult' Map into the 'results' i.e list of maps 
20:33:58 [TestNG-test-Test-1] INFO  verifyingDisplayTypeFilterFunctionality_Laptop_20-32-11 - [verifyingDisplayTypeFilterFunctionality_Laptop_20-32-11]==========================================================================================================
20:33:58 [TestNG-test-Test-1] INFO  verifyingDisplayTypeFilterFunctionality_Laptop_20-32-11 - [verifyingDisplayTypeFilterFunctionality_Laptop_20-32-11] Within safeFindElements 
20:33:58 [TestNG-test-Test-1] INFO  verifyingDisplayTypeFilterFunctionality_Laptop_20-32-11 - [verifyingDisplayTypeFilterFunctionality_Laptop_20-32-11] Returning the  [[[ChromeDriver: chrome on windows (944d27ba16ea2b534cc2d24374c5cdd8)] -> xpath: //div[@data-cy='title-recipe']], [[ChromeDriver: chrome on windows (944d27ba16ea2b534cc2d24374c5cdd8)] -> xpath: //div[@data-cy='title-recipe']], [[ChromeDriver: chrome on windows (944d27ba16ea2b534cc2d24374c5cdd8)] -> xpath: //div[@data-cy='title-recipe']], [[ChromeDriver: chrome on windows (944d27ba16ea2b534cc2d24374c5cdd8)] -> xpath: //div[@data-cy='title-recipe']], [[ChromeDriver: chrome on windows (944d27ba16ea2b534cc2d24374c5cdd8)] -> xpath: //div[@data-cy='title-recipe']], [[ChromeDriver: chrome on windows (944d27ba16ea2b534cc2d24374c5cdd8)] -> xpath: //div[@data-cy='title-recipe']], [[ChromeDriver: chrome on windows (944d27ba16ea2b534cc2d24374c5cdd8)] -> xpath: //div[@data-cy='title-recipe']], [[ChromeDriver: chrome on windows (944d27ba16ea2b534cc2d24374c5cdd8)] -> xpath: //div[@data-cy='title-recipe']], [[ChromeDriver: chrome on windows (944d27ba16ea2b534cc2d24374c5cdd8)] -> xpath: //div[@data-cy='title-recipe']], [[ChromeDriver: chrome on windows (944d27ba16ea2b534cc2d24374c5cdd8)] -> xpath: //div[@data-cy='title-recipe']], [[ChromeDriver: chrome on windows (944d27ba16ea2b534cc2d24374c5cdd8)] -> xpath: //div[@data-cy='title-recipe']], [[ChromeDriver: chrome on windows (944d27ba16ea2b534cc2d24374c5cdd8)] -> xpath: //div[@data-cy='title-recipe']], [[ChromeDriver: chrome on windows (944d27ba16ea2b534cc2d24374c5cdd8)] -> xpath: //div[@data-cy='title-recipe']], [[ChromeDriver: chrome on windows (944d27ba16ea2b534cc2d24374c5cdd8)] -> xpath: //div[@data-cy='title-recipe']], [[ChromeDriver: chrome on windows (944d27ba16ea2b534cc2d24374c5cdd8)] -> xpath: //div[@data-cy='title-recipe']], [[ChromeDriver: chrome on windows (944d27ba16ea2b534cc2d24374c5cdd8)] -> xpath: //div[@data-cy='title-recipe']]] from the safeFindElements method
20:33:58 [TestNG-test-Test-1] INFO  verifyingDisplayTypeFilterFunctionality_Laptop_20-32-11 - [verifyingDisplayTypeFilterFunctionality_Laptop_20-32-11] Within productNameListingPage loop in applyFilterAndValidateProductsWithResult
20:33:58 [TestNG-test-Test-1] INFO  verifyingDisplayTypeFilterFunctionality_Laptop_20-32-11 - [verifyingDisplayTypeFilterFunctionality_Laptop_20-32-11] Within getProductByIndex method
20:33:58 [TestNG-test-Test-1] INFO  verifyingDisplayTypeFilterFunctionality_Laptop_20-32-11 - [verifyingDisplayTypeFilterFunctionality_Laptop_20-32-11] Within safeFindElement method
20:33:58 [TestNG-test-Test-1] INFO  verifyingDisplayTypeFilterFunctionality_Laptop_20-32-11 - [verifyingDisplayTypeFilterFunctionality_Laptop_20-32-11]Found the element returning it ,element ->[[ChromeDriver: chrome on windows (944d27ba16ea2b534cc2d24374c5cdd8)] -> xpath: (//div[@data-cy='title-recipe'])[7]]
20:33:58 [TestNG-test-Test-1] INFO  verifyingDisplayTypeFilterFunctionality_Laptop_20-32-11 - [verifyingDisplayTypeFilterFunctionality_Laptop_20-32-11] Within getProductByIndex method
20:33:58 [TestNG-test-Test-1] INFO  verifyingDisplayTypeFilterFunctionality_Laptop_20-32-11 - [verifyingDisplayTypeFilterFunctionality_Laptop_20-32-11] Within smoothScrollToElement method
20:33:58 [TestNG-test-Test-1] INFO  verifyingDisplayTypeFilterFunctionality_Laptop_20-32-11 - [verifyingDisplayTypeFilterFunctionality_Laptop_20-32-11] Within safeFindElement method
20:33:58 [TestNG-test-Test-1] INFO  verifyingDisplayTypeFilterFunctionality_Laptop_20-32-11 - [verifyingDisplayTypeFilterFunctionality_Laptop_20-32-11]Found the element returning it ,element ->[[ChromeDriver: chrome on windows (944d27ba16ea2b534cc2d24374c5cdd8)] -> xpath: (//div[@data-cy='title-recipe'])[7]]
20:33:58 [TestNG-test-Test-1] INFO  verifyingDisplayTypeFilterFunctionality_Laptop_20-32-11 - [verifyingDisplayTypeFilterFunctionality_Laptop_20-32-11] Successfully scrolled to element: By.xpath: (//div[@data-cy='title-recipe'])[7]
20:33:58 [TestNG-test-Test-1] INFO  verifyingDisplayTypeFilterFunctionality_Laptop_20-32-11 - [verifyingDisplayTypeFilterFunctionality_Laptop_20-32-11] Getting product by index in productNameListingPage loop
20:33:58 [TestNG-test-Test-1] INFO  verifyingDisplayTypeFilterFunctionality_Laptop_20-32-11 - [verifyingDisplayTypeFilterFunctionality_Laptop_20-32-11] Opened product in new tab via Ctrl+Click inside productNameListingPage loop
20:33:58 [TestNG-test-Test-1] INFO  verifyingDisplayTypeFilterFunctionality_Laptop_20-32-11 - [verifyingDisplayTypeFilterFunctionality_Laptop_20-32-11] Waiting for new window to open...
20:33:59 [TestNG-test-Test-1] INFO  verifyingDisplayTypeFilterFunctionality_Laptop_20-32-11 - [verifyingDisplayTypeFilterFunctionality_Laptop_20-32-11] Switched to new window -> B23A6EB0EB2A07D6703BC1C39BB11E7F
20:33:59 [TestNG-test-Test-1] INFO  verifyingDisplayTypeFilterFunctionality_Laptop_20-32-11 - [verifyingDisplayTypeFilterFunctionality_Laptop_20-32-11] Swithcing to the new window  within productNameListingPage loop
20:33:59 [TestNG-test-Test-1] INFO  verifyingDisplayTypeFilterFunctionality_Laptop_20-32-11 - [verifyingDisplayTypeFilterFunctionality_Laptop_20-32-11] Clicked product name to open in new tab from productNameListingPage loop
20:33:59 [TestNG-test-Test-1] INFO  verifyingDisplayTypeFilterFunctionality_Laptop_20-32-11 - [verifyingDisplayTypeFilterFunctionality_Laptop_20-32-11] Within safeFindElement method
20:34:02 [TestNG-test-Test-1] INFO  verifyingDisplayTypeFilterFunctionality_Laptop_20-32-11 - [verifyingDisplayTypeFilterFunctionality_Laptop_20-32-11]Found the element returning it ,element ->[[ChromeDriver: chrome on windows (944d27ba16ea2b534cc2d24374c5cdd8)] -> xpath: //span[@id='productTitle']]
20:34:02 [TestNG-test-Test-1] INFO  verifyingDisplayTypeFilterFunctionality_Laptop_20-32-11 - [verifyingDisplayTypeFilterFunctionality_Laptop_20-32-11] Within safeFindElement method
20:34:02 [TestNG-test-Test-1] INFO  verifyingDisplayTypeFilterFunctionality_Laptop_20-32-11 - [verifyingDisplayTypeFilterFunctionality_Laptop_20-32-11]Found the element returning it ,element ->[[ChromeDriver: chrome on windows (944d27ba16ea2b534cc2d24374c5cdd8)] -> xpath: //div[@class='a-section a-spacing-small a-spacing-top-small']]
20:34:02 [TestNG-test-Test-1] INFO  verifyingDisplayTypeFilterFunctionality_Laptop_20-32-11 - [verifyingDisplayTypeFilterFunctionality_Laptop_20-32-11] Within safeFindElement method
20:34:02 [TestNG-test-Test-1] INFO  verifyingDisplayTypeFilterFunctionality_Laptop_20-32-11 - [verifyingDisplayTypeFilterFunctionality_Laptop_20-32-11]Found the element returning it ,element ->[[ChromeDriver: chrome on windows (944d27ba16ea2b534cc2d24374c5cdd8)] -> xpath: //div[@id='feature-bullets']]
20:34:02 [TestNG-test-Test-1] INFO  verifyingDisplayTypeFilterFunctionality_Laptop_20-32-11 - [verifyingDisplayTypeFilterFunctionality_Laptop_20-32-11] Within safeFindElement method
20:34:02 [TestNG-test-Test-1] INFO  verifyingDisplayTypeFilterFunctionality_Laptop_20-32-11 - [verifyingDisplayTypeFilterFunctionality_Laptop_20-32-11]Found the element returning it ,element ->[[ChromeDriver: chrome on windows (944d27ba16ea2b534cc2d24374c5cdd8)] -> xpath: //div[@id='prodDetails']]
20:34:02 [TestNG-test-Test-1] INFO  verifyingDisplayTypeFilterFunctionality_Laptop_20-32-11 - [verifyingDisplayTypeFilterFunctionality_Laptop_20-32-11] Extracting 'name' , 'keyFeatures', 'about' , 'techDetails' within productNameListingPage loop
20:34:02 [TestNG-test-Test-1] INFO  verifyingDisplayTypeFilterFunctionality_Laptop_20-32-11 - [verifyingDisplayTypeFilterFunctionality_Laptop_20-32-11] Waiting until element is visible in viewport
20:34:13 [TestNG-test-Test-1] INFO  verifyingDisplayTypeFilterFunctionality_Laptop_20-32-11 - [verifyingDisplayTypeFilterFunctionality_Laptop_20-32-11] Within smoothScrollToElement method
20:34:13 [TestNG-test-Test-1] INFO  verifyingDisplayTypeFilterFunctionality_Laptop_20-32-11 - [verifyingDisplayTypeFilterFunctionality_Laptop_20-32-11] Within safeFindElement method
20:34:13 [TestNG-test-Test-1] INFO  verifyingDisplayTypeFilterFunctionality_Laptop_20-32-11 - [verifyingDisplayTypeFilterFunctionality_Laptop_20-32-11]Found the element returning it ,element ->[[ChromeDriver: chrome on windows (944d27ba16ea2b534cc2d24374c5cdd8)] -> xpath: //a[@id='seeMoreDetailsLink']]
20:34:13 [TestNG-test-Test-1] INFO  verifyingDisplayTypeFilterFunctionality_Laptop_20-32-11 - [verifyingDisplayTypeFilterFunctionality_Laptop_20-32-11] Successfully scrolled to element: By.xpath: //a[@id='seeMoreDetailsLink']
20:34:13 [TestNG-test-Test-1] INFO  verifyingDisplayTypeFilterFunctionality_Laptop_20-32-11 - [verifyingDisplayTypeFilterFunctionality_Laptop_20-32-11] Within safeClick method
20:34:13 [TestNG-test-Test-1] INFO  verifyingDisplayTypeFilterFunctionality_Laptop_20-32-11 - [verifyingDisplayTypeFilterFunctionality_Laptop_20-32-11] Clicked the  [[ChromeDriver: chrome on windows (944d27ba16ea2b534cc2d24374c5cdd8)] -> xpath: //a[@id='seeMoreDetailsLink']]   using safeClick
20:34:13 [TestNG-test-Test-1] INFO  verifyingDisplayTypeFilterFunctionality_Laptop_20-32-11 - [verifyingDisplayTypeFilterFunctionality_Laptop_20-32-11] Within try block for clicking see more deatils within productNameListingPage loop
20:34:13 [TestNG-test-Test-1] INFO  verifyingDisplayTypeFilterFunctionality_Laptop_20-32-11 - [verifyingDisplayTypeFilterFunctionality_Laptop_20-32-11] Within closeCurrentWindowAndSwitchBack method
20:34:13 [TestNG-test-Test-1] INFO  verifyingDisplayTypeFilterFunctionality_Laptop_20-32-11 - [verifyingDisplayTypeFilterFunctionality_Laptop_20-32-11] Total open windows/tabs count -> 2
20:34:13 [TestNG-test-Test-1] INFO  verifyingDisplayTypeFilterFunctionality_Laptop_20-32-11 - [verifyingDisplayTypeFilterFunctionality_Laptop_20-32-11] Original window handle -> AA8B22BE0A8F774C28F62CC1C00B5AB3
20:34:13 [TestNG-test-Test-1] INFO  verifyingDisplayTypeFilterFunctionality_Laptop_20-32-11 - [verifyingDisplayTypeFilterFunctionality_Laptop_20-32-11] Found new tab/window handle -> B23A6EB0EB2A07D6703BC1C39BB11E7F (will be closed)
20:34:13 [TestNG-test-Test-1] INFO  verifyingDisplayTypeFilterFunctionality_Laptop_20-32-11 - [verifyingDisplayTypeFilterFunctionality_Laptop_20-32-11] Successfully switched to new tab/window -> B23A6EB0EB2A07D6703BC1C39BB11E7F
20:34:13 [TestNG-test-Test-1] INFO  verifyingDisplayTypeFilterFunctionality_Laptop_20-32-11 - [verifyingDisplayTypeFilterFunctionality_Laptop_20-32-11] Closed the newly opened tab/window -> B23A6EB0EB2A07D6703BC1C39BB11E7F
20:34:13 [TestNG-test-Test-1] INFO  verifyingDisplayTypeFilterFunctionality_Laptop_20-32-11 - [verifyingDisplayTypeFilterFunctionality_Laptop_20-32-11] Switched back to the original window -> AA8B22BE0A8F774C28F62CC1C00B5AB3
20:34:13 [TestNG-test-Test-1] INFO  verifyingDisplayTypeFilterFunctionality_Laptop_20-32-11 - [verifyingDisplayTypeFilterFunctionality_Laptop_20-32-11]  going back to product listing via closeCurrentWindowAndSwitchBack 
20:34:13 [TestNG-test-Test-1] INFO  verifyingDisplayTypeFilterFunctionality_Laptop_20-32-11 - [verifyingDisplayTypeFilterFunctionality_Laptop_20-32-11]  Added 'filter','title','keyFeatures', 'about', 'techDetails' into the Map -> productResult
20:34:13 [TestNG-test-Test-1] INFO  verifyingDisplayTypeFilterFunctionality_Laptop_20-32-11 - [verifyingDisplayTypeFilterFunctionality_Laptop_20-32-11]  Added 'productResult' Map into the 'results' i.e list of maps 
20:34:13 [TestNG-test-Test-1] INFO  verifyingDisplayTypeFilterFunctionality_Laptop_20-32-11 - [verifyingDisplayTypeFilterFunctionality_Laptop_20-32-11]==========================================================================================================
20:34:13 [TestNG-test-Test-1] INFO  verifyingDisplayTypeFilterFunctionality_Laptop_20-32-11 - [verifyingDisplayTypeFilterFunctionality_Laptop_20-32-11] Within safeFindElements 
20:34:13 [TestNG-test-Test-1] INFO  verifyingDisplayTypeFilterFunctionality_Laptop_20-32-11 - [verifyingDisplayTypeFilterFunctionality_Laptop_20-32-11] Returning the  [[[ChromeDriver: chrome on windows (944d27ba16ea2b534cc2d24374c5cdd8)] -> xpath: //div[@data-cy='title-recipe']], [[ChromeDriver: chrome on windows (944d27ba16ea2b534cc2d24374c5cdd8)] -> xpath: //div[@data-cy='title-recipe']], [[ChromeDriver: chrome on windows (944d27ba16ea2b534cc2d24374c5cdd8)] -> xpath: //div[@data-cy='title-recipe']], [[ChromeDriver: chrome on windows (944d27ba16ea2b534cc2d24374c5cdd8)] -> xpath: //div[@data-cy='title-recipe']], [[ChromeDriver: chrome on windows (944d27ba16ea2b534cc2d24374c5cdd8)] -> xpath: //div[@data-cy='title-recipe']], [[ChromeDriver: chrome on windows (944d27ba16ea2b534cc2d24374c5cdd8)] -> xpath: //div[@data-cy='title-recipe']], [[ChromeDriver: chrome on windows (944d27ba16ea2b534cc2d24374c5cdd8)] -> xpath: //div[@data-cy='title-recipe']], [[ChromeDriver: chrome on windows (944d27ba16ea2b534cc2d24374c5cdd8)] -> xpath: //div[@data-cy='title-recipe']], [[ChromeDriver: chrome on windows (944d27ba16ea2b534cc2d24374c5cdd8)] -> xpath: //div[@data-cy='title-recipe']], [[ChromeDriver: chrome on windows (944d27ba16ea2b534cc2d24374c5cdd8)] -> xpath: //div[@data-cy='title-recipe']], [[ChromeDriver: chrome on windows (944d27ba16ea2b534cc2d24374c5cdd8)] -> xpath: //div[@data-cy='title-recipe']], [[ChromeDriver: chrome on windows (944d27ba16ea2b534cc2d24374c5cdd8)] -> xpath: //div[@data-cy='title-recipe']], [[ChromeDriver: chrome on windows (944d27ba16ea2b534cc2d24374c5cdd8)] -> xpath: //div[@data-cy='title-recipe']], [[ChromeDriver: chrome on windows (944d27ba16ea2b534cc2d24374c5cdd8)] -> xpath: //div[@data-cy='title-recipe']], [[ChromeDriver: chrome on windows (944d27ba16ea2b534cc2d24374c5cdd8)] -> xpath: //div[@data-cy='title-recipe']], [[ChromeDriver: chrome on windows (944d27ba16ea2b534cc2d24374c5cdd8)] -> xpath: //div[@data-cy='title-recipe']]] from the safeFindElements method
20:34:13 [TestNG-test-Test-1] INFO  verifyingDisplayTypeFilterFunctionality_Laptop_20-32-11 - [verifyingDisplayTypeFilterFunctionality_Laptop_20-32-11] Within productNameListingPage loop in applyFilterAndValidateProductsWithResult
20:34:13 [TestNG-test-Test-1] INFO  verifyingDisplayTypeFilterFunctionality_Laptop_20-32-11 - [verifyingDisplayTypeFilterFunctionality_Laptop_20-32-11] Within getProductByIndex method
20:34:13 [TestNG-test-Test-1] INFO  verifyingDisplayTypeFilterFunctionality_Laptop_20-32-11 - [verifyingDisplayTypeFilterFunctionality_Laptop_20-32-11] Within safeFindElement method
20:34:13 [TestNG-test-Test-1] INFO  verifyingDisplayTypeFilterFunctionality_Laptop_20-32-11 - [verifyingDisplayTypeFilterFunctionality_Laptop_20-32-11]Found the element returning it ,element ->[[ChromeDriver: chrome on windows (944d27ba16ea2b534cc2d24374c5cdd8)] -> xpath: (//div[@data-cy='title-recipe'])[8]]
20:34:13 [TestNG-test-Test-1] INFO  verifyingDisplayTypeFilterFunctionality_Laptop_20-32-11 - [verifyingDisplayTypeFilterFunctionality_Laptop_20-32-11] Within getProductByIndex method
20:34:13 [TestNG-test-Test-1] INFO  verifyingDisplayTypeFilterFunctionality_Laptop_20-32-11 - [verifyingDisplayTypeFilterFunctionality_Laptop_20-32-11] Within smoothScrollToElement method
20:34:13 [TestNG-test-Test-1] INFO  verifyingDisplayTypeFilterFunctionality_Laptop_20-32-11 - [verifyingDisplayTypeFilterFunctionality_Laptop_20-32-11] Within safeFindElement method
20:34:13 [TestNG-test-Test-1] INFO  verifyingDisplayTypeFilterFunctionality_Laptop_20-32-11 - [verifyingDisplayTypeFilterFunctionality_Laptop_20-32-11]Found the element returning it ,element ->[[ChromeDriver: chrome on windows (944d27ba16ea2b534cc2d24374c5cdd8)] -> xpath: (//div[@data-cy='title-recipe'])[8]]
20:34:13 [TestNG-test-Test-1] INFO  verifyingDisplayTypeFilterFunctionality_Laptop_20-32-11 - [verifyingDisplayTypeFilterFunctionality_Laptop_20-32-11] Successfully scrolled to element: By.xpath: (//div[@data-cy='title-recipe'])[8]
20:34:13 [TestNG-test-Test-1] INFO  verifyingDisplayTypeFilterFunctionality_Laptop_20-32-11 - [verifyingDisplayTypeFilterFunctionality_Laptop_20-32-11] Getting product by index in productNameListingPage loop
20:34:14 [TestNG-test-Test-1] INFO  verifyingDisplayTypeFilterFunctionality_Laptop_20-32-11 - [verifyingDisplayTypeFilterFunctionality_Laptop_20-32-11] Opened product in new tab via Ctrl+Click inside productNameListingPage loop
20:34:14 [TestNG-test-Test-1] INFO  verifyingDisplayTypeFilterFunctionality_Laptop_20-32-11 - [verifyingDisplayTypeFilterFunctionality_Laptop_20-32-11] Waiting for new window to open...
20:34:14 [TestNG-test-Test-1] INFO  verifyingDisplayTypeFilterFunctionality_Laptop_20-32-11 - [verifyingDisplayTypeFilterFunctionality_Laptop_20-32-11] Switched to new window -> D96470B4E015B0840C809FF9BD9E08B5
20:34:14 [TestNG-test-Test-1] INFO  verifyingDisplayTypeFilterFunctionality_Laptop_20-32-11 - [verifyingDisplayTypeFilterFunctionality_Laptop_20-32-11] Swithcing to the new window  within productNameListingPage loop
20:34:14 [TestNG-test-Test-1] INFO  verifyingDisplayTypeFilterFunctionality_Laptop_20-32-11 - [verifyingDisplayTypeFilterFunctionality_Laptop_20-32-11] Clicked product name to open in new tab from productNameListingPage loop
20:34:14 [TestNG-test-Test-1] INFO  verifyingDisplayTypeFilterFunctionality_Laptop_20-32-11 - [verifyingDisplayTypeFilterFunctionality_Laptop_20-32-11] Within safeFindElement method
20:34:17 [TestNG-test-Test-1] INFO  verifyingDisplayTypeFilterFunctionality_Laptop_20-32-11 - [verifyingDisplayTypeFilterFunctionality_Laptop_20-32-11]Found the element returning it ,element ->[[ChromeDriver: chrome on windows (944d27ba16ea2b534cc2d24374c5cdd8)] -> xpath: //span[@id='productTitle']]
20:34:17 [TestNG-test-Test-1] INFO  verifyingDisplayTypeFilterFunctionality_Laptop_20-32-11 - [verifyingDisplayTypeFilterFunctionality_Laptop_20-32-11] Within safeFindElement method
20:34:17 [TestNG-test-Test-1] INFO  verifyingDisplayTypeFilterFunctionality_Laptop_20-32-11 - [verifyingDisplayTypeFilterFunctionality_Laptop_20-32-11]Found the element returning it ,element ->[[ChromeDriver: chrome on windows (944d27ba16ea2b534cc2d24374c5cdd8)] -> xpath: //div[@class='a-section a-spacing-small a-spacing-top-small']]
20:34:17 [TestNG-test-Test-1] INFO  verifyingDisplayTypeFilterFunctionality_Laptop_20-32-11 - [verifyingDisplayTypeFilterFunctionality_Laptop_20-32-11] Within safeFindElement method
20:34:17 [TestNG-test-Test-1] INFO  verifyingDisplayTypeFilterFunctionality_Laptop_20-32-11 - [verifyingDisplayTypeFilterFunctionality_Laptop_20-32-11]Found the element returning it ,element ->[[ChromeDriver: chrome on windows (944d27ba16ea2b534cc2d24374c5cdd8)] -> xpath: //div[@id='feature-bullets']]
20:34:17 [TestNG-test-Test-1] INFO  verifyingDisplayTypeFilterFunctionality_Laptop_20-32-11 - [verifyingDisplayTypeFilterFunctionality_Laptop_20-32-11] Within safeFindElement method
20:34:17 [TestNG-test-Test-1] INFO  verifyingDisplayTypeFilterFunctionality_Laptop_20-32-11 - [verifyingDisplayTypeFilterFunctionality_Laptop_20-32-11]Found the element returning it ,element ->[[ChromeDriver: chrome on windows (944d27ba16ea2b534cc2d24374c5cdd8)] -> xpath: //div[@id='prodDetails']]
20:34:17 [TestNG-test-Test-1] INFO  verifyingDisplayTypeFilterFunctionality_Laptop_20-32-11 - [verifyingDisplayTypeFilterFunctionality_Laptop_20-32-11] Extracting 'name' , 'keyFeatures', 'about' , 'techDetails' within productNameListingPage loop
20:34:17 [TestNG-test-Test-1] INFO  verifyingDisplayTypeFilterFunctionality_Laptop_20-32-11 - [verifyingDisplayTypeFilterFunctionality_Laptop_20-32-11] Waiting until element is visible in viewport
20:34:28 [TestNG-test-Test-1] INFO  verifyingDisplayTypeFilterFunctionality_Laptop_20-32-11 - [verifyingDisplayTypeFilterFunctionality_Laptop_20-32-11] Within smoothScrollToElement method
20:34:28 [TestNG-test-Test-1] INFO  verifyingDisplayTypeFilterFunctionality_Laptop_20-32-11 - [verifyingDisplayTypeFilterFunctionality_Laptop_20-32-11] Within safeFindElement method
20:34:28 [TestNG-test-Test-1] INFO  verifyingDisplayTypeFilterFunctionality_Laptop_20-32-11 - [verifyingDisplayTypeFilterFunctionality_Laptop_20-32-11]Found the element returning it ,element ->[[ChromeDriver: chrome on windows (944d27ba16ea2b534cc2d24374c5cdd8)] -> xpath: //a[@id='seeMoreDetailsLink']]
20:34:28 [TestNG-test-Test-1] INFO  verifyingDisplayTypeFilterFunctionality_Laptop_20-32-11 - [verifyingDisplayTypeFilterFunctionality_Laptop_20-32-11] Successfully scrolled to element: By.xpath: //a[@id='seeMoreDetailsLink']
20:34:28 [TestNG-test-Test-1] INFO  verifyingDisplayTypeFilterFunctionality_Laptop_20-32-11 - [verifyingDisplayTypeFilterFunctionality_Laptop_20-32-11] Within safeClick method
20:34:28 [TestNG-test-Test-1] INFO  verifyingDisplayTypeFilterFunctionality_Laptop_20-32-11 - [verifyingDisplayTypeFilterFunctionality_Laptop_20-32-11] Clicked the  [[ChromeDriver: chrome on windows (944d27ba16ea2b534cc2d24374c5cdd8)] -> xpath: //a[@id='seeMoreDetailsLink']]   using safeClick
20:34:28 [TestNG-test-Test-1] INFO  verifyingDisplayTypeFilterFunctionality_Laptop_20-32-11 - [verifyingDisplayTypeFilterFunctionality_Laptop_20-32-11] Within try block for clicking see more deatils within productNameListingPage loop
20:34:28 [TestNG-test-Test-1] INFO  verifyingDisplayTypeFilterFunctionality_Laptop_20-32-11 - [verifyingDisplayTypeFilterFunctionality_Laptop_20-32-11] Within closeCurrentWindowAndSwitchBack method
20:34:28 [TestNG-test-Test-1] INFO  verifyingDisplayTypeFilterFunctionality_Laptop_20-32-11 - [verifyingDisplayTypeFilterFunctionality_Laptop_20-32-11] Total open windows/tabs count -> 2
20:34:28 [TestNG-test-Test-1] INFO  verifyingDisplayTypeFilterFunctionality_Laptop_20-32-11 - [verifyingDisplayTypeFilterFunctionality_Laptop_20-32-11] Original window handle -> AA8B22BE0A8F774C28F62CC1C00B5AB3
20:34:28 [TestNG-test-Test-1] INFO  verifyingDisplayTypeFilterFunctionality_Laptop_20-32-11 - [verifyingDisplayTypeFilterFunctionality_Laptop_20-32-11] Found new tab/window handle -> D96470B4E015B0840C809FF9BD9E08B5 (will be closed)
20:34:28 [TestNG-test-Test-1] INFO  verifyingDisplayTypeFilterFunctionality_Laptop_20-32-11 - [verifyingDisplayTypeFilterFunctionality_Laptop_20-32-11] Successfully switched to new tab/window -> D96470B4E015B0840C809FF9BD9E08B5
20:34:28 [TestNG-test-Test-1] INFO  verifyingDisplayTypeFilterFunctionality_Laptop_20-32-11 - [verifyingDisplayTypeFilterFunctionality_Laptop_20-32-11] Closed the newly opened tab/window -> D96470B4E015B0840C809FF9BD9E08B5
20:34:28 [TestNG-test-Test-1] INFO  verifyingDisplayTypeFilterFunctionality_Laptop_20-32-11 - [verifyingDisplayTypeFilterFunctionality_Laptop_20-32-11] Switched back to the original window -> AA8B22BE0A8F774C28F62CC1C00B5AB3
20:34:28 [TestNG-test-Test-1] INFO  verifyingDisplayTypeFilterFunctionality_Laptop_20-32-11 - [verifyingDisplayTypeFilterFunctionality_Laptop_20-32-11]  going back to product listing via closeCurrentWindowAndSwitchBack 
20:34:28 [TestNG-test-Test-1] INFO  verifyingDisplayTypeFilterFunctionality_Laptop_20-32-11 - [verifyingDisplayTypeFilterFunctionality_Laptop_20-32-11]  Added 'filter','title','keyFeatures', 'about', 'techDetails' into the Map -> productResult
20:34:28 [TestNG-test-Test-1] INFO  verifyingDisplayTypeFilterFunctionality_Laptop_20-32-11 - [verifyingDisplayTypeFilterFunctionality_Laptop_20-32-11]  Added 'productResult' Map into the 'results' i.e list of maps 
20:34:28 [TestNG-test-Test-1] INFO  verifyingDisplayTypeFilterFunctionality_Laptop_20-32-11 - [verifyingDisplayTypeFilterFunctionality_Laptop_20-32-11]==========================================================================================================
20:34:28 [TestNG-test-Test-1] INFO  verifyingDisplayTypeFilterFunctionality_Laptop_20-32-11 - [verifyingDisplayTypeFilterFunctionality_Laptop_20-32-11] Within safeFindElements 
20:34:28 [TestNG-test-Test-1] INFO  verifyingDisplayTypeFilterFunctionality_Laptop_20-32-11 - [verifyingDisplayTypeFilterFunctionality_Laptop_20-32-11] Returning the  [[[ChromeDriver: chrome on windows (944d27ba16ea2b534cc2d24374c5cdd8)] -> xpath: //div[@data-cy='title-recipe']], [[ChromeDriver: chrome on windows (944d27ba16ea2b534cc2d24374c5cdd8)] -> xpath: //div[@data-cy='title-recipe']], [[ChromeDriver: chrome on windows (944d27ba16ea2b534cc2d24374c5cdd8)] -> xpath: //div[@data-cy='title-recipe']], [[ChromeDriver: chrome on windows (944d27ba16ea2b534cc2d24374c5cdd8)] -> xpath: //div[@data-cy='title-recipe']], [[ChromeDriver: chrome on windows (944d27ba16ea2b534cc2d24374c5cdd8)] -> xpath: //div[@data-cy='title-recipe']], [[ChromeDriver: chrome on windows (944d27ba16ea2b534cc2d24374c5cdd8)] -> xpath: //div[@data-cy='title-recipe']], [[ChromeDriver: chrome on windows (944d27ba16ea2b534cc2d24374c5cdd8)] -> xpath: //div[@data-cy='title-recipe']], [[ChromeDriver: chrome on windows (944d27ba16ea2b534cc2d24374c5cdd8)] -> xpath: //div[@data-cy='title-recipe']], [[ChromeDriver: chrome on windows (944d27ba16ea2b534cc2d24374c5cdd8)] -> xpath: //div[@data-cy='title-recipe']], [[ChromeDriver: chrome on windows (944d27ba16ea2b534cc2d24374c5cdd8)] -> xpath: //div[@data-cy='title-recipe']], [[ChromeDriver: chrome on windows (944d27ba16ea2b534cc2d24374c5cdd8)] -> xpath: //div[@data-cy='title-recipe']], [[ChromeDriver: chrome on windows (944d27ba16ea2b534cc2d24374c5cdd8)] -> xpath: //div[@data-cy='title-recipe']], [[ChromeDriver: chrome on windows (944d27ba16ea2b534cc2d24374c5cdd8)] -> xpath: //div[@data-cy='title-recipe']], [[ChromeDriver: chrome on windows (944d27ba16ea2b534cc2d24374c5cdd8)] -> xpath: //div[@data-cy='title-recipe']], [[ChromeDriver: chrome on windows (944d27ba16ea2b534cc2d24374c5cdd8)] -> xpath: //div[@data-cy='title-recipe']], [[ChromeDriver: chrome on windows (944d27ba16ea2b534cc2d24374c5cdd8)] -> xpath: //div[@data-cy='title-recipe']]] from the safeFindElements method
20:34:28 [TestNG-test-Test-1] INFO  verifyingDisplayTypeFilterFunctionality_Laptop_20-32-11 - [verifyingDisplayTypeFilterFunctionality_Laptop_20-32-11] Within productNameListingPage loop in applyFilterAndValidateProductsWithResult
20:34:28 [TestNG-test-Test-1] INFO  verifyingDisplayTypeFilterFunctionality_Laptop_20-32-11 - [verifyingDisplayTypeFilterFunctionality_Laptop_20-32-11] Within getProductByIndex method
20:34:28 [TestNG-test-Test-1] INFO  verifyingDisplayTypeFilterFunctionality_Laptop_20-32-11 - [verifyingDisplayTypeFilterFunctionality_Laptop_20-32-11] Within safeFindElement method
20:34:28 [TestNG-test-Test-1] INFO  verifyingDisplayTypeFilterFunctionality_Laptop_20-32-11 - [verifyingDisplayTypeFilterFunctionality_Laptop_20-32-11]Found the element returning it ,element ->[[ChromeDriver: chrome on windows (944d27ba16ea2b534cc2d24374c5cdd8)] -> xpath: (//div[@data-cy='title-recipe'])[9]]
20:34:28 [TestNG-test-Test-1] INFO  verifyingDisplayTypeFilterFunctionality_Laptop_20-32-11 - [verifyingDisplayTypeFilterFunctionality_Laptop_20-32-11] Within getProductByIndex method
20:34:28 [TestNG-test-Test-1] INFO  verifyingDisplayTypeFilterFunctionality_Laptop_20-32-11 - [verifyingDisplayTypeFilterFunctionality_Laptop_20-32-11] Within smoothScrollToElement method
20:34:28 [TestNG-test-Test-1] INFO  verifyingDisplayTypeFilterFunctionality_Laptop_20-32-11 - [verifyingDisplayTypeFilterFunctionality_Laptop_20-32-11] Within safeFindElement method
20:34:29 [TestNG-test-Test-1] INFO  verifyingDisplayTypeFilterFunctionality_Laptop_20-32-11 - [verifyingDisplayTypeFilterFunctionality_Laptop_20-32-11]Found the element returning it ,element ->[[ChromeDriver: chrome on windows (944d27ba16ea2b534cc2d24374c5cdd8)] -> xpath: (//div[@data-cy='title-recipe'])[9]]
20:34:29 [TestNG-test-Test-1] INFO  verifyingDisplayTypeFilterFunctionality_Laptop_20-32-11 - [verifyingDisplayTypeFilterFunctionality_Laptop_20-32-11] Successfully scrolled to element: By.xpath: (//div[@data-cy='title-recipe'])[9]
20:34:29 [TestNG-test-Test-1] INFO  verifyingDisplayTypeFilterFunctionality_Laptop_20-32-11 - [verifyingDisplayTypeFilterFunctionality_Laptop_20-32-11] Getting product by index in productNameListingPage loop
20:34:29 [TestNG-test-Test-1] INFO  verifyingDisplayTypeFilterFunctionality_Laptop_20-32-11 - [verifyingDisplayTypeFilterFunctionality_Laptop_20-32-11] Opened product in new tab via Ctrl+Click inside productNameListingPage loop
20:34:29 [TestNG-test-Test-1] INFO  verifyingDisplayTypeFilterFunctionality_Laptop_20-32-11 - [verifyingDisplayTypeFilterFunctionality_Laptop_20-32-11] Waiting for new window to open...
20:34:29 [TestNG-test-Test-1] INFO  verifyingDisplayTypeFilterFunctionality_Laptop_20-32-11 - [verifyingDisplayTypeFilterFunctionality_Laptop_20-32-11] Switched to new window -> 3978A19F2E28F3052068608EA713F7A7
20:34:29 [TestNG-test-Test-1] INFO  verifyingDisplayTypeFilterFunctionality_Laptop_20-32-11 - [verifyingDisplayTypeFilterFunctionality_Laptop_20-32-11] Swithcing to the new window  within productNameListingPage loop
20:34:29 [TestNG-test-Test-1] INFO  verifyingDisplayTypeFilterFunctionality_Laptop_20-32-11 - [verifyingDisplayTypeFilterFunctionality_Laptop_20-32-11] Clicked product name to open in new tab from productNameListingPage loop
20:34:29 [TestNG-test-Test-1] INFO  verifyingDisplayTypeFilterFunctionality_Laptop_20-32-11 - [verifyingDisplayTypeFilterFunctionality_Laptop_20-32-11] Within safeFindElement method
20:34:32 [TestNG-test-Test-1] INFO  verifyingDisplayTypeFilterFunctionality_Laptop_20-32-11 - [verifyingDisplayTypeFilterFunctionality_Laptop_20-32-11]Found the element returning it ,element ->[[ChromeDriver: chrome on windows (944d27ba16ea2b534cc2d24374c5cdd8)] -> xpath: //span[@id='productTitle']]
20:34:32 [TestNG-test-Test-1] INFO  verifyingDisplayTypeFilterFunctionality_Laptop_20-32-11 - [verifyingDisplayTypeFilterFunctionality_Laptop_20-32-11] Within safeFindElement method
20:34:32 [TestNG-test-Test-1] INFO  verifyingDisplayTypeFilterFunctionality_Laptop_20-32-11 - [verifyingDisplayTypeFilterFunctionality_Laptop_20-32-11]Found the element returning it ,element ->[[ChromeDriver: chrome on windows (944d27ba16ea2b534cc2d24374c5cdd8)] -> xpath: //div[@class='a-section a-spacing-small a-spacing-top-small']]
20:34:32 [TestNG-test-Test-1] INFO  verifyingDisplayTypeFilterFunctionality_Laptop_20-32-11 - [verifyingDisplayTypeFilterFunctionality_Laptop_20-32-11] Within safeFindElement method
20:34:33 [TestNG-test-Test-1] INFO  verifyingDisplayTypeFilterFunctionality_Laptop_20-32-11 - [verifyingDisplayTypeFilterFunctionality_Laptop_20-32-11]Found the element returning it ,element ->[[ChromeDriver: chrome on windows (944d27ba16ea2b534cc2d24374c5cdd8)] -> xpath: //div[@id='feature-bullets']]
20:34:33 [TestNG-test-Test-1] INFO  verifyingDisplayTypeFilterFunctionality_Laptop_20-32-11 - [verifyingDisplayTypeFilterFunctionality_Laptop_20-32-11] Within safeFindElement method
20:34:33 [TestNG-test-Test-1] INFO  verifyingDisplayTypeFilterFunctionality_Laptop_20-32-11 - [verifyingDisplayTypeFilterFunctionality_Laptop_20-32-11]Found the element returning it ,element ->[[ChromeDriver: chrome on windows (944d27ba16ea2b534cc2d24374c5cdd8)] -> xpath: //div[@id='prodDetails']]
20:34:33 [TestNG-test-Test-1] INFO  verifyingDisplayTypeFilterFunctionality_Laptop_20-32-11 - [verifyingDisplayTypeFilterFunctionality_Laptop_20-32-11] Extracting 'name' , 'keyFeatures', 'about' , 'techDetails' within productNameListingPage loop
20:34:33 [TestNG-test-Test-1] INFO  verifyingDisplayTypeFilterFunctionality_Laptop_20-32-11 - [verifyingDisplayTypeFilterFunctionality_Laptop_20-32-11] Waiting until element is visible in viewport
20:34:43 [TestNG-test-Test-1] INFO  verifyingDisplayTypeFilterFunctionality_Laptop_20-32-11 - [verifyingDisplayTypeFilterFunctionality_Laptop_20-32-11] Within smoothScrollToElement method
20:34:43 [TestNG-test-Test-1] INFO  verifyingDisplayTypeFilterFunctionality_Laptop_20-32-11 - [verifyingDisplayTypeFilterFunctionality_Laptop_20-32-11] Within safeFindElement method
20:34:43 [TestNG-test-Test-1] INFO  verifyingDisplayTypeFilterFunctionality_Laptop_20-32-11 - [verifyingDisplayTypeFilterFunctionality_Laptop_20-32-11]Found the element returning it ,element ->[[ChromeDriver: chrome on windows (944d27ba16ea2b534cc2d24374c5cdd8)] -> xpath: //a[@id='seeMoreDetailsLink']]
20:34:43 [TestNG-test-Test-1] INFO  verifyingDisplayTypeFilterFunctionality_Laptop_20-32-11 - [verifyingDisplayTypeFilterFunctionality_Laptop_20-32-11] Successfully scrolled to element: By.xpath: //a[@id='seeMoreDetailsLink']
20:34:43 [TestNG-test-Test-1] INFO  verifyingDisplayTypeFilterFunctionality_Laptop_20-32-11 - [verifyingDisplayTypeFilterFunctionality_Laptop_20-32-11] Within safeClick method
20:34:44 [TestNG-test-Test-1] INFO  verifyingDisplayTypeFilterFunctionality_Laptop_20-32-11 - [verifyingDisplayTypeFilterFunctionality_Laptop_20-32-11] Clicked the  [[ChromeDriver: chrome on windows (944d27ba16ea2b534cc2d24374c5cdd8)] -> xpath: //a[@id='seeMoreDetailsLink']]   using safeClick
20:34:44 [TestNG-test-Test-1] INFO  verifyingDisplayTypeFilterFunctionality_Laptop_20-32-11 - [verifyingDisplayTypeFilterFunctionality_Laptop_20-32-11] Within try block for clicking see more deatils within productNameListingPage loop
20:34:44 [TestNG-test-Test-1] INFO  verifyingDisplayTypeFilterFunctionality_Laptop_20-32-11 - [verifyingDisplayTypeFilterFunctionality_Laptop_20-32-11] Within closeCurrentWindowAndSwitchBack method
20:34:44 [TestNG-test-Test-1] INFO  verifyingDisplayTypeFilterFunctionality_Laptop_20-32-11 - [verifyingDisplayTypeFilterFunctionality_Laptop_20-32-11] Total open windows/tabs count -> 2
20:34:44 [TestNG-test-Test-1] INFO  verifyingDisplayTypeFilterFunctionality_Laptop_20-32-11 - [verifyingDisplayTypeFilterFunctionality_Laptop_20-32-11] Original window handle -> AA8B22BE0A8F774C28F62CC1C00B5AB3
20:34:44 [TestNG-test-Test-1] INFO  verifyingDisplayTypeFilterFunctionality_Laptop_20-32-11 - [verifyingDisplayTypeFilterFunctionality_Laptop_20-32-11] Found new tab/window handle -> 3978A19F2E28F3052068608EA713F7A7 (will be closed)
20:34:44 [TestNG-test-Test-1] INFO  verifyingDisplayTypeFilterFunctionality_Laptop_20-32-11 - [verifyingDisplayTypeFilterFunctionality_Laptop_20-32-11] Successfully switched to new tab/window -> 3978A19F2E28F3052068608EA713F7A7
20:34:44 [TestNG-test-Test-1] INFO  verifyingDisplayTypeFilterFunctionality_Laptop_20-32-11 - [verifyingDisplayTypeFilterFunctionality_Laptop_20-32-11] Closed the newly opened tab/window -> 3978A19F2E28F3052068608EA713F7A7
20:34:44 [TestNG-test-Test-1] INFO  verifyingDisplayTypeFilterFunctionality_Laptop_20-32-11 - [verifyingDisplayTypeFilterFunctionality_Laptop_20-32-11] Switched back to the original window -> AA8B22BE0A8F774C28F62CC1C00B5AB3
20:34:44 [TestNG-test-Test-1] INFO  verifyingDisplayTypeFilterFunctionality_Laptop_20-32-11 - [verifyingDisplayTypeFilterFunctionality_Laptop_20-32-11]  going back to product listing via closeCurrentWindowAndSwitchBack 
20:34:44 [TestNG-test-Test-1] INFO  verifyingDisplayTypeFilterFunctionality_Laptop_20-32-11 - [verifyingDisplayTypeFilterFunctionality_Laptop_20-32-11]  Added 'filter','title','keyFeatures', 'about', 'techDetails' into the Map -> productResult
20:34:44 [TestNG-test-Test-1] INFO  verifyingDisplayTypeFilterFunctionality_Laptop_20-32-11 - [verifyingDisplayTypeFilterFunctionality_Laptop_20-32-11]  Added 'productResult' Map into the 'results' i.e list of maps 
20:34:44 [TestNG-test-Test-1] INFO  verifyingDisplayTypeFilterFunctionality_Laptop_20-32-11 - [verifyingDisplayTypeFilterFunctionality_Laptop_20-32-11]==========================================================================================================
20:34:44 [TestNG-test-Test-1] INFO  verifyingDisplayTypeFilterFunctionality_Laptop_20-32-11 - [verifyingDisplayTypeFilterFunctionality_Laptop_20-32-11] Within safeFindElements 
20:34:44 [TestNG-test-Test-1] INFO  verifyingDisplayTypeFilterFunctionality_Laptop_20-32-11 - [verifyingDisplayTypeFilterFunctionality_Laptop_20-32-11] Returning the  [[[ChromeDriver: chrome on windows (944d27ba16ea2b534cc2d24374c5cdd8)] -> xpath: //div[@data-cy='title-recipe']], [[ChromeDriver: chrome on windows (944d27ba16ea2b534cc2d24374c5cdd8)] -> xpath: //div[@data-cy='title-recipe']], [[ChromeDriver: chrome on windows (944d27ba16ea2b534cc2d24374c5cdd8)] -> xpath: //div[@data-cy='title-recipe']], [[ChromeDriver: chrome on windows (944d27ba16ea2b534cc2d24374c5cdd8)] -> xpath: //div[@data-cy='title-recipe']], [[ChromeDriver: chrome on windows (944d27ba16ea2b534cc2d24374c5cdd8)] -> xpath: //div[@data-cy='title-recipe']], [[ChromeDriver: chrome on windows (944d27ba16ea2b534cc2d24374c5cdd8)] -> xpath: //div[@data-cy='title-recipe']], [[ChromeDriver: chrome on windows (944d27ba16ea2b534cc2d24374c5cdd8)] -> xpath: //div[@data-cy='title-recipe']], [[ChromeDriver: chrome on windows (944d27ba16ea2b534cc2d24374c5cdd8)] -> xpath: //div[@data-cy='title-recipe']], [[ChromeDriver: chrome on windows (944d27ba16ea2b534cc2d24374c5cdd8)] -> xpath: //div[@data-cy='title-recipe']], [[ChromeDriver: chrome on windows (944d27ba16ea2b534cc2d24374c5cdd8)] -> xpath: //div[@data-cy='title-recipe']], [[ChromeDriver: chrome on windows (944d27ba16ea2b534cc2d24374c5cdd8)] -> xpath: //div[@data-cy='title-recipe']], [[ChromeDriver: chrome on windows (944d27ba16ea2b534cc2d24374c5cdd8)] -> xpath: //div[@data-cy='title-recipe']], [[ChromeDriver: chrome on windows (944d27ba16ea2b534cc2d24374c5cdd8)] -> xpath: //div[@data-cy='title-recipe']], [[ChromeDriver: chrome on windows (944d27ba16ea2b534cc2d24374c5cdd8)] -> xpath: //div[@data-cy='title-recipe']], [[ChromeDriver: chrome on windows (944d27ba16ea2b534cc2d24374c5cdd8)] -> xpath: //div[@data-cy='title-recipe']], [[ChromeDriver: chrome on windows (944d27ba16ea2b534cc2d24374c5cdd8)] -> xpath: //div[@data-cy='title-recipe']]] from the safeFindElements method
20:34:44 [TestNG-test-Test-1] INFO  verifyingDisplayTypeFilterFunctionality_Laptop_20-32-11 - [verifyingDisplayTypeFilterFunctionality_Laptop_20-32-11] Within productNameListingPage loop in applyFilterAndValidateProductsWithResult
20:34:44 [TestNG-test-Test-1] INFO  verifyingDisplayTypeFilterFunctionality_Laptop_20-32-11 - [verifyingDisplayTypeFilterFunctionality_Laptop_20-32-11] Within getProductByIndex method
20:34:44 [TestNG-test-Test-1] INFO  verifyingDisplayTypeFilterFunctionality_Laptop_20-32-11 - [verifyingDisplayTypeFilterFunctionality_Laptop_20-32-11] Within safeFindElement method
20:34:44 [TestNG-test-Test-1] INFO  verifyingDisplayTypeFilterFunctionality_Laptop_20-32-11 - [verifyingDisplayTypeFilterFunctionality_Laptop_20-32-11]Found the element returning it ,element ->[[ChromeDriver: chrome on windows (944d27ba16ea2b534cc2d24374c5cdd8)] -> xpath: (//div[@data-cy='title-recipe'])[10]]
20:34:44 [TestNG-test-Test-1] INFO  verifyingDisplayTypeFilterFunctionality_Laptop_20-32-11 - [verifyingDisplayTypeFilterFunctionality_Laptop_20-32-11] Within getProductByIndex method
20:34:44 [TestNG-test-Test-1] INFO  verifyingDisplayTypeFilterFunctionality_Laptop_20-32-11 - [verifyingDisplayTypeFilterFunctionality_Laptop_20-32-11] Within smoothScrollToElement method
20:34:44 [TestNG-test-Test-1] INFO  verifyingDisplayTypeFilterFunctionality_Laptop_20-32-11 - [verifyingDisplayTypeFilterFunctionality_Laptop_20-32-11] Within safeFindElement method
20:34:44 [TestNG-test-Test-1] INFO  verifyingDisplayTypeFilterFunctionality_Laptop_20-32-11 - [verifyingDisplayTypeFilterFunctionality_Laptop_20-32-11]Found the element returning it ,element ->[[ChromeDriver: chrome on windows (944d27ba16ea2b534cc2d24374c5cdd8)] -> xpath: (//div[@data-cy='title-recipe'])[10]]
20:34:44 [TestNG-test-Test-1] INFO  verifyingDisplayTypeFilterFunctionality_Laptop_20-32-11 - [verifyingDisplayTypeFilterFunctionality_Laptop_20-32-11] Successfully scrolled to element: By.xpath: (//div[@data-cy='title-recipe'])[10]
20:34:44 [TestNG-test-Test-1] INFO  verifyingDisplayTypeFilterFunctionality_Laptop_20-32-11 - [verifyingDisplayTypeFilterFunctionality_Laptop_20-32-11] Getting product by index in productNameListingPage loop
20:34:45 [TestNG-test-Test-1] INFO  verifyingDisplayTypeFilterFunctionality_Laptop_20-32-11 - [verifyingDisplayTypeFilterFunctionality_Laptop_20-32-11] Opened product in new tab via Ctrl+Click inside productNameListingPage loop
20:34:45 [TestNG-test-Test-1] INFO  verifyingDisplayTypeFilterFunctionality_Laptop_20-32-11 - [verifyingDisplayTypeFilterFunctionality_Laptop_20-32-11] Waiting for new window to open...
20:34:45 [TestNG-test-Test-1] INFO  verifyingDisplayTypeFilterFunctionality_Laptop_20-32-11 - [verifyingDisplayTypeFilterFunctionality_Laptop_20-32-11] Switched to new window -> DFF10F14E2D02389B7CDFA6B84B9B937
20:34:45 [TestNG-test-Test-1] INFO  verifyingDisplayTypeFilterFunctionality_Laptop_20-32-11 - [verifyingDisplayTypeFilterFunctionality_Laptop_20-32-11] Swithcing to the new window  within productNameListingPage loop
20:34:45 [TestNG-test-Test-1] INFO  verifyingDisplayTypeFilterFunctionality_Laptop_20-32-11 - [verifyingDisplayTypeFilterFunctionality_Laptop_20-32-11] Clicked product name to open in new tab from productNameListingPage loop
20:34:45 [TestNG-test-Test-1] INFO  verifyingDisplayTypeFilterFunctionality_Laptop_20-32-11 - [verifyingDisplayTypeFilterFunctionality_Laptop_20-32-11] Within safeFindElement method
20:34:48 [TestNG-test-Test-1] INFO  verifyingDisplayTypeFilterFunctionality_Laptop_20-32-11 - [verifyingDisplayTypeFilterFunctionality_Laptop_20-32-11]Found the element returning it ,element ->[[ChromeDriver: chrome on windows (944d27ba16ea2b534cc2d24374c5cdd8)] -> xpath: //span[@id='productTitle']]
20:34:48 [TestNG-test-Test-1] INFO  verifyingDisplayTypeFilterFunctionality_Laptop_20-32-11 - [verifyingDisplayTypeFilterFunctionality_Laptop_20-32-11] Within safeFindElement method
20:34:48 [TestNG-test-Test-1] INFO  verifyingDisplayTypeFilterFunctionality_Laptop_20-32-11 - [verifyingDisplayTypeFilterFunctionality_Laptop_20-32-11]Found the element returning it ,element ->[[ChromeDriver: chrome on windows (944d27ba16ea2b534cc2d24374c5cdd8)] -> xpath: //div[@class='a-section a-spacing-small a-spacing-top-small']]
20:34:48 [TestNG-test-Test-1] INFO  verifyingDisplayTypeFilterFunctionality_Laptop_20-32-11 - [verifyingDisplayTypeFilterFunctionality_Laptop_20-32-11] Within safeFindElement method
20:34:48 [TestNG-test-Test-1] INFO  verifyingDisplayTypeFilterFunctionality_Laptop_20-32-11 - [verifyingDisplayTypeFilterFunctionality_Laptop_20-32-11]Found the element returning it ,element ->[[ChromeDriver: chrome on windows (944d27ba16ea2b534cc2d24374c5cdd8)] -> xpath: //div[@id='feature-bullets']]
20:34:49 [TestNG-test-Test-1] INFO  verifyingDisplayTypeFilterFunctionality_Laptop_20-32-11 - [verifyingDisplayTypeFilterFunctionality_Laptop_20-32-11] Within safeFindElement method
20:34:49 [TestNG-test-Test-1] INFO  verifyingDisplayTypeFilterFunctionality_Laptop_20-32-11 - [verifyingDisplayTypeFilterFunctionality_Laptop_20-32-11]Found the element returning it ,element ->[[ChromeDriver: chrome on windows (944d27ba16ea2b534cc2d24374c5cdd8)] -> xpath: //div[@id='prodDetails']]
20:34:49 [TestNG-test-Test-1] INFO  verifyingDisplayTypeFilterFunctionality_Laptop_20-32-11 - [verifyingDisplayTypeFilterFunctionality_Laptop_20-32-11] Extracting 'name' , 'keyFeatures', 'about' , 'techDetails' within productNameListingPage loop
20:34:49 [TestNG-test-Test-1] INFO  verifyingDisplayTypeFilterFunctionality_Laptop_20-32-11 - [verifyingDisplayTypeFilterFunctionality_Laptop_20-32-11] Waiting until element is visible in viewport
20:34:59 [TestNG-test-Test-1] INFO  verifyingDisplayTypeFilterFunctionality_Laptop_20-32-11 - [verifyingDisplayTypeFilterFunctionality_Laptop_20-32-11] Within smoothScrollToElement method
20:34:59 [TestNG-test-Test-1] INFO  verifyingDisplayTypeFilterFunctionality_Laptop_20-32-11 - [verifyingDisplayTypeFilterFunctionality_Laptop_20-32-11] Within safeFindElement method
20:34:59 [TestNG-test-Test-1] INFO  verifyingDisplayTypeFilterFunctionality_Laptop_20-32-11 - [verifyingDisplayTypeFilterFunctionality_Laptop_20-32-11]Found the element returning it ,element ->[[ChromeDriver: chrome on windows (944d27ba16ea2b534cc2d24374c5cdd8)] -> xpath: //a[@id='seeMoreDetailsLink']]
20:34:59 [TestNG-test-Test-1] INFO  verifyingDisplayTypeFilterFunctionality_Laptop_20-32-11 - [verifyingDisplayTypeFilterFunctionality_Laptop_20-32-11] Successfully scrolled to element: By.xpath: //a[@id='seeMoreDetailsLink']
20:34:59 [TestNG-test-Test-1] INFO  verifyingDisplayTypeFilterFunctionality_Laptop_20-32-11 - [verifyingDisplayTypeFilterFunctionality_Laptop_20-32-11] Within safeClick method
20:35:00 [TestNG-test-Test-1] INFO  verifyingDisplayTypeFilterFunctionality_Laptop_20-32-11 - [verifyingDisplayTypeFilterFunctionality_Laptop_20-32-11] Clicked the  [[ChromeDriver: chrome on windows (944d27ba16ea2b534cc2d24374c5cdd8)] -> xpath: //a[@id='seeMoreDetailsLink']]   using safeClick
20:35:00 [TestNG-test-Test-1] INFO  verifyingDisplayTypeFilterFunctionality_Laptop_20-32-11 - [verifyingDisplayTypeFilterFunctionality_Laptop_20-32-11] Within try block for clicking see more deatils within productNameListingPage loop
20:35:00 [TestNG-test-Test-1] INFO  verifyingDisplayTypeFilterFunctionality_Laptop_20-32-11 - [verifyingDisplayTypeFilterFunctionality_Laptop_20-32-11] Within closeCurrentWindowAndSwitchBack method
20:35:00 [TestNG-test-Test-1] INFO  verifyingDisplayTypeFilterFunctionality_Laptop_20-32-11 - [verifyingDisplayTypeFilterFunctionality_Laptop_20-32-11] Total open windows/tabs count -> 2
20:35:00 [TestNG-test-Test-1] INFO  verifyingDisplayTypeFilterFunctionality_Laptop_20-32-11 - [verifyingDisplayTypeFilterFunctionality_Laptop_20-32-11] Original window handle -> AA8B22BE0A8F774C28F62CC1C00B5AB3
20:35:00 [TestNG-test-Test-1] INFO  verifyingDisplayTypeFilterFunctionality_Laptop_20-32-11 - [verifyingDisplayTypeFilterFunctionality_Laptop_20-32-11] Found new tab/window handle -> DFF10F14E2D02389B7CDFA6B84B9B937 (will be closed)
20:35:00 [TestNG-test-Test-1] INFO  verifyingDisplayTypeFilterFunctionality_Laptop_20-32-11 - [verifyingDisplayTypeFilterFunctionality_Laptop_20-32-11] Successfully switched to new tab/window -> DFF10F14E2D02389B7CDFA6B84B9B937
20:35:00 [TestNG-test-Test-1] INFO  verifyingDisplayTypeFilterFunctionality_Laptop_20-32-11 - [verifyingDisplayTypeFilterFunctionality_Laptop_20-32-11] Closed the newly opened tab/window -> DFF10F14E2D02389B7CDFA6B84B9B937
20:35:00 [TestNG-test-Test-1] INFO  verifyingDisplayTypeFilterFunctionality_Laptop_20-32-11 - [verifyingDisplayTypeFilterFunctionality_Laptop_20-32-11] Switched back to the original window -> AA8B22BE0A8F774C28F62CC1C00B5AB3
20:35:00 [TestNG-test-Test-1] INFO  verifyingDisplayTypeFilterFunctionality_Laptop_20-32-11 - [verifyingDisplayTypeFilterFunctionality_Laptop_20-32-11]  going back to product listing via closeCurrentWindowAndSwitchBack 
20:35:00 [TestNG-test-Test-1] INFO  verifyingDisplayTypeFilterFunctionality_Laptop_20-32-11 - [verifyingDisplayTypeFilterFunctionality_Laptop_20-32-11]  Added 'filter','title','keyFeatures', 'about', 'techDetails' into the Map -> productResult
20:35:00 [TestNG-test-Test-1] INFO  verifyingDisplayTypeFilterFunctionality_Laptop_20-32-11 - [verifyingDisplayTypeFilterFunctionality_Laptop_20-32-11]  Added 'productResult' Map into the 'results' i.e list of maps 
20:35:00 [TestNG-test-Test-1] INFO  verifyingDisplayTypeFilterFunctionality_Laptop_20-32-11 - [verifyingDisplayTypeFilterFunctionality_Laptop_20-32-11]==========================================================================================================
20:35:00 [TestNG-test-Test-1] INFO  verifyingDisplayTypeFilterFunctionality_Laptop_20-32-11 - [verifyingDisplayTypeFilterFunctionality_Laptop_20-32-11] Within safeFindElements 
20:35:00 [TestNG-test-Test-1] INFO  verifyingDisplayTypeFilterFunctionality_Laptop_20-32-11 - [verifyingDisplayTypeFilterFunctionality_Laptop_20-32-11] Returning the  [[[ChromeDriver: chrome on windows (944d27ba16ea2b534cc2d24374c5cdd8)] -> xpath: //div[@data-cy='title-recipe']], [[ChromeDriver: chrome on windows (944d27ba16ea2b534cc2d24374c5cdd8)] -> xpath: //div[@data-cy='title-recipe']], [[ChromeDriver: chrome on windows (944d27ba16ea2b534cc2d24374c5cdd8)] -> xpath: //div[@data-cy='title-recipe']], [[ChromeDriver: chrome on windows (944d27ba16ea2b534cc2d24374c5cdd8)] -> xpath: //div[@data-cy='title-recipe']], [[ChromeDriver: chrome on windows (944d27ba16ea2b534cc2d24374c5cdd8)] -> xpath: //div[@data-cy='title-recipe']], [[ChromeDriver: chrome on windows (944d27ba16ea2b534cc2d24374c5cdd8)] -> xpath: //div[@data-cy='title-recipe']], [[ChromeDriver: chrome on windows (944d27ba16ea2b534cc2d24374c5cdd8)] -> xpath: //div[@data-cy='title-recipe']], [[ChromeDriver: chrome on windows (944d27ba16ea2b534cc2d24374c5cdd8)] -> xpath: //div[@data-cy='title-recipe']], [[ChromeDriver: chrome on windows (944d27ba16ea2b534cc2d24374c5cdd8)] -> xpath: //div[@data-cy='title-recipe']], [[ChromeDriver: chrome on windows (944d27ba16ea2b534cc2d24374c5cdd8)] -> xpath: //div[@data-cy='title-recipe']], [[ChromeDriver: chrome on windows (944d27ba16ea2b534cc2d24374c5cdd8)] -> xpath: //div[@data-cy='title-recipe']], [[ChromeDriver: chrome on windows (944d27ba16ea2b534cc2d24374c5cdd8)] -> xpath: //div[@data-cy='title-recipe']], [[ChromeDriver: chrome on windows (944d27ba16ea2b534cc2d24374c5cdd8)] -> xpath: //div[@data-cy='title-recipe']], [[ChromeDriver: chrome on windows (944d27ba16ea2b534cc2d24374c5cdd8)] -> xpath: //div[@data-cy='title-recipe']], [[ChromeDriver: chrome on windows (944d27ba16ea2b534cc2d24374c5cdd8)] -> xpath: //div[@data-cy='title-recipe']], [[ChromeDriver: chrome on windows (944d27ba16ea2b534cc2d24374c5cdd8)] -> xpath: //div[@data-cy='title-recipe']]] from the safeFindElements method
20:35:00 [TestNG-test-Test-1] INFO  verifyingDisplayTypeFilterFunctionality_Laptop_20-32-11 - [verifyingDisplayTypeFilterFunctionality_Laptop_20-32-11] Within productNameListingPage loop in applyFilterAndValidateProductsWithResult
20:35:00 [TestNG-test-Test-1] INFO  verifyingDisplayTypeFilterFunctionality_Laptop_20-32-11 - [verifyingDisplayTypeFilterFunctionality_Laptop_20-32-11] Within getProductByIndex method
20:35:00 [TestNG-test-Test-1] INFO  verifyingDisplayTypeFilterFunctionality_Laptop_20-32-11 - [verifyingDisplayTypeFilterFunctionality_Laptop_20-32-11] Within safeFindElement method
20:35:01 [TestNG-test-Test-1] INFO  verifyingDisplayTypeFilterFunctionality_Laptop_20-32-11 - [verifyingDisplayTypeFilterFunctionality_Laptop_20-32-11]Found the element returning it ,element ->[[ChromeDriver: chrome on windows (944d27ba16ea2b534cc2d24374c5cdd8)] -> xpath: (//div[@data-cy='title-recipe'])[11]]
20:35:01 [TestNG-test-Test-1] INFO  verifyingDisplayTypeFilterFunctionality_Laptop_20-32-11 - [verifyingDisplayTypeFilterFunctionality_Laptop_20-32-11] Within getProductByIndex method
20:35:01 [TestNG-test-Test-1] INFO  verifyingDisplayTypeFilterFunctionality_Laptop_20-32-11 - [verifyingDisplayTypeFilterFunctionality_Laptop_20-32-11] Within smoothScrollToElement method
20:35:01 [TestNG-test-Test-1] INFO  verifyingDisplayTypeFilterFunctionality_Laptop_20-32-11 - [verifyingDisplayTypeFilterFunctionality_Laptop_20-32-11] Within safeFindElement method
20:35:01 [TestNG-test-Test-1] INFO  verifyingDisplayTypeFilterFunctionality_Laptop_20-32-11 - [verifyingDisplayTypeFilterFunctionality_Laptop_20-32-11]Found the element returning it ,element ->[[ChromeDriver: chrome on windows (944d27ba16ea2b534cc2d24374c5cdd8)] -> xpath: (//div[@data-cy='title-recipe'])[11]]
20:35:01 [TestNG-test-Test-1] INFO  verifyingDisplayTypeFilterFunctionality_Laptop_20-32-11 - [verifyingDisplayTypeFilterFunctionality_Laptop_20-32-11] Successfully scrolled to element: By.xpath: (//div[@data-cy='title-recipe'])[11]
20:35:01 [TestNG-test-Test-1] INFO  verifyingDisplayTypeFilterFunctionality_Laptop_20-32-11 - [verifyingDisplayTypeFilterFunctionality_Laptop_20-32-11] Getting product by index in productNameListingPage loop
20:35:01 [TestNG-test-Test-1] INFO  verifyingDisplayTypeFilterFunctionality_Laptop_20-32-11 - [verifyingDisplayTypeFilterFunctionality_Laptop_20-32-11] Opened product in new tab via Ctrl+Click inside productNameListingPage loop
20:35:01 [TestNG-test-Test-1] INFO  verifyingDisplayTypeFilterFunctionality_Laptop_20-32-11 - [verifyingDisplayTypeFilterFunctionality_Laptop_20-32-11] Waiting for new window to open...
20:35:01 [TestNG-test-Test-1] INFO  verifyingDisplayTypeFilterFunctionality_Laptop_20-32-11 - [verifyingDisplayTypeFilterFunctionality_Laptop_20-32-11] Switched to new window -> 8131E7FF19CAD708C03F57483A5B1E7E
20:35:01 [TestNG-test-Test-1] INFO  verifyingDisplayTypeFilterFunctionality_Laptop_20-32-11 - [verifyingDisplayTypeFilterFunctionality_Laptop_20-32-11] Swithcing to the new window  within productNameListingPage loop
20:35:01 [TestNG-test-Test-1] INFO  verifyingDisplayTypeFilterFunctionality_Laptop_20-32-11 - [verifyingDisplayTypeFilterFunctionality_Laptop_20-32-11] Clicked product name to open in new tab from productNameListingPage loop
20:35:01 [TestNG-test-Test-1] INFO  verifyingDisplayTypeFilterFunctionality_Laptop_20-32-11 - [verifyingDisplayTypeFilterFunctionality_Laptop_20-32-11] Within safeFindElement method
20:35:05 [TestNG-test-Test-1] INFO  verifyingDisplayTypeFilterFunctionality_Laptop_20-32-11 - [verifyingDisplayTypeFilterFunctionality_Laptop_20-32-11]Found the element returning it ,element ->[[ChromeDriver: chrome on windows (944d27ba16ea2b534cc2d24374c5cdd8)] -> xpath: //span[@id='productTitle']]
20:35:05 [TestNG-test-Test-1] INFO  verifyingDisplayTypeFilterFunctionality_Laptop_20-32-11 - [verifyingDisplayTypeFilterFunctionality_Laptop_20-32-11] Within safeFindElement method
20:35:06 [TestNG-test-Test-1] INFO  verifyingDisplayTypeFilterFunctionality_Laptop_20-32-11 - [verifyingDisplayTypeFilterFunctionality_Laptop_20-32-11]Found the element returning it ,element ->[[ChromeDriver: chrome on windows (944d27ba16ea2b534cc2d24374c5cdd8)] -> xpath: //div[@class='a-section a-spacing-small a-spacing-top-small']]
20:35:06 [TestNG-test-Test-1] INFO  verifyingDisplayTypeFilterFunctionality_Laptop_20-32-11 - [verifyingDisplayTypeFilterFunctionality_Laptop_20-32-11] Within safeFindElement method
20:35:06 [TestNG-test-Test-1] INFO  verifyingDisplayTypeFilterFunctionality_Laptop_20-32-11 - [verifyingDisplayTypeFilterFunctionality_Laptop_20-32-11]Found the element returning it ,element ->[[ChromeDriver: chrome on windows (944d27ba16ea2b534cc2d24374c5cdd8)] -> xpath: //div[@id='feature-bullets']]
20:35:06 [TestNG-test-Test-1] INFO  verifyingDisplayTypeFilterFunctionality_Laptop_20-32-11 - [verifyingDisplayTypeFilterFunctionality_Laptop_20-32-11] Within safeFindElement method
20:35:06 [TestNG-test-Test-1] INFO  verifyingDisplayTypeFilterFunctionality_Laptop_20-32-11 - [verifyingDisplayTypeFilterFunctionality_Laptop_20-32-11]Found the element returning it ,element ->[[ChromeDriver: chrome on windows (944d27ba16ea2b534cc2d24374c5cdd8)] -> xpath: //div[@id='prodDetails']]
20:35:06 [TestNG-test-Test-1] INFO  verifyingDisplayTypeFilterFunctionality_Laptop_20-32-11 - [verifyingDisplayTypeFilterFunctionality_Laptop_20-32-11] Extracting 'name' , 'keyFeatures', 'about' , 'techDetails' within productNameListingPage loop
20:35:06 [TestNG-test-Test-1] INFO  verifyingDisplayTypeFilterFunctionality_Laptop_20-32-11 - [verifyingDisplayTypeFilterFunctionality_Laptop_20-32-11] Waiting until element is visible in viewport
20:35:16 [TestNG-test-Test-1] INFO  verifyingDisplayTypeFilterFunctionality_Laptop_20-32-11 - [verifyingDisplayTypeFilterFunctionality_Laptop_20-32-11] Within smoothScrollToElement method
20:35:16 [TestNG-test-Test-1] INFO  verifyingDisplayTypeFilterFunctionality_Laptop_20-32-11 - [verifyingDisplayTypeFilterFunctionality_Laptop_20-32-11] Within safeFindElement method
20:35:16 [TestNG-test-Test-1] INFO  verifyingDisplayTypeFilterFunctionality_Laptop_20-32-11 - [verifyingDisplayTypeFilterFunctionality_Laptop_20-32-11]Found the element returning it ,element ->[[ChromeDriver: chrome on windows (944d27ba16ea2b534cc2d24374c5cdd8)] -> xpath: //a[@id='seeMoreDetailsLink']]
20:35:16 [TestNG-test-Test-1] INFO  verifyingDisplayTypeFilterFunctionality_Laptop_20-32-11 - [verifyingDisplayTypeFilterFunctionality_Laptop_20-32-11] Successfully scrolled to element: By.xpath: //a[@id='seeMoreDetailsLink']
20:35:16 [TestNG-test-Test-1] INFO  verifyingDisplayTypeFilterFunctionality_Laptop_20-32-11 - [verifyingDisplayTypeFilterFunctionality_Laptop_20-32-11] Within safeClick method
20:35:17 [TestNG-test-Test-1] INFO  verifyingDisplayTypeFilterFunctionality_Laptop_20-32-11 - [verifyingDisplayTypeFilterFunctionality_Laptop_20-32-11] Clicked the  [[ChromeDriver: chrome on windows (944d27ba16ea2b534cc2d24374c5cdd8)] -> xpath: //a[@id='seeMoreDetailsLink']]   using safeClick
20:35:17 [TestNG-test-Test-1] INFO  verifyingDisplayTypeFilterFunctionality_Laptop_20-32-11 - [verifyingDisplayTypeFilterFunctionality_Laptop_20-32-11] Within try block for clicking see more deatils within productNameListingPage loop
20:35:17 [TestNG-test-Test-1] INFO  verifyingDisplayTypeFilterFunctionality_Laptop_20-32-11 - [verifyingDisplayTypeFilterFunctionality_Laptop_20-32-11] Within closeCurrentWindowAndSwitchBack method
20:35:17 [TestNG-test-Test-1] INFO  verifyingDisplayTypeFilterFunctionality_Laptop_20-32-11 - [verifyingDisplayTypeFilterFunctionality_Laptop_20-32-11] Total open windows/tabs count -> 2
20:35:17 [TestNG-test-Test-1] INFO  verifyingDisplayTypeFilterFunctionality_Laptop_20-32-11 - [verifyingDisplayTypeFilterFunctionality_Laptop_20-32-11] Original window handle -> AA8B22BE0A8F774C28F62CC1C00B5AB3
20:35:17 [TestNG-test-Test-1] INFO  verifyingDisplayTypeFilterFunctionality_Laptop_20-32-11 - [verifyingDisplayTypeFilterFunctionality_Laptop_20-32-11] Found new tab/window handle -> 8131E7FF19CAD708C03F57483A5B1E7E (will be closed)
20:35:17 [TestNG-test-Test-1] INFO  verifyingDisplayTypeFilterFunctionality_Laptop_20-32-11 - [verifyingDisplayTypeFilterFunctionality_Laptop_20-32-11] Successfully switched to new tab/window -> 8131E7FF19CAD708C03F57483A5B1E7E
20:35:17 [TestNG-test-Test-1] INFO  verifyingDisplayTypeFilterFunctionality_Laptop_20-32-11 - [verifyingDisplayTypeFilterFunctionality_Laptop_20-32-11] Closed the newly opened tab/window -> 8131E7FF19CAD708C03F57483A5B1E7E
20:35:17 [TestNG-test-Test-1] INFO  verifyingDisplayTypeFilterFunctionality_Laptop_20-32-11 - [verifyingDisplayTypeFilterFunctionality_Laptop_20-32-11] Switched back to the original window -> AA8B22BE0A8F774C28F62CC1C00B5AB3
20:35:17 [TestNG-test-Test-1] INFO  verifyingDisplayTypeFilterFunctionality_Laptop_20-32-11 - [verifyingDisplayTypeFilterFunctionality_Laptop_20-32-11]  going back to product listing via closeCurrentWindowAndSwitchBack 
20:35:17 [TestNG-test-Test-1] INFO  verifyingDisplayTypeFilterFunctionality_Laptop_20-32-11 - [verifyingDisplayTypeFilterFunctionality_Laptop_20-32-11]  Added 'filter','title','keyFeatures', 'about', 'techDetails' into the Map -> productResult
20:35:17 [TestNG-test-Test-1] INFO  verifyingDisplayTypeFilterFunctionality_Laptop_20-32-11 - [verifyingDisplayTypeFilterFunctionality_Laptop_20-32-11]  Added 'productResult' Map into the 'results' i.e list of maps 
20:35:17 [TestNG-test-Test-1] INFO  verifyingDisplayTypeFilterFunctionality_Laptop_20-32-11 - [verifyingDisplayTypeFilterFunctionality_Laptop_20-32-11]==========================================================================================================
20:35:17 [TestNG-test-Test-1] INFO  verifyingDisplayTypeFilterFunctionality_Laptop_20-32-11 - [verifyingDisplayTypeFilterFunctionality_Laptop_20-32-11] Within safeFindElements 
20:35:17 [TestNG-test-Test-1] INFO  verifyingDisplayTypeFilterFunctionality_Laptop_20-32-11 - [verifyingDisplayTypeFilterFunctionality_Laptop_20-32-11] Returning the  [[[ChromeDriver: chrome on windows (944d27ba16ea2b534cc2d24374c5cdd8)] -> xpath: //div[@data-cy='title-recipe']], [[ChromeDriver: chrome on windows (944d27ba16ea2b534cc2d24374c5cdd8)] -> xpath: //div[@data-cy='title-recipe']], [[ChromeDriver: chrome on windows (944d27ba16ea2b534cc2d24374c5cdd8)] -> xpath: //div[@data-cy='title-recipe']], [[ChromeDriver: chrome on windows (944d27ba16ea2b534cc2d24374c5cdd8)] -> xpath: //div[@data-cy='title-recipe']], [[ChromeDriver: chrome on windows (944d27ba16ea2b534cc2d24374c5cdd8)] -> xpath: //div[@data-cy='title-recipe']], [[ChromeDriver: chrome on windows (944d27ba16ea2b534cc2d24374c5cdd8)] -> xpath: //div[@data-cy='title-recipe']], [[ChromeDriver: chrome on windows (944d27ba16ea2b534cc2d24374c5cdd8)] -> xpath: //div[@data-cy='title-recipe']], [[ChromeDriver: chrome on windows (944d27ba16ea2b534cc2d24374c5cdd8)] -> xpath: //div[@data-cy='title-recipe']], [[ChromeDriver: chrome on windows (944d27ba16ea2b534cc2d24374c5cdd8)] -> xpath: //div[@data-cy='title-recipe']], [[ChromeDriver: chrome on windows (944d27ba16ea2b534cc2d24374c5cdd8)] -> xpath: //div[@data-cy='title-recipe']], [[ChromeDriver: chrome on windows (944d27ba16ea2b534cc2d24374c5cdd8)] -> xpath: //div[@data-cy='title-recipe']], [[ChromeDriver: chrome on windows (944d27ba16ea2b534cc2d24374c5cdd8)] -> xpath: //div[@data-cy='title-recipe']], [[ChromeDriver: chrome on windows (944d27ba16ea2b534cc2d24374c5cdd8)] -> xpath: //div[@data-cy='title-recipe']], [[ChromeDriver: chrome on windows (944d27ba16ea2b534cc2d24374c5cdd8)] -> xpath: //div[@data-cy='title-recipe']], [[ChromeDriver: chrome on windows (944d27ba16ea2b534cc2d24374c5cdd8)] -> xpath: //div[@data-cy='title-recipe']], [[ChromeDriver: chrome on windows (944d27ba16ea2b534cc2d24374c5cdd8)] -> xpath: //div[@data-cy='title-recipe']]] from the safeFindElements method
20:35:17 [TestNG-test-Test-1] INFO  verifyingDisplayTypeFilterFunctionality_Laptop_20-32-11 - [verifyingDisplayTypeFilterFunctionality_Laptop_20-32-11] Within productNameListingPage loop in applyFilterAndValidateProductsWithResult
20:35:17 [TestNG-test-Test-1] INFO  verifyingDisplayTypeFilterFunctionality_Laptop_20-32-11 - [verifyingDisplayTypeFilterFunctionality_Laptop_20-32-11] Within getProductByIndex method
20:35:17 [TestNG-test-Test-1] INFO  verifyingDisplayTypeFilterFunctionality_Laptop_20-32-11 - [verifyingDisplayTypeFilterFunctionality_Laptop_20-32-11] Within safeFindElement method
20:35:17 [TestNG-test-Test-1] INFO  verifyingDisplayTypeFilterFunctionality_Laptop_20-32-11 - [verifyingDisplayTypeFilterFunctionality_Laptop_20-32-11]Found the element returning it ,element ->[[ChromeDriver: chrome on windows (944d27ba16ea2b534cc2d24374c5cdd8)] -> xpath: (//div[@data-cy='title-recipe'])[12]]
20:35:17 [TestNG-test-Test-1] INFO  verifyingDisplayTypeFilterFunctionality_Laptop_20-32-11 - [verifyingDisplayTypeFilterFunctionality_Laptop_20-32-11] Within getProductByIndex method
20:35:17 [TestNG-test-Test-1] INFO  verifyingDisplayTypeFilterFunctionality_Laptop_20-32-11 - [verifyingDisplayTypeFilterFunctionality_Laptop_20-32-11] Within smoothScrollToElement method
20:35:17 [TestNG-test-Test-1] INFO  verifyingDisplayTypeFilterFunctionality_Laptop_20-32-11 - [verifyingDisplayTypeFilterFunctionality_Laptop_20-32-11] Within safeFindElement method
20:35:17 [TestNG-test-Test-1] INFO  verifyingDisplayTypeFilterFunctionality_Laptop_20-32-11 - [verifyingDisplayTypeFilterFunctionality_Laptop_20-32-11]Found the element returning it ,element ->[[ChromeDriver: chrome on windows (944d27ba16ea2b534cc2d24374c5cdd8)] -> xpath: (//div[@data-cy='title-recipe'])[12]]
20:35:17 [TestNG-test-Test-1] INFO  verifyingDisplayTypeFilterFunctionality_Laptop_20-32-11 - [verifyingDisplayTypeFilterFunctionality_Laptop_20-32-11] Successfully scrolled to element: By.xpath: (//div[@data-cy='title-recipe'])[12]
20:35:17 [TestNG-test-Test-1] INFO  verifyingDisplayTypeFilterFunctionality_Laptop_20-32-11 - [verifyingDisplayTypeFilterFunctionality_Laptop_20-32-11] Getting product by index in productNameListingPage loop
20:35:18 [TestNG-test-Test-1] INFO  verifyingDisplayTypeFilterFunctionality_Laptop_20-32-11 - [verifyingDisplayTypeFilterFunctionality_Laptop_20-32-11] Opened product in new tab via Ctrl+Click inside productNameListingPage loop
20:35:18 [TestNG-test-Test-1] INFO  verifyingDisplayTypeFilterFunctionality_Laptop_20-32-11 - [verifyingDisplayTypeFilterFunctionality_Laptop_20-32-11] Waiting for new window to open...
20:35:18 [TestNG-test-Test-1] INFO  verifyingDisplayTypeFilterFunctionality_Laptop_20-32-11 - [verifyingDisplayTypeFilterFunctionality_Laptop_20-32-11] Switched to new window -> 0D460EAA86EB9BC2CD88BA91803DD06F
20:35:18 [TestNG-test-Test-1] INFO  verifyingDisplayTypeFilterFunctionality_Laptop_20-32-11 - [verifyingDisplayTypeFilterFunctionality_Laptop_20-32-11] Swithcing to the new window  within productNameListingPage loop
20:35:18 [TestNG-test-Test-1] INFO  verifyingDisplayTypeFilterFunctionality_Laptop_20-32-11 - [verifyingDisplayTypeFilterFunctionality_Laptop_20-32-11] Clicked product name to open in new tab from productNameListingPage loop
20:35:18 [TestNG-test-Test-1] INFO  verifyingDisplayTypeFilterFunctionality_Laptop_20-32-11 - [verifyingDisplayTypeFilterFunctionality_Laptop_20-32-11] Within safeFindElement method
20:35:21 [TestNG-test-Test-1] INFO  verifyingDisplayTypeFilterFunctionality_Laptop_20-32-11 - [verifyingDisplayTypeFilterFunctionality_Laptop_20-32-11]Found the element returning it ,element ->[[ChromeDriver: chrome on windows (944d27ba16ea2b534cc2d24374c5cdd8)] -> xpath: //span[@id='productTitle']]
20:35:21 [TestNG-test-Test-1] INFO  verifyingDisplayTypeFilterFunctionality_Laptop_20-32-11 - [verifyingDisplayTypeFilterFunctionality_Laptop_20-32-11] Within safeFindElement method
20:35:21 [TestNG-test-Test-1] INFO  verifyingDisplayTypeFilterFunctionality_Laptop_20-32-11 - [verifyingDisplayTypeFilterFunctionality_Laptop_20-32-11]Found the element returning it ,element ->[[ChromeDriver: chrome on windows (944d27ba16ea2b534cc2d24374c5cdd8)] -> xpath: //div[@class='a-section a-spacing-small a-spacing-top-small']]
20:35:21 [TestNG-test-Test-1] INFO  verifyingDisplayTypeFilterFunctionality_Laptop_20-32-11 - [verifyingDisplayTypeFilterFunctionality_Laptop_20-32-11] Within safeFindElement method
20:35:22 [TestNG-test-Test-1] INFO  verifyingDisplayTypeFilterFunctionality_Laptop_20-32-11 - [verifyingDisplayTypeFilterFunctionality_Laptop_20-32-11]Found the element returning it ,element ->[[ChromeDriver: chrome on windows (944d27ba16ea2b534cc2d24374c5cdd8)] -> xpath: //div[@id='feature-bullets']]
20:35:22 [TestNG-test-Test-1] INFO  verifyingDisplayTypeFilterFunctionality_Laptop_20-32-11 - [verifyingDisplayTypeFilterFunctionality_Laptop_20-32-11] Within safeFindElement method
20:35:22 [TestNG-test-Test-1] INFO  verifyingDisplayTypeFilterFunctionality_Laptop_20-32-11 - [verifyingDisplayTypeFilterFunctionality_Laptop_20-32-11]Found the element returning it ,element ->[[ChromeDriver: chrome on windows (944d27ba16ea2b534cc2d24374c5cdd8)] -> xpath: //div[@id='prodDetails']]
20:35:22 [TestNG-test-Test-1] INFO  verifyingDisplayTypeFilterFunctionality_Laptop_20-32-11 - [verifyingDisplayTypeFilterFunctionality_Laptop_20-32-11] Extracting 'name' , 'keyFeatures', 'about' , 'techDetails' within productNameListingPage loop
20:35:22 [TestNG-test-Test-1] INFO  verifyingDisplayTypeFilterFunctionality_Laptop_20-32-11 - [verifyingDisplayTypeFilterFunctionality_Laptop_20-32-11] Waiting until element is visible in viewport
20:35:32 [TestNG-test-Test-1] INFO  verifyingDisplayTypeFilterFunctionality_Laptop_20-32-11 - [verifyingDisplayTypeFilterFunctionality_Laptop_20-32-11] Within smoothScrollToElement method
20:35:32 [TestNG-test-Test-1] INFO  verifyingDisplayTypeFilterFunctionality_Laptop_20-32-11 - [verifyingDisplayTypeFilterFunctionality_Laptop_20-32-11] Within safeFindElement method
20:35:32 [TestNG-test-Test-1] INFO  verifyingDisplayTypeFilterFunctionality_Laptop_20-32-11 - [verifyingDisplayTypeFilterFunctionality_Laptop_20-32-11]Found the element returning it ,element ->[[ChromeDriver: chrome on windows (944d27ba16ea2b534cc2d24374c5cdd8)] -> xpath: //a[@id='seeMoreDetailsLink']]
20:35:32 [TestNG-test-Test-1] INFO  verifyingDisplayTypeFilterFunctionality_Laptop_20-32-11 - [verifyingDisplayTypeFilterFunctionality_Laptop_20-32-11] Successfully scrolled to element: By.xpath: //a[@id='seeMoreDetailsLink']
20:35:32 [TestNG-test-Test-1] INFO  verifyingDisplayTypeFilterFunctionality_Laptop_20-32-11 - [verifyingDisplayTypeFilterFunctionality_Laptop_20-32-11] Within safeClick method
20:35:33 [TestNG-test-Test-1] INFO  verifyingDisplayTypeFilterFunctionality_Laptop_20-32-11 - [verifyingDisplayTypeFilterFunctionality_Laptop_20-32-11] Clicked the  [[ChromeDriver: chrome on windows (944d27ba16ea2b534cc2d24374c5cdd8)] -> xpath: //a[@id='seeMoreDetailsLink']]   using safeClick
20:35:33 [TestNG-test-Test-1] INFO  verifyingDisplayTypeFilterFunctionality_Laptop_20-32-11 - [verifyingDisplayTypeFilterFunctionality_Laptop_20-32-11] Within try block for clicking see more deatils within productNameListingPage loop
20:35:33 [TestNG-test-Test-1] INFO  verifyingDisplayTypeFilterFunctionality_Laptop_20-32-11 - [verifyingDisplayTypeFilterFunctionality_Laptop_20-32-11] Within closeCurrentWindowAndSwitchBack method
20:35:33 [TestNG-test-Test-1] INFO  verifyingDisplayTypeFilterFunctionality_Laptop_20-32-11 - [verifyingDisplayTypeFilterFunctionality_Laptop_20-32-11] Total open windows/tabs count -> 2
20:35:33 [TestNG-test-Test-1] INFO  verifyingDisplayTypeFilterFunctionality_Laptop_20-32-11 - [verifyingDisplayTypeFilterFunctionality_Laptop_20-32-11] Original window handle -> AA8B22BE0A8F774C28F62CC1C00B5AB3
20:35:33 [TestNG-test-Test-1] INFO  verifyingDisplayTypeFilterFunctionality_Laptop_20-32-11 - [verifyingDisplayTypeFilterFunctionality_Laptop_20-32-11] Found new tab/window handle -> 0D460EAA86EB9BC2CD88BA91803DD06F (will be closed)
20:35:33 [TestNG-test-Test-1] INFO  verifyingDisplayTypeFilterFunctionality_Laptop_20-32-11 - [verifyingDisplayTypeFilterFunctionality_Laptop_20-32-11] Successfully switched to new tab/window -> 0D460EAA86EB9BC2CD88BA91803DD06F
20:35:33 [TestNG-test-Test-1] INFO  verifyingDisplayTypeFilterFunctionality_Laptop_20-32-11 - [verifyingDisplayTypeFilterFunctionality_Laptop_20-32-11] Closed the newly opened tab/window -> 0D460EAA86EB9BC2CD88BA91803DD06F
20:35:33 [TestNG-test-Test-1] INFO  verifyingDisplayTypeFilterFunctionality_Laptop_20-32-11 - [verifyingDisplayTypeFilterFunctionality_Laptop_20-32-11] Switched back to the original window -> AA8B22BE0A8F774C28F62CC1C00B5AB3
20:35:33 [TestNG-test-Test-1] INFO  verifyingDisplayTypeFilterFunctionality_Laptop_20-32-11 - [verifyingDisplayTypeFilterFunctionality_Laptop_20-32-11]  going back to product listing via closeCurrentWindowAndSwitchBack 
20:35:33 [TestNG-test-Test-1] INFO  verifyingDisplayTypeFilterFunctionality_Laptop_20-32-11 - [verifyingDisplayTypeFilterFunctionality_Laptop_20-32-11]  Added 'filter','title','keyFeatures', 'about', 'techDetails' into the Map -> productResult
20:35:33 [TestNG-test-Test-1] INFO  verifyingDisplayTypeFilterFunctionality_Laptop_20-32-11 - [verifyingDisplayTypeFilterFunctionality_Laptop_20-32-11]  Added 'productResult' Map into the 'results' i.e list of maps 
20:35:33 [TestNG-test-Test-1] INFO  verifyingDisplayTypeFilterFunctionality_Laptop_20-32-11 - [verifyingDisplayTypeFilterFunctionality_Laptop_20-32-11]==========================================================================================================
20:35:33 [TestNG-test-Test-1] INFO  verifyingDisplayTypeFilterFunctionality_Laptop_20-32-11 - [verifyingDisplayTypeFilterFunctionality_Laptop_20-32-11] Within safeFindElements 
20:35:33 [TestNG-test-Test-1] INFO  verifyingDisplayTypeFilterFunctionality_Laptop_20-32-11 - [verifyingDisplayTypeFilterFunctionality_Laptop_20-32-11] Returning the  [[[ChromeDriver: chrome on windows (944d27ba16ea2b534cc2d24374c5cdd8)] -> xpath: //div[@data-cy='title-recipe']], [[ChromeDriver: chrome on windows (944d27ba16ea2b534cc2d24374c5cdd8)] -> xpath: //div[@data-cy='title-recipe']], [[ChromeDriver: chrome on windows (944d27ba16ea2b534cc2d24374c5cdd8)] -> xpath: //div[@data-cy='title-recipe']], [[ChromeDriver: chrome on windows (944d27ba16ea2b534cc2d24374c5cdd8)] -> xpath: //div[@data-cy='title-recipe']], [[ChromeDriver: chrome on windows (944d27ba16ea2b534cc2d24374c5cdd8)] -> xpath: //div[@data-cy='title-recipe']], [[ChromeDriver: chrome on windows (944d27ba16ea2b534cc2d24374c5cdd8)] -> xpath: //div[@data-cy='title-recipe']], [[ChromeDriver: chrome on windows (944d27ba16ea2b534cc2d24374c5cdd8)] -> xpath: //div[@data-cy='title-recipe']], [[ChromeDriver: chrome on windows (944d27ba16ea2b534cc2d24374c5cdd8)] -> xpath: //div[@data-cy='title-recipe']], [[ChromeDriver: chrome on windows (944d27ba16ea2b534cc2d24374c5cdd8)] -> xpath: //div[@data-cy='title-recipe']], [[ChromeDriver: chrome on windows (944d27ba16ea2b534cc2d24374c5cdd8)] -> xpath: //div[@data-cy='title-recipe']], [[ChromeDriver: chrome on windows (944d27ba16ea2b534cc2d24374c5cdd8)] -> xpath: //div[@data-cy='title-recipe']], [[ChromeDriver: chrome on windows (944d27ba16ea2b534cc2d24374c5cdd8)] -> xpath: //div[@data-cy='title-recipe']], [[ChromeDriver: chrome on windows (944d27ba16ea2b534cc2d24374c5cdd8)] -> xpath: //div[@data-cy='title-recipe']], [[ChromeDriver: chrome on windows (944d27ba16ea2b534cc2d24374c5cdd8)] -> xpath: //div[@data-cy='title-recipe']], [[ChromeDriver: chrome on windows (944d27ba16ea2b534cc2d24374c5cdd8)] -> xpath: //div[@data-cy='title-recipe']], [[ChromeDriver: chrome on windows (944d27ba16ea2b534cc2d24374c5cdd8)] -> xpath: //div[@data-cy='title-recipe']]] from the safeFindElements method
20:35:33 [TestNG-test-Test-1] INFO  verifyingDisplayTypeFilterFunctionality_Laptop_20-32-11 - [verifyingDisplayTypeFilterFunctionality_Laptop_20-32-11] Within productNameListingPage loop in applyFilterAndValidateProductsWithResult
20:35:33 [TestNG-test-Test-1] INFO  verifyingDisplayTypeFilterFunctionality_Laptop_20-32-11 - [verifyingDisplayTypeFilterFunctionality_Laptop_20-32-11] Within getProductByIndex method
20:35:33 [TestNG-test-Test-1] INFO  verifyingDisplayTypeFilterFunctionality_Laptop_20-32-11 - [verifyingDisplayTypeFilterFunctionality_Laptop_20-32-11] Within safeFindElement method
20:35:33 [TestNG-test-Test-1] INFO  verifyingDisplayTypeFilterFunctionality_Laptop_20-32-11 - [verifyingDisplayTypeFilterFunctionality_Laptop_20-32-11]Found the element returning it ,element ->[[ChromeDriver: chrome on windows (944d27ba16ea2b534cc2d24374c5cdd8)] -> xpath: (//div[@data-cy='title-recipe'])[13]]
20:35:33 [TestNG-test-Test-1] INFO  verifyingDisplayTypeFilterFunctionality_Laptop_20-32-11 - [verifyingDisplayTypeFilterFunctionality_Laptop_20-32-11] Within getProductByIndex method
20:35:33 [TestNG-test-Test-1] INFO  verifyingDisplayTypeFilterFunctionality_Laptop_20-32-11 - [verifyingDisplayTypeFilterFunctionality_Laptop_20-32-11] Within smoothScrollToElement method
20:35:33 [TestNG-test-Test-1] INFO  verifyingDisplayTypeFilterFunctionality_Laptop_20-32-11 - [verifyingDisplayTypeFilterFunctionality_Laptop_20-32-11] Within safeFindElement method
20:35:33 [TestNG-test-Test-1] INFO  verifyingDisplayTypeFilterFunctionality_Laptop_20-32-11 - [verifyingDisplayTypeFilterFunctionality_Laptop_20-32-11]Found the element returning it ,element ->[[ChromeDriver: chrome on windows (944d27ba16ea2b534cc2d24374c5cdd8)] -> xpath: (//div[@data-cy='title-recipe'])[13]]
20:35:34 [TestNG-test-Test-1] INFO  verifyingDisplayTypeFilterFunctionality_Laptop_20-32-11 - [verifyingDisplayTypeFilterFunctionality_Laptop_20-32-11] Successfully scrolled to element: By.xpath: (//div[@data-cy='title-recipe'])[13]
20:35:34 [TestNG-test-Test-1] INFO  verifyingDisplayTypeFilterFunctionality_Laptop_20-32-11 - [verifyingDisplayTypeFilterFunctionality_Laptop_20-32-11] Getting product by index in productNameListingPage loop
20:35:34 [TestNG-test-Test-1] INFO  verifyingDisplayTypeFilterFunctionality_Laptop_20-32-11 - [verifyingDisplayTypeFilterFunctionality_Laptop_20-32-11] Opened product in new tab via Ctrl+Click inside productNameListingPage loop
20:35:34 [TestNG-test-Test-1] INFO  verifyingDisplayTypeFilterFunctionality_Laptop_20-32-11 - [verifyingDisplayTypeFilterFunctionality_Laptop_20-32-11] Waiting for new window to open...
20:35:34 [TestNG-test-Test-1] INFO  verifyingDisplayTypeFilterFunctionality_Laptop_20-32-11 - [verifyingDisplayTypeFilterFunctionality_Laptop_20-32-11] Switched to new window -> F9295A8AB90BCC3920CB7915380D07FB
20:35:34 [TestNG-test-Test-1] INFO  verifyingDisplayTypeFilterFunctionality_Laptop_20-32-11 - [verifyingDisplayTypeFilterFunctionality_Laptop_20-32-11] Swithcing to the new window  within productNameListingPage loop
20:35:34 [TestNG-test-Test-1] INFO  verifyingDisplayTypeFilterFunctionality_Laptop_20-32-11 - [verifyingDisplayTypeFilterFunctionality_Laptop_20-32-11] Clicked product name to open in new tab from productNameListingPage loop
20:35:34 [TestNG-test-Test-1] INFO  verifyingDisplayTypeFilterFunctionality_Laptop_20-32-11 - [verifyingDisplayTypeFilterFunctionality_Laptop_20-32-11] Within safeFindElement method
20:35:36 [TestNG-test-Test-1] INFO  verifyingDisplayTypeFilterFunctionality_Laptop_20-32-11 - [verifyingDisplayTypeFilterFunctionality_Laptop_20-32-11]Found the element returning it ,element ->[[ChromeDriver: chrome on windows (944d27ba16ea2b534cc2d24374c5cdd8)] -> xpath: //span[@id='productTitle']]
20:35:36 [TestNG-test-Test-1] INFO  verifyingDisplayTypeFilterFunctionality_Laptop_20-32-11 - [verifyingDisplayTypeFilterFunctionality_Laptop_20-32-11] Within safeFindElement method
20:35:36 [TestNG-test-Test-1] INFO  verifyingDisplayTypeFilterFunctionality_Laptop_20-32-11 - [verifyingDisplayTypeFilterFunctionality_Laptop_20-32-11]Found the element returning it ,element ->[[ChromeDriver: chrome on windows (944d27ba16ea2b534cc2d24374c5cdd8)] -> xpath: //div[@class='a-section a-spacing-small a-spacing-top-small']]
20:35:36 [TestNG-test-Test-1] INFO  verifyingDisplayTypeFilterFunctionality_Laptop_20-32-11 - [verifyingDisplayTypeFilterFunctionality_Laptop_20-32-11] Within safeFindElement method
20:35:37 [TestNG-test-Test-1] INFO  verifyingDisplayTypeFilterFunctionality_Laptop_20-32-11 - [verifyingDisplayTypeFilterFunctionality_Laptop_20-32-11]Found the element returning it ,element ->[[ChromeDriver: chrome on windows (944d27ba16ea2b534cc2d24374c5cdd8)] -> xpath: //div[@id='feature-bullets']]
20:35:37 [TestNG-test-Test-1] INFO  verifyingDisplayTypeFilterFunctionality_Laptop_20-32-11 - [verifyingDisplayTypeFilterFunctionality_Laptop_20-32-11] Within safeFindElement method
20:35:37 [TestNG-test-Test-1] INFO  verifyingDisplayTypeFilterFunctionality_Laptop_20-32-11 - [verifyingDisplayTypeFilterFunctionality_Laptop_20-32-11]Found the element returning it ,element ->[[ChromeDriver: chrome on windows (944d27ba16ea2b534cc2d24374c5cdd8)] -> xpath: //div[@id='prodDetails']]
20:35:37 [TestNG-test-Test-1] INFO  verifyingDisplayTypeFilterFunctionality_Laptop_20-32-11 - [verifyingDisplayTypeFilterFunctionality_Laptop_20-32-11] Extracting 'name' , 'keyFeatures', 'about' , 'techDetails' within productNameListingPage loop
20:35:37 [TestNG-test-Test-1] INFO  verifyingDisplayTypeFilterFunctionality_Laptop_20-32-11 - [verifyingDisplayTypeFilterFunctionality_Laptop_20-32-11] Waiting until element is visible in viewport
20:35:47 [TestNG-test-Test-1] INFO  verifyingDisplayTypeFilterFunctionality_Laptop_20-32-11 - [verifyingDisplayTypeFilterFunctionality_Laptop_20-32-11] Within smoothScrollToElement method
20:35:47 [TestNG-test-Test-1] INFO  verifyingDisplayTypeFilterFunctionality_Laptop_20-32-11 - [verifyingDisplayTypeFilterFunctionality_Laptop_20-32-11] Within safeFindElement method
20:35:47 [TestNG-test-Test-1] INFO  verifyingDisplayTypeFilterFunctionality_Laptop_20-32-11 - [verifyingDisplayTypeFilterFunctionality_Laptop_20-32-11]Found the element returning it ,element ->[[ChromeDriver: chrome on windows (944d27ba16ea2b534cc2d24374c5cdd8)] -> xpath: //a[@id='seeMoreDetailsLink']]
20:35:47 [TestNG-test-Test-1] INFO  verifyingDisplayTypeFilterFunctionality_Laptop_20-32-11 - [verifyingDisplayTypeFilterFunctionality_Laptop_20-32-11] Successfully scrolled to element: By.xpath: //a[@id='seeMoreDetailsLink']
20:35:47 [TestNG-test-Test-1] INFO  verifyingDisplayTypeFilterFunctionality_Laptop_20-32-11 - [verifyingDisplayTypeFilterFunctionality_Laptop_20-32-11] Within safeClick method
20:35:48 [TestNG-test-Test-1] INFO  verifyingDisplayTypeFilterFunctionality_Laptop_20-32-11 - [verifyingDisplayTypeFilterFunctionality_Laptop_20-32-11] Clicked the  [[ChromeDriver: chrome on windows (944d27ba16ea2b534cc2d24374c5cdd8)] -> xpath: //a[@id='seeMoreDetailsLink']]   using safeClick
20:35:48 [TestNG-test-Test-1] INFO  verifyingDisplayTypeFilterFunctionality_Laptop_20-32-11 - [verifyingDisplayTypeFilterFunctionality_Laptop_20-32-11] Within try block for clicking see more deatils within productNameListingPage loop
20:35:48 [TestNG-test-Test-1] INFO  verifyingDisplayTypeFilterFunctionality_Laptop_20-32-11 - [verifyingDisplayTypeFilterFunctionality_Laptop_20-32-11] Within closeCurrentWindowAndSwitchBack method
20:35:48 [TestNG-test-Test-1] INFO  verifyingDisplayTypeFilterFunctionality_Laptop_20-32-11 - [verifyingDisplayTypeFilterFunctionality_Laptop_20-32-11] Total open windows/tabs count -> 2
20:35:48 [TestNG-test-Test-1] INFO  verifyingDisplayTypeFilterFunctionality_Laptop_20-32-11 - [verifyingDisplayTypeFilterFunctionality_Laptop_20-32-11] Original window handle -> AA8B22BE0A8F774C28F62CC1C00B5AB3
20:35:48 [TestNG-test-Test-1] INFO  verifyingDisplayTypeFilterFunctionality_Laptop_20-32-11 - [verifyingDisplayTypeFilterFunctionality_Laptop_20-32-11] Found new tab/window handle -> F9295A8AB90BCC3920CB7915380D07FB (will be closed)
20:35:48 [TestNG-test-Test-1] INFO  verifyingDisplayTypeFilterFunctionality_Laptop_20-32-11 - [verifyingDisplayTypeFilterFunctionality_Laptop_20-32-11] Successfully switched to new tab/window -> F9295A8AB90BCC3920CB7915380D07FB
20:35:48 [TestNG-test-Test-1] INFO  verifyingDisplayTypeFilterFunctionality_Laptop_20-32-11 - [verifyingDisplayTypeFilterFunctionality_Laptop_20-32-11] Closed the newly opened tab/window -> F9295A8AB90BCC3920CB7915380D07FB
20:35:48 [TestNG-test-Test-1] INFO  verifyingDisplayTypeFilterFunctionality_Laptop_20-32-11 - [verifyingDisplayTypeFilterFunctionality_Laptop_20-32-11] Switched back to the original window -> AA8B22BE0A8F774C28F62CC1C00B5AB3
20:35:48 [TestNG-test-Test-1] INFO  verifyingDisplayTypeFilterFunctionality_Laptop_20-32-11 - [verifyingDisplayTypeFilterFunctionality_Laptop_20-32-11]  going back to product listing via closeCurrentWindowAndSwitchBack 
20:35:48 [TestNG-test-Test-1] INFO  verifyingDisplayTypeFilterFunctionality_Laptop_20-32-11 - [verifyingDisplayTypeFilterFunctionality_Laptop_20-32-11]  Added 'filter','title','keyFeatures', 'about', 'techDetails' into the Map -> productResult
20:35:48 [TestNG-test-Test-1] INFO  verifyingDisplayTypeFilterFunctionality_Laptop_20-32-11 - [verifyingDisplayTypeFilterFunctionality_Laptop_20-32-11]  Added 'productResult' Map into the 'results' i.e list of maps 
20:35:48 [TestNG-test-Test-1] INFO  verifyingDisplayTypeFilterFunctionality_Laptop_20-32-11 - [verifyingDisplayTypeFilterFunctionality_Laptop_20-32-11]==========================================================================================================
20:35:48 [TestNG-test-Test-1] INFO  verifyingDisplayTypeFilterFunctionality_Laptop_20-32-11 - [verifyingDisplayTypeFilterFunctionality_Laptop_20-32-11] Within safeFindElements 
20:35:48 [TestNG-test-Test-1] INFO  verifyingDisplayTypeFilterFunctionality_Laptop_20-32-11 - [verifyingDisplayTypeFilterFunctionality_Laptop_20-32-11] Returning the  [[[ChromeDriver: chrome on windows (944d27ba16ea2b534cc2d24374c5cdd8)] -> xpath: //div[@data-cy='title-recipe']], [[ChromeDriver: chrome on windows (944d27ba16ea2b534cc2d24374c5cdd8)] -> xpath: //div[@data-cy='title-recipe']], [[ChromeDriver: chrome on windows (944d27ba16ea2b534cc2d24374c5cdd8)] -> xpath: //div[@data-cy='title-recipe']], [[ChromeDriver: chrome on windows (944d27ba16ea2b534cc2d24374c5cdd8)] -> xpath: //div[@data-cy='title-recipe']], [[ChromeDriver: chrome on windows (944d27ba16ea2b534cc2d24374c5cdd8)] -> xpath: //div[@data-cy='title-recipe']], [[ChromeDriver: chrome on windows (944d27ba16ea2b534cc2d24374c5cdd8)] -> xpath: //div[@data-cy='title-recipe']], [[ChromeDriver: chrome on windows (944d27ba16ea2b534cc2d24374c5cdd8)] -> xpath: //div[@data-cy='title-recipe']], [[ChromeDriver: chrome on windows (944d27ba16ea2b534cc2d24374c5cdd8)] -> xpath: //div[@data-cy='title-recipe']], [[ChromeDriver: chrome on windows (944d27ba16ea2b534cc2d24374c5cdd8)] -> xpath: //div[@data-cy='title-recipe']], [[ChromeDriver: chrome on windows (944d27ba16ea2b534cc2d24374c5cdd8)] -> xpath: //div[@data-cy='title-recipe']], [[ChromeDriver: chrome on windows (944d27ba16ea2b534cc2d24374c5cdd8)] -> xpath: //div[@data-cy='title-recipe']], [[ChromeDriver: chrome on windows (944d27ba16ea2b534cc2d24374c5cdd8)] -> xpath: //div[@data-cy='title-recipe']], [[ChromeDriver: chrome on windows (944d27ba16ea2b534cc2d24374c5cdd8)] -> xpath: //div[@data-cy='title-recipe']], [[ChromeDriver: chrome on windows (944d27ba16ea2b534cc2d24374c5cdd8)] -> xpath: //div[@data-cy='title-recipe']], [[ChromeDriver: chrome on windows (944d27ba16ea2b534cc2d24374c5cdd8)] -> xpath: //div[@data-cy='title-recipe']], [[ChromeDriver: chrome on windows (944d27ba16ea2b534cc2d24374c5cdd8)] -> xpath: //div[@data-cy='title-recipe']]] from the safeFindElements method
20:35:48 [TestNG-test-Test-1] INFO  verifyingDisplayTypeFilterFunctionality_Laptop_20-32-11 - [verifyingDisplayTypeFilterFunctionality_Laptop_20-32-11] Within productNameListingPage loop in applyFilterAndValidateProductsWithResult
20:35:48 [TestNG-test-Test-1] INFO  verifyingDisplayTypeFilterFunctionality_Laptop_20-32-11 - [verifyingDisplayTypeFilterFunctionality_Laptop_20-32-11] Within getProductByIndex method
20:35:48 [TestNG-test-Test-1] INFO  verifyingDisplayTypeFilterFunctionality_Laptop_20-32-11 - [verifyingDisplayTypeFilterFunctionality_Laptop_20-32-11] Within safeFindElement method
20:35:49 [TestNG-test-Test-1] INFO  verifyingDisplayTypeFilterFunctionality_Laptop_20-32-11 - [verifyingDisplayTypeFilterFunctionality_Laptop_20-32-11]Found the element returning it ,element ->[[ChromeDriver: chrome on windows (944d27ba16ea2b534cc2d24374c5cdd8)] -> xpath: (//div[@data-cy='title-recipe'])[14]]
20:35:49 [TestNG-test-Test-1] INFO  verifyingDisplayTypeFilterFunctionality_Laptop_20-32-11 - [verifyingDisplayTypeFilterFunctionality_Laptop_20-32-11] Within getProductByIndex method
20:35:49 [TestNG-test-Test-1] INFO  verifyingDisplayTypeFilterFunctionality_Laptop_20-32-11 - [verifyingDisplayTypeFilterFunctionality_Laptop_20-32-11] Within smoothScrollToElement method
20:35:49 [TestNG-test-Test-1] INFO  verifyingDisplayTypeFilterFunctionality_Laptop_20-32-11 - [verifyingDisplayTypeFilterFunctionality_Laptop_20-32-11] Within safeFindElement method
20:35:49 [TestNG-test-Test-1] INFO  verifyingDisplayTypeFilterFunctionality_Laptop_20-32-11 - [verifyingDisplayTypeFilterFunctionality_Laptop_20-32-11]Found the element returning it ,element ->[[ChromeDriver: chrome on windows (944d27ba16ea2b534cc2d24374c5cdd8)] -> xpath: (//div[@data-cy='title-recipe'])[14]]
20:35:49 [TestNG-test-Test-1] INFO  verifyingDisplayTypeFilterFunctionality_Laptop_20-32-11 - [verifyingDisplayTypeFilterFunctionality_Laptop_20-32-11] Successfully scrolled to element: By.xpath: (//div[@data-cy='title-recipe'])[14]
20:35:49 [TestNG-test-Test-1] INFO  verifyingDisplayTypeFilterFunctionality_Laptop_20-32-11 - [verifyingDisplayTypeFilterFunctionality_Laptop_20-32-11] Getting product by index in productNameListingPage loop
20:35:49 [TestNG-test-Test-1] INFO  verifyingDisplayTypeFilterFunctionality_Laptop_20-32-11 - [verifyingDisplayTypeFilterFunctionality_Laptop_20-32-11] Opened product in new tab via Ctrl+Click inside productNameListingPage loop
20:35:49 [TestNG-test-Test-1] INFO  verifyingDisplayTypeFilterFunctionality_Laptop_20-32-11 - [verifyingDisplayTypeFilterFunctionality_Laptop_20-32-11] Waiting for new window to open...
20:35:49 [TestNG-test-Test-1] INFO  verifyingDisplayTypeFilterFunctionality_Laptop_20-32-11 - [verifyingDisplayTypeFilterFunctionality_Laptop_20-32-11] Switched to new window -> 588EFC74A105BBBDED8D4E3A7AB061CD
20:35:49 [TestNG-test-Test-1] INFO  verifyingDisplayTypeFilterFunctionality_Laptop_20-32-11 - [verifyingDisplayTypeFilterFunctionality_Laptop_20-32-11] Swithcing to the new window  within productNameListingPage loop
20:35:49 [TestNG-test-Test-1] INFO  verifyingDisplayTypeFilterFunctionality_Laptop_20-32-11 - [verifyingDisplayTypeFilterFunctionality_Laptop_20-32-11] Clicked product name to open in new tab from productNameListingPage loop
20:35:49 [TestNG-test-Test-1] INFO  verifyingDisplayTypeFilterFunctionality_Laptop_20-32-11 - [verifyingDisplayTypeFilterFunctionality_Laptop_20-32-11] Within safeFindElement method
20:35:52 [TestNG-test-Test-1] INFO  verifyingDisplayTypeFilterFunctionality_Laptop_20-32-11 - [verifyingDisplayTypeFilterFunctionality_Laptop_20-32-11]Found the element returning it ,element ->[[ChromeDriver: chrome on windows (944d27ba16ea2b534cc2d24374c5cdd8)] -> xpath: //span[@id='productTitle']]
20:35:52 [TestNG-test-Test-1] INFO  verifyingDisplayTypeFilterFunctionality_Laptop_20-32-11 - [verifyingDisplayTypeFilterFunctionality_Laptop_20-32-11] Within safeFindElement method
20:35:52 [TestNG-test-Test-1] INFO  verifyingDisplayTypeFilterFunctionality_Laptop_20-32-11 - [verifyingDisplayTypeFilterFunctionality_Laptop_20-32-11]Found the element returning it ,element ->[[ChromeDriver: chrome on windows (944d27ba16ea2b534cc2d24374c5cdd8)] -> xpath: //div[@class='a-section a-spacing-small a-spacing-top-small']]
20:35:52 [TestNG-test-Test-1] INFO  verifyingDisplayTypeFilterFunctionality_Laptop_20-32-11 - [verifyingDisplayTypeFilterFunctionality_Laptop_20-32-11] Within safeFindElement method
20:35:52 [TestNG-test-Test-1] INFO  verifyingDisplayTypeFilterFunctionality_Laptop_20-32-11 - [verifyingDisplayTypeFilterFunctionality_Laptop_20-32-11]Found the element returning it ,element ->[[ChromeDriver: chrome on windows (944d27ba16ea2b534cc2d24374c5cdd8)] -> xpath: //div[@id='feature-bullets']]
20:35:52 [TestNG-test-Test-1] INFO  verifyingDisplayTypeFilterFunctionality_Laptop_20-32-11 - [verifyingDisplayTypeFilterFunctionality_Laptop_20-32-11] Within safeFindElement method
20:35:52 [TestNG-test-Test-1] INFO  verifyingDisplayTypeFilterFunctionality_Laptop_20-32-11 - [verifyingDisplayTypeFilterFunctionality_Laptop_20-32-11]Found the element returning it ,element ->[[ChromeDriver: chrome on windows (944d27ba16ea2b534cc2d24374c5cdd8)] -> xpath: //div[@id='prodDetails']]
20:35:52 [TestNG-test-Test-1] INFO  verifyingDisplayTypeFilterFunctionality_Laptop_20-32-11 - [verifyingDisplayTypeFilterFunctionality_Laptop_20-32-11] Extracting 'name' , 'keyFeatures', 'about' , 'techDetails' within productNameListingPage loop
20:35:52 [TestNG-test-Test-1] INFO  verifyingDisplayTypeFilterFunctionality_Laptop_20-32-11 - [verifyingDisplayTypeFilterFunctionality_Laptop_20-32-11] Waiting until element is visible in viewport
20:36:03 [TestNG-test-Test-1] INFO  verifyingDisplayTypeFilterFunctionality_Laptop_20-32-11 - [verifyingDisplayTypeFilterFunctionality_Laptop_20-32-11] Within smoothScrollToElement method
20:36:03 [TestNG-test-Test-1] INFO  verifyingDisplayTypeFilterFunctionality_Laptop_20-32-11 - [verifyingDisplayTypeFilterFunctionality_Laptop_20-32-11] Within safeFindElement method
20:36:03 [TestNG-test-Test-1] INFO  verifyingDisplayTypeFilterFunctionality_Laptop_20-32-11 - [verifyingDisplayTypeFilterFunctionality_Laptop_20-32-11]Found the element returning it ,element ->[[ChromeDriver: chrome on windows (944d27ba16ea2b534cc2d24374c5cdd8)] -> xpath: //a[@id='seeMoreDetailsLink']]
20:36:03 [TestNG-test-Test-1] INFO  verifyingDisplayTypeFilterFunctionality_Laptop_20-32-11 - [verifyingDisplayTypeFilterFunctionality_Laptop_20-32-11] Successfully scrolled to element: By.xpath: //a[@id='seeMoreDetailsLink']
20:36:03 [TestNG-test-Test-1] INFO  verifyingDisplayTypeFilterFunctionality_Laptop_20-32-11 - [verifyingDisplayTypeFilterFunctionality_Laptop_20-32-11] Within safeClick method
20:36:03 [TestNG-test-Test-1] INFO  verifyingDisplayTypeFilterFunctionality_Laptop_20-32-11 - [verifyingDisplayTypeFilterFunctionality_Laptop_20-32-11] Clicked the  [[ChromeDriver: chrome on windows (944d27ba16ea2b534cc2d24374c5cdd8)] -> xpath: //a[@id='seeMoreDetailsLink']]   using safeClick
20:36:03 [TestNG-test-Test-1] INFO  verifyingDisplayTypeFilterFunctionality_Laptop_20-32-11 - [verifyingDisplayTypeFilterFunctionality_Laptop_20-32-11] Within try block for clicking see more deatils within productNameListingPage loop
20:36:03 [TestNG-test-Test-1] INFO  verifyingDisplayTypeFilterFunctionality_Laptop_20-32-11 - [verifyingDisplayTypeFilterFunctionality_Laptop_20-32-11] Within closeCurrentWindowAndSwitchBack method
20:36:03 [TestNG-test-Test-1] INFO  verifyingDisplayTypeFilterFunctionality_Laptop_20-32-11 - [verifyingDisplayTypeFilterFunctionality_Laptop_20-32-11] Total open windows/tabs count -> 2
20:36:03 [TestNG-test-Test-1] INFO  verifyingDisplayTypeFilterFunctionality_Laptop_20-32-11 - [verifyingDisplayTypeFilterFunctionality_Laptop_20-32-11] Original window handle -> AA8B22BE0A8F774C28F62CC1C00B5AB3
20:36:03 [TestNG-test-Test-1] INFO  verifyingDisplayTypeFilterFunctionality_Laptop_20-32-11 - [verifyingDisplayTypeFilterFunctionality_Laptop_20-32-11] Found new tab/window handle -> 588EFC74A105BBBDED8D4E3A7AB061CD (will be closed)
20:36:03 [TestNG-test-Test-1] INFO  verifyingDisplayTypeFilterFunctionality_Laptop_20-32-11 - [verifyingDisplayTypeFilterFunctionality_Laptop_20-32-11] Successfully switched to new tab/window -> 588EFC74A105BBBDED8D4E3A7AB061CD
20:36:03 [TestNG-test-Test-1] INFO  verifyingDisplayTypeFilterFunctionality_Laptop_20-32-11 - [verifyingDisplayTypeFilterFunctionality_Laptop_20-32-11] Closed the newly opened tab/window -> 588EFC74A105BBBDED8D4E3A7AB061CD
20:36:03 [TestNG-test-Test-1] INFO  verifyingDisplayTypeFilterFunctionality_Laptop_20-32-11 - [verifyingDisplayTypeFilterFunctionality_Laptop_20-32-11] Switched back to the original window -> AA8B22BE0A8F774C28F62CC1C00B5AB3
20:36:03 [TestNG-test-Test-1] INFO  verifyingDisplayTypeFilterFunctionality_Laptop_20-32-11 - [verifyingDisplayTypeFilterFunctionality_Laptop_20-32-11]  going back to product listing via closeCurrentWindowAndSwitchBack 
20:36:03 [TestNG-test-Test-1] INFO  verifyingDisplayTypeFilterFunctionality_Laptop_20-32-11 - [verifyingDisplayTypeFilterFunctionality_Laptop_20-32-11]  Added 'filter','title','keyFeatures', 'about', 'techDetails' into the Map -> productResult
20:36:03 [TestNG-test-Test-1] INFO  verifyingDisplayTypeFilterFunctionality_Laptop_20-32-11 - [verifyingDisplayTypeFilterFunctionality_Laptop_20-32-11]  Added 'productResult' Map into the 'results' i.e list of maps 
20:36:03 [TestNG-test-Test-1] INFO  verifyingDisplayTypeFilterFunctionality_Laptop_20-32-11 - [verifyingDisplayTypeFilterFunctionality_Laptop_20-32-11]==========================================================================================================
20:36:03 [TestNG-test-Test-1] INFO  verifyingDisplayTypeFilterFunctionality_Laptop_20-32-11 - [verifyingDisplayTypeFilterFunctionality_Laptop_20-32-11] Within safeFindElements 
20:36:03 [TestNG-test-Test-1] INFO  verifyingDisplayTypeFilterFunctionality_Laptop_20-32-11 - [verifyingDisplayTypeFilterFunctionality_Laptop_20-32-11] Returning the  [[[ChromeDriver: chrome on windows (944d27ba16ea2b534cc2d24374c5cdd8)] -> xpath: //div[@data-cy='title-recipe']], [[ChromeDriver: chrome on windows (944d27ba16ea2b534cc2d24374c5cdd8)] -> xpath: //div[@data-cy='title-recipe']], [[ChromeDriver: chrome on windows (944d27ba16ea2b534cc2d24374c5cdd8)] -> xpath: //div[@data-cy='title-recipe']], [[ChromeDriver: chrome on windows (944d27ba16ea2b534cc2d24374c5cdd8)] -> xpath: //div[@data-cy='title-recipe']], [[ChromeDriver: chrome on windows (944d27ba16ea2b534cc2d24374c5cdd8)] -> xpath: //div[@data-cy='title-recipe']], [[ChromeDriver: chrome on windows (944d27ba16ea2b534cc2d24374c5cdd8)] -> xpath: //div[@data-cy='title-recipe']], [[ChromeDriver: chrome on windows (944d27ba16ea2b534cc2d24374c5cdd8)] -> xpath: //div[@data-cy='title-recipe']], [[ChromeDriver: chrome on windows (944d27ba16ea2b534cc2d24374c5cdd8)] -> xpath: //div[@data-cy='title-recipe']], [[ChromeDriver: chrome on windows (944d27ba16ea2b534cc2d24374c5cdd8)] -> xpath: //div[@data-cy='title-recipe']], [[ChromeDriver: chrome on windows (944d27ba16ea2b534cc2d24374c5cdd8)] -> xpath: //div[@data-cy='title-recipe']], [[ChromeDriver: chrome on windows (944d27ba16ea2b534cc2d24374c5cdd8)] -> xpath: //div[@data-cy='title-recipe']], [[ChromeDriver: chrome on windows (944d27ba16ea2b534cc2d24374c5cdd8)] -> xpath: //div[@data-cy='title-recipe']], [[ChromeDriver: chrome on windows (944d27ba16ea2b534cc2d24374c5cdd8)] -> xpath: //div[@data-cy='title-recipe']], [[ChromeDriver: chrome on windows (944d27ba16ea2b534cc2d24374c5cdd8)] -> xpath: //div[@data-cy='title-recipe']], [[ChromeDriver: chrome on windows (944d27ba16ea2b534cc2d24374c5cdd8)] -> xpath: //div[@data-cy='title-recipe']], [[ChromeDriver: chrome on windows (944d27ba16ea2b534cc2d24374c5cdd8)] -> xpath: //div[@data-cy='title-recipe']]] from the safeFindElements method
20:36:03 [TestNG-test-Test-1] INFO  verifyingDisplayTypeFilterFunctionality_Laptop_20-32-11 - [verifyingDisplayTypeFilterFunctionality_Laptop_20-32-11] Within productNameListingPage loop in applyFilterAndValidateProductsWithResult
20:36:03 [TestNG-test-Test-1] INFO  verifyingDisplayTypeFilterFunctionality_Laptop_20-32-11 - [verifyingDisplayTypeFilterFunctionality_Laptop_20-32-11] Within getProductByIndex method
20:36:03 [TestNG-test-Test-1] INFO  verifyingDisplayTypeFilterFunctionality_Laptop_20-32-11 - [verifyingDisplayTypeFilterFunctionality_Laptop_20-32-11] Within safeFindElement method
20:36:03 [TestNG-test-Test-1] INFO  verifyingDisplayTypeFilterFunctionality_Laptop_20-32-11 - [verifyingDisplayTypeFilterFunctionality_Laptop_20-32-11]Found the element returning it ,element ->[[ChromeDriver: chrome on windows (944d27ba16ea2b534cc2d24374c5cdd8)] -> xpath: (//div[@data-cy='title-recipe'])[15]]
20:36:03 [TestNG-test-Test-1] INFO  verifyingDisplayTypeFilterFunctionality_Laptop_20-32-11 - [verifyingDisplayTypeFilterFunctionality_Laptop_20-32-11] Within getProductByIndex method
20:36:03 [TestNG-test-Test-1] INFO  verifyingDisplayTypeFilterFunctionality_Laptop_20-32-11 - [verifyingDisplayTypeFilterFunctionality_Laptop_20-32-11] Within smoothScrollToElement method
20:36:03 [TestNG-test-Test-1] INFO  verifyingDisplayTypeFilterFunctionality_Laptop_20-32-11 - [verifyingDisplayTypeFilterFunctionality_Laptop_20-32-11] Within safeFindElement method
20:36:03 [TestNG-test-Test-1] INFO  verifyingDisplayTypeFilterFunctionality_Laptop_20-32-11 - [verifyingDisplayTypeFilterFunctionality_Laptop_20-32-11]Found the element returning it ,element ->[[ChromeDriver: chrome on windows (944d27ba16ea2b534cc2d24374c5cdd8)] -> xpath: (//div[@data-cy='title-recipe'])[15]]
20:36:03 [TestNG-test-Test-1] INFO  verifyingDisplayTypeFilterFunctionality_Laptop_20-32-11 - [verifyingDisplayTypeFilterFunctionality_Laptop_20-32-11] Successfully scrolled to element: By.xpath: (//div[@data-cy='title-recipe'])[15]
20:36:03 [TestNG-test-Test-1] INFO  verifyingDisplayTypeFilterFunctionality_Laptop_20-32-11 - [verifyingDisplayTypeFilterFunctionality_Laptop_20-32-11] Getting product by index in productNameListingPage loop
20:36:03 [TestNG-test-Test-1] INFO  verifyingDisplayTypeFilterFunctionality_Laptop_20-32-11 - [verifyingDisplayTypeFilterFunctionality_Laptop_20-32-11] Opened product in new tab via Ctrl+Click inside productNameListingPage loop
20:36:03 [TestNG-test-Test-1] INFO  verifyingDisplayTypeFilterFunctionality_Laptop_20-32-11 - [verifyingDisplayTypeFilterFunctionality_Laptop_20-32-11] Waiting for new window to open...
20:36:03 [TestNG-test-Test-1] INFO  verifyingDisplayTypeFilterFunctionality_Laptop_20-32-11 - [verifyingDisplayTypeFilterFunctionality_Laptop_20-32-11] Switched to new window -> 4D5BE4BFBD15DEB4A7372A8AB204C9A5
20:36:03 [TestNG-test-Test-1] INFO  verifyingDisplayTypeFilterFunctionality_Laptop_20-32-11 - [verifyingDisplayTypeFilterFunctionality_Laptop_20-32-11] Swithcing to the new window  within productNameListingPage loop
20:36:03 [TestNG-test-Test-1] INFO  verifyingDisplayTypeFilterFunctionality_Laptop_20-32-11 - [verifyingDisplayTypeFilterFunctionality_Laptop_20-32-11] Clicked product name to open in new tab from productNameListingPage loop
20:36:03 [TestNG-test-Test-1] INFO  verifyingDisplayTypeFilterFunctionality_Laptop_20-32-11 - [verifyingDisplayTypeFilterFunctionality_Laptop_20-32-11] Within safeFindElement method
20:36:07 [TestNG-test-Test-1] INFO  verifyingDisplayTypeFilterFunctionality_Laptop_20-32-11 - [verifyingDisplayTypeFilterFunctionality_Laptop_20-32-11]Found the element returning it ,element ->[[ChromeDriver: chrome on windows (944d27ba16ea2b534cc2d24374c5cdd8)] -> xpath: //span[@id='productTitle']]
20:36:07 [TestNG-test-Test-1] INFO  verifyingDisplayTypeFilterFunctionality_Laptop_20-32-11 - [verifyingDisplayTypeFilterFunctionality_Laptop_20-32-11] Within safeFindElement method
20:36:07 [TestNG-test-Test-1] INFO  verifyingDisplayTypeFilterFunctionality_Laptop_20-32-11 - [verifyingDisplayTypeFilterFunctionality_Laptop_20-32-11]Found the element returning it ,element ->[[ChromeDriver: chrome on windows (944d27ba16ea2b534cc2d24374c5cdd8)] -> xpath: //div[@class='a-section a-spacing-small a-spacing-top-small']]
20:36:07 [TestNG-test-Test-1] INFO  verifyingDisplayTypeFilterFunctionality_Laptop_20-32-11 - [verifyingDisplayTypeFilterFunctionality_Laptop_20-32-11] Within safeFindElement method
20:36:07 [TestNG-test-Test-1] INFO  verifyingDisplayTypeFilterFunctionality_Laptop_20-32-11 - [verifyingDisplayTypeFilterFunctionality_Laptop_20-32-11]Found the element returning it ,element ->[[ChromeDriver: chrome on windows (944d27ba16ea2b534cc2d24374c5cdd8)] -> xpath: //div[@id='feature-bullets']]
20:36:07 [TestNG-test-Test-1] INFO  verifyingDisplayTypeFilterFunctionality_Laptop_20-32-11 - [verifyingDisplayTypeFilterFunctionality_Laptop_20-32-11] Within safeFindElement method
20:36:07 [TestNG-test-Test-1] INFO  verifyingDisplayTypeFilterFunctionality_Laptop_20-32-11 - [verifyingDisplayTypeFilterFunctionality_Laptop_20-32-11]Found the element returning it ,element ->[[ChromeDriver: chrome on windows (944d27ba16ea2b534cc2d24374c5cdd8)] -> xpath: //div[@id='prodDetails']]
20:36:07 [TestNG-test-Test-1] INFO  verifyingDisplayTypeFilterFunctionality_Laptop_20-32-11 - [verifyingDisplayTypeFilterFunctionality_Laptop_20-32-11] Extracting 'name' , 'keyFeatures', 'about' , 'techDetails' within productNameListingPage loop
20:36:07 [TestNG-test-Test-1] INFO  verifyingDisplayTypeFilterFunctionality_Laptop_20-32-11 - [verifyingDisplayTypeFilterFunctionality_Laptop_20-32-11] Waiting until element is visible in viewport
20:36:18 [TestNG-test-Test-1] INFO  verifyingDisplayTypeFilterFunctionality_Laptop_20-32-11 - [verifyingDisplayTypeFilterFunctionality_Laptop_20-32-11] Within smoothScrollToElement method
20:36:18 [TestNG-test-Test-1] INFO  verifyingDisplayTypeFilterFunctionality_Laptop_20-32-11 - [verifyingDisplayTypeFilterFunctionality_Laptop_20-32-11] Within safeFindElement method
20:36:18 [TestNG-test-Test-1] INFO  verifyingDisplayTypeFilterFunctionality_Laptop_20-32-11 - [verifyingDisplayTypeFilterFunctionality_Laptop_20-32-11]Found the element returning it ,element ->[[ChromeDriver: chrome on windows (944d27ba16ea2b534cc2d24374c5cdd8)] -> xpath: //a[@id='seeMoreDetailsLink']]
20:36:18 [TestNG-test-Test-1] INFO  verifyingDisplayTypeFilterFunctionality_Laptop_20-32-11 - [verifyingDisplayTypeFilterFunctionality_Laptop_20-32-11] Successfully scrolled to element: By.xpath: //a[@id='seeMoreDetailsLink']
20:36:18 [TestNG-test-Test-1] INFO  verifyingDisplayTypeFilterFunctionality_Laptop_20-32-11 - [verifyingDisplayTypeFilterFunctionality_Laptop_20-32-11] Within safeClick method
20:36:18 [TestNG-test-Test-1] INFO  verifyingDisplayTypeFilterFunctionality_Laptop_20-32-11 - [verifyingDisplayTypeFilterFunctionality_Laptop_20-32-11] Clicked the  [[ChromeDriver: chrome on windows (944d27ba16ea2b534cc2d24374c5cdd8)] -> xpath: //a[@id='seeMoreDetailsLink']]   using safeClick
20:36:18 [TestNG-test-Test-1] INFO  verifyingDisplayTypeFilterFunctionality_Laptop_20-32-11 - [verifyingDisplayTypeFilterFunctionality_Laptop_20-32-11] Within try block for clicking see more deatils within productNameListingPage loop
20:36:18 [TestNG-test-Test-1] INFO  verifyingDisplayTypeFilterFunctionality_Laptop_20-32-11 - [verifyingDisplayTypeFilterFunctionality_Laptop_20-32-11] Within closeCurrentWindowAndSwitchBack method
20:36:18 [TestNG-test-Test-1] INFO  verifyingDisplayTypeFilterFunctionality_Laptop_20-32-11 - [verifyingDisplayTypeFilterFunctionality_Laptop_20-32-11] Total open windows/tabs count -> 2
20:36:18 [TestNG-test-Test-1] INFO  verifyingDisplayTypeFilterFunctionality_Laptop_20-32-11 - [verifyingDisplayTypeFilterFunctionality_Laptop_20-32-11] Original window handle -> AA8B22BE0A8F774C28F62CC1C00B5AB3
20:36:18 [TestNG-test-Test-1] INFO  verifyingDisplayTypeFilterFunctionality_Laptop_20-32-11 - [verifyingDisplayTypeFilterFunctionality_Laptop_20-32-11] Found new tab/window handle -> 4D5BE4BFBD15DEB4A7372A8AB204C9A5 (will be closed)
20:36:18 [TestNG-test-Test-1] INFO  verifyingDisplayTypeFilterFunctionality_Laptop_20-32-11 - [verifyingDisplayTypeFilterFunctionality_Laptop_20-32-11] Successfully switched to new tab/window -> 4D5BE4BFBD15DEB4A7372A8AB204C9A5
20:36:18 [TestNG-test-Test-1] INFO  verifyingDisplayTypeFilterFunctionality_Laptop_20-32-11 - [verifyingDisplayTypeFilterFunctionality_Laptop_20-32-11] Closed the newly opened tab/window -> 4D5BE4BFBD15DEB4A7372A8AB204C9A5
20:36:18 [TestNG-test-Test-1] INFO  verifyingDisplayTypeFilterFunctionality_Laptop_20-32-11 - [verifyingDisplayTypeFilterFunctionality_Laptop_20-32-11] Switched back to the original window -> AA8B22BE0A8F774C28F62CC1C00B5AB3
20:36:18 [TestNG-test-Test-1] INFO  verifyingDisplayTypeFilterFunctionality_Laptop_20-32-11 - [verifyingDisplayTypeFilterFunctionality_Laptop_20-32-11]  going back to product listing via closeCurrentWindowAndSwitchBack 
20:36:18 [TestNG-test-Test-1] INFO  verifyingDisplayTypeFilterFunctionality_Laptop_20-32-11 - [verifyingDisplayTypeFilterFunctionality_Laptop_20-32-11]  Added 'filter','title','keyFeatures', 'about', 'techDetails' into the Map -> productResult
20:36:18 [TestNG-test-Test-1] INFO  verifyingDisplayTypeFilterFunctionality_Laptop_20-32-11 - [verifyingDisplayTypeFilterFunctionality_Laptop_20-32-11]  Added 'productResult' Map into the 'results' i.e list of maps 
20:36:18 [TestNG-test-Test-1] INFO  verifyingDisplayTypeFilterFunctionality_Laptop_20-32-11 - [verifyingDisplayTypeFilterFunctionality_Laptop_20-32-11]==========================================================================================================
20:36:18 [TestNG-test-Test-1] INFO  verifyingDisplayTypeFilterFunctionality_Laptop_20-32-11 - [verifyingDisplayTypeFilterFunctionality_Laptop_20-32-11] Within safeClick method
20:36:20 [TestNG-test-Test-1] INFO  verifyingDisplayTypeFilterFunctionality_Laptop_20-32-11 - [verifyingDisplayTypeFilterFunctionality_Laptop_20-32-11] Cannot click the butto using safeClick, trying again
20:36:23 [TestNG-test-Test-1] INFO  verifyingDisplayTypeFilterFunctionality_Laptop_20-32-11 - [verifyingDisplayTypeFilterFunctionality_Laptop_20-32-11] Cannot click the butto using safeClick, trying again
20:36:25 [TestNG-test-Test-1] INFO  verifyingDisplayTypeFilterFunctionality_Laptop_20-32-11 - [verifyingDisplayTypeFilterFunctionality_Laptop_20-32-11] Skipping click action: Element not clickable after- 2
20:36:25 [TestNG-test-Test-1] INFO  verifyingDisplayTypeFilterFunctionality_Laptop_20-32-11 - [verifyingDisplayTypeFilterFunctionality_Laptop_20-32-11] Clearing the filter value ->LCDwithin productNameListingPage loop
20:36:25 [TestNG-test-Test-1] INFO  verifyingDisplayTypeFilterFunctionality_Laptop_20-32-11 - [verifyingDisplayTypeFilterFunctionality_Laptop_20-32-11]==========================================================================================================
20:36:25 [TestNG-test-Test-1] INFO  verifyingDisplayTypeFilterFunctionality_Laptop_20-32-11 - [verifyingDisplayTypeFilterFunctionality_Laptop_20-32-11]==========================================================================================================
20:36:25 [TestNG-test-Test-1] INFO  verifyingDisplayTypeFilterFunctionality_Laptop_20-32-11 - [verifyingDisplayTypeFilterFunctionality_Laptop_20-32-11] Within filterOptions loop in applyFilterAndValidateProductsWithResult
20:36:25 [TestNG-test-Test-1] INFO  verifyingDisplayTypeFilterFunctionality_Laptop_20-32-11 - [verifyingDisplayTypeFilterFunctionality_Laptop_20-32-11] Within safeFindElements 
20:36:25 [TestNG-test-Test-1] INFO  verifyingDisplayTypeFilterFunctionality_Laptop_20-32-11 - [verifyingDisplayTypeFilterFunctionality_Laptop_20-32-11] Returning the  [[[ChromeDriver: chrome on windows (944d27ba16ea2b534cc2d24374c5cdd8)] -> xpath: //span[@class='a-size-base a-color-base puis-bold-weight-text' and text()='Display Type']/parent::div/following-sibling::ul//span[@class='a-size-base a-color-base']], [[ChromeDriver: chrome on windows (944d27ba16ea2b534cc2d24374c5cdd8)] -> xpath: //span[@class='a-size-base a-color-base puis-bold-weight-text' and text()='Display Type']/parent::div/following-sibling::ul//span[@class='a-size-base a-color-base']]] from the safeFindElements method
20:36:25 [TestNG-test-Test-1] INFO  verifyingDisplayTypeFilterFunctionality_Laptop_20-32-11 - [verifyingDisplayTypeFilterFunctionality_Laptop_20-32-11] Trying to read filter option 1 (attempt 1/3)
20:36:25 [TestNG-test-Test-1] INFO  verifyingDisplayTypeFilterFunctionality_Laptop_20-32-11 - [verifyingDisplayTypeFilterFunctionality_Laptop_20-32-11] Successfully read filter option 1 = 'OLED'
20:36:25 [TestNG-test-Test-1] INFO  verifyingDisplayTypeFilterFunctionality_Laptop_20-32-11 - [verifyingDisplayTypeFilterFunctionality_Laptop_20-32-11] Within getfilterByTypeAndName method
20:36:25 [TestNG-test-Test-1] INFO  verifyingDisplayTypeFilterFunctionality_Laptop_20-32-11 - [verifyingDisplayTypeFilterFunctionality_Laptop_20-32-11] Within safeClickBooleanWithScreenShot method
20:36:25 [TestNG-test-Test-1] INFO  verifyingDisplayTypeFilterFunctionality_Laptop_20-32-11 - [verifyingDisplayTypeFilterFunctionality_Laptop_20-32-11] Within getAppliedfilterByTypeAndName method
20:36:25 [TestNG-test-Test-1] INFO  verifyingDisplayTypeFilterFunctionality_Laptop_20-32-11 - [verifyingDisplayTypeFilterFunctionality_Laptop_20-32-11] Within smoothScrollToElement method
20:36:25 [TestNG-test-Test-1] INFO  verifyingDisplayTypeFilterFunctionality_Laptop_20-32-11 - [verifyingDisplayTypeFilterFunctionality_Laptop_20-32-11] Within safeFindElement method
20:36:27 [TestNG-test-Test-1] INFO  verifyingDisplayTypeFilterFunctionality_Laptop_20-32-11 - [verifyingDisplayTypeFilterFunctionality_Laptop_20-32-11]Found the element returning it ,element ->[[ChromeDriver: chrome on windows (944d27ba16ea2b534cc2d24374c5cdd8)] -> xpath: //span[@class='a-size-base a-color-base puis-bold-weight-text' and text()='Display Type']]
20:36:27 [TestNG-test-Test-1] INFO  verifyingDisplayTypeFilterFunctionality_Laptop_20-32-11 - [verifyingDisplayTypeFilterFunctionality_Laptop_20-32-11] Successfully scrolled to element: By.xpath: //span[@class='a-size-base a-color-base puis-bold-weight-text' and text()='Display Type']
20:36:27 [TestNG-test-Test-1] INFO  verifyingDisplayTypeFilterFunctionality_Laptop_20-32-11 - [verifyingDisplayTypeFilterFunctionality_Laptop_20-32-11] Within getMoreButtonByFilterTypeAndName method
20:36:27 [TestNG-test-Test-1] INFO  verifyingDisplayTypeFilterFunctionality_Laptop_20-32-11 - [verifyingDisplayTypeFilterFunctionality_Laptop_20-32-11] could not find more button
20:36:28 [TestNG-test-Test-1] INFO  verifyingDisplayTypeFilterFunctionality_Laptop_20-32-11 - [verifyingDisplayTypeFilterFunctionality_Laptop_20-32-11] Within getAppliedfilterByTypeAndName method
20:36:28 [TestNG-test-Test-1] INFO  verifyingDisplayTypeFilterFunctionality_Laptop_20-32-11 - [verifyingDisplayTypeFilterFunctionality_Laptop_20-32-11] Within smoothScrollToElement method
20:36:28 [TestNG-test-Test-1] INFO  verifyingDisplayTypeFilterFunctionality_Laptop_20-32-11 - [verifyingDisplayTypeFilterFunctionality_Laptop_20-32-11] Within safeFindElement method
20:36:29 [TestNG-test-Test-1] INFO  verifyingDisplayTypeFilterFunctionality_Laptop_20-32-11 - [verifyingDisplayTypeFilterFunctionality_Laptop_20-32-11]Found the element returning it ,element ->[[ChromeDriver: chrome on windows (944d27ba16ea2b534cc2d24374c5cdd8)] -> xpath: //span[@class='a-size-base a-color-base puis-bold-weight-text' and text()='Display Type']]
20:36:29 [TestNG-test-Test-1] INFO  verifyingDisplayTypeFilterFunctionality_Laptop_20-32-11 - [verifyingDisplayTypeFilterFunctionality_Laptop_20-32-11] Successfully scrolled to element: By.xpath: //span[@class='a-size-base a-color-base puis-bold-weight-text' and text()='Display Type']
20:36:29 [TestNG-test-Test-1] INFO  verifyingDisplayTypeFilterFunctionality_Laptop_20-32-11 - [verifyingDisplayTypeFilterFunctionality_Laptop_20-32-11] Within getMoreButtonByFilterTypeAndName method
20:36:29 [TestNG-test-Test-1] INFO  verifyingDisplayTypeFilterFunctionality_Laptop_20-32-11 - [verifyingDisplayTypeFilterFunctionality_Laptop_20-32-11] could not find more button
20:36:29 [TestNG-test-Test-1] INFO  verifyingDisplayTypeFilterFunctionality_Laptop_20-32-11 - [verifyingDisplayTypeFilterFunctionality_Laptop_20-32-11] Within getfilterByTypeAndName method
20:36:29 [TestNG-test-Test-1] INFO  verifyingDisplayTypeFilterFunctionality_Laptop_20-32-11 - [verifyingDisplayTypeFilterFunctionality_Laptop_20-32-11] Within smoothScrollToElement method
20:36:29 [TestNG-test-Test-1] INFO  verifyingDisplayTypeFilterFunctionality_Laptop_20-32-11 - [verifyingDisplayTypeFilterFunctionality_Laptop_20-32-11] Within safeFindElement method
20:36:29 [TestNG-test-Test-1] INFO  verifyingDisplayTypeFilterFunctionality_Laptop_20-32-11 - [verifyingDisplayTypeFilterFunctionality_Laptop_20-32-11]Found the element returning it ,element ->[[ChromeDriver: chrome on windows (944d27ba16ea2b534cc2d24374c5cdd8)] -> xpath: //span[@class='a-size-base a-color-base puis-bold-weight-text' and text()='Display Type']/parent::div/following-sibling::ul//span[@class='a-size-base a-color-base a-text-bold' and text()='OLED']]
20:36:29 [TestNG-test-Test-1] INFO  verifyingDisplayTypeFilterFunctionality_Laptop_20-32-11 - [verifyingDisplayTypeFilterFunctionality_Laptop_20-32-11] Successfully scrolled to element: By.xpath: //span[@class='a-size-base a-color-base puis-bold-weight-text' and text()='Display Type']/parent::div/following-sibling::ul//span[@class='a-size-base a-color-base a-text-bold' and text()='OLED']
20:36:29 [TestNG-test-Test-1] INFO  verifyingDisplayTypeFilterFunctionality_Laptop_20-32-11 - [verifyingDisplayTypeFilterFunctionality_Laptop_20-32-11] Clicked the element using safe click ,element is [[ChromeDriver: chrome on windows (944d27ba16ea2b534cc2d24374c5cdd8)] -> xpath: //span[@class='a-size-base a-color-base puis-bold-weight-text' and text()='Display Type']/parent::div/following-sibling::ul//span[@class='a-size-base a-color-base' and text()='OLED']]
20:36:30 [TestNG-test-Test-1] INFO  verifyingDisplayTypeFilterFunctionality_Laptop_20-32-11 - [verifyingDisplayTypeFilterFunctionality_Laptop_20-32-11] Within safeFindElements 
20:36:30 [TestNG-test-Test-1] INFO  verifyingDisplayTypeFilterFunctionality_Laptop_20-32-11 - [verifyingDisplayTypeFilterFunctionality_Laptop_20-32-11] Returning the  [[[ChromeDriver: chrome on windows (944d27ba16ea2b534cc2d24374c5cdd8)] -> xpath: //div[@data-cy='title-recipe']], [[ChromeDriver: chrome on windows (944d27ba16ea2b534cc2d24374c5cdd8)] -> xpath: //div[@data-cy='title-recipe']], [[ChromeDriver: chrome on windows (944d27ba16ea2b534cc2d24374c5cdd8)] -> xpath: //div[@data-cy='title-recipe']], [[ChromeDriver: chrome on windows (944d27ba16ea2b534cc2d24374c5cdd8)] -> xpath: //div[@data-cy='title-recipe']], [[ChromeDriver: chrome on windows (944d27ba16ea2b534cc2d24374c5cdd8)] -> xpath: //div[@data-cy='title-recipe']], [[ChromeDriver: chrome on windows (944d27ba16ea2b534cc2d24374c5cdd8)] -> xpath: //div[@data-cy='title-recipe']], [[ChromeDriver: chrome on windows (944d27ba16ea2b534cc2d24374c5cdd8)] -> xpath: //div[@data-cy='title-recipe']], [[ChromeDriver: chrome on windows (944d27ba16ea2b534cc2d24374c5cdd8)] -> xpath: //div[@data-cy='title-recipe']], [[ChromeDriver: chrome on windows (944d27ba16ea2b534cc2d24374c5cdd8)] -> xpath: //div[@data-cy='title-recipe']], [[ChromeDriver: chrome on windows (944d27ba16ea2b534cc2d24374c5cdd8)] -> xpath: //div[@data-cy='title-recipe']], [[ChromeDriver: chrome on windows (944d27ba16ea2b534cc2d24374c5cdd8)] -> xpath: //div[@data-cy='title-recipe']], [[ChromeDriver: chrome on windows (944d27ba16ea2b534cc2d24374c5cdd8)] -> xpath: //div[@data-cy='title-recipe']], [[ChromeDriver: chrome on windows (944d27ba16ea2b534cc2d24374c5cdd8)] -> xpath: //div[@data-cy='title-recipe']], [[ChromeDriver: chrome on windows (944d27ba16ea2b534cc2d24374c5cdd8)] -> xpath: //div[@data-cy='title-recipe']], [[ChromeDriver: chrome on windows (944d27ba16ea2b534cc2d24374c5cdd8)] -> xpath: //div[@data-cy='title-recipe']], [[ChromeDriver: chrome on windows (944d27ba16ea2b534cc2d24374c5cdd8)] -> xpath: //div[@data-cy='title-recipe']]] from the safeFindElements method
20:36:30 [TestNG-test-Test-1] INFO  verifyingDisplayTypeFilterFunctionality_Laptop_20-32-11 - [verifyingDisplayTypeFilterFunctionality_Laptop_20-32-11] Execution is scheduled type /CRON Job on CI Hence refering to CI keys from UtilData
20:36:30 [TestNG-test-Test-1] INFO  verifyingDisplayTypeFilterFunctionality_Laptop_20-32-11 - [verifyingDisplayTypeFilterFunctionality_Laptop_20-32-11] Within safeFindElements 
20:36:30 [TestNG-test-Test-1] INFO  verifyingDisplayTypeFilterFunctionality_Laptop_20-32-11 - [verifyingDisplayTypeFilterFunctionality_Laptop_20-32-11] Returning the  [[[ChromeDriver: chrome on windows (944d27ba16ea2b534cc2d24374c5cdd8)] -> xpath: //div[@data-cy='title-recipe']], [[ChromeDriver: chrome on windows (944d27ba16ea2b534cc2d24374c5cdd8)] -> xpath: //div[@data-cy='title-recipe']], [[ChromeDriver: chrome on windows (944d27ba16ea2b534cc2d24374c5cdd8)] -> xpath: //div[@data-cy='title-recipe']], [[ChromeDriver: chrome on windows (944d27ba16ea2b534cc2d24374c5cdd8)] -> xpath: //div[@data-cy='title-recipe']], [[ChromeDriver: chrome on windows (944d27ba16ea2b534cc2d24374c5cdd8)] -> xpath: //div[@data-cy='title-recipe']], [[ChromeDriver: chrome on windows (944d27ba16ea2b534cc2d24374c5cdd8)] -> xpath: //div[@data-cy='title-recipe']], [[ChromeDriver: chrome on windows (944d27ba16ea2b534cc2d24374c5cdd8)] -> xpath: //div[@data-cy='title-recipe']], [[ChromeDriver: chrome on windows (944d27ba16ea2b534cc2d24374c5cdd8)] -> xpath: //div[@data-cy='title-recipe']], [[ChromeDriver: chrome on windows (944d27ba16ea2b534cc2d24374c5cdd8)] -> xpath: //div[@data-cy='title-recipe']], [[ChromeDriver: chrome on windows (944d27ba16ea2b534cc2d24374c5cdd8)] -> xpath: //div[@data-cy='title-recipe']], [[ChromeDriver: chrome on windows (944d27ba16ea2b534cc2d24374c5cdd8)] -> xpath: //div[@data-cy='title-recipe']], [[ChromeDriver: chrome on windows (944d27ba16ea2b534cc2d24374c5cdd8)] -> xpath: //div[@data-cy='title-recipe']], [[ChromeDriver: chrome on windows (944d27ba16ea2b534cc2d24374c5cdd8)] -> xpath: //div[@data-cy='title-recipe']], [[ChromeDriver: chrome on windows (944d27ba16ea2b534cc2d24374c5cdd8)] -> xpath: //div[@data-cy='title-recipe']], [[ChromeDriver: chrome on windows (944d27ba16ea2b534cc2d24374c5cdd8)] -> xpath: //div[@data-cy='title-recipe']], [[ChromeDriver: chrome on windows (944d27ba16ea2b534cc2d24374c5cdd8)] -> xpath: //div[@data-cy='title-recipe']]] from the safeFindElements method
20:36:30 [TestNG-test-Test-1] INFO  verifyingDisplayTypeFilterFunctionality_Laptop_20-32-11 - [verifyingDisplayTypeFilterFunctionality_Laptop_20-32-11] Within productNameListingPage loop in applyFilterAndValidateProductsWithResult
20:36:30 [TestNG-test-Test-1] INFO  verifyingDisplayTypeFilterFunctionality_Laptop_20-32-11 - [verifyingDisplayTypeFilterFunctionality_Laptop_20-32-11] Within getProductByIndex method
20:36:30 [TestNG-test-Test-1] INFO  verifyingDisplayTypeFilterFunctionality_Laptop_20-32-11 - [verifyingDisplayTypeFilterFunctionality_Laptop_20-32-11] Within safeFindElement method
20:36:30 [TestNG-test-Test-1] INFO  verifyingDisplayTypeFilterFunctionality_Laptop_20-32-11 - [verifyingDisplayTypeFilterFunctionality_Laptop_20-32-11]Found the element returning it ,element ->[[ChromeDriver: chrome on windows (944d27ba16ea2b534cc2d24374c5cdd8)] -> xpath: (//div[@data-cy='title-recipe'])[1]]
20:36:30 [TestNG-test-Test-1] INFO  verifyingDisplayTypeFilterFunctionality_Laptop_20-32-11 - [verifyingDisplayTypeFilterFunctionality_Laptop_20-32-11] Within getProductByIndex method
20:36:30 [TestNG-test-Test-1] INFO  verifyingDisplayTypeFilterFunctionality_Laptop_20-32-11 - [verifyingDisplayTypeFilterFunctionality_Laptop_20-32-11] Within smoothScrollToElement method
20:36:30 [TestNG-test-Test-1] INFO  verifyingDisplayTypeFilterFunctionality_Laptop_20-32-11 - [verifyingDisplayTypeFilterFunctionality_Laptop_20-32-11] Within safeFindElement method
20:36:30 [TestNG-test-Test-1] INFO  verifyingDisplayTypeFilterFunctionality_Laptop_20-32-11 - [verifyingDisplayTypeFilterFunctionality_Laptop_20-32-11]Found the element returning it ,element ->[[ChromeDriver: chrome on windows (944d27ba16ea2b534cc2d24374c5cdd8)] -> xpath: (//div[@data-cy='title-recipe'])[1]]
20:36:30 [TestNG-test-Test-1] INFO  verifyingDisplayTypeFilterFunctionality_Laptop_20-32-11 - [verifyingDisplayTypeFilterFunctionality_Laptop_20-32-11] Successfully scrolled to element: By.xpath: (//div[@data-cy='title-recipe'])[1]
20:36:30 [TestNG-test-Test-1] INFO  verifyingDisplayTypeFilterFunctionality_Laptop_20-32-11 - [verifyingDisplayTypeFilterFunctionality_Laptop_20-32-11] Getting product by index in productNameListingPage loop
20:36:31 [TestNG-test-Test-1] INFO  verifyingDisplayTypeFilterFunctionality_Laptop_20-32-11 - [verifyingDisplayTypeFilterFunctionality_Laptop_20-32-11] Opened product in new tab via Ctrl+Click inside productNameListingPage loop
20:36:31 [TestNG-test-Test-1] INFO  verifyingDisplayTypeFilterFunctionality_Laptop_20-32-11 - [verifyingDisplayTypeFilterFunctionality_Laptop_20-32-11] Waiting for new window to open...
20:36:31 [TestNG-test-Test-1] INFO  verifyingDisplayTypeFilterFunctionality_Laptop_20-32-11 - [verifyingDisplayTypeFilterFunctionality_Laptop_20-32-11] Switched to new window -> CC6CAE69B27E82FB7AC1BF04599FE676
20:36:31 [TestNG-test-Test-1] INFO  verifyingDisplayTypeFilterFunctionality_Laptop_20-32-11 - [verifyingDisplayTypeFilterFunctionality_Laptop_20-32-11] Swithcing to the new window  within productNameListingPage loop
20:36:31 [TestNG-test-Test-1] INFO  verifyingDisplayTypeFilterFunctionality_Laptop_20-32-11 - [verifyingDisplayTypeFilterFunctionality_Laptop_20-32-11] Clicked product name to open in new tab from productNameListingPage loop
20:36:31 [TestNG-test-Test-1] INFO  verifyingDisplayTypeFilterFunctionality_Laptop_20-32-11 - [verifyingDisplayTypeFilterFunctionality_Laptop_20-32-11] Within safeFindElement method
20:36:34 [TestNG-test-Test-1] INFO  verifyingDisplayTypeFilterFunctionality_Laptop_20-32-11 - [verifyingDisplayTypeFilterFunctionality_Laptop_20-32-11]Found the element returning it ,element ->[[ChromeDriver: chrome on windows (944d27ba16ea2b534cc2d24374c5cdd8)] -> xpath: //span[@id='productTitle']]
20:36:34 [TestNG-test-Test-1] INFO  verifyingDisplayTypeFilterFunctionality_Laptop_20-32-11 - [verifyingDisplayTypeFilterFunctionality_Laptop_20-32-11] Within safeFindElement method
20:36:34 [TestNG-test-Test-1] INFO  verifyingDisplayTypeFilterFunctionality_Laptop_20-32-11 - [verifyingDisplayTypeFilterFunctionality_Laptop_20-32-11]Found the element returning it ,element ->[[ChromeDriver: chrome on windows (944d27ba16ea2b534cc2d24374c5cdd8)] -> xpath: //div[@class='a-section a-spacing-small a-spacing-top-small']]
20:36:34 [TestNG-test-Test-1] INFO  verifyingDisplayTypeFilterFunctionality_Laptop_20-32-11 - [verifyingDisplayTypeFilterFunctionality_Laptop_20-32-11] Within safeFindElement method
20:36:34 [TestNG-test-Test-1] INFO  verifyingDisplayTypeFilterFunctionality_Laptop_20-32-11 - [verifyingDisplayTypeFilterFunctionality_Laptop_20-32-11]Found the element returning it ,element ->[[ChromeDriver: chrome on windows (944d27ba16ea2b534cc2d24374c5cdd8)] -> xpath: //div[@id='feature-bullets']]
20:36:34 [TestNG-test-Test-1] INFO  verifyingDisplayTypeFilterFunctionality_Laptop_20-32-11 - [verifyingDisplayTypeFilterFunctionality_Laptop_20-32-11] Within safeFindElement method
20:36:34 [TestNG-test-Test-1] INFO  verifyingDisplayTypeFilterFunctionality_Laptop_20-32-11 - [verifyingDisplayTypeFilterFunctionality_Laptop_20-32-11]Found the element returning it ,element ->[[ChromeDriver: chrome on windows (944d27ba16ea2b534cc2d24374c5cdd8)] -> xpath: //div[@id='prodDetails']]
20:36:35 [TestNG-test-Test-1] INFO  verifyingDisplayTypeFilterFunctionality_Laptop_20-32-11 - [verifyingDisplayTypeFilterFunctionality_Laptop_20-32-11] Extracting 'name' , 'keyFeatures', 'about' , 'techDetails' within productNameListingPage loop
20:36:35 [TestNG-test-Test-1] INFO  verifyingDisplayTypeFilterFunctionality_Laptop_20-32-11 - [verifyingDisplayTypeFilterFunctionality_Laptop_20-32-11] Waiting until element is visible in viewport
20:36:45 [TestNG-test-Test-1] INFO  verifyingDisplayTypeFilterFunctionality_Laptop_20-32-11 - [verifyingDisplayTypeFilterFunctionality_Laptop_20-32-11] Within smoothScrollToElement method
20:36:45 [TestNG-test-Test-1] INFO  verifyingDisplayTypeFilterFunctionality_Laptop_20-32-11 - [verifyingDisplayTypeFilterFunctionality_Laptop_20-32-11] Within safeFindElement method
20:36:46 [TestNG-test-Test-1] INFO  verifyingDisplayTypeFilterFunctionality_Laptop_20-32-11 - [verifyingDisplayTypeFilterFunctionality_Laptop_20-32-11]Found the element returning it ,element ->[[ChromeDriver: chrome on windows (944d27ba16ea2b534cc2d24374c5cdd8)] -> xpath: //a[@id='seeMoreDetailsLink']]
20:36:46 [TestNG-test-Test-1] INFO  verifyingDisplayTypeFilterFunctionality_Laptop_20-32-11 - [verifyingDisplayTypeFilterFunctionality_Laptop_20-32-11] Successfully scrolled to element: By.xpath: //a[@id='seeMoreDetailsLink']
20:36:46 [TestNG-test-Test-1] INFO  verifyingDisplayTypeFilterFunctionality_Laptop_20-32-11 - [verifyingDisplayTypeFilterFunctionality_Laptop_20-32-11] Within safeClick method
20:36:46 [TestNG-test-Test-1] INFO  verifyingDisplayTypeFilterFunctionality_Laptop_20-32-11 - [verifyingDisplayTypeFilterFunctionality_Laptop_20-32-11] Clicked the  [[ChromeDriver: chrome on windows (944d27ba16ea2b534cc2d24374c5cdd8)] -> xpath: //a[@id='seeMoreDetailsLink']]   using safeClick
20:36:46 [TestNG-test-Test-1] INFO  verifyingDisplayTypeFilterFunctionality_Laptop_20-32-11 - [verifyingDisplayTypeFilterFunctionality_Laptop_20-32-11] Within try block for clicking see more deatils within productNameListingPage loop
20:36:46 [TestNG-test-Test-1] INFO  verifyingDisplayTypeFilterFunctionality_Laptop_20-32-11 - [verifyingDisplayTypeFilterFunctionality_Laptop_20-32-11] Within closeCurrentWindowAndSwitchBack method
20:36:46 [TestNG-test-Test-1] INFO  verifyingDisplayTypeFilterFunctionality_Laptop_20-32-11 - [verifyingDisplayTypeFilterFunctionality_Laptop_20-32-11] Total open windows/tabs count -> 2
20:36:46 [TestNG-test-Test-1] INFO  verifyingDisplayTypeFilterFunctionality_Laptop_20-32-11 - [verifyingDisplayTypeFilterFunctionality_Laptop_20-32-11] Original window handle -> AA8B22BE0A8F774C28F62CC1C00B5AB3
20:36:46 [TestNG-test-Test-1] INFO  verifyingDisplayTypeFilterFunctionality_Laptop_20-32-11 - [verifyingDisplayTypeFilterFunctionality_Laptop_20-32-11] Found new tab/window handle -> CC6CAE69B27E82FB7AC1BF04599FE676 (will be closed)
20:36:46 [TestNG-test-Test-1] INFO  verifyingDisplayTypeFilterFunctionality_Laptop_20-32-11 - [verifyingDisplayTypeFilterFunctionality_Laptop_20-32-11] Successfully switched to new tab/window -> CC6CAE69B27E82FB7AC1BF04599FE676
20:36:46 [TestNG-test-Test-1] INFO  verifyingDisplayTypeFilterFunctionality_Laptop_20-32-11 - [verifyingDisplayTypeFilterFunctionality_Laptop_20-32-11] Closed the newly opened tab/window -> CC6CAE69B27E82FB7AC1BF04599FE676
20:36:46 [TestNG-test-Test-1] INFO  verifyingDisplayTypeFilterFunctionality_Laptop_20-32-11 - [verifyingDisplayTypeFilterFunctionality_Laptop_20-32-11] Switched back to the original window -> AA8B22BE0A8F774C28F62CC1C00B5AB3
20:36:46 [TestNG-test-Test-1] INFO  verifyingDisplayTypeFilterFunctionality_Laptop_20-32-11 - [verifyingDisplayTypeFilterFunctionality_Laptop_20-32-11]  going back to product listing via closeCurrentWindowAndSwitchBack 
20:36:46 [TestNG-test-Test-1] INFO  verifyingDisplayTypeFilterFunctionality_Laptop_20-32-11 - [verifyingDisplayTypeFilterFunctionality_Laptop_20-32-11]  Added 'filter','title','keyFeatures', 'about', 'techDetails' into the Map -> productResult
20:36:46 [TestNG-test-Test-1] INFO  verifyingDisplayTypeFilterFunctionality_Laptop_20-32-11 - [verifyingDisplayTypeFilterFunctionality_Laptop_20-32-11]  Added 'productResult' Map into the 'results' i.e list of maps 
20:36:46 [TestNG-test-Test-1] INFO  verifyingDisplayTypeFilterFunctionality_Laptop_20-32-11 - [verifyingDisplayTypeFilterFunctionality_Laptop_20-32-11]==========================================================================================================
20:36:46 [TestNG-test-Test-1] INFO  verifyingDisplayTypeFilterFunctionality_Laptop_20-32-11 - [verifyingDisplayTypeFilterFunctionality_Laptop_20-32-11] Within safeFindElements 
20:36:46 [TestNG-test-Test-1] INFO  verifyingDisplayTypeFilterFunctionality_Laptop_20-32-11 - [verifyingDisplayTypeFilterFunctionality_Laptop_20-32-11] Returning the  [[[ChromeDriver: chrome on windows (944d27ba16ea2b534cc2d24374c5cdd8)] -> xpath: //div[@data-cy='title-recipe']], [[ChromeDriver: chrome on windows (944d27ba16ea2b534cc2d24374c5cdd8)] -> xpath: //div[@data-cy='title-recipe']], [[ChromeDriver: chrome on windows (944d27ba16ea2b534cc2d24374c5cdd8)] -> xpath: //div[@data-cy='title-recipe']], [[ChromeDriver: chrome on windows (944d27ba16ea2b534cc2d24374c5cdd8)] -> xpath: //div[@data-cy='title-recipe']], [[ChromeDriver: chrome on windows (944d27ba16ea2b534cc2d24374c5cdd8)] -> xpath: //div[@data-cy='title-recipe']], [[ChromeDriver: chrome on windows (944d27ba16ea2b534cc2d24374c5cdd8)] -> xpath: //div[@data-cy='title-recipe']], [[ChromeDriver: chrome on windows (944d27ba16ea2b534cc2d24374c5cdd8)] -> xpath: //div[@data-cy='title-recipe']], [[ChromeDriver: chrome on windows (944d27ba16ea2b534cc2d24374c5cdd8)] -> xpath: //div[@data-cy='title-recipe']], [[ChromeDriver: chrome on windows (944d27ba16ea2b534cc2d24374c5cdd8)] -> xpath: //div[@data-cy='title-recipe']], [[ChromeDriver: chrome on windows (944d27ba16ea2b534cc2d24374c5cdd8)] -> xpath: //div[@data-cy='title-recipe']], [[ChromeDriver: chrome on windows (944d27ba16ea2b534cc2d24374c5cdd8)] -> xpath: //div[@data-cy='title-recipe']], [[ChromeDriver: chrome on windows (944d27ba16ea2b534cc2d24374c5cdd8)] -> xpath: //div[@data-cy='title-recipe']], [[ChromeDriver: chrome on windows (944d27ba16ea2b534cc2d24374c5cdd8)] -> xpath: //div[@data-cy='title-recipe']], [[ChromeDriver: chrome on windows (944d27ba16ea2b534cc2d24374c5cdd8)] -> xpath: //div[@data-cy='title-recipe']], [[ChromeDriver: chrome on windows (944d27ba16ea2b534cc2d24374c5cdd8)] -> xpath: //div[@data-cy='title-recipe']], [[ChromeDriver: chrome on windows (944d27ba16ea2b534cc2d24374c5cdd8)] -> xpath: //div[@data-cy='title-recipe']]] from the safeFindElements method
20:36:46 [TestNG-test-Test-1] INFO  verifyingDisplayTypeFilterFunctionality_Laptop_20-32-11 - [verifyingDisplayTypeFilterFunctionality_Laptop_20-32-11] Within productNameListingPage loop in applyFilterAndValidateProductsWithResult
20:36:46 [TestNG-test-Test-1] INFO  verifyingDisplayTypeFilterFunctionality_Laptop_20-32-11 - [verifyingDisplayTypeFilterFunctionality_Laptop_20-32-11] Within getProductByIndex method
20:36:46 [TestNG-test-Test-1] INFO  verifyingDisplayTypeFilterFunctionality_Laptop_20-32-11 - [verifyingDisplayTypeFilterFunctionality_Laptop_20-32-11] Within safeFindElement method
20:36:46 [TestNG-test-Test-1] INFO  verifyingDisplayTypeFilterFunctionality_Laptop_20-32-11 - [verifyingDisplayTypeFilterFunctionality_Laptop_20-32-11]Found the element returning it ,element ->[[ChromeDriver: chrome on windows (944d27ba16ea2b534cc2d24374c5cdd8)] -> xpath: (//div[@data-cy='title-recipe'])[2]]
20:36:46 [TestNG-test-Test-1] INFO  verifyingDisplayTypeFilterFunctionality_Laptop_20-32-11 - [verifyingDisplayTypeFilterFunctionality_Laptop_20-32-11] Within getProductByIndex method
20:36:46 [TestNG-test-Test-1] INFO  verifyingDisplayTypeFilterFunctionality_Laptop_20-32-11 - [verifyingDisplayTypeFilterFunctionality_Laptop_20-32-11] Within smoothScrollToElement method
20:36:46 [TestNG-test-Test-1] INFO  verifyingDisplayTypeFilterFunctionality_Laptop_20-32-11 - [verifyingDisplayTypeFilterFunctionality_Laptop_20-32-11] Within safeFindElement method
20:36:46 [TestNG-test-Test-1] INFO  verifyingDisplayTypeFilterFunctionality_Laptop_20-32-11 - [verifyingDisplayTypeFilterFunctionality_Laptop_20-32-11]Found the element returning it ,element ->[[ChromeDriver: chrome on windows (944d27ba16ea2b534cc2d24374c5cdd8)] -> xpath: (//div[@data-cy='title-recipe'])[2]]
20:36:47 [TestNG-test-Test-1] INFO  verifyingDisplayTypeFilterFunctionality_Laptop_20-32-11 - [verifyingDisplayTypeFilterFunctionality_Laptop_20-32-11] Successfully scrolled to element: By.xpath: (//div[@data-cy='title-recipe'])[2]
20:36:47 [TestNG-test-Test-1] INFO  verifyingDisplayTypeFilterFunctionality_Laptop_20-32-11 - [verifyingDisplayTypeFilterFunctionality_Laptop_20-32-11] Getting product by index in productNameListingPage loop
20:36:47 [TestNG-test-Test-1] INFO  verifyingDisplayTypeFilterFunctionality_Laptop_20-32-11 - [verifyingDisplayTypeFilterFunctionality_Laptop_20-32-11] Opened product in new tab via Ctrl+Click inside productNameListingPage loop
20:36:47 [TestNG-test-Test-1] INFO  verifyingDisplayTypeFilterFunctionality_Laptop_20-32-11 - [verifyingDisplayTypeFilterFunctionality_Laptop_20-32-11] Waiting for new window to open...
20:36:47 [TestNG-test-Test-1] INFO  verifyingDisplayTypeFilterFunctionality_Laptop_20-32-11 - [verifyingDisplayTypeFilterFunctionality_Laptop_20-32-11] Switched to new window -> 78E3D010DA4896D9CF965151EFC9CD4D
20:36:47 [TestNG-test-Test-1] INFO  verifyingDisplayTypeFilterFunctionality_Laptop_20-32-11 - [verifyingDisplayTypeFilterFunctionality_Laptop_20-32-11] Swithcing to the new window  within productNameListingPage loop
20:36:47 [TestNG-test-Test-1] INFO  verifyingDisplayTypeFilterFunctionality_Laptop_20-32-11 - [verifyingDisplayTypeFilterFunctionality_Laptop_20-32-11] Clicked product name to open in new tab from productNameListingPage loop
20:36:47 [TestNG-test-Test-1] INFO  verifyingDisplayTypeFilterFunctionality_Laptop_20-32-11 - [verifyingDisplayTypeFilterFunctionality_Laptop_20-32-11] Within safeFindElement method
20:36:49 [TestNG-test-Test-1] INFO  verifyingDisplayTypeFilterFunctionality_Laptop_20-32-11 - [verifyingDisplayTypeFilterFunctionality_Laptop_20-32-11]Found the element returning it ,element ->[[ChromeDriver: chrome on windows (944d27ba16ea2b534cc2d24374c5cdd8)] -> xpath: //span[@id='productTitle']]
20:36:49 [TestNG-test-Test-1] INFO  verifyingDisplayTypeFilterFunctionality_Laptop_20-32-11 - [verifyingDisplayTypeFilterFunctionality_Laptop_20-32-11] Within safeFindElement method
20:36:49 [TestNG-test-Test-1] INFO  verifyingDisplayTypeFilterFunctionality_Laptop_20-32-11 - [verifyingDisplayTypeFilterFunctionality_Laptop_20-32-11]Found the element returning it ,element ->[[ChromeDriver: chrome on windows (944d27ba16ea2b534cc2d24374c5cdd8)] -> xpath: //div[@class='a-section a-spacing-small a-spacing-top-small']]
20:36:49 [TestNG-test-Test-1] INFO  verifyingDisplayTypeFilterFunctionality_Laptop_20-32-11 - [verifyingDisplayTypeFilterFunctionality_Laptop_20-32-11] Within safeFindElement method
20:36:49 [TestNG-test-Test-1] INFO  verifyingDisplayTypeFilterFunctionality_Laptop_20-32-11 - [verifyingDisplayTypeFilterFunctionality_Laptop_20-32-11]Found the element returning it ,element ->[[ChromeDriver: chrome on windows (944d27ba16ea2b534cc2d24374c5cdd8)] -> xpath: //div[@id='feature-bullets']]
20:36:49 [TestNG-test-Test-1] INFO  verifyingDisplayTypeFilterFunctionality_Laptop_20-32-11 - [verifyingDisplayTypeFilterFunctionality_Laptop_20-32-11] Within safeFindElement method
20:36:50 [TestNG-test-Test-1] INFO  verifyingDisplayTypeFilterFunctionality_Laptop_20-32-11 - [verifyingDisplayTypeFilterFunctionality_Laptop_20-32-11]Found the element returning it ,element ->[[ChromeDriver: chrome on windows (944d27ba16ea2b534cc2d24374c5cdd8)] -> xpath: //div[@id='prodDetails']]
20:36:50 [TestNG-test-Test-1] INFO  verifyingDisplayTypeFilterFunctionality_Laptop_20-32-11 - [verifyingDisplayTypeFilterFunctionality_Laptop_20-32-11] Extracting 'name' , 'keyFeatures', 'about' , 'techDetails' within productNameListingPage loop
20:36:50 [TestNG-test-Test-1] INFO  verifyingDisplayTypeFilterFunctionality_Laptop_20-32-11 - [verifyingDisplayTypeFilterFunctionality_Laptop_20-32-11] Waiting until element is visible in viewport
20:37:00 [TestNG-test-Test-1] INFO  verifyingDisplayTypeFilterFunctionality_Laptop_20-32-11 - [verifyingDisplayTypeFilterFunctionality_Laptop_20-32-11] Within smoothScrollToElement method
20:37:00 [TestNG-test-Test-1] INFO  verifyingDisplayTypeFilterFunctionality_Laptop_20-32-11 - [verifyingDisplayTypeFilterFunctionality_Laptop_20-32-11] Within safeFindElement method
20:37:00 [TestNG-test-Test-1] INFO  verifyingDisplayTypeFilterFunctionality_Laptop_20-32-11 - [verifyingDisplayTypeFilterFunctionality_Laptop_20-32-11]Found the element returning it ,element ->[[ChromeDriver: chrome on windows (944d27ba16ea2b534cc2d24374c5cdd8)] -> xpath: //a[@id='seeMoreDetailsLink']]
20:37:00 [TestNG-test-Test-1] INFO  verifyingDisplayTypeFilterFunctionality_Laptop_20-32-11 - [verifyingDisplayTypeFilterFunctionality_Laptop_20-32-11] Successfully scrolled to element: By.xpath: //a[@id='seeMoreDetailsLink']
20:37:00 [TestNG-test-Test-1] INFO  verifyingDisplayTypeFilterFunctionality_Laptop_20-32-11 - [verifyingDisplayTypeFilterFunctionality_Laptop_20-32-11] Within safeClick method
20:37:01 [TestNG-test-Test-1] INFO  verifyingDisplayTypeFilterFunctionality_Laptop_20-32-11 - [verifyingDisplayTypeFilterFunctionality_Laptop_20-32-11] Clicked the  [[ChromeDriver: chrome on windows (944d27ba16ea2b534cc2d24374c5cdd8)] -> xpath: //a[@id='seeMoreDetailsLink']]   using safeClick
20:37:01 [TestNG-test-Test-1] INFO  verifyingDisplayTypeFilterFunctionality_Laptop_20-32-11 - [verifyingDisplayTypeFilterFunctionality_Laptop_20-32-11] Within try block for clicking see more deatils within productNameListingPage loop
20:37:01 [TestNG-test-Test-1] INFO  verifyingDisplayTypeFilterFunctionality_Laptop_20-32-11 - [verifyingDisplayTypeFilterFunctionality_Laptop_20-32-11] Within closeCurrentWindowAndSwitchBack method
20:37:01 [TestNG-test-Test-1] INFO  verifyingDisplayTypeFilterFunctionality_Laptop_20-32-11 - [verifyingDisplayTypeFilterFunctionality_Laptop_20-32-11] Total open windows/tabs count -> 2
20:37:01 [TestNG-test-Test-1] INFO  verifyingDisplayTypeFilterFunctionality_Laptop_20-32-11 - [verifyingDisplayTypeFilterFunctionality_Laptop_20-32-11] Original window handle -> AA8B22BE0A8F774C28F62CC1C00B5AB3
20:37:01 [TestNG-test-Test-1] INFO  verifyingDisplayTypeFilterFunctionality_Laptop_20-32-11 - [verifyingDisplayTypeFilterFunctionality_Laptop_20-32-11] Found new tab/window handle -> 78E3D010DA4896D9CF965151EFC9CD4D (will be closed)
20:37:01 [TestNG-test-Test-1] INFO  verifyingDisplayTypeFilterFunctionality_Laptop_20-32-11 - [verifyingDisplayTypeFilterFunctionality_Laptop_20-32-11] Successfully switched to new tab/window -> 78E3D010DA4896D9CF965151EFC9CD4D
20:37:01 [TestNG-test-Test-1] INFO  verifyingDisplayTypeFilterFunctionality_Laptop_20-32-11 - [verifyingDisplayTypeFilterFunctionality_Laptop_20-32-11] Closed the newly opened tab/window -> 78E3D010DA4896D9CF965151EFC9CD4D
20:37:01 [TestNG-test-Test-1] INFO  verifyingDisplayTypeFilterFunctionality_Laptop_20-32-11 - [verifyingDisplayTypeFilterFunctionality_Laptop_20-32-11] Switched back to the original window -> AA8B22BE0A8F774C28F62CC1C00B5AB3
20:37:01 [TestNG-test-Test-1] INFO  verifyingDisplayTypeFilterFunctionality_Laptop_20-32-11 - [verifyingDisplayTypeFilterFunctionality_Laptop_20-32-11]  going back to product listing via closeCurrentWindowAndSwitchBack 
20:37:01 [TestNG-test-Test-1] INFO  verifyingDisplayTypeFilterFunctionality_Laptop_20-32-11 - [verifyingDisplayTypeFilterFunctionality_Laptop_20-32-11]  Added 'filter','title','keyFeatures', 'about', 'techDetails' into the Map -> productResult
20:37:01 [TestNG-test-Test-1] INFO  verifyingDisplayTypeFilterFunctionality_Laptop_20-32-11 - [verifyingDisplayTypeFilterFunctionality_Laptop_20-32-11]  Added 'productResult' Map into the 'results' i.e list of maps 
20:37:01 [TestNG-test-Test-1] INFO  verifyingDisplayTypeFilterFunctionality_Laptop_20-32-11 - [verifyingDisplayTypeFilterFunctionality_Laptop_20-32-11]==========================================================================================================
20:37:01 [TestNG-test-Test-1] INFO  verifyingDisplayTypeFilterFunctionality_Laptop_20-32-11 - [verifyingDisplayTypeFilterFunctionality_Laptop_20-32-11] Within safeFindElements 
20:37:01 [TestNG-test-Test-1] INFO  verifyingDisplayTypeFilterFunctionality_Laptop_20-32-11 - [verifyingDisplayTypeFilterFunctionality_Laptop_20-32-11] Returning the  [[[ChromeDriver: chrome on windows (944d27ba16ea2b534cc2d24374c5cdd8)] -> xpath: //div[@data-cy='title-recipe']], [[ChromeDriver: chrome on windows (944d27ba16ea2b534cc2d24374c5cdd8)] -> xpath: //div[@data-cy='title-recipe']], [[ChromeDriver: chrome on windows (944d27ba16ea2b534cc2d24374c5cdd8)] -> xpath: //div[@data-cy='title-recipe']], [[ChromeDriver: chrome on windows (944d27ba16ea2b534cc2d24374c5cdd8)] -> xpath: //div[@data-cy='title-recipe']], [[ChromeDriver: chrome on windows (944d27ba16ea2b534cc2d24374c5cdd8)] -> xpath: //div[@data-cy='title-recipe']], [[ChromeDriver: chrome on windows (944d27ba16ea2b534cc2d24374c5cdd8)] -> xpath: //div[@data-cy='title-recipe']], [[ChromeDriver: chrome on windows (944d27ba16ea2b534cc2d24374c5cdd8)] -> xpath: //div[@data-cy='title-recipe']], [[ChromeDriver: chrome on windows (944d27ba16ea2b534cc2d24374c5cdd8)] -> xpath: //div[@data-cy='title-recipe']], [[ChromeDriver: chrome on windows (944d27ba16ea2b534cc2d24374c5cdd8)] -> xpath: //div[@data-cy='title-recipe']], [[ChromeDriver: chrome on windows (944d27ba16ea2b534cc2d24374c5cdd8)] -> xpath: //div[@data-cy='title-recipe']], [[ChromeDriver: chrome on windows (944d27ba16ea2b534cc2d24374c5cdd8)] -> xpath: //div[@data-cy='title-recipe']], [[ChromeDriver: chrome on windows (944d27ba16ea2b534cc2d24374c5cdd8)] -> xpath: //div[@data-cy='title-recipe']], [[ChromeDriver: chrome on windows (944d27ba16ea2b534cc2d24374c5cdd8)] -> xpath: //div[@data-cy='title-recipe']], [[ChromeDriver: chrome on windows (944d27ba16ea2b534cc2d24374c5cdd8)] -> xpath: //div[@data-cy='title-recipe']], [[ChromeDriver: chrome on windows (944d27ba16ea2b534cc2d24374c5cdd8)] -> xpath: //div[@data-cy='title-recipe']], [[ChromeDriver: chrome on windows (944d27ba16ea2b534cc2d24374c5cdd8)] -> xpath: //div[@data-cy='title-recipe']]] from the safeFindElements method
20:37:01 [TestNG-test-Test-1] INFO  verifyingDisplayTypeFilterFunctionality_Laptop_20-32-11 - [verifyingDisplayTypeFilterFunctionality_Laptop_20-32-11] Within productNameListingPage loop in applyFilterAndValidateProductsWithResult
20:37:01 [TestNG-test-Test-1] INFO  verifyingDisplayTypeFilterFunctionality_Laptop_20-32-11 - [verifyingDisplayTypeFilterFunctionality_Laptop_20-32-11] Within getProductByIndex method
20:37:01 [TestNG-test-Test-1] INFO  verifyingDisplayTypeFilterFunctionality_Laptop_20-32-11 - [verifyingDisplayTypeFilterFunctionality_Laptop_20-32-11] Within safeFindElement method
20:37:01 [TestNG-test-Test-1] INFO  verifyingDisplayTypeFilterFunctionality_Laptop_20-32-11 - [verifyingDisplayTypeFilterFunctionality_Laptop_20-32-11]Found the element returning it ,element ->[[ChromeDriver: chrome on windows (944d27ba16ea2b534cc2d24374c5cdd8)] -> xpath: (//div[@data-cy='title-recipe'])[3]]
20:37:01 [TestNG-test-Test-1] INFO  verifyingDisplayTypeFilterFunctionality_Laptop_20-32-11 - [verifyingDisplayTypeFilterFunctionality_Laptop_20-32-11] Within getProductByIndex method
20:37:01 [TestNG-test-Test-1] INFO  verifyingDisplayTypeFilterFunctionality_Laptop_20-32-11 - [verifyingDisplayTypeFilterFunctionality_Laptop_20-32-11] Within smoothScrollToElement method
20:37:01 [TestNG-test-Test-1] INFO  verifyingDisplayTypeFilterFunctionality_Laptop_20-32-11 - [verifyingDisplayTypeFilterFunctionality_Laptop_20-32-11] Within safeFindElement method
20:37:01 [TestNG-test-Test-1] INFO  verifyingDisplayTypeFilterFunctionality_Laptop_20-32-11 - [verifyingDisplayTypeFilterFunctionality_Laptop_20-32-11]Found the element returning it ,element ->[[ChromeDriver: chrome on windows (944d27ba16ea2b534cc2d24374c5cdd8)] -> xpath: (//div[@data-cy='title-recipe'])[3]]
20:37:01 [TestNG-test-Test-1] INFO  verifyingDisplayTypeFilterFunctionality_Laptop_20-32-11 - [verifyingDisplayTypeFilterFunctionality_Laptop_20-32-11] Successfully scrolled to element: By.xpath: (//div[@data-cy='title-recipe'])[3]
20:37:01 [TestNG-test-Test-1] INFO  verifyingDisplayTypeFilterFunctionality_Laptop_20-32-11 - [verifyingDisplayTypeFilterFunctionality_Laptop_20-32-11] Getting product by index in productNameListingPage loop
20:37:01 [TestNG-test-Test-1] INFO  verifyingDisplayTypeFilterFunctionality_Laptop_20-32-11 - [verifyingDisplayTypeFilterFunctionality_Laptop_20-32-11] Opened product in new tab via Ctrl+Click inside productNameListingPage loop
20:37:01 [TestNG-test-Test-1] INFO  verifyingDisplayTypeFilterFunctionality_Laptop_20-32-11 - [verifyingDisplayTypeFilterFunctionality_Laptop_20-32-11] Waiting for new window to open...
20:37:01 [TestNG-test-Test-1] INFO  verifyingDisplayTypeFilterFunctionality_Laptop_20-32-11 - [verifyingDisplayTypeFilterFunctionality_Laptop_20-32-11] Switched to new window -> 4F96DF69016AF96FC4CAB406C4C96A44
20:37:01 [TestNG-test-Test-1] INFO  verifyingDisplayTypeFilterFunctionality_Laptop_20-32-11 - [verifyingDisplayTypeFilterFunctionality_Laptop_20-32-11] Swithcing to the new window  within productNameListingPage loop
20:37:01 [TestNG-test-Test-1] INFO  verifyingDisplayTypeFilterFunctionality_Laptop_20-32-11 - [verifyingDisplayTypeFilterFunctionality_Laptop_20-32-11] Clicked product name to open in new tab from productNameListingPage loop
20:37:01 [TestNG-test-Test-1] INFO  verifyingDisplayTypeFilterFunctionality_Laptop_20-32-11 - [verifyingDisplayTypeFilterFunctionality_Laptop_20-32-11] Within safeFindElement method
20:37:04 [TestNG-test-Test-1] INFO  verifyingDisplayTypeFilterFunctionality_Laptop_20-32-11 - [verifyingDisplayTypeFilterFunctionality_Laptop_20-32-11]Found the element returning it ,element ->[[ChromeDriver: chrome on windows (944d27ba16ea2b534cc2d24374c5cdd8)] -> xpath: //span[@id='productTitle']]
20:37:04 [TestNG-test-Test-1] INFO  verifyingDisplayTypeFilterFunctionality_Laptop_20-32-11 - [verifyingDisplayTypeFilterFunctionality_Laptop_20-32-11] Within safeFindElement method
20:37:05 [TestNG-test-Test-1] INFO  verifyingDisplayTypeFilterFunctionality_Laptop_20-32-11 - [verifyingDisplayTypeFilterFunctionality_Laptop_20-32-11]Found the element returning it ,element ->[[ChromeDriver: chrome on windows (944d27ba16ea2b534cc2d24374c5cdd8)] -> xpath: //div[@class='a-section a-spacing-small a-spacing-top-small']]
20:37:05 [TestNG-test-Test-1] INFO  verifyingDisplayTypeFilterFunctionality_Laptop_20-32-11 - [verifyingDisplayTypeFilterFunctionality_Laptop_20-32-11] Within safeFindElement method
20:37:05 [TestNG-test-Test-1] INFO  verifyingDisplayTypeFilterFunctionality_Laptop_20-32-11 - [verifyingDisplayTypeFilterFunctionality_Laptop_20-32-11]Found the element returning it ,element ->[[ChromeDriver: chrome on windows (944d27ba16ea2b534cc2d24374c5cdd8)] -> xpath: //div[@id='feature-bullets']]
20:37:05 [TestNG-test-Test-1] INFO  verifyingDisplayTypeFilterFunctionality_Laptop_20-32-11 - [verifyingDisplayTypeFilterFunctionality_Laptop_20-32-11] Within safeFindElement method
20:37:05 [TestNG-test-Test-1] INFO  verifyingDisplayTypeFilterFunctionality_Laptop_20-32-11 - [verifyingDisplayTypeFilterFunctionality_Laptop_20-32-11]Found the element returning it ,element ->[[ChromeDriver: chrome on windows (944d27ba16ea2b534cc2d24374c5cdd8)] -> xpath: //div[@id='prodDetails']]
20:37:05 [TestNG-test-Test-1] INFO  verifyingDisplayTypeFilterFunctionality_Laptop_20-32-11 - [verifyingDisplayTypeFilterFunctionality_Laptop_20-32-11] Extracting 'name' , 'keyFeatures', 'about' , 'techDetails' within productNameListingPage loop
20:37:05 [TestNG-test-Test-1] INFO  verifyingDisplayTypeFilterFunctionality_Laptop_20-32-11 - [verifyingDisplayTypeFilterFunctionality_Laptop_20-32-11] Waiting until element is visible in viewport
20:37:16 [TestNG-test-Test-1] INFO  verifyingDisplayTypeFilterFunctionality_Laptop_20-32-11 - [verifyingDisplayTypeFilterFunctionality_Laptop_20-32-11] Within smoothScrollToElement method
20:37:16 [TestNG-test-Test-1] INFO  verifyingDisplayTypeFilterFunctionality_Laptop_20-32-11 - [verifyingDisplayTypeFilterFunctionality_Laptop_20-32-11] Within safeFindElement method
20:37:16 [TestNG-test-Test-1] INFO  verifyingDisplayTypeFilterFunctionality_Laptop_20-32-11 - [verifyingDisplayTypeFilterFunctionality_Laptop_20-32-11]Found the element returning it ,element ->[[ChromeDriver: chrome on windows (944d27ba16ea2b534cc2d24374c5cdd8)] -> xpath: //a[@id='seeMoreDetailsLink']]
20:37:16 [TestNG-test-Test-1] INFO  verifyingDisplayTypeFilterFunctionality_Laptop_20-32-11 - [verifyingDisplayTypeFilterFunctionality_Laptop_20-32-11] Successfully scrolled to element: By.xpath: //a[@id='seeMoreDetailsLink']
20:37:16 [TestNG-test-Test-1] INFO  verifyingDisplayTypeFilterFunctionality_Laptop_20-32-11 - [verifyingDisplayTypeFilterFunctionality_Laptop_20-32-11] Within safeClick method
20:37:16 [TestNG-test-Test-1] INFO  verifyingDisplayTypeFilterFunctionality_Laptop_20-32-11 - [verifyingDisplayTypeFilterFunctionality_Laptop_20-32-11] Clicked the  [[ChromeDriver: chrome on windows (944d27ba16ea2b534cc2d24374c5cdd8)] -> xpath: //a[@id='seeMoreDetailsLink']]   using safeClick
20:37:16 [TestNG-test-Test-1] INFO  verifyingDisplayTypeFilterFunctionality_Laptop_20-32-11 - [verifyingDisplayTypeFilterFunctionality_Laptop_20-32-11] Within try block for clicking see more deatils within productNameListingPage loop
20:37:16 [TestNG-test-Test-1] INFO  verifyingDisplayTypeFilterFunctionality_Laptop_20-32-11 - [verifyingDisplayTypeFilterFunctionality_Laptop_20-32-11] Within closeCurrentWindowAndSwitchBack method
20:37:16 [TestNG-test-Test-1] INFO  verifyingDisplayTypeFilterFunctionality_Laptop_20-32-11 - [verifyingDisplayTypeFilterFunctionality_Laptop_20-32-11] Total open windows/tabs count -> 2
20:37:16 [TestNG-test-Test-1] INFO  verifyingDisplayTypeFilterFunctionality_Laptop_20-32-11 - [verifyingDisplayTypeFilterFunctionality_Laptop_20-32-11] Original window handle -> AA8B22BE0A8F774C28F62CC1C00B5AB3
20:37:16 [TestNG-test-Test-1] INFO  verifyingDisplayTypeFilterFunctionality_Laptop_20-32-11 - [verifyingDisplayTypeFilterFunctionality_Laptop_20-32-11] Found new tab/window handle -> 4F96DF69016AF96FC4CAB406C4C96A44 (will be closed)
20:37:16 [TestNG-test-Test-1] INFO  verifyingDisplayTypeFilterFunctionality_Laptop_20-32-11 - [verifyingDisplayTypeFilterFunctionality_Laptop_20-32-11] Successfully switched to new tab/window -> 4F96DF69016AF96FC4CAB406C4C96A44
20:37:17 [TestNG-test-Test-1] INFO  verifyingDisplayTypeFilterFunctionality_Laptop_20-32-11 - [verifyingDisplayTypeFilterFunctionality_Laptop_20-32-11] Closed the newly opened tab/window -> 4F96DF69016AF96FC4CAB406C4C96A44
20:37:17 [TestNG-test-Test-1] INFO  verifyingDisplayTypeFilterFunctionality_Laptop_20-32-11 - [verifyingDisplayTypeFilterFunctionality_Laptop_20-32-11] Switched back to the original window -> AA8B22BE0A8F774C28F62CC1C00B5AB3
20:37:17 [TestNG-test-Test-1] INFO  verifyingDisplayTypeFilterFunctionality_Laptop_20-32-11 - [verifyingDisplayTypeFilterFunctionality_Laptop_20-32-11]  going back to product listing via closeCurrentWindowAndSwitchBack 
20:37:17 [TestNG-test-Test-1] INFO  verifyingDisplayTypeFilterFunctionality_Laptop_20-32-11 - [verifyingDisplayTypeFilterFunctionality_Laptop_20-32-11]  Added 'filter','title','keyFeatures', 'about', 'techDetails' into the Map -> productResult
20:37:17 [TestNG-test-Test-1] INFO  verifyingDisplayTypeFilterFunctionality_Laptop_20-32-11 - [verifyingDisplayTypeFilterFunctionality_Laptop_20-32-11]  Added 'productResult' Map into the 'results' i.e list of maps 
20:37:17 [TestNG-test-Test-1] INFO  verifyingDisplayTypeFilterFunctionality_Laptop_20-32-11 - [verifyingDisplayTypeFilterFunctionality_Laptop_20-32-11]==========================================================================================================
20:37:17 [TestNG-test-Test-1] INFO  verifyingDisplayTypeFilterFunctionality_Laptop_20-32-11 - [verifyingDisplayTypeFilterFunctionality_Laptop_20-32-11] Within safeFindElements 
20:37:17 [TestNG-test-Test-1] INFO  verifyingDisplayTypeFilterFunctionality_Laptop_20-32-11 - [verifyingDisplayTypeFilterFunctionality_Laptop_20-32-11] Returning the  [[[ChromeDriver: chrome on windows (944d27ba16ea2b534cc2d24374c5cdd8)] -> xpath: //div[@data-cy='title-recipe']], [[ChromeDriver: chrome on windows (944d27ba16ea2b534cc2d24374c5cdd8)] -> xpath: //div[@data-cy='title-recipe']], [[ChromeDriver: chrome on windows (944d27ba16ea2b534cc2d24374c5cdd8)] -> xpath: //div[@data-cy='title-recipe']], [[ChromeDriver: chrome on windows (944d27ba16ea2b534cc2d24374c5cdd8)] -> xpath: //div[@data-cy='title-recipe']], [[ChromeDriver: chrome on windows (944d27ba16ea2b534cc2d24374c5cdd8)] -> xpath: //div[@data-cy='title-recipe']], [[ChromeDriver: chrome on windows (944d27ba16ea2b534cc2d24374c5cdd8)] -> xpath: //div[@data-cy='title-recipe']], [[ChromeDriver: chrome on windows (944d27ba16ea2b534cc2d24374c5cdd8)] -> xpath: //div[@data-cy='title-recipe']], [[ChromeDriver: chrome on windows (944d27ba16ea2b534cc2d24374c5cdd8)] -> xpath: //div[@data-cy='title-recipe']], [[ChromeDriver: chrome on windows (944d27ba16ea2b534cc2d24374c5cdd8)] -> xpath: //div[@data-cy='title-recipe']], [[ChromeDriver: chrome on windows (944d27ba16ea2b534cc2d24374c5cdd8)] -> xpath: //div[@data-cy='title-recipe']], [[ChromeDriver: chrome on windows (944d27ba16ea2b534cc2d24374c5cdd8)] -> xpath: //div[@data-cy='title-recipe']], [[ChromeDriver: chrome on windows (944d27ba16ea2b534cc2d24374c5cdd8)] -> xpath: //div[@data-cy='title-recipe']], [[ChromeDriver: chrome on windows (944d27ba16ea2b534cc2d24374c5cdd8)] -> xpath: //div[@data-cy='title-recipe']], [[ChromeDriver: chrome on windows (944d27ba16ea2b534cc2d24374c5cdd8)] -> xpath: //div[@data-cy='title-recipe']], [[ChromeDriver: chrome on windows (944d27ba16ea2b534cc2d24374c5cdd8)] -> xpath: //div[@data-cy='title-recipe']], [[ChromeDriver: chrome on windows (944d27ba16ea2b534cc2d24374c5cdd8)] -> xpath: //div[@data-cy='title-recipe']]] from the safeFindElements method
20:37:17 [TestNG-test-Test-1] INFO  verifyingDisplayTypeFilterFunctionality_Laptop_20-32-11 - [verifyingDisplayTypeFilterFunctionality_Laptop_20-32-11] Within productNameListingPage loop in applyFilterAndValidateProductsWithResult
20:37:17 [TestNG-test-Test-1] INFO  verifyingDisplayTypeFilterFunctionality_Laptop_20-32-11 - [verifyingDisplayTypeFilterFunctionality_Laptop_20-32-11] Within getProductByIndex method
20:37:17 [TestNG-test-Test-1] INFO  verifyingDisplayTypeFilterFunctionality_Laptop_20-32-11 - [verifyingDisplayTypeFilterFunctionality_Laptop_20-32-11] Within safeFindElement method
20:37:17 [TestNG-test-Test-1] INFO  verifyingDisplayTypeFilterFunctionality_Laptop_20-32-11 - [verifyingDisplayTypeFilterFunctionality_Laptop_20-32-11]Found the element returning it ,element ->[[ChromeDriver: chrome on windows (944d27ba16ea2b534cc2d24374c5cdd8)] -> xpath: (//div[@data-cy='title-recipe'])[4]]
20:37:17 [TestNG-test-Test-1] INFO  verifyingDisplayTypeFilterFunctionality_Laptop_20-32-11 - [verifyingDisplayTypeFilterFunctionality_Laptop_20-32-11] Within getProductByIndex method
20:37:17 [TestNG-test-Test-1] INFO  verifyingDisplayTypeFilterFunctionality_Laptop_20-32-11 - [verifyingDisplayTypeFilterFunctionality_Laptop_20-32-11] Within smoothScrollToElement method
20:37:17 [TestNG-test-Test-1] INFO  verifyingDisplayTypeFilterFunctionality_Laptop_20-32-11 - [verifyingDisplayTypeFilterFunctionality_Laptop_20-32-11] Within safeFindElement method
20:37:17 [TestNG-test-Test-1] INFO  verifyingDisplayTypeFilterFunctionality_Laptop_20-32-11 - [verifyingDisplayTypeFilterFunctionality_Laptop_20-32-11]Found the element returning it ,element ->[[ChromeDriver: chrome on windows (944d27ba16ea2b534cc2d24374c5cdd8)] -> xpath: (//div[@data-cy='title-recipe'])[4]]
20:37:17 [TestNG-test-Test-1] INFO  verifyingDisplayTypeFilterFunctionality_Laptop_20-32-11 - [verifyingDisplayTypeFilterFunctionality_Laptop_20-32-11] Successfully scrolled to element: By.xpath: (//div[@data-cy='title-recipe'])[4]
20:37:17 [TestNG-test-Test-1] INFO  verifyingDisplayTypeFilterFunctionality_Laptop_20-32-11 - [verifyingDisplayTypeFilterFunctionality_Laptop_20-32-11] Getting product by index in productNameListingPage loop
20:37:17 [TestNG-test-Test-1] INFO  verifyingDisplayTypeFilterFunctionality_Laptop_20-32-11 - [verifyingDisplayTypeFilterFunctionality_Laptop_20-32-11] Opened product in new tab via Ctrl+Click inside productNameListingPage loop
20:37:17 [TestNG-test-Test-1] INFO  verifyingDisplayTypeFilterFunctionality_Laptop_20-32-11 - [verifyingDisplayTypeFilterFunctionality_Laptop_20-32-11] Waiting for new window to open...
20:37:17 [TestNG-test-Test-1] INFO  verifyingDisplayTypeFilterFunctionality_Laptop_20-32-11 - [verifyingDisplayTypeFilterFunctionality_Laptop_20-32-11] Switched to new window -> 569476946666C5C7023D9202CFD2CA3A
20:37:17 [TestNG-test-Test-1] INFO  verifyingDisplayTypeFilterFunctionality_Laptop_20-32-11 - [verifyingDisplayTypeFilterFunctionality_Laptop_20-32-11] Swithcing to the new window  within productNameListingPage loop
20:37:17 [TestNG-test-Test-1] INFO  verifyingDisplayTypeFilterFunctionality_Laptop_20-32-11 - [verifyingDisplayTypeFilterFunctionality_Laptop_20-32-11] Clicked product name to open in new tab from productNameListingPage loop
20:37:17 [TestNG-test-Test-1] INFO  verifyingDisplayTypeFilterFunctionality_Laptop_20-32-11 - [verifyingDisplayTypeFilterFunctionality_Laptop_20-32-11] Within safeFindElement method
20:37:20 [TestNG-test-Test-1] INFO  verifyingDisplayTypeFilterFunctionality_Laptop_20-32-11 - [verifyingDisplayTypeFilterFunctionality_Laptop_20-32-11]Found the element returning it ,element ->[[ChromeDriver: chrome on windows (944d27ba16ea2b534cc2d24374c5cdd8)] -> xpath: //span[@id='productTitle']]
20:37:20 [TestNG-test-Test-1] INFO  verifyingDisplayTypeFilterFunctionality_Laptop_20-32-11 - [verifyingDisplayTypeFilterFunctionality_Laptop_20-32-11] Within safeFindElement method
20:37:21 [TestNG-test-Test-1] INFO  verifyingDisplayTypeFilterFunctionality_Laptop_20-32-11 - [verifyingDisplayTypeFilterFunctionality_Laptop_20-32-11]Found the element returning it ,element ->[[ChromeDriver: chrome on windows (944d27ba16ea2b534cc2d24374c5cdd8)] -> xpath: //div[@class='a-section a-spacing-small a-spacing-top-small']]
20:37:21 [TestNG-test-Test-1] INFO  verifyingDisplayTypeFilterFunctionality_Laptop_20-32-11 - [verifyingDisplayTypeFilterFunctionality_Laptop_20-32-11] Within safeFindElement method
20:37:21 [TestNG-test-Test-1] INFO  verifyingDisplayTypeFilterFunctionality_Laptop_20-32-11 - [verifyingDisplayTypeFilterFunctionality_Laptop_20-32-11]Found the element returning it ,element ->[[ChromeDriver: chrome on windows (944d27ba16ea2b534cc2d24374c5cdd8)] -> xpath: //div[@id='feature-bullets']]
20:37:21 [TestNG-test-Test-1] INFO  verifyingDisplayTypeFilterFunctionality_Laptop_20-32-11 - [verifyingDisplayTypeFilterFunctionality_Laptop_20-32-11] Within safeFindElement method
20:37:21 [TestNG-test-Test-1] INFO  verifyingDisplayTypeFilterFunctionality_Laptop_20-32-11 - [verifyingDisplayTypeFilterFunctionality_Laptop_20-32-11]Found the element returning it ,element ->[[ChromeDriver: chrome on windows (944d27ba16ea2b534cc2d24374c5cdd8)] -> xpath: //div[@id='prodDetails']]
20:37:21 [TestNG-test-Test-1] INFO  verifyingDisplayTypeFilterFunctionality_Laptop_20-32-11 - [verifyingDisplayTypeFilterFunctionality_Laptop_20-32-11] Extracting 'name' , 'keyFeatures', 'about' , 'techDetails' within productNameListingPage loop
20:37:21 [TestNG-test-Test-1] INFO  verifyingDisplayTypeFilterFunctionality_Laptop_20-32-11 - [verifyingDisplayTypeFilterFunctionality_Laptop_20-32-11] Waiting until element is visible in viewport
20:37:31 [TestNG-test-Test-1] INFO  verifyingDisplayTypeFilterFunctionality_Laptop_20-32-11 - [verifyingDisplayTypeFilterFunctionality_Laptop_20-32-11] Within smoothScrollToElement method
20:37:31 [TestNG-test-Test-1] INFO  verifyingDisplayTypeFilterFunctionality_Laptop_20-32-11 - [verifyingDisplayTypeFilterFunctionality_Laptop_20-32-11] Within safeFindElement method
20:37:31 [TestNG-test-Test-1] INFO  verifyingDisplayTypeFilterFunctionality_Laptop_20-32-11 - [verifyingDisplayTypeFilterFunctionality_Laptop_20-32-11]Found the element returning it ,element ->[[ChromeDriver: chrome on windows (944d27ba16ea2b534cc2d24374c5cdd8)] -> xpath: //a[@id='seeMoreDetailsLink']]
20:37:31 [TestNG-test-Test-1] INFO  verifyingDisplayTypeFilterFunctionality_Laptop_20-32-11 - [verifyingDisplayTypeFilterFunctionality_Laptop_20-32-11] Successfully scrolled to element: By.xpath: //a[@id='seeMoreDetailsLink']
20:37:31 [TestNG-test-Test-1] INFO  verifyingDisplayTypeFilterFunctionality_Laptop_20-32-11 - [verifyingDisplayTypeFilterFunctionality_Laptop_20-32-11] Within safeClick method
20:37:32 [TestNG-test-Test-1] INFO  verifyingDisplayTypeFilterFunctionality_Laptop_20-32-11 - [verifyingDisplayTypeFilterFunctionality_Laptop_20-32-11] Clicked the  [[ChromeDriver: chrome on windows (944d27ba16ea2b534cc2d24374c5cdd8)] -> xpath: //a[@id='seeMoreDetailsLink']]   using safeClick
20:37:32 [TestNG-test-Test-1] INFO  verifyingDisplayTypeFilterFunctionality_Laptop_20-32-11 - [verifyingDisplayTypeFilterFunctionality_Laptop_20-32-11] Within try block for clicking see more deatils within productNameListingPage loop
20:37:32 [TestNG-test-Test-1] INFO  verifyingDisplayTypeFilterFunctionality_Laptop_20-32-11 - [verifyingDisplayTypeFilterFunctionality_Laptop_20-32-11] Within closeCurrentWindowAndSwitchBack method
20:37:32 [TestNG-test-Test-1] INFO  verifyingDisplayTypeFilterFunctionality_Laptop_20-32-11 - [verifyingDisplayTypeFilterFunctionality_Laptop_20-32-11] Total open windows/tabs count -> 2
20:37:32 [TestNG-test-Test-1] INFO  verifyingDisplayTypeFilterFunctionality_Laptop_20-32-11 - [verifyingDisplayTypeFilterFunctionality_Laptop_20-32-11] Original window handle -> AA8B22BE0A8F774C28F62CC1C00B5AB3
20:37:32 [TestNG-test-Test-1] INFO  verifyingDisplayTypeFilterFunctionality_Laptop_20-32-11 - [verifyingDisplayTypeFilterFunctionality_Laptop_20-32-11] Found new tab/window handle -> 569476946666C5C7023D9202CFD2CA3A (will be closed)
20:37:32 [TestNG-test-Test-1] INFO  verifyingDisplayTypeFilterFunctionality_Laptop_20-32-11 - [verifyingDisplayTypeFilterFunctionality_Laptop_20-32-11] Successfully switched to new tab/window -> 569476946666C5C7023D9202CFD2CA3A
20:37:32 [TestNG-test-Test-1] INFO  verifyingDisplayTypeFilterFunctionality_Laptop_20-32-11 - [verifyingDisplayTypeFilterFunctionality_Laptop_20-32-11] Closed the newly opened tab/window -> 569476946666C5C7023D9202CFD2CA3A
20:37:32 [TestNG-test-Test-1] INFO  verifyingDisplayTypeFilterFunctionality_Laptop_20-32-11 - [verifyingDisplayTypeFilterFunctionality_Laptop_20-32-11] Switched back to the original window -> AA8B22BE0A8F774C28F62CC1C00B5AB3
20:37:32 [TestNG-test-Test-1] INFO  verifyingDisplayTypeFilterFunctionality_Laptop_20-32-11 - [verifyingDisplayTypeFilterFunctionality_Laptop_20-32-11]  going back to product listing via closeCurrentWindowAndSwitchBack 
20:37:32 [TestNG-test-Test-1] INFO  verifyingDisplayTypeFilterFunctionality_Laptop_20-32-11 - [verifyingDisplayTypeFilterFunctionality_Laptop_20-32-11]  Added 'filter','title','keyFeatures', 'about', 'techDetails' into the Map -> productResult
20:37:32 [TestNG-test-Test-1] INFO  verifyingDisplayTypeFilterFunctionality_Laptop_20-32-11 - [verifyingDisplayTypeFilterFunctionality_Laptop_20-32-11]  Added 'productResult' Map into the 'results' i.e list of maps 
20:37:32 [TestNG-test-Test-1] INFO  verifyingDisplayTypeFilterFunctionality_Laptop_20-32-11 - [verifyingDisplayTypeFilterFunctionality_Laptop_20-32-11]==========================================================================================================
20:37:32 [TestNG-test-Test-1] INFO  verifyingDisplayTypeFilterFunctionality_Laptop_20-32-11 - [verifyingDisplayTypeFilterFunctionality_Laptop_20-32-11] Within safeFindElements 
20:37:32 [TestNG-test-Test-1] INFO  verifyingDisplayTypeFilterFunctionality_Laptop_20-32-11 - [verifyingDisplayTypeFilterFunctionality_Laptop_20-32-11] Returning the  [[[ChromeDriver: chrome on windows (944d27ba16ea2b534cc2d24374c5cdd8)] -> xpath: //div[@data-cy='title-recipe']], [[ChromeDriver: chrome on windows (944d27ba16ea2b534cc2d24374c5cdd8)] -> xpath: //div[@data-cy='title-recipe']], [[ChromeDriver: chrome on windows (944d27ba16ea2b534cc2d24374c5cdd8)] -> xpath: //div[@data-cy='title-recipe']], [[ChromeDriver: chrome on windows (944d27ba16ea2b534cc2d24374c5cdd8)] -> xpath: //div[@data-cy='title-recipe']], [[ChromeDriver: chrome on windows (944d27ba16ea2b534cc2d24374c5cdd8)] -> xpath: //div[@data-cy='title-recipe']], [[ChromeDriver: chrome on windows (944d27ba16ea2b534cc2d24374c5cdd8)] -> xpath: //div[@data-cy='title-recipe']], [[ChromeDriver: chrome on windows (944d27ba16ea2b534cc2d24374c5cdd8)] -> xpath: //div[@data-cy='title-recipe']], [[ChromeDriver: chrome on windows (944d27ba16ea2b534cc2d24374c5cdd8)] -> xpath: //div[@data-cy='title-recipe']], [[ChromeDriver: chrome on windows (944d27ba16ea2b534cc2d24374c5cdd8)] -> xpath: //div[@data-cy='title-recipe']], [[ChromeDriver: chrome on windows (944d27ba16ea2b534cc2d24374c5cdd8)] -> xpath: //div[@data-cy='title-recipe']], [[ChromeDriver: chrome on windows (944d27ba16ea2b534cc2d24374c5cdd8)] -> xpath: //div[@data-cy='title-recipe']], [[ChromeDriver: chrome on windows (944d27ba16ea2b534cc2d24374c5cdd8)] -> xpath: //div[@data-cy='title-recipe']], [[ChromeDriver: chrome on windows (944d27ba16ea2b534cc2d24374c5cdd8)] -> xpath: //div[@data-cy='title-recipe']], [[ChromeDriver: chrome on windows (944d27ba16ea2b534cc2d24374c5cdd8)] -> xpath: //div[@data-cy='title-recipe']], [[ChromeDriver: chrome on windows (944d27ba16ea2b534cc2d24374c5cdd8)] -> xpath: //div[@data-cy='title-recipe']], [[ChromeDriver: chrome on windows (944d27ba16ea2b534cc2d24374c5cdd8)] -> xpath: //div[@data-cy='title-recipe']]] from the safeFindElements method
20:37:32 [TestNG-test-Test-1] INFO  verifyingDisplayTypeFilterFunctionality_Laptop_20-32-11 - [verifyingDisplayTypeFilterFunctionality_Laptop_20-32-11] Within productNameListingPage loop in applyFilterAndValidateProductsWithResult
20:37:32 [TestNG-test-Test-1] INFO  verifyingDisplayTypeFilterFunctionality_Laptop_20-32-11 - [verifyingDisplayTypeFilterFunctionality_Laptop_20-32-11] Within getProductByIndex method
20:37:32 [TestNG-test-Test-1] INFO  verifyingDisplayTypeFilterFunctionality_Laptop_20-32-11 - [verifyingDisplayTypeFilterFunctionality_Laptop_20-32-11] Within safeFindElement method
20:37:32 [TestNG-test-Test-1] INFO  verifyingDisplayTypeFilterFunctionality_Laptop_20-32-11 - [verifyingDisplayTypeFilterFunctionality_Laptop_20-32-11]Found the element returning it ,element ->[[ChromeDriver: chrome on windows (944d27ba16ea2b534cc2d24374c5cdd8)] -> xpath: (//div[@data-cy='title-recipe'])[5]]
20:37:32 [TestNG-test-Test-1] INFO  verifyingDisplayTypeFilterFunctionality_Laptop_20-32-11 - [verifyingDisplayTypeFilterFunctionality_Laptop_20-32-11] Within getProductByIndex method
20:37:32 [TestNG-test-Test-1] INFO  verifyingDisplayTypeFilterFunctionality_Laptop_20-32-11 - [verifyingDisplayTypeFilterFunctionality_Laptop_20-32-11] Within smoothScrollToElement method
20:37:32 [TestNG-test-Test-1] INFO  verifyingDisplayTypeFilterFunctionality_Laptop_20-32-11 - [verifyingDisplayTypeFilterFunctionality_Laptop_20-32-11] Within safeFindElement method
20:37:32 [TestNG-test-Test-1] INFO  verifyingDisplayTypeFilterFunctionality_Laptop_20-32-11 - [verifyingDisplayTypeFilterFunctionality_Laptop_20-32-11]Found the element returning it ,element ->[[ChromeDriver: chrome on windows (944d27ba16ea2b534cc2d24374c5cdd8)] -> xpath: (//div[@data-cy='title-recipe'])[5]]
20:37:32 [TestNG-test-Test-1] INFO  verifyingDisplayTypeFilterFunctionality_Laptop_20-32-11 - [verifyingDisplayTypeFilterFunctionality_Laptop_20-32-11] Successfully scrolled to element: By.xpath: (//div[@data-cy='title-recipe'])[5]
20:37:32 [TestNG-test-Test-1] INFO  verifyingDisplayTypeFilterFunctionality_Laptop_20-32-11 - [verifyingDisplayTypeFilterFunctionality_Laptop_20-32-11] Getting product by index in productNameListingPage loop
20:37:32 [TestNG-test-Test-1] INFO  verifyingDisplayTypeFilterFunctionality_Laptop_20-32-11 - [verifyingDisplayTypeFilterFunctionality_Laptop_20-32-11] Opened product in new tab via Ctrl+Click inside productNameListingPage loop
20:37:32 [TestNG-test-Test-1] INFO  verifyingDisplayTypeFilterFunctionality_Laptop_20-32-11 - [verifyingDisplayTypeFilterFunctionality_Laptop_20-32-11] Waiting for new window to open...
20:37:32 [TestNG-test-Test-1] INFO  verifyingDisplayTypeFilterFunctionality_Laptop_20-32-11 - [verifyingDisplayTypeFilterFunctionality_Laptop_20-32-11] Switched to new window -> 08D6E66B92338EBF24470A4720B05362
20:37:32 [TestNG-test-Test-1] INFO  verifyingDisplayTypeFilterFunctionality_Laptop_20-32-11 - [verifyingDisplayTypeFilterFunctionality_Laptop_20-32-11] Swithcing to the new window  within productNameListingPage loop
20:37:32 [TestNG-test-Test-1] INFO  verifyingDisplayTypeFilterFunctionality_Laptop_20-32-11 - [verifyingDisplayTypeFilterFunctionality_Laptop_20-32-11] Clicked product name to open in new tab from productNameListingPage loop
20:37:32 [TestNG-test-Test-1] INFO  verifyingDisplayTypeFilterFunctionality_Laptop_20-32-11 - [verifyingDisplayTypeFilterFunctionality_Laptop_20-32-11] Within safeFindElement method
20:37:35 [TestNG-test-Test-1] INFO  verifyingDisplayTypeFilterFunctionality_Laptop_20-32-11 - [verifyingDisplayTypeFilterFunctionality_Laptop_20-32-11]Found the element returning it ,element ->[[ChromeDriver: chrome on windows (944d27ba16ea2b534cc2d24374c5cdd8)] -> xpath: //span[@id='productTitle']]
20:37:35 [TestNG-test-Test-1] INFO  verifyingDisplayTypeFilterFunctionality_Laptop_20-32-11 - [verifyingDisplayTypeFilterFunctionality_Laptop_20-32-11] Within safeFindElement method
20:37:35 [TestNG-test-Test-1] INFO  verifyingDisplayTypeFilterFunctionality_Laptop_20-32-11 - [verifyingDisplayTypeFilterFunctionality_Laptop_20-32-11]Found the element returning it ,element ->[[ChromeDriver: chrome on windows (944d27ba16ea2b534cc2d24374c5cdd8)] -> xpath: //div[@class='a-section a-spacing-small a-spacing-top-small']]
20:37:35 [TestNG-test-Test-1] INFO  verifyingDisplayTypeFilterFunctionality_Laptop_20-32-11 - [verifyingDisplayTypeFilterFunctionality_Laptop_20-32-11] Within safeFindElement method
20:37:35 [TestNG-test-Test-1] INFO  verifyingDisplayTypeFilterFunctionality_Laptop_20-32-11 - [verifyingDisplayTypeFilterFunctionality_Laptop_20-32-11]Found the element returning it ,element ->[[ChromeDriver: chrome on windows (944d27ba16ea2b534cc2d24374c5cdd8)] -> xpath: //div[@id='feature-bullets']]
20:37:35 [TestNG-test-Test-1] INFO  verifyingDisplayTypeFilterFunctionality_Laptop_20-32-11 - [verifyingDisplayTypeFilterFunctionality_Laptop_20-32-11] Within safeFindElement method
20:37:35 [TestNG-test-Test-1] INFO  verifyingDisplayTypeFilterFunctionality_Laptop_20-32-11 - [verifyingDisplayTypeFilterFunctionality_Laptop_20-32-11]Found the element returning it ,element ->[[ChromeDriver: chrome on windows (944d27ba16ea2b534cc2d24374c5cdd8)] -> xpath: //div[@id='prodDetails']]
20:37:35 [TestNG-test-Test-1] INFO  verifyingDisplayTypeFilterFunctionality_Laptop_20-32-11 - [verifyingDisplayTypeFilterFunctionality_Laptop_20-32-11] Extracting 'name' , 'keyFeatures', 'about' , 'techDetails' within productNameListingPage loop
20:37:35 [TestNG-test-Test-1] INFO  verifyingDisplayTypeFilterFunctionality_Laptop_20-32-11 - [verifyingDisplayTypeFilterFunctionality_Laptop_20-32-11] Waiting until element is visible in viewport
20:37:46 [TestNG-test-Test-1] INFO  verifyingDisplayTypeFilterFunctionality_Laptop_20-32-11 - [verifyingDisplayTypeFilterFunctionality_Laptop_20-32-11] Within smoothScrollToElement method
20:37:46 [TestNG-test-Test-1] INFO  verifyingDisplayTypeFilterFunctionality_Laptop_20-32-11 - [verifyingDisplayTypeFilterFunctionality_Laptop_20-32-11] Within safeFindElement method
20:37:46 [TestNG-test-Test-1] INFO  verifyingDisplayTypeFilterFunctionality_Laptop_20-32-11 - [verifyingDisplayTypeFilterFunctionality_Laptop_20-32-11]Found the element returning it ,element ->[[ChromeDriver: chrome on windows (944d27ba16ea2b534cc2d24374c5cdd8)] -> xpath: //a[@id='seeMoreDetailsLink']]
20:37:46 [TestNG-test-Test-1] INFO  verifyingDisplayTypeFilterFunctionality_Laptop_20-32-11 - [verifyingDisplayTypeFilterFunctionality_Laptop_20-32-11] Successfully scrolled to element: By.xpath: //a[@id='seeMoreDetailsLink']
20:37:46 [TestNG-test-Test-1] INFO  verifyingDisplayTypeFilterFunctionality_Laptop_20-32-11 - [verifyingDisplayTypeFilterFunctionality_Laptop_20-32-11] Within safeClick method
20:37:46 [TestNG-test-Test-1] INFO  verifyingDisplayTypeFilterFunctionality_Laptop_20-32-11 - [verifyingDisplayTypeFilterFunctionality_Laptop_20-32-11] Clicked the  [[ChromeDriver: chrome on windows (944d27ba16ea2b534cc2d24374c5cdd8)] -> xpath: //a[@id='seeMoreDetailsLink']]   using safeClick
20:37:46 [TestNG-test-Test-1] INFO  verifyingDisplayTypeFilterFunctionality_Laptop_20-32-11 - [verifyingDisplayTypeFilterFunctionality_Laptop_20-32-11] Within try block for clicking see more deatils within productNameListingPage loop
20:37:46 [TestNG-test-Test-1] INFO  verifyingDisplayTypeFilterFunctionality_Laptop_20-32-11 - [verifyingDisplayTypeFilterFunctionality_Laptop_20-32-11] Within closeCurrentWindowAndSwitchBack method
20:37:46 [TestNG-test-Test-1] INFO  verifyingDisplayTypeFilterFunctionality_Laptop_20-32-11 - [verifyingDisplayTypeFilterFunctionality_Laptop_20-32-11] Total open windows/tabs count -> 2
20:37:46 [TestNG-test-Test-1] INFO  verifyingDisplayTypeFilterFunctionality_Laptop_20-32-11 - [verifyingDisplayTypeFilterFunctionality_Laptop_20-32-11] Original window handle -> AA8B22BE0A8F774C28F62CC1C00B5AB3
20:37:46 [TestNG-test-Test-1] INFO  verifyingDisplayTypeFilterFunctionality_Laptop_20-32-11 - [verifyingDisplayTypeFilterFunctionality_Laptop_20-32-11] Found new tab/window handle -> 08D6E66B92338EBF24470A4720B05362 (will be closed)
20:37:46 [TestNG-test-Test-1] INFO  verifyingDisplayTypeFilterFunctionality_Laptop_20-32-11 - [verifyingDisplayTypeFilterFunctionality_Laptop_20-32-11] Successfully switched to new tab/window -> 08D6E66B92338EBF24470A4720B05362
20:37:46 [TestNG-test-Test-1] INFO  verifyingDisplayTypeFilterFunctionality_Laptop_20-32-11 - [verifyingDisplayTypeFilterFunctionality_Laptop_20-32-11] Closed the newly opened tab/window -> 08D6E66B92338EBF24470A4720B05362
20:37:46 [TestNG-test-Test-1] INFO  verifyingDisplayTypeFilterFunctionality_Laptop_20-32-11 - [verifyingDisplayTypeFilterFunctionality_Laptop_20-32-11] Switched back to the original window -> AA8B22BE0A8F774C28F62CC1C00B5AB3
20:37:46 [TestNG-test-Test-1] INFO  verifyingDisplayTypeFilterFunctionality_Laptop_20-32-11 - [verifyingDisplayTypeFilterFunctionality_Laptop_20-32-11]  going back to product listing via closeCurrentWindowAndSwitchBack 
20:37:46 [TestNG-test-Test-1] INFO  verifyingDisplayTypeFilterFunctionality_Laptop_20-32-11 - [verifyingDisplayTypeFilterFunctionality_Laptop_20-32-11]  Added 'filter','title','keyFeatures', 'about', 'techDetails' into the Map -> productResult
20:37:46 [TestNG-test-Test-1] INFO  verifyingDisplayTypeFilterFunctionality_Laptop_20-32-11 - [verifyingDisplayTypeFilterFunctionality_Laptop_20-32-11]  Added 'productResult' Map into the 'results' i.e list of maps 
20:37:46 [TestNG-test-Test-1] INFO  verifyingDisplayTypeFilterFunctionality_Laptop_20-32-11 - [verifyingDisplayTypeFilterFunctionality_Laptop_20-32-11]==========================================================================================================
20:37:46 [TestNG-test-Test-1] INFO  verifyingDisplayTypeFilterFunctionality_Laptop_20-32-11 - [verifyingDisplayTypeFilterFunctionality_Laptop_20-32-11] Within safeFindElements 
20:37:46 [TestNG-test-Test-1] INFO  verifyingDisplayTypeFilterFunctionality_Laptop_20-32-11 - [verifyingDisplayTypeFilterFunctionality_Laptop_20-32-11] Returning the  [[[ChromeDriver: chrome on windows (944d27ba16ea2b534cc2d24374c5cdd8)] -> xpath: //div[@data-cy='title-recipe']], [[ChromeDriver: chrome on windows (944d27ba16ea2b534cc2d24374c5cdd8)] -> xpath: //div[@data-cy='title-recipe']], [[ChromeDriver: chrome on windows (944d27ba16ea2b534cc2d24374c5cdd8)] -> xpath: //div[@data-cy='title-recipe']], [[ChromeDriver: chrome on windows (944d27ba16ea2b534cc2d24374c5cdd8)] -> xpath: //div[@data-cy='title-recipe']], [[ChromeDriver: chrome on windows (944d27ba16ea2b534cc2d24374c5cdd8)] -> xpath: //div[@data-cy='title-recipe']], [[ChromeDriver: chrome on windows (944d27ba16ea2b534cc2d24374c5cdd8)] -> xpath: //div[@data-cy='title-recipe']], [[ChromeDriver: chrome on windows (944d27ba16ea2b534cc2d24374c5cdd8)] -> xpath: //div[@data-cy='title-recipe']], [[ChromeDriver: chrome on windows (944d27ba16ea2b534cc2d24374c5cdd8)] -> xpath: //div[@data-cy='title-recipe']], [[ChromeDriver: chrome on windows (944d27ba16ea2b534cc2d24374c5cdd8)] -> xpath: //div[@data-cy='title-recipe']], [[ChromeDriver: chrome on windows (944d27ba16ea2b534cc2d24374c5cdd8)] -> xpath: //div[@data-cy='title-recipe']], [[ChromeDriver: chrome on windows (944d27ba16ea2b534cc2d24374c5cdd8)] -> xpath: //div[@data-cy='title-recipe']], [[ChromeDriver: chrome on windows (944d27ba16ea2b534cc2d24374c5cdd8)] -> xpath: //div[@data-cy='title-recipe']], [[ChromeDriver: chrome on windows (944d27ba16ea2b534cc2d24374c5cdd8)] -> xpath: //div[@data-cy='title-recipe']], [[ChromeDriver: chrome on windows (944d27ba16ea2b534cc2d24374c5cdd8)] -> xpath: //div[@data-cy='title-recipe']], [[ChromeDriver: chrome on windows (944d27ba16ea2b534cc2d24374c5cdd8)] -> xpath: //div[@data-cy='title-recipe']], [[ChromeDriver: chrome on windows (944d27ba16ea2b534cc2d24374c5cdd8)] -> xpath: //div[@data-cy='title-recipe']]] from the safeFindElements method
20:37:46 [TestNG-test-Test-1] INFO  verifyingDisplayTypeFilterFunctionality_Laptop_20-32-11 - [verifyingDisplayTypeFilterFunctionality_Laptop_20-32-11] Within productNameListingPage loop in applyFilterAndValidateProductsWithResult
20:37:46 [TestNG-test-Test-1] INFO  verifyingDisplayTypeFilterFunctionality_Laptop_20-32-11 - [verifyingDisplayTypeFilterFunctionality_Laptop_20-32-11] Within getProductByIndex method
20:37:46 [TestNG-test-Test-1] INFO  verifyingDisplayTypeFilterFunctionality_Laptop_20-32-11 - [verifyingDisplayTypeFilterFunctionality_Laptop_20-32-11] Within safeFindElement method
20:37:47 [TestNG-test-Test-1] INFO  verifyingDisplayTypeFilterFunctionality_Laptop_20-32-11 - [verifyingDisplayTypeFilterFunctionality_Laptop_20-32-11]Found the element returning it ,element ->[[ChromeDriver: chrome on windows (944d27ba16ea2b534cc2d24374c5cdd8)] -> xpath: (//div[@data-cy='title-recipe'])[6]]
20:37:47 [TestNG-test-Test-1] INFO  verifyingDisplayTypeFilterFunctionality_Laptop_20-32-11 - [verifyingDisplayTypeFilterFunctionality_Laptop_20-32-11] Within getProductByIndex method
20:37:47 [TestNG-test-Test-1] INFO  verifyingDisplayTypeFilterFunctionality_Laptop_20-32-11 - [verifyingDisplayTypeFilterFunctionality_Laptop_20-32-11] Within smoothScrollToElement method
20:37:47 [TestNG-test-Test-1] INFO  verifyingDisplayTypeFilterFunctionality_Laptop_20-32-11 - [verifyingDisplayTypeFilterFunctionality_Laptop_20-32-11] Within safeFindElement method
20:37:47 [TestNG-test-Test-1] INFO  verifyingDisplayTypeFilterFunctionality_Laptop_20-32-11 - [verifyingDisplayTypeFilterFunctionality_Laptop_20-32-11]Found the element returning it ,element ->[[ChromeDriver: chrome on windows (944d27ba16ea2b534cc2d24374c5cdd8)] -> xpath: (//div[@data-cy='title-recipe'])[6]]
20:37:47 [TestNG-test-Test-1] INFO  verifyingDisplayTypeFilterFunctionality_Laptop_20-32-11 - [verifyingDisplayTypeFilterFunctionality_Laptop_20-32-11] Successfully scrolled to element: By.xpath: (//div[@data-cy='title-recipe'])[6]
20:37:47 [TestNG-test-Test-1] INFO  verifyingDisplayTypeFilterFunctionality_Laptop_20-32-11 - [verifyingDisplayTypeFilterFunctionality_Laptop_20-32-11] Getting product by index in productNameListingPage loop
20:37:47 [TestNG-test-Test-1] INFO  verifyingDisplayTypeFilterFunctionality_Laptop_20-32-11 - [verifyingDisplayTypeFilterFunctionality_Laptop_20-32-11] Opened product in new tab via Ctrl+Click inside productNameListingPage loop
20:37:47 [TestNG-test-Test-1] INFO  verifyingDisplayTypeFilterFunctionality_Laptop_20-32-11 - [verifyingDisplayTypeFilterFunctionality_Laptop_20-32-11] Waiting for new window to open...
20:37:47 [TestNG-test-Test-1] INFO  verifyingDisplayTypeFilterFunctionality_Laptop_20-32-11 - [verifyingDisplayTypeFilterFunctionality_Laptop_20-32-11] Switched to new window -> A043D6FD33D8B7C5BE4DF3B6686FF38C
20:37:47 [TestNG-test-Test-1] INFO  verifyingDisplayTypeFilterFunctionality_Laptop_20-32-11 - [verifyingDisplayTypeFilterFunctionality_Laptop_20-32-11] Swithcing to the new window  within productNameListingPage loop
20:37:47 [TestNG-test-Test-1] INFO  verifyingDisplayTypeFilterFunctionality_Laptop_20-32-11 - [verifyingDisplayTypeFilterFunctionality_Laptop_20-32-11] Clicked product name to open in new tab from productNameListingPage loop
20:37:47 [TestNG-test-Test-1] INFO  verifyingDisplayTypeFilterFunctionality_Laptop_20-32-11 - [verifyingDisplayTypeFilterFunctionality_Laptop_20-32-11] Within safeFindElement method
20:37:50 [TestNG-test-Test-1] INFO  verifyingDisplayTypeFilterFunctionality_Laptop_20-32-11 - [verifyingDisplayTypeFilterFunctionality_Laptop_20-32-11]Found the element returning it ,element ->[[ChromeDriver: chrome on windows (944d27ba16ea2b534cc2d24374c5cdd8)] -> xpath: //span[@id='productTitle']]
20:37:50 [TestNG-test-Test-1] INFO  verifyingDisplayTypeFilterFunctionality_Laptop_20-32-11 - [verifyingDisplayTypeFilterFunctionality_Laptop_20-32-11] Within safeFindElement method
20:37:50 [TestNG-test-Test-1] INFO  verifyingDisplayTypeFilterFunctionality_Laptop_20-32-11 - [verifyingDisplayTypeFilterFunctionality_Laptop_20-32-11]Found the element returning it ,element ->[[ChromeDriver: chrome on windows (944d27ba16ea2b534cc2d24374c5cdd8)] -> xpath: //div[@class='a-section a-spacing-small a-spacing-top-small']]
20:37:50 [TestNG-test-Test-1] INFO  verifyingDisplayTypeFilterFunctionality_Laptop_20-32-11 - [verifyingDisplayTypeFilterFunctionality_Laptop_20-32-11] Within safeFindElement method
20:37:50 [TestNG-test-Test-1] INFO  verifyingDisplayTypeFilterFunctionality_Laptop_20-32-11 - [verifyingDisplayTypeFilterFunctionality_Laptop_20-32-11]Found the element returning it ,element ->[[ChromeDriver: chrome on windows (944d27ba16ea2b534cc2d24374c5cdd8)] -> xpath: //div[@id='feature-bullets']]
20:37:50 [TestNG-test-Test-1] INFO  verifyingDisplayTypeFilterFunctionality_Laptop_20-32-11 - [verifyingDisplayTypeFilterFunctionality_Laptop_20-32-11] Within safeFindElement method
20:37:50 [TestNG-test-Test-1] INFO  verifyingDisplayTypeFilterFunctionality_Laptop_20-32-11 - [verifyingDisplayTypeFilterFunctionality_Laptop_20-32-11]Found the element returning it ,element ->[[ChromeDriver: chrome on windows (944d27ba16ea2b534cc2d24374c5cdd8)] -> xpath: //div[@id='prodDetails']]
20:37:50 [TestNG-test-Test-1] INFO  verifyingDisplayTypeFilterFunctionality_Laptop_20-32-11 - [verifyingDisplayTypeFilterFunctionality_Laptop_20-32-11] Extracting 'name' , 'keyFeatures', 'about' , 'techDetails' within productNameListingPage loop
20:37:50 [TestNG-test-Test-1] INFO  verifyingDisplayTypeFilterFunctionality_Laptop_20-32-11 - [verifyingDisplayTypeFilterFunctionality_Laptop_20-32-11] Waiting until element is visible in viewport
20:38:01 [TestNG-test-Test-1] INFO  verifyingDisplayTypeFilterFunctionality_Laptop_20-32-11 - [verifyingDisplayTypeFilterFunctionality_Laptop_20-32-11] Within smoothScrollToElement method
20:38:01 [TestNG-test-Test-1] INFO  verifyingDisplayTypeFilterFunctionality_Laptop_20-32-11 - [verifyingDisplayTypeFilterFunctionality_Laptop_20-32-11] Within safeFindElement method
20:38:01 [TestNG-test-Test-1] INFO  verifyingDisplayTypeFilterFunctionality_Laptop_20-32-11 - [verifyingDisplayTypeFilterFunctionality_Laptop_20-32-11]Found the element returning it ,element ->[[ChromeDriver: chrome on windows (944d27ba16ea2b534cc2d24374c5cdd8)] -> xpath: //a[@id='seeMoreDetailsLink']]
20:38:01 [TestNG-test-Test-1] INFO  verifyingDisplayTypeFilterFunctionality_Laptop_20-32-11 - [verifyingDisplayTypeFilterFunctionality_Laptop_20-32-11] Successfully scrolled to element: By.xpath: //a[@id='seeMoreDetailsLink']
20:38:01 [TestNG-test-Test-1] INFO  verifyingDisplayTypeFilterFunctionality_Laptop_20-32-11 - [verifyingDisplayTypeFilterFunctionality_Laptop_20-32-11] Within safeClick method
20:38:01 [TestNG-test-Test-1] INFO  verifyingDisplayTypeFilterFunctionality_Laptop_20-32-11 - [verifyingDisplayTypeFilterFunctionality_Laptop_20-32-11] Clicked the  [[ChromeDriver: chrome on windows (944d27ba16ea2b534cc2d24374c5cdd8)] -> xpath: //a[@id='seeMoreDetailsLink']]   using safeClick
20:38:01 [TestNG-test-Test-1] INFO  verifyingDisplayTypeFilterFunctionality_Laptop_20-32-11 - [verifyingDisplayTypeFilterFunctionality_Laptop_20-32-11] Within try block for clicking see more deatils within productNameListingPage loop
20:38:01 [TestNG-test-Test-1] INFO  verifyingDisplayTypeFilterFunctionality_Laptop_20-32-11 - [verifyingDisplayTypeFilterFunctionality_Laptop_20-32-11] Within closeCurrentWindowAndSwitchBack method
20:38:01 [TestNG-test-Test-1] INFO  verifyingDisplayTypeFilterFunctionality_Laptop_20-32-11 - [verifyingDisplayTypeFilterFunctionality_Laptop_20-32-11] Total open windows/tabs count -> 2
20:38:01 [TestNG-test-Test-1] INFO  verifyingDisplayTypeFilterFunctionality_Laptop_20-32-11 - [verifyingDisplayTypeFilterFunctionality_Laptop_20-32-11] Original window handle -> AA8B22BE0A8F774C28F62CC1C00B5AB3
20:38:01 [TestNG-test-Test-1] INFO  verifyingDisplayTypeFilterFunctionality_Laptop_20-32-11 - [verifyingDisplayTypeFilterFunctionality_Laptop_20-32-11] Found new tab/window handle -> A043D6FD33D8B7C5BE4DF3B6686FF38C (will be closed)
20:38:01 [TestNG-test-Test-1] INFO  verifyingDisplayTypeFilterFunctionality_Laptop_20-32-11 - [verifyingDisplayTypeFilterFunctionality_Laptop_20-32-11] Successfully switched to new tab/window -> A043D6FD33D8B7C5BE4DF3B6686FF38C
20:38:02 [TestNG-test-Test-1] INFO  verifyingDisplayTypeFilterFunctionality_Laptop_20-32-11 - [verifyingDisplayTypeFilterFunctionality_Laptop_20-32-11] Closed the newly opened tab/window -> A043D6FD33D8B7C5BE4DF3B6686FF38C
20:38:02 [TestNG-test-Test-1] INFO  verifyingDisplayTypeFilterFunctionality_Laptop_20-32-11 - [verifyingDisplayTypeFilterFunctionality_Laptop_20-32-11] Switched back to the original window -> AA8B22BE0A8F774C28F62CC1C00B5AB3
20:38:02 [TestNG-test-Test-1] INFO  verifyingDisplayTypeFilterFunctionality_Laptop_20-32-11 - [verifyingDisplayTypeFilterFunctionality_Laptop_20-32-11]  going back to product listing via closeCurrentWindowAndSwitchBack 
20:38:02 [TestNG-test-Test-1] INFO  verifyingDisplayTypeFilterFunctionality_Laptop_20-32-11 - [verifyingDisplayTypeFilterFunctionality_Laptop_20-32-11]  Added 'filter','title','keyFeatures', 'about', 'techDetails' into the Map -> productResult
20:38:02 [TestNG-test-Test-1] INFO  verifyingDisplayTypeFilterFunctionality_Laptop_20-32-11 - [verifyingDisplayTypeFilterFunctionality_Laptop_20-32-11]  Added 'productResult' Map into the 'results' i.e list of maps 
20:38:02 [TestNG-test-Test-1] INFO  verifyingDisplayTypeFilterFunctionality_Laptop_20-32-11 - [verifyingDisplayTypeFilterFunctionality_Laptop_20-32-11]==========================================================================================================
20:38:02 [TestNG-test-Test-1] INFO  verifyingDisplayTypeFilterFunctionality_Laptop_20-32-11 - [verifyingDisplayTypeFilterFunctionality_Laptop_20-32-11] Within safeFindElements 
20:38:02 [TestNG-test-Test-1] INFO  verifyingDisplayTypeFilterFunctionality_Laptop_20-32-11 - [verifyingDisplayTypeFilterFunctionality_Laptop_20-32-11] Returning the  [[[ChromeDriver: chrome on windows (944d27ba16ea2b534cc2d24374c5cdd8)] -> xpath: //div[@data-cy='title-recipe']], [[ChromeDriver: chrome on windows (944d27ba16ea2b534cc2d24374c5cdd8)] -> xpath: //div[@data-cy='title-recipe']], [[ChromeDriver: chrome on windows (944d27ba16ea2b534cc2d24374c5cdd8)] -> xpath: //div[@data-cy='title-recipe']], [[ChromeDriver: chrome on windows (944d27ba16ea2b534cc2d24374c5cdd8)] -> xpath: //div[@data-cy='title-recipe']], [[ChromeDriver: chrome on windows (944d27ba16ea2b534cc2d24374c5cdd8)] -> xpath: //div[@data-cy='title-recipe']], [[ChromeDriver: chrome on windows (944d27ba16ea2b534cc2d24374c5cdd8)] -> xpath: //div[@data-cy='title-recipe']], [[ChromeDriver: chrome on windows (944d27ba16ea2b534cc2d24374c5cdd8)] -> xpath: //div[@data-cy='title-recipe']], [[ChromeDriver: chrome on windows (944d27ba16ea2b534cc2d24374c5cdd8)] -> xpath: //div[@data-cy='title-recipe']], [[ChromeDriver: chrome on windows (944d27ba16ea2b534cc2d24374c5cdd8)] -> xpath: //div[@data-cy='title-recipe']], [[ChromeDriver: chrome on windows (944d27ba16ea2b534cc2d24374c5cdd8)] -> xpath: //div[@data-cy='title-recipe']], [[ChromeDriver: chrome on windows (944d27ba16ea2b534cc2d24374c5cdd8)] -> xpath: //div[@data-cy='title-recipe']], [[ChromeDriver: chrome on windows (944d27ba16ea2b534cc2d24374c5cdd8)] -> xpath: //div[@data-cy='title-recipe']], [[ChromeDriver: chrome on windows (944d27ba16ea2b534cc2d24374c5cdd8)] -> xpath: //div[@data-cy='title-recipe']], [[ChromeDriver: chrome on windows (944d27ba16ea2b534cc2d24374c5cdd8)] -> xpath: //div[@data-cy='title-recipe']], [[ChromeDriver: chrome on windows (944d27ba16ea2b534cc2d24374c5cdd8)] -> xpath: //div[@data-cy='title-recipe']], [[ChromeDriver: chrome on windows (944d27ba16ea2b534cc2d24374c5cdd8)] -> xpath: //div[@data-cy='title-recipe']]] from the safeFindElements method
20:38:02 [TestNG-test-Test-1] INFO  verifyingDisplayTypeFilterFunctionality_Laptop_20-32-11 - [verifyingDisplayTypeFilterFunctionality_Laptop_20-32-11] Within productNameListingPage loop in applyFilterAndValidateProductsWithResult
20:38:02 [TestNG-test-Test-1] INFO  verifyingDisplayTypeFilterFunctionality_Laptop_20-32-11 - [verifyingDisplayTypeFilterFunctionality_Laptop_20-32-11] Within getProductByIndex method
20:38:02 [TestNG-test-Test-1] INFO  verifyingDisplayTypeFilterFunctionality_Laptop_20-32-11 - [verifyingDisplayTypeFilterFunctionality_Laptop_20-32-11] Within safeFindElement method
20:38:02 [TestNG-test-Test-1] INFO  verifyingDisplayTypeFilterFunctionality_Laptop_20-32-11 - [verifyingDisplayTypeFilterFunctionality_Laptop_20-32-11]Found the element returning it ,element ->[[ChromeDriver: chrome on windows (944d27ba16ea2b534cc2d24374c5cdd8)] -> xpath: (//div[@data-cy='title-recipe'])[7]]
20:38:02 [TestNG-test-Test-1] INFO  verifyingDisplayTypeFilterFunctionality_Laptop_20-32-11 - [verifyingDisplayTypeFilterFunctionality_Laptop_20-32-11] Within getProductByIndex method
20:38:02 [TestNG-test-Test-1] INFO  verifyingDisplayTypeFilterFunctionality_Laptop_20-32-11 - [verifyingDisplayTypeFilterFunctionality_Laptop_20-32-11] Within smoothScrollToElement method
20:38:02 [TestNG-test-Test-1] INFO  verifyingDisplayTypeFilterFunctionality_Laptop_20-32-11 - [verifyingDisplayTypeFilterFunctionality_Laptop_20-32-11] Within safeFindElement method
20:38:02 [TestNG-test-Test-1] INFO  verifyingDisplayTypeFilterFunctionality_Laptop_20-32-11 - [verifyingDisplayTypeFilterFunctionality_Laptop_20-32-11]Found the element returning it ,element ->[[ChromeDriver: chrome on windows (944d27ba16ea2b534cc2d24374c5cdd8)] -> xpath: (//div[@data-cy='title-recipe'])[7]]
20:38:02 [TestNG-test-Test-1] INFO  verifyingDisplayTypeFilterFunctionality_Laptop_20-32-11 - [verifyingDisplayTypeFilterFunctionality_Laptop_20-32-11] Successfully scrolled to element: By.xpath: (//div[@data-cy='title-recipe'])[7]
20:38:02 [TestNG-test-Test-1] INFO  verifyingDisplayTypeFilterFunctionality_Laptop_20-32-11 - [verifyingDisplayTypeFilterFunctionality_Laptop_20-32-11] Getting product by index in productNameListingPage loop
20:38:02 [TestNG-test-Test-1] INFO  verifyingDisplayTypeFilterFunctionality_Laptop_20-32-11 - [verifyingDisplayTypeFilterFunctionality_Laptop_20-32-11] Opened product in new tab via Ctrl+Click inside productNameListingPage loop
20:38:02 [TestNG-test-Test-1] INFO  verifyingDisplayTypeFilterFunctionality_Laptop_20-32-11 - [verifyingDisplayTypeFilterFunctionality_Laptop_20-32-11] Waiting for new window to open...
20:38:02 [TestNG-test-Test-1] INFO  verifyingDisplayTypeFilterFunctionality_Laptop_20-32-11 - [verifyingDisplayTypeFilterFunctionality_Laptop_20-32-11] Switched to new window -> 6DFD7FD2CB8A23651EDE26B75E8A8518
20:38:02 [TestNG-test-Test-1] INFO  verifyingDisplayTypeFilterFunctionality_Laptop_20-32-11 - [verifyingDisplayTypeFilterFunctionality_Laptop_20-32-11] Swithcing to the new window  within productNameListingPage loop
20:38:02 [TestNG-test-Test-1] INFO  verifyingDisplayTypeFilterFunctionality_Laptop_20-32-11 - [verifyingDisplayTypeFilterFunctionality_Laptop_20-32-11] Clicked product name to open in new tab from productNameListingPage loop
20:38:02 [TestNG-test-Test-1] INFO  verifyingDisplayTypeFilterFunctionality_Laptop_20-32-11 - [verifyingDisplayTypeFilterFunctionality_Laptop_20-32-11] Within safeFindElement method
20:38:05 [TestNG-test-Test-1] INFO  verifyingDisplayTypeFilterFunctionality_Laptop_20-32-11 - [verifyingDisplayTypeFilterFunctionality_Laptop_20-32-11]Found the element returning it ,element ->[[ChromeDriver: chrome on windows (944d27ba16ea2b534cc2d24374c5cdd8)] -> xpath: //span[@id='productTitle']]
20:38:05 [TestNG-test-Test-1] INFO  verifyingDisplayTypeFilterFunctionality_Laptop_20-32-11 - [verifyingDisplayTypeFilterFunctionality_Laptop_20-32-11] Within safeFindElement method
20:38:05 [TestNG-test-Test-1] INFO  verifyingDisplayTypeFilterFunctionality_Laptop_20-32-11 - [verifyingDisplayTypeFilterFunctionality_Laptop_20-32-11]Found the element returning it ,element ->[[ChromeDriver: chrome on windows (944d27ba16ea2b534cc2d24374c5cdd8)] -> xpath: //div[@class='a-section a-spacing-small a-spacing-top-small']]
20:38:05 [TestNG-test-Test-1] INFO  verifyingDisplayTypeFilterFunctionality_Laptop_20-32-11 - [verifyingDisplayTypeFilterFunctionality_Laptop_20-32-11] Within safeFindElement method
20:38:05 [TestNG-test-Test-1] INFO  verifyingDisplayTypeFilterFunctionality_Laptop_20-32-11 - [verifyingDisplayTypeFilterFunctionality_Laptop_20-32-11]Found the element returning it ,element ->[[ChromeDriver: chrome on windows (944d27ba16ea2b534cc2d24374c5cdd8)] -> xpath: //div[@id='feature-bullets']]
20:38:05 [TestNG-test-Test-1] INFO  verifyingDisplayTypeFilterFunctionality_Laptop_20-32-11 - [verifyingDisplayTypeFilterFunctionality_Laptop_20-32-11] Within safeFindElement method
20:38:05 [TestNG-test-Test-1] INFO  verifyingDisplayTypeFilterFunctionality_Laptop_20-32-11 - [verifyingDisplayTypeFilterFunctionality_Laptop_20-32-11]Found the element returning it ,element ->[[ChromeDriver: chrome on windows (944d27ba16ea2b534cc2d24374c5cdd8)] -> xpath: //div[@id='prodDetails']]
20:38:05 [TestNG-test-Test-1] INFO  verifyingDisplayTypeFilterFunctionality_Laptop_20-32-11 - [verifyingDisplayTypeFilterFunctionality_Laptop_20-32-11] Extracting 'name' , 'keyFeatures', 'about' , 'techDetails' within productNameListingPage loop
20:38:05 [TestNG-test-Test-1] INFO  verifyingDisplayTypeFilterFunctionality_Laptop_20-32-11 - [verifyingDisplayTypeFilterFunctionality_Laptop_20-32-11] Waiting until element is visible in viewport
20:38:15 [TestNG-test-Test-1] INFO  verifyingDisplayTypeFilterFunctionality_Laptop_20-32-11 - [verifyingDisplayTypeFilterFunctionality_Laptop_20-32-11] Within smoothScrollToElement method
20:38:15 [TestNG-test-Test-1] INFO  verifyingDisplayTypeFilterFunctionality_Laptop_20-32-11 - [verifyingDisplayTypeFilterFunctionality_Laptop_20-32-11] Within safeFindElement method
20:38:15 [TestNG-test-Test-1] INFO  verifyingDisplayTypeFilterFunctionality_Laptop_20-32-11 - [verifyingDisplayTypeFilterFunctionality_Laptop_20-32-11]Found the element returning it ,element ->[[ChromeDriver: chrome on windows (944d27ba16ea2b534cc2d24374c5cdd8)] -> xpath: //a[@id='seeMoreDetailsLink']]
20:38:15 [TestNG-test-Test-1] INFO  verifyingDisplayTypeFilterFunctionality_Laptop_20-32-11 - [verifyingDisplayTypeFilterFunctionality_Laptop_20-32-11] Successfully scrolled to element: By.xpath: //a[@id='seeMoreDetailsLink']
20:38:15 [TestNG-test-Test-1] INFO  verifyingDisplayTypeFilterFunctionality_Laptop_20-32-11 - [verifyingDisplayTypeFilterFunctionality_Laptop_20-32-11] Within safeClick method
20:38:16 [TestNG-test-Test-1] INFO  verifyingDisplayTypeFilterFunctionality_Laptop_20-32-11 - [verifyingDisplayTypeFilterFunctionality_Laptop_20-32-11] Clicked the  [[ChromeDriver: chrome on windows (944d27ba16ea2b534cc2d24374c5cdd8)] -> xpath: //a[@id='seeMoreDetailsLink']]   using safeClick
20:38:16 [TestNG-test-Test-1] INFO  verifyingDisplayTypeFilterFunctionality_Laptop_20-32-11 - [verifyingDisplayTypeFilterFunctionality_Laptop_20-32-11] Within try block for clicking see more deatils within productNameListingPage loop
20:38:16 [TestNG-test-Test-1] INFO  verifyingDisplayTypeFilterFunctionality_Laptop_20-32-11 - [verifyingDisplayTypeFilterFunctionality_Laptop_20-32-11] Within closeCurrentWindowAndSwitchBack method
20:38:16 [TestNG-test-Test-1] INFO  verifyingDisplayTypeFilterFunctionality_Laptop_20-32-11 - [verifyingDisplayTypeFilterFunctionality_Laptop_20-32-11] Total open windows/tabs count -> 2
20:38:16 [TestNG-test-Test-1] INFO  verifyingDisplayTypeFilterFunctionality_Laptop_20-32-11 - [verifyingDisplayTypeFilterFunctionality_Laptop_20-32-11] Original window handle -> AA8B22BE0A8F774C28F62CC1C00B5AB3
20:38:16 [TestNG-test-Test-1] INFO  verifyingDisplayTypeFilterFunctionality_Laptop_20-32-11 - [verifyingDisplayTypeFilterFunctionality_Laptop_20-32-11] Found new tab/window handle -> 6DFD7FD2CB8A23651EDE26B75E8A8518 (will be closed)
20:38:16 [TestNG-test-Test-1] INFO  verifyingDisplayTypeFilterFunctionality_Laptop_20-32-11 - [verifyingDisplayTypeFilterFunctionality_Laptop_20-32-11] Successfully switched to new tab/window -> 6DFD7FD2CB8A23651EDE26B75E8A8518
20:38:16 [TestNG-test-Test-1] INFO  verifyingDisplayTypeFilterFunctionality_Laptop_20-32-11 - [verifyingDisplayTypeFilterFunctionality_Laptop_20-32-11] Closed the newly opened tab/window -> 6DFD7FD2CB8A23651EDE26B75E8A8518
20:38:16 [TestNG-test-Test-1] INFO  verifyingDisplayTypeFilterFunctionality_Laptop_20-32-11 - [verifyingDisplayTypeFilterFunctionality_Laptop_20-32-11] Switched back to the original window -> AA8B22BE0A8F774C28F62CC1C00B5AB3
20:38:16 [TestNG-test-Test-1] INFO  verifyingDisplayTypeFilterFunctionality_Laptop_20-32-11 - [verifyingDisplayTypeFilterFunctionality_Laptop_20-32-11]  going back to product listing via closeCurrentWindowAndSwitchBack 
20:38:16 [TestNG-test-Test-1] INFO  verifyingDisplayTypeFilterFunctionality_Laptop_20-32-11 - [verifyingDisplayTypeFilterFunctionality_Laptop_20-32-11]  Added 'filter','title','keyFeatures', 'about', 'techDetails' into the Map -> productResult
20:38:16 [TestNG-test-Test-1] INFO  verifyingDisplayTypeFilterFunctionality_Laptop_20-32-11 - [verifyingDisplayTypeFilterFunctionality_Laptop_20-32-11]  Added 'productResult' Map into the 'results' i.e list of maps 
20:38:16 [TestNG-test-Test-1] INFO  verifyingDisplayTypeFilterFunctionality_Laptop_20-32-11 - [verifyingDisplayTypeFilterFunctionality_Laptop_20-32-11]==========================================================================================================
20:38:16 [TestNG-test-Test-1] INFO  verifyingDisplayTypeFilterFunctionality_Laptop_20-32-11 - [verifyingDisplayTypeFilterFunctionality_Laptop_20-32-11] Within safeFindElements 
20:38:16 [TestNG-test-Test-1] INFO  verifyingDisplayTypeFilterFunctionality_Laptop_20-32-11 - [verifyingDisplayTypeFilterFunctionality_Laptop_20-32-11] Returning the  [[[ChromeDriver: chrome on windows (944d27ba16ea2b534cc2d24374c5cdd8)] -> xpath: //div[@data-cy='title-recipe']], [[ChromeDriver: chrome on windows (944d27ba16ea2b534cc2d24374c5cdd8)] -> xpath: //div[@data-cy='title-recipe']], [[ChromeDriver: chrome on windows (944d27ba16ea2b534cc2d24374c5cdd8)] -> xpath: //div[@data-cy='title-recipe']], [[ChromeDriver: chrome on windows (944d27ba16ea2b534cc2d24374c5cdd8)] -> xpath: //div[@data-cy='title-recipe']], [[ChromeDriver: chrome on windows (944d27ba16ea2b534cc2d24374c5cdd8)] -> xpath: //div[@data-cy='title-recipe']], [[ChromeDriver: chrome on windows (944d27ba16ea2b534cc2d24374c5cdd8)] -> xpath: //div[@data-cy='title-recipe']], [[ChromeDriver: chrome on windows (944d27ba16ea2b534cc2d24374c5cdd8)] -> xpath: //div[@data-cy='title-recipe']], [[ChromeDriver: chrome on windows (944d27ba16ea2b534cc2d24374c5cdd8)] -> xpath: //div[@data-cy='title-recipe']], [[ChromeDriver: chrome on windows (944d27ba16ea2b534cc2d24374c5cdd8)] -> xpath: //div[@data-cy='title-recipe']], [[ChromeDriver: chrome on windows (944d27ba16ea2b534cc2d24374c5cdd8)] -> xpath: //div[@data-cy='title-recipe']], [[ChromeDriver: chrome on windows (944d27ba16ea2b534cc2d24374c5cdd8)] -> xpath: //div[@data-cy='title-recipe']], [[ChromeDriver: chrome on windows (944d27ba16ea2b534cc2d24374c5cdd8)] -> xpath: //div[@data-cy='title-recipe']], [[ChromeDriver: chrome on windows (944d27ba16ea2b534cc2d24374c5cdd8)] -> xpath: //div[@data-cy='title-recipe']], [[ChromeDriver: chrome on windows (944d27ba16ea2b534cc2d24374c5cdd8)] -> xpath: //div[@data-cy='title-recipe']], [[ChromeDriver: chrome on windows (944d27ba16ea2b534cc2d24374c5cdd8)] -> xpath: //div[@data-cy='title-recipe']], [[ChromeDriver: chrome on windows (944d27ba16ea2b534cc2d24374c5cdd8)] -> xpath: //div[@data-cy='title-recipe']]] from the safeFindElements method
20:38:16 [TestNG-test-Test-1] INFO  verifyingDisplayTypeFilterFunctionality_Laptop_20-32-11 - [verifyingDisplayTypeFilterFunctionality_Laptop_20-32-11] Within productNameListingPage loop in applyFilterAndValidateProductsWithResult
20:38:16 [TestNG-test-Test-1] INFO  verifyingDisplayTypeFilterFunctionality_Laptop_20-32-11 - [verifyingDisplayTypeFilterFunctionality_Laptop_20-32-11] Within getProductByIndex method
20:38:16 [TestNG-test-Test-1] INFO  verifyingDisplayTypeFilterFunctionality_Laptop_20-32-11 - [verifyingDisplayTypeFilterFunctionality_Laptop_20-32-11] Within safeFindElement method
20:38:17 [TestNG-test-Test-1] INFO  verifyingDisplayTypeFilterFunctionality_Laptop_20-32-11 - [verifyingDisplayTypeFilterFunctionality_Laptop_20-32-11]Found the element returning it ,element ->[[ChromeDriver: chrome on windows (944d27ba16ea2b534cc2d24374c5cdd8)] -> xpath: (//div[@data-cy='title-recipe'])[8]]
20:38:17 [TestNG-test-Test-1] INFO  verifyingDisplayTypeFilterFunctionality_Laptop_20-32-11 - [verifyingDisplayTypeFilterFunctionality_Laptop_20-32-11] Within getProductByIndex method
20:38:17 [TestNG-test-Test-1] INFO  verifyingDisplayTypeFilterFunctionality_Laptop_20-32-11 - [verifyingDisplayTypeFilterFunctionality_Laptop_20-32-11] Within smoothScrollToElement method
20:38:17 [TestNG-test-Test-1] INFO  verifyingDisplayTypeFilterFunctionality_Laptop_20-32-11 - [verifyingDisplayTypeFilterFunctionality_Laptop_20-32-11] Within safeFindElement method
20:38:17 [TestNG-test-Test-1] INFO  verifyingDisplayTypeFilterFunctionality_Laptop_20-32-11 - [verifyingDisplayTypeFilterFunctionality_Laptop_20-32-11]Found the element returning it ,element ->[[ChromeDriver: chrome on windows (944d27ba16ea2b534cc2d24374c5cdd8)] -> xpath: (//div[@data-cy='title-recipe'])[8]]
20:38:17 [TestNG-test-Test-1] INFO  verifyingDisplayTypeFilterFunctionality_Laptop_20-32-11 - [verifyingDisplayTypeFilterFunctionality_Laptop_20-32-11] Successfully scrolled to element: By.xpath: (//div[@data-cy='title-recipe'])[8]
20:38:17 [TestNG-test-Test-1] INFO  verifyingDisplayTypeFilterFunctionality_Laptop_20-32-11 - [verifyingDisplayTypeFilterFunctionality_Laptop_20-32-11] Getting product by index in productNameListingPage loop
20:38:17 [TestNG-test-Test-1] INFO  verifyingDisplayTypeFilterFunctionality_Laptop_20-32-11 - [verifyingDisplayTypeFilterFunctionality_Laptop_20-32-11] Opened product in new tab via Ctrl+Click inside productNameListingPage loop
20:38:17 [TestNG-test-Test-1] INFO  verifyingDisplayTypeFilterFunctionality_Laptop_20-32-11 - [verifyingDisplayTypeFilterFunctionality_Laptop_20-32-11] Waiting for new window to open...
20:38:17 [TestNG-test-Test-1] INFO  verifyingDisplayTypeFilterFunctionality_Laptop_20-32-11 - [verifyingDisplayTypeFilterFunctionality_Laptop_20-32-11] Switched to new window -> D065EBF964528C05FD2C98607F8B08A0
20:38:17 [TestNG-test-Test-1] INFO  verifyingDisplayTypeFilterFunctionality_Laptop_20-32-11 - [verifyingDisplayTypeFilterFunctionality_Laptop_20-32-11] Swithcing to the new window  within productNameListingPage loop
20:38:17 [TestNG-test-Test-1] INFO  verifyingDisplayTypeFilterFunctionality_Laptop_20-32-11 - [verifyingDisplayTypeFilterFunctionality_Laptop_20-32-11] Clicked product name to open in new tab from productNameListingPage loop
20:38:17 [TestNG-test-Test-1] INFO  verifyingDisplayTypeFilterFunctionality_Laptop_20-32-11 - [verifyingDisplayTypeFilterFunctionality_Laptop_20-32-11] Within safeFindElement method
20:38:19 [TestNG-test-Test-1] INFO  verifyingDisplayTypeFilterFunctionality_Laptop_20-32-11 - [verifyingDisplayTypeFilterFunctionality_Laptop_20-32-11]Found the element returning it ,element ->[[ChromeDriver: chrome on windows (944d27ba16ea2b534cc2d24374c5cdd8)] -> xpath: //span[@id='productTitle']]
20:38:19 [TestNG-test-Test-1] INFO  verifyingDisplayTypeFilterFunctionality_Laptop_20-32-11 - [verifyingDisplayTypeFilterFunctionality_Laptop_20-32-11] Within safeFindElement method
20:38:19 [TestNG-test-Test-1] INFO  verifyingDisplayTypeFilterFunctionality_Laptop_20-32-11 - [verifyingDisplayTypeFilterFunctionality_Laptop_20-32-11]Found the element returning it ,element ->[[ChromeDriver: chrome on windows (944d27ba16ea2b534cc2d24374c5cdd8)] -> xpath: //div[@class='a-section a-spacing-small a-spacing-top-small']]
20:38:20 [TestNG-test-Test-1] INFO  verifyingDisplayTypeFilterFunctionality_Laptop_20-32-11 - [verifyingDisplayTypeFilterFunctionality_Laptop_20-32-11] Within safeFindElement method
20:38:20 [TestNG-test-Test-1] INFO  verifyingDisplayTypeFilterFunctionality_Laptop_20-32-11 - [verifyingDisplayTypeFilterFunctionality_Laptop_20-32-11]Found the element returning it ,element ->[[ChromeDriver: chrome on windows (944d27ba16ea2b534cc2d24374c5cdd8)] -> xpath: //div[@id='feature-bullets']]
20:38:20 [TestNG-test-Test-1] INFO  verifyingDisplayTypeFilterFunctionality_Laptop_20-32-11 - [verifyingDisplayTypeFilterFunctionality_Laptop_20-32-11] Within safeFindElement method
20:38:20 [TestNG-test-Test-1] INFO  verifyingDisplayTypeFilterFunctionality_Laptop_20-32-11 - [verifyingDisplayTypeFilterFunctionality_Laptop_20-32-11]Found the element returning it ,element ->[[ChromeDriver: chrome on windows (944d27ba16ea2b534cc2d24374c5cdd8)] -> xpath: //div[@id='prodDetails']]
20:38:20 [TestNG-test-Test-1] INFO  verifyingDisplayTypeFilterFunctionality_Laptop_20-32-11 - [verifyingDisplayTypeFilterFunctionality_Laptop_20-32-11] Extracting 'name' , 'keyFeatures', 'about' , 'techDetails' within productNameListingPage loop
20:38:20 [TestNG-test-Test-1] INFO  verifyingDisplayTypeFilterFunctionality_Laptop_20-32-11 - [verifyingDisplayTypeFilterFunctionality_Laptop_20-32-11] Waiting until element is visible in viewport
20:38:30 [TestNG-test-Test-1] INFO  verifyingDisplayTypeFilterFunctionality_Laptop_20-32-11 - [verifyingDisplayTypeFilterFunctionality_Laptop_20-32-11] Within smoothScrollToElement method
20:38:30 [TestNG-test-Test-1] INFO  verifyingDisplayTypeFilterFunctionality_Laptop_20-32-11 - [verifyingDisplayTypeFilterFunctionality_Laptop_20-32-11] Within safeFindElement method
20:38:30 [TestNG-test-Test-1] INFO  verifyingDisplayTypeFilterFunctionality_Laptop_20-32-11 - [verifyingDisplayTypeFilterFunctionality_Laptop_20-32-11]Found the element returning it ,element ->[[ChromeDriver: chrome on windows (944d27ba16ea2b534cc2d24374c5cdd8)] -> xpath: //a[@id='seeMoreDetailsLink']]
20:38:30 [TestNG-test-Test-1] INFO  verifyingDisplayTypeFilterFunctionality_Laptop_20-32-11 - [verifyingDisplayTypeFilterFunctionality_Laptop_20-32-11] Successfully scrolled to element: By.xpath: //a[@id='seeMoreDetailsLink']
20:38:30 [TestNG-test-Test-1] INFO  verifyingDisplayTypeFilterFunctionality_Laptop_20-32-11 - [verifyingDisplayTypeFilterFunctionality_Laptop_20-32-11] Within safeClick method
20:38:30 [TestNG-test-Test-1] INFO  verifyingDisplayTypeFilterFunctionality_Laptop_20-32-11 - [verifyingDisplayTypeFilterFunctionality_Laptop_20-32-11] Clicked the  [[ChromeDriver: chrome on windows (944d27ba16ea2b534cc2d24374c5cdd8)] -> xpath: //a[@id='seeMoreDetailsLink']]   using safeClick
20:38:30 [TestNG-test-Test-1] INFO  verifyingDisplayTypeFilterFunctionality_Laptop_20-32-11 - [verifyingDisplayTypeFilterFunctionality_Laptop_20-32-11] Within try block for clicking see more deatils within productNameListingPage loop
20:38:30 [TestNG-test-Test-1] INFO  verifyingDisplayTypeFilterFunctionality_Laptop_20-32-11 - [verifyingDisplayTypeFilterFunctionality_Laptop_20-32-11] Within closeCurrentWindowAndSwitchBack method
20:38:30 [TestNG-test-Test-1] INFO  verifyingDisplayTypeFilterFunctionality_Laptop_20-32-11 - [verifyingDisplayTypeFilterFunctionality_Laptop_20-32-11] Total open windows/tabs count -> 2
20:38:30 [TestNG-test-Test-1] INFO  verifyingDisplayTypeFilterFunctionality_Laptop_20-32-11 - [verifyingDisplayTypeFilterFunctionality_Laptop_20-32-11] Original window handle -> AA8B22BE0A8F774C28F62CC1C00B5AB3
20:38:30 [TestNG-test-Test-1] INFO  verifyingDisplayTypeFilterFunctionality_Laptop_20-32-11 - [verifyingDisplayTypeFilterFunctionality_Laptop_20-32-11] Found new tab/window handle -> D065EBF964528C05FD2C98607F8B08A0 (will be closed)
20:38:30 [TestNG-test-Test-1] INFO  verifyingDisplayTypeFilterFunctionality_Laptop_20-32-11 - [verifyingDisplayTypeFilterFunctionality_Laptop_20-32-11] Successfully switched to new tab/window -> D065EBF964528C05FD2C98607F8B08A0
20:38:31 [TestNG-test-Test-1] INFO  verifyingDisplayTypeFilterFunctionality_Laptop_20-32-11 - [verifyingDisplayTypeFilterFunctionality_Laptop_20-32-11] Closed the newly opened tab/window -> D065EBF964528C05FD2C98607F8B08A0
20:38:31 [TestNG-test-Test-1] INFO  verifyingDisplayTypeFilterFunctionality_Laptop_20-32-11 - [verifyingDisplayTypeFilterFunctionality_Laptop_20-32-11] Switched back to the original window -> AA8B22BE0A8F774C28F62CC1C00B5AB3
20:38:31 [TestNG-test-Test-1] INFO  verifyingDisplayTypeFilterFunctionality_Laptop_20-32-11 - [verifyingDisplayTypeFilterFunctionality_Laptop_20-32-11]  going back to product listing via closeCurrentWindowAndSwitchBack 
20:38:31 [TestNG-test-Test-1] INFO  verifyingDisplayTypeFilterFunctionality_Laptop_20-32-11 - [verifyingDisplayTypeFilterFunctionality_Laptop_20-32-11]  Added 'filter','title','keyFeatures', 'about', 'techDetails' into the Map -> productResult
20:38:31 [TestNG-test-Test-1] INFO  verifyingDisplayTypeFilterFunctionality_Laptop_20-32-11 - [verifyingDisplayTypeFilterFunctionality_Laptop_20-32-11]  Added 'productResult' Map into the 'results' i.e list of maps 
20:38:31 [TestNG-test-Test-1] INFO  verifyingDisplayTypeFilterFunctionality_Laptop_20-32-11 - [verifyingDisplayTypeFilterFunctionality_Laptop_20-32-11]==========================================================================================================
20:38:31 [TestNG-test-Test-1] INFO  verifyingDisplayTypeFilterFunctionality_Laptop_20-32-11 - [verifyingDisplayTypeFilterFunctionality_Laptop_20-32-11] Within safeFindElements 
20:38:31 [TestNG-test-Test-1] INFO  verifyingDisplayTypeFilterFunctionality_Laptop_20-32-11 - [verifyingDisplayTypeFilterFunctionality_Laptop_20-32-11] Returning the  [[[ChromeDriver: chrome on windows (944d27ba16ea2b534cc2d24374c5cdd8)] -> xpath: //div[@data-cy='title-recipe']], [[ChromeDriver: chrome on windows (944d27ba16ea2b534cc2d24374c5cdd8)] -> xpath: //div[@data-cy='title-recipe']], [[ChromeDriver: chrome on windows (944d27ba16ea2b534cc2d24374c5cdd8)] -> xpath: //div[@data-cy='title-recipe']], [[ChromeDriver: chrome on windows (944d27ba16ea2b534cc2d24374c5cdd8)] -> xpath: //div[@data-cy='title-recipe']], [[ChromeDriver: chrome on windows (944d27ba16ea2b534cc2d24374c5cdd8)] -> xpath: //div[@data-cy='title-recipe']], [[ChromeDriver: chrome on windows (944d27ba16ea2b534cc2d24374c5cdd8)] -> xpath: //div[@data-cy='title-recipe']], [[ChromeDriver: chrome on windows (944d27ba16ea2b534cc2d24374c5cdd8)] -> xpath: //div[@data-cy='title-recipe']], [[ChromeDriver: chrome on windows (944d27ba16ea2b534cc2d24374c5cdd8)] -> xpath: //div[@data-cy='title-recipe']], [[ChromeDriver: chrome on windows (944d27ba16ea2b534cc2d24374c5cdd8)] -> xpath: //div[@data-cy='title-recipe']], [[ChromeDriver: chrome on windows (944d27ba16ea2b534cc2d24374c5cdd8)] -> xpath: //div[@data-cy='title-recipe']], [[ChromeDriver: chrome on windows (944d27ba16ea2b534cc2d24374c5cdd8)] -> xpath: //div[@data-cy='title-recipe']], [[ChromeDriver: chrome on windows (944d27ba16ea2b534cc2d24374c5cdd8)] -> xpath: //div[@data-cy='title-recipe']], [[ChromeDriver: chrome on windows (944d27ba16ea2b534cc2d24374c5cdd8)] -> xpath: //div[@data-cy='title-recipe']], [[ChromeDriver: chrome on windows (944d27ba16ea2b534cc2d24374c5cdd8)] -> xpath: //div[@data-cy='title-recipe']], [[ChromeDriver: chrome on windows (944d27ba16ea2b534cc2d24374c5cdd8)] -> xpath: //div[@data-cy='title-recipe']], [[ChromeDriver: chrome on windows (944d27ba16ea2b534cc2d24374c5cdd8)] -> xpath: //div[@data-cy='title-recipe']]] from the safeFindElements method
20:38:31 [TestNG-test-Test-1] INFO  verifyingDisplayTypeFilterFunctionality_Laptop_20-32-11 - [verifyingDisplayTypeFilterFunctionality_Laptop_20-32-11] Within productNameListingPage loop in applyFilterAndValidateProductsWithResult
20:38:31 [TestNG-test-Test-1] INFO  verifyingDisplayTypeFilterFunctionality_Laptop_20-32-11 - [verifyingDisplayTypeFilterFunctionality_Laptop_20-32-11] Within getProductByIndex method
20:38:31 [TestNG-test-Test-1] INFO  verifyingDisplayTypeFilterFunctionality_Laptop_20-32-11 - [verifyingDisplayTypeFilterFunctionality_Laptop_20-32-11] Within safeFindElement method
20:38:31 [TestNG-test-Test-1] INFO  verifyingDisplayTypeFilterFunctionality_Laptop_20-32-11 - [verifyingDisplayTypeFilterFunctionality_Laptop_20-32-11]Found the element returning it ,element ->[[ChromeDriver: chrome on windows (944d27ba16ea2b534cc2d24374c5cdd8)] -> xpath: (//div[@data-cy='title-recipe'])[9]]
20:38:31 [TestNG-test-Test-1] INFO  verifyingDisplayTypeFilterFunctionality_Laptop_20-32-11 - [verifyingDisplayTypeFilterFunctionality_Laptop_20-32-11] Within getProductByIndex method
20:38:31 [TestNG-test-Test-1] INFO  verifyingDisplayTypeFilterFunctionality_Laptop_20-32-11 - [verifyingDisplayTypeFilterFunctionality_Laptop_20-32-11] Within smoothScrollToElement method
20:38:31 [TestNG-test-Test-1] INFO  verifyingDisplayTypeFilterFunctionality_Laptop_20-32-11 - [verifyingDisplayTypeFilterFunctionality_Laptop_20-32-11] Within safeFindElement method
20:38:31 [TestNG-test-Test-1] INFO  verifyingDisplayTypeFilterFunctionality_Laptop_20-32-11 - [verifyingDisplayTypeFilterFunctionality_Laptop_20-32-11]Found the element returning it ,element ->[[ChromeDriver: chrome on windows (944d27ba16ea2b534cc2d24374c5cdd8)] -> xpath: (//div[@data-cy='title-recipe'])[9]]
20:38:31 [TestNG-test-Test-1] INFO  verifyingDisplayTypeFilterFunctionality_Laptop_20-32-11 - [verifyingDisplayTypeFilterFunctionality_Laptop_20-32-11] Successfully scrolled to element: By.xpath: (//div[@data-cy='title-recipe'])[9]
20:38:31 [TestNG-test-Test-1] INFO  verifyingDisplayTypeFilterFunctionality_Laptop_20-32-11 - [verifyingDisplayTypeFilterFunctionality_Laptop_20-32-11] Getting product by index in productNameListingPage loop
20:38:31 [TestNG-test-Test-1] INFO  verifyingDisplayTypeFilterFunctionality_Laptop_20-32-11 - [verifyingDisplayTypeFilterFunctionality_Laptop_20-32-11] Opened product in new tab via Ctrl+Click inside productNameListingPage loop
20:38:31 [TestNG-test-Test-1] INFO  verifyingDisplayTypeFilterFunctionality_Laptop_20-32-11 - [verifyingDisplayTypeFilterFunctionality_Laptop_20-32-11] Waiting for new window to open...
20:38:31 [TestNG-test-Test-1] INFO  verifyingDisplayTypeFilterFunctionality_Laptop_20-32-11 - [verifyingDisplayTypeFilterFunctionality_Laptop_20-32-11] Switched to new window -> 9ED89F5699A96DDE78D1C840F671843E
20:38:31 [TestNG-test-Test-1] INFO  verifyingDisplayTypeFilterFunctionality_Laptop_20-32-11 - [verifyingDisplayTypeFilterFunctionality_Laptop_20-32-11] Swithcing to the new window  within productNameListingPage loop
20:38:31 [TestNG-test-Test-1] INFO  verifyingDisplayTypeFilterFunctionality_Laptop_20-32-11 - [verifyingDisplayTypeFilterFunctionality_Laptop_20-32-11] Clicked product name to open in new tab from productNameListingPage loop
20:38:31 [TestNG-test-Test-1] INFO  verifyingDisplayTypeFilterFunctionality_Laptop_20-32-11 - [verifyingDisplayTypeFilterFunctionality_Laptop_20-32-11] Within safeFindElement method
20:38:34 [TestNG-test-Test-1] INFO  verifyingDisplayTypeFilterFunctionality_Laptop_20-32-11 - [verifyingDisplayTypeFilterFunctionality_Laptop_20-32-11]Found the element returning it ,element ->[[ChromeDriver: chrome on windows (944d27ba16ea2b534cc2d24374c5cdd8)] -> xpath: //span[@id='productTitle']]
20:38:34 [TestNG-test-Test-1] INFO  verifyingDisplayTypeFilterFunctionality_Laptop_20-32-11 - [verifyingDisplayTypeFilterFunctionality_Laptop_20-32-11] Within safeFindElement method
20:38:34 [TestNG-test-Test-1] INFO  verifyingDisplayTypeFilterFunctionality_Laptop_20-32-11 - [verifyingDisplayTypeFilterFunctionality_Laptop_20-32-11]Found the element returning it ,element ->[[ChromeDriver: chrome on windows (944d27ba16ea2b534cc2d24374c5cdd8)] -> xpath: //div[@class='a-section a-spacing-small a-spacing-top-small']]
20:38:35 [TestNG-test-Test-1] INFO  verifyingDisplayTypeFilterFunctionality_Laptop_20-32-11 - [verifyingDisplayTypeFilterFunctionality_Laptop_20-32-11] Within safeFindElement method
20:38:35 [TestNG-test-Test-1] INFO  verifyingDisplayTypeFilterFunctionality_Laptop_20-32-11 - [verifyingDisplayTypeFilterFunctionality_Laptop_20-32-11]Found the element returning it ,element ->[[ChromeDriver: chrome on windows (944d27ba16ea2b534cc2d24374c5cdd8)] -> xpath: //div[@id='feature-bullets']]
20:38:35 [TestNG-test-Test-1] INFO  verifyingDisplayTypeFilterFunctionality_Laptop_20-32-11 - [verifyingDisplayTypeFilterFunctionality_Laptop_20-32-11] Within safeFindElement method
20:38:35 [TestNG-test-Test-1] INFO  verifyingDisplayTypeFilterFunctionality_Laptop_20-32-11 - [verifyingDisplayTypeFilterFunctionality_Laptop_20-32-11]Found the element returning it ,element ->[[ChromeDriver: chrome on windows (944d27ba16ea2b534cc2d24374c5cdd8)] -> xpath: //div[@id='prodDetails']]
20:38:35 [TestNG-test-Test-1] INFO  verifyingDisplayTypeFilterFunctionality_Laptop_20-32-11 - [verifyingDisplayTypeFilterFunctionality_Laptop_20-32-11] Extracting 'name' , 'keyFeatures', 'about' , 'techDetails' within productNameListingPage loop
20:38:35 [TestNG-test-Test-1] INFO  verifyingDisplayTypeFilterFunctionality_Laptop_20-32-11 - [verifyingDisplayTypeFilterFunctionality_Laptop_20-32-11] Waiting until element is visible in viewport
20:38:45 [TestNG-test-Test-1] INFO  verifyingDisplayTypeFilterFunctionality_Laptop_20-32-11 - [verifyingDisplayTypeFilterFunctionality_Laptop_20-32-11] Within smoothScrollToElement method
20:38:45 [TestNG-test-Test-1] INFO  verifyingDisplayTypeFilterFunctionality_Laptop_20-32-11 - [verifyingDisplayTypeFilterFunctionality_Laptop_20-32-11] Within safeFindElement method
20:38:45 [TestNG-test-Test-1] INFO  verifyingDisplayTypeFilterFunctionality_Laptop_20-32-11 - [verifyingDisplayTypeFilterFunctionality_Laptop_20-32-11]Found the element returning it ,element ->[[ChromeDriver: chrome on windows (944d27ba16ea2b534cc2d24374c5cdd8)] -> xpath: //a[@id='seeMoreDetailsLink']]
20:38:45 [TestNG-test-Test-1] INFO  verifyingDisplayTypeFilterFunctionality_Laptop_20-32-11 - [verifyingDisplayTypeFilterFunctionality_Laptop_20-32-11] Successfully scrolled to element: By.xpath: //a[@id='seeMoreDetailsLink']
20:38:45 [TestNG-test-Test-1] INFO  verifyingDisplayTypeFilterFunctionality_Laptop_20-32-11 - [verifyingDisplayTypeFilterFunctionality_Laptop_20-32-11] Within safeClick method
20:38:45 [TestNG-test-Test-1] INFO  verifyingDisplayTypeFilterFunctionality_Laptop_20-32-11 - [verifyingDisplayTypeFilterFunctionality_Laptop_20-32-11] Clicked the  [[ChromeDriver: chrome on windows (944d27ba16ea2b534cc2d24374c5cdd8)] -> xpath: //a[@id='seeMoreDetailsLink']]   using safeClick
20:38:45 [TestNG-test-Test-1] INFO  verifyingDisplayTypeFilterFunctionality_Laptop_20-32-11 - [verifyingDisplayTypeFilterFunctionality_Laptop_20-32-11] Within try block for clicking see more deatils within productNameListingPage loop
20:38:45 [TestNG-test-Test-1] INFO  verifyingDisplayTypeFilterFunctionality_Laptop_20-32-11 - [verifyingDisplayTypeFilterFunctionality_Laptop_20-32-11] Within closeCurrentWindowAndSwitchBack method
20:38:45 [TestNG-test-Test-1] INFO  verifyingDisplayTypeFilterFunctionality_Laptop_20-32-11 - [verifyingDisplayTypeFilterFunctionality_Laptop_20-32-11] Total open windows/tabs count -> 2
20:38:45 [TestNG-test-Test-1] INFO  verifyingDisplayTypeFilterFunctionality_Laptop_20-32-11 - [verifyingDisplayTypeFilterFunctionality_Laptop_20-32-11] Original window handle -> AA8B22BE0A8F774C28F62CC1C00B5AB3
20:38:45 [TestNG-test-Test-1] INFO  verifyingDisplayTypeFilterFunctionality_Laptop_20-32-11 - [verifyingDisplayTypeFilterFunctionality_Laptop_20-32-11] Found new tab/window handle -> 9ED89F5699A96DDE78D1C840F671843E (will be closed)
20:38:45 [TestNG-test-Test-1] INFO  verifyingDisplayTypeFilterFunctionality_Laptop_20-32-11 - [verifyingDisplayTypeFilterFunctionality_Laptop_20-32-11] Successfully switched to new tab/window -> 9ED89F5699A96DDE78D1C840F671843E
20:38:46 [TestNG-test-Test-1] INFO  verifyingDisplayTypeFilterFunctionality_Laptop_20-32-11 - [verifyingDisplayTypeFilterFunctionality_Laptop_20-32-11] Closed the newly opened tab/window -> 9ED89F5699A96DDE78D1C840F671843E
20:38:46 [TestNG-test-Test-1] INFO  verifyingDisplayTypeFilterFunctionality_Laptop_20-32-11 - [verifyingDisplayTypeFilterFunctionality_Laptop_20-32-11] Switched back to the original window -> AA8B22BE0A8F774C28F62CC1C00B5AB3
20:38:46 [TestNG-test-Test-1] INFO  verifyingDisplayTypeFilterFunctionality_Laptop_20-32-11 - [verifyingDisplayTypeFilterFunctionality_Laptop_20-32-11]  going back to product listing via closeCurrentWindowAndSwitchBack 
20:38:46 [TestNG-test-Test-1] INFO  verifyingDisplayTypeFilterFunctionality_Laptop_20-32-11 - [verifyingDisplayTypeFilterFunctionality_Laptop_20-32-11]  Added 'filter','title','keyFeatures', 'about', 'techDetails' into the Map -> productResult
20:38:46 [TestNG-test-Test-1] INFO  verifyingDisplayTypeFilterFunctionality_Laptop_20-32-11 - [verifyingDisplayTypeFilterFunctionality_Laptop_20-32-11]  Added 'productResult' Map into the 'results' i.e list of maps 
20:38:46 [TestNG-test-Test-1] INFO  verifyingDisplayTypeFilterFunctionality_Laptop_20-32-11 - [verifyingDisplayTypeFilterFunctionality_Laptop_20-32-11]==========================================================================================================
20:38:46 [TestNG-test-Test-1] INFO  verifyingDisplayTypeFilterFunctionality_Laptop_20-32-11 - [verifyingDisplayTypeFilterFunctionality_Laptop_20-32-11] Within safeFindElements 
20:38:46 [TestNG-test-Test-1] INFO  verifyingDisplayTypeFilterFunctionality_Laptop_20-32-11 - [verifyingDisplayTypeFilterFunctionality_Laptop_20-32-11] Returning the  [[[ChromeDriver: chrome on windows (944d27ba16ea2b534cc2d24374c5cdd8)] -> xpath: //div[@data-cy='title-recipe']], [[ChromeDriver: chrome on windows (944d27ba16ea2b534cc2d24374c5cdd8)] -> xpath: //div[@data-cy='title-recipe']], [[ChromeDriver: chrome on windows (944d27ba16ea2b534cc2d24374c5cdd8)] -> xpath: //div[@data-cy='title-recipe']], [[ChromeDriver: chrome on windows (944d27ba16ea2b534cc2d24374c5cdd8)] -> xpath: //div[@data-cy='title-recipe']], [[ChromeDriver: chrome on windows (944d27ba16ea2b534cc2d24374c5cdd8)] -> xpath: //div[@data-cy='title-recipe']], [[ChromeDriver: chrome on windows (944d27ba16ea2b534cc2d24374c5cdd8)] -> xpath: //div[@data-cy='title-recipe']], [[ChromeDriver: chrome on windows (944d27ba16ea2b534cc2d24374c5cdd8)] -> xpath: //div[@data-cy='title-recipe']], [[ChromeDriver: chrome on windows (944d27ba16ea2b534cc2d24374c5cdd8)] -> xpath: //div[@data-cy='title-recipe']], [[ChromeDriver: chrome on windows (944d27ba16ea2b534cc2d24374c5cdd8)] -> xpath: //div[@data-cy='title-recipe']], [[ChromeDriver: chrome on windows (944d27ba16ea2b534cc2d24374c5cdd8)] -> xpath: //div[@data-cy='title-recipe']], [[ChromeDriver: chrome on windows (944d27ba16ea2b534cc2d24374c5cdd8)] -> xpath: //div[@data-cy='title-recipe']], [[ChromeDriver: chrome on windows (944d27ba16ea2b534cc2d24374c5cdd8)] -> xpath: //div[@data-cy='title-recipe']], [[ChromeDriver: chrome on windows (944d27ba16ea2b534cc2d24374c5cdd8)] -> xpath: //div[@data-cy='title-recipe']], [[ChromeDriver: chrome on windows (944d27ba16ea2b534cc2d24374c5cdd8)] -> xpath: //div[@data-cy='title-recipe']], [[ChromeDriver: chrome on windows (944d27ba16ea2b534cc2d24374c5cdd8)] -> xpath: //div[@data-cy='title-recipe']], [[ChromeDriver: chrome on windows (944d27ba16ea2b534cc2d24374c5cdd8)] -> xpath: //div[@data-cy='title-recipe']]] from the safeFindElements method
20:38:46 [TestNG-test-Test-1] INFO  verifyingDisplayTypeFilterFunctionality_Laptop_20-32-11 - [verifyingDisplayTypeFilterFunctionality_Laptop_20-32-11] Within productNameListingPage loop in applyFilterAndValidateProductsWithResult
20:38:46 [TestNG-test-Test-1] INFO  verifyingDisplayTypeFilterFunctionality_Laptop_20-32-11 - [verifyingDisplayTypeFilterFunctionality_Laptop_20-32-11] Within getProductByIndex method
20:38:46 [TestNG-test-Test-1] INFO  verifyingDisplayTypeFilterFunctionality_Laptop_20-32-11 - [verifyingDisplayTypeFilterFunctionality_Laptop_20-32-11] Within safeFindElement method
20:38:46 [TestNG-test-Test-1] INFO  verifyingDisplayTypeFilterFunctionality_Laptop_20-32-11 - [verifyingDisplayTypeFilterFunctionality_Laptop_20-32-11]Found the element returning it ,element ->[[ChromeDriver: chrome on windows (944d27ba16ea2b534cc2d24374c5cdd8)] -> xpath: (//div[@data-cy='title-recipe'])[10]]
20:38:46 [TestNG-test-Test-1] INFO  verifyingDisplayTypeFilterFunctionality_Laptop_20-32-11 - [verifyingDisplayTypeFilterFunctionality_Laptop_20-32-11] Within getProductByIndex method
20:38:46 [TestNG-test-Test-1] INFO  verifyingDisplayTypeFilterFunctionality_Laptop_20-32-11 - [verifyingDisplayTypeFilterFunctionality_Laptop_20-32-11] Within smoothScrollToElement method
20:38:46 [TestNG-test-Test-1] INFO  verifyingDisplayTypeFilterFunctionality_Laptop_20-32-11 - [verifyingDisplayTypeFilterFunctionality_Laptop_20-32-11] Within safeFindElement method
20:38:46 [TestNG-test-Test-1] INFO  verifyingDisplayTypeFilterFunctionality_Laptop_20-32-11 - [verifyingDisplayTypeFilterFunctionality_Laptop_20-32-11]Found the element returning it ,element ->[[ChromeDriver: chrome on windows (944d27ba16ea2b534cc2d24374c5cdd8)] -> xpath: (//div[@data-cy='title-recipe'])[10]]
20:38:46 [TestNG-test-Test-1] INFO  verifyingDisplayTypeFilterFunctionality_Laptop_20-32-11 - [verifyingDisplayTypeFilterFunctionality_Laptop_20-32-11] Successfully scrolled to element: By.xpath: (//div[@data-cy='title-recipe'])[10]
20:38:46 [TestNG-test-Test-1] INFO  verifyingDisplayTypeFilterFunctionality_Laptop_20-32-11 - [verifyingDisplayTypeFilterFunctionality_Laptop_20-32-11] Getting product by index in productNameListingPage loop
20:38:46 [TestNG-test-Test-1] INFO  verifyingDisplayTypeFilterFunctionality_Laptop_20-32-11 - [verifyingDisplayTypeFilterFunctionality_Laptop_20-32-11] Opened product in new tab via Ctrl+Click inside productNameListingPage loop
20:38:46 [TestNG-test-Test-1] INFO  verifyingDisplayTypeFilterFunctionality_Laptop_20-32-11 - [verifyingDisplayTypeFilterFunctionality_Laptop_20-32-11] Waiting for new window to open...
20:38:46 [TestNG-test-Test-1] INFO  verifyingDisplayTypeFilterFunctionality_Laptop_20-32-11 - [verifyingDisplayTypeFilterFunctionality_Laptop_20-32-11] Switched to new window -> C9EE694CC127CE2496CB19A75AA24255
20:38:46 [TestNG-test-Test-1] INFO  verifyingDisplayTypeFilterFunctionality_Laptop_20-32-11 - [verifyingDisplayTypeFilterFunctionality_Laptop_20-32-11] Swithcing to the new window  within productNameListingPage loop
20:38:46 [TestNG-test-Test-1] INFO  verifyingDisplayTypeFilterFunctionality_Laptop_20-32-11 - [verifyingDisplayTypeFilterFunctionality_Laptop_20-32-11] Clicked product name to open in new tab from productNameListingPage loop
20:38:46 [TestNG-test-Test-1] INFO  verifyingDisplayTypeFilterFunctionality_Laptop_20-32-11 - [verifyingDisplayTypeFilterFunctionality_Laptop_20-32-11] Within safeFindElement method
20:38:49 [TestNG-test-Test-1] INFO  verifyingDisplayTypeFilterFunctionality_Laptop_20-32-11 - [verifyingDisplayTypeFilterFunctionality_Laptop_20-32-11]Found the element returning it ,element ->[[ChromeDriver: chrome on windows (944d27ba16ea2b534cc2d24374c5cdd8)] -> xpath: //span[@id='productTitle']]
20:38:49 [TestNG-test-Test-1] INFO  verifyingDisplayTypeFilterFunctionality_Laptop_20-32-11 - [verifyingDisplayTypeFilterFunctionality_Laptop_20-32-11] Within safeFindElement method
20:38:49 [TestNG-test-Test-1] INFO  verifyingDisplayTypeFilterFunctionality_Laptop_20-32-11 - [verifyingDisplayTypeFilterFunctionality_Laptop_20-32-11]Found the element returning it ,element ->[[ChromeDriver: chrome on windows (944d27ba16ea2b534cc2d24374c5cdd8)] -> xpath: //div[@class='a-section a-spacing-small a-spacing-top-small']]
20:38:49 [TestNG-test-Test-1] INFO  verifyingDisplayTypeFilterFunctionality_Laptop_20-32-11 - [verifyingDisplayTypeFilterFunctionality_Laptop_20-32-11] Within safeFindElement method
20:38:49 [TestNG-test-Test-1] INFO  verifyingDisplayTypeFilterFunctionality_Laptop_20-32-11 - [verifyingDisplayTypeFilterFunctionality_Laptop_20-32-11]Found the element returning it ,element ->[[ChromeDriver: chrome on windows (944d27ba16ea2b534cc2d24374c5cdd8)] -> xpath: //div[@id='feature-bullets']]
20:38:49 [TestNG-test-Test-1] INFO  verifyingDisplayTypeFilterFunctionality_Laptop_20-32-11 - [verifyingDisplayTypeFilterFunctionality_Laptop_20-32-11] Within safeFindElement method
20:38:49 [TestNG-test-Test-1] INFO  verifyingDisplayTypeFilterFunctionality_Laptop_20-32-11 - [verifyingDisplayTypeFilterFunctionality_Laptop_20-32-11]Found the element returning it ,element ->[[ChromeDriver: chrome on windows (944d27ba16ea2b534cc2d24374c5cdd8)] -> xpath: //div[@id='prodDetails']]
20:38:49 [TestNG-test-Test-1] INFO  verifyingDisplayTypeFilterFunctionality_Laptop_20-32-11 - [verifyingDisplayTypeFilterFunctionality_Laptop_20-32-11] Extracting 'name' , 'keyFeatures', 'about' , 'techDetails' within productNameListingPage loop
20:38:49 [TestNG-test-Test-1] INFO  verifyingDisplayTypeFilterFunctionality_Laptop_20-32-11 - [verifyingDisplayTypeFilterFunctionality_Laptop_20-32-11] Waiting until element is visible in viewport
20:39:00 [TestNG-test-Test-1] INFO  verifyingDisplayTypeFilterFunctionality_Laptop_20-32-11 - [verifyingDisplayTypeFilterFunctionality_Laptop_20-32-11] Within smoothScrollToElement method
20:39:00 [TestNG-test-Test-1] INFO  verifyingDisplayTypeFilterFunctionality_Laptop_20-32-11 - [verifyingDisplayTypeFilterFunctionality_Laptop_20-32-11] Within safeFindElement method
20:39:00 [TestNG-test-Test-1] INFO  verifyingDisplayTypeFilterFunctionality_Laptop_20-32-11 - [verifyingDisplayTypeFilterFunctionality_Laptop_20-32-11]Found the element returning it ,element ->[[ChromeDriver: chrome on windows (944d27ba16ea2b534cc2d24374c5cdd8)] -> xpath: //a[@id='seeMoreDetailsLink']]
20:39:00 [TestNG-test-Test-1] INFO  verifyingDisplayTypeFilterFunctionality_Laptop_20-32-11 - [verifyingDisplayTypeFilterFunctionality_Laptop_20-32-11] Successfully scrolled to element: By.xpath: //a[@id='seeMoreDetailsLink']
20:39:00 [TestNG-test-Test-1] INFO  verifyingDisplayTypeFilterFunctionality_Laptop_20-32-11 - [verifyingDisplayTypeFilterFunctionality_Laptop_20-32-11] Within safeClick method
20:39:00 [TestNG-test-Test-1] INFO  verifyingDisplayTypeFilterFunctionality_Laptop_20-32-11 - [verifyingDisplayTypeFilterFunctionality_Laptop_20-32-11] Clicked the  [[ChromeDriver: chrome on windows (944d27ba16ea2b534cc2d24374c5cdd8)] -> xpath: //a[@id='seeMoreDetailsLink']]   using safeClick
20:39:00 [TestNG-test-Test-1] INFO  verifyingDisplayTypeFilterFunctionality_Laptop_20-32-11 - [verifyingDisplayTypeFilterFunctionality_Laptop_20-32-11] Within try block for clicking see more deatils within productNameListingPage loop
20:39:00 [TestNG-test-Test-1] INFO  verifyingDisplayTypeFilterFunctionality_Laptop_20-32-11 - [verifyingDisplayTypeFilterFunctionality_Laptop_20-32-11] Within closeCurrentWindowAndSwitchBack method
20:39:00 [TestNG-test-Test-1] INFO  verifyingDisplayTypeFilterFunctionality_Laptop_20-32-11 - [verifyingDisplayTypeFilterFunctionality_Laptop_20-32-11] Total open windows/tabs count -> 2
20:39:00 [TestNG-test-Test-1] INFO  verifyingDisplayTypeFilterFunctionality_Laptop_20-32-11 - [verifyingDisplayTypeFilterFunctionality_Laptop_20-32-11] Original window handle -> AA8B22BE0A8F774C28F62CC1C00B5AB3
20:39:00 [TestNG-test-Test-1] INFO  verifyingDisplayTypeFilterFunctionality_Laptop_20-32-11 - [verifyingDisplayTypeFilterFunctionality_Laptop_20-32-11] Found new tab/window handle -> C9EE694CC127CE2496CB19A75AA24255 (will be closed)
20:39:01 [TestNG-test-Test-1] INFO  verifyingDisplayTypeFilterFunctionality_Laptop_20-32-11 - [verifyingDisplayTypeFilterFunctionality_Laptop_20-32-11] Successfully switched to new tab/window -> C9EE694CC127CE2496CB19A75AA24255
20:39:01 [TestNG-test-Test-1] INFO  verifyingDisplayTypeFilterFunctionality_Laptop_20-32-11 - [verifyingDisplayTypeFilterFunctionality_Laptop_20-32-11] Closed the newly opened tab/window -> C9EE694CC127CE2496CB19A75AA24255
20:39:01 [TestNG-test-Test-1] INFO  verifyingDisplayTypeFilterFunctionality_Laptop_20-32-11 - [verifyingDisplayTypeFilterFunctionality_Laptop_20-32-11] Switched back to the original window -> AA8B22BE0A8F774C28F62CC1C00B5AB3
20:39:01 [TestNG-test-Test-1] INFO  verifyingDisplayTypeFilterFunctionality_Laptop_20-32-11 - [verifyingDisplayTypeFilterFunctionality_Laptop_20-32-11]  going back to product listing via closeCurrentWindowAndSwitchBack 
20:39:01 [TestNG-test-Test-1] INFO  verifyingDisplayTypeFilterFunctionality_Laptop_20-32-11 - [verifyingDisplayTypeFilterFunctionality_Laptop_20-32-11]  Added 'filter','title','keyFeatures', 'about', 'techDetails' into the Map -> productResult
20:39:01 [TestNG-test-Test-1] INFO  verifyingDisplayTypeFilterFunctionality_Laptop_20-32-11 - [verifyingDisplayTypeFilterFunctionality_Laptop_20-32-11]  Added 'productResult' Map into the 'results' i.e list of maps 
20:39:01 [TestNG-test-Test-1] INFO  verifyingDisplayTypeFilterFunctionality_Laptop_20-32-11 - [verifyingDisplayTypeFilterFunctionality_Laptop_20-32-11]==========================================================================================================
20:39:01 [TestNG-test-Test-1] INFO  verifyingDisplayTypeFilterFunctionality_Laptop_20-32-11 - [verifyingDisplayTypeFilterFunctionality_Laptop_20-32-11] Within safeFindElements 
20:39:01 [TestNG-test-Test-1] INFO  verifyingDisplayTypeFilterFunctionality_Laptop_20-32-11 - [verifyingDisplayTypeFilterFunctionality_Laptop_20-32-11] Returning the  [[[ChromeDriver: chrome on windows (944d27ba16ea2b534cc2d24374c5cdd8)] -> xpath: //div[@data-cy='title-recipe']], [[ChromeDriver: chrome on windows (944d27ba16ea2b534cc2d24374c5cdd8)] -> xpath: //div[@data-cy='title-recipe']], [[ChromeDriver: chrome on windows (944d27ba16ea2b534cc2d24374c5cdd8)] -> xpath: //div[@data-cy='title-recipe']], [[ChromeDriver: chrome on windows (944d27ba16ea2b534cc2d24374c5cdd8)] -> xpath: //div[@data-cy='title-recipe']], [[ChromeDriver: chrome on windows (944d27ba16ea2b534cc2d24374c5cdd8)] -> xpath: //div[@data-cy='title-recipe']], [[ChromeDriver: chrome on windows (944d27ba16ea2b534cc2d24374c5cdd8)] -> xpath: //div[@data-cy='title-recipe']], [[ChromeDriver: chrome on windows (944d27ba16ea2b534cc2d24374c5cdd8)] -> xpath: //div[@data-cy='title-recipe']], [[ChromeDriver: chrome on windows (944d27ba16ea2b534cc2d24374c5cdd8)] -> xpath: //div[@data-cy='title-recipe']], [[ChromeDriver: chrome on windows (944d27ba16ea2b534cc2d24374c5cdd8)] -> xpath: //div[@data-cy='title-recipe']], [[ChromeDriver: chrome on windows (944d27ba16ea2b534cc2d24374c5cdd8)] -> xpath: //div[@data-cy='title-recipe']], [[ChromeDriver: chrome on windows (944d27ba16ea2b534cc2d24374c5cdd8)] -> xpath: //div[@data-cy='title-recipe']], [[ChromeDriver: chrome on windows (944d27ba16ea2b534cc2d24374c5cdd8)] -> xpath: //div[@data-cy='title-recipe']], [[ChromeDriver: chrome on windows (944d27ba16ea2b534cc2d24374c5cdd8)] -> xpath: //div[@data-cy='title-recipe']], [[ChromeDriver: chrome on windows (944d27ba16ea2b534cc2d24374c5cdd8)] -> xpath: //div[@data-cy='title-recipe']], [[ChromeDriver: chrome on windows (944d27ba16ea2b534cc2d24374c5cdd8)] -> xpath: //div[@data-cy='title-recipe']], [[ChromeDriver: chrome on windows (944d27ba16ea2b534cc2d24374c5cdd8)] -> xpath: //div[@data-cy='title-recipe']]] from the safeFindElements method
20:39:01 [TestNG-test-Test-1] INFO  verifyingDisplayTypeFilterFunctionality_Laptop_20-32-11 - [verifyingDisplayTypeFilterFunctionality_Laptop_20-32-11] Within productNameListingPage loop in applyFilterAndValidateProductsWithResult
20:39:01 [TestNG-test-Test-1] INFO  verifyingDisplayTypeFilterFunctionality_Laptop_20-32-11 - [verifyingDisplayTypeFilterFunctionality_Laptop_20-32-11] Within getProductByIndex method
20:39:01 [TestNG-test-Test-1] INFO  verifyingDisplayTypeFilterFunctionality_Laptop_20-32-11 - [verifyingDisplayTypeFilterFunctionality_Laptop_20-32-11] Within safeFindElement method
20:39:01 [TestNG-test-Test-1] INFO  verifyingDisplayTypeFilterFunctionality_Laptop_20-32-11 - [verifyingDisplayTypeFilterFunctionality_Laptop_20-32-11]Found the element returning it ,element ->[[ChromeDriver: chrome on windows (944d27ba16ea2b534cc2d24374c5cdd8)] -> xpath: (//div[@data-cy='title-recipe'])[11]]
20:39:01 [TestNG-test-Test-1] INFO  verifyingDisplayTypeFilterFunctionality_Laptop_20-32-11 - [verifyingDisplayTypeFilterFunctionality_Laptop_20-32-11] Within getProductByIndex method
20:39:01 [TestNG-test-Test-1] INFO  verifyingDisplayTypeFilterFunctionality_Laptop_20-32-11 - [verifyingDisplayTypeFilterFunctionality_Laptop_20-32-11] Within smoothScrollToElement method
20:39:01 [TestNG-test-Test-1] INFO  verifyingDisplayTypeFilterFunctionality_Laptop_20-32-11 - [verifyingDisplayTypeFilterFunctionality_Laptop_20-32-11] Within safeFindElement method
20:39:01 [TestNG-test-Test-1] INFO  verifyingDisplayTypeFilterFunctionality_Laptop_20-32-11 - [verifyingDisplayTypeFilterFunctionality_Laptop_20-32-11]Found the element returning it ,element ->[[ChromeDriver: chrome on windows (944d27ba16ea2b534cc2d24374c5cdd8)] -> xpath: (//div[@data-cy='title-recipe'])[11]]
20:39:01 [TestNG-test-Test-1] INFO  verifyingDisplayTypeFilterFunctionality_Laptop_20-32-11 - [verifyingDisplayTypeFilterFunctionality_Laptop_20-32-11] Successfully scrolled to element: By.xpath: (//div[@data-cy='title-recipe'])[11]
20:39:01 [TestNG-test-Test-1] INFO  verifyingDisplayTypeFilterFunctionality_Laptop_20-32-11 - [verifyingDisplayTypeFilterFunctionality_Laptop_20-32-11] Getting product by index in productNameListingPage loop
20:39:01 [TestNG-test-Test-1] INFO  verifyingDisplayTypeFilterFunctionality_Laptop_20-32-11 - [verifyingDisplayTypeFilterFunctionality_Laptop_20-32-11] Opened product in new tab via Ctrl+Click inside productNameListingPage loop
20:39:01 [TestNG-test-Test-1] INFO  verifyingDisplayTypeFilterFunctionality_Laptop_20-32-11 - [verifyingDisplayTypeFilterFunctionality_Laptop_20-32-11] Waiting for new window to open...
20:39:01 [TestNG-test-Test-1] INFO  verifyingDisplayTypeFilterFunctionality_Laptop_20-32-11 - [verifyingDisplayTypeFilterFunctionality_Laptop_20-32-11] Switched to new window -> 89DD1639C293AF739D6FE8B2996551E9
20:39:01 [TestNG-test-Test-1] INFO  verifyingDisplayTypeFilterFunctionality_Laptop_20-32-11 - [verifyingDisplayTypeFilterFunctionality_Laptop_20-32-11] Swithcing to the new window  within productNameListingPage loop
20:39:01 [TestNG-test-Test-1] INFO  verifyingDisplayTypeFilterFunctionality_Laptop_20-32-11 - [verifyingDisplayTypeFilterFunctionality_Laptop_20-32-11] Clicked product name to open in new tab from productNameListingPage loop
20:39:01 [TestNG-test-Test-1] INFO  verifyingDisplayTypeFilterFunctionality_Laptop_20-32-11 - [verifyingDisplayTypeFilterFunctionality_Laptop_20-32-11] Within safeFindElement method
20:39:04 [TestNG-test-Test-1] INFO  verifyingDisplayTypeFilterFunctionality_Laptop_20-32-11 - [verifyingDisplayTypeFilterFunctionality_Laptop_20-32-11]Found the element returning it ,element ->[[ChromeDriver: chrome on windows (944d27ba16ea2b534cc2d24374c5cdd8)] -> xpath: //span[@id='productTitle']]
20:39:04 [TestNG-test-Test-1] INFO  verifyingDisplayTypeFilterFunctionality_Laptop_20-32-11 - [verifyingDisplayTypeFilterFunctionality_Laptop_20-32-11] Within safeFindElement method
20:39:04 [TestNG-test-Test-1] INFO  verifyingDisplayTypeFilterFunctionality_Laptop_20-32-11 - [verifyingDisplayTypeFilterFunctionality_Laptop_20-32-11]Found the element returning it ,element ->[[ChromeDriver: chrome on windows (944d27ba16ea2b534cc2d24374c5cdd8)] -> xpath: //div[@class='a-section a-spacing-small a-spacing-top-small']]
20:39:04 [TestNG-test-Test-1] INFO  verifyingDisplayTypeFilterFunctionality_Laptop_20-32-11 - [verifyingDisplayTypeFilterFunctionality_Laptop_20-32-11] Within safeFindElement method
20:39:05 [TestNG-test-Test-1] INFO  verifyingDisplayTypeFilterFunctionality_Laptop_20-32-11 - [verifyingDisplayTypeFilterFunctionality_Laptop_20-32-11]Found the element returning it ,element ->[[ChromeDriver: chrome on windows (944d27ba16ea2b534cc2d24374c5cdd8)] -> xpath: //div[@id='feature-bullets']]
20:39:05 [TestNG-test-Test-1] INFO  verifyingDisplayTypeFilterFunctionality_Laptop_20-32-11 - [verifyingDisplayTypeFilterFunctionality_Laptop_20-32-11] Within safeFindElement method
20:39:05 [TestNG-test-Test-1] INFO  verifyingDisplayTypeFilterFunctionality_Laptop_20-32-11 - [verifyingDisplayTypeFilterFunctionality_Laptop_20-32-11]Found the element returning it ,element ->[[ChromeDriver: chrome on windows (944d27ba16ea2b534cc2d24374c5cdd8)] -> xpath: //div[@id='prodDetails']]
20:39:05 [TestNG-test-Test-1] INFO  verifyingDisplayTypeFilterFunctionality_Laptop_20-32-11 - [verifyingDisplayTypeFilterFunctionality_Laptop_20-32-11] Extracting 'name' , 'keyFeatures', 'about' , 'techDetails' within productNameListingPage loop
20:39:05 [TestNG-test-Test-1] INFO  verifyingDisplayTypeFilterFunctionality_Laptop_20-32-11 - [verifyingDisplayTypeFilterFunctionality_Laptop_20-32-11] Waiting until element is visible in viewport
20:39:15 [TestNG-test-Test-1] INFO  verifyingDisplayTypeFilterFunctionality_Laptop_20-32-11 - [verifyingDisplayTypeFilterFunctionality_Laptop_20-32-11] Within smoothScrollToElement method
20:39:15 [TestNG-test-Test-1] INFO  verifyingDisplayTypeFilterFunctionality_Laptop_20-32-11 - [verifyingDisplayTypeFilterFunctionality_Laptop_20-32-11] Within safeFindElement method
20:39:15 [TestNG-test-Test-1] INFO  verifyingDisplayTypeFilterFunctionality_Laptop_20-32-11 - [verifyingDisplayTypeFilterFunctionality_Laptop_20-32-11]Found the element returning it ,element ->[[ChromeDriver: chrome on windows (944d27ba16ea2b534cc2d24374c5cdd8)] -> xpath: //a[@id='seeMoreDetailsLink']]
20:39:15 [TestNG-test-Test-1] INFO  verifyingDisplayTypeFilterFunctionality_Laptop_20-32-11 - [verifyingDisplayTypeFilterFunctionality_Laptop_20-32-11] Successfully scrolled to element: By.xpath: //a[@id='seeMoreDetailsLink']
20:39:15 [TestNG-test-Test-1] INFO  verifyingDisplayTypeFilterFunctionality_Laptop_20-32-11 - [verifyingDisplayTypeFilterFunctionality_Laptop_20-32-11] Within safeClick method
20:39:16 [TestNG-test-Test-1] INFO  verifyingDisplayTypeFilterFunctionality_Laptop_20-32-11 - [verifyingDisplayTypeFilterFunctionality_Laptop_20-32-11] Clicked the  [[ChromeDriver: chrome on windows (944d27ba16ea2b534cc2d24374c5cdd8)] -> xpath: //a[@id='seeMoreDetailsLink']]   using safeClick
20:39:16 [TestNG-test-Test-1] INFO  verifyingDisplayTypeFilterFunctionality_Laptop_20-32-11 - [verifyingDisplayTypeFilterFunctionality_Laptop_20-32-11] Within try block for clicking see more deatils within productNameListingPage loop
20:39:16 [TestNG-test-Test-1] INFO  verifyingDisplayTypeFilterFunctionality_Laptop_20-32-11 - [verifyingDisplayTypeFilterFunctionality_Laptop_20-32-11] Within closeCurrentWindowAndSwitchBack method
20:39:16 [TestNG-test-Test-1] INFO  verifyingDisplayTypeFilterFunctionality_Laptop_20-32-11 - [verifyingDisplayTypeFilterFunctionality_Laptop_20-32-11] Total open windows/tabs count -> 2
20:39:16 [TestNG-test-Test-1] INFO  verifyingDisplayTypeFilterFunctionality_Laptop_20-32-11 - [verifyingDisplayTypeFilterFunctionality_Laptop_20-32-11] Original window handle -> AA8B22BE0A8F774C28F62CC1C00B5AB3
20:39:16 [TestNG-test-Test-1] INFO  verifyingDisplayTypeFilterFunctionality_Laptop_20-32-11 - [verifyingDisplayTypeFilterFunctionality_Laptop_20-32-11] Found new tab/window handle -> 89DD1639C293AF739D6FE8B2996551E9 (will be closed)
20:39:16 [TestNG-test-Test-1] INFO  verifyingDisplayTypeFilterFunctionality_Laptop_20-32-11 - [verifyingDisplayTypeFilterFunctionality_Laptop_20-32-11] Successfully switched to new tab/window -> 89DD1639C293AF739D6FE8B2996551E9
20:39:16 [TestNG-test-Test-1] INFO  verifyingDisplayTypeFilterFunctionality_Laptop_20-32-11 - [verifyingDisplayTypeFilterFunctionality_Laptop_20-32-11] Closed the newly opened tab/window -> 89DD1639C293AF739D6FE8B2996551E9
20:39:16 [TestNG-test-Test-1] INFO  verifyingDisplayTypeFilterFunctionality_Laptop_20-32-11 - [verifyingDisplayTypeFilterFunctionality_Laptop_20-32-11] Switched back to the original window -> AA8B22BE0A8F774C28F62CC1C00B5AB3
20:39:16 [TestNG-test-Test-1] INFO  verifyingDisplayTypeFilterFunctionality_Laptop_20-32-11 - [verifyingDisplayTypeFilterFunctionality_Laptop_20-32-11]  going back to product listing via closeCurrentWindowAndSwitchBack 
20:39:16 [TestNG-test-Test-1] INFO  verifyingDisplayTypeFilterFunctionality_Laptop_20-32-11 - [verifyingDisplayTypeFilterFunctionality_Laptop_20-32-11]  Added 'filter','title','keyFeatures', 'about', 'techDetails' into the Map -> productResult
20:39:16 [TestNG-test-Test-1] INFO  verifyingDisplayTypeFilterFunctionality_Laptop_20-32-11 - [verifyingDisplayTypeFilterFunctionality_Laptop_20-32-11]  Added 'productResult' Map into the 'results' i.e list of maps 
20:39:16 [TestNG-test-Test-1] INFO  verifyingDisplayTypeFilterFunctionality_Laptop_20-32-11 - [verifyingDisplayTypeFilterFunctionality_Laptop_20-32-11]==========================================================================================================
20:39:16 [TestNG-test-Test-1] INFO  verifyingDisplayTypeFilterFunctionality_Laptop_20-32-11 - [verifyingDisplayTypeFilterFunctionality_Laptop_20-32-11] Within safeFindElements 
20:39:16 [TestNG-test-Test-1] INFO  verifyingDisplayTypeFilterFunctionality_Laptop_20-32-11 - [verifyingDisplayTypeFilterFunctionality_Laptop_20-32-11] Returning the  [[[ChromeDriver: chrome on windows (944d27ba16ea2b534cc2d24374c5cdd8)] -> xpath: //div[@data-cy='title-recipe']], [[ChromeDriver: chrome on windows (944d27ba16ea2b534cc2d24374c5cdd8)] -> xpath: //div[@data-cy='title-recipe']], [[ChromeDriver: chrome on windows (944d27ba16ea2b534cc2d24374c5cdd8)] -> xpath: //div[@data-cy='title-recipe']], [[ChromeDriver: chrome on windows (944d27ba16ea2b534cc2d24374c5cdd8)] -> xpath: //div[@data-cy='title-recipe']], [[ChromeDriver: chrome on windows (944d27ba16ea2b534cc2d24374c5cdd8)] -> xpath: //div[@data-cy='title-recipe']], [[ChromeDriver: chrome on windows (944d27ba16ea2b534cc2d24374c5cdd8)] -> xpath: //div[@data-cy='title-recipe']], [[ChromeDriver: chrome on windows (944d27ba16ea2b534cc2d24374c5cdd8)] -> xpath: //div[@data-cy='title-recipe']], [[ChromeDriver: chrome on windows (944d27ba16ea2b534cc2d24374c5cdd8)] -> xpath: //div[@data-cy='title-recipe']], [[ChromeDriver: chrome on windows (944d27ba16ea2b534cc2d24374c5cdd8)] -> xpath: //div[@data-cy='title-recipe']], [[ChromeDriver: chrome on windows (944d27ba16ea2b534cc2d24374c5cdd8)] -> xpath: //div[@data-cy='title-recipe']], [[ChromeDriver: chrome on windows (944d27ba16ea2b534cc2d24374c5cdd8)] -> xpath: //div[@data-cy='title-recipe']], [[ChromeDriver: chrome on windows (944d27ba16ea2b534cc2d24374c5cdd8)] -> xpath: //div[@data-cy='title-recipe']], [[ChromeDriver: chrome on windows (944d27ba16ea2b534cc2d24374c5cdd8)] -> xpath: //div[@data-cy='title-recipe']], [[ChromeDriver: chrome on windows (944d27ba16ea2b534cc2d24374c5cdd8)] -> xpath: //div[@data-cy='title-recipe']], [[ChromeDriver: chrome on windows (944d27ba16ea2b534cc2d24374c5cdd8)] -> xpath: //div[@data-cy='title-recipe']], [[ChromeDriver: chrome on windows (944d27ba16ea2b534cc2d24374c5cdd8)] -> xpath: //div[@data-cy='title-recipe']]] from the safeFindElements method
20:39:16 [TestNG-test-Test-1] INFO  verifyingDisplayTypeFilterFunctionality_Laptop_20-32-11 - [verifyingDisplayTypeFilterFunctionality_Laptop_20-32-11] Within productNameListingPage loop in applyFilterAndValidateProductsWithResult
20:39:16 [TestNG-test-Test-1] INFO  verifyingDisplayTypeFilterFunctionality_Laptop_20-32-11 - [verifyingDisplayTypeFilterFunctionality_Laptop_20-32-11] Within getProductByIndex method
20:39:16 [TestNG-test-Test-1] INFO  verifyingDisplayTypeFilterFunctionality_Laptop_20-32-11 - [verifyingDisplayTypeFilterFunctionality_Laptop_20-32-11] Within safeFindElement method
20:39:16 [TestNG-test-Test-1] INFO  verifyingDisplayTypeFilterFunctionality_Laptop_20-32-11 - [verifyingDisplayTypeFilterFunctionality_Laptop_20-32-11]Found the element returning it ,element ->[[ChromeDriver: chrome on windows (944d27ba16ea2b534cc2d24374c5cdd8)] -> xpath: (//div[@data-cy='title-recipe'])[12]]
20:39:16 [TestNG-test-Test-1] INFO  verifyingDisplayTypeFilterFunctionality_Laptop_20-32-11 - [verifyingDisplayTypeFilterFunctionality_Laptop_20-32-11] Within getProductByIndex method
20:39:16 [TestNG-test-Test-1] INFO  verifyingDisplayTypeFilterFunctionality_Laptop_20-32-11 - [verifyingDisplayTypeFilterFunctionality_Laptop_20-32-11] Within smoothScrollToElement method
20:39:16 [TestNG-test-Test-1] INFO  verifyingDisplayTypeFilterFunctionality_Laptop_20-32-11 - [verifyingDisplayTypeFilterFunctionality_Laptop_20-32-11] Within safeFindElement method
20:39:17 [TestNG-test-Test-1] INFO  verifyingDisplayTypeFilterFunctionality_Laptop_20-32-11 - [verifyingDisplayTypeFilterFunctionality_Laptop_20-32-11]Found the element returning it ,element ->[[ChromeDriver: chrome on windows (944d27ba16ea2b534cc2d24374c5cdd8)] -> xpath: (//div[@data-cy='title-recipe'])[12]]
20:39:17 [TestNG-test-Test-1] INFO  verifyingDisplayTypeFilterFunctionality_Laptop_20-32-11 - [verifyingDisplayTypeFilterFunctionality_Laptop_20-32-11] Successfully scrolled to element: By.xpath: (//div[@data-cy='title-recipe'])[12]
20:39:17 [TestNG-test-Test-1] INFO  verifyingDisplayTypeFilterFunctionality_Laptop_20-32-11 - [verifyingDisplayTypeFilterFunctionality_Laptop_20-32-11] Getting product by index in productNameListingPage loop
20:39:17 [TestNG-test-Test-1] INFO  verifyingDisplayTypeFilterFunctionality_Laptop_20-32-11 - [verifyingDisplayTypeFilterFunctionality_Laptop_20-32-11] Opened product in new tab via Ctrl+Click inside productNameListingPage loop
20:39:17 [TestNG-test-Test-1] INFO  verifyingDisplayTypeFilterFunctionality_Laptop_20-32-11 - [verifyingDisplayTypeFilterFunctionality_Laptop_20-32-11] Waiting for new window to open...
20:39:17 [TestNG-test-Test-1] INFO  verifyingDisplayTypeFilterFunctionality_Laptop_20-32-11 - [verifyingDisplayTypeFilterFunctionality_Laptop_20-32-11] Switched to new window -> 24965106417F261422E72527B2A66593
20:39:17 [TestNG-test-Test-1] INFO  verifyingDisplayTypeFilterFunctionality_Laptop_20-32-11 - [verifyingDisplayTypeFilterFunctionality_Laptop_20-32-11] Swithcing to the new window  within productNameListingPage loop
20:39:17 [TestNG-test-Test-1] INFO  verifyingDisplayTypeFilterFunctionality_Laptop_20-32-11 - [verifyingDisplayTypeFilterFunctionality_Laptop_20-32-11] Clicked product name to open in new tab from productNameListingPage loop
20:39:17 [TestNG-test-Test-1] INFO  verifyingDisplayTypeFilterFunctionality_Laptop_20-32-11 - [verifyingDisplayTypeFilterFunctionality_Laptop_20-32-11] Within safeFindElement method
20:39:20 [TestNG-test-Test-1] INFO  verifyingDisplayTypeFilterFunctionality_Laptop_20-32-11 - [verifyingDisplayTypeFilterFunctionality_Laptop_20-32-11]Found the element returning it ,element ->[[ChromeDriver: chrome on windows (944d27ba16ea2b534cc2d24374c5cdd8)] -> xpath: //span[@id='productTitle']]
20:39:20 [TestNG-test-Test-1] INFO  verifyingDisplayTypeFilterFunctionality_Laptop_20-32-11 - [verifyingDisplayTypeFilterFunctionality_Laptop_20-32-11] Within safeFindElement method
20:39:21 [TestNG-test-Test-1] INFO  verifyingDisplayTypeFilterFunctionality_Laptop_20-32-11 - [verifyingDisplayTypeFilterFunctionality_Laptop_20-32-11]Found the element returning it ,element ->[[ChromeDriver: chrome on windows (944d27ba16ea2b534cc2d24374c5cdd8)] -> xpath: //div[@class='a-section a-spacing-small a-spacing-top-small']]
20:39:21 [TestNG-test-Test-1] INFO  verifyingDisplayTypeFilterFunctionality_Laptop_20-32-11 - [verifyingDisplayTypeFilterFunctionality_Laptop_20-32-11] Within safeFindElement method
20:39:21 [TestNG-test-Test-1] INFO  verifyingDisplayTypeFilterFunctionality_Laptop_20-32-11 - [verifyingDisplayTypeFilterFunctionality_Laptop_20-32-11]Found the element returning it ,element ->[[ChromeDriver: chrome on windows (944d27ba16ea2b534cc2d24374c5cdd8)] -> xpath: //div[@id='feature-bullets']]
20:39:21 [TestNG-test-Test-1] INFO  verifyingDisplayTypeFilterFunctionality_Laptop_20-32-11 - [verifyingDisplayTypeFilterFunctionality_Laptop_20-32-11] Within safeFindElement method
20:39:21 [TestNG-test-Test-1] INFO  verifyingDisplayTypeFilterFunctionality_Laptop_20-32-11 - [verifyingDisplayTypeFilterFunctionality_Laptop_20-32-11]Found the element returning it ,element ->[[ChromeDriver: chrome on windows (944d27ba16ea2b534cc2d24374c5cdd8)] -> xpath: //div[@id='prodDetails']]
20:39:21 [TestNG-test-Test-1] INFO  verifyingDisplayTypeFilterFunctionality_Laptop_20-32-11 - [verifyingDisplayTypeFilterFunctionality_Laptop_20-32-11] Extracting 'name' , 'keyFeatures', 'about' , 'techDetails' within productNameListingPage loop
20:39:21 [TestNG-test-Test-1] INFO  verifyingDisplayTypeFilterFunctionality_Laptop_20-32-11 - [verifyingDisplayTypeFilterFunctionality_Laptop_20-32-11] Waiting until element is visible in viewport
20:39:21 [TestNG-test-Test-1] INFO  verifyingDisplayTypeFilterFunctionality_Laptop_20-32-11 - [verifyingDisplayTypeFilterFunctionality_Laptop_20-32-11] Within smoothScrollToElement method
20:39:21 [TestNG-test-Test-1] INFO  verifyingDisplayTypeFilterFunctionality_Laptop_20-32-11 - [verifyingDisplayTypeFilterFunctionality_Laptop_20-32-11] Within safeFindElement method
20:39:21 [TestNG-test-Test-1] INFO  verifyingDisplayTypeFilterFunctionality_Laptop_20-32-11 - [verifyingDisplayTypeFilterFunctionality_Laptop_20-32-11]Found the element returning it ,element ->[[ChromeDriver: chrome on windows (944d27ba16ea2b534cc2d24374c5cdd8)] -> xpath: //a[@id='seeMoreDetailsLink']]
20:39:21 [TestNG-test-Test-1] INFO  verifyingDisplayTypeFilterFunctionality_Laptop_20-32-11 - [verifyingDisplayTypeFilterFunctionality_Laptop_20-32-11] Successfully scrolled to element: By.xpath: //a[@id='seeMoreDetailsLink']
20:39:21 [TestNG-test-Test-1] INFO  verifyingDisplayTypeFilterFunctionality_Laptop_20-32-11 - [verifyingDisplayTypeFilterFunctionality_Laptop_20-32-11] Within safeClick method
20:39:22 [TestNG-test-Test-1] INFO  verifyingDisplayTypeFilterFunctionality_Laptop_20-32-11 - [verifyingDisplayTypeFilterFunctionality_Laptop_20-32-11] Clicked the  [[ChromeDriver: chrome on windows (944d27ba16ea2b534cc2d24374c5cdd8)] -> xpath: //a[@id='seeMoreDetailsLink']]   using safeClick
20:39:22 [TestNG-test-Test-1] INFO  verifyingDisplayTypeFilterFunctionality_Laptop_20-32-11 - [verifyingDisplayTypeFilterFunctionality_Laptop_20-32-11] Within try block for clicking see more deatils within productNameListingPage loop
20:39:22 [TestNG-test-Test-1] INFO  verifyingDisplayTypeFilterFunctionality_Laptop_20-32-11 - [verifyingDisplayTypeFilterFunctionality_Laptop_20-32-11] Within closeCurrentWindowAndSwitchBack method
20:39:22 [TestNG-test-Test-1] INFO  verifyingDisplayTypeFilterFunctionality_Laptop_20-32-11 - [verifyingDisplayTypeFilterFunctionality_Laptop_20-32-11] Total open windows/tabs count -> 2
20:39:22 [TestNG-test-Test-1] INFO  verifyingDisplayTypeFilterFunctionality_Laptop_20-32-11 - [verifyingDisplayTypeFilterFunctionality_Laptop_20-32-11] Original window handle -> AA8B22BE0A8F774C28F62CC1C00B5AB3
20:39:22 [TestNG-test-Test-1] INFO  verifyingDisplayTypeFilterFunctionality_Laptop_20-32-11 - [verifyingDisplayTypeFilterFunctionality_Laptop_20-32-11] Found new tab/window handle -> 24965106417F261422E72527B2A66593 (will be closed)
20:39:23 [TestNG-test-Test-1] INFO  verifyingDisplayTypeFilterFunctionality_Laptop_20-32-11 - [verifyingDisplayTypeFilterFunctionality_Laptop_20-32-11] Successfully switched to new tab/window -> 24965106417F261422E72527B2A66593
20:39:24 [TestNG-test-Test-1] INFO  verifyingDisplayTypeFilterFunctionality_Laptop_20-32-11 - [verifyingDisplayTypeFilterFunctionality_Laptop_20-32-11] Closed the newly opened tab/window -> 24965106417F261422E72527B2A66593
20:39:24 [TestNG-test-Test-1] INFO  verifyingDisplayTypeFilterFunctionality_Laptop_20-32-11 - [verifyingDisplayTypeFilterFunctionality_Laptop_20-32-11] Switched back to the original window -> AA8B22BE0A8F774C28F62CC1C00B5AB3
20:39:24 [TestNG-test-Test-1] INFO  verifyingDisplayTypeFilterFunctionality_Laptop_20-32-11 - [verifyingDisplayTypeFilterFunctionality_Laptop_20-32-11]  going back to product listing via closeCurrentWindowAndSwitchBack 
20:39:24 [TestNG-test-Test-1] INFO  verifyingDisplayTypeFilterFunctionality_Laptop_20-32-11 - [verifyingDisplayTypeFilterFunctionality_Laptop_20-32-11]  Added 'filter','title','keyFeatures', 'about', 'techDetails' into the Map -> productResult
20:39:24 [TestNG-test-Test-1] INFO  verifyingDisplayTypeFilterFunctionality_Laptop_20-32-11 - [verifyingDisplayTypeFilterFunctionality_Laptop_20-32-11]  Added 'productResult' Map into the 'results' i.e list of maps 
20:39:24 [TestNG-test-Test-1] INFO  verifyingDisplayTypeFilterFunctionality_Laptop_20-32-11 - [verifyingDisplayTypeFilterFunctionality_Laptop_20-32-11]==========================================================================================================
20:39:24 [TestNG-test-Test-1] INFO  verifyingDisplayTypeFilterFunctionality_Laptop_20-32-11 - [verifyingDisplayTypeFilterFunctionality_Laptop_20-32-11] Within safeFindElements 
20:39:24 [TestNG-test-Test-1] INFO  verifyingDisplayTypeFilterFunctionality_Laptop_20-32-11 - [verifyingDisplayTypeFilterFunctionality_Laptop_20-32-11] Returning the  [[[ChromeDriver: chrome on windows (944d27ba16ea2b534cc2d24374c5cdd8)] -> xpath: //div[@data-cy='title-recipe']], [[ChromeDriver: chrome on windows (944d27ba16ea2b534cc2d24374c5cdd8)] -> xpath: //div[@data-cy='title-recipe']], [[ChromeDriver: chrome on windows (944d27ba16ea2b534cc2d24374c5cdd8)] -> xpath: //div[@data-cy='title-recipe']], [[ChromeDriver: chrome on windows (944d27ba16ea2b534cc2d24374c5cdd8)] -> xpath: //div[@data-cy='title-recipe']], [[ChromeDriver: chrome on windows (944d27ba16ea2b534cc2d24374c5cdd8)] -> xpath: //div[@data-cy='title-recipe']], [[ChromeDriver: chrome on windows (944d27ba16ea2b534cc2d24374c5cdd8)] -> xpath: //div[@data-cy='title-recipe']], [[ChromeDriver: chrome on windows (944d27ba16ea2b534cc2d24374c5cdd8)] -> xpath: //div[@data-cy='title-recipe']], [[ChromeDriver: chrome on windows (944d27ba16ea2b534cc2d24374c5cdd8)] -> xpath: //div[@data-cy='title-recipe']], [[ChromeDriver: chrome on windows (944d27ba16ea2b534cc2d24374c5cdd8)] -> xpath: //div[@data-cy='title-recipe']], [[ChromeDriver: chrome on windows (944d27ba16ea2b534cc2d24374c5cdd8)] -> xpath: //div[@data-cy='title-recipe']], [[ChromeDriver: chrome on windows (944d27ba16ea2b534cc2d24374c5cdd8)] -> xpath: //div[@data-cy='title-recipe']], [[ChromeDriver: chrome on windows (944d27ba16ea2b534cc2d24374c5cdd8)] -> xpath: //div[@data-cy='title-recipe']], [[ChromeDriver: chrome on windows (944d27ba16ea2b534cc2d24374c5cdd8)] -> xpath: //div[@data-cy='title-recipe']], [[ChromeDriver: chrome on windows (944d27ba16ea2b534cc2d24374c5cdd8)] -> xpath: //div[@data-cy='title-recipe']], [[ChromeDriver: chrome on windows (944d27ba16ea2b534cc2d24374c5cdd8)] -> xpath: //div[@data-cy='title-recipe']], [[ChromeDriver: chrome on windows (944d27ba16ea2b534cc2d24374c5cdd8)] -> xpath: //div[@data-cy='title-recipe']]] from the safeFindElements method
20:39:24 [TestNG-test-Test-1] INFO  verifyingDisplayTypeFilterFunctionality_Laptop_20-32-11 - [verifyingDisplayTypeFilterFunctionality_Laptop_20-32-11] Within productNameListingPage loop in applyFilterAndValidateProductsWithResult
20:39:24 [TestNG-test-Test-1] INFO  verifyingDisplayTypeFilterFunctionality_Laptop_20-32-11 - [verifyingDisplayTypeFilterFunctionality_Laptop_20-32-11] Within getProductByIndex method
20:39:24 [TestNG-test-Test-1] INFO  verifyingDisplayTypeFilterFunctionality_Laptop_20-32-11 - [verifyingDisplayTypeFilterFunctionality_Laptop_20-32-11] Within safeFindElement method
20:39:24 [TestNG-test-Test-1] INFO  verifyingDisplayTypeFilterFunctionality_Laptop_20-32-11 - [verifyingDisplayTypeFilterFunctionality_Laptop_20-32-11]Found the element returning it ,element ->[[ChromeDriver: chrome on windows (944d27ba16ea2b534cc2d24374c5cdd8)] -> xpath: (//div[@data-cy='title-recipe'])[13]]
20:39:24 [TestNG-test-Test-1] INFO  verifyingDisplayTypeFilterFunctionality_Laptop_20-32-11 - [verifyingDisplayTypeFilterFunctionality_Laptop_20-32-11] Within getProductByIndex method
20:39:24 [TestNG-test-Test-1] INFO  verifyingDisplayTypeFilterFunctionality_Laptop_20-32-11 - [verifyingDisplayTypeFilterFunctionality_Laptop_20-32-11] Within smoothScrollToElement method
20:39:24 [TestNG-test-Test-1] INFO  verifyingDisplayTypeFilterFunctionality_Laptop_20-32-11 - [verifyingDisplayTypeFilterFunctionality_Laptop_20-32-11] Within safeFindElement method
20:39:24 [TestNG-test-Test-1] INFO  verifyingDisplayTypeFilterFunctionality_Laptop_20-32-11 - [verifyingDisplayTypeFilterFunctionality_Laptop_20-32-11]Found the element returning it ,element ->[[ChromeDriver: chrome on windows (944d27ba16ea2b534cc2d24374c5cdd8)] -> xpath: (//div[@data-cy='title-recipe'])[13]]
20:39:24 [TestNG-test-Test-1] INFO  verifyingDisplayTypeFilterFunctionality_Laptop_20-32-11 - [verifyingDisplayTypeFilterFunctionality_Laptop_20-32-11] Successfully scrolled to element: By.xpath: (//div[@data-cy='title-recipe'])[13]
20:39:24 [TestNG-test-Test-1] INFO  verifyingDisplayTypeFilterFunctionality_Laptop_20-32-11 - [verifyingDisplayTypeFilterFunctionality_Laptop_20-32-11] Getting product by index in productNameListingPage loop
20:39:24 [TestNG-test-Test-1] INFO  verifyingDisplayTypeFilterFunctionality_Laptop_20-32-11 - [verifyingDisplayTypeFilterFunctionality_Laptop_20-32-11] Opened product in new tab via Ctrl+Click inside productNameListingPage loop
20:39:24 [TestNG-test-Test-1] INFO  verifyingDisplayTypeFilterFunctionality_Laptop_20-32-11 - [verifyingDisplayTypeFilterFunctionality_Laptop_20-32-11] Waiting for new window to open...
20:39:24 [TestNG-test-Test-1] INFO  verifyingDisplayTypeFilterFunctionality_Laptop_20-32-11 - [verifyingDisplayTypeFilterFunctionality_Laptop_20-32-11] Switched to new window -> AD24937F353F55A82F4EF189235999E7
20:39:24 [TestNG-test-Test-1] INFO  verifyingDisplayTypeFilterFunctionality_Laptop_20-32-11 - [verifyingDisplayTypeFilterFunctionality_Laptop_20-32-11] Swithcing to the new window  within productNameListingPage loop
20:39:24 [TestNG-test-Test-1] INFO  verifyingDisplayTypeFilterFunctionality_Laptop_20-32-11 - [verifyingDisplayTypeFilterFunctionality_Laptop_20-32-11] Clicked product name to open in new tab from productNameListingPage loop
20:39:24 [TestNG-test-Test-1] INFO  verifyingDisplayTypeFilterFunctionality_Laptop_20-32-11 - [verifyingDisplayTypeFilterFunctionality_Laptop_20-32-11] Within safeFindElement method
20:39:27 [TestNG-test-Test-1] INFO  verifyingDisplayTypeFilterFunctionality_Laptop_20-32-11 - [verifyingDisplayTypeFilterFunctionality_Laptop_20-32-11]Found the element returning it ,element ->[[ChromeDriver: chrome on windows (944d27ba16ea2b534cc2d24374c5cdd8)] -> xpath: //span[@id='productTitle']]
20:39:27 [TestNG-test-Test-1] INFO  verifyingDisplayTypeFilterFunctionality_Laptop_20-32-11 - [verifyingDisplayTypeFilterFunctionality_Laptop_20-32-11] Within safeFindElement method
20:39:27 [TestNG-test-Test-1] INFO  verifyingDisplayTypeFilterFunctionality_Laptop_20-32-11 - [verifyingDisplayTypeFilterFunctionality_Laptop_20-32-11]Found the element returning it ,element ->[[ChromeDriver: chrome on windows (944d27ba16ea2b534cc2d24374c5cdd8)] -> xpath: //div[@class='a-section a-spacing-small a-spacing-top-small']]
20:39:27 [TestNG-test-Test-1] INFO  verifyingDisplayTypeFilterFunctionality_Laptop_20-32-11 - [verifyingDisplayTypeFilterFunctionality_Laptop_20-32-11] Within safeFindElement method
20:39:27 [TestNG-test-Test-1] INFO  verifyingDisplayTypeFilterFunctionality_Laptop_20-32-11 - [verifyingDisplayTypeFilterFunctionality_Laptop_20-32-11]Found the element returning it ,element ->[[ChromeDriver: chrome on windows (944d27ba16ea2b534cc2d24374c5cdd8)] -> xpath: //div[@id='feature-bullets']]
20:39:27 [TestNG-test-Test-1] INFO  verifyingDisplayTypeFilterFunctionality_Laptop_20-32-11 - [verifyingDisplayTypeFilterFunctionality_Laptop_20-32-11] Within safeFindElement method
20:39:28 [TestNG-test-Test-1] INFO  verifyingDisplayTypeFilterFunctionality_Laptop_20-32-11 - [verifyingDisplayTypeFilterFunctionality_Laptop_20-32-11]Found the element returning it ,element ->[[ChromeDriver: chrome on windows (944d27ba16ea2b534cc2d24374c5cdd8)] -> xpath: //div[@id='prodDetails']]
20:39:28 [TestNG-test-Test-1] INFO  verifyingDisplayTypeFilterFunctionality_Laptop_20-32-11 - [verifyingDisplayTypeFilterFunctionality_Laptop_20-32-11] Extracting 'name' , 'keyFeatures', 'about' , 'techDetails' within productNameListingPage loop
20:39:28 [TestNG-test-Test-1] INFO  verifyingDisplayTypeFilterFunctionality_Laptop_20-32-11 - [verifyingDisplayTypeFilterFunctionality_Laptop_20-32-11] Waiting until element is visible in viewport
20:39:38 [TestNG-test-Test-1] INFO  verifyingDisplayTypeFilterFunctionality_Laptop_20-32-11 - [verifyingDisplayTypeFilterFunctionality_Laptop_20-32-11] Within smoothScrollToElement method
20:39:38 [TestNG-test-Test-1] INFO  verifyingDisplayTypeFilterFunctionality_Laptop_20-32-11 - [verifyingDisplayTypeFilterFunctionality_Laptop_20-32-11] Within safeFindElement method
20:39:38 [TestNG-test-Test-1] INFO  verifyingDisplayTypeFilterFunctionality_Laptop_20-32-11 - [verifyingDisplayTypeFilterFunctionality_Laptop_20-32-11]Found the element returning it ,element ->[[ChromeDriver: chrome on windows (944d27ba16ea2b534cc2d24374c5cdd8)] -> xpath: //a[@id='seeMoreDetailsLink']]
20:39:38 [TestNG-test-Test-1] INFO  verifyingDisplayTypeFilterFunctionality_Laptop_20-32-11 - [verifyingDisplayTypeFilterFunctionality_Laptop_20-32-11] Successfully scrolled to element: By.xpath: //a[@id='seeMoreDetailsLink']
20:39:38 [TestNG-test-Test-1] INFO  verifyingDisplayTypeFilterFunctionality_Laptop_20-32-11 - [verifyingDisplayTypeFilterFunctionality_Laptop_20-32-11] Within safeClick method
20:39:39 [TestNG-test-Test-1] INFO  verifyingDisplayTypeFilterFunctionality_Laptop_20-32-11 - [verifyingDisplayTypeFilterFunctionality_Laptop_20-32-11] Clicked the  [[ChromeDriver: chrome on windows (944d27ba16ea2b534cc2d24374c5cdd8)] -> xpath: //a[@id='seeMoreDetailsLink']]   using safeClick
20:39:39 [TestNG-test-Test-1] INFO  verifyingDisplayTypeFilterFunctionality_Laptop_20-32-11 - [verifyingDisplayTypeFilterFunctionality_Laptop_20-32-11] Within try block for clicking see more deatils within productNameListingPage loop
20:39:39 [TestNG-test-Test-1] INFO  verifyingDisplayTypeFilterFunctionality_Laptop_20-32-11 - [verifyingDisplayTypeFilterFunctionality_Laptop_20-32-11] Within closeCurrentWindowAndSwitchBack method
20:39:39 [TestNG-test-Test-1] INFO  verifyingDisplayTypeFilterFunctionality_Laptop_20-32-11 - [verifyingDisplayTypeFilterFunctionality_Laptop_20-32-11] Total open windows/tabs count -> 2
20:39:39 [TestNG-test-Test-1] INFO  verifyingDisplayTypeFilterFunctionality_Laptop_20-32-11 - [verifyingDisplayTypeFilterFunctionality_Laptop_20-32-11] Original window handle -> AA8B22BE0A8F774C28F62CC1C00B5AB3
20:39:39 [TestNG-test-Test-1] INFO  verifyingDisplayTypeFilterFunctionality_Laptop_20-32-11 - [verifyingDisplayTypeFilterFunctionality_Laptop_20-32-11] Found new tab/window handle -> AD24937F353F55A82F4EF189235999E7 (will be closed)
20:39:39 [TestNG-test-Test-1] INFO  verifyingDisplayTypeFilterFunctionality_Laptop_20-32-11 - [verifyingDisplayTypeFilterFunctionality_Laptop_20-32-11] Successfully switched to new tab/window -> AD24937F353F55A82F4EF189235999E7
20:39:40 [TestNG-test-Test-1] INFO  verifyingDisplayTypeFilterFunctionality_Laptop_20-32-11 - [verifyingDisplayTypeFilterFunctionality_Laptop_20-32-11] Closed the newly opened tab/window -> AD24937F353F55A82F4EF189235999E7
20:39:40 [TestNG-test-Test-1] INFO  verifyingDisplayTypeFilterFunctionality_Laptop_20-32-11 - [verifyingDisplayTypeFilterFunctionality_Laptop_20-32-11] Switched back to the original window -> AA8B22BE0A8F774C28F62CC1C00B5AB3
20:39:40 [TestNG-test-Test-1] INFO  verifyingDisplayTypeFilterFunctionality_Laptop_20-32-11 - [verifyingDisplayTypeFilterFunctionality_Laptop_20-32-11]  going back to product listing via closeCurrentWindowAndSwitchBack 
20:39:40 [TestNG-test-Test-1] INFO  verifyingDisplayTypeFilterFunctionality_Laptop_20-32-11 - [verifyingDisplayTypeFilterFunctionality_Laptop_20-32-11]  Added 'filter','title','keyFeatures', 'about', 'techDetails' into the Map -> productResult
20:39:40 [TestNG-test-Test-1] INFO  verifyingDisplayTypeFilterFunctionality_Laptop_20-32-11 - [verifyingDisplayTypeFilterFunctionality_Laptop_20-32-11]  Added 'productResult' Map into the 'results' i.e list of maps 
20:39:40 [TestNG-test-Test-1] INFO  verifyingDisplayTypeFilterFunctionality_Laptop_20-32-11 - [verifyingDisplayTypeFilterFunctionality_Laptop_20-32-11]==========================================================================================================
20:39:40 [TestNG-test-Test-1] INFO  verifyingDisplayTypeFilterFunctionality_Laptop_20-32-11 - [verifyingDisplayTypeFilterFunctionality_Laptop_20-32-11] Within safeFindElements 
20:39:40 [TestNG-test-Test-1] INFO  verifyingDisplayTypeFilterFunctionality_Laptop_20-32-11 - [verifyingDisplayTypeFilterFunctionality_Laptop_20-32-11] Returning the  [[[ChromeDriver: chrome on windows (944d27ba16ea2b534cc2d24374c5cdd8)] -> xpath: //div[@data-cy='title-recipe']], [[ChromeDriver: chrome on windows (944d27ba16ea2b534cc2d24374c5cdd8)] -> xpath: //div[@data-cy='title-recipe']], [[ChromeDriver: chrome on windows (944d27ba16ea2b534cc2d24374c5cdd8)] -> xpath: //div[@data-cy='title-recipe']], [[ChromeDriver: chrome on windows (944d27ba16ea2b534cc2d24374c5cdd8)] -> xpath: //div[@data-cy='title-recipe']], [[ChromeDriver: chrome on windows (944d27ba16ea2b534cc2d24374c5cdd8)] -> xpath: //div[@data-cy='title-recipe']], [[ChromeDriver: chrome on windows (944d27ba16ea2b534cc2d24374c5cdd8)] -> xpath: //div[@data-cy='title-recipe']], [[ChromeDriver: chrome on windows (944d27ba16ea2b534cc2d24374c5cdd8)] -> xpath: //div[@data-cy='title-recipe']], [[ChromeDriver: chrome on windows (944d27ba16ea2b534cc2d24374c5cdd8)] -> xpath: //div[@data-cy='title-recipe']], [[ChromeDriver: chrome on windows (944d27ba16ea2b534cc2d24374c5cdd8)] -> xpath: //div[@data-cy='title-recipe']], [[ChromeDriver: chrome on windows (944d27ba16ea2b534cc2d24374c5cdd8)] -> xpath: //div[@data-cy='title-recipe']], [[ChromeDriver: chrome on windows (944d27ba16ea2b534cc2d24374c5cdd8)] -> xpath: //div[@data-cy='title-recipe']], [[ChromeDriver: chrome on windows (944d27ba16ea2b534cc2d24374c5cdd8)] -> xpath: //div[@data-cy='title-recipe']], [[ChromeDriver: chrome on windows (944d27ba16ea2b534cc2d24374c5cdd8)] -> xpath: //div[@data-cy='title-recipe']], [[ChromeDriver: chrome on windows (944d27ba16ea2b534cc2d24374c5cdd8)] -> xpath: //div[@data-cy='title-recipe']], [[ChromeDriver: chrome on windows (944d27ba16ea2b534cc2d24374c5cdd8)] -> xpath: //div[@data-cy='title-recipe']], [[ChromeDriver: chrome on windows (944d27ba16ea2b534cc2d24374c5cdd8)] -> xpath: //div[@data-cy='title-recipe']]] from the safeFindElements method
20:39:40 [TestNG-test-Test-1] INFO  verifyingDisplayTypeFilterFunctionality_Laptop_20-32-11 - [verifyingDisplayTypeFilterFunctionality_Laptop_20-32-11] Within productNameListingPage loop in applyFilterAndValidateProductsWithResult
20:39:40 [TestNG-test-Test-1] INFO  verifyingDisplayTypeFilterFunctionality_Laptop_20-32-11 - [verifyingDisplayTypeFilterFunctionality_Laptop_20-32-11] Within getProductByIndex method
20:39:40 [TestNG-test-Test-1] INFO  verifyingDisplayTypeFilterFunctionality_Laptop_20-32-11 - [verifyingDisplayTypeFilterFunctionality_Laptop_20-32-11] Within safeFindElement method
20:39:40 [TestNG-test-Test-1] INFO  verifyingDisplayTypeFilterFunctionality_Laptop_20-32-11 - [verifyingDisplayTypeFilterFunctionality_Laptop_20-32-11]Found the element returning it ,element ->[[ChromeDriver: chrome on windows (944d27ba16ea2b534cc2d24374c5cdd8)] -> xpath: (//div[@data-cy='title-recipe'])[14]]
20:39:40 [TestNG-test-Test-1] INFO  verifyingDisplayTypeFilterFunctionality_Laptop_20-32-11 - [verifyingDisplayTypeFilterFunctionality_Laptop_20-32-11] Within getProductByIndex method
20:39:40 [TestNG-test-Test-1] INFO  verifyingDisplayTypeFilterFunctionality_Laptop_20-32-11 - [verifyingDisplayTypeFilterFunctionality_Laptop_20-32-11] Within smoothScrollToElement method
20:39:40 [TestNG-test-Test-1] INFO  verifyingDisplayTypeFilterFunctionality_Laptop_20-32-11 - [verifyingDisplayTypeFilterFunctionality_Laptop_20-32-11] Within safeFindElement method
20:39:40 [TestNG-test-Test-1] INFO  verifyingDisplayTypeFilterFunctionality_Laptop_20-32-11 - [verifyingDisplayTypeFilterFunctionality_Laptop_20-32-11]Found the element returning it ,element ->[[ChromeDriver: chrome on windows (944d27ba16ea2b534cc2d24374c5cdd8)] -> xpath: (//div[@data-cy='title-recipe'])[14]]
20:39:40 [TestNG-test-Test-1] INFO  verifyingDisplayTypeFilterFunctionality_Laptop_20-32-11 - [verifyingDisplayTypeFilterFunctionality_Laptop_20-32-11] Successfully scrolled to element: By.xpath: (//div[@data-cy='title-recipe'])[14]
20:39:40 [TestNG-test-Test-1] INFO  verifyingDisplayTypeFilterFunctionality_Laptop_20-32-11 - [verifyingDisplayTypeFilterFunctionality_Laptop_20-32-11] Getting product by index in productNameListingPage loop
20:39:40 [TestNG-test-Test-1] INFO  verifyingDisplayTypeFilterFunctionality_Laptop_20-32-11 - [verifyingDisplayTypeFilterFunctionality_Laptop_20-32-11] Opened product in new tab via Ctrl+Click inside productNameListingPage loop
20:39:40 [TestNG-test-Test-1] INFO  verifyingDisplayTypeFilterFunctionality_Laptop_20-32-11 - [verifyingDisplayTypeFilterFunctionality_Laptop_20-32-11] Waiting for new window to open...
20:39:40 [TestNG-test-Test-1] INFO  verifyingDisplayTypeFilterFunctionality_Laptop_20-32-11 - [verifyingDisplayTypeFilterFunctionality_Laptop_20-32-11] Switched to new window -> BB609B6C98DF0B99C0971027612B77B2
20:39:40 [TestNG-test-Test-1] INFO  verifyingDisplayTypeFilterFunctionality_Laptop_20-32-11 - [verifyingDisplayTypeFilterFunctionality_Laptop_20-32-11] Swithcing to the new window  within productNameListingPage loop
20:39:40 [TestNG-test-Test-1] INFO  verifyingDisplayTypeFilterFunctionality_Laptop_20-32-11 - [verifyingDisplayTypeFilterFunctionality_Laptop_20-32-11] Clicked product name to open in new tab from productNameListingPage loop
20:39:40 [TestNG-test-Test-1] INFO  verifyingDisplayTypeFilterFunctionality_Laptop_20-32-11 - [verifyingDisplayTypeFilterFunctionality_Laptop_20-32-11] Within safeFindElement method
20:39:43 [TestNG-test-Test-1] INFO  verifyingDisplayTypeFilterFunctionality_Laptop_20-32-11 - [verifyingDisplayTypeFilterFunctionality_Laptop_20-32-11]Found the element returning it ,element ->[[ChromeDriver: chrome on windows (944d27ba16ea2b534cc2d24374c5cdd8)] -> xpath: //span[@id='productTitle']]
20:39:43 [TestNG-test-Test-1] INFO  verifyingDisplayTypeFilterFunctionality_Laptop_20-32-11 - [verifyingDisplayTypeFilterFunctionality_Laptop_20-32-11] Within safeFindElement method
20:39:43 [TestNG-test-Test-1] INFO  verifyingDisplayTypeFilterFunctionality_Laptop_20-32-11 - [verifyingDisplayTypeFilterFunctionality_Laptop_20-32-11]Found the element returning it ,element ->[[ChromeDriver: chrome on windows (944d27ba16ea2b534cc2d24374c5cdd8)] -> xpath: //div[@class='a-section a-spacing-small a-spacing-top-small']]
20:39:43 [TestNG-test-Test-1] INFO  verifyingDisplayTypeFilterFunctionality_Laptop_20-32-11 - [verifyingDisplayTypeFilterFunctionality_Laptop_20-32-11] Within safeFindElement method
20:39:43 [TestNG-test-Test-1] INFO  verifyingDisplayTypeFilterFunctionality_Laptop_20-32-11 - [verifyingDisplayTypeFilterFunctionality_Laptop_20-32-11]Found the element returning it ,element ->[[ChromeDriver: chrome on windows (944d27ba16ea2b534cc2d24374c5cdd8)] -> xpath: //div[@id='feature-bullets']]
20:39:43 [TestNG-test-Test-1] INFO  verifyingDisplayTypeFilterFunctionality_Laptop_20-32-11 - [verifyingDisplayTypeFilterFunctionality_Laptop_20-32-11] Within safeFindElement method
20:39:43 [TestNG-test-Test-1] INFO  verifyingDisplayTypeFilterFunctionality_Laptop_20-32-11 - [verifyingDisplayTypeFilterFunctionality_Laptop_20-32-11]Found the element returning it ,element ->[[ChromeDriver: chrome on windows (944d27ba16ea2b534cc2d24374c5cdd8)] -> xpath: //div[@id='prodDetails']]
20:39:44 [TestNG-test-Test-1] INFO  verifyingDisplayTypeFilterFunctionality_Laptop_20-32-11 - [verifyingDisplayTypeFilterFunctionality_Laptop_20-32-11] Extracting 'name' , 'keyFeatures', 'about' , 'techDetails' within productNameListingPage loop
20:39:44 [TestNG-test-Test-1] INFO  verifyingDisplayTypeFilterFunctionality_Laptop_20-32-11 - [verifyingDisplayTypeFilterFunctionality_Laptop_20-32-11] Waiting until element is visible in viewport
20:39:54 [TestNG-test-Test-1] INFO  verifyingDisplayTypeFilterFunctionality_Laptop_20-32-11 - [verifyingDisplayTypeFilterFunctionality_Laptop_20-32-11] Within smoothScrollToElement method
20:39:54 [TestNG-test-Test-1] INFO  verifyingDisplayTypeFilterFunctionality_Laptop_20-32-11 - [verifyingDisplayTypeFilterFunctionality_Laptop_20-32-11] Within safeFindElement method
20:39:54 [TestNG-test-Test-1] INFO  verifyingDisplayTypeFilterFunctionality_Laptop_20-32-11 - [verifyingDisplayTypeFilterFunctionality_Laptop_20-32-11]Found the element returning it ,element ->[[ChromeDriver: chrome on windows (944d27ba16ea2b534cc2d24374c5cdd8)] -> xpath: //a[@id='seeMoreDetailsLink']]
20:39:54 [TestNG-test-Test-1] INFO  verifyingDisplayTypeFilterFunctionality_Laptop_20-32-11 - [verifyingDisplayTypeFilterFunctionality_Laptop_20-32-11] Successfully scrolled to element: By.xpath: //a[@id='seeMoreDetailsLink']
20:39:54 [TestNG-test-Test-1] INFO  verifyingDisplayTypeFilterFunctionality_Laptop_20-32-11 - [verifyingDisplayTypeFilterFunctionality_Laptop_20-32-11] Within safeClick method
20:39:54 [TestNG-test-Test-1] INFO  verifyingDisplayTypeFilterFunctionality_Laptop_20-32-11 - [verifyingDisplayTypeFilterFunctionality_Laptop_20-32-11] Clicked the  [[ChromeDriver: chrome on windows (944d27ba16ea2b534cc2d24374c5cdd8)] -> xpath: //a[@id='seeMoreDetailsLink']]   using safeClick
20:39:54 [TestNG-test-Test-1] INFO  verifyingDisplayTypeFilterFunctionality_Laptop_20-32-11 - [verifyingDisplayTypeFilterFunctionality_Laptop_20-32-11] Within try block for clicking see more deatils within productNameListingPage loop
20:39:54 [TestNG-test-Test-1] INFO  verifyingDisplayTypeFilterFunctionality_Laptop_20-32-11 - [verifyingDisplayTypeFilterFunctionality_Laptop_20-32-11] Within closeCurrentWindowAndSwitchBack method
20:39:54 [TestNG-test-Test-1] INFO  verifyingDisplayTypeFilterFunctionality_Laptop_20-32-11 - [verifyingDisplayTypeFilterFunctionality_Laptop_20-32-11] Total open windows/tabs count -> 2
20:39:54 [TestNG-test-Test-1] INFO  verifyingDisplayTypeFilterFunctionality_Laptop_20-32-11 - [verifyingDisplayTypeFilterFunctionality_Laptop_20-32-11] Original window handle -> AA8B22BE0A8F774C28F62CC1C00B5AB3
20:39:54 [TestNG-test-Test-1] INFO  verifyingDisplayTypeFilterFunctionality_Laptop_20-32-11 - [verifyingDisplayTypeFilterFunctionality_Laptop_20-32-11] Found new tab/window handle -> BB609B6C98DF0B99C0971027612B77B2 (will be closed)
20:39:54 [TestNG-test-Test-1] INFO  verifyingDisplayTypeFilterFunctionality_Laptop_20-32-11 - [verifyingDisplayTypeFilterFunctionality_Laptop_20-32-11] Successfully switched to new tab/window -> BB609B6C98DF0B99C0971027612B77B2
20:39:54 [TestNG-test-Test-1] INFO  verifyingDisplayTypeFilterFunctionality_Laptop_20-32-11 - [verifyingDisplayTypeFilterFunctionality_Laptop_20-32-11] Closed the newly opened tab/window -> BB609B6C98DF0B99C0971027612B77B2
20:39:54 [TestNG-test-Test-1] INFO  verifyingDisplayTypeFilterFunctionality_Laptop_20-32-11 - [verifyingDisplayTypeFilterFunctionality_Laptop_20-32-11] Switched back to the original window -> AA8B22BE0A8F774C28F62CC1C00B5AB3
20:39:54 [TestNG-test-Test-1] INFO  verifyingDisplayTypeFilterFunctionality_Laptop_20-32-11 - [verifyingDisplayTypeFilterFunctionality_Laptop_20-32-11]  going back to product listing via closeCurrentWindowAndSwitchBack 
20:39:54 [TestNG-test-Test-1] INFO  verifyingDisplayTypeFilterFunctionality_Laptop_20-32-11 - [verifyingDisplayTypeFilterFunctionality_Laptop_20-32-11]  Added 'filter','title','keyFeatures', 'about', 'techDetails' into the Map -> productResult
20:39:54 [TestNG-test-Test-1] INFO  verifyingDisplayTypeFilterFunctionality_Laptop_20-32-11 - [verifyingDisplayTypeFilterFunctionality_Laptop_20-32-11]  Added 'productResult' Map into the 'results' i.e list of maps 
20:39:54 [TestNG-test-Test-1] INFO  verifyingDisplayTypeFilterFunctionality_Laptop_20-32-11 - [verifyingDisplayTypeFilterFunctionality_Laptop_20-32-11]==========================================================================================================
20:39:54 [TestNG-test-Test-1] INFO  verifyingDisplayTypeFilterFunctionality_Laptop_20-32-11 - [verifyingDisplayTypeFilterFunctionality_Laptop_20-32-11] Within safeFindElements 
20:39:55 [TestNG-test-Test-1] INFO  verifyingDisplayTypeFilterFunctionality_Laptop_20-32-11 - [verifyingDisplayTypeFilterFunctionality_Laptop_20-32-11] Returning the  [[[ChromeDriver: chrome on windows (944d27ba16ea2b534cc2d24374c5cdd8)] -> xpath: //div[@data-cy='title-recipe']], [[ChromeDriver: chrome on windows (944d27ba16ea2b534cc2d24374c5cdd8)] -> xpath: //div[@data-cy='title-recipe']], [[ChromeDriver: chrome on windows (944d27ba16ea2b534cc2d24374c5cdd8)] -> xpath: //div[@data-cy='title-recipe']], [[ChromeDriver: chrome on windows (944d27ba16ea2b534cc2d24374c5cdd8)] -> xpath: //div[@data-cy='title-recipe']], [[ChromeDriver: chrome on windows (944d27ba16ea2b534cc2d24374c5cdd8)] -> xpath: //div[@data-cy='title-recipe']], [[ChromeDriver: chrome on windows (944d27ba16ea2b534cc2d24374c5cdd8)] -> xpath: //div[@data-cy='title-recipe']], [[ChromeDriver: chrome on windows (944d27ba16ea2b534cc2d24374c5cdd8)] -> xpath: //div[@data-cy='title-recipe']], [[ChromeDriver: chrome on windows (944d27ba16ea2b534cc2d24374c5cdd8)] -> xpath: //div[@data-cy='title-recipe']], [[ChromeDriver: chrome on windows (944d27ba16ea2b534cc2d24374c5cdd8)] -> xpath: //div[@data-cy='title-recipe']], [[ChromeDriver: chrome on windows (944d27ba16ea2b534cc2d24374c5cdd8)] -> xpath: //div[@data-cy='title-recipe']], [[ChromeDriver: chrome on windows (944d27ba16ea2b534cc2d24374c5cdd8)] -> xpath: //div[@data-cy='title-recipe']], [[ChromeDriver: chrome on windows (944d27ba16ea2b534cc2d24374c5cdd8)] -> xpath: //div[@data-cy='title-recipe']], [[ChromeDriver: chrome on windows (944d27ba16ea2b534cc2d24374c5cdd8)] -> xpath: //div[@data-cy='title-recipe']], [[ChromeDriver: chrome on windows (944d27ba16ea2b534cc2d24374c5cdd8)] -> xpath: //div[@data-cy='title-recipe']], [[ChromeDriver: chrome on windows (944d27ba16ea2b534cc2d24374c5cdd8)] -> xpath: //div[@data-cy='title-recipe']], [[ChromeDriver: chrome on windows (944d27ba16ea2b534cc2d24374c5cdd8)] -> xpath: //div[@data-cy='title-recipe']]] from the safeFindElements method
20:39:55 [TestNG-test-Test-1] INFO  verifyingDisplayTypeFilterFunctionality_Laptop_20-32-11 - [verifyingDisplayTypeFilterFunctionality_Laptop_20-32-11] Within productNameListingPage loop in applyFilterAndValidateProductsWithResult
20:39:55 [TestNG-test-Test-1] INFO  verifyingDisplayTypeFilterFunctionality_Laptop_20-32-11 - [verifyingDisplayTypeFilterFunctionality_Laptop_20-32-11] Within getProductByIndex method
20:39:55 [TestNG-test-Test-1] INFO  verifyingDisplayTypeFilterFunctionality_Laptop_20-32-11 - [verifyingDisplayTypeFilterFunctionality_Laptop_20-32-11] Within safeFindElement method
20:39:55 [TestNG-test-Test-1] INFO  verifyingDisplayTypeFilterFunctionality_Laptop_20-32-11 - [verifyingDisplayTypeFilterFunctionality_Laptop_20-32-11]Found the element returning it ,element ->[[ChromeDriver: chrome on windows (944d27ba16ea2b534cc2d24374c5cdd8)] -> xpath: (//div[@data-cy='title-recipe'])[15]]
20:39:55 [TestNG-test-Test-1] INFO  verifyingDisplayTypeFilterFunctionality_Laptop_20-32-11 - [verifyingDisplayTypeFilterFunctionality_Laptop_20-32-11] Within getProductByIndex method
20:39:55 [TestNG-test-Test-1] INFO  verifyingDisplayTypeFilterFunctionality_Laptop_20-32-11 - [verifyingDisplayTypeFilterFunctionality_Laptop_20-32-11] Within smoothScrollToElement method
20:39:55 [TestNG-test-Test-1] INFO  verifyingDisplayTypeFilterFunctionality_Laptop_20-32-11 - [verifyingDisplayTypeFilterFunctionality_Laptop_20-32-11] Within safeFindElement method
20:39:55 [TestNG-test-Test-1] INFO  verifyingDisplayTypeFilterFunctionality_Laptop_20-32-11 - [verifyingDisplayTypeFilterFunctionality_Laptop_20-32-11]Found the element returning it ,element ->[[ChromeDriver: chrome on windows (944d27ba16ea2b534cc2d24374c5cdd8)] -> xpath: (//div[@data-cy='title-recipe'])[15]]
20:39:55 [TestNG-test-Test-1] INFO  verifyingDisplayTypeFilterFunctionality_Laptop_20-32-11 - [verifyingDisplayTypeFilterFunctionality_Laptop_20-32-11] Successfully scrolled to element: By.xpath: (//div[@data-cy='title-recipe'])[15]
20:39:55 [TestNG-test-Test-1] INFO  verifyingDisplayTypeFilterFunctionality_Laptop_20-32-11 - [verifyingDisplayTypeFilterFunctionality_Laptop_20-32-11] Getting product by index in productNameListingPage loop
20:39:55 [TestNG-test-Test-1] INFO  verifyingDisplayTypeFilterFunctionality_Laptop_20-32-11 - [verifyingDisplayTypeFilterFunctionality_Laptop_20-32-11] Opened product in new tab via Ctrl+Click inside productNameListingPage loop
20:39:55 [TestNG-test-Test-1] INFO  verifyingDisplayTypeFilterFunctionality_Laptop_20-32-11 - [verifyingDisplayTypeFilterFunctionality_Laptop_20-32-11] Waiting for new window to open...
20:39:55 [TestNG-test-Test-1] INFO  verifyingDisplayTypeFilterFunctionality_Laptop_20-32-11 - [verifyingDisplayTypeFilterFunctionality_Laptop_20-32-11] Switched to new window -> 950CB9BDCE34AB9117E30877AF84B2BE
20:39:55 [TestNG-test-Test-1] INFO  verifyingDisplayTypeFilterFunctionality_Laptop_20-32-11 - [verifyingDisplayTypeFilterFunctionality_Laptop_20-32-11] Swithcing to the new window  within productNameListingPage loop
20:39:55 [TestNG-test-Test-1] INFO  verifyingDisplayTypeFilterFunctionality_Laptop_20-32-11 - [verifyingDisplayTypeFilterFunctionality_Laptop_20-32-11] Clicked product name to open in new tab from productNameListingPage loop
20:39:55 [TestNG-test-Test-1] INFO  verifyingDisplayTypeFilterFunctionality_Laptop_20-32-11 - [verifyingDisplayTypeFilterFunctionality_Laptop_20-32-11] Within safeFindElement method
20:39:58 [TestNG-test-Test-1] INFO  verifyingDisplayTypeFilterFunctionality_Laptop_20-32-11 - [verifyingDisplayTypeFilterFunctionality_Laptop_20-32-11]Found the element returning it ,element ->[[ChromeDriver: chrome on windows (944d27ba16ea2b534cc2d24374c5cdd8)] -> xpath: //span[@id='productTitle']]
20:39:58 [TestNG-test-Test-1] INFO  verifyingDisplayTypeFilterFunctionality_Laptop_20-32-11 - [verifyingDisplayTypeFilterFunctionality_Laptop_20-32-11] Within safeFindElement method
20:39:58 [TestNG-test-Test-1] INFO  verifyingDisplayTypeFilterFunctionality_Laptop_20-32-11 - [verifyingDisplayTypeFilterFunctionality_Laptop_20-32-11]Found the element returning it ,element ->[[ChromeDriver: chrome on windows (944d27ba16ea2b534cc2d24374c5cdd8)] -> xpath: //div[@class='a-section a-spacing-small a-spacing-top-small']]
20:39:58 [TestNG-test-Test-1] INFO  verifyingDisplayTypeFilterFunctionality_Laptop_20-32-11 - [verifyingDisplayTypeFilterFunctionality_Laptop_20-32-11] Within safeFindElement method
20:39:58 [TestNG-test-Test-1] INFO  verifyingDisplayTypeFilterFunctionality_Laptop_20-32-11 - [verifyingDisplayTypeFilterFunctionality_Laptop_20-32-11]Found the element returning it ,element ->[[ChromeDriver: chrome on windows (944d27ba16ea2b534cc2d24374c5cdd8)] -> xpath: //div[@id='feature-bullets']]
20:39:58 [TestNG-test-Test-1] INFO  verifyingDisplayTypeFilterFunctionality_Laptop_20-32-11 - [verifyingDisplayTypeFilterFunctionality_Laptop_20-32-11] Within safeFindElement method
20:39:58 [TestNG-test-Test-1] INFO  verifyingDisplayTypeFilterFunctionality_Laptop_20-32-11 - [verifyingDisplayTypeFilterFunctionality_Laptop_20-32-11]Found the element returning it ,element ->[[ChromeDriver: chrome on windows (944d27ba16ea2b534cc2d24374c5cdd8)] -> xpath: //div[@id='prodDetails']]
20:39:58 [TestNG-test-Test-1] INFO  verifyingDisplayTypeFilterFunctionality_Laptop_20-32-11 - [verifyingDisplayTypeFilterFunctionality_Laptop_20-32-11] Extracting 'name' , 'keyFeatures', 'about' , 'techDetails' within productNameListingPage loop
20:39:58 [TestNG-test-Test-1] INFO  verifyingDisplayTypeFilterFunctionality_Laptop_20-32-11 - [verifyingDisplayTypeFilterFunctionality_Laptop_20-32-11] Waiting until element is visible in viewport
20:40:08 [TestNG-test-Test-1] INFO  verifyingDisplayTypeFilterFunctionality_Laptop_20-32-11 - [verifyingDisplayTypeFilterFunctionality_Laptop_20-32-11] Within smoothScrollToElement method
20:40:08 [TestNG-test-Test-1] INFO  verifyingDisplayTypeFilterFunctionality_Laptop_20-32-11 - [verifyingDisplayTypeFilterFunctionality_Laptop_20-32-11] Within safeFindElement method
20:40:08 [TestNG-test-Test-1] INFO  verifyingDisplayTypeFilterFunctionality_Laptop_20-32-11 - [verifyingDisplayTypeFilterFunctionality_Laptop_20-32-11]Found the element returning it ,element ->[[ChromeDriver: chrome on windows (944d27ba16ea2b534cc2d24374c5cdd8)] -> xpath: //a[@id='seeMoreDetailsLink']]
20:40:08 [TestNG-test-Test-1] INFO  verifyingDisplayTypeFilterFunctionality_Laptop_20-32-11 - [verifyingDisplayTypeFilterFunctionality_Laptop_20-32-11] Successfully scrolled to element: By.xpath: //a[@id='seeMoreDetailsLink']
20:40:08 [TestNG-test-Test-1] INFO  verifyingDisplayTypeFilterFunctionality_Laptop_20-32-11 - [verifyingDisplayTypeFilterFunctionality_Laptop_20-32-11] Within safeClick method
20:40:09 [TestNG-test-Test-1] INFO  verifyingDisplayTypeFilterFunctionality_Laptop_20-32-11 - [verifyingDisplayTypeFilterFunctionality_Laptop_20-32-11] Clicked the  [[ChromeDriver: chrome on windows (944d27ba16ea2b534cc2d24374c5cdd8)] -> xpath: //a[@id='seeMoreDetailsLink']]   using safeClick
20:40:09 [TestNG-test-Test-1] INFO  verifyingDisplayTypeFilterFunctionality_Laptop_20-32-11 - [verifyingDisplayTypeFilterFunctionality_Laptop_20-32-11] Within try block for clicking see more deatils within productNameListingPage loop
20:40:09 [TestNG-test-Test-1] INFO  verifyingDisplayTypeFilterFunctionality_Laptop_20-32-11 - [verifyingDisplayTypeFilterFunctionality_Laptop_20-32-11] Within closeCurrentWindowAndSwitchBack method
20:40:09 [TestNG-test-Test-1] INFO  verifyingDisplayTypeFilterFunctionality_Laptop_20-32-11 - [verifyingDisplayTypeFilterFunctionality_Laptop_20-32-11] Total open windows/tabs count -> 2
20:40:09 [TestNG-test-Test-1] INFO  verifyingDisplayTypeFilterFunctionality_Laptop_20-32-11 - [verifyingDisplayTypeFilterFunctionality_Laptop_20-32-11] Original window handle -> AA8B22BE0A8F774C28F62CC1C00B5AB3
20:40:09 [TestNG-test-Test-1] INFO  verifyingDisplayTypeFilterFunctionality_Laptop_20-32-11 - [verifyingDisplayTypeFilterFunctionality_Laptop_20-32-11] Found new tab/window handle -> 950CB9BDCE34AB9117E30877AF84B2BE (will be closed)
20:40:09 [TestNG-test-Test-1] INFO  verifyingDisplayTypeFilterFunctionality_Laptop_20-32-11 - [verifyingDisplayTypeFilterFunctionality_Laptop_20-32-11] Successfully switched to new tab/window -> 950CB9BDCE34AB9117E30877AF84B2BE
20:40:09 [TestNG-test-Test-1] INFO  verifyingDisplayTypeFilterFunctionality_Laptop_20-32-11 - [verifyingDisplayTypeFilterFunctionality_Laptop_20-32-11] Closed the newly opened tab/window -> 950CB9BDCE34AB9117E30877AF84B2BE
20:40:09 [TestNG-test-Test-1] INFO  verifyingDisplayTypeFilterFunctionality_Laptop_20-32-11 - [verifyingDisplayTypeFilterFunctionality_Laptop_20-32-11] Switched back to the original window -> AA8B22BE0A8F774C28F62CC1C00B5AB3
20:40:09 [TestNG-test-Test-1] INFO  verifyingDisplayTypeFilterFunctionality_Laptop_20-32-11 - [verifyingDisplayTypeFilterFunctionality_Laptop_20-32-11]  going back to product listing via closeCurrentWindowAndSwitchBack 
20:40:09 [TestNG-test-Test-1] INFO  verifyingDisplayTypeFilterFunctionality_Laptop_20-32-11 - [verifyingDisplayTypeFilterFunctionality_Laptop_20-32-11]  Added 'filter','title','keyFeatures', 'about', 'techDetails' into the Map -> productResult
20:40:09 [TestNG-test-Test-1] INFO  verifyingDisplayTypeFilterFunctionality_Laptop_20-32-11 - [verifyingDisplayTypeFilterFunctionality_Laptop_20-32-11]  Added 'productResult' Map into the 'results' i.e list of maps 
20:40:09 [TestNG-test-Test-1] INFO  verifyingDisplayTypeFilterFunctionality_Laptop_20-32-11 - [verifyingDisplayTypeFilterFunctionality_Laptop_20-32-11]==========================================================================================================
20:40:09 [TestNG-test-Test-1] INFO  verifyingDisplayTypeFilterFunctionality_Laptop_20-32-11 - [verifyingDisplayTypeFilterFunctionality_Laptop_20-32-11] Within safeClick method
20:40:10 [TestNG-test-Test-1] INFO  verifyingDisplayTypeFilterFunctionality_Laptop_20-32-11 - [verifyingDisplayTypeFilterFunctionality_Laptop_20-32-11] Cannot click the butto using safeClick, trying again
20:40:13 [TestNG-test-Test-1] INFO  verifyingDisplayTypeFilterFunctionality_Laptop_20-32-11 - [verifyingDisplayTypeFilterFunctionality_Laptop_20-32-11] Cannot click the butto using safeClick, trying again
20:40:15 [TestNG-test-Test-1] INFO  verifyingDisplayTypeFilterFunctionality_Laptop_20-32-11 - [verifyingDisplayTypeFilterFunctionality_Laptop_20-32-11] Skipping click action: Element not clickable after- 2
20:40:15 [TestNG-test-Test-1] INFO  verifyingDisplayTypeFilterFunctionality_Laptop_20-32-11 - [verifyingDisplayTypeFilterFunctionality_Laptop_20-32-11] Clearing the filter value ->OLEDwithin productNameListingPage loop
20:40:15 [TestNG-test-Test-1] INFO  verifyingDisplayTypeFilterFunctionality_Laptop_20-32-11 - [verifyingDisplayTypeFilterFunctionality_Laptop_20-32-11]==========================================================================================================
20:40:15 [TestNG-test-Test-1] INFO  verifyingDisplayTypeFilterFunctionality_Laptop_20-32-11 - [verifyingDisplayTypeFilterFunctionality_Laptop_20-32-11]==========================================================================================================
20:40:15 [TestNG-test-Test-1] INFO  verifyingDisplayTypeFilterFunctionality_Laptop_20-32-11 - [verifyingDisplayTypeFilterFunctionality_Laptop_20-32-11] Within filterOptions loop in applyFilterAndValidateProductsWithResult
20:40:15 [TestNG-test-Test-1] INFO  verifyingDisplayTypeFilterFunctionality_Laptop_20-32-11 - [verifyingDisplayTypeFilterFunctionality_Laptop_20-32-11] Within safeFindElements 
20:40:20 [TestNG-test-Test-1] INFO  verifyingDisplayTypeFilterFunctionality_Laptop_20-32-11 - [verifyingDisplayTypeFilterFunctionality_Laptop_20-32-11] Retrying findElements for:By.xpath: //span[@class='a-size-base a-color-base puis-bold-weight-text' and text()='Display Type']/parent::div/following-sibling::ul//span[@class='a-size-base a-color-base']
20:40:22 [TestNG-test-Test-1] INFO  verifyingDisplayTypeFilterFunctionality_Laptop_20-32-11 - [verifyingDisplayTypeFilterFunctionality_Laptop_20-32-11] Refreshing the page while trying to find :By.xpath: //span[@class='a-size-base a-color-base puis-bold-weight-text' and text()='Display Type']/parent::div/following-sibling::ul//span[@class='a-size-base a-color-base']
20:40:22 [TestNG-test-Test-1] INFO  verifyingDisplayTypeFilterFunctionality_Laptop_20-32-11 - [verifyingDisplayTypeFilterFunctionality_Laptop_20-32-11] Skipping action Elements not found after1  Attempts
20:40:27 [TestNG-test-Test-1] INFO  verifyingDisplayTypeFilterFunctionality_Laptop_20-32-11 - [verifyingDisplayTypeFilterFunctionality_Laptop_20-32-11] Retrying findElements for:By.xpath: //span[@class='a-size-base a-color-base puis-bold-weight-text' and text()='Display Type']/parent::div/following-sibling::ul//span[@class='a-size-base a-color-base']
20:40:29 [TestNG-test-Test-1] INFO  verifyingDisplayTypeFilterFunctionality_Laptop_20-32-11 - [verifyingDisplayTypeFilterFunctionality_Laptop_20-32-11] Refreshing the page while trying to find :By.xpath: //span[@class='a-size-base a-color-base puis-bold-weight-text' and text()='Display Type']/parent::div/following-sibling::ul//span[@class='a-size-base a-color-base']
20:40:29 [TestNG-test-Test-1] INFO  verifyingDisplayTypeFilterFunctionality_Laptop_20-32-11 - [verifyingDisplayTypeFilterFunctionality_Laptop_20-32-11] Skipping action Elements not found after2  Attempts
