11:27:28 [TestNG-test-Test-2] INFO  verifyingDiscountFilterFunctionality_Laptop_11-27-28 - No existing WebDriver found for current thread. Initializing a new ChromeDriver...
11:27:28 [TestNG-test-Test-2] INFO  verifyingDiscountFilterFunctionality_Laptop_11-27-28 - WebDriverManager: chromedriver setup OK
11:27:32 [TestNG-test-Test-2] INFO  verifyingDiscountFilterFunctionality_Laptop_11-27-28 - ChromeDriver initialized successfully for thread: 35
11:27:37 [TestNG-test-Test-2] INFO  verifyingDiscountFilterFunctionality_Laptop_11-27-28 - [verifyingDiscountFilterFunctionality_Laptop_11-27-28] Opening amazon Landing page
11:27:37 [TestNG-test-Test-2] INFO  verifyingDiscountFilterFunctionality_Laptop_11-27-28 - [verifyingDiscountFilterFunctionality_Laptop_11-27-28] Within safeFindElement method
11:27:37 [TestNG-test-Test-2] INFO  verifyingDiscountFilterFunctionality_Laptop_11-27-28 - [verifyingDiscountFilterFunctionality_Laptop_11-27-28]Found the element returning it ,element ->[[ChromeDriver: chrome on windows (50a2eba6b1e4b6c484b51dcef15c358a)] -> xpath: //a[@id='nav-logo-sprites']]
11:27:38 [TestNG-test-Test-2] INFO  verifyingDiscountFilterFunctionality_Laptop_11-27-28 - [verifyingDiscountFilterFunctionality_Laptop_11-27-28] Giving input within the search bar
11:27:38 [TestNG-test-Test-2] INFO  verifyingDiscountFilterFunctionality_Laptop_11-27-28 - [verifyingDiscountFilterFunctionality_Laptop_11-27-28] Within safeClick method
11:27:45 [TestNG-test-Test-2] INFO  verifyingDiscountFilterFunctionality_Laptop_11-27-28 - [verifyingDiscountFilterFunctionality_Laptop_11-27-28] Clicked the  [[ChromeDriver: chrome on windows (50a2eba6b1e4b6c484b51dcef15c358a)] -> xpath: //input[@id='nav-search-submit-button']]   using safeClick
11:27:45 [TestNG-test-Test-2] INFO  verifyingDiscountFilterFunctionality_Laptop_11-27-28 - [verifyingDiscountFilterFunctionality_Laptop_11-27-28] Clicking on the submit in the search bar
11:27:45 [TestNG-test-Test-2] INFO  verifyingDiscountFilterFunctionality_Laptop_11-27-28 - [verifyingDiscountFilterFunctionality_Laptop_11-27-28] Within filterCheckUnderList method
11:27:46 [TestNG-test-Test-2] INFO  verifyingDiscountFilterFunctionality_Laptop_11-27-28 - [verifyingDiscountFilterFunctionality_Laptop_11-27-28] Found the Filter within the filter check List
11:27:46 [TestNG-test-Test-2] INFO  verifyingDiscountFilterFunctionality_Laptop_11-27-28 - [verifyingDiscountFilterFunctionality_Laptop_11-27-28] Within applyFilterAndValidateProductsWithResult method
11:27:46 [TestNG-test-Test-2] INFO  verifyingDiscountFilterFunctionality_Laptop_11-27-28 - [verifyingDiscountFilterFunctionality_Laptop_11-27-28] Within safeFindElements 
11:27:46 [TestNG-test-Test-2] INFO  verifyingDiscountFilterFunctionality_Laptop_11-27-28 - [verifyingDiscountFilterFunctionality_Laptop_11-27-28] Returning the  [[[ChromeDriver: chrome on windows (50a2eba6b1e4b6c484b51dcef15c358a)] -> xpath: //span[@class='a-size-base a-color-base puis-bold-weight-text' and text()='Discount']/parent::div/following-sibling::ul//span[@class='a-size-base a-color-base']], [[ChromeDriver: chrome on windows (50a2eba6b1e4b6c484b51dcef15c358a)] -> xpath: //span[@class='a-size-base a-color-base puis-bold-weight-text' and text()='Discount']/parent::div/following-sibling::ul//span[@class='a-size-base a-color-base']], [[ChromeDriver: chrome on windows (50a2eba6b1e4b6c484b51dcef15c358a)] -> xpath: //span[@class='a-size-base a-color-base puis-bold-weight-text' and text()='Discount']/parent::div/following-sibling::ul//span[@class='a-size-base a-color-base']], [[ChromeDriver: chrome on windows (50a2eba6b1e4b6c484b51dcef15c358a)] -> xpath: //span[@class='a-size-base a-color-base puis-bold-weight-text' and text()='Discount']/parent::div/following-sibling::ul//span[@class='a-size-base a-color-base']], [[ChromeDriver: chrome on windows (50a2eba6b1e4b6c484b51dcef15c358a)] -> xpath: //span[@class='a-size-base a-color-base puis-bold-weight-text' and text()='Discount']/parent::div/following-sibling::ul//span[@class='a-size-base a-color-base']]] from the safeFindElements method
11:27:46 [TestNG-test-Test-2] INFO  verifyingDiscountFilterFunctionality_Laptop_11-27-28 - [verifyingDiscountFilterFunctionality_Laptop_11-27-28] Within applyFilterAndValidateProductsWithResult filterOptions size is -> 5
11:27:46 [TestNG-test-Test-2] INFO  verifyingDiscountFilterFunctionality_Laptop_11-27-28 - [verifyingDiscountFilterFunctionality_Laptop_11-27-28] Execution is Not CRON Job Hence refering to normal keys from UtilData
11:27:46 [TestNG-test-Test-2] INFO  verifyingDiscountFilterFunctionality_Laptop_11-27-28 - [verifyingDiscountFilterFunctionality_Laptop_11-27-28] Within filterOptions loop in applyFilterAndValidateProductsWithResult
11:27:46 [TestNG-test-Test-2] INFO  verifyingDiscountFilterFunctionality_Laptop_11-27-28 - [verifyingDiscountFilterFunctionality_Laptop_11-27-28] Within safeFindElements 
11:27:46 [TestNG-test-Test-2] INFO  verifyingDiscountFilterFunctionality_Laptop_11-27-28 - [verifyingDiscountFilterFunctionality_Laptop_11-27-28] Returning the  [[[ChromeDriver: chrome on windows (50a2eba6b1e4b6c484b51dcef15c358a)] -> xpath: //span[@class='a-size-base a-color-base puis-bold-weight-text' and text()='Discount']/parent::div/following-sibling::ul//span[@class='a-size-base a-color-base']], [[ChromeDriver: chrome on windows (50a2eba6b1e4b6c484b51dcef15c358a)] -> xpath: //span[@class='a-size-base a-color-base puis-bold-weight-text' and text()='Discount']/parent::div/following-sibling::ul//span[@class='a-size-base a-color-base']], [[ChromeDriver: chrome on windows (50a2eba6b1e4b6c484b51dcef15c358a)] -> xpath: //span[@class='a-size-base a-color-base puis-bold-weight-text' and text()='Discount']/parent::div/following-sibling::ul//span[@class='a-size-base a-color-base']], [[ChromeDriver: chrome on windows (50a2eba6b1e4b6c484b51dcef15c358a)] -> xpath: //span[@class='a-size-base a-color-base puis-bold-weight-text' and text()='Discount']/parent::div/following-sibling::ul//span[@class='a-size-base a-color-base']], [[ChromeDriver: chrome on windows (50a2eba6b1e4b6c484b51dcef15c358a)] -> xpath: //span[@class='a-size-base a-color-base puis-bold-weight-text' and text()='Discount']/parent::div/following-sibling::ul//span[@class='a-size-base a-color-base']]] from the safeFindElements method
11:27:46 [TestNG-test-Test-2] INFO  verifyingDiscountFilterFunctionality_Laptop_11-27-28 - [verifyingDiscountFilterFunctionality_Laptop_11-27-28] Trying to read filter option 0 (attempt 1/3)
11:27:46 [TestNG-test-Test-2] INFO  verifyingDiscountFilterFunctionality_Laptop_11-27-28 - [verifyingDiscountFilterFunctionality_Laptop_11-27-28] Successfully read filter option 0 = '10% Off or more'
11:27:46 [TestNG-test-Test-2] INFO  verifyingDiscountFilterFunctionality_Laptop_11-27-28 - [verifyingDiscountFilterFunctionality_Laptop_11-27-28] Within getfilterByTypeAndName method
11:27:46 [TestNG-test-Test-2] INFO  verifyingDiscountFilterFunctionality_Laptop_11-27-28 - [verifyingDiscountFilterFunctionality_Laptop_11-27-28] Within safeClickBooleanWithScreenShot method
11:27:46 [TestNG-test-Test-2] INFO  verifyingDiscountFilterFunctionality_Laptop_11-27-28 - [verifyingDiscountFilterFunctionality_Laptop_11-27-28] Within getAppliedfilterByTypeAndName method
11:27:46 [TestNG-test-Test-2] INFO  verifyingDiscountFilterFunctionality_Laptop_11-27-28 - [verifyingDiscountFilterFunctionality_Laptop_11-27-28] Within smoothScrollToElement method
11:27:46 [TestNG-test-Test-2] INFO  verifyingDiscountFilterFunctionality_Laptop_11-27-28 - [verifyingDiscountFilterFunctionality_Laptop_11-27-28] Within safeFindElement method
11:27:46 [TestNG-test-Test-2] INFO  verifyingDiscountFilterFunctionality_Laptop_11-27-28 - [verifyingDiscountFilterFunctionality_Laptop_11-27-28]Found the element returning it ,element ->[[ChromeDriver: chrome on windows (50a2eba6b1e4b6c484b51dcef15c358a)] -> xpath: //span[@class='a-size-base a-color-base puis-bold-weight-text' and text()='Discount']]
11:27:46 [TestNG-test-Test-2] INFO  verifyingDiscountFilterFunctionality_Laptop_11-27-28 - [verifyingDiscountFilterFunctionality_Laptop_11-27-28] Successfully scrolled to element: By.xpath: //span[@class='a-size-base a-color-base puis-bold-weight-text' and text()='Discount']
11:27:46 [TestNG-test-Test-2] INFO  verifyingDiscountFilterFunctionality_Laptop_11-27-28 - [verifyingDiscountFilterFunctionality_Laptop_11-27-28] Within getMoreButtonByFilterTypeAndName method
11:27:46 [TestNG-test-Test-2] INFO  verifyingDiscountFilterFunctionality_Laptop_11-27-28 - [verifyingDiscountFilterFunctionality_Laptop_11-27-28] could not find more button
11:27:47 [TestNG-test-Test-2] INFO  verifyingDiscountFilterFunctionality_Laptop_11-27-28 - [verifyingDiscountFilterFunctionality_Laptop_11-27-28] Within getAppliedfilterByTypeAndName method
11:27:47 [TestNG-test-Test-2] INFO  verifyingDiscountFilterFunctionality_Laptop_11-27-28 - [verifyingDiscountFilterFunctionality_Laptop_11-27-28] Within smoothScrollToElement method
11:27:47 [TestNG-test-Test-2] INFO  verifyingDiscountFilterFunctionality_Laptop_11-27-28 - [verifyingDiscountFilterFunctionality_Laptop_11-27-28] Within safeFindElement method
11:27:48 [TestNG-test-Test-2] INFO  verifyingDiscountFilterFunctionality_Laptop_11-27-28 - [verifyingDiscountFilterFunctionality_Laptop_11-27-28]Found the element returning it ,element ->[[ChromeDriver: chrome on windows (50a2eba6b1e4b6c484b51dcef15c358a)] -> xpath: //span[@class='a-size-base a-color-base puis-bold-weight-text' and text()='Discount']]
11:27:48 [TestNG-test-Test-2] INFO  verifyingDiscountFilterFunctionality_Laptop_11-27-28 - [verifyingDiscountFilterFunctionality_Laptop_11-27-28] Successfully scrolled to element: By.xpath: //span[@class='a-size-base a-color-base puis-bold-weight-text' and text()='Discount']
11:27:48 [TestNG-test-Test-2] INFO  verifyingDiscountFilterFunctionality_Laptop_11-27-28 - [verifyingDiscountFilterFunctionality_Laptop_11-27-28] Within getMoreButtonByFilterTypeAndName method
11:27:48 [TestNG-test-Test-2] INFO  verifyingDiscountFilterFunctionality_Laptop_11-27-28 - [verifyingDiscountFilterFunctionality_Laptop_11-27-28] could not find more button
11:27:48 [TestNG-test-Test-2] INFO  verifyingDiscountFilterFunctionality_Laptop_11-27-28 - [verifyingDiscountFilterFunctionality_Laptop_11-27-28] Within getfilterByTypeAndName method
11:27:48 [TestNG-test-Test-2] INFO  verifyingDiscountFilterFunctionality_Laptop_11-27-28 - [verifyingDiscountFilterFunctionality_Laptop_11-27-28] Within smoothScrollToElement method
11:27:48 [TestNG-test-Test-2] INFO  verifyingDiscountFilterFunctionality_Laptop_11-27-28 - [verifyingDiscountFilterFunctionality_Laptop_11-27-28] Within safeFindElement method
11:27:48 [TestNG-test-Test-2] INFO  verifyingDiscountFilterFunctionality_Laptop_11-27-28 - [verifyingDiscountFilterFunctionality_Laptop_11-27-28]Found the element returning it ,element ->[[ChromeDriver: chrome on windows (50a2eba6b1e4b6c484b51dcef15c358a)] -> xpath: //span[@class='a-size-base a-color-base puis-bold-weight-text' and text()='Discount']/parent::div/following-sibling::ul//span[@class='a-size-base a-color-base a-text-bold' and text()='10% Off or more']]
11:27:49 [TestNG-test-Test-2] INFO  verifyingDiscountFilterFunctionality_Laptop_11-27-28 - [verifyingDiscountFilterFunctionality_Laptop_11-27-28] Successfully scrolled to element: By.xpath: //span[@class='a-size-base a-color-base puis-bold-weight-text' and text()='Discount']/parent::div/following-sibling::ul//span[@class='a-size-base a-color-base a-text-bold' and text()='10% Off or more']
11:27:49 [TestNG-test-Test-2] INFO  verifyingDiscountFilterFunctionality_Laptop_11-27-28 - [verifyingDiscountFilterFunctionality_Laptop_11-27-28] Clicked the element using safe click ,element is [[ChromeDriver: chrome on windows (50a2eba6b1e4b6c484b51dcef15c358a)] -> xpath: //span[@class='a-size-base a-color-base puis-bold-weight-text' and text()='Discount']/parent::div/following-sibling::ul//span[@class='a-size-base a-color-base' and text()='10% Off or more']]
11:27:49 [TestNG-test-Test-2] INFO  verifyingDiscountFilterFunctionality_Laptop_11-27-28 - [verifyingDiscountFilterFunctionality_Laptop_11-27-28] Within safeFindElements 
11:27:49 [TestNG-test-Test-2] INFO  verifyingDiscountFilterFunctionality_Laptop_11-27-28 - [verifyingDiscountFilterFunctionality_Laptop_11-27-28] Returning the  [[[ChromeDriver: chrome on windows (50a2eba6b1e4b6c484b51dcef15c358a)] -> xpath: //div[@data-cy='title-recipe']], [[ChromeDriver: chrome on windows (50a2eba6b1e4b6c484b51dcef15c358a)] -> xpath: //div[@data-cy='title-recipe']], [[ChromeDriver: chrome on windows (50a2eba6b1e4b6c484b51dcef15c358a)] -> xpath: //div[@data-cy='title-recipe']], [[ChromeDriver: chrome on windows (50a2eba6b1e4b6c484b51dcef15c358a)] -> xpath: //div[@data-cy='title-recipe']], [[ChromeDriver: chrome on windows (50a2eba6b1e4b6c484b51dcef15c358a)] -> xpath: //div[@data-cy='title-recipe']], [[ChromeDriver: chrome on windows (50a2eba6b1e4b6c484b51dcef15c358a)] -> xpath: //div[@data-cy='title-recipe']], [[ChromeDriver: chrome on windows (50a2eba6b1e4b6c484b51dcef15c358a)] -> xpath: //div[@data-cy='title-recipe']], [[ChromeDriver: chrome on windows (50a2eba6b1e4b6c484b51dcef15c358a)] -> xpath: //div[@data-cy='title-recipe']], [[ChromeDriver: chrome on windows (50a2eba6b1e4b6c484b51dcef15c358a)] -> xpath: //div[@data-cy='title-recipe']], [[ChromeDriver: chrome on windows (50a2eba6b1e4b6c484b51dcef15c358a)] -> xpath: //div[@data-cy='title-recipe']], [[ChromeDriver: chrome on windows (50a2eba6b1e4b6c484b51dcef15c358a)] -> xpath: //div[@data-cy='title-recipe']], [[ChromeDriver: chrome on windows (50a2eba6b1e4b6c484b51dcef15c358a)] -> xpath: //div[@data-cy='title-recipe']], [[ChromeDriver: chrome on windows (50a2eba6b1e4b6c484b51dcef15c358a)] -> xpath: //div[@data-cy='title-recipe']], [[ChromeDriver: chrome on windows (50a2eba6b1e4b6c484b51dcef15c358a)] -> xpath: //div[@data-cy='title-recipe']], [[ChromeDriver: chrome on windows (50a2eba6b1e4b6c484b51dcef15c358a)] -> xpath: //div[@data-cy='title-recipe']], [[ChromeDriver: chrome on windows (50a2eba6b1e4b6c484b51dcef15c358a)] -> xpath: //div[@data-cy='title-recipe']]] from the safeFindElements method
11:27:49 [TestNG-test-Test-2] INFO  verifyingDiscountFilterFunctionality_Laptop_11-27-28 - [verifyingDiscountFilterFunctionality_Laptop_11-27-28] Execution is Not CRON Job Hence refering to normal keys from UtilData
11:27:49 [TestNG-test-Test-2] INFO  verifyingDiscountFilterFunctionality_Laptop_11-27-28 - [verifyingDiscountFilterFunctionality_Laptop_11-27-28] Within safeFindElements 
11:27:49 [TestNG-test-Test-2] INFO  verifyingDiscountFilterFunctionality_Laptop_11-27-28 - [verifyingDiscountFilterFunctionality_Laptop_11-27-28] Returning the  [[[ChromeDriver: chrome on windows (50a2eba6b1e4b6c484b51dcef15c358a)] -> xpath: //div[@data-cy='title-recipe']], [[ChromeDriver: chrome on windows (50a2eba6b1e4b6c484b51dcef15c358a)] -> xpath: //div[@data-cy='title-recipe']], [[ChromeDriver: chrome on windows (50a2eba6b1e4b6c484b51dcef15c358a)] -> xpath: //div[@data-cy='title-recipe']], [[ChromeDriver: chrome on windows (50a2eba6b1e4b6c484b51dcef15c358a)] -> xpath: //div[@data-cy='title-recipe']], [[ChromeDriver: chrome on windows (50a2eba6b1e4b6c484b51dcef15c358a)] -> xpath: //div[@data-cy='title-recipe']], [[ChromeDriver: chrome on windows (50a2eba6b1e4b6c484b51dcef15c358a)] -> xpath: //div[@data-cy='title-recipe']], [[ChromeDriver: chrome on windows (50a2eba6b1e4b6c484b51dcef15c358a)] -> xpath: //div[@data-cy='title-recipe']], [[ChromeDriver: chrome on windows (50a2eba6b1e4b6c484b51dcef15c358a)] -> xpath: //div[@data-cy='title-recipe']], [[ChromeDriver: chrome on windows (50a2eba6b1e4b6c484b51dcef15c358a)] -> xpath: //div[@data-cy='title-recipe']], [[ChromeDriver: chrome on windows (50a2eba6b1e4b6c484b51dcef15c358a)] -> xpath: //div[@data-cy='title-recipe']], [[ChromeDriver: chrome on windows (50a2eba6b1e4b6c484b51dcef15c358a)] -> xpath: //div[@data-cy='title-recipe']], [[ChromeDriver: chrome on windows (50a2eba6b1e4b6c484b51dcef15c358a)] -> xpath: //div[@data-cy='title-recipe']], [[ChromeDriver: chrome on windows (50a2eba6b1e4b6c484b51dcef15c358a)] -> xpath: //div[@data-cy='title-recipe']], [[ChromeDriver: chrome on windows (50a2eba6b1e4b6c484b51dcef15c358a)] -> xpath: //div[@data-cy='title-recipe']], [[ChromeDriver: chrome on windows (50a2eba6b1e4b6c484b51dcef15c358a)] -> xpath: //div[@data-cy='title-recipe']], [[ChromeDriver: chrome on windows (50a2eba6b1e4b6c484b51dcef15c358a)] -> xpath: //div[@data-cy='title-recipe']]] from the safeFindElements method
11:27:49 [TestNG-test-Test-2] INFO  verifyingDiscountFilterFunctionality_Laptop_11-27-28 - [verifyingDiscountFilterFunctionality_Laptop_11-27-28] Within productNameListingPage loop in applyFilterAndValidateProductsWithResult
11:27:49 [TestNG-test-Test-2] INFO  verifyingDiscountFilterFunctionality_Laptop_11-27-28 - [verifyingDiscountFilterFunctionality_Laptop_11-27-28] Within getProductByIndex method
11:27:49 [TestNG-test-Test-2] INFO  verifyingDiscountFilterFunctionality_Laptop_11-27-28 - [verifyingDiscountFilterFunctionality_Laptop_11-27-28] Within safeFindElement method
11:27:49 [TestNG-test-Test-2] INFO  verifyingDiscountFilterFunctionality_Laptop_11-27-28 - [verifyingDiscountFilterFunctionality_Laptop_11-27-28]Found the element returning it ,element ->[[ChromeDriver: chrome on windows (50a2eba6b1e4b6c484b51dcef15c358a)] -> xpath: (//div[@data-cy='title-recipe'])[1]]
11:27:49 [TestNG-test-Test-2] INFO  verifyingDiscountFilterFunctionality_Laptop_11-27-28 - [verifyingDiscountFilterFunctionality_Laptop_11-27-28] Within getProductByIndex method
11:27:49 [TestNG-test-Test-2] INFO  verifyingDiscountFilterFunctionality_Laptop_11-27-28 - [verifyingDiscountFilterFunctionality_Laptop_11-27-28] Within smoothScrollToElement method
11:27:49 [TestNG-test-Test-2] INFO  verifyingDiscountFilterFunctionality_Laptop_11-27-28 - [verifyingDiscountFilterFunctionality_Laptop_11-27-28] Within safeFindElement method
11:27:49 [TestNG-test-Test-2] INFO  verifyingDiscountFilterFunctionality_Laptop_11-27-28 - [verifyingDiscountFilterFunctionality_Laptop_11-27-28]Found the element returning it ,element ->[[ChromeDriver: chrome on windows (50a2eba6b1e4b6c484b51dcef15c358a)] -> xpath: (//div[@data-cy='title-recipe'])[1]]
11:27:49 [TestNG-test-Test-2] INFO  verifyingDiscountFilterFunctionality_Laptop_11-27-28 - [verifyingDiscountFilterFunctionality_Laptop_11-27-28] Successfully scrolled to element: By.xpath: (//div[@data-cy='title-recipe'])[1]
11:27:49 [TestNG-test-Test-2] INFO  verifyingDiscountFilterFunctionality_Laptop_11-27-28 - [verifyingDiscountFilterFunctionality_Laptop_11-27-28] Getting product by index in productNameListingPage loop
11:27:50 [TestNG-test-Test-2] INFO  verifyingDiscountFilterFunctionality_Laptop_11-27-28 - [verifyingDiscountFilterFunctionality_Laptop_11-27-28] Opened product in new tab via Ctrl+Click inside productNameListingPage loop
11:27:50 [TestNG-test-Test-2] INFO  verifyingDiscountFilterFunctionality_Laptop_11-27-28 - [verifyingDiscountFilterFunctionality_Laptop_11-27-28] Waiting for new window to open...
11:27:50 [TestNG-test-Test-2] INFO  verifyingDiscountFilterFunctionality_Laptop_11-27-28 - [verifyingDiscountFilterFunctionality_Laptop_11-27-28] Switched to new window -> B5A54D043FB3F9CABDDC8AC254844381
11:27:50 [TestNG-test-Test-2] INFO  verifyingDiscountFilterFunctionality_Laptop_11-27-28 - [verifyingDiscountFilterFunctionality_Laptop_11-27-28] Swithcing to the new window  within productNameListingPage loop
11:27:50 [TestNG-test-Test-2] INFO  verifyingDiscountFilterFunctionality_Laptop_11-27-28 - [verifyingDiscountFilterFunctionality_Laptop_11-27-28] Clicked product name to open in new tab from productNameListingPage loop
11:27:50 [TestNG-test-Test-2] INFO  verifyingDiscountFilterFunctionality_Laptop_11-27-28 - [verifyingDiscountFilterFunctionality_Laptop_11-27-28] Within safeFindElement method
11:27:56 [TestNG-test-Test-2] INFO  verifyingDiscountFilterFunctionality_Laptop_11-27-28 - [verifyingDiscountFilterFunctionality_Laptop_11-27-28]Found the element returning it ,element ->[[ChromeDriver: chrome on windows (50a2eba6b1e4b6c484b51dcef15c358a)] -> xpath: //span[@id='productTitle']]
11:27:56 [TestNG-test-Test-2] INFO  verifyingDiscountFilterFunctionality_Laptop_11-27-28 - [verifyingDiscountFilterFunctionality_Laptop_11-27-28] Within safeFindElement method
11:27:57 [TestNG-test-Test-2] INFO  verifyingDiscountFilterFunctionality_Laptop_11-27-28 - [verifyingDiscountFilterFunctionality_Laptop_11-27-28]Found the element returning it ,element ->[[ChromeDriver: chrome on windows (50a2eba6b1e4b6c484b51dcef15c358a)] -> xpath: //div[@class='a-section a-spacing-small a-spacing-top-small']]
11:27:57 [TestNG-test-Test-2] INFO  verifyingDiscountFilterFunctionality_Laptop_11-27-28 - [verifyingDiscountFilterFunctionality_Laptop_11-27-28] Within safeFindElement method
11:27:57 [TestNG-test-Test-2] INFO  verifyingDiscountFilterFunctionality_Laptop_11-27-28 - [verifyingDiscountFilterFunctionality_Laptop_11-27-28]Found the element returning it ,element ->[[ChromeDriver: chrome on windows (50a2eba6b1e4b6c484b51dcef15c358a)] -> xpath: //div[@id='feature-bullets']]
11:27:57 [TestNG-test-Test-2] INFO  verifyingDiscountFilterFunctionality_Laptop_11-27-28 - [verifyingDiscountFilterFunctionality_Laptop_11-27-28] Within safeFindElement method
11:27:57 [TestNG-test-Test-2] INFO  verifyingDiscountFilterFunctionality_Laptop_11-27-28 - [verifyingDiscountFilterFunctionality_Laptop_11-27-28]Found the element returning it ,element ->[[ChromeDriver: chrome on windows (50a2eba6b1e4b6c484b51dcef15c358a)] -> xpath: //div[@id='prodDetails']]
11:27:57 [TestNG-test-Test-2] INFO  verifyingDiscountFilterFunctionality_Laptop_11-27-28 - [verifyingDiscountFilterFunctionality_Laptop_11-27-28] Extracting 'name' , 'keyFeatures', 'about' , 'techDetails' within productNameListingPage loop
11:27:57 [TestNG-test-Test-2] INFO  verifyingDiscountFilterFunctionality_Laptop_11-27-28 - [verifyingDiscountFilterFunctionality_Laptop_11-27-28] Waiting until element is visible in viewport
11:28:07 [TestNG-test-Test-2] INFO  verifyingDiscountFilterFunctionality_Laptop_11-27-28 - [verifyingDiscountFilterFunctionality_Laptop_11-27-28] Within smoothScrollToElement method
11:28:07 [TestNG-test-Test-2] INFO  verifyingDiscountFilterFunctionality_Laptop_11-27-28 - [verifyingDiscountFilterFunctionality_Laptop_11-27-28] Within safeFindElement method
11:28:07 [TestNG-test-Test-2] INFO  verifyingDiscountFilterFunctionality_Laptop_11-27-28 - [verifyingDiscountFilterFunctionality_Laptop_11-27-28]Found the element returning it ,element ->[[ChromeDriver: chrome on windows (50a2eba6b1e4b6c484b51dcef15c358a)] -> xpath: //a[@id='seeMoreDetailsLink']]
11:28:07 [TestNG-test-Test-2] INFO  verifyingDiscountFilterFunctionality_Laptop_11-27-28 - [verifyingDiscountFilterFunctionality_Laptop_11-27-28] Successfully scrolled to element: By.xpath: //a[@id='seeMoreDetailsLink']
11:28:07 [TestNG-test-Test-2] INFO  verifyingDiscountFilterFunctionality_Laptop_11-27-28 - [verifyingDiscountFilterFunctionality_Laptop_11-27-28] Within safeClick method
11:28:07 [TestNG-test-Test-2] INFO  verifyingDiscountFilterFunctionality_Laptop_11-27-28 - [verifyingDiscountFilterFunctionality_Laptop_11-27-28] Clicked the  [[ChromeDriver: chrome on windows (50a2eba6b1e4b6c484b51dcef15c358a)] -> xpath: //a[@id='seeMoreDetailsLink']]   using safeClick
11:28:07 [TestNG-test-Test-2] INFO  verifyingDiscountFilterFunctionality_Laptop_11-27-28 - [verifyingDiscountFilterFunctionality_Laptop_11-27-28] Within try block for clicking see more deatils within productNameListingPage loop
11:28:07 [TestNG-test-Test-2] INFO  verifyingDiscountFilterFunctionality_Laptop_11-27-28 - [verifyingDiscountFilterFunctionality_Laptop_11-27-28] Within closeCurrentWindowAndSwitchBack method
11:28:07 [TestNG-test-Test-2] INFO  verifyingDiscountFilterFunctionality_Laptop_11-27-28 - [verifyingDiscountFilterFunctionality_Laptop_11-27-28] Total open windows/tabs count -> 2
11:28:07 [TestNG-test-Test-2] INFO  verifyingDiscountFilterFunctionality_Laptop_11-27-28 - [verifyingDiscountFilterFunctionality_Laptop_11-27-28] Original window handle -> 17A63A6482942CAD49CC245DF794BDA7
11:28:07 [TestNG-test-Test-2] INFO  verifyingDiscountFilterFunctionality_Laptop_11-27-28 - [verifyingDiscountFilterFunctionality_Laptop_11-27-28] Found new tab/window handle -> B5A54D043FB3F9CABDDC8AC254844381 (will be closed)
11:28:07 [TestNG-test-Test-2] INFO  verifyingDiscountFilterFunctionality_Laptop_11-27-28 - [verifyingDiscountFilterFunctionality_Laptop_11-27-28] Successfully switched to new tab/window -> B5A54D043FB3F9CABDDC8AC254844381
11:28:07 [TestNG-test-Test-2] INFO  verifyingDiscountFilterFunctionality_Laptop_11-27-28 - [verifyingDiscountFilterFunctionality_Laptop_11-27-28] Closed the newly opened tab/window -> B5A54D043FB3F9CABDDC8AC254844381
11:28:07 [TestNG-test-Test-2] INFO  verifyingDiscountFilterFunctionality_Laptop_11-27-28 - [verifyingDiscountFilterFunctionality_Laptop_11-27-28] Switched back to the original window -> 17A63A6482942CAD49CC245DF794BDA7
11:28:07 [TestNG-test-Test-2] INFO  verifyingDiscountFilterFunctionality_Laptop_11-27-28 - [verifyingDiscountFilterFunctionality_Laptop_11-27-28]  going back to product listing via closeCurrentWindowAndSwitchBack 
11:28:07 [TestNG-test-Test-2] INFO  verifyingDiscountFilterFunctionality_Laptop_11-27-28 - [verifyingDiscountFilterFunctionality_Laptop_11-27-28]  Added 'filter','title','keyFeatures', 'about', 'techDetails' into the Map -> productResult
11:28:07 [TestNG-test-Test-2] INFO  verifyingDiscountFilterFunctionality_Laptop_11-27-28 - [verifyingDiscountFilterFunctionality_Laptop_11-27-28]  Added 'productResult' Map into the 'results' i.e list of maps 
11:28:07 [TestNG-test-Test-2] INFO  verifyingDiscountFilterFunctionality_Laptop_11-27-28 - [verifyingDiscountFilterFunctionality_Laptop_11-27-28]==========================================================================================================
11:28:07 [TestNG-test-Test-2] INFO  verifyingDiscountFilterFunctionality_Laptop_11-27-28 - [verifyingDiscountFilterFunctionality_Laptop_11-27-28] Within safeFindElements 
11:28:07 [TestNG-test-Test-2] INFO  verifyingDiscountFilterFunctionality_Laptop_11-27-28 - [verifyingDiscountFilterFunctionality_Laptop_11-27-28] Returning the  [[[ChromeDriver: chrome on windows (50a2eba6b1e4b6c484b51dcef15c358a)] -> xpath: //div[@data-cy='title-recipe']], [[ChromeDriver: chrome on windows (50a2eba6b1e4b6c484b51dcef15c358a)] -> xpath: //div[@data-cy='title-recipe']], [[ChromeDriver: chrome on windows (50a2eba6b1e4b6c484b51dcef15c358a)] -> xpath: //div[@data-cy='title-recipe']], [[ChromeDriver: chrome on windows (50a2eba6b1e4b6c484b51dcef15c358a)] -> xpath: //div[@data-cy='title-recipe']], [[ChromeDriver: chrome on windows (50a2eba6b1e4b6c484b51dcef15c358a)] -> xpath: //div[@data-cy='title-recipe']], [[ChromeDriver: chrome on windows (50a2eba6b1e4b6c484b51dcef15c358a)] -> xpath: //div[@data-cy='title-recipe']], [[ChromeDriver: chrome on windows (50a2eba6b1e4b6c484b51dcef15c358a)] -> xpath: //div[@data-cy='title-recipe']], [[ChromeDriver: chrome on windows (50a2eba6b1e4b6c484b51dcef15c358a)] -> xpath: //div[@data-cy='title-recipe']], [[ChromeDriver: chrome on windows (50a2eba6b1e4b6c484b51dcef15c358a)] -> xpath: //div[@data-cy='title-recipe']], [[ChromeDriver: chrome on windows (50a2eba6b1e4b6c484b51dcef15c358a)] -> xpath: //div[@data-cy='title-recipe']], [[ChromeDriver: chrome on windows (50a2eba6b1e4b6c484b51dcef15c358a)] -> xpath: //div[@data-cy='title-recipe']], [[ChromeDriver: chrome on windows (50a2eba6b1e4b6c484b51dcef15c358a)] -> xpath: //div[@data-cy='title-recipe']], [[ChromeDriver: chrome on windows (50a2eba6b1e4b6c484b51dcef15c358a)] -> xpath: //div[@data-cy='title-recipe']], [[ChromeDriver: chrome on windows (50a2eba6b1e4b6c484b51dcef15c358a)] -> xpath: //div[@data-cy='title-recipe']], [[ChromeDriver: chrome on windows (50a2eba6b1e4b6c484b51dcef15c358a)] -> xpath: //div[@data-cy='title-recipe']], [[ChromeDriver: chrome on windows (50a2eba6b1e4b6c484b51dcef15c358a)] -> xpath: //div[@data-cy='title-recipe']]] from the safeFindElements method
11:28:07 [TestNG-test-Test-2] INFO  verifyingDiscountFilterFunctionality_Laptop_11-27-28 - [verifyingDiscountFilterFunctionality_Laptop_11-27-28] Within productNameListingPage loop in applyFilterAndValidateProductsWithResult
11:28:08 [TestNG-test-Test-2] INFO  verifyingDiscountFilterFunctionality_Laptop_11-27-28 - [verifyingDiscountFilterFunctionality_Laptop_11-27-28] Within getProductByIndex method
11:28:08 [TestNG-test-Test-2] INFO  verifyingDiscountFilterFunctionality_Laptop_11-27-28 - [verifyingDiscountFilterFunctionality_Laptop_11-27-28] Within safeFindElement method
11:28:08 [TestNG-test-Test-2] INFO  verifyingDiscountFilterFunctionality_Laptop_11-27-28 - [verifyingDiscountFilterFunctionality_Laptop_11-27-28]Found the element returning it ,element ->[[ChromeDriver: chrome on windows (50a2eba6b1e4b6c484b51dcef15c358a)] -> xpath: (//div[@data-cy='title-recipe'])[2]]
11:28:08 [TestNG-test-Test-2] INFO  verifyingDiscountFilterFunctionality_Laptop_11-27-28 - [verifyingDiscountFilterFunctionality_Laptop_11-27-28] Within getProductByIndex method
11:28:08 [TestNG-test-Test-2] INFO  verifyingDiscountFilterFunctionality_Laptop_11-27-28 - [verifyingDiscountFilterFunctionality_Laptop_11-27-28] Within smoothScrollToElement method
11:28:08 [TestNG-test-Test-2] INFO  verifyingDiscountFilterFunctionality_Laptop_11-27-28 - [verifyingDiscountFilterFunctionality_Laptop_11-27-28] Within safeFindElement method
11:28:08 [TestNG-test-Test-2] INFO  verifyingDiscountFilterFunctionality_Laptop_11-27-28 - [verifyingDiscountFilterFunctionality_Laptop_11-27-28]Found the element returning it ,element ->[[ChromeDriver: chrome on windows (50a2eba6b1e4b6c484b51dcef15c358a)] -> xpath: (//div[@data-cy='title-recipe'])[2]]
11:28:08 [TestNG-test-Test-2] INFO  verifyingDiscountFilterFunctionality_Laptop_11-27-28 - [verifyingDiscountFilterFunctionality_Laptop_11-27-28] Successfully scrolled to element: By.xpath: (//div[@data-cy='title-recipe'])[2]
11:28:08 [TestNG-test-Test-2] INFO  verifyingDiscountFilterFunctionality_Laptop_11-27-28 - [verifyingDiscountFilterFunctionality_Laptop_11-27-28] Getting product by index in productNameListingPage loop
11:28:08 [TestNG-test-Test-2] INFO  verifyingDiscountFilterFunctionality_Laptop_11-27-28 - [verifyingDiscountFilterFunctionality_Laptop_11-27-28] Opened product in new tab via Ctrl+Click inside productNameListingPage loop
11:28:08 [TestNG-test-Test-2] INFO  verifyingDiscountFilterFunctionality_Laptop_11-27-28 - [verifyingDiscountFilterFunctionality_Laptop_11-27-28] Waiting for new window to open...
11:28:09 [TestNG-test-Test-2] INFO  verifyingDiscountFilterFunctionality_Laptop_11-27-28 - [verifyingDiscountFilterFunctionality_Laptop_11-27-28] Switched to new window -> BD2667FA815AD8E40C560D67C91D5112
11:28:09 [TestNG-test-Test-2] INFO  verifyingDiscountFilterFunctionality_Laptop_11-27-28 - [verifyingDiscountFilterFunctionality_Laptop_11-27-28] Swithcing to the new window  within productNameListingPage loop
11:28:09 [TestNG-test-Test-2] INFO  verifyingDiscountFilterFunctionality_Laptop_11-27-28 - [verifyingDiscountFilterFunctionality_Laptop_11-27-28] Clicked product name to open in new tab from productNameListingPage loop
11:28:09 [TestNG-test-Test-2] INFO  verifyingDiscountFilterFunctionality_Laptop_11-27-28 - [verifyingDiscountFilterFunctionality_Laptop_11-27-28] Within safeFindElement method
11:28:14 [TestNG-test-Test-2] INFO  verifyingDiscountFilterFunctionality_Laptop_11-27-28 - [verifyingDiscountFilterFunctionality_Laptop_11-27-28]Found the element returning it ,element ->[[ChromeDriver: chrome on windows (50a2eba6b1e4b6c484b51dcef15c358a)] -> xpath: //span[@id='productTitle']]
11:28:14 [TestNG-test-Test-2] INFO  verifyingDiscountFilterFunctionality_Laptop_11-27-28 - [verifyingDiscountFilterFunctionality_Laptop_11-27-28] Within safeFindElement method
11:28:14 [TestNG-test-Test-2] INFO  verifyingDiscountFilterFunctionality_Laptop_11-27-28 - [verifyingDiscountFilterFunctionality_Laptop_11-27-28]Found the element returning it ,element ->[[ChromeDriver: chrome on windows (50a2eba6b1e4b6c484b51dcef15c358a)] -> xpath: //div[@class='a-section a-spacing-small a-spacing-top-small']]
11:28:15 [TestNG-test-Test-2] INFO  verifyingDiscountFilterFunctionality_Laptop_11-27-28 - [verifyingDiscountFilterFunctionality_Laptop_11-27-28] Within safeFindElement method
11:28:15 [TestNG-test-Test-2] INFO  verifyingDiscountFilterFunctionality_Laptop_11-27-28 - [verifyingDiscountFilterFunctionality_Laptop_11-27-28]Found the element returning it ,element ->[[ChromeDriver: chrome on windows (50a2eba6b1e4b6c484b51dcef15c358a)] -> xpath: //div[@id='feature-bullets']]
11:28:15 [TestNG-test-Test-2] INFO  verifyingDiscountFilterFunctionality_Laptop_11-27-28 - [verifyingDiscountFilterFunctionality_Laptop_11-27-28] Within safeFindElement method
11:28:15 [TestNG-test-Test-2] INFO  verifyingDiscountFilterFunctionality_Laptop_11-27-28 - [verifyingDiscountFilterFunctionality_Laptop_11-27-28]Found the element returning it ,element ->[[ChromeDriver: chrome on windows (50a2eba6b1e4b6c484b51dcef15c358a)] -> xpath: //div[@id='prodDetails']]
11:28:15 [TestNG-test-Test-2] INFO  verifyingDiscountFilterFunctionality_Laptop_11-27-28 - [verifyingDiscountFilterFunctionality_Laptop_11-27-28] Extracting 'name' , 'keyFeatures', 'about' , 'techDetails' within productNameListingPage loop
11:28:15 [TestNG-test-Test-2] INFO  verifyingDiscountFilterFunctionality_Laptop_11-27-28 - [verifyingDiscountFilterFunctionality_Laptop_11-27-28] Waiting until element is visible in viewport
11:28:25 [TestNG-test-Test-2] INFO  verifyingDiscountFilterFunctionality_Laptop_11-27-28 - [verifyingDiscountFilterFunctionality_Laptop_11-27-28] Within smoothScrollToElement method
11:28:25 [TestNG-test-Test-2] INFO  verifyingDiscountFilterFunctionality_Laptop_11-27-28 - [verifyingDiscountFilterFunctionality_Laptop_11-27-28] Within safeFindElement method
11:28:25 [TestNG-test-Test-2] INFO  verifyingDiscountFilterFunctionality_Laptop_11-27-28 - [verifyingDiscountFilterFunctionality_Laptop_11-27-28]Found the element returning it ,element ->[[ChromeDriver: chrome on windows (50a2eba6b1e4b6c484b51dcef15c358a)] -> xpath: //a[@id='seeMoreDetailsLink']]
11:28:25 [TestNG-test-Test-2] INFO  verifyingDiscountFilterFunctionality_Laptop_11-27-28 - [verifyingDiscountFilterFunctionality_Laptop_11-27-28] Successfully scrolled to element: By.xpath: //a[@id='seeMoreDetailsLink']
11:28:25 [TestNG-test-Test-2] INFO  verifyingDiscountFilterFunctionality_Laptop_11-27-28 - [verifyingDiscountFilterFunctionality_Laptop_11-27-28] Within safeClick method
11:28:26 [TestNG-test-Test-2] INFO  verifyingDiscountFilterFunctionality_Laptop_11-27-28 - [verifyingDiscountFilterFunctionality_Laptop_11-27-28] Clicked the  [[ChromeDriver: chrome on windows (50a2eba6b1e4b6c484b51dcef15c358a)] -> xpath: //a[@id='seeMoreDetailsLink']]   using safeClick
11:28:26 [TestNG-test-Test-2] INFO  verifyingDiscountFilterFunctionality_Laptop_11-27-28 - [verifyingDiscountFilterFunctionality_Laptop_11-27-28] Within try block for clicking see more deatils within productNameListingPage loop
11:28:26 [TestNG-test-Test-2] INFO  verifyingDiscountFilterFunctionality_Laptop_11-27-28 - [verifyingDiscountFilterFunctionality_Laptop_11-27-28] Within closeCurrentWindowAndSwitchBack method
11:28:26 [TestNG-test-Test-2] INFO  verifyingDiscountFilterFunctionality_Laptop_11-27-28 - [verifyingDiscountFilterFunctionality_Laptop_11-27-28] Total open windows/tabs count -> 2
11:28:26 [TestNG-test-Test-2] INFO  verifyingDiscountFilterFunctionality_Laptop_11-27-28 - [verifyingDiscountFilterFunctionality_Laptop_11-27-28] Original window handle -> 17A63A6482942CAD49CC245DF794BDA7
11:28:26 [TestNG-test-Test-2] INFO  verifyingDiscountFilterFunctionality_Laptop_11-27-28 - [verifyingDiscountFilterFunctionality_Laptop_11-27-28] Found new tab/window handle -> BD2667FA815AD8E40C560D67C91D5112 (will be closed)
11:28:26 [TestNG-test-Test-2] INFO  verifyingDiscountFilterFunctionality_Laptop_11-27-28 - [verifyingDiscountFilterFunctionality_Laptop_11-27-28] Successfully switched to new tab/window -> BD2667FA815AD8E40C560D67C91D5112
11:28:26 [TestNG-test-Test-2] INFO  verifyingDiscountFilterFunctionality_Laptop_11-27-28 - [verifyingDiscountFilterFunctionality_Laptop_11-27-28] Closed the newly opened tab/window -> BD2667FA815AD8E40C560D67C91D5112
11:28:26 [TestNG-test-Test-2] INFO  verifyingDiscountFilterFunctionality_Laptop_11-27-28 - [verifyingDiscountFilterFunctionality_Laptop_11-27-28] Switched back to the original window -> 17A63A6482942CAD49CC245DF794BDA7
11:28:26 [TestNG-test-Test-2] INFO  verifyingDiscountFilterFunctionality_Laptop_11-27-28 - [verifyingDiscountFilterFunctionality_Laptop_11-27-28]  going back to product listing via closeCurrentWindowAndSwitchBack 
11:28:26 [TestNG-test-Test-2] INFO  verifyingDiscountFilterFunctionality_Laptop_11-27-28 - [verifyingDiscountFilterFunctionality_Laptop_11-27-28]  Added 'filter','title','keyFeatures', 'about', 'techDetails' into the Map -> productResult
11:28:26 [TestNG-test-Test-2] INFO  verifyingDiscountFilterFunctionality_Laptop_11-27-28 - [verifyingDiscountFilterFunctionality_Laptop_11-27-28]  Added 'productResult' Map into the 'results' i.e list of maps 
11:28:26 [TestNG-test-Test-2] INFO  verifyingDiscountFilterFunctionality_Laptop_11-27-28 - [verifyingDiscountFilterFunctionality_Laptop_11-27-28]==========================================================================================================
11:28:26 [TestNG-test-Test-2] INFO  verifyingDiscountFilterFunctionality_Laptop_11-27-28 - [verifyingDiscountFilterFunctionality_Laptop_11-27-28] Within safeClick method
11:28:26 [TestNG-test-Test-2] INFO  verifyingDiscountFilterFunctionality_Laptop_11-27-28 - [verifyingDiscountFilterFunctionality_Laptop_11-27-28] Clicked the  [[ChromeDriver: chrome on windows (50a2eba6b1e4b6c484b51dcef15c358a)] -> xpath: //span[@class='a-size-base a-color-base' and text()='Clear']]   using safeClick
11:28:26 [TestNG-test-Test-2] INFO  verifyingDiscountFilterFunctionality_Laptop_11-27-28 - [verifyingDiscountFilterFunctionality_Laptop_11-27-28] Clearing the filter value ->10% Off or morewithin productNameListingPage loop
11:28:26 [TestNG-test-Test-2] INFO  verifyingDiscountFilterFunctionality_Laptop_11-27-28 - [verifyingDiscountFilterFunctionality_Laptop_11-27-28]==========================================================================================================
11:28:26 [TestNG-test-Test-2] INFO  verifyingDiscountFilterFunctionality_Laptop_11-27-28 - [verifyingDiscountFilterFunctionality_Laptop_11-27-28]==========================================================================================================
11:28:26 [TestNG-test-Test-2] INFO  verifyingDiscountFilterFunctionality_Laptop_11-27-28 - [verifyingDiscountFilterFunctionality_Laptop_11-27-28] Within filterOptions loop in applyFilterAndValidateProductsWithResult
11:28:26 [TestNG-test-Test-2] INFO  verifyingDiscountFilterFunctionality_Laptop_11-27-28 - [verifyingDiscountFilterFunctionality_Laptop_11-27-28] Within safeFindElements 
11:28:28 [TestNG-test-Test-2] INFO  verifyingDiscountFilterFunctionality_Laptop_11-27-28 - [verifyingDiscountFilterFunctionality_Laptop_11-27-28] Returning the  [[[ChromeDriver: chrome on windows (50a2eba6b1e4b6c484b51dcef15c358a)] -> xpath: //span[@class='a-size-base a-color-base puis-bold-weight-text' and text()='Discount']/parent::div/following-sibling::ul//span[@class='a-size-base a-color-base']], [[ChromeDriver: chrome on windows (50a2eba6b1e4b6c484b51dcef15c358a)] -> xpath: //span[@class='a-size-base a-color-base puis-bold-weight-text' and text()='Discount']/parent::div/following-sibling::ul//span[@class='a-size-base a-color-base']], [[ChromeDriver: chrome on windows (50a2eba6b1e4b6c484b51dcef15c358a)] -> xpath: //span[@class='a-size-base a-color-base puis-bold-weight-text' and text()='Discount']/parent::div/following-sibling::ul//span[@class='a-size-base a-color-base']], [[ChromeDriver: chrome on windows (50a2eba6b1e4b6c484b51dcef15c358a)] -> xpath: //span[@class='a-size-base a-color-base puis-bold-weight-text' and text()='Discount']/parent::div/following-sibling::ul//span[@class='a-size-base a-color-base']], [[ChromeDriver: chrome on windows (50a2eba6b1e4b6c484b51dcef15c358a)] -> xpath: //span[@class='a-size-base a-color-base puis-bold-weight-text' and text()='Discount']/parent::div/following-sibling::ul//span[@class='a-size-base a-color-base']]] from the safeFindElements method
11:28:28 [TestNG-test-Test-2] INFO  verifyingDiscountFilterFunctionality_Laptop_11-27-28 - [verifyingDiscountFilterFunctionality_Laptop_11-27-28] Trying to read filter option 1 (attempt 1/3)
11:28:28 [TestNG-test-Test-2] INFO  verifyingDiscountFilterFunctionality_Laptop_11-27-28 - [verifyingDiscountFilterFunctionality_Laptop_11-27-28] Successfully read filter option 1 = '25% Off or more'
11:28:28 [TestNG-test-Test-2] INFO  verifyingDiscountFilterFunctionality_Laptop_11-27-28 - [verifyingDiscountFilterFunctionality_Laptop_11-27-28] Within getfilterByTypeAndName method
11:28:28 [TestNG-test-Test-2] INFO  verifyingDiscountFilterFunctionality_Laptop_11-27-28 - [verifyingDiscountFilterFunctionality_Laptop_11-27-28] Within safeClickBooleanWithScreenShot method
11:28:28 [TestNG-test-Test-2] INFO  verifyingDiscountFilterFunctionality_Laptop_11-27-28 - [verifyingDiscountFilterFunctionality_Laptop_11-27-28] Within getAppliedfilterByTypeAndName method
11:28:28 [TestNG-test-Test-2] INFO  verifyingDiscountFilterFunctionality_Laptop_11-27-28 - [verifyingDiscountFilterFunctionality_Laptop_11-27-28] Within smoothScrollToElement method
11:28:28 [TestNG-test-Test-2] INFO  verifyingDiscountFilterFunctionality_Laptop_11-27-28 - [verifyingDiscountFilterFunctionality_Laptop_11-27-28] Within safeFindElement method
11:28:28 [TestNG-test-Test-2] INFO  verifyingDiscountFilterFunctionality_Laptop_11-27-28 - [verifyingDiscountFilterFunctionality_Laptop_11-27-28]Found the element returning it ,element ->[[ChromeDriver: chrome on windows (50a2eba6b1e4b6c484b51dcef15c358a)] -> xpath: //span[@class='a-size-base a-color-base puis-bold-weight-text' and text()='Discount']]
11:28:28 [TestNG-test-Test-2] INFO  verifyingDiscountFilterFunctionality_Laptop_11-27-28 - [verifyingDiscountFilterFunctionality_Laptop_11-27-28] Successfully scrolled to element: By.xpath: //span[@class='a-size-base a-color-base puis-bold-weight-text' and text()='Discount']
11:28:28 [TestNG-test-Test-2] INFO  verifyingDiscountFilterFunctionality_Laptop_11-27-28 - [verifyingDiscountFilterFunctionality_Laptop_11-27-28] Within getMoreButtonByFilterTypeAndName method
11:28:28 [TestNG-test-Test-2] INFO  verifyingDiscountFilterFunctionality_Laptop_11-27-28 - [verifyingDiscountFilterFunctionality_Laptop_11-27-28] could not find more button
11:28:28 [TestNG-test-Test-2] INFO  verifyingDiscountFilterFunctionality_Laptop_11-27-28 - [verifyingDiscountFilterFunctionality_Laptop_11-27-28] Within getAppliedfilterByTypeAndName method
11:28:28 [TestNG-test-Test-2] INFO  verifyingDiscountFilterFunctionality_Laptop_11-27-28 - [verifyingDiscountFilterFunctionality_Laptop_11-27-28] Within smoothScrollToElement method
11:28:28 [TestNG-test-Test-2] INFO  verifyingDiscountFilterFunctionality_Laptop_11-27-28 - [verifyingDiscountFilterFunctionality_Laptop_11-27-28] Within safeFindElement method
11:28:30 [TestNG-test-Test-2] INFO  verifyingDiscountFilterFunctionality_Laptop_11-27-28 - [verifyingDiscountFilterFunctionality_Laptop_11-27-28]Found the element returning it ,element ->[[ChromeDriver: chrome on windows (50a2eba6b1e4b6c484b51dcef15c358a)] -> xpath: //span[@class='a-size-base a-color-base puis-bold-weight-text' and text()='Discount']]
11:28:30 [TestNG-test-Test-2] INFO  verifyingDiscountFilterFunctionality_Laptop_11-27-28 - [verifyingDiscountFilterFunctionality_Laptop_11-27-28] Successfully scrolled to element: By.xpath: //span[@class='a-size-base a-color-base puis-bold-weight-text' and text()='Discount']
11:28:30 [TestNG-test-Test-2] INFO  verifyingDiscountFilterFunctionality_Laptop_11-27-28 - [verifyingDiscountFilterFunctionality_Laptop_11-27-28] Within getMoreButtonByFilterTypeAndName method
11:28:30 [TestNG-test-Test-2] INFO  verifyingDiscountFilterFunctionality_Laptop_11-27-28 - [verifyingDiscountFilterFunctionality_Laptop_11-27-28] could not find more button
11:28:30 [TestNG-test-Test-2] INFO  verifyingDiscountFilterFunctionality_Laptop_11-27-28 - [verifyingDiscountFilterFunctionality_Laptop_11-27-28] Within getfilterByTypeAndName method
11:28:30 [TestNG-test-Test-2] INFO  verifyingDiscountFilterFunctionality_Laptop_11-27-28 - [verifyingDiscountFilterFunctionality_Laptop_11-27-28] Within smoothScrollToElement method
11:28:30 [TestNG-test-Test-2] INFO  verifyingDiscountFilterFunctionality_Laptop_11-27-28 - [verifyingDiscountFilterFunctionality_Laptop_11-27-28] Within safeFindElement method
11:28:30 [TestNG-test-Test-2] INFO  verifyingDiscountFilterFunctionality_Laptop_11-27-28 - [verifyingDiscountFilterFunctionality_Laptop_11-27-28]Found the element returning it ,element ->[[ChromeDriver: chrome on windows (50a2eba6b1e4b6c484b51dcef15c358a)] -> xpath: //span[@class='a-size-base a-color-base puis-bold-weight-text' and text()='Discount']/parent::div/following-sibling::ul//span[@class='a-size-base a-color-base a-text-bold' and text()='25% Off or more']]
11:28:30 [TestNG-test-Test-2] INFO  verifyingDiscountFilterFunctionality_Laptop_11-27-28 - [verifyingDiscountFilterFunctionality_Laptop_11-27-28] Successfully scrolled to element: By.xpath: //span[@class='a-size-base a-color-base puis-bold-weight-text' and text()='Discount']/parent::div/following-sibling::ul//span[@class='a-size-base a-color-base a-text-bold' and text()='25% Off or more']
11:28:30 [TestNG-test-Test-2] INFO  verifyingDiscountFilterFunctionality_Laptop_11-27-28 - [verifyingDiscountFilterFunctionality_Laptop_11-27-28] Clicked the element using safe click ,element is [[ChromeDriver: chrome on windows (50a2eba6b1e4b6c484b51dcef15c358a)] -> xpath: //span[@class='a-size-base a-color-base puis-bold-weight-text' and text()='Discount']/parent::div/following-sibling::ul//span[@class='a-size-base a-color-base' and text()='25% Off or more']]
11:28:30 [TestNG-test-Test-2] INFO  verifyingDiscountFilterFunctionality_Laptop_11-27-28 - [verifyingDiscountFilterFunctionality_Laptop_11-27-28] Within safeFindElements 
11:28:30 [TestNG-test-Test-2] INFO  verifyingDiscountFilterFunctionality_Laptop_11-27-28 - [verifyingDiscountFilterFunctionality_Laptop_11-27-28] Returning the  [[[ChromeDriver: chrome on windows (50a2eba6b1e4b6c484b51dcef15c358a)] -> xpath: //div[@data-cy='title-recipe']], [[ChromeDriver: chrome on windows (50a2eba6b1e4b6c484b51dcef15c358a)] -> xpath: //div[@data-cy='title-recipe']], [[ChromeDriver: chrome on windows (50a2eba6b1e4b6c484b51dcef15c358a)] -> xpath: //div[@data-cy='title-recipe']], [[ChromeDriver: chrome on windows (50a2eba6b1e4b6c484b51dcef15c358a)] -> xpath: //div[@data-cy='title-recipe']], [[ChromeDriver: chrome on windows (50a2eba6b1e4b6c484b51dcef15c358a)] -> xpath: //div[@data-cy='title-recipe']], [[ChromeDriver: chrome on windows (50a2eba6b1e4b6c484b51dcef15c358a)] -> xpath: //div[@data-cy='title-recipe']], [[ChromeDriver: chrome on windows (50a2eba6b1e4b6c484b51dcef15c358a)] -> xpath: //div[@data-cy='title-recipe']], [[ChromeDriver: chrome on windows (50a2eba6b1e4b6c484b51dcef15c358a)] -> xpath: //div[@data-cy='title-recipe']], [[ChromeDriver: chrome on windows (50a2eba6b1e4b6c484b51dcef15c358a)] -> xpath: //div[@data-cy='title-recipe']], [[ChromeDriver: chrome on windows (50a2eba6b1e4b6c484b51dcef15c358a)] -> xpath: //div[@data-cy='title-recipe']], [[ChromeDriver: chrome on windows (50a2eba6b1e4b6c484b51dcef15c358a)] -> xpath: //div[@data-cy='title-recipe']], [[ChromeDriver: chrome on windows (50a2eba6b1e4b6c484b51dcef15c358a)] -> xpath: //div[@data-cy='title-recipe']], [[ChromeDriver: chrome on windows (50a2eba6b1e4b6c484b51dcef15c358a)] -> xpath: //div[@data-cy='title-recipe']], [[ChromeDriver: chrome on windows (50a2eba6b1e4b6c484b51dcef15c358a)] -> xpath: //div[@data-cy='title-recipe']], [[ChromeDriver: chrome on windows (50a2eba6b1e4b6c484b51dcef15c358a)] -> xpath: //div[@data-cy='title-recipe']], [[ChromeDriver: chrome on windows (50a2eba6b1e4b6c484b51dcef15c358a)] -> xpath: //div[@data-cy='title-recipe']]] from the safeFindElements method
11:28:30 [TestNG-test-Test-2] INFO  verifyingDiscountFilterFunctionality_Laptop_11-27-28 - [verifyingDiscountFilterFunctionality_Laptop_11-27-28] Execution is Not CRON Job Hence refering to normal keys from UtilData
11:28:30 [TestNG-test-Test-2] INFO  verifyingDiscountFilterFunctionality_Laptop_11-27-28 - [verifyingDiscountFilterFunctionality_Laptop_11-27-28] Within safeFindElements 
11:28:30 [TestNG-test-Test-2] INFO  verifyingDiscountFilterFunctionality_Laptop_11-27-28 - [verifyingDiscountFilterFunctionality_Laptop_11-27-28] Returning the  [[[ChromeDriver: chrome on windows (50a2eba6b1e4b6c484b51dcef15c358a)] -> xpath: //div[@data-cy='title-recipe']], [[ChromeDriver: chrome on windows (50a2eba6b1e4b6c484b51dcef15c358a)] -> xpath: //div[@data-cy='title-recipe']], [[ChromeDriver: chrome on windows (50a2eba6b1e4b6c484b51dcef15c358a)] -> xpath: //div[@data-cy='title-recipe']], [[ChromeDriver: chrome on windows (50a2eba6b1e4b6c484b51dcef15c358a)] -> xpath: //div[@data-cy='title-recipe']], [[ChromeDriver: chrome on windows (50a2eba6b1e4b6c484b51dcef15c358a)] -> xpath: //div[@data-cy='title-recipe']], [[ChromeDriver: chrome on windows (50a2eba6b1e4b6c484b51dcef15c358a)] -> xpath: //div[@data-cy='title-recipe']], [[ChromeDriver: chrome on windows (50a2eba6b1e4b6c484b51dcef15c358a)] -> xpath: //div[@data-cy='title-recipe']], [[ChromeDriver: chrome on windows (50a2eba6b1e4b6c484b51dcef15c358a)] -> xpath: //div[@data-cy='title-recipe']], [[ChromeDriver: chrome on windows (50a2eba6b1e4b6c484b51dcef15c358a)] -> xpath: //div[@data-cy='title-recipe']], [[ChromeDriver: chrome on windows (50a2eba6b1e4b6c484b51dcef15c358a)] -> xpath: //div[@data-cy='title-recipe']], [[ChromeDriver: chrome on windows (50a2eba6b1e4b6c484b51dcef15c358a)] -> xpath: //div[@data-cy='title-recipe']], [[ChromeDriver: chrome on windows (50a2eba6b1e4b6c484b51dcef15c358a)] -> xpath: //div[@data-cy='title-recipe']], [[ChromeDriver: chrome on windows (50a2eba6b1e4b6c484b51dcef15c358a)] -> xpath: //div[@data-cy='title-recipe']], [[ChromeDriver: chrome on windows (50a2eba6b1e4b6c484b51dcef15c358a)] -> xpath: //div[@data-cy='title-recipe']], [[ChromeDriver: chrome on windows (50a2eba6b1e4b6c484b51dcef15c358a)] -> xpath: //div[@data-cy='title-recipe']], [[ChromeDriver: chrome on windows (50a2eba6b1e4b6c484b51dcef15c358a)] -> xpath: //div[@data-cy='title-recipe']]] from the safeFindElements method
11:28:30 [TestNG-test-Test-2] INFO  verifyingDiscountFilterFunctionality_Laptop_11-27-28 - [verifyingDiscountFilterFunctionality_Laptop_11-27-28] Within productNameListingPage loop in applyFilterAndValidateProductsWithResult
11:28:30 [TestNG-test-Test-2] INFO  verifyingDiscountFilterFunctionality_Laptop_11-27-28 - [verifyingDiscountFilterFunctionality_Laptop_11-27-28] Within getProductByIndex method
11:28:30 [TestNG-test-Test-2] INFO  verifyingDiscountFilterFunctionality_Laptop_11-27-28 - [verifyingDiscountFilterFunctionality_Laptop_11-27-28] Within safeFindElement method
11:28:30 [TestNG-test-Test-2] INFO  verifyingDiscountFilterFunctionality_Laptop_11-27-28 - [verifyingDiscountFilterFunctionality_Laptop_11-27-28]Found the element returning it ,element ->[[ChromeDriver: chrome on windows (50a2eba6b1e4b6c484b51dcef15c358a)] -> xpath: (//div[@data-cy='title-recipe'])[1]]
11:28:30 [TestNG-test-Test-2] INFO  verifyingDiscountFilterFunctionality_Laptop_11-27-28 - [verifyingDiscountFilterFunctionality_Laptop_11-27-28] Within getProductByIndex method
11:28:30 [TestNG-test-Test-2] INFO  verifyingDiscountFilterFunctionality_Laptop_11-27-28 - [verifyingDiscountFilterFunctionality_Laptop_11-27-28] Within smoothScrollToElement method
11:28:30 [TestNG-test-Test-2] INFO  verifyingDiscountFilterFunctionality_Laptop_11-27-28 - [verifyingDiscountFilterFunctionality_Laptop_11-27-28] Within safeFindElement method
11:28:30 [TestNG-test-Test-2] INFO  verifyingDiscountFilterFunctionality_Laptop_11-27-28 - [verifyingDiscountFilterFunctionality_Laptop_11-27-28]Found the element returning it ,element ->[[ChromeDriver: chrome on windows (50a2eba6b1e4b6c484b51dcef15c358a)] -> xpath: (//div[@data-cy='title-recipe'])[1]]
11:28:30 [TestNG-test-Test-2] INFO  verifyingDiscountFilterFunctionality_Laptop_11-27-28 - [verifyingDiscountFilterFunctionality_Laptop_11-27-28] Successfully scrolled to element: By.xpath: (//div[@data-cy='title-recipe'])[1]
11:28:30 [TestNG-test-Test-2] INFO  verifyingDiscountFilterFunctionality_Laptop_11-27-28 - [verifyingDiscountFilterFunctionality_Laptop_11-27-28] Getting product by index in productNameListingPage loop
11:28:30 [TestNG-test-Test-2] INFO  verifyingDiscountFilterFunctionality_Laptop_11-27-28 - [verifyingDiscountFilterFunctionality_Laptop_11-27-28] Opened product in new tab via Ctrl+Click inside productNameListingPage loop
11:28:30 [TestNG-test-Test-2] INFO  verifyingDiscountFilterFunctionality_Laptop_11-27-28 - [verifyingDiscountFilterFunctionality_Laptop_11-27-28] Waiting for new window to open...
11:28:30 [TestNG-test-Test-2] INFO  verifyingDiscountFilterFunctionality_Laptop_11-27-28 - [verifyingDiscountFilterFunctionality_Laptop_11-27-28] Switched to new window -> 66BB0D47E3A08D724A87D1CB9E151E81
11:28:30 [TestNG-test-Test-2] INFO  verifyingDiscountFilterFunctionality_Laptop_11-27-28 - [verifyingDiscountFilterFunctionality_Laptop_11-27-28] Swithcing to the new window  within productNameListingPage loop
11:28:30 [TestNG-test-Test-2] INFO  verifyingDiscountFilterFunctionality_Laptop_11-27-28 - [verifyingDiscountFilterFunctionality_Laptop_11-27-28] Clicked product name to open in new tab from productNameListingPage loop
11:28:30 [TestNG-test-Test-2] INFO  verifyingDiscountFilterFunctionality_Laptop_11-27-28 - [verifyingDiscountFilterFunctionality_Laptop_11-27-28] Within safeFindElement method
11:28:33 [TestNG-test-Test-2] INFO  verifyingDiscountFilterFunctionality_Laptop_11-27-28 - [verifyingDiscountFilterFunctionality_Laptop_11-27-28]Found the element returning it ,element ->[[ChromeDriver: chrome on windows (50a2eba6b1e4b6c484b51dcef15c358a)] -> xpath: //span[@id='productTitle']]
11:28:33 [TestNG-test-Test-2] INFO  verifyingDiscountFilterFunctionality_Laptop_11-27-28 - [verifyingDiscountFilterFunctionality_Laptop_11-27-28] Within safeFindElement method
11:28:33 [TestNG-test-Test-2] INFO  verifyingDiscountFilterFunctionality_Laptop_11-27-28 - [verifyingDiscountFilterFunctionality_Laptop_11-27-28]Found the element returning it ,element ->[[ChromeDriver: chrome on windows (50a2eba6b1e4b6c484b51dcef15c358a)] -> xpath: //div[@class='a-section a-spacing-small a-spacing-top-small']]
11:28:33 [TestNG-test-Test-2] INFO  verifyingDiscountFilterFunctionality_Laptop_11-27-28 - [verifyingDiscountFilterFunctionality_Laptop_11-27-28] Within safeFindElement method
11:28:33 [TestNG-test-Test-2] INFO  verifyingDiscountFilterFunctionality_Laptop_11-27-28 - [verifyingDiscountFilterFunctionality_Laptop_11-27-28]Found the element returning it ,element ->[[ChromeDriver: chrome on windows (50a2eba6b1e4b6c484b51dcef15c358a)] -> xpath: //div[@id='feature-bullets']]
11:28:33 [TestNG-test-Test-2] INFO  verifyingDiscountFilterFunctionality_Laptop_11-27-28 - [verifyingDiscountFilterFunctionality_Laptop_11-27-28] Within safeFindElement method
11:28:33 [TestNG-test-Test-2] INFO  verifyingDiscountFilterFunctionality_Laptop_11-27-28 - [verifyingDiscountFilterFunctionality_Laptop_11-27-28]Found the element returning it ,element ->[[ChromeDriver: chrome on windows (50a2eba6b1e4b6c484b51dcef15c358a)] -> xpath: //div[@id='prodDetails']]
11:28:33 [TestNG-test-Test-2] INFO  verifyingDiscountFilterFunctionality_Laptop_11-27-28 - [verifyingDiscountFilterFunctionality_Laptop_11-27-28] Extracting 'name' , 'keyFeatures', 'about' , 'techDetails' within productNameListingPage loop
11:28:33 [TestNG-test-Test-2] INFO  verifyingDiscountFilterFunctionality_Laptop_11-27-28 - [verifyingDiscountFilterFunctionality_Laptop_11-27-28] Waiting until element is visible in viewport
11:28:43 [TestNG-test-Test-2] INFO  verifyingDiscountFilterFunctionality_Laptop_11-27-28 - [verifyingDiscountFilterFunctionality_Laptop_11-27-28] Within smoothScrollToElement method
11:28:43 [TestNG-test-Test-2] INFO  verifyingDiscountFilterFunctionality_Laptop_11-27-28 - [verifyingDiscountFilterFunctionality_Laptop_11-27-28] Within safeFindElement method
11:28:43 [TestNG-test-Test-2] INFO  verifyingDiscountFilterFunctionality_Laptop_11-27-28 - [verifyingDiscountFilterFunctionality_Laptop_11-27-28]Found the element returning it ,element ->[[ChromeDriver: chrome on windows (50a2eba6b1e4b6c484b51dcef15c358a)] -> xpath: //a[@id='seeMoreDetailsLink']]
11:28:43 [TestNG-test-Test-2] INFO  verifyingDiscountFilterFunctionality_Laptop_11-27-28 - [verifyingDiscountFilterFunctionality_Laptop_11-27-28] Successfully scrolled to element: By.xpath: //a[@id='seeMoreDetailsLink']
11:28:43 [TestNG-test-Test-2] INFO  verifyingDiscountFilterFunctionality_Laptop_11-27-28 - [verifyingDiscountFilterFunctionality_Laptop_11-27-28] Within safeClick method
11:28:44 [TestNG-test-Test-2] INFO  verifyingDiscountFilterFunctionality_Laptop_11-27-28 - [verifyingDiscountFilterFunctionality_Laptop_11-27-28] Clicked the  [[ChromeDriver: chrome on windows (50a2eba6b1e4b6c484b51dcef15c358a)] -> xpath: //a[@id='seeMoreDetailsLink']]   using safeClick
11:28:44 [TestNG-test-Test-2] INFO  verifyingDiscountFilterFunctionality_Laptop_11-27-28 - [verifyingDiscountFilterFunctionality_Laptop_11-27-28] Within try block for clicking see more deatils within productNameListingPage loop
11:28:44 [TestNG-test-Test-2] INFO  verifyingDiscountFilterFunctionality_Laptop_11-27-28 - [verifyingDiscountFilterFunctionality_Laptop_11-27-28] Within closeCurrentWindowAndSwitchBack method
11:28:44 [TestNG-test-Test-2] INFO  verifyingDiscountFilterFunctionality_Laptop_11-27-28 - [verifyingDiscountFilterFunctionality_Laptop_11-27-28] Total open windows/tabs count -> 2
11:28:44 [TestNG-test-Test-2] INFO  verifyingDiscountFilterFunctionality_Laptop_11-27-28 - [verifyingDiscountFilterFunctionality_Laptop_11-27-28] Original window handle -> 17A63A6482942CAD49CC245DF794BDA7
11:28:44 [TestNG-test-Test-2] INFO  verifyingDiscountFilterFunctionality_Laptop_11-27-28 - [verifyingDiscountFilterFunctionality_Laptop_11-27-28] Found new tab/window handle -> 66BB0D47E3A08D724A87D1CB9E151E81 (will be closed)
11:28:44 [TestNG-test-Test-2] INFO  verifyingDiscountFilterFunctionality_Laptop_11-27-28 - [verifyingDiscountFilterFunctionality_Laptop_11-27-28] Successfully switched to new tab/window -> 66BB0D47E3A08D724A87D1CB9E151E81
11:28:44 [TestNG-test-Test-2] INFO  verifyingDiscountFilterFunctionality_Laptop_11-27-28 - [verifyingDiscountFilterFunctionality_Laptop_11-27-28] Closed the newly opened tab/window -> 66BB0D47E3A08D724A87D1CB9E151E81
11:28:44 [TestNG-test-Test-2] INFO  verifyingDiscountFilterFunctionality_Laptop_11-27-28 - [verifyingDiscountFilterFunctionality_Laptop_11-27-28] Switched back to the original window -> 17A63A6482942CAD49CC245DF794BDA7
11:28:44 [TestNG-test-Test-2] INFO  verifyingDiscountFilterFunctionality_Laptop_11-27-28 - [verifyingDiscountFilterFunctionality_Laptop_11-27-28]  going back to product listing via closeCurrentWindowAndSwitchBack 
11:28:44 [TestNG-test-Test-2] INFO  verifyingDiscountFilterFunctionality_Laptop_11-27-28 - [verifyingDiscountFilterFunctionality_Laptop_11-27-28]  Added 'filter','title','keyFeatures', 'about', 'techDetails' into the Map -> productResult
11:28:44 [TestNG-test-Test-2] INFO  verifyingDiscountFilterFunctionality_Laptop_11-27-28 - [verifyingDiscountFilterFunctionality_Laptop_11-27-28]  Added 'productResult' Map into the 'results' i.e list of maps 
11:28:44 [TestNG-test-Test-2] INFO  verifyingDiscountFilterFunctionality_Laptop_11-27-28 - [verifyingDiscountFilterFunctionality_Laptop_11-27-28]==========================================================================================================
11:28:44 [TestNG-test-Test-2] INFO  verifyingDiscountFilterFunctionality_Laptop_11-27-28 - [verifyingDiscountFilterFunctionality_Laptop_11-27-28] Within safeFindElements 
11:28:44 [TestNG-test-Test-2] INFO  verifyingDiscountFilterFunctionality_Laptop_11-27-28 - [verifyingDiscountFilterFunctionality_Laptop_11-27-28] Returning the  [[[ChromeDriver: chrome on windows (50a2eba6b1e4b6c484b51dcef15c358a)] -> xpath: //div[@data-cy='title-recipe']], [[ChromeDriver: chrome on windows (50a2eba6b1e4b6c484b51dcef15c358a)] -> xpath: //div[@data-cy='title-recipe']], [[ChromeDriver: chrome on windows (50a2eba6b1e4b6c484b51dcef15c358a)] -> xpath: //div[@data-cy='title-recipe']], [[ChromeDriver: chrome on windows (50a2eba6b1e4b6c484b51dcef15c358a)] -> xpath: //div[@data-cy='title-recipe']], [[ChromeDriver: chrome on windows (50a2eba6b1e4b6c484b51dcef15c358a)] -> xpath: //div[@data-cy='title-recipe']], [[ChromeDriver: chrome on windows (50a2eba6b1e4b6c484b51dcef15c358a)] -> xpath: //div[@data-cy='title-recipe']], [[ChromeDriver: chrome on windows (50a2eba6b1e4b6c484b51dcef15c358a)] -> xpath: //div[@data-cy='title-recipe']], [[ChromeDriver: chrome on windows (50a2eba6b1e4b6c484b51dcef15c358a)] -> xpath: //div[@data-cy='title-recipe']], [[ChromeDriver: chrome on windows (50a2eba6b1e4b6c484b51dcef15c358a)] -> xpath: //div[@data-cy='title-recipe']], [[ChromeDriver: chrome on windows (50a2eba6b1e4b6c484b51dcef15c358a)] -> xpath: //div[@data-cy='title-recipe']], [[ChromeDriver: chrome on windows (50a2eba6b1e4b6c484b51dcef15c358a)] -> xpath: //div[@data-cy='title-recipe']], [[ChromeDriver: chrome on windows (50a2eba6b1e4b6c484b51dcef15c358a)] -> xpath: //div[@data-cy='title-recipe']], [[ChromeDriver: chrome on windows (50a2eba6b1e4b6c484b51dcef15c358a)] -> xpath: //div[@data-cy='title-recipe']], [[ChromeDriver: chrome on windows (50a2eba6b1e4b6c484b51dcef15c358a)] -> xpath: //div[@data-cy='title-recipe']], [[ChromeDriver: chrome on windows (50a2eba6b1e4b6c484b51dcef15c358a)] -> xpath: //div[@data-cy='title-recipe']], [[ChromeDriver: chrome on windows (50a2eba6b1e4b6c484b51dcef15c358a)] -> xpath: //div[@data-cy='title-recipe']]] from the safeFindElements method
11:28:44 [TestNG-test-Test-2] INFO  verifyingDiscountFilterFunctionality_Laptop_11-27-28 - [verifyingDiscountFilterFunctionality_Laptop_11-27-28] Within productNameListingPage loop in applyFilterAndValidateProductsWithResult
11:28:44 [TestNG-test-Test-2] INFO  verifyingDiscountFilterFunctionality_Laptop_11-27-28 - [verifyingDiscountFilterFunctionality_Laptop_11-27-28] Within getProductByIndex method
11:28:44 [TestNG-test-Test-2] INFO  verifyingDiscountFilterFunctionality_Laptop_11-27-28 - [verifyingDiscountFilterFunctionality_Laptop_11-27-28] Within safeFindElement method
11:28:44 [TestNG-test-Test-2] INFO  verifyingDiscountFilterFunctionality_Laptop_11-27-28 - [verifyingDiscountFilterFunctionality_Laptop_11-27-28]Found the element returning it ,element ->[[ChromeDriver: chrome on windows (50a2eba6b1e4b6c484b51dcef15c358a)] -> xpath: (//div[@data-cy='title-recipe'])[2]]
11:28:44 [TestNG-test-Test-2] INFO  verifyingDiscountFilterFunctionality_Laptop_11-27-28 - [verifyingDiscountFilterFunctionality_Laptop_11-27-28] Within getProductByIndex method
11:28:44 [TestNG-test-Test-2] INFO  verifyingDiscountFilterFunctionality_Laptop_11-27-28 - [verifyingDiscountFilterFunctionality_Laptop_11-27-28] Within smoothScrollToElement method
11:28:44 [TestNG-test-Test-2] INFO  verifyingDiscountFilterFunctionality_Laptop_11-27-28 - [verifyingDiscountFilterFunctionality_Laptop_11-27-28] Within safeFindElement method
11:28:44 [TestNG-test-Test-2] INFO  verifyingDiscountFilterFunctionality_Laptop_11-27-28 - [verifyingDiscountFilterFunctionality_Laptop_11-27-28]Found the element returning it ,element ->[[ChromeDriver: chrome on windows (50a2eba6b1e4b6c484b51dcef15c358a)] -> xpath: (//div[@data-cy='title-recipe'])[2]]
11:28:44 [TestNG-test-Test-2] INFO  verifyingDiscountFilterFunctionality_Laptop_11-27-28 - [verifyingDiscountFilterFunctionality_Laptop_11-27-28] Successfully scrolled to element: By.xpath: (//div[@data-cy='title-recipe'])[2]
11:28:44 [TestNG-test-Test-2] INFO  verifyingDiscountFilterFunctionality_Laptop_11-27-28 - [verifyingDiscountFilterFunctionality_Laptop_11-27-28] Getting product by index in productNameListingPage loop
11:28:45 [TestNG-test-Test-2] INFO  verifyingDiscountFilterFunctionality_Laptop_11-27-28 - [verifyingDiscountFilterFunctionality_Laptop_11-27-28] Opened product in new tab via Ctrl+Click inside productNameListingPage loop
11:28:45 [TestNG-test-Test-2] INFO  verifyingDiscountFilterFunctionality_Laptop_11-27-28 - [verifyingDiscountFilterFunctionality_Laptop_11-27-28] Waiting for new window to open...
11:28:45 [TestNG-test-Test-2] INFO  verifyingDiscountFilterFunctionality_Laptop_11-27-28 - [verifyingDiscountFilterFunctionality_Laptop_11-27-28] Switched to new window -> 5BF03173D72A3FD7ABA3FFB850143702
11:28:45 [TestNG-test-Test-2] INFO  verifyingDiscountFilterFunctionality_Laptop_11-27-28 - [verifyingDiscountFilterFunctionality_Laptop_11-27-28] Swithcing to the new window  within productNameListingPage loop
11:28:45 [TestNG-test-Test-2] INFO  verifyingDiscountFilterFunctionality_Laptop_11-27-28 - [verifyingDiscountFilterFunctionality_Laptop_11-27-28] Clicked product name to open in new tab from productNameListingPage loop
11:28:45 [TestNG-test-Test-2] INFO  verifyingDiscountFilterFunctionality_Laptop_11-27-28 - [verifyingDiscountFilterFunctionality_Laptop_11-27-28] Within safeFindElement method
11:28:47 [TestNG-test-Test-2] INFO  verifyingDiscountFilterFunctionality_Laptop_11-27-28 - [verifyingDiscountFilterFunctionality_Laptop_11-27-28]Found the element returning it ,element ->[[ChromeDriver: chrome on windows (50a2eba6b1e4b6c484b51dcef15c358a)] -> xpath: //span[@id='productTitle']]
11:28:47 [TestNG-test-Test-2] INFO  verifyingDiscountFilterFunctionality_Laptop_11-27-28 - [verifyingDiscountFilterFunctionality_Laptop_11-27-28] Within safeFindElement method
11:28:47 [TestNG-test-Test-2] INFO  verifyingDiscountFilterFunctionality_Laptop_11-27-28 - [verifyingDiscountFilterFunctionality_Laptop_11-27-28]Found the element returning it ,element ->[[ChromeDriver: chrome on windows (50a2eba6b1e4b6c484b51dcef15c358a)] -> xpath: //div[@class='a-section a-spacing-small a-spacing-top-small']]
11:28:47 [TestNG-test-Test-2] INFO  verifyingDiscountFilterFunctionality_Laptop_11-27-28 - [verifyingDiscountFilterFunctionality_Laptop_11-27-28] Within safeFindElement method
11:28:47 [TestNG-test-Test-2] INFO  verifyingDiscountFilterFunctionality_Laptop_11-27-28 - [verifyingDiscountFilterFunctionality_Laptop_11-27-28]Found the element returning it ,element ->[[ChromeDriver: chrome on windows (50a2eba6b1e4b6c484b51dcef15c358a)] -> xpath: //div[@id='feature-bullets']]
11:28:47 [TestNG-test-Test-2] INFO  verifyingDiscountFilterFunctionality_Laptop_11-27-28 - [verifyingDiscountFilterFunctionality_Laptop_11-27-28] Within safeFindElement method
11:28:47 [TestNG-test-Test-2] INFO  verifyingDiscountFilterFunctionality_Laptop_11-27-28 - [verifyingDiscountFilterFunctionality_Laptop_11-27-28]Found the element returning it ,element ->[[ChromeDriver: chrome on windows (50a2eba6b1e4b6c484b51dcef15c358a)] -> xpath: //div[@id='prodDetails']]
11:28:48 [TestNG-test-Test-2] INFO  verifyingDiscountFilterFunctionality_Laptop_11-27-28 - [verifyingDiscountFilterFunctionality_Laptop_11-27-28] Extracting 'name' , 'keyFeatures', 'about' , 'techDetails' within productNameListingPage loop
11:28:48 [TestNG-test-Test-2] INFO  verifyingDiscountFilterFunctionality_Laptop_11-27-28 - [verifyingDiscountFilterFunctionality_Laptop_11-27-28] Waiting until element is visible in viewport
11:28:58 [TestNG-test-Test-2] INFO  verifyingDiscountFilterFunctionality_Laptop_11-27-28 - [verifyingDiscountFilterFunctionality_Laptop_11-27-28] Within smoothScrollToElement method
11:28:58 [TestNG-test-Test-2] INFO  verifyingDiscountFilterFunctionality_Laptop_11-27-28 - [verifyingDiscountFilterFunctionality_Laptop_11-27-28] Within safeFindElement method
11:28:58 [TestNG-test-Test-2] INFO  verifyingDiscountFilterFunctionality_Laptop_11-27-28 - [verifyingDiscountFilterFunctionality_Laptop_11-27-28]Found the element returning it ,element ->[[ChromeDriver: chrome on windows (50a2eba6b1e4b6c484b51dcef15c358a)] -> xpath: //a[@id='seeMoreDetailsLink']]
11:28:58 [TestNG-test-Test-2] INFO  verifyingDiscountFilterFunctionality_Laptop_11-27-28 - [verifyingDiscountFilterFunctionality_Laptop_11-27-28] Successfully scrolled to element: By.xpath: //a[@id='seeMoreDetailsLink']
11:28:58 [TestNG-test-Test-2] INFO  verifyingDiscountFilterFunctionality_Laptop_11-27-28 - [verifyingDiscountFilterFunctionality_Laptop_11-27-28] Within safeClick method
11:28:58 [TestNG-test-Test-2] INFO  verifyingDiscountFilterFunctionality_Laptop_11-27-28 - [verifyingDiscountFilterFunctionality_Laptop_11-27-28] Clicked the  [[ChromeDriver: chrome on windows (50a2eba6b1e4b6c484b51dcef15c358a)] -> xpath: //a[@id='seeMoreDetailsLink']]   using safeClick
11:28:58 [TestNG-test-Test-2] INFO  verifyingDiscountFilterFunctionality_Laptop_11-27-28 - [verifyingDiscountFilterFunctionality_Laptop_11-27-28] Within try block for clicking see more deatils within productNameListingPage loop
11:28:58 [TestNG-test-Test-2] INFO  verifyingDiscountFilterFunctionality_Laptop_11-27-28 - [verifyingDiscountFilterFunctionality_Laptop_11-27-28] Within closeCurrentWindowAndSwitchBack method
11:28:58 [TestNG-test-Test-2] INFO  verifyingDiscountFilterFunctionality_Laptop_11-27-28 - [verifyingDiscountFilterFunctionality_Laptop_11-27-28] Total open windows/tabs count -> 2
11:28:58 [TestNG-test-Test-2] INFO  verifyingDiscountFilterFunctionality_Laptop_11-27-28 - [verifyingDiscountFilterFunctionality_Laptop_11-27-28] Original window handle -> 17A63A6482942CAD49CC245DF794BDA7
11:28:58 [TestNG-test-Test-2] INFO  verifyingDiscountFilterFunctionality_Laptop_11-27-28 - [verifyingDiscountFilterFunctionality_Laptop_11-27-28] Found new tab/window handle -> 5BF03173D72A3FD7ABA3FFB850143702 (will be closed)
11:28:58 [TestNG-test-Test-2] INFO  verifyingDiscountFilterFunctionality_Laptop_11-27-28 - [verifyingDiscountFilterFunctionality_Laptop_11-27-28] Successfully switched to new tab/window -> 5BF03173D72A3FD7ABA3FFB850143702
11:28:58 [TestNG-test-Test-2] INFO  verifyingDiscountFilterFunctionality_Laptop_11-27-28 - [verifyingDiscountFilterFunctionality_Laptop_11-27-28] Closed the newly opened tab/window -> 5BF03173D72A3FD7ABA3FFB850143702
11:28:58 [TestNG-test-Test-2] INFO  verifyingDiscountFilterFunctionality_Laptop_11-27-28 - [verifyingDiscountFilterFunctionality_Laptop_11-27-28] Switched back to the original window -> 17A63A6482942CAD49CC245DF794BDA7
11:28:58 [TestNG-test-Test-2] INFO  verifyingDiscountFilterFunctionality_Laptop_11-27-28 - [verifyingDiscountFilterFunctionality_Laptop_11-27-28]  going back to product listing via closeCurrentWindowAndSwitchBack 
11:28:58 [TestNG-test-Test-2] INFO  verifyingDiscountFilterFunctionality_Laptop_11-27-28 - [verifyingDiscountFilterFunctionality_Laptop_11-27-28]  Added 'filter','title','keyFeatures', 'about', 'techDetails' into the Map -> productResult
11:28:58 [TestNG-test-Test-2] INFO  verifyingDiscountFilterFunctionality_Laptop_11-27-28 - [verifyingDiscountFilterFunctionality_Laptop_11-27-28]  Added 'productResult' Map into the 'results' i.e list of maps 
11:28:58 [TestNG-test-Test-2] INFO  verifyingDiscountFilterFunctionality_Laptop_11-27-28 - [verifyingDiscountFilterFunctionality_Laptop_11-27-28]==========================================================================================================
11:28:58 [TestNG-test-Test-2] INFO  verifyingDiscountFilterFunctionality_Laptop_11-27-28 - [verifyingDiscountFilterFunctionality_Laptop_11-27-28] Within safeClick method
11:28:59 [TestNG-test-Test-2] INFO  verifyingDiscountFilterFunctionality_Laptop_11-27-28 - [verifyingDiscountFilterFunctionality_Laptop_11-27-28] Clicked the  [[ChromeDriver: chrome on windows (50a2eba6b1e4b6c484b51dcef15c358a)] -> xpath: //span[@class='a-size-base a-color-base' and text()='Clear']]   using safeClick
11:28:59 [TestNG-test-Test-2] INFO  verifyingDiscountFilterFunctionality_Laptop_11-27-28 - [verifyingDiscountFilterFunctionality_Laptop_11-27-28] Clearing the filter value ->25% Off or morewithin productNameListingPage loop
11:28:59 [TestNG-test-Test-2] INFO  verifyingDiscountFilterFunctionality_Laptop_11-27-28 - [verifyingDiscountFilterFunctionality_Laptop_11-27-28]==========================================================================================================
11:28:59 [TestNG-test-Test-2] INFO  verifyingDiscountFilterFunctionality_Laptop_11-27-28 - [verifyingDiscountFilterFunctionality_Laptop_11-27-28]==========================================================================================================
11:28:59 [TestNG-test-Test-2] INFO  verifyingDiscountFilterFunctionality_Laptop_11-27-28 - [verifyingDiscountFilterFunctionality_Laptop_11-27-28] Within filterOptions loop in applyFilterAndValidateProductsWithResult
11:28:59 [TestNG-test-Test-2] INFO  verifyingDiscountFilterFunctionality_Laptop_11-27-28 - [verifyingDiscountFilterFunctionality_Laptop_11-27-28] Within safeFindElements 
11:29:00 [TestNG-test-Test-2] INFO  verifyingDiscountFilterFunctionality_Laptop_11-27-28 - [verifyingDiscountFilterFunctionality_Laptop_11-27-28] Returning the  [[[ChromeDriver: chrome on windows (50a2eba6b1e4b6c484b51dcef15c358a)] -> xpath: //span[@class='a-size-base a-color-base puis-bold-weight-text' and text()='Discount']/parent::div/following-sibling::ul//span[@class='a-size-base a-color-base']], [[ChromeDriver: chrome on windows (50a2eba6b1e4b6c484b51dcef15c358a)] -> xpath: //span[@class='a-size-base a-color-base puis-bold-weight-text' and text()='Discount']/parent::div/following-sibling::ul//span[@class='a-size-base a-color-base']], [[ChromeDriver: chrome on windows (50a2eba6b1e4b6c484b51dcef15c358a)] -> xpath: //span[@class='a-size-base a-color-base puis-bold-weight-text' and text()='Discount']/parent::div/following-sibling::ul//span[@class='a-size-base a-color-base']], [[ChromeDriver: chrome on windows (50a2eba6b1e4b6c484b51dcef15c358a)] -> xpath: //span[@class='a-size-base a-color-base puis-bold-weight-text' and text()='Discount']/parent::div/following-sibling::ul//span[@class='a-size-base a-color-base']], [[ChromeDriver: chrome on windows (50a2eba6b1e4b6c484b51dcef15c358a)] -> xpath: //span[@class='a-size-base a-color-base puis-bold-weight-text' and text()='Discount']/parent::div/following-sibling::ul//span[@class='a-size-base a-color-base']]] from the safeFindElements method
11:29:00 [TestNG-test-Test-2] INFO  verifyingDiscountFilterFunctionality_Laptop_11-27-28 - [verifyingDiscountFilterFunctionality_Laptop_11-27-28] Trying to read filter option 2 (attempt 1/3)
11:29:00 [TestNG-test-Test-2] INFO  verifyingDiscountFilterFunctionality_Laptop_11-27-28 - [verifyingDiscountFilterFunctionality_Laptop_11-27-28] Successfully read filter option 2 = '35% Off or more'
11:29:00 [TestNG-test-Test-2] INFO  verifyingDiscountFilterFunctionality_Laptop_11-27-28 - [verifyingDiscountFilterFunctionality_Laptop_11-27-28] Within getfilterByTypeAndName method
11:29:00 [TestNG-test-Test-2] INFO  verifyingDiscountFilterFunctionality_Laptop_11-27-28 - [verifyingDiscountFilterFunctionality_Laptop_11-27-28] Within safeClickBooleanWithScreenShot method
11:29:00 [TestNG-test-Test-2] INFO  verifyingDiscountFilterFunctionality_Laptop_11-27-28 - [verifyingDiscountFilterFunctionality_Laptop_11-27-28] Within getAppliedfilterByTypeAndName method
11:29:00 [TestNG-test-Test-2] INFO  verifyingDiscountFilterFunctionality_Laptop_11-27-28 - [verifyingDiscountFilterFunctionality_Laptop_11-27-28] Within smoothScrollToElement method
11:29:00 [TestNG-test-Test-2] INFO  verifyingDiscountFilterFunctionality_Laptop_11-27-28 - [verifyingDiscountFilterFunctionality_Laptop_11-27-28] Within safeFindElement method
11:29:00 [TestNG-test-Test-2] INFO  verifyingDiscountFilterFunctionality_Laptop_11-27-28 - [verifyingDiscountFilterFunctionality_Laptop_11-27-28]Found the element returning it ,element ->[[ChromeDriver: chrome on windows (50a2eba6b1e4b6c484b51dcef15c358a)] -> xpath: //span[@class='a-size-base a-color-base puis-bold-weight-text' and text()='Discount']]
11:29:00 [TestNG-test-Test-2] INFO  verifyingDiscountFilterFunctionality_Laptop_11-27-28 - [verifyingDiscountFilterFunctionality_Laptop_11-27-28] Successfully scrolled to element: By.xpath: //span[@class='a-size-base a-color-base puis-bold-weight-text' and text()='Discount']
11:29:00 [TestNG-test-Test-2] INFO  verifyingDiscountFilterFunctionality_Laptop_11-27-28 - [verifyingDiscountFilterFunctionality_Laptop_11-27-28] Within getMoreButtonByFilterTypeAndName method
11:29:00 [TestNG-test-Test-2] INFO  verifyingDiscountFilterFunctionality_Laptop_11-27-28 - [verifyingDiscountFilterFunctionality_Laptop_11-27-28] could not find more button
11:29:01 [TestNG-test-Test-2] INFO  verifyingDiscountFilterFunctionality_Laptop_11-27-28 - [verifyingDiscountFilterFunctionality_Laptop_11-27-28] Within getAppliedfilterByTypeAndName method
11:29:01 [TestNG-test-Test-2] INFO  verifyingDiscountFilterFunctionality_Laptop_11-27-28 - [verifyingDiscountFilterFunctionality_Laptop_11-27-28] Within smoothScrollToElement method
11:29:01 [TestNG-test-Test-2] INFO  verifyingDiscountFilterFunctionality_Laptop_11-27-28 - [verifyingDiscountFilterFunctionality_Laptop_11-27-28] Within safeFindElement method
11:29:02 [TestNG-test-Test-2] INFO  verifyingDiscountFilterFunctionality_Laptop_11-27-28 - [verifyingDiscountFilterFunctionality_Laptop_11-27-28]Found the element returning it ,element ->[[ChromeDriver: chrome on windows (50a2eba6b1e4b6c484b51dcef15c358a)] -> xpath: //span[@class='a-size-base a-color-base puis-bold-weight-text' and text()='Discount']]
11:29:02 [TestNG-test-Test-2] INFO  verifyingDiscountFilterFunctionality_Laptop_11-27-28 - [verifyingDiscountFilterFunctionality_Laptop_11-27-28] Successfully scrolled to element: By.xpath: //span[@class='a-size-base a-color-base puis-bold-weight-text' and text()='Discount']
11:29:02 [TestNG-test-Test-2] INFO  verifyingDiscountFilterFunctionality_Laptop_11-27-28 - [verifyingDiscountFilterFunctionality_Laptop_11-27-28] Within getMoreButtonByFilterTypeAndName method
11:29:02 [TestNG-test-Test-2] INFO  verifyingDiscountFilterFunctionality_Laptop_11-27-28 - [verifyingDiscountFilterFunctionality_Laptop_11-27-28] could not find more button
11:29:02 [TestNG-test-Test-2] INFO  verifyingDiscountFilterFunctionality_Laptop_11-27-28 - [verifyingDiscountFilterFunctionality_Laptop_11-27-28] Within getfilterByTypeAndName method
11:29:02 [TestNG-test-Test-2] INFO  verifyingDiscountFilterFunctionality_Laptop_11-27-28 - [verifyingDiscountFilterFunctionality_Laptop_11-27-28] Within smoothScrollToElement method
11:29:02 [TestNG-test-Test-2] INFO  verifyingDiscountFilterFunctionality_Laptop_11-27-28 - [verifyingDiscountFilterFunctionality_Laptop_11-27-28] Within safeFindElement method
11:29:02 [TestNG-test-Test-2] INFO  verifyingDiscountFilterFunctionality_Laptop_11-27-28 - [verifyingDiscountFilterFunctionality_Laptop_11-27-28]Found the element returning it ,element ->[[ChromeDriver: chrome on windows (50a2eba6b1e4b6c484b51dcef15c358a)] -> xpath: //span[@class='a-size-base a-color-base puis-bold-weight-text' and text()='Discount']/parent::div/following-sibling::ul//span[@class='a-size-base a-color-base a-text-bold' and text()='35% Off or more']]
11:29:02 [TestNG-test-Test-2] INFO  verifyingDiscountFilterFunctionality_Laptop_11-27-28 - [verifyingDiscountFilterFunctionality_Laptop_11-27-28] Successfully scrolled to element: By.xpath: //span[@class='a-size-base a-color-base puis-bold-weight-text' and text()='Discount']/parent::div/following-sibling::ul//span[@class='a-size-base a-color-base a-text-bold' and text()='35% Off or more']
11:29:02 [TestNG-test-Test-2] INFO  verifyingDiscountFilterFunctionality_Laptop_11-27-28 - [verifyingDiscountFilterFunctionality_Laptop_11-27-28] Clicked the element using safe click ,element is [[ChromeDriver: chrome on windows (50a2eba6b1e4b6c484b51dcef15c358a)] -> xpath: //span[@class='a-size-base a-color-base puis-bold-weight-text' and text()='Discount']/parent::div/following-sibling::ul//span[@class='a-size-base a-color-base' and text()='35% Off or more']]
11:29:02 [TestNG-test-Test-2] INFO  verifyingDiscountFilterFunctionality_Laptop_11-27-28 - [verifyingDiscountFilterFunctionality_Laptop_11-27-28] Within safeFindElements 
11:29:02 [TestNG-test-Test-2] INFO  verifyingDiscountFilterFunctionality_Laptop_11-27-28 - [verifyingDiscountFilterFunctionality_Laptop_11-27-28] Returning the  [[[ChromeDriver: chrome on windows (50a2eba6b1e4b6c484b51dcef15c358a)] -> xpath: //div[@data-cy='title-recipe']], [[ChromeDriver: chrome on windows (50a2eba6b1e4b6c484b51dcef15c358a)] -> xpath: //div[@data-cy='title-recipe']], [[ChromeDriver: chrome on windows (50a2eba6b1e4b6c484b51dcef15c358a)] -> xpath: //div[@data-cy='title-recipe']], [[ChromeDriver: chrome on windows (50a2eba6b1e4b6c484b51dcef15c358a)] -> xpath: //div[@data-cy='title-recipe']], [[ChromeDriver: chrome on windows (50a2eba6b1e4b6c484b51dcef15c358a)] -> xpath: //div[@data-cy='title-recipe']], [[ChromeDriver: chrome on windows (50a2eba6b1e4b6c484b51dcef15c358a)] -> xpath: //div[@data-cy='title-recipe']], [[ChromeDriver: chrome on windows (50a2eba6b1e4b6c484b51dcef15c358a)] -> xpath: //div[@data-cy='title-recipe']], [[ChromeDriver: chrome on windows (50a2eba6b1e4b6c484b51dcef15c358a)] -> xpath: //div[@data-cy='title-recipe']], [[ChromeDriver: chrome on windows (50a2eba6b1e4b6c484b51dcef15c358a)] -> xpath: //div[@data-cy='title-recipe']], [[ChromeDriver: chrome on windows (50a2eba6b1e4b6c484b51dcef15c358a)] -> xpath: //div[@data-cy='title-recipe']], [[ChromeDriver: chrome on windows (50a2eba6b1e4b6c484b51dcef15c358a)] -> xpath: //div[@data-cy='title-recipe']], [[ChromeDriver: chrome on windows (50a2eba6b1e4b6c484b51dcef15c358a)] -> xpath: //div[@data-cy='title-recipe']], [[ChromeDriver: chrome on windows (50a2eba6b1e4b6c484b51dcef15c358a)] -> xpath: //div[@data-cy='title-recipe']], [[ChromeDriver: chrome on windows (50a2eba6b1e4b6c484b51dcef15c358a)] -> xpath: //div[@data-cy='title-recipe']], [[ChromeDriver: chrome on windows (50a2eba6b1e4b6c484b51dcef15c358a)] -> xpath: //div[@data-cy='title-recipe']], [[ChromeDriver: chrome on windows (50a2eba6b1e4b6c484b51dcef15c358a)] -> xpath: //div[@data-cy='title-recipe']]] from the safeFindElements method
11:29:02 [TestNG-test-Test-2] INFO  verifyingDiscountFilterFunctionality_Laptop_11-27-28 - [verifyingDiscountFilterFunctionality_Laptop_11-27-28] Execution is Not CRON Job Hence refering to normal keys from UtilData
11:29:02 [TestNG-test-Test-2] INFO  verifyingDiscountFilterFunctionality_Laptop_11-27-28 - [verifyingDiscountFilterFunctionality_Laptop_11-27-28] Within safeFindElements 
11:29:02 [TestNG-test-Test-2] INFO  verifyingDiscountFilterFunctionality_Laptop_11-27-28 - [verifyingDiscountFilterFunctionality_Laptop_11-27-28] Returning the  [[[ChromeDriver: chrome on windows (50a2eba6b1e4b6c484b51dcef15c358a)] -> xpath: //div[@data-cy='title-recipe']], [[ChromeDriver: chrome on windows (50a2eba6b1e4b6c484b51dcef15c358a)] -> xpath: //div[@data-cy='title-recipe']], [[ChromeDriver: chrome on windows (50a2eba6b1e4b6c484b51dcef15c358a)] -> xpath: //div[@data-cy='title-recipe']], [[ChromeDriver: chrome on windows (50a2eba6b1e4b6c484b51dcef15c358a)] -> xpath: //div[@data-cy='title-recipe']], [[ChromeDriver: chrome on windows (50a2eba6b1e4b6c484b51dcef15c358a)] -> xpath: //div[@data-cy='title-recipe']], [[ChromeDriver: chrome on windows (50a2eba6b1e4b6c484b51dcef15c358a)] -> xpath: //div[@data-cy='title-recipe']], [[ChromeDriver: chrome on windows (50a2eba6b1e4b6c484b51dcef15c358a)] -> xpath: //div[@data-cy='title-recipe']], [[ChromeDriver: chrome on windows (50a2eba6b1e4b6c484b51dcef15c358a)] -> xpath: //div[@data-cy='title-recipe']], [[ChromeDriver: chrome on windows (50a2eba6b1e4b6c484b51dcef15c358a)] -> xpath: //div[@data-cy='title-recipe']], [[ChromeDriver: chrome on windows (50a2eba6b1e4b6c484b51dcef15c358a)] -> xpath: //div[@data-cy='title-recipe']], [[ChromeDriver: chrome on windows (50a2eba6b1e4b6c484b51dcef15c358a)] -> xpath: //div[@data-cy='title-recipe']], [[ChromeDriver: chrome on windows (50a2eba6b1e4b6c484b51dcef15c358a)] -> xpath: //div[@data-cy='title-recipe']], [[ChromeDriver: chrome on windows (50a2eba6b1e4b6c484b51dcef15c358a)] -> xpath: //div[@data-cy='title-recipe']], [[ChromeDriver: chrome on windows (50a2eba6b1e4b6c484b51dcef15c358a)] -> xpath: //div[@data-cy='title-recipe']], [[ChromeDriver: chrome on windows (50a2eba6b1e4b6c484b51dcef15c358a)] -> xpath: //div[@data-cy='title-recipe']], [[ChromeDriver: chrome on windows (50a2eba6b1e4b6c484b51dcef15c358a)] -> xpath: //div[@data-cy='title-recipe']]] from the safeFindElements method
11:29:02 [TestNG-test-Test-2] INFO  verifyingDiscountFilterFunctionality_Laptop_11-27-28 - [verifyingDiscountFilterFunctionality_Laptop_11-27-28] Within productNameListingPage loop in applyFilterAndValidateProductsWithResult
11:29:02 [TestNG-test-Test-2] INFO  verifyingDiscountFilterFunctionality_Laptop_11-27-28 - [verifyingDiscountFilterFunctionality_Laptop_11-27-28] Within getProductByIndex method
11:29:02 [TestNG-test-Test-2] INFO  verifyingDiscountFilterFunctionality_Laptop_11-27-28 - [verifyingDiscountFilterFunctionality_Laptop_11-27-28] Within safeFindElement method
11:29:02 [TestNG-test-Test-2] INFO  verifyingDiscountFilterFunctionality_Laptop_11-27-28 - [verifyingDiscountFilterFunctionality_Laptop_11-27-28]Found the element returning it ,element ->[[ChromeDriver: chrome on windows (50a2eba6b1e4b6c484b51dcef15c358a)] -> xpath: (//div[@data-cy='title-recipe'])[1]]
11:29:02 [TestNG-test-Test-2] INFO  verifyingDiscountFilterFunctionality_Laptop_11-27-28 - [verifyingDiscountFilterFunctionality_Laptop_11-27-28] Within getProductByIndex method
11:29:02 [TestNG-test-Test-2] INFO  verifyingDiscountFilterFunctionality_Laptop_11-27-28 - [verifyingDiscountFilterFunctionality_Laptop_11-27-28] Within smoothScrollToElement method
11:29:02 [TestNG-test-Test-2] INFO  verifyingDiscountFilterFunctionality_Laptop_11-27-28 - [verifyingDiscountFilterFunctionality_Laptop_11-27-28] Within safeFindElement method
11:29:02 [TestNG-test-Test-2] INFO  verifyingDiscountFilterFunctionality_Laptop_11-27-28 - [verifyingDiscountFilterFunctionality_Laptop_11-27-28]Found the element returning it ,element ->[[ChromeDriver: chrome on windows (50a2eba6b1e4b6c484b51dcef15c358a)] -> xpath: (//div[@data-cy='title-recipe'])[1]]
11:29:02 [TestNG-test-Test-2] INFO  verifyingDiscountFilterFunctionality_Laptop_11-27-28 - [verifyingDiscountFilterFunctionality_Laptop_11-27-28] Successfully scrolled to element: By.xpath: (//div[@data-cy='title-recipe'])[1]
11:29:02 [TestNG-test-Test-2] INFO  verifyingDiscountFilterFunctionality_Laptop_11-27-28 - [verifyingDiscountFilterFunctionality_Laptop_11-27-28] Getting product by index in productNameListingPage loop
11:29:02 [TestNG-test-Test-2] INFO  verifyingDiscountFilterFunctionality_Laptop_11-27-28 - [verifyingDiscountFilterFunctionality_Laptop_11-27-28] Opened product in new tab via Ctrl+Click inside productNameListingPage loop
11:29:02 [TestNG-test-Test-2] INFO  verifyingDiscountFilterFunctionality_Laptop_11-27-28 - [verifyingDiscountFilterFunctionality_Laptop_11-27-28] Waiting for new window to open...
11:29:02 [TestNG-test-Test-2] INFO  verifyingDiscountFilterFunctionality_Laptop_11-27-28 - [verifyingDiscountFilterFunctionality_Laptop_11-27-28] Switched to new window -> 3CFFECA1CF384D5A35B93D0975E9E072
11:29:02 [TestNG-test-Test-2] INFO  verifyingDiscountFilterFunctionality_Laptop_11-27-28 - [verifyingDiscountFilterFunctionality_Laptop_11-27-28] Swithcing to the new window  within productNameListingPage loop
11:29:02 [TestNG-test-Test-2] INFO  verifyingDiscountFilterFunctionality_Laptop_11-27-28 - [verifyingDiscountFilterFunctionality_Laptop_11-27-28] Clicked product name to open in new tab from productNameListingPage loop
11:29:02 [TestNG-test-Test-2] INFO  verifyingDiscountFilterFunctionality_Laptop_11-27-28 - [verifyingDiscountFilterFunctionality_Laptop_11-27-28] Within safeFindElement method
11:29:05 [TestNG-test-Test-2] INFO  verifyingDiscountFilterFunctionality_Laptop_11-27-28 - [verifyingDiscountFilterFunctionality_Laptop_11-27-28]Found the element returning it ,element ->[[ChromeDriver: chrome on windows (50a2eba6b1e4b6c484b51dcef15c358a)] -> xpath: //span[@id='productTitle']]
11:29:05 [TestNG-test-Test-2] INFO  verifyingDiscountFilterFunctionality_Laptop_11-27-28 - [verifyingDiscountFilterFunctionality_Laptop_11-27-28] Within safeFindElement method
11:29:05 [TestNG-test-Test-2] INFO  verifyingDiscountFilterFunctionality_Laptop_11-27-28 - [verifyingDiscountFilterFunctionality_Laptop_11-27-28]Found the element returning it ,element ->[[ChromeDriver: chrome on windows (50a2eba6b1e4b6c484b51dcef15c358a)] -> xpath: //div[@class='a-section a-spacing-small a-spacing-top-small']]
11:29:05 [TestNG-test-Test-2] INFO  verifyingDiscountFilterFunctionality_Laptop_11-27-28 - [verifyingDiscountFilterFunctionality_Laptop_11-27-28] Within safeFindElement method
11:29:05 [TestNG-test-Test-2] INFO  verifyingDiscountFilterFunctionality_Laptop_11-27-28 - [verifyingDiscountFilterFunctionality_Laptop_11-27-28]Found the element returning it ,element ->[[ChromeDriver: chrome on windows (50a2eba6b1e4b6c484b51dcef15c358a)] -> xpath: //div[@id='feature-bullets']]
11:29:05 [TestNG-test-Test-2] INFO  verifyingDiscountFilterFunctionality_Laptop_11-27-28 - [verifyingDiscountFilterFunctionality_Laptop_11-27-28] Within safeFindElement method
11:29:05 [TestNG-test-Test-2] INFO  verifyingDiscountFilterFunctionality_Laptop_11-27-28 - [verifyingDiscountFilterFunctionality_Laptop_11-27-28]Found the element returning it ,element ->[[ChromeDriver: chrome on windows (50a2eba6b1e4b6c484b51dcef15c358a)] -> xpath: //div[@id='prodDetails']]
11:29:05 [TestNG-test-Test-2] INFO  verifyingDiscountFilterFunctionality_Laptop_11-27-28 - [verifyingDiscountFilterFunctionality_Laptop_11-27-28] Extracting 'name' , 'keyFeatures', 'about' , 'techDetails' within productNameListingPage loop
11:29:05 [TestNG-test-Test-2] INFO  verifyingDiscountFilterFunctionality_Laptop_11-27-28 - [verifyingDiscountFilterFunctionality_Laptop_11-27-28] Waiting until element is visible in viewport
11:29:15 [TestNG-test-Test-2] INFO  verifyingDiscountFilterFunctionality_Laptop_11-27-28 - [verifyingDiscountFilterFunctionality_Laptop_11-27-28] Within smoothScrollToElement method
11:29:15 [TestNG-test-Test-2] INFO  verifyingDiscountFilterFunctionality_Laptop_11-27-28 - [verifyingDiscountFilterFunctionality_Laptop_11-27-28] Within safeFindElement method
11:29:16 [TestNG-test-Test-2] INFO  verifyingDiscountFilterFunctionality_Laptop_11-27-28 - [verifyingDiscountFilterFunctionality_Laptop_11-27-28]Found the element returning it ,element ->[[ChromeDriver: chrome on windows (50a2eba6b1e4b6c484b51dcef15c358a)] -> xpath: //a[@id='seeMoreDetailsLink']]
11:29:16 [TestNG-test-Test-2] INFO  verifyingDiscountFilterFunctionality_Laptop_11-27-28 - [verifyingDiscountFilterFunctionality_Laptop_11-27-28] Successfully scrolled to element: By.xpath: //a[@id='seeMoreDetailsLink']
11:29:16 [TestNG-test-Test-2] INFO  verifyingDiscountFilterFunctionality_Laptop_11-27-28 - [verifyingDiscountFilterFunctionality_Laptop_11-27-28] Within safeClick method
11:29:16 [TestNG-test-Test-2] INFO  verifyingDiscountFilterFunctionality_Laptop_11-27-28 - [verifyingDiscountFilterFunctionality_Laptop_11-27-28] Clicked the  [[ChromeDriver: chrome on windows (50a2eba6b1e4b6c484b51dcef15c358a)] -> xpath: //a[@id='seeMoreDetailsLink']]   using safeClick
11:29:16 [TestNG-test-Test-2] INFO  verifyingDiscountFilterFunctionality_Laptop_11-27-28 - [verifyingDiscountFilterFunctionality_Laptop_11-27-28] Within try block for clicking see more deatils within productNameListingPage loop
11:29:16 [TestNG-test-Test-2] INFO  verifyingDiscountFilterFunctionality_Laptop_11-27-28 - [verifyingDiscountFilterFunctionality_Laptop_11-27-28] Within closeCurrentWindowAndSwitchBack method
11:29:16 [TestNG-test-Test-2] INFO  verifyingDiscountFilterFunctionality_Laptop_11-27-28 - [verifyingDiscountFilterFunctionality_Laptop_11-27-28] Total open windows/tabs count -> 2
11:29:16 [TestNG-test-Test-2] INFO  verifyingDiscountFilterFunctionality_Laptop_11-27-28 - [verifyingDiscountFilterFunctionality_Laptop_11-27-28] Original window handle -> 17A63A6482942CAD49CC245DF794BDA7
11:29:16 [TestNG-test-Test-2] INFO  verifyingDiscountFilterFunctionality_Laptop_11-27-28 - [verifyingDiscountFilterFunctionality_Laptop_11-27-28] Found new tab/window handle -> 3CFFECA1CF384D5A35B93D0975E9E072 (will be closed)
11:29:16 [TestNG-test-Test-2] INFO  verifyingDiscountFilterFunctionality_Laptop_11-27-28 - [verifyingDiscountFilterFunctionality_Laptop_11-27-28] Successfully switched to new tab/window -> 3CFFECA1CF384D5A35B93D0975E9E072
11:29:16 [TestNG-test-Test-2] INFO  verifyingDiscountFilterFunctionality_Laptop_11-27-28 - [verifyingDiscountFilterFunctionality_Laptop_11-27-28] Closed the newly opened tab/window -> 3CFFECA1CF384D5A35B93D0975E9E072
11:29:16 [TestNG-test-Test-2] INFO  verifyingDiscountFilterFunctionality_Laptop_11-27-28 - [verifyingDiscountFilterFunctionality_Laptop_11-27-28] Switched back to the original window -> 17A63A6482942CAD49CC245DF794BDA7
11:29:16 [TestNG-test-Test-2] INFO  verifyingDiscountFilterFunctionality_Laptop_11-27-28 - [verifyingDiscountFilterFunctionality_Laptop_11-27-28]  going back to product listing via closeCurrentWindowAndSwitchBack 
11:29:16 [TestNG-test-Test-2] INFO  verifyingDiscountFilterFunctionality_Laptop_11-27-28 - [verifyingDiscountFilterFunctionality_Laptop_11-27-28]  Added 'filter','title','keyFeatures', 'about', 'techDetails' into the Map -> productResult
11:29:16 [TestNG-test-Test-2] INFO  verifyingDiscountFilterFunctionality_Laptop_11-27-28 - [verifyingDiscountFilterFunctionality_Laptop_11-27-28]  Added 'productResult' Map into the 'results' i.e list of maps 
11:29:16 [TestNG-test-Test-2] INFO  verifyingDiscountFilterFunctionality_Laptop_11-27-28 - [verifyingDiscountFilterFunctionality_Laptop_11-27-28]==========================================================================================================
11:29:16 [TestNG-test-Test-2] INFO  verifyingDiscountFilterFunctionality_Laptop_11-27-28 - [verifyingDiscountFilterFunctionality_Laptop_11-27-28] Within safeFindElements 
11:29:16 [TestNG-test-Test-2] INFO  verifyingDiscountFilterFunctionality_Laptop_11-27-28 - [verifyingDiscountFilterFunctionality_Laptop_11-27-28] Returning the  [[[ChromeDriver: chrome on windows (50a2eba6b1e4b6c484b51dcef15c358a)] -> xpath: //div[@data-cy='title-recipe']], [[ChromeDriver: chrome on windows (50a2eba6b1e4b6c484b51dcef15c358a)] -> xpath: //div[@data-cy='title-recipe']], [[ChromeDriver: chrome on windows (50a2eba6b1e4b6c484b51dcef15c358a)] -> xpath: //div[@data-cy='title-recipe']], [[ChromeDriver: chrome on windows (50a2eba6b1e4b6c484b51dcef15c358a)] -> xpath: //div[@data-cy='title-recipe']], [[ChromeDriver: chrome on windows (50a2eba6b1e4b6c484b51dcef15c358a)] -> xpath: //div[@data-cy='title-recipe']], [[ChromeDriver: chrome on windows (50a2eba6b1e4b6c484b51dcef15c358a)] -> xpath: //div[@data-cy='title-recipe']], [[ChromeDriver: chrome on windows (50a2eba6b1e4b6c484b51dcef15c358a)] -> xpath: //div[@data-cy='title-recipe']], [[ChromeDriver: chrome on windows (50a2eba6b1e4b6c484b51dcef15c358a)] -> xpath: //div[@data-cy='title-recipe']], [[ChromeDriver: chrome on windows (50a2eba6b1e4b6c484b51dcef15c358a)] -> xpath: //div[@data-cy='title-recipe']], [[ChromeDriver: chrome on windows (50a2eba6b1e4b6c484b51dcef15c358a)] -> xpath: //div[@data-cy='title-recipe']], [[ChromeDriver: chrome on windows (50a2eba6b1e4b6c484b51dcef15c358a)] -> xpath: //div[@data-cy='title-recipe']], [[ChromeDriver: chrome on windows (50a2eba6b1e4b6c484b51dcef15c358a)] -> xpath: //div[@data-cy='title-recipe']], [[ChromeDriver: chrome on windows (50a2eba6b1e4b6c484b51dcef15c358a)] -> xpath: //div[@data-cy='title-recipe']], [[ChromeDriver: chrome on windows (50a2eba6b1e4b6c484b51dcef15c358a)] -> xpath: //div[@data-cy='title-recipe']], [[ChromeDriver: chrome on windows (50a2eba6b1e4b6c484b51dcef15c358a)] -> xpath: //div[@data-cy='title-recipe']], [[ChromeDriver: chrome on windows (50a2eba6b1e4b6c484b51dcef15c358a)] -> xpath: //div[@data-cy='title-recipe']]] from the safeFindElements method
11:29:16 [TestNG-test-Test-2] INFO  verifyingDiscountFilterFunctionality_Laptop_11-27-28 - [verifyingDiscountFilterFunctionality_Laptop_11-27-28] Within productNameListingPage loop in applyFilterAndValidateProductsWithResult
11:29:16 [TestNG-test-Test-2] INFO  verifyingDiscountFilterFunctionality_Laptop_11-27-28 - [verifyingDiscountFilterFunctionality_Laptop_11-27-28] Within getProductByIndex method
11:29:16 [TestNG-test-Test-2] INFO  verifyingDiscountFilterFunctionality_Laptop_11-27-28 - [verifyingDiscountFilterFunctionality_Laptop_11-27-28] Within safeFindElement method
11:29:16 [TestNG-test-Test-2] INFO  verifyingDiscountFilterFunctionality_Laptop_11-27-28 - [verifyingDiscountFilterFunctionality_Laptop_11-27-28]Found the element returning it ,element ->[[ChromeDriver: chrome on windows (50a2eba6b1e4b6c484b51dcef15c358a)] -> xpath: (//div[@data-cy='title-recipe'])[2]]
11:29:16 [TestNG-test-Test-2] INFO  verifyingDiscountFilterFunctionality_Laptop_11-27-28 - [verifyingDiscountFilterFunctionality_Laptop_11-27-28] Within getProductByIndex method
11:29:16 [TestNG-test-Test-2] INFO  verifyingDiscountFilterFunctionality_Laptop_11-27-28 - [verifyingDiscountFilterFunctionality_Laptop_11-27-28] Within smoothScrollToElement method
11:29:16 [TestNG-test-Test-2] INFO  verifyingDiscountFilterFunctionality_Laptop_11-27-28 - [verifyingDiscountFilterFunctionality_Laptop_11-27-28] Within safeFindElement method
11:29:17 [TestNG-test-Test-2] INFO  verifyingDiscountFilterFunctionality_Laptop_11-27-28 - [verifyingDiscountFilterFunctionality_Laptop_11-27-28]Found the element returning it ,element ->[[ChromeDriver: chrome on windows (50a2eba6b1e4b6c484b51dcef15c358a)] -> xpath: (//div[@data-cy='title-recipe'])[2]]
11:29:17 [TestNG-test-Test-2] INFO  verifyingDiscountFilterFunctionality_Laptop_11-27-28 - [verifyingDiscountFilterFunctionality_Laptop_11-27-28] Successfully scrolled to element: By.xpath: (//div[@data-cy='title-recipe'])[2]
11:29:17 [TestNG-test-Test-2] INFO  verifyingDiscountFilterFunctionality_Laptop_11-27-28 - [verifyingDiscountFilterFunctionality_Laptop_11-27-28] Getting product by index in productNameListingPage loop
11:29:17 [TestNG-test-Test-2] INFO  verifyingDiscountFilterFunctionality_Laptop_11-27-28 - [verifyingDiscountFilterFunctionality_Laptop_11-27-28] Opened product in new tab via Ctrl+Click inside productNameListingPage loop
11:29:17 [TestNG-test-Test-2] INFO  verifyingDiscountFilterFunctionality_Laptop_11-27-28 - [verifyingDiscountFilterFunctionality_Laptop_11-27-28] Waiting for new window to open...
11:29:17 [TestNG-test-Test-2] INFO  verifyingDiscountFilterFunctionality_Laptop_11-27-28 - [verifyingDiscountFilterFunctionality_Laptop_11-27-28] Switched to new window -> 914768C3552F0BA515D71281475DAA78
11:29:17 [TestNG-test-Test-2] INFO  verifyingDiscountFilterFunctionality_Laptop_11-27-28 - [verifyingDiscountFilterFunctionality_Laptop_11-27-28] Swithcing to the new window  within productNameListingPage loop
11:29:17 [TestNG-test-Test-2] INFO  verifyingDiscountFilterFunctionality_Laptop_11-27-28 - [verifyingDiscountFilterFunctionality_Laptop_11-27-28] Clicked product name to open in new tab from productNameListingPage loop
11:29:17 [TestNG-test-Test-2] INFO  verifyingDiscountFilterFunctionality_Laptop_11-27-28 - [verifyingDiscountFilterFunctionality_Laptop_11-27-28] Within safeFindElement method
11:29:21 [TestNG-test-Test-2] INFO  verifyingDiscountFilterFunctionality_Laptop_11-27-28 - [verifyingDiscountFilterFunctionality_Laptop_11-27-28]Found the element returning it ,element ->[[ChromeDriver: chrome on windows (50a2eba6b1e4b6c484b51dcef15c358a)] -> xpath: //span[@id='productTitle']]
11:29:21 [TestNG-test-Test-2] INFO  verifyingDiscountFilterFunctionality_Laptop_11-27-28 - [verifyingDiscountFilterFunctionality_Laptop_11-27-28] Within safeFindElement method
11:29:21 [TestNG-test-Test-2] INFO  verifyingDiscountFilterFunctionality_Laptop_11-27-28 - [verifyingDiscountFilterFunctionality_Laptop_11-27-28]Found the element returning it ,element ->[[ChromeDriver: chrome on windows (50a2eba6b1e4b6c484b51dcef15c358a)] -> xpath: //div[@class='a-section a-spacing-small a-spacing-top-small']]
11:29:21 [TestNG-test-Test-2] INFO  verifyingDiscountFilterFunctionality_Laptop_11-27-28 - [verifyingDiscountFilterFunctionality_Laptop_11-27-28] Within safeFindElement method
11:29:21 [TestNG-test-Test-2] INFO  verifyingDiscountFilterFunctionality_Laptop_11-27-28 - [verifyingDiscountFilterFunctionality_Laptop_11-27-28]Found the element returning it ,element ->[[ChromeDriver: chrome on windows (50a2eba6b1e4b6c484b51dcef15c358a)] -> xpath: //div[@id='feature-bullets']]
11:29:21 [TestNG-test-Test-2] INFO  verifyingDiscountFilterFunctionality_Laptop_11-27-28 - [verifyingDiscountFilterFunctionality_Laptop_11-27-28] Within safeFindElement method
11:29:21 [TestNG-test-Test-2] INFO  verifyingDiscountFilterFunctionality_Laptop_11-27-28 - [verifyingDiscountFilterFunctionality_Laptop_11-27-28]Found the element returning it ,element ->[[ChromeDriver: chrome on windows (50a2eba6b1e4b6c484b51dcef15c358a)] -> xpath: //div[@id='prodDetails']]
11:29:21 [TestNG-test-Test-2] INFO  verifyingDiscountFilterFunctionality_Laptop_11-27-28 - [verifyingDiscountFilterFunctionality_Laptop_11-27-28] Extracting 'name' , 'keyFeatures', 'about' , 'techDetails' within productNameListingPage loop
11:29:21 [TestNG-test-Test-2] INFO  verifyingDiscountFilterFunctionality_Laptop_11-27-28 - [verifyingDiscountFilterFunctionality_Laptop_11-27-28] Waiting until element is visible in viewport
11:29:32 [TestNG-test-Test-2] INFO  verifyingDiscountFilterFunctionality_Laptop_11-27-28 - [verifyingDiscountFilterFunctionality_Laptop_11-27-28] Within smoothScrollToElement method
11:29:32 [TestNG-test-Test-2] INFO  verifyingDiscountFilterFunctionality_Laptop_11-27-28 - [verifyingDiscountFilterFunctionality_Laptop_11-27-28] Within safeFindElement method
11:29:32 [TestNG-test-Test-2] INFO  verifyingDiscountFilterFunctionality_Laptop_11-27-28 - [verifyingDiscountFilterFunctionality_Laptop_11-27-28]Found the element returning it ,element ->[[ChromeDriver: chrome on windows (50a2eba6b1e4b6c484b51dcef15c358a)] -> xpath: //a[@id='seeMoreDetailsLink']]
11:29:32 [TestNG-test-Test-2] INFO  verifyingDiscountFilterFunctionality_Laptop_11-27-28 - [verifyingDiscountFilterFunctionality_Laptop_11-27-28] Successfully scrolled to element: By.xpath: //a[@id='seeMoreDetailsLink']
11:29:32 [TestNG-test-Test-2] INFO  verifyingDiscountFilterFunctionality_Laptop_11-27-28 - [verifyingDiscountFilterFunctionality_Laptop_11-27-28] Within safeClick method
11:29:32 [TestNG-test-Test-2] INFO  verifyingDiscountFilterFunctionality_Laptop_11-27-28 - [verifyingDiscountFilterFunctionality_Laptop_11-27-28] Clicked the  [[ChromeDriver: chrome on windows (50a2eba6b1e4b6c484b51dcef15c358a)] -> xpath: //a[@id='seeMoreDetailsLink']]   using safeClick
11:29:32 [TestNG-test-Test-2] INFO  verifyingDiscountFilterFunctionality_Laptop_11-27-28 - [verifyingDiscountFilterFunctionality_Laptop_11-27-28] Within try block for clicking see more deatils within productNameListingPage loop
11:29:32 [TestNG-test-Test-2] INFO  verifyingDiscountFilterFunctionality_Laptop_11-27-28 - [verifyingDiscountFilterFunctionality_Laptop_11-27-28] Within closeCurrentWindowAndSwitchBack method
11:29:32 [TestNG-test-Test-2] INFO  verifyingDiscountFilterFunctionality_Laptop_11-27-28 - [verifyingDiscountFilterFunctionality_Laptop_11-27-28] Total open windows/tabs count -> 2
11:29:32 [TestNG-test-Test-2] INFO  verifyingDiscountFilterFunctionality_Laptop_11-27-28 - [verifyingDiscountFilterFunctionality_Laptop_11-27-28] Original window handle -> 17A63A6482942CAD49CC245DF794BDA7
11:29:32 [TestNG-test-Test-2] INFO  verifyingDiscountFilterFunctionality_Laptop_11-27-28 - [verifyingDiscountFilterFunctionality_Laptop_11-27-28] Found new tab/window handle -> 914768C3552F0BA515D71281475DAA78 (will be closed)
11:29:33 [TestNG-test-Test-2] INFO  verifyingDiscountFilterFunctionality_Laptop_11-27-28 - [verifyingDiscountFilterFunctionality_Laptop_11-27-28] Successfully switched to new tab/window -> 914768C3552F0BA515D71281475DAA78
11:29:33 [TestNG-test-Test-2] INFO  verifyingDiscountFilterFunctionality_Laptop_11-27-28 - [verifyingDiscountFilterFunctionality_Laptop_11-27-28] Closed the newly opened tab/window -> 914768C3552F0BA515D71281475DAA78
11:29:33 [TestNG-test-Test-2] INFO  verifyingDiscountFilterFunctionality_Laptop_11-27-28 - [verifyingDiscountFilterFunctionality_Laptop_11-27-28] Switched back to the original window -> 17A63A6482942CAD49CC245DF794BDA7
11:29:33 [TestNG-test-Test-2] INFO  verifyingDiscountFilterFunctionality_Laptop_11-27-28 - [verifyingDiscountFilterFunctionality_Laptop_11-27-28]  going back to product listing via closeCurrentWindowAndSwitchBack 
11:29:33 [TestNG-test-Test-2] INFO  verifyingDiscountFilterFunctionality_Laptop_11-27-28 - [verifyingDiscountFilterFunctionality_Laptop_11-27-28]  Added 'filter','title','keyFeatures', 'about', 'techDetails' into the Map -> productResult
11:29:33 [TestNG-test-Test-2] INFO  verifyingDiscountFilterFunctionality_Laptop_11-27-28 - [verifyingDiscountFilterFunctionality_Laptop_11-27-28]  Added 'productResult' Map into the 'results' i.e list of maps 
11:29:33 [TestNG-test-Test-2] INFO  verifyingDiscountFilterFunctionality_Laptop_11-27-28 - [verifyingDiscountFilterFunctionality_Laptop_11-27-28]==========================================================================================================
11:29:33 [TestNG-test-Test-2] INFO  verifyingDiscountFilterFunctionality_Laptop_11-27-28 - [verifyingDiscountFilterFunctionality_Laptop_11-27-28] Within safeClick method
11:29:34 [TestNG-test-Test-2] INFO  verifyingDiscountFilterFunctionality_Laptop_11-27-28 - [verifyingDiscountFilterFunctionality_Laptop_11-27-28] Clicked the  [[ChromeDriver: chrome on windows (50a2eba6b1e4b6c484b51dcef15c358a)] -> xpath: //span[@class='a-size-base a-color-base' and text()='Clear']]   using safeClick
11:29:34 [TestNG-test-Test-2] INFO  verifyingDiscountFilterFunctionality_Laptop_11-27-28 - [verifyingDiscountFilterFunctionality_Laptop_11-27-28] Clearing the filter value ->35% Off or morewithin productNameListingPage loop
11:29:34 [TestNG-test-Test-2] INFO  verifyingDiscountFilterFunctionality_Laptop_11-27-28 - [verifyingDiscountFilterFunctionality_Laptop_11-27-28]==========================================================================================================
11:29:34 [TestNG-test-Test-2] INFO  verifyingDiscountFilterFunctionality_Laptop_11-27-28 - [verifyingDiscountFilterFunctionality_Laptop_11-27-28]==========================================================================================================
11:29:34 [TestNG-test-Test-2] INFO  verifyingDiscountFilterFunctionality_Laptop_11-27-28 - [verifyingDiscountFilterFunctionality_Laptop_11-27-28] returning the 'results' i.e list of Maps
11:29:34 [TestNG-test-Test-2] ERROR verifyingDiscountFilterFunctionality_Laptop_11-27-28 - [verifyingDiscountFilterFunctionality_Laptop_11-27-28] Text Not present within Under containsCheck Method, text checked is  10%
11:29:34 [TestNG-test-Test-2] ERROR verifyingDiscountFilterFunctionality_Laptop_11-27-28 - [verifyingDiscountFilterFunctionality_Laptop_11-27-28] Text Not present within Under containsCheck Method, text checked is  off
11:29:34 [TestNG-test-Test-2] ERROR verifyingDiscountFilterFunctionality_Laptop_11-27-28 - [verifyingDiscountFilterFunctionality_Laptop_11-27-28] Text Not present within Under containsCheck Method, text checked is  or
11:29:34 [TestNG-test-Test-2] ERROR verifyingDiscountFilterFunctionality_Laptop_11-27-28 - [verifyingDiscountFilterFunctionality_Laptop_11-27-28] Text Not present within Under containsCheck Method, text checked is  more
11:29:34 [TestNG-test-Test-2] ERROR verifyingDiscountFilterFunctionality_Laptop_11-27-28 - [verifyingDiscountFilterFunctionality_Laptop_11-27-28] Text Not present within Under containsCheck Method, text checked is  10%
11:29:34 [TestNG-test-Test-2] ERROR verifyingDiscountFilterFunctionality_Laptop_11-27-28 - [verifyingDiscountFilterFunctionality_Laptop_11-27-28] Text Not present within Under containsCheck Method, text checked is  off
11:29:34 [TestNG-test-Test-2] ERROR verifyingDiscountFilterFunctionality_Laptop_11-27-28 - [verifyingDiscountFilterFunctionality_Laptop_11-27-28] Text present within Under containsCheck Method, text checked is  or
11:29:34 [TestNG-test-Test-2] ERROR verifyingDiscountFilterFunctionality_Laptop_11-27-28 - [verifyingDiscountFilterFunctionality_Laptop_11-27-28] Text Not present within Under containsCheck Method, text checked is  more
11:29:34 [TestNG-test-Test-2] ERROR verifyingDiscountFilterFunctionality_Laptop_11-27-28 - [verifyingDiscountFilterFunctionality_Laptop_11-27-28] Text Not present within Under containsCheck Method, text checked is  10%
11:29:34 [TestNG-test-Test-2] ERROR verifyingDiscountFilterFunctionality_Laptop_11-27-28 - [verifyingDiscountFilterFunctionality_Laptop_11-27-28] Text present within Under containsCheck Method, text checked is  off
11:29:34 [TestNG-test-Test-2] ERROR verifyingDiscountFilterFunctionality_Laptop_11-27-28 - [verifyingDiscountFilterFunctionality_Laptop_11-27-28] Text present within Under containsCheck Method, text checked is  or
11:29:34 [TestNG-test-Test-2] ERROR verifyingDiscountFilterFunctionality_Laptop_11-27-28 - [verifyingDiscountFilterFunctionality_Laptop_11-27-28] Text present within Under containsCheck Method, text checked is  more
11:29:34 [TestNG-test-Test-2] ERROR verifyingDiscountFilterFunctionality_Laptop_11-27-28 - [verifyingDiscountFilterFunctionality_Laptop_11-27-28] Text Not present within Under containsCheck Method, text checked is  10%
11:29:34 [TestNG-test-Test-2] ERROR verifyingDiscountFilterFunctionality_Laptop_11-27-28 - [verifyingDiscountFilterFunctionality_Laptop_11-27-28] Text Not present within Under containsCheck Method, text checked is  off
11:29:34 [TestNG-test-Test-2] ERROR verifyingDiscountFilterFunctionality_Laptop_11-27-28 - [verifyingDiscountFilterFunctionality_Laptop_11-27-28] Text present within Under containsCheck Method, text checked is  or
11:29:34 [TestNG-test-Test-2] ERROR verifyingDiscountFilterFunctionality_Laptop_11-27-28 - [verifyingDiscountFilterFunctionality_Laptop_11-27-28] Text Not present within Under containsCheck Method, text checked is  more
11:29:34 [TestNG-test-Test-2] ERROR verifyingDiscountFilterFunctionality_Laptop_11-27-28 - [verifyingDiscountFilterFunctionality_Laptop_11-27-28] Mismatch found for filter '10% off or more' on product 'lenovo v15 g4 amd ryzen 5 7520u 15.6 inch fhd laptop'
11:29:34 [TestNG-test-Test-2] ERROR verifyingDiscountFilterFunctionality_Laptop_11-27-28 - [verifyingDiscountFilterFunctionality_Laptop_11-27-28] Text Not present within Under containsCheck Method, text checked is  10%
11:29:34 [TestNG-test-Test-2] ERROR verifyingDiscountFilterFunctionality_Laptop_11-27-28 - [verifyingDiscountFilterFunctionality_Laptop_11-27-28] Text present within Under containsCheck Method, text checked is  off
11:29:34 [TestNG-test-Test-2] ERROR verifyingDiscountFilterFunctionality_Laptop_11-27-28 - [verifyingDiscountFilterFunctionality_Laptop_11-27-28] Text present within Under containsCheck Method, text checked is  or
11:29:34 [TestNG-test-Test-2] ERROR verifyingDiscountFilterFunctionality_Laptop_11-27-28 - [verifyingDiscountFilterFunctionality_Laptop_11-27-28] Text Not present within Under containsCheck Method, text checked is  more
11:29:34 [TestNG-test-Test-2] ERROR verifyingDiscountFilterFunctionality_Laptop_11-27-28 - [verifyingDiscountFilterFunctionality_Laptop_11-27-28] Text Not present within Under containsCheck Method, text checked is  10%
11:29:34 [TestNG-test-Test-2] ERROR verifyingDiscountFilterFunctionality_Laptop_11-27-28 - [verifyingDiscountFilterFunctionality_Laptop_11-27-28] Text Not present within Under containsCheck Method, text checked is  off
11:29:34 [TestNG-test-Test-2] ERROR verifyingDiscountFilterFunctionality_Laptop_11-27-28 - [verifyingDiscountFilterFunctionality_Laptop_11-27-28] Text present within Under containsCheck Method, text checked is  or
11:29:34 [TestNG-test-Test-2] ERROR verifyingDiscountFilterFunctionality_Laptop_11-27-28 - [verifyingDiscountFilterFunctionality_Laptop_11-27-28] Text Not present within Under containsCheck Method, text checked is  more
11:29:34 [TestNG-test-Test-2] ERROR verifyingDiscountFilterFunctionality_Laptop_11-27-28 - [verifyingDiscountFilterFunctionality_Laptop_11-27-28] Text Not present within Under containsCheck Method, text checked is  10%
11:29:34 [TestNG-test-Test-2] ERROR verifyingDiscountFilterFunctionality_Laptop_11-27-28 - [verifyingDiscountFilterFunctionality_Laptop_11-27-28] Text present within Under containsCheck Method, text checked is  off
11:29:34 [TestNG-test-Test-2] ERROR verifyingDiscountFilterFunctionality_Laptop_11-27-28 - [verifyingDiscountFilterFunctionality_Laptop_11-27-28] Text present within Under containsCheck Method, text checked is  or
11:29:34 [TestNG-test-Test-2] ERROR verifyingDiscountFilterFunctionality_Laptop_11-27-28 - [verifyingDiscountFilterFunctionality_Laptop_11-27-28] Text present within Under containsCheck Method, text checked is  more
11:29:34 [TestNG-test-Test-2] ERROR verifyingDiscountFilterFunctionality_Laptop_11-27-28 - [verifyingDiscountFilterFunctionality_Laptop_11-27-28] Text Not present within Under containsCheck Method, text checked is  10%
11:29:34 [TestNG-test-Test-2] ERROR verifyingDiscountFilterFunctionality_Laptop_11-27-28 - [verifyingDiscountFilterFunctionality_Laptop_11-27-28] Text Not present within Under containsCheck Method, text checked is  off
11:29:34 [TestNG-test-Test-2] ERROR verifyingDiscountFilterFunctionality_Laptop_11-27-28 - [verifyingDiscountFilterFunctionality_Laptop_11-27-28] Text present within Under containsCheck Method, text checked is  or
11:29:34 [TestNG-test-Test-2] ERROR verifyingDiscountFilterFunctionality_Laptop_11-27-28 - [verifyingDiscountFilterFunctionality_Laptop_11-27-28] Text Not present within Under containsCheck Method, text checked is  more
11:29:34 [TestNG-test-Test-2] ERROR verifyingDiscountFilterFunctionality_Laptop_11-27-28 - [verifyingDiscountFilterFunctionality_Laptop_11-27-28] Mismatch found for filter '10% off or more' on product 'dell 15 (previously inspiron) laptop, 14th gen intel core i3/core 3 100u processor, 16gb ddr4, 512 ssd, intel uhd graphics, 15.6" fhd 120hz ips ag 250 nit display, win 11 + office 2024, black, 1.63kg'
11:29:34 [TestNG-test-Test-2] ERROR verifyingDiscountFilterFunctionality_Laptop_11-27-28 - [verifyingDiscountFilterFunctionality_Laptop_11-27-28] Text Not present within Under containsCheck Method, text checked is  25%
11:29:34 [TestNG-test-Test-2] ERROR verifyingDiscountFilterFunctionality_Laptop_11-27-28 - [verifyingDiscountFilterFunctionality_Laptop_11-27-28] Text Not present within Under containsCheck Method, text checked is  off
11:29:34 [TestNG-test-Test-2] ERROR verifyingDiscountFilterFunctionality_Laptop_11-27-28 - [verifyingDiscountFilterFunctionality_Laptop_11-27-28] Text Not present within Under containsCheck Method, text checked is  or
11:29:34 [TestNG-test-Test-2] ERROR verifyingDiscountFilterFunctionality_Laptop_11-27-28 - [verifyingDiscountFilterFunctionality_Laptop_11-27-28] Text Not present within Under containsCheck Method, text checked is  more
11:29:34 [TestNG-test-Test-2] ERROR verifyingDiscountFilterFunctionality_Laptop_11-27-28 - [verifyingDiscountFilterFunctionality_Laptop_11-27-28] Text Not present within Under containsCheck Method, text checked is  25%
11:29:34 [TestNG-test-Test-2] ERROR verifyingDiscountFilterFunctionality_Laptop_11-27-28 - [verifyingDiscountFilterFunctionality_Laptop_11-27-28] Text Not present within Under containsCheck Method, text checked is  off
11:29:34 [TestNG-test-Test-2] ERROR verifyingDiscountFilterFunctionality_Laptop_11-27-28 - [verifyingDiscountFilterFunctionality_Laptop_11-27-28] Text present within Under containsCheck Method, text checked is  or
11:29:34 [TestNG-test-Test-2] ERROR verifyingDiscountFilterFunctionality_Laptop_11-27-28 - [verifyingDiscountFilterFunctionality_Laptop_11-27-28] Text Not present within Under containsCheck Method, text checked is  more
11:29:34 [TestNG-test-Test-2] ERROR verifyingDiscountFilterFunctionality_Laptop_11-27-28 - [verifyingDiscountFilterFunctionality_Laptop_11-27-28] Text Not present within Under containsCheck Method, text checked is  25%
11:29:34 [TestNG-test-Test-2] ERROR verifyingDiscountFilterFunctionality_Laptop_11-27-28 - [verifyingDiscountFilterFunctionality_Laptop_11-27-28] Text present within Under containsCheck Method, text checked is  off
11:29:34 [TestNG-test-Test-2] ERROR verifyingDiscountFilterFunctionality_Laptop_11-27-28 - [verifyingDiscountFilterFunctionality_Laptop_11-27-28] Text present within Under containsCheck Method, text checked is  or
11:29:34 [TestNG-test-Test-2] ERROR verifyingDiscountFilterFunctionality_Laptop_11-27-28 - [verifyingDiscountFilterFunctionality_Laptop_11-27-28] Text present within Under containsCheck Method, text checked is  more
11:29:34 [TestNG-test-Test-2] ERROR verifyingDiscountFilterFunctionality_Laptop_11-27-28 - [verifyingDiscountFilterFunctionality_Laptop_11-27-28] Text Not present within Under containsCheck Method, text checked is  25%
11:29:34 [TestNG-test-Test-2] ERROR verifyingDiscountFilterFunctionality_Laptop_11-27-28 - [verifyingDiscountFilterFunctionality_Laptop_11-27-28] Text Not present within Under containsCheck Method, text checked is  off
11:29:34 [TestNG-test-Test-2] ERROR verifyingDiscountFilterFunctionality_Laptop_11-27-28 - [verifyingDiscountFilterFunctionality_Laptop_11-27-28] Text present within Under containsCheck Method, text checked is  or
11:29:34 [TestNG-test-Test-2] ERROR verifyingDiscountFilterFunctionality_Laptop_11-27-28 - [verifyingDiscountFilterFunctionality_Laptop_11-27-28] Text Not present within Under containsCheck Method, text checked is  more
11:29:34 [TestNG-test-Test-2] ERROR verifyingDiscountFilterFunctionality_Laptop_11-27-28 - [verifyingDiscountFilterFunctionality_Laptop_11-27-28] Mismatch found for filter '25% off or more' on product 'lenovo v15 g4 amd ryzen 5 7520u 15.6 inch fhd laptop'
11:29:34 [TestNG-test-Test-2] ERROR verifyingDiscountFilterFunctionality_Laptop_11-27-28 - [verifyingDiscountFilterFunctionality_Laptop_11-27-28] Text Not present within Under containsCheck Method, text checked is  25%
11:29:34 [TestNG-test-Test-2] ERROR verifyingDiscountFilterFunctionality_Laptop_11-27-28 - [verifyingDiscountFilterFunctionality_Laptop_11-27-28] Text Not present within Under containsCheck Method, text checked is  off
11:29:34 [TestNG-test-Test-2] ERROR verifyingDiscountFilterFunctionality_Laptop_11-27-28 - [verifyingDiscountFilterFunctionality_Laptop_11-27-28] Text Not present within Under containsCheck Method, text checked is  or
11:29:34 [TestNG-test-Test-2] ERROR verifyingDiscountFilterFunctionality_Laptop_11-27-28 - [verifyingDiscountFilterFunctionality_Laptop_11-27-28] Text Not present within Under containsCheck Method, text checked is  more
11:29:34 [TestNG-test-Test-2] ERROR verifyingDiscountFilterFunctionality_Laptop_11-27-28 - [verifyingDiscountFilterFunctionality_Laptop_11-27-28] Text Not present within Under containsCheck Method, text checked is  25%
11:29:34 [TestNG-test-Test-2] ERROR verifyingDiscountFilterFunctionality_Laptop_11-27-28 - [verifyingDiscountFilterFunctionality_Laptop_11-27-28] Text Not present within Under containsCheck Method, text checked is  off
11:29:34 [TestNG-test-Test-2] ERROR verifyingDiscountFilterFunctionality_Laptop_11-27-28 - [verifyingDiscountFilterFunctionality_Laptop_11-27-28] Text Not present within Under containsCheck Method, text checked is  or
11:29:34 [TestNG-test-Test-2] ERROR verifyingDiscountFilterFunctionality_Laptop_11-27-28 - [verifyingDiscountFilterFunctionality_Laptop_11-27-28] Text Not present within Under containsCheck Method, text checked is  more
11:29:34 [TestNG-test-Test-2] ERROR verifyingDiscountFilterFunctionality_Laptop_11-27-28 - [verifyingDiscountFilterFunctionality_Laptop_11-27-28] Text Not present within Under containsCheck Method, text checked is  25%
11:29:34 [TestNG-test-Test-2] ERROR verifyingDiscountFilterFunctionality_Laptop_11-27-28 - [verifyingDiscountFilterFunctionality_Laptop_11-27-28] Text present within Under containsCheck Method, text checked is  off
11:29:34 [TestNG-test-Test-2] ERROR verifyingDiscountFilterFunctionality_Laptop_11-27-28 - [verifyingDiscountFilterFunctionality_Laptop_11-27-28] Text present within Under containsCheck Method, text checked is  or
11:29:34 [TestNG-test-Test-2] ERROR verifyingDiscountFilterFunctionality_Laptop_11-27-28 - [verifyingDiscountFilterFunctionality_Laptop_11-27-28] Text present within Under containsCheck Method, text checked is  more
11:29:34 [TestNG-test-Test-2] ERROR verifyingDiscountFilterFunctionality_Laptop_11-27-28 - [verifyingDiscountFilterFunctionality_Laptop_11-27-28] Text Not present within Under containsCheck Method, text checked is  25%
11:29:34 [TestNG-test-Test-2] ERROR verifyingDiscountFilterFunctionality_Laptop_11-27-28 - [verifyingDiscountFilterFunctionality_Laptop_11-27-28] Text Not present within Under containsCheck Method, text checked is  off
11:29:34 [TestNG-test-Test-2] ERROR verifyingDiscountFilterFunctionality_Laptop_11-27-28 - [verifyingDiscountFilterFunctionality_Laptop_11-27-28] Text present within Under containsCheck Method, text checked is  or
11:29:34 [TestNG-test-Test-2] ERROR verifyingDiscountFilterFunctionality_Laptop_11-27-28 - [verifyingDiscountFilterFunctionality_Laptop_11-27-28] Text Not present within Under containsCheck Method, text checked is  more
11:29:34 [TestNG-test-Test-2] ERROR verifyingDiscountFilterFunctionality_Laptop_11-27-28 - [verifyingDiscountFilterFunctionality_Laptop_11-27-28] Mismatch found for filter '25% off or more' on product 'acer one 15 smart laptop ao15-41m-g2 | amd ryzen 3 7320u | amd radeon 610m graphics | 8gb lpddr5 ram | 256gb nvme ssd | 15.6" fhd display | windows 11 home | silver'
11:29:34 [TestNG-test-Test-2] ERROR verifyingDiscountFilterFunctionality_Laptop_11-27-28 - [verifyingDiscountFilterFunctionality_Laptop_11-27-28] Text Not present within Under containsCheck Method, text checked is  35%
11:29:34 [TestNG-test-Test-2] ERROR verifyingDiscountFilterFunctionality_Laptop_11-27-28 - [verifyingDiscountFilterFunctionality_Laptop_11-27-28] Text Not present within Under containsCheck Method, text checked is  off
11:29:34 [TestNG-test-Test-2] ERROR verifyingDiscountFilterFunctionality_Laptop_11-27-28 - [verifyingDiscountFilterFunctionality_Laptop_11-27-28] Text Not present within Under containsCheck Method, text checked is  or
11:29:34 [TestNG-test-Test-2] ERROR verifyingDiscountFilterFunctionality_Laptop_11-27-28 - [verifyingDiscountFilterFunctionality_Laptop_11-27-28] Text Not present within Under containsCheck Method, text checked is  more
11:29:34 [TestNG-test-Test-2] ERROR verifyingDiscountFilterFunctionality_Laptop_11-27-28 - [verifyingDiscountFilterFunctionality_Laptop_11-27-28] Text Not present within Under containsCheck Method, text checked is  35%
11:29:34 [TestNG-test-Test-2] ERROR verifyingDiscountFilterFunctionality_Laptop_11-27-28 - [verifyingDiscountFilterFunctionality_Laptop_11-27-28] Text Not present within Under containsCheck Method, text checked is  off
11:29:34 [TestNG-test-Test-2] ERROR verifyingDiscountFilterFunctionality_Laptop_11-27-28 - [verifyingDiscountFilterFunctionality_Laptop_11-27-28] Text present within Under containsCheck Method, text checked is  or
11:29:34 [TestNG-test-Test-2] ERROR verifyingDiscountFilterFunctionality_Laptop_11-27-28 - [verifyingDiscountFilterFunctionality_Laptop_11-27-28] Text Not present within Under containsCheck Method, text checked is  more
11:29:34 [TestNG-test-Test-2] ERROR verifyingDiscountFilterFunctionality_Laptop_11-27-28 - [verifyingDiscountFilterFunctionality_Laptop_11-27-28] Text Not present within Under containsCheck Method, text checked is  35%
11:29:34 [TestNG-test-Test-2] ERROR verifyingDiscountFilterFunctionality_Laptop_11-27-28 - [verifyingDiscountFilterFunctionality_Laptop_11-27-28] Text present within Under containsCheck Method, text checked is  off
11:29:34 [TestNG-test-Test-2] ERROR verifyingDiscountFilterFunctionality_Laptop_11-27-28 - [verifyingDiscountFilterFunctionality_Laptop_11-27-28] Text present within Under containsCheck Method, text checked is  or
11:29:34 [TestNG-test-Test-2] ERROR verifyingDiscountFilterFunctionality_Laptop_11-27-28 - [verifyingDiscountFilterFunctionality_Laptop_11-27-28] Text present within Under containsCheck Method, text checked is  more
11:29:34 [TestNG-test-Test-2] ERROR verifyingDiscountFilterFunctionality_Laptop_11-27-28 - [verifyingDiscountFilterFunctionality_Laptop_11-27-28] Text Not present within Under containsCheck Method, text checked is  35%
11:29:34 [TestNG-test-Test-2] ERROR verifyingDiscountFilterFunctionality_Laptop_11-27-28 - [verifyingDiscountFilterFunctionality_Laptop_11-27-28] Text Not present within Under containsCheck Method, text checked is  off
11:29:34 [TestNG-test-Test-2] ERROR verifyingDiscountFilterFunctionality_Laptop_11-27-28 - [verifyingDiscountFilterFunctionality_Laptop_11-27-28] Text present within Under containsCheck Method, text checked is  or
11:29:34 [TestNG-test-Test-2] ERROR verifyingDiscountFilterFunctionality_Laptop_11-27-28 - [verifyingDiscountFilterFunctionality_Laptop_11-27-28] Text Not present within Under containsCheck Method, text checked is  more
11:29:34 [TestNG-test-Test-2] ERROR verifyingDiscountFilterFunctionality_Laptop_11-27-28 - [verifyingDiscountFilterFunctionality_Laptop_11-27-28] Mismatch found for filter '35% off or more' on product 'acer smartchoice aspire one, amd ryzen 3-7320u, 8gb lpddr5 ram/ 256gb ssd, 14.0"/35.56cm tn hd display, win 11 home, pure silver, 1.48kg, a114-43, thin and light laptop'
11:29:34 [TestNG-test-Test-2] ERROR verifyingDiscountFilterFunctionality_Laptop_11-27-28 - [verifyingDiscountFilterFunctionality_Laptop_11-27-28] Text Not present within Under containsCheck Method, text checked is  35%
11:29:34 [TestNG-test-Test-2] ERROR verifyingDiscountFilterFunctionality_Laptop_11-27-28 - [verifyingDiscountFilterFunctionality_Laptop_11-27-28] Text present within Under containsCheck Method, text checked is  off
11:29:34 [TestNG-test-Test-2] ERROR verifyingDiscountFilterFunctionality_Laptop_11-27-28 - [verifyingDiscountFilterFunctionality_Laptop_11-27-28] Text Not present within Under containsCheck Method, text checked is  or
11:29:34 [TestNG-test-Test-2] ERROR verifyingDiscountFilterFunctionality_Laptop_11-27-28 - [verifyingDiscountFilterFunctionality_Laptop_11-27-28] Text Not present within Under containsCheck Method, text checked is  more
11:29:34 [TestNG-test-Test-2] ERROR verifyingDiscountFilterFunctionality_Laptop_11-27-28 - [verifyingDiscountFilterFunctionality_Laptop_11-27-28] Text Not present within Under containsCheck Method, text checked is  35%
11:29:34 [TestNG-test-Test-2] ERROR verifyingDiscountFilterFunctionality_Laptop_11-27-28 - [verifyingDiscountFilterFunctionality_Laptop_11-27-28] Text Not present within Under containsCheck Method, text checked is  off
11:29:34 [TestNG-test-Test-2] ERROR verifyingDiscountFilterFunctionality_Laptop_11-27-28 - [verifyingDiscountFilterFunctionality_Laptop_11-27-28] Text Not present within Under containsCheck Method, text checked is  or
11:29:34 [TestNG-test-Test-2] ERROR verifyingDiscountFilterFunctionality_Laptop_11-27-28 - [verifyingDiscountFilterFunctionality_Laptop_11-27-28] Text Not present within Under containsCheck Method, text checked is  more
11:29:34 [TestNG-test-Test-2] ERROR verifyingDiscountFilterFunctionality_Laptop_11-27-28 - [verifyingDiscountFilterFunctionality_Laptop_11-27-28] Text Not present within Under containsCheck Method, text checked is  35%
11:29:34 [TestNG-test-Test-2] ERROR verifyingDiscountFilterFunctionality_Laptop_11-27-28 - [verifyingDiscountFilterFunctionality_Laptop_11-27-28] Text present within Under containsCheck Method, text checked is  off
11:29:34 [TestNG-test-Test-2] ERROR verifyingDiscountFilterFunctionality_Laptop_11-27-28 - [verifyingDiscountFilterFunctionality_Laptop_11-27-28] Text present within Under containsCheck Method, text checked is  or
11:29:34 [TestNG-test-Test-2] ERROR verifyingDiscountFilterFunctionality_Laptop_11-27-28 - [verifyingDiscountFilterFunctionality_Laptop_11-27-28] Text present within Under containsCheck Method, text checked is  more
11:29:34 [TestNG-test-Test-2] ERROR verifyingDiscountFilterFunctionality_Laptop_11-27-28 - [verifyingDiscountFilterFunctionality_Laptop_11-27-28] Text Not present within Under containsCheck Method, text checked is  35%
11:29:34 [TestNG-test-Test-2] ERROR verifyingDiscountFilterFunctionality_Laptop_11-27-28 - [verifyingDiscountFilterFunctionality_Laptop_11-27-28] Text Not present within Under containsCheck Method, text checked is  off
11:29:34 [TestNG-test-Test-2] ERROR verifyingDiscountFilterFunctionality_Laptop_11-27-28 - [verifyingDiscountFilterFunctionality_Laptop_11-27-28] Text present within Under containsCheck Method, text checked is  or
11:29:34 [TestNG-test-Test-2] ERROR verifyingDiscountFilterFunctionality_Laptop_11-27-28 - [verifyingDiscountFilterFunctionality_Laptop_11-27-28] Text Not present within Under containsCheck Method, text checked is  more
11:29:34 [TestNG-test-Test-2] ERROR verifyingDiscountFilterFunctionality_Laptop_11-27-28 - [verifyingDiscountFilterFunctionality_Laptop_11-27-28] Mismatch found for filter '35% off or more' on product 'lenovo ideapad slim 3 ryzen 3 30 15.6" (39.6cm) fhd thin and light laptop (8gb ram/512gb ssd/amd radeon 610m graphics/windows 11/office 2024/grey/1.6kg), 82xq01vyin'
11:29:34 [TestNG-test-Test-2] INFO  verifyingDiscountFilterFunctionality_Laptop_11-27-28 - [verifyingDiscountFilterFunctionality_Laptop_11-27-28]  Final assertion for Discount filter validation...
