16:38:09 [TestNG-test-Test-1] INFO  verifyingBatteryCapacityFilterFunctionality_Mobile_16-38-09 - No existing WebDriver found for current thread. Initializing a new ChromeDriver...
16:38:09 [TestNG-test-Test-1] INFO  verifyingBatteryCapacityFilterFunctionality_Mobile_16-38-09 - Loaded config from classpath: configs/UtilData.properties
16:38:12 [TestNG-test-Test-1] INFO  verifyingBatteryCapacityFilterFunctionality_Mobile_16-38-09 - WebDriverManager: chromedriver setup OK
16:38:22 [TestNG-test-Test-1] INFO  verifyingBatteryCapacityFilterFunctionality_Mobile_16-38-09 - ChromeDriver initialized successfully for thread: 34
16:38:27 [TestNG-test-Test-1] INFO  verifyingBatteryCapacityFilterFunctionality_Mobile_16-38-09 - [verifyingBatteryCapacityFilterFunctionality_Mobile_16-38-09] Opening amazon Landing page
16:38:27 [TestNG-test-Test-1] INFO  verifyingBatteryCapacityFilterFunctionality_Mobile_16-38-09 - [verifyingBatteryCapacityFilterFunctionality_Mobile_16-38-09] Within safeFindElement method
16:38:27 [TestNG-test-Test-1] INFO  verifyingBatteryCapacityFilterFunctionality_Mobile_16-38-09 - [verifyingBatteryCapacityFilterFunctionality_Mobile_16-38-09]Found the element returning it ,element ->[[ChromeDriver: chrome on windows (b2a7484371ced5eaf393f7313a8365cd)] -> xpath: //a[@id='nav-logo-sprites']]
16:38:29 [TestNG-test-Test-1] INFO  verifyingBatteryCapacityFilterFunctionality_Mobile_16-38-09 - [verifyingBatteryCapacityFilterFunctionality_Mobile_16-38-09] Giving input within the search bar
16:38:29 [TestNG-test-Test-1] INFO  verifyingBatteryCapacityFilterFunctionality_Mobile_16-38-09 - [verifyingBatteryCapacityFilterFunctionality_Mobile_16-38-09] Within safeClick method
16:38:33 [TestNG-test-Test-1] INFO  verifyingBatteryCapacityFilterFunctionality_Mobile_16-38-09 - [verifyingBatteryCapacityFilterFunctionality_Mobile_16-38-09] Clicked the  [[ChromeDriver: chrome on windows (b2a7484371ced5eaf393f7313a8365cd)] -> xpath: //input[@id='nav-search-submit-button']]   using safeClick
16:38:33 [TestNG-test-Test-1] INFO  verifyingBatteryCapacityFilterFunctionality_Mobile_16-38-09 - [verifyingBatteryCapacityFilterFunctionality_Mobile_16-38-09] Clicking on the submit in the search bar
16:38:34 [TestNG-test-Test-1] INFO  verifyingBatteryCapacityFilterFunctionality_Mobile_16-38-09 - [verifyingBatteryCapacityFilterFunctionality_Mobile_16-38-09] Within filterCheckUnderList method
16:38:35 [TestNG-test-Test-1] INFO  verifyingBatteryCapacityFilterFunctionality_Mobile_16-38-09 - [verifyingBatteryCapacityFilterFunctionality_Mobile_16-38-09] Found the Filter within the filter check List
16:38:35 [TestNG-test-Test-1] INFO  verifyingBatteryCapacityFilterFunctionality_Mobile_16-38-09 - [verifyingBatteryCapacityFilterFunctionality_Mobile_16-38-09] Within applyFilterAndValidateProductsWithResult method
16:38:35 [TestNG-test-Test-1] INFO  verifyingBatteryCapacityFilterFunctionality_Mobile_16-38-09 - [verifyingBatteryCapacityFilterFunctionality_Mobile_16-38-09] Within safeFindElements 
16:38:35 [TestNG-test-Test-1] INFO  verifyingBatteryCapacityFilterFunctionality_Mobile_16-38-09 - [verifyingBatteryCapacityFilterFunctionality_Mobile_16-38-09] Returning the  [[[ChromeDriver: chrome on windows (b2a7484371ced5eaf393f7313a8365cd)] -> xpath: //span[@class='a-size-base a-color-base puis-bold-weight-text' and text()='Battery Capacity']/parent::div/following-sibling::ul//span[@class='a-size-base a-color-base']], [[ChromeDriver: chrome on windows (b2a7484371ced5eaf393f7313a8365cd)] -> xpath: //span[@class='a-size-base a-color-base puis-bold-weight-text' and text()='Battery Capacity']/parent::div/following-sibling::ul//span[@class='a-size-base a-color-base']], [[ChromeDriver: chrome on windows (b2a7484371ced5eaf393f7313a8365cd)] -> xpath: //span[@class='a-size-base a-color-base puis-bold-weight-text' and text()='Battery Capacity']/parent::div/following-sibling::ul//span[@class='a-size-base a-color-base']], [[ChromeDriver: chrome on windows (b2a7484371ced5eaf393f7313a8365cd)] -> xpath: //span[@class='a-size-base a-color-base puis-bold-weight-text' and text()='Battery Capacity']/parent::div/following-sibling::ul//span[@class='a-size-base a-color-base']], [[ChromeDriver: chrome on windows (b2a7484371ced5eaf393f7313a8365cd)] -> xpath: //span[@class='a-size-base a-color-base puis-bold-weight-text' and text()='Battery Capacity']/parent::div/following-sibling::ul//span[@class='a-size-base a-color-base']]] from the safeFindElements method
16:38:35 [TestNG-test-Test-1] INFO  verifyingBatteryCapacityFilterFunctionality_Mobile_16-38-09 - [verifyingBatteryCapacityFilterFunctionality_Mobile_16-38-09] Within applyFilterAndValidateProductsWithResult filterOptions size is -> 5
16:38:35 [TestNG-test-Test-1] INFO  verifyingBatteryCapacityFilterFunctionality_Mobile_16-38-09 - [verifyingBatteryCapacityFilterFunctionality_Mobile_16-38-09] Execution is Not CRON Job Hence refering to normal keys from UtilData
16:38:35 [TestNG-test-Test-1] INFO  verifyingBatteryCapacityFilterFunctionality_Mobile_16-38-09 - [verifyingBatteryCapacityFilterFunctionality_Mobile_16-38-09] Within filterOptions loop in applyFilterAndValidateProductsWithResult
16:38:35 [TestNG-test-Test-1] INFO  verifyingBatteryCapacityFilterFunctionality_Mobile_16-38-09 - [verifyingBatteryCapacityFilterFunctionality_Mobile_16-38-09] Within safeFindElements 
16:38:35 [TestNG-test-Test-1] INFO  verifyingBatteryCapacityFilterFunctionality_Mobile_16-38-09 - [verifyingBatteryCapacityFilterFunctionality_Mobile_16-38-09] Returning the  [[[ChromeDriver: chrome on windows (b2a7484371ced5eaf393f7313a8365cd)] -> xpath: //span[@class='a-size-base a-color-base puis-bold-weight-text' and text()='Battery Capacity']/parent::div/following-sibling::ul//span[@class='a-size-base a-color-base']], [[ChromeDriver: chrome on windows (b2a7484371ced5eaf393f7313a8365cd)] -> xpath: //span[@class='a-size-base a-color-base puis-bold-weight-text' and text()='Battery Capacity']/parent::div/following-sibling::ul//span[@class='a-size-base a-color-base']], [[ChromeDriver: chrome on windows (b2a7484371ced5eaf393f7313a8365cd)] -> xpath: //span[@class='a-size-base a-color-base puis-bold-weight-text' and text()='Battery Capacity']/parent::div/following-sibling::ul//span[@class='a-size-base a-color-base']], [[ChromeDriver: chrome on windows (b2a7484371ced5eaf393f7313a8365cd)] -> xpath: //span[@class='a-size-base a-color-base puis-bold-weight-text' and text()='Battery Capacity']/parent::div/following-sibling::ul//span[@class='a-size-base a-color-base']], [[ChromeDriver: chrome on windows (b2a7484371ced5eaf393f7313a8365cd)] -> xpath: //span[@class='a-size-base a-color-base puis-bold-weight-text' and text()='Battery Capacity']/parent::div/following-sibling::ul//span[@class='a-size-base a-color-base']]] from the safeFindElements method
16:38:35 [TestNG-test-Test-1] INFO  verifyingBatteryCapacityFilterFunctionality_Mobile_16-38-09 - [verifyingBatteryCapacityFilterFunctionality_Mobile_16-38-09] Trying to read filter option 0 (attempt 1/3)
16:38:35 [TestNG-test-Test-1] INFO  verifyingBatteryCapacityFilterFunctionality_Mobile_16-38-09 - [verifyingBatteryCapacityFilterFunctionality_Mobile_16-38-09] Successfully read filter option 0 = 'Up to 2,999 mAh'
16:38:35 [TestNG-test-Test-1] INFO  verifyingBatteryCapacityFilterFunctionality_Mobile_16-38-09 - [verifyingBatteryCapacityFilterFunctionality_Mobile_16-38-09] Within getfilterByTypeAndName method
16:38:35 [TestNG-test-Test-1] INFO  verifyingBatteryCapacityFilterFunctionality_Mobile_16-38-09 - [verifyingBatteryCapacityFilterFunctionality_Mobile_16-38-09] Within safeClickBooleanWithScreenShot method
16:38:35 [TestNG-test-Test-1] INFO  verifyingBatteryCapacityFilterFunctionality_Mobile_16-38-09 - [verifyingBatteryCapacityFilterFunctionality_Mobile_16-38-09] Within getAppliedfilterByTypeAndName method
16:38:35 [TestNG-test-Test-1] INFO  verifyingBatteryCapacityFilterFunctionality_Mobile_16-38-09 - [verifyingBatteryCapacityFilterFunctionality_Mobile_16-38-09] Within smoothScrollToElement method
16:38:35 [TestNG-test-Test-1] INFO  verifyingBatteryCapacityFilterFunctionality_Mobile_16-38-09 - [verifyingBatteryCapacityFilterFunctionality_Mobile_16-38-09] Within safeFindElement method
16:38:35 [TestNG-test-Test-1] INFO  verifyingBatteryCapacityFilterFunctionality_Mobile_16-38-09 - [verifyingBatteryCapacityFilterFunctionality_Mobile_16-38-09]Found the element returning it ,element ->[[ChromeDriver: chrome on windows (b2a7484371ced5eaf393f7313a8365cd)] -> xpath: //span[@class='a-size-base a-color-base puis-bold-weight-text' and text()='Battery Capacity']]
16:38:35 [TestNG-test-Test-1] INFO  verifyingBatteryCapacityFilterFunctionality_Mobile_16-38-09 - [verifyingBatteryCapacityFilterFunctionality_Mobile_16-38-09] Successfully scrolled to element: By.xpath: //span[@class='a-size-base a-color-base puis-bold-weight-text' and text()='Battery Capacity']
16:38:35 [TestNG-test-Test-1] INFO  verifyingBatteryCapacityFilterFunctionality_Mobile_16-38-09 - [verifyingBatteryCapacityFilterFunctionality_Mobile_16-38-09] Within getMoreButtonByFilterTypeAndName method
16:38:35 [TestNG-test-Test-1] INFO  verifyingBatteryCapacityFilterFunctionality_Mobile_16-38-09 - [verifyingBatteryCapacityFilterFunctionality_Mobile_16-38-09] could not find more button
16:38:38 [TestNG-test-Test-1] INFO  verifyingBatteryCapacityFilterFunctionality_Mobile_16-38-09 - [verifyingBatteryCapacityFilterFunctionality_Mobile_16-38-09] Within getAppliedfilterByTypeAndName method
16:38:38 [TestNG-test-Test-1] INFO  verifyingBatteryCapacityFilterFunctionality_Mobile_16-38-09 - [verifyingBatteryCapacityFilterFunctionality_Mobile_16-38-09] Within smoothScrollToElement method
16:38:38 [TestNG-test-Test-1] INFO  verifyingBatteryCapacityFilterFunctionality_Mobile_16-38-09 - [verifyingBatteryCapacityFilterFunctionality_Mobile_16-38-09] Within safeFindElement method
16:38:39 [TestNG-test-Test-1] INFO  verifyingBatteryCapacityFilterFunctionality_Mobile_16-38-09 - [verifyingBatteryCapacityFilterFunctionality_Mobile_16-38-09]Found the element returning it ,element ->[[ChromeDriver: chrome on windows (b2a7484371ced5eaf393f7313a8365cd)] -> xpath: //span[@class='a-size-base a-color-base puis-bold-weight-text' and text()='Battery Capacity']]
16:38:39 [TestNG-test-Test-1] INFO  verifyingBatteryCapacityFilterFunctionality_Mobile_16-38-09 - [verifyingBatteryCapacityFilterFunctionality_Mobile_16-38-09] Successfully scrolled to element: By.xpath: //span[@class='a-size-base a-color-base puis-bold-weight-text' and text()='Battery Capacity']
16:38:39 [TestNG-test-Test-1] INFO  verifyingBatteryCapacityFilterFunctionality_Mobile_16-38-09 - [verifyingBatteryCapacityFilterFunctionality_Mobile_16-38-09] Within getMoreButtonByFilterTypeAndName method
16:38:39 [TestNG-test-Test-1] INFO  verifyingBatteryCapacityFilterFunctionality_Mobile_16-38-09 - [verifyingBatteryCapacityFilterFunctionality_Mobile_16-38-09] could not find more button
16:38:39 [TestNG-test-Test-1] INFO  verifyingBatteryCapacityFilterFunctionality_Mobile_16-38-09 - [verifyingBatteryCapacityFilterFunctionality_Mobile_16-38-09] Within getfilterByTypeAndName method
16:38:39 [TestNG-test-Test-1] INFO  verifyingBatteryCapacityFilterFunctionality_Mobile_16-38-09 - [verifyingBatteryCapacityFilterFunctionality_Mobile_16-38-09] Within smoothScrollToElement method
16:38:39 [TestNG-test-Test-1] INFO  verifyingBatteryCapacityFilterFunctionality_Mobile_16-38-09 - [verifyingBatteryCapacityFilterFunctionality_Mobile_16-38-09] Within safeFindElement method
16:38:39 [TestNG-test-Test-1] INFO  verifyingBatteryCapacityFilterFunctionality_Mobile_16-38-09 - [verifyingBatteryCapacityFilterFunctionality_Mobile_16-38-09]Found the element returning it ,element ->[[ChromeDriver: chrome on windows (b2a7484371ced5eaf393f7313a8365cd)] -> xpath: //span[@class='a-size-base a-color-base puis-bold-weight-text' and text()='Battery Capacity']/parent::div/following-sibling::ul//span[@class='a-size-base a-color-base a-text-bold' and text()='Up to 2,999 mAh']]
16:38:39 [TestNG-test-Test-1] INFO  verifyingBatteryCapacityFilterFunctionality_Mobile_16-38-09 - [verifyingBatteryCapacityFilterFunctionality_Mobile_16-38-09] Successfully scrolled to element: By.xpath: //span[@class='a-size-base a-color-base puis-bold-weight-text' and text()='Battery Capacity']/parent::div/following-sibling::ul//span[@class='a-size-base a-color-base a-text-bold' and text()='Up to 2,999 mAh']
16:38:39 [TestNG-test-Test-1] INFO  verifyingBatteryCapacityFilterFunctionality_Mobile_16-38-09 - [verifyingBatteryCapacityFilterFunctionality_Mobile_16-38-09] Clicked the element using safe click ,element is [[ChromeDriver: chrome on windows (b2a7484371ced5eaf393f7313a8365cd)] -> xpath: //span[@class='a-size-base a-color-base puis-bold-weight-text' and text()='Battery Capacity']/parent::div/following-sibling::ul//span[@class='a-size-base a-color-base' and text()='Up to 2,999 mAh']]
16:38:40 [TestNG-test-Test-1] INFO  verifyingBatteryCapacityFilterFunctionality_Mobile_16-38-09 - [verifyingBatteryCapacityFilterFunctionality_Mobile_16-38-09] Within safeFindElements 
16:38:40 [TestNG-test-Test-1] INFO  verifyingBatteryCapacityFilterFunctionality_Mobile_16-38-09 - [verifyingBatteryCapacityFilterFunctionality_Mobile_16-38-09] Returning the  [[[ChromeDriver: chrome on windows (b2a7484371ced5eaf393f7313a8365cd)] -> xpath: //div[@data-cy='title-recipe']], [[ChromeDriver: chrome on windows (b2a7484371ced5eaf393f7313a8365cd)] -> xpath: //div[@data-cy='title-recipe']], [[ChromeDriver: chrome on windows (b2a7484371ced5eaf393f7313a8365cd)] -> xpath: //div[@data-cy='title-recipe']], [[ChromeDriver: chrome on windows (b2a7484371ced5eaf393f7313a8365cd)] -> xpath: //div[@data-cy='title-recipe']], [[ChromeDriver: chrome on windows (b2a7484371ced5eaf393f7313a8365cd)] -> xpath: //div[@data-cy='title-recipe']], [[ChromeDriver: chrome on windows (b2a7484371ced5eaf393f7313a8365cd)] -> xpath: //div[@data-cy='title-recipe']], [[ChromeDriver: chrome on windows (b2a7484371ced5eaf393f7313a8365cd)] -> xpath: //div[@data-cy='title-recipe']], [[ChromeDriver: chrome on windows (b2a7484371ced5eaf393f7313a8365cd)] -> xpath: //div[@data-cy='title-recipe']], [[ChromeDriver: chrome on windows (b2a7484371ced5eaf393f7313a8365cd)] -> xpath: //div[@data-cy='title-recipe']], [[ChromeDriver: chrome on windows (b2a7484371ced5eaf393f7313a8365cd)] -> xpath: //div[@data-cy='title-recipe']], [[ChromeDriver: chrome on windows (b2a7484371ced5eaf393f7313a8365cd)] -> xpath: //div[@data-cy='title-recipe']], [[ChromeDriver: chrome on windows (b2a7484371ced5eaf393f7313a8365cd)] -> xpath: //div[@data-cy='title-recipe']], [[ChromeDriver: chrome on windows (b2a7484371ced5eaf393f7313a8365cd)] -> xpath: //div[@data-cy='title-recipe']], [[ChromeDriver: chrome on windows (b2a7484371ced5eaf393f7313a8365cd)] -> xpath: //div[@data-cy='title-recipe']], [[ChromeDriver: chrome on windows (b2a7484371ced5eaf393f7313a8365cd)] -> xpath: //div[@data-cy='title-recipe']], [[ChromeDriver: chrome on windows (b2a7484371ced5eaf393f7313a8365cd)] -> xpath: //div[@data-cy='title-recipe']]] from the safeFindElements method
16:38:40 [TestNG-test-Test-1] INFO  verifyingBatteryCapacityFilterFunctionality_Mobile_16-38-09 - [verifyingBatteryCapacityFilterFunctionality_Mobile_16-38-09] Execution is Not CRON Job Hence refering to normal keys from UtilData
16:38:40 [TestNG-test-Test-1] INFO  verifyingBatteryCapacityFilterFunctionality_Mobile_16-38-09 - [verifyingBatteryCapacityFilterFunctionality_Mobile_16-38-09] Within safeFindElements 
16:38:40 [TestNG-test-Test-1] INFO  verifyingBatteryCapacityFilterFunctionality_Mobile_16-38-09 - [verifyingBatteryCapacityFilterFunctionality_Mobile_16-38-09] Returning the  [[[ChromeDriver: chrome on windows (b2a7484371ced5eaf393f7313a8365cd)] -> xpath: //div[@data-cy='title-recipe']], [[ChromeDriver: chrome on windows (b2a7484371ced5eaf393f7313a8365cd)] -> xpath: //div[@data-cy='title-recipe']], [[ChromeDriver: chrome on windows (b2a7484371ced5eaf393f7313a8365cd)] -> xpath: //div[@data-cy='title-recipe']], [[ChromeDriver: chrome on windows (b2a7484371ced5eaf393f7313a8365cd)] -> xpath: //div[@data-cy='title-recipe']], [[ChromeDriver: chrome on windows (b2a7484371ced5eaf393f7313a8365cd)] -> xpath: //div[@data-cy='title-recipe']], [[ChromeDriver: chrome on windows (b2a7484371ced5eaf393f7313a8365cd)] -> xpath: //div[@data-cy='title-recipe']], [[ChromeDriver: chrome on windows (b2a7484371ced5eaf393f7313a8365cd)] -> xpath: //div[@data-cy='title-recipe']], [[ChromeDriver: chrome on windows (b2a7484371ced5eaf393f7313a8365cd)] -> xpath: //div[@data-cy='title-recipe']], [[ChromeDriver: chrome on windows (b2a7484371ced5eaf393f7313a8365cd)] -> xpath: //div[@data-cy='title-recipe']], [[ChromeDriver: chrome on windows (b2a7484371ced5eaf393f7313a8365cd)] -> xpath: //div[@data-cy='title-recipe']], [[ChromeDriver: chrome on windows (b2a7484371ced5eaf393f7313a8365cd)] -> xpath: //div[@data-cy='title-recipe']], [[ChromeDriver: chrome on windows (b2a7484371ced5eaf393f7313a8365cd)] -> xpath: //div[@data-cy='title-recipe']], [[ChromeDriver: chrome on windows (b2a7484371ced5eaf393f7313a8365cd)] -> xpath: //div[@data-cy='title-recipe']], [[ChromeDriver: chrome on windows (b2a7484371ced5eaf393f7313a8365cd)] -> xpath: //div[@data-cy='title-recipe']], [[ChromeDriver: chrome on windows (b2a7484371ced5eaf393f7313a8365cd)] -> xpath: //div[@data-cy='title-recipe']], [[ChromeDriver: chrome on windows (b2a7484371ced5eaf393f7313a8365cd)] -> xpath: //div[@data-cy='title-recipe']]] from the safeFindElements method
16:38:40 [TestNG-test-Test-1] INFO  verifyingBatteryCapacityFilterFunctionality_Mobile_16-38-09 - [verifyingBatteryCapacityFilterFunctionality_Mobile_16-38-09] Within productNameListingPage loop in applyFilterAndValidateProductsWithResult
16:38:40 [TestNG-test-Test-1] INFO  verifyingBatteryCapacityFilterFunctionality_Mobile_16-38-09 - [verifyingBatteryCapacityFilterFunctionality_Mobile_16-38-09] Within getProductByIndex method
16:38:40 [TestNG-test-Test-1] INFO  verifyingBatteryCapacityFilterFunctionality_Mobile_16-38-09 - [verifyingBatteryCapacityFilterFunctionality_Mobile_16-38-09] Within safeFindElement method
16:38:40 [TestNG-test-Test-1] INFO  verifyingBatteryCapacityFilterFunctionality_Mobile_16-38-09 - [verifyingBatteryCapacityFilterFunctionality_Mobile_16-38-09]Found the element returning it ,element ->[[ChromeDriver: chrome on windows (b2a7484371ced5eaf393f7313a8365cd)] -> xpath: (//div[@data-cy='title-recipe'])[1]]
16:38:40 [TestNG-test-Test-1] INFO  verifyingBatteryCapacityFilterFunctionality_Mobile_16-38-09 - [verifyingBatteryCapacityFilterFunctionality_Mobile_16-38-09] Within getProductByIndex method
16:38:40 [TestNG-test-Test-1] INFO  verifyingBatteryCapacityFilterFunctionality_Mobile_16-38-09 - [verifyingBatteryCapacityFilterFunctionality_Mobile_16-38-09] Within smoothScrollToElement method
16:38:40 [TestNG-test-Test-1] INFO  verifyingBatteryCapacityFilterFunctionality_Mobile_16-38-09 - [verifyingBatteryCapacityFilterFunctionality_Mobile_16-38-09] Within safeFindElement method
16:38:40 [TestNG-test-Test-1] INFO  verifyingBatteryCapacityFilterFunctionality_Mobile_16-38-09 - [verifyingBatteryCapacityFilterFunctionality_Mobile_16-38-09]Found the element returning it ,element ->[[ChromeDriver: chrome on windows (b2a7484371ced5eaf393f7313a8365cd)] -> xpath: (//div[@data-cy='title-recipe'])[1]]
16:38:40 [TestNG-test-Test-1] INFO  verifyingBatteryCapacityFilterFunctionality_Mobile_16-38-09 - [verifyingBatteryCapacityFilterFunctionality_Mobile_16-38-09] Successfully scrolled to element: By.xpath: (//div[@data-cy='title-recipe'])[1]
16:38:40 [TestNG-test-Test-1] INFO  verifyingBatteryCapacityFilterFunctionality_Mobile_16-38-09 - [verifyingBatteryCapacityFilterFunctionality_Mobile_16-38-09] Getting product by index in productNameListingPage loop
16:38:41 [TestNG-test-Test-1] INFO  verifyingBatteryCapacityFilterFunctionality_Mobile_16-38-09 - [verifyingBatteryCapacityFilterFunctionality_Mobile_16-38-09] Opened product in new tab via Ctrl+Click inside productNameListingPage loop
16:38:41 [TestNG-test-Test-1] INFO  verifyingBatteryCapacityFilterFunctionality_Mobile_16-38-09 - [verifyingBatteryCapacityFilterFunctionality_Mobile_16-38-09] Waiting for new window to open...
16:38:41 [TestNG-test-Test-1] INFO  verifyingBatteryCapacityFilterFunctionality_Mobile_16-38-09 - [verifyingBatteryCapacityFilterFunctionality_Mobile_16-38-09] Switched to new window -> 4ACD3C58D51B6DEFB124C53A3D37C8FD
16:38:41 [TestNG-test-Test-1] INFO  verifyingBatteryCapacityFilterFunctionality_Mobile_16-38-09 - [verifyingBatteryCapacityFilterFunctionality_Mobile_16-38-09] Swithcing to the new window  within productNameListingPage loop
16:38:41 [TestNG-test-Test-1] INFO  verifyingBatteryCapacityFilterFunctionality_Mobile_16-38-09 - [verifyingBatteryCapacityFilterFunctionality_Mobile_16-38-09] Clicked product name to open in new tab from productNameListingPage loop
16:38:41 [TestNG-test-Test-1] INFO  verifyingBatteryCapacityFilterFunctionality_Mobile_16-38-09 - [verifyingBatteryCapacityFilterFunctionality_Mobile_16-38-09] Waiting until element is visible in viewport
16:38:44 [TestNG-test-Test-1] INFO  verifyingBatteryCapacityFilterFunctionality_Mobile_16-38-09 - [verifyingBatteryCapacityFilterFunctionality_Mobile_16-38-09] Within safeFindElement method
16:38:44 [TestNG-test-Test-1] INFO  verifyingBatteryCapacityFilterFunctionality_Mobile_16-38-09 - [verifyingBatteryCapacityFilterFunctionality_Mobile_16-38-09]Found the element returning it ,element ->[[ChromeDriver: chrome on windows (b2a7484371ced5eaf393f7313a8365cd)] -> xpath: //span[@id='productTitle']]
16:38:44 [TestNG-test-Test-1] INFO  verifyingBatteryCapacityFilterFunctionality_Mobile_16-38-09 - [verifyingBatteryCapacityFilterFunctionality_Mobile_16-38-09] Within safeFindElement method
16:38:45 [TestNG-test-Test-1] INFO  verifyingBatteryCapacityFilterFunctionality_Mobile_16-38-09 - [verifyingBatteryCapacityFilterFunctionality_Mobile_16-38-09]Found the element returning it ,element ->[[ChromeDriver: chrome on windows (b2a7484371ced5eaf393f7313a8365cd)] -> xpath: //div[@class='a-section a-spacing-small a-spacing-top-small']]
16:38:45 [TestNG-test-Test-1] INFO  verifyingBatteryCapacityFilterFunctionality_Mobile_16-38-09 - [verifyingBatteryCapacityFilterFunctionality_Mobile_16-38-09] Within safeFindElement method
16:38:45 [TestNG-test-Test-1] INFO  verifyingBatteryCapacityFilterFunctionality_Mobile_16-38-09 - [verifyingBatteryCapacityFilterFunctionality_Mobile_16-38-09]Found the element returning it ,element ->[[ChromeDriver: chrome on windows (b2a7484371ced5eaf393f7313a8365cd)] -> xpath: //div[@id='feature-bullets']]
16:38:45 [TestNG-test-Test-1] INFO  verifyingBatteryCapacityFilterFunctionality_Mobile_16-38-09 - [verifyingBatteryCapacityFilterFunctionality_Mobile_16-38-09] Within safeFindElement method
16:38:45 [TestNG-test-Test-1] INFO  verifyingBatteryCapacityFilterFunctionality_Mobile_16-38-09 - [verifyingBatteryCapacityFilterFunctionality_Mobile_16-38-09]Found the element returning it ,element ->[[ChromeDriver: chrome on windows (b2a7484371ced5eaf393f7313a8365cd)] -> xpath: //div[@id='prodDetails']]
16:38:45 [TestNG-test-Test-1] INFO  verifyingBatteryCapacityFilterFunctionality_Mobile_16-38-09 - [verifyingBatteryCapacityFilterFunctionality_Mobile_16-38-09] Extracting 'name' , 'keyFeatures', 'about' , 'techDetails' within productNameListingPage loop
16:38:45 [TestNG-test-Test-1] INFO  verifyingBatteryCapacityFilterFunctionality_Mobile_16-38-09 - [verifyingBatteryCapacityFilterFunctionality_Mobile_16-38-09] Waiting until element is visible in viewport
16:38:55 [TestNG-test-Test-1] INFO  verifyingBatteryCapacityFilterFunctionality_Mobile_16-38-09 - [verifyingBatteryCapacityFilterFunctionality_Mobile_16-38-09] Within smoothScrollToElement method
16:38:55 [TestNG-test-Test-1] INFO  verifyingBatteryCapacityFilterFunctionality_Mobile_16-38-09 - [verifyingBatteryCapacityFilterFunctionality_Mobile_16-38-09] Within safeFindElement method
16:38:55 [TestNG-test-Test-1] INFO  verifyingBatteryCapacityFilterFunctionality_Mobile_16-38-09 - [verifyingBatteryCapacityFilterFunctionality_Mobile_16-38-09]Found the element returning it ,element ->[[ChromeDriver: chrome on windows (b2a7484371ced5eaf393f7313a8365cd)] -> xpath: //a[@id='seeMoreDetailsLink']]
16:38:55 [TestNG-test-Test-1] INFO  verifyingBatteryCapacityFilterFunctionality_Mobile_16-38-09 - [verifyingBatteryCapacityFilterFunctionality_Mobile_16-38-09] Successfully scrolled to element: By.xpath: //a[@id='seeMoreDetailsLink']
16:38:55 [TestNG-test-Test-1] INFO  verifyingBatteryCapacityFilterFunctionality_Mobile_16-38-09 - [verifyingBatteryCapacityFilterFunctionality_Mobile_16-38-09] Within safeClick method
16:38:55 [TestNG-test-Test-1] INFO  verifyingBatteryCapacityFilterFunctionality_Mobile_16-38-09 - [verifyingBatteryCapacityFilterFunctionality_Mobile_16-38-09] Clicked the  [[ChromeDriver: chrome on windows (b2a7484371ced5eaf393f7313a8365cd)] -> xpath: //a[@id='seeMoreDetailsLink']]   using safeClick
16:38:55 [TestNG-test-Test-1] INFO  verifyingBatteryCapacityFilterFunctionality_Mobile_16-38-09 - [verifyingBatteryCapacityFilterFunctionality_Mobile_16-38-09] Within try block for clicking see more deatils within productNameListingPage loop
16:38:55 [TestNG-test-Test-1] INFO  verifyingBatteryCapacityFilterFunctionality_Mobile_16-38-09 - [verifyingBatteryCapacityFilterFunctionality_Mobile_16-38-09] Within closeCurrentWindowAndSwitchBack method
16:38:55 [TestNG-test-Test-1] INFO  verifyingBatteryCapacityFilterFunctionality_Mobile_16-38-09 - [verifyingBatteryCapacityFilterFunctionality_Mobile_16-38-09] Total open windows/tabs count -> 2
16:38:55 [TestNG-test-Test-1] INFO  verifyingBatteryCapacityFilterFunctionality_Mobile_16-38-09 - [verifyingBatteryCapacityFilterFunctionality_Mobile_16-38-09] Original window handle -> 3861216DB166E2EC9040CCC0CE10DF0F
16:38:55 [TestNG-test-Test-1] INFO  verifyingBatteryCapacityFilterFunctionality_Mobile_16-38-09 - [verifyingBatteryCapacityFilterFunctionality_Mobile_16-38-09] Found new tab/window handle -> 4ACD3C58D51B6DEFB124C53A3D37C8FD (will be closed)
16:38:55 [TestNG-test-Test-1] INFO  verifyingBatteryCapacityFilterFunctionality_Mobile_16-38-09 - [verifyingBatteryCapacityFilterFunctionality_Mobile_16-38-09] Successfully switched to new tab/window -> 4ACD3C58D51B6DEFB124C53A3D37C8FD
16:38:56 [TestNG-test-Test-1] INFO  verifyingBatteryCapacityFilterFunctionality_Mobile_16-38-09 - [verifyingBatteryCapacityFilterFunctionality_Mobile_16-38-09] Closed the newly opened tab/window -> 4ACD3C58D51B6DEFB124C53A3D37C8FD
16:38:56 [TestNG-test-Test-1] INFO  verifyingBatteryCapacityFilterFunctionality_Mobile_16-38-09 - [verifyingBatteryCapacityFilterFunctionality_Mobile_16-38-09] Switched back to the original window -> 3861216DB166E2EC9040CCC0CE10DF0F
16:38:56 [TestNG-test-Test-1] INFO  verifyingBatteryCapacityFilterFunctionality_Mobile_16-38-09 - [verifyingBatteryCapacityFilterFunctionality_Mobile_16-38-09]  going back to product listing via closeCurrentWindowAndSwitchBack 
16:38:56 [TestNG-test-Test-1] INFO  verifyingBatteryCapacityFilterFunctionality_Mobile_16-38-09 - [verifyingBatteryCapacityFilterFunctionality_Mobile_16-38-09]  Added 'filter','title','keyFeatures', 'about', 'techDetails' into the Map -> productResult
16:38:56 [TestNG-test-Test-1] INFO  verifyingBatteryCapacityFilterFunctionality_Mobile_16-38-09 - [verifyingBatteryCapacityFilterFunctionality_Mobile_16-38-09]  Added 'productResult' Map into the 'results' i.e list of maps 
16:38:56 [TestNG-test-Test-1] INFO  verifyingBatteryCapacityFilterFunctionality_Mobile_16-38-09 - [verifyingBatteryCapacityFilterFunctionality_Mobile_16-38-09]==========================================================================================================
16:38:56 [TestNG-test-Test-1] INFO  verifyingBatteryCapacityFilterFunctionality_Mobile_16-38-09 - [verifyingBatteryCapacityFilterFunctionality_Mobile_16-38-09] Within safeFindElements 
16:38:56 [TestNG-test-Test-1] INFO  verifyingBatteryCapacityFilterFunctionality_Mobile_16-38-09 - [verifyingBatteryCapacityFilterFunctionality_Mobile_16-38-09] Returning the  [[[ChromeDriver: chrome on windows (b2a7484371ced5eaf393f7313a8365cd)] -> xpath: //div[@data-cy='title-recipe']], [[ChromeDriver: chrome on windows (b2a7484371ced5eaf393f7313a8365cd)] -> xpath: //div[@data-cy='title-recipe']], [[ChromeDriver: chrome on windows (b2a7484371ced5eaf393f7313a8365cd)] -> xpath: //div[@data-cy='title-recipe']], [[ChromeDriver: chrome on windows (b2a7484371ced5eaf393f7313a8365cd)] -> xpath: //div[@data-cy='title-recipe']], [[ChromeDriver: chrome on windows (b2a7484371ced5eaf393f7313a8365cd)] -> xpath: //div[@data-cy='title-recipe']], [[ChromeDriver: chrome on windows (b2a7484371ced5eaf393f7313a8365cd)] -> xpath: //div[@data-cy='title-recipe']], [[ChromeDriver: chrome on windows (b2a7484371ced5eaf393f7313a8365cd)] -> xpath: //div[@data-cy='title-recipe']], [[ChromeDriver: chrome on windows (b2a7484371ced5eaf393f7313a8365cd)] -> xpath: //div[@data-cy='title-recipe']], [[ChromeDriver: chrome on windows (b2a7484371ced5eaf393f7313a8365cd)] -> xpath: //div[@data-cy='title-recipe']], [[ChromeDriver: chrome on windows (b2a7484371ced5eaf393f7313a8365cd)] -> xpath: //div[@data-cy='title-recipe']], [[ChromeDriver: chrome on windows (b2a7484371ced5eaf393f7313a8365cd)] -> xpath: //div[@data-cy='title-recipe']], [[ChromeDriver: chrome on windows (b2a7484371ced5eaf393f7313a8365cd)] -> xpath: //div[@data-cy='title-recipe']], [[ChromeDriver: chrome on windows (b2a7484371ced5eaf393f7313a8365cd)] -> xpath: //div[@data-cy='title-recipe']], [[ChromeDriver: chrome on windows (b2a7484371ced5eaf393f7313a8365cd)] -> xpath: //div[@data-cy='title-recipe']], [[ChromeDriver: chrome on windows (b2a7484371ced5eaf393f7313a8365cd)] -> xpath: //div[@data-cy='title-recipe']], [[ChromeDriver: chrome on windows (b2a7484371ced5eaf393f7313a8365cd)] -> xpath: //div[@data-cy='title-recipe']]] from the safeFindElements method
16:38:56 [TestNG-test-Test-1] INFO  verifyingBatteryCapacityFilterFunctionality_Mobile_16-38-09 - [verifyingBatteryCapacityFilterFunctionality_Mobile_16-38-09] Within productNameListingPage loop in applyFilterAndValidateProductsWithResult
16:38:56 [TestNG-test-Test-1] INFO  verifyingBatteryCapacityFilterFunctionality_Mobile_16-38-09 - [verifyingBatteryCapacityFilterFunctionality_Mobile_16-38-09] Within getProductByIndex method
16:38:56 [TestNG-test-Test-1] INFO  verifyingBatteryCapacityFilterFunctionality_Mobile_16-38-09 - [verifyingBatteryCapacityFilterFunctionality_Mobile_16-38-09] Within safeFindElement method
16:38:56 [TestNG-test-Test-1] INFO  verifyingBatteryCapacityFilterFunctionality_Mobile_16-38-09 - [verifyingBatteryCapacityFilterFunctionality_Mobile_16-38-09]Found the element returning it ,element ->[[ChromeDriver: chrome on windows (b2a7484371ced5eaf393f7313a8365cd)] -> xpath: (//div[@data-cy='title-recipe'])[2]]
16:38:56 [TestNG-test-Test-1] INFO  verifyingBatteryCapacityFilterFunctionality_Mobile_16-38-09 - [verifyingBatteryCapacityFilterFunctionality_Mobile_16-38-09] Within getProductByIndex method
16:38:56 [TestNG-test-Test-1] INFO  verifyingBatteryCapacityFilterFunctionality_Mobile_16-38-09 - [verifyingBatteryCapacityFilterFunctionality_Mobile_16-38-09] Within smoothScrollToElement method
16:38:56 [TestNG-test-Test-1] INFO  verifyingBatteryCapacityFilterFunctionality_Mobile_16-38-09 - [verifyingBatteryCapacityFilterFunctionality_Mobile_16-38-09] Within safeFindElement method
16:38:56 [TestNG-test-Test-1] INFO  verifyingBatteryCapacityFilterFunctionality_Mobile_16-38-09 - [verifyingBatteryCapacityFilterFunctionality_Mobile_16-38-09]Found the element returning it ,element ->[[ChromeDriver: chrome on windows (b2a7484371ced5eaf393f7313a8365cd)] -> xpath: (//div[@data-cy='title-recipe'])[2]]
16:38:56 [TestNG-test-Test-1] INFO  verifyingBatteryCapacityFilterFunctionality_Mobile_16-38-09 - [verifyingBatteryCapacityFilterFunctionality_Mobile_16-38-09] Successfully scrolled to element: By.xpath: (//div[@data-cy='title-recipe'])[2]
16:38:56 [TestNG-test-Test-1] INFO  verifyingBatteryCapacityFilterFunctionality_Mobile_16-38-09 - [verifyingBatteryCapacityFilterFunctionality_Mobile_16-38-09] Getting product by index in productNameListingPage loop
16:38:56 [TestNG-test-Test-1] INFO  verifyingBatteryCapacityFilterFunctionality_Mobile_16-38-09 - [verifyingBatteryCapacityFilterFunctionality_Mobile_16-38-09] Opened product in new tab via Ctrl+Click inside productNameListingPage loop
16:38:56 [TestNG-test-Test-1] INFO  verifyingBatteryCapacityFilterFunctionality_Mobile_16-38-09 - [verifyingBatteryCapacityFilterFunctionality_Mobile_16-38-09] Waiting for new window to open...
16:38:56 [TestNG-test-Test-1] INFO  verifyingBatteryCapacityFilterFunctionality_Mobile_16-38-09 - [verifyingBatteryCapacityFilterFunctionality_Mobile_16-38-09] Switched to new window -> 685C22CCD07C521969AFB97C9B5047AA
16:38:56 [TestNG-test-Test-1] INFO  verifyingBatteryCapacityFilterFunctionality_Mobile_16-38-09 - [verifyingBatteryCapacityFilterFunctionality_Mobile_16-38-09] Swithcing to the new window  within productNameListingPage loop
16:38:56 [TestNG-test-Test-1] INFO  verifyingBatteryCapacityFilterFunctionality_Mobile_16-38-09 - [verifyingBatteryCapacityFilterFunctionality_Mobile_16-38-09] Clicked product name to open in new tab from productNameListingPage loop
16:38:56 [TestNG-test-Test-1] INFO  verifyingBatteryCapacityFilterFunctionality_Mobile_16-38-09 - [verifyingBatteryCapacityFilterFunctionality_Mobile_16-38-09] Waiting until element is visible in viewport
16:38:59 [TestNG-test-Test-1] WARN  verifyingBatteryCapacityFilterFunctionality_Mobile_16-38-09 - [verifyingBatteryCapacityFilterFunctionality_Mobile_16-38-09] Product detail page did not load for index 2 filter 'Up to 2,999 mAh'; skipping detail scrape to avoid redundant retries/timeouts
16:38:59 [TestNG-test-Test-1] INFO  verifyingBatteryCapacityFilterFunctionality_Mobile_16-38-09 - [verifyingBatteryCapacityFilterFunctionality_Mobile_16-38-09] Within closeCurrentWindowAndSwitchBack method
16:38:59 [TestNG-test-Test-1] INFO  verifyingBatteryCapacityFilterFunctionality_Mobile_16-38-09 - [verifyingBatteryCapacityFilterFunctionality_Mobile_16-38-09] Total open windows/tabs count -> 2
16:38:59 [TestNG-test-Test-1] INFO  verifyingBatteryCapacityFilterFunctionality_Mobile_16-38-09 - [verifyingBatteryCapacityFilterFunctionality_Mobile_16-38-09] Original window handle -> 3861216DB166E2EC9040CCC0CE10DF0F
16:38:59 [TestNG-test-Test-1] INFO  verifyingBatteryCapacityFilterFunctionality_Mobile_16-38-09 - [verifyingBatteryCapacityFilterFunctionality_Mobile_16-38-09] Found new tab/window handle -> 685C22CCD07C521969AFB97C9B5047AA (will be closed)
16:38:59 [TestNG-test-Test-1] INFO  verifyingBatteryCapacityFilterFunctionality_Mobile_16-38-09 - [verifyingBatteryCapacityFilterFunctionality_Mobile_16-38-09] Successfully switched to new tab/window -> 685C22CCD07C521969AFB97C9B5047AA
16:38:59 [TestNG-test-Test-1] INFO  verifyingBatteryCapacityFilterFunctionality_Mobile_16-38-09 - [verifyingBatteryCapacityFilterFunctionality_Mobile_16-38-09] Closed the newly opened tab/window -> 685C22CCD07C521969AFB97C9B5047AA
16:38:59 [TestNG-test-Test-1] INFO  verifyingBatteryCapacityFilterFunctionality_Mobile_16-38-09 - [verifyingBatteryCapacityFilterFunctionality_Mobile_16-38-09] Switched back to the original window -> 3861216DB166E2EC9040CCC0CE10DF0F
16:38:59 [TestNG-test-Test-1] INFO  verifyingBatteryCapacityFilterFunctionality_Mobile_16-38-09 - [verifyingBatteryCapacityFilterFunctionality_Mobile_16-38-09]  going back to product listing via closeCurrentWindowAndSwitchBack 
16:38:59 [TestNG-test-Test-1] INFO  verifyingBatteryCapacityFilterFunctionality_Mobile_16-38-09 - [verifyingBatteryCapacityFilterFunctionality_Mobile_16-38-09]  Added 'filter','title','keyFeatures', 'about', 'techDetails' into the Map -> productResult
16:38:59 [TestNG-test-Test-1] INFO  verifyingBatteryCapacityFilterFunctionality_Mobile_16-38-09 - [verifyingBatteryCapacityFilterFunctionality_Mobile_16-38-09]  Added 'productResult' Map into the 'results' i.e list of maps 
16:38:59 [TestNG-test-Test-1] INFO  verifyingBatteryCapacityFilterFunctionality_Mobile_16-38-09 - [verifyingBatteryCapacityFilterFunctionality_Mobile_16-38-09]==========================================================================================================
16:38:59 [TestNG-test-Test-1] INFO  verifyingBatteryCapacityFilterFunctionality_Mobile_16-38-09 - [verifyingBatteryCapacityFilterFunctionality_Mobile_16-38-09] Within safeClick method
16:38:59 [TestNG-test-Test-1] INFO  verifyingBatteryCapacityFilterFunctionality_Mobile_16-38-09 - [verifyingBatteryCapacityFilterFunctionality_Mobile_16-38-09] Clicked the  [[ChromeDriver: chrome on windows (b2a7484371ced5eaf393f7313a8365cd)] -> xpath: //span[@class='a-size-base a-color-base' and text()='Clear']]   using safeClick
16:38:59 [TestNG-test-Test-1] INFO  verifyingBatteryCapacityFilterFunctionality_Mobile_16-38-09 - [verifyingBatteryCapacityFilterFunctionality_Mobile_16-38-09] Clearing the filter value ->Up to 2,999 mAhwithin productNameListingPage loop
16:38:59 [TestNG-test-Test-1] INFO  verifyingBatteryCapacityFilterFunctionality_Mobile_16-38-09 - [verifyingBatteryCapacityFilterFunctionality_Mobile_16-38-09]==========================================================================================================
16:38:59 [TestNG-test-Test-1] INFO  verifyingBatteryCapacityFilterFunctionality_Mobile_16-38-09 - [verifyingBatteryCapacityFilterFunctionality_Mobile_16-38-09]==========================================================================================================
16:38:59 [TestNG-test-Test-1] INFO  verifyingBatteryCapacityFilterFunctionality_Mobile_16-38-09 - [verifyingBatteryCapacityFilterFunctionality_Mobile_16-38-09] Within filterOptions loop in applyFilterAndValidateProductsWithResult
16:38:59 [TestNG-test-Test-1] INFO  verifyingBatteryCapacityFilterFunctionality_Mobile_16-38-09 - [verifyingBatteryCapacityFilterFunctionality_Mobile_16-38-09] Within safeFindElements 
16:39:01 [TestNG-test-Test-1] INFO  verifyingBatteryCapacityFilterFunctionality_Mobile_16-38-09 - [verifyingBatteryCapacityFilterFunctionality_Mobile_16-38-09] Returning the  [[[ChromeDriver: chrome on windows (b2a7484371ced5eaf393f7313a8365cd)] -> xpath: //span[@class='a-size-base a-color-base puis-bold-weight-text' and text()='Battery Capacity']/parent::div/following-sibling::ul//span[@class='a-size-base a-color-base']], [[ChromeDriver: chrome on windows (b2a7484371ced5eaf393f7313a8365cd)] -> xpath: //span[@class='a-size-base a-color-base puis-bold-weight-text' and text()='Battery Capacity']/parent::div/following-sibling::ul//span[@class='a-size-base a-color-base']], [[ChromeDriver: chrome on windows (b2a7484371ced5eaf393f7313a8365cd)] -> xpath: //span[@class='a-size-base a-color-base puis-bold-weight-text' and text()='Battery Capacity']/parent::div/following-sibling::ul//span[@class='a-size-base a-color-base']], [[ChromeDriver: chrome on windows (b2a7484371ced5eaf393f7313a8365cd)] -> xpath: //span[@class='a-size-base a-color-base puis-bold-weight-text' and text()='Battery Capacity']/parent::div/following-sibling::ul//span[@class='a-size-base a-color-base']], [[ChromeDriver: chrome on windows (b2a7484371ced5eaf393f7313a8365cd)] -> xpath: //span[@class='a-size-base a-color-base puis-bold-weight-text' and text()='Battery Capacity']/parent::div/following-sibling::ul//span[@class='a-size-base a-color-base']]] from the safeFindElements method
16:39:01 [TestNG-test-Test-1] INFO  verifyingBatteryCapacityFilterFunctionality_Mobile_16-38-09 - [verifyingBatteryCapacityFilterFunctionality_Mobile_16-38-09] Trying to read filter option 1 (attempt 1/3)
16:39:01 [TestNG-test-Test-1] INFO  verifyingBatteryCapacityFilterFunctionality_Mobile_16-38-09 - [verifyingBatteryCapacityFilterFunctionality_Mobile_16-38-09] Successfully read filter option 1 = '3,000 to 3,999 mAh'
16:39:01 [TestNG-test-Test-1] INFO  verifyingBatteryCapacityFilterFunctionality_Mobile_16-38-09 - [verifyingBatteryCapacityFilterFunctionality_Mobile_16-38-09] Within getfilterByTypeAndName method
16:39:01 [TestNG-test-Test-1] INFO  verifyingBatteryCapacityFilterFunctionality_Mobile_16-38-09 - [verifyingBatteryCapacityFilterFunctionality_Mobile_16-38-09] Within safeClickBooleanWithScreenShot method
16:39:01 [TestNG-test-Test-1] INFO  verifyingBatteryCapacityFilterFunctionality_Mobile_16-38-09 - [verifyingBatteryCapacityFilterFunctionality_Mobile_16-38-09] Within getAppliedfilterByTypeAndName method
16:39:01 [TestNG-test-Test-1] INFO  verifyingBatteryCapacityFilterFunctionality_Mobile_16-38-09 - [verifyingBatteryCapacityFilterFunctionality_Mobile_16-38-09] Within smoothScrollToElement method
16:39:01 [TestNG-test-Test-1] INFO  verifyingBatteryCapacityFilterFunctionality_Mobile_16-38-09 - [verifyingBatteryCapacityFilterFunctionality_Mobile_16-38-09] Within safeFindElement method
16:39:01 [TestNG-test-Test-1] INFO  verifyingBatteryCapacityFilterFunctionality_Mobile_16-38-09 - [verifyingBatteryCapacityFilterFunctionality_Mobile_16-38-09]Found the element returning it ,element ->[[ChromeDriver: chrome on windows (b2a7484371ced5eaf393f7313a8365cd)] -> xpath: //span[@class='a-size-base a-color-base puis-bold-weight-text' and text()='Battery Capacity']]
16:39:01 [TestNG-test-Test-1] INFO  verifyingBatteryCapacityFilterFunctionality_Mobile_16-38-09 - [verifyingBatteryCapacityFilterFunctionality_Mobile_16-38-09] Successfully scrolled to element: By.xpath: //span[@class='a-size-base a-color-base puis-bold-weight-text' and text()='Battery Capacity']
16:39:01 [TestNG-test-Test-1] INFO  verifyingBatteryCapacityFilterFunctionality_Mobile_16-38-09 - [verifyingBatteryCapacityFilterFunctionality_Mobile_16-38-09] Within getMoreButtonByFilterTypeAndName method
16:39:01 [TestNG-test-Test-1] INFO  verifyingBatteryCapacityFilterFunctionality_Mobile_16-38-09 - [verifyingBatteryCapacityFilterFunctionality_Mobile_16-38-09] could not find more button
16:39:01 [TestNG-test-Test-1] INFO  verifyingBatteryCapacityFilterFunctionality_Mobile_16-38-09 - [verifyingBatteryCapacityFilterFunctionality_Mobile_16-38-09] Within getAppliedfilterByTypeAndName method
16:39:01 [TestNG-test-Test-1] INFO  verifyingBatteryCapacityFilterFunctionality_Mobile_16-38-09 - [verifyingBatteryCapacityFilterFunctionality_Mobile_16-38-09] Within smoothScrollToElement method
16:39:01 [TestNG-test-Test-1] INFO  verifyingBatteryCapacityFilterFunctionality_Mobile_16-38-09 - [verifyingBatteryCapacityFilterFunctionality_Mobile_16-38-09] Within safeFindElement method
16:39:02 [TestNG-test-Test-1] INFO  verifyingBatteryCapacityFilterFunctionality_Mobile_16-38-09 - [verifyingBatteryCapacityFilterFunctionality_Mobile_16-38-09]Found the element returning it ,element ->[[ChromeDriver: chrome on windows (b2a7484371ced5eaf393f7313a8365cd)] -> xpath: //span[@class='a-size-base a-color-base puis-bold-weight-text' and text()='Battery Capacity']]
16:39:02 [TestNG-test-Test-1] INFO  verifyingBatteryCapacityFilterFunctionality_Mobile_16-38-09 - [verifyingBatteryCapacityFilterFunctionality_Mobile_16-38-09] Successfully scrolled to element: By.xpath: //span[@class='a-size-base a-color-base puis-bold-weight-text' and text()='Battery Capacity']
16:39:02 [TestNG-test-Test-1] INFO  verifyingBatteryCapacityFilterFunctionality_Mobile_16-38-09 - [verifyingBatteryCapacityFilterFunctionality_Mobile_16-38-09] Within getMoreButtonByFilterTypeAndName method
16:39:02 [TestNG-test-Test-1] INFO  verifyingBatteryCapacityFilterFunctionality_Mobile_16-38-09 - [verifyingBatteryCapacityFilterFunctionality_Mobile_16-38-09] could not find more button
16:39:02 [TestNG-test-Test-1] INFO  verifyingBatteryCapacityFilterFunctionality_Mobile_16-38-09 - [verifyingBatteryCapacityFilterFunctionality_Mobile_16-38-09] Within getfilterByTypeAndName method
16:39:02 [TestNG-test-Test-1] INFO  verifyingBatteryCapacityFilterFunctionality_Mobile_16-38-09 - [verifyingBatteryCapacityFilterFunctionality_Mobile_16-38-09] Within smoothScrollToElement method
16:39:02 [TestNG-test-Test-1] INFO  verifyingBatteryCapacityFilterFunctionality_Mobile_16-38-09 - [verifyingBatteryCapacityFilterFunctionality_Mobile_16-38-09] Within safeFindElement method
16:39:03 [TestNG-test-Test-1] INFO  verifyingBatteryCapacityFilterFunctionality_Mobile_16-38-09 - [verifyingBatteryCapacityFilterFunctionality_Mobile_16-38-09]Found the element returning it ,element ->[[ChromeDriver: chrome on windows (b2a7484371ced5eaf393f7313a8365cd)] -> xpath: //span[@class='a-size-base a-color-base puis-bold-weight-text' and text()='Battery Capacity']/parent::div/following-sibling::ul//span[@class='a-size-base a-color-base a-text-bold' and text()='3,000 to 3,999 mAh']]
16:39:03 [TestNG-test-Test-1] INFO  verifyingBatteryCapacityFilterFunctionality_Mobile_16-38-09 - [verifyingBatteryCapacityFilterFunctionality_Mobile_16-38-09] Successfully scrolled to element: By.xpath: //span[@class='a-size-base a-color-base puis-bold-weight-text' and text()='Battery Capacity']/parent::div/following-sibling::ul//span[@class='a-size-base a-color-base a-text-bold' and text()='3,000 to 3,999 mAh']
16:39:03 [TestNG-test-Test-1] INFO  verifyingBatteryCapacityFilterFunctionality_Mobile_16-38-09 - [verifyingBatteryCapacityFilterFunctionality_Mobile_16-38-09] Clicked the element using safe click ,element is [[ChromeDriver: chrome on windows (b2a7484371ced5eaf393f7313a8365cd)] -> xpath: //span[@class='a-size-base a-color-base puis-bold-weight-text' and text()='Battery Capacity']/parent::div/following-sibling::ul//span[@class='a-size-base a-color-base' and text()='3,000 to 3,999 mAh']]
16:39:03 [TestNG-test-Test-1] INFO  verifyingBatteryCapacityFilterFunctionality_Mobile_16-38-09 - [verifyingBatteryCapacityFilterFunctionality_Mobile_16-38-09] Within safeFindElements 
16:39:03 [TestNG-test-Test-1] INFO  verifyingBatteryCapacityFilterFunctionality_Mobile_16-38-09 - [verifyingBatteryCapacityFilterFunctionality_Mobile_16-38-09] Returning the  [[[ChromeDriver: chrome on windows (b2a7484371ced5eaf393f7313a8365cd)] -> xpath: //div[@data-cy='title-recipe']], [[ChromeDriver: chrome on windows (b2a7484371ced5eaf393f7313a8365cd)] -> xpath: //div[@data-cy='title-recipe']], [[ChromeDriver: chrome on windows (b2a7484371ced5eaf393f7313a8365cd)] -> xpath: //div[@data-cy='title-recipe']], [[ChromeDriver: chrome on windows (b2a7484371ced5eaf393f7313a8365cd)] -> xpath: //div[@data-cy='title-recipe']], [[ChromeDriver: chrome on windows (b2a7484371ced5eaf393f7313a8365cd)] -> xpath: //div[@data-cy='title-recipe']], [[ChromeDriver: chrome on windows (b2a7484371ced5eaf393f7313a8365cd)] -> xpath: //div[@data-cy='title-recipe']], [[ChromeDriver: chrome on windows (b2a7484371ced5eaf393f7313a8365cd)] -> xpath: //div[@data-cy='title-recipe']], [[ChromeDriver: chrome on windows (b2a7484371ced5eaf393f7313a8365cd)] -> xpath: //div[@data-cy='title-recipe']], [[ChromeDriver: chrome on windows (b2a7484371ced5eaf393f7313a8365cd)] -> xpath: //div[@data-cy='title-recipe']], [[ChromeDriver: chrome on windows (b2a7484371ced5eaf393f7313a8365cd)] -> xpath: //div[@data-cy='title-recipe']], [[ChromeDriver: chrome on windows (b2a7484371ced5eaf393f7313a8365cd)] -> xpath: //div[@data-cy='title-recipe']], [[ChromeDriver: chrome on windows (b2a7484371ced5eaf393f7313a8365cd)] -> xpath: //div[@data-cy='title-recipe']], [[ChromeDriver: chrome on windows (b2a7484371ced5eaf393f7313a8365cd)] -> xpath: //div[@data-cy='title-recipe']], [[ChromeDriver: chrome on windows (b2a7484371ced5eaf393f7313a8365cd)] -> xpath: //div[@data-cy='title-recipe']], [[ChromeDriver: chrome on windows (b2a7484371ced5eaf393f7313a8365cd)] -> xpath: //div[@data-cy='title-recipe']], [[ChromeDriver: chrome on windows (b2a7484371ced5eaf393f7313a8365cd)] -> xpath: //div[@data-cy='title-recipe']]] from the safeFindElements method
16:39:03 [TestNG-test-Test-1] INFO  verifyingBatteryCapacityFilterFunctionality_Mobile_16-38-09 - [verifyingBatteryCapacityFilterFunctionality_Mobile_16-38-09] Execution is Not CRON Job Hence refering to normal keys from UtilData
16:39:03 [TestNG-test-Test-1] INFO  verifyingBatteryCapacityFilterFunctionality_Mobile_16-38-09 - [verifyingBatteryCapacityFilterFunctionality_Mobile_16-38-09] Within safeFindElements 
16:39:03 [TestNG-test-Test-1] INFO  verifyingBatteryCapacityFilterFunctionality_Mobile_16-38-09 - [verifyingBatteryCapacityFilterFunctionality_Mobile_16-38-09] Returning the  [[[ChromeDriver: chrome on windows (b2a7484371ced5eaf393f7313a8365cd)] -> xpath: //div[@data-cy='title-recipe']], [[ChromeDriver: chrome on windows (b2a7484371ced5eaf393f7313a8365cd)] -> xpath: //div[@data-cy='title-recipe']], [[ChromeDriver: chrome on windows (b2a7484371ced5eaf393f7313a8365cd)] -> xpath: //div[@data-cy='title-recipe']], [[ChromeDriver: chrome on windows (b2a7484371ced5eaf393f7313a8365cd)] -> xpath: //div[@data-cy='title-recipe']], [[ChromeDriver: chrome on windows (b2a7484371ced5eaf393f7313a8365cd)] -> xpath: //div[@data-cy='title-recipe']], [[ChromeDriver: chrome on windows (b2a7484371ced5eaf393f7313a8365cd)] -> xpath: //div[@data-cy='title-recipe']], [[ChromeDriver: chrome on windows (b2a7484371ced5eaf393f7313a8365cd)] -> xpath: //div[@data-cy='title-recipe']], [[ChromeDriver: chrome on windows (b2a7484371ced5eaf393f7313a8365cd)] -> xpath: //div[@data-cy='title-recipe']], [[ChromeDriver: chrome on windows (b2a7484371ced5eaf393f7313a8365cd)] -> xpath: //div[@data-cy='title-recipe']], [[ChromeDriver: chrome on windows (b2a7484371ced5eaf393f7313a8365cd)] -> xpath: //div[@data-cy='title-recipe']], [[ChromeDriver: chrome on windows (b2a7484371ced5eaf393f7313a8365cd)] -> xpath: //div[@data-cy='title-recipe']], [[ChromeDriver: chrome on windows (b2a7484371ced5eaf393f7313a8365cd)] -> xpath: //div[@data-cy='title-recipe']], [[ChromeDriver: chrome on windows (b2a7484371ced5eaf393f7313a8365cd)] -> xpath: //div[@data-cy='title-recipe']], [[ChromeDriver: chrome on windows (b2a7484371ced5eaf393f7313a8365cd)] -> xpath: //div[@data-cy='title-recipe']], [[ChromeDriver: chrome on windows (b2a7484371ced5eaf393f7313a8365cd)] -> xpath: //div[@data-cy='title-recipe']], [[ChromeDriver: chrome on windows (b2a7484371ced5eaf393f7313a8365cd)] -> xpath: //div[@data-cy='title-recipe']]] from the safeFindElements method
16:39:03 [TestNG-test-Test-1] INFO  verifyingBatteryCapacityFilterFunctionality_Mobile_16-38-09 - [verifyingBatteryCapacityFilterFunctionality_Mobile_16-38-09] Within productNameListingPage loop in applyFilterAndValidateProductsWithResult
16:39:03 [TestNG-test-Test-1] INFO  verifyingBatteryCapacityFilterFunctionality_Mobile_16-38-09 - [verifyingBatteryCapacityFilterFunctionality_Mobile_16-38-09] Within getProductByIndex method
16:39:03 [TestNG-test-Test-1] INFO  verifyingBatteryCapacityFilterFunctionality_Mobile_16-38-09 - [verifyingBatteryCapacityFilterFunctionality_Mobile_16-38-09] Within safeFindElement method
16:39:03 [TestNG-test-Test-1] INFO  verifyingBatteryCapacityFilterFunctionality_Mobile_16-38-09 - [verifyingBatteryCapacityFilterFunctionality_Mobile_16-38-09]Found the element returning it ,element ->[[ChromeDriver: chrome on windows (b2a7484371ced5eaf393f7313a8365cd)] -> xpath: (//div[@data-cy='title-recipe'])[1]]
16:39:03 [TestNG-test-Test-1] INFO  verifyingBatteryCapacityFilterFunctionality_Mobile_16-38-09 - [verifyingBatteryCapacityFilterFunctionality_Mobile_16-38-09] Within getProductByIndex method
16:39:03 [TestNG-test-Test-1] INFO  verifyingBatteryCapacityFilterFunctionality_Mobile_16-38-09 - [verifyingBatteryCapacityFilterFunctionality_Mobile_16-38-09] Within smoothScrollToElement method
16:39:03 [TestNG-test-Test-1] INFO  verifyingBatteryCapacityFilterFunctionality_Mobile_16-38-09 - [verifyingBatteryCapacityFilterFunctionality_Mobile_16-38-09] Within safeFindElement method
16:39:03 [TestNG-test-Test-1] INFO  verifyingBatteryCapacityFilterFunctionality_Mobile_16-38-09 - [verifyingBatteryCapacityFilterFunctionality_Mobile_16-38-09]Found the element returning it ,element ->[[ChromeDriver: chrome on windows (b2a7484371ced5eaf393f7313a8365cd)] -> xpath: (//div[@data-cy='title-recipe'])[1]]
16:39:03 [TestNG-test-Test-1] INFO  verifyingBatteryCapacityFilterFunctionality_Mobile_16-38-09 - [verifyingBatteryCapacityFilterFunctionality_Mobile_16-38-09] Successfully scrolled to element: By.xpath: (//div[@data-cy='title-recipe'])[1]
16:39:03 [TestNG-test-Test-1] INFO  verifyingBatteryCapacityFilterFunctionality_Mobile_16-38-09 - [verifyingBatteryCapacityFilterFunctionality_Mobile_16-38-09] Getting product by index in productNameListingPage loop
16:39:04 [TestNG-test-Test-1] INFO  verifyingBatteryCapacityFilterFunctionality_Mobile_16-38-09 - [verifyingBatteryCapacityFilterFunctionality_Mobile_16-38-09] Opened product in new tab via Ctrl+Click inside productNameListingPage loop
16:39:04 [TestNG-test-Test-1] INFO  verifyingBatteryCapacityFilterFunctionality_Mobile_16-38-09 - [verifyingBatteryCapacityFilterFunctionality_Mobile_16-38-09] Waiting for new window to open...
16:39:04 [TestNG-test-Test-1] INFO  verifyingBatteryCapacityFilterFunctionality_Mobile_16-38-09 - [verifyingBatteryCapacityFilterFunctionality_Mobile_16-38-09] Switched to new window -> 9AA57142B8C90720D317968408CFB8C8
16:39:04 [TestNG-test-Test-1] INFO  verifyingBatteryCapacityFilterFunctionality_Mobile_16-38-09 - [verifyingBatteryCapacityFilterFunctionality_Mobile_16-38-09] Swithcing to the new window  within productNameListingPage loop
16:39:04 [TestNG-test-Test-1] INFO  verifyingBatteryCapacityFilterFunctionality_Mobile_16-38-09 - [verifyingBatteryCapacityFilterFunctionality_Mobile_16-38-09] Clicked product name to open in new tab from productNameListingPage loop
16:39:04 [TestNG-test-Test-1] INFO  verifyingBatteryCapacityFilterFunctionality_Mobile_16-38-09 - [verifyingBatteryCapacityFilterFunctionality_Mobile_16-38-09] Waiting until element is visible in viewport
16:39:07 [TestNG-test-Test-1] WARN  verifyingBatteryCapacityFilterFunctionality_Mobile_16-38-09 - [verifyingBatteryCapacityFilterFunctionality_Mobile_16-38-09] Product detail page did not load for index 1 filter '3,000 to 3,999 mAh'; skipping detail scrape to avoid redundant retries/timeouts
16:39:07 [TestNG-test-Test-1] INFO  verifyingBatteryCapacityFilterFunctionality_Mobile_16-38-09 - [verifyingBatteryCapacityFilterFunctionality_Mobile_16-38-09] Within closeCurrentWindowAndSwitchBack method
16:39:07 [TestNG-test-Test-1] INFO  verifyingBatteryCapacityFilterFunctionality_Mobile_16-38-09 - [verifyingBatteryCapacityFilterFunctionality_Mobile_16-38-09] Total open windows/tabs count -> 2
16:39:07 [TestNG-test-Test-1] INFO  verifyingBatteryCapacityFilterFunctionality_Mobile_16-38-09 - [verifyingBatteryCapacityFilterFunctionality_Mobile_16-38-09] Original window handle -> 3861216DB166E2EC9040CCC0CE10DF0F
16:39:07 [TestNG-test-Test-1] INFO  verifyingBatteryCapacityFilterFunctionality_Mobile_16-38-09 - [verifyingBatteryCapacityFilterFunctionality_Mobile_16-38-09] Found new tab/window handle -> 9AA57142B8C90720D317968408CFB8C8 (will be closed)
16:39:07 [TestNG-test-Test-1] INFO  verifyingBatteryCapacityFilterFunctionality_Mobile_16-38-09 - [verifyingBatteryCapacityFilterFunctionality_Mobile_16-38-09] Successfully switched to new tab/window -> 9AA57142B8C90720D317968408CFB8C8
16:39:07 [TestNG-test-Test-1] INFO  verifyingBatteryCapacityFilterFunctionality_Mobile_16-38-09 - [verifyingBatteryCapacityFilterFunctionality_Mobile_16-38-09] Closed the newly opened tab/window -> 9AA57142B8C90720D317968408CFB8C8
16:39:07 [TestNG-test-Test-1] INFO  verifyingBatteryCapacityFilterFunctionality_Mobile_16-38-09 - [verifyingBatteryCapacityFilterFunctionality_Mobile_16-38-09] Switched back to the original window -> 3861216DB166E2EC9040CCC0CE10DF0F
16:39:07 [TestNG-test-Test-1] INFO  verifyingBatteryCapacityFilterFunctionality_Mobile_16-38-09 - [verifyingBatteryCapacityFilterFunctionality_Mobile_16-38-09]  going back to product listing via closeCurrentWindowAndSwitchBack 
16:39:07 [TestNG-test-Test-1] INFO  verifyingBatteryCapacityFilterFunctionality_Mobile_16-38-09 - [verifyingBatteryCapacityFilterFunctionality_Mobile_16-38-09]  Added 'filter','title','keyFeatures', 'about', 'techDetails' into the Map -> productResult
16:39:07 [TestNG-test-Test-1] INFO  verifyingBatteryCapacityFilterFunctionality_Mobile_16-38-09 - [verifyingBatteryCapacityFilterFunctionality_Mobile_16-38-09]  Added 'productResult' Map into the 'results' i.e list of maps 
16:39:07 [TestNG-test-Test-1] INFO  verifyingBatteryCapacityFilterFunctionality_Mobile_16-38-09 - [verifyingBatteryCapacityFilterFunctionality_Mobile_16-38-09]==========================================================================================================
16:39:07 [TestNG-test-Test-1] INFO  verifyingBatteryCapacityFilterFunctionality_Mobile_16-38-09 - [verifyingBatteryCapacityFilterFunctionality_Mobile_16-38-09] Within safeFindElements 
16:39:07 [TestNG-test-Test-1] INFO  verifyingBatteryCapacityFilterFunctionality_Mobile_16-38-09 - [verifyingBatteryCapacityFilterFunctionality_Mobile_16-38-09] Returning the  [[[ChromeDriver: chrome on windows (b2a7484371ced5eaf393f7313a8365cd)] -> xpath: //div[@data-cy='title-recipe']], [[ChromeDriver: chrome on windows (b2a7484371ced5eaf393f7313a8365cd)] -> xpath: //div[@data-cy='title-recipe']], [[ChromeDriver: chrome on windows (b2a7484371ced5eaf393f7313a8365cd)] -> xpath: //div[@data-cy='title-recipe']], [[ChromeDriver: chrome on windows (b2a7484371ced5eaf393f7313a8365cd)] -> xpath: //div[@data-cy='title-recipe']], [[ChromeDriver: chrome on windows (b2a7484371ced5eaf393f7313a8365cd)] -> xpath: //div[@data-cy='title-recipe']], [[ChromeDriver: chrome on windows (b2a7484371ced5eaf393f7313a8365cd)] -> xpath: //div[@data-cy='title-recipe']], [[ChromeDriver: chrome on windows (b2a7484371ced5eaf393f7313a8365cd)] -> xpath: //div[@data-cy='title-recipe']], [[ChromeDriver: chrome on windows (b2a7484371ced5eaf393f7313a8365cd)] -> xpath: //div[@data-cy='title-recipe']], [[ChromeDriver: chrome on windows (b2a7484371ced5eaf393f7313a8365cd)] -> xpath: //div[@data-cy='title-recipe']], [[ChromeDriver: chrome on windows (b2a7484371ced5eaf393f7313a8365cd)] -> xpath: //div[@data-cy='title-recipe']], [[ChromeDriver: chrome on windows (b2a7484371ced5eaf393f7313a8365cd)] -> xpath: //div[@data-cy='title-recipe']], [[ChromeDriver: chrome on windows (b2a7484371ced5eaf393f7313a8365cd)] -> xpath: //div[@data-cy='title-recipe']], [[ChromeDriver: chrome on windows (b2a7484371ced5eaf393f7313a8365cd)] -> xpath: //div[@data-cy='title-recipe']], [[ChromeDriver: chrome on windows (b2a7484371ced5eaf393f7313a8365cd)] -> xpath: //div[@data-cy='title-recipe']], [[ChromeDriver: chrome on windows (b2a7484371ced5eaf393f7313a8365cd)] -> xpath: //div[@data-cy='title-recipe']], [[ChromeDriver: chrome on windows (b2a7484371ced5eaf393f7313a8365cd)] -> xpath: //div[@data-cy='title-recipe']]] from the safeFindElements method
16:39:07 [TestNG-test-Test-1] INFO  verifyingBatteryCapacityFilterFunctionality_Mobile_16-38-09 - [verifyingBatteryCapacityFilterFunctionality_Mobile_16-38-09] Within productNameListingPage loop in applyFilterAndValidateProductsWithResult
16:39:07 [TestNG-test-Test-1] INFO  verifyingBatteryCapacityFilterFunctionality_Mobile_16-38-09 - [verifyingBatteryCapacityFilterFunctionality_Mobile_16-38-09] Within getProductByIndex method
16:39:07 [TestNG-test-Test-1] INFO  verifyingBatteryCapacityFilterFunctionality_Mobile_16-38-09 - [verifyingBatteryCapacityFilterFunctionality_Mobile_16-38-09] Within safeFindElement method
16:39:07 [TestNG-test-Test-1] INFO  verifyingBatteryCapacityFilterFunctionality_Mobile_16-38-09 - [verifyingBatteryCapacityFilterFunctionality_Mobile_16-38-09]Found the element returning it ,element ->[[ChromeDriver: chrome on windows (b2a7484371ced5eaf393f7313a8365cd)] -> xpath: (//div[@data-cy='title-recipe'])[2]]
16:39:07 [TestNG-test-Test-1] INFO  verifyingBatteryCapacityFilterFunctionality_Mobile_16-38-09 - [verifyingBatteryCapacityFilterFunctionality_Mobile_16-38-09] Within getProductByIndex method
16:39:07 [TestNG-test-Test-1] INFO  verifyingBatteryCapacityFilterFunctionality_Mobile_16-38-09 - [verifyingBatteryCapacityFilterFunctionality_Mobile_16-38-09] Within smoothScrollToElement method
16:39:07 [TestNG-test-Test-1] INFO  verifyingBatteryCapacityFilterFunctionality_Mobile_16-38-09 - [verifyingBatteryCapacityFilterFunctionality_Mobile_16-38-09] Within safeFindElement method
16:39:07 [TestNG-test-Test-1] INFO  verifyingBatteryCapacityFilterFunctionality_Mobile_16-38-09 - [verifyingBatteryCapacityFilterFunctionality_Mobile_16-38-09]Found the element returning it ,element ->[[ChromeDriver: chrome on windows (b2a7484371ced5eaf393f7313a8365cd)] -> xpath: (//div[@data-cy='title-recipe'])[2]]
16:39:07 [TestNG-test-Test-1] INFO  verifyingBatteryCapacityFilterFunctionality_Mobile_16-38-09 - [verifyingBatteryCapacityFilterFunctionality_Mobile_16-38-09] Successfully scrolled to element: By.xpath: (//div[@data-cy='title-recipe'])[2]
16:39:07 [TestNG-test-Test-1] INFO  verifyingBatteryCapacityFilterFunctionality_Mobile_16-38-09 - [verifyingBatteryCapacityFilterFunctionality_Mobile_16-38-09] Getting product by index in productNameListingPage loop
16:39:07 [TestNG-test-Test-1] INFO  verifyingBatteryCapacityFilterFunctionality_Mobile_16-38-09 - [verifyingBatteryCapacityFilterFunctionality_Mobile_16-38-09] Opened product in new tab via Ctrl+Click inside productNameListingPage loop
16:39:07 [TestNG-test-Test-1] INFO  verifyingBatteryCapacityFilterFunctionality_Mobile_16-38-09 - [verifyingBatteryCapacityFilterFunctionality_Mobile_16-38-09] Waiting for new window to open...
16:39:07 [TestNG-test-Test-1] INFO  verifyingBatteryCapacityFilterFunctionality_Mobile_16-38-09 - [verifyingBatteryCapacityFilterFunctionality_Mobile_16-38-09] Switched to new window -> AF12772DC3BB30A38D2F51BE2E1A70CB
16:39:07 [TestNG-test-Test-1] INFO  verifyingBatteryCapacityFilterFunctionality_Mobile_16-38-09 - [verifyingBatteryCapacityFilterFunctionality_Mobile_16-38-09] Swithcing to the new window  within productNameListingPage loop
16:39:07 [TestNG-test-Test-1] INFO  verifyingBatteryCapacityFilterFunctionality_Mobile_16-38-09 - [verifyingBatteryCapacityFilterFunctionality_Mobile_16-38-09] Clicked product name to open in new tab from productNameListingPage loop
16:39:07 [TestNG-test-Test-1] INFO  verifyingBatteryCapacityFilterFunctionality_Mobile_16-38-09 - [verifyingBatteryCapacityFilterFunctionality_Mobile_16-38-09] Waiting until element is visible in viewport
16:39:10 [TestNG-test-Test-1] INFO  verifyingBatteryCapacityFilterFunctionality_Mobile_16-38-09 - [verifyingBatteryCapacityFilterFunctionality_Mobile_16-38-09] Within safeFindElement method
16:39:10 [TestNG-test-Test-1] INFO  verifyingBatteryCapacityFilterFunctionality_Mobile_16-38-09 - [verifyingBatteryCapacityFilterFunctionality_Mobile_16-38-09]Found the element returning it ,element ->[[ChromeDriver: chrome on windows (b2a7484371ced5eaf393f7313a8365cd)] -> xpath: //span[@id='productTitle']]
16:39:10 [TestNG-test-Test-1] INFO  verifyingBatteryCapacityFilterFunctionality_Mobile_16-38-09 - [verifyingBatteryCapacityFilterFunctionality_Mobile_16-38-09] Within safeFindElement method
16:39:10 [TestNG-test-Test-1] INFO  verifyingBatteryCapacityFilterFunctionality_Mobile_16-38-09 - [verifyingBatteryCapacityFilterFunctionality_Mobile_16-38-09]Found the element returning it ,element ->[[ChromeDriver: chrome on windows (b2a7484371ced5eaf393f7313a8365cd)] -> xpath: //div[@class='a-section a-spacing-small a-spacing-top-small']]
16:39:11 [TestNG-test-Test-1] INFO  verifyingBatteryCapacityFilterFunctionality_Mobile_16-38-09 - [verifyingBatteryCapacityFilterFunctionality_Mobile_16-38-09] Within safeFindElement method
16:39:11 [TestNG-test-Test-1] INFO  verifyingBatteryCapacityFilterFunctionality_Mobile_16-38-09 - [verifyingBatteryCapacityFilterFunctionality_Mobile_16-38-09]Found the element returning it ,element ->[[ChromeDriver: chrome on windows (b2a7484371ced5eaf393f7313a8365cd)] -> xpath: //div[@id='feature-bullets']]
16:39:11 [TestNG-test-Test-1] INFO  verifyingBatteryCapacityFilterFunctionality_Mobile_16-38-09 - [verifyingBatteryCapacityFilterFunctionality_Mobile_16-38-09] Within safeFindElement method
16:39:11 [TestNG-test-Test-1] INFO  verifyingBatteryCapacityFilterFunctionality_Mobile_16-38-09 - [verifyingBatteryCapacityFilterFunctionality_Mobile_16-38-09]Found the element returning it ,element ->[[ChromeDriver: chrome on windows (b2a7484371ced5eaf393f7313a8365cd)] -> xpath: //div[@id='prodDetails']]
16:39:11 [TestNG-test-Test-1] INFO  verifyingBatteryCapacityFilterFunctionality_Mobile_16-38-09 - [verifyingBatteryCapacityFilterFunctionality_Mobile_16-38-09] Extracting 'name' , 'keyFeatures', 'about' , 'techDetails' within productNameListingPage loop
16:39:11 [TestNG-test-Test-1] INFO  verifyingBatteryCapacityFilterFunctionality_Mobile_16-38-09 - [verifyingBatteryCapacityFilterFunctionality_Mobile_16-38-09] Waiting until element is visible in viewport
16:39:21 [TestNG-test-Test-1] INFO  verifyingBatteryCapacityFilterFunctionality_Mobile_16-38-09 - [verifyingBatteryCapacityFilterFunctionality_Mobile_16-38-09] Within smoothScrollToElement method
16:39:21 [TestNG-test-Test-1] INFO  verifyingBatteryCapacityFilterFunctionality_Mobile_16-38-09 - [verifyingBatteryCapacityFilterFunctionality_Mobile_16-38-09] Within safeFindElement method
16:39:21 [TestNG-test-Test-1] INFO  verifyingBatteryCapacityFilterFunctionality_Mobile_16-38-09 - [verifyingBatteryCapacityFilterFunctionality_Mobile_16-38-09]Found the element returning it ,element ->[[ChromeDriver: chrome on windows (b2a7484371ced5eaf393f7313a8365cd)] -> xpath: //a[@id='seeMoreDetailsLink']]
16:39:21 [TestNG-test-Test-1] INFO  verifyingBatteryCapacityFilterFunctionality_Mobile_16-38-09 - [verifyingBatteryCapacityFilterFunctionality_Mobile_16-38-09] Successfully scrolled to element: By.xpath: //a[@id='seeMoreDetailsLink']
16:39:21 [TestNG-test-Test-1] INFO  verifyingBatteryCapacityFilterFunctionality_Mobile_16-38-09 - [verifyingBatteryCapacityFilterFunctionality_Mobile_16-38-09] Within safeClick method
16:39:22 [TestNG-test-Test-1] INFO  verifyingBatteryCapacityFilterFunctionality_Mobile_16-38-09 - [verifyingBatteryCapacityFilterFunctionality_Mobile_16-38-09] Clicked the  [[ChromeDriver: chrome on windows (b2a7484371ced5eaf393f7313a8365cd)] -> xpath: //a[@id='seeMoreDetailsLink']]   using safeClick
16:39:22 [TestNG-test-Test-1] INFO  verifyingBatteryCapacityFilterFunctionality_Mobile_16-38-09 - [verifyingBatteryCapacityFilterFunctionality_Mobile_16-38-09] Within try block for clicking see more deatils within productNameListingPage loop
16:39:22 [TestNG-test-Test-1] INFO  verifyingBatteryCapacityFilterFunctionality_Mobile_16-38-09 - [verifyingBatteryCapacityFilterFunctionality_Mobile_16-38-09] Within closeCurrentWindowAndSwitchBack method
16:39:22 [TestNG-test-Test-1] INFO  verifyingBatteryCapacityFilterFunctionality_Mobile_16-38-09 - [verifyingBatteryCapacityFilterFunctionality_Mobile_16-38-09] Total open windows/tabs count -> 2
16:39:22 [TestNG-test-Test-1] INFO  verifyingBatteryCapacityFilterFunctionality_Mobile_16-38-09 - [verifyingBatteryCapacityFilterFunctionality_Mobile_16-38-09] Original window handle -> 3861216DB166E2EC9040CCC0CE10DF0F
16:39:22 [TestNG-test-Test-1] INFO  verifyingBatteryCapacityFilterFunctionality_Mobile_16-38-09 - [verifyingBatteryCapacityFilterFunctionality_Mobile_16-38-09] Found new tab/window handle -> AF12772DC3BB30A38D2F51BE2E1A70CB (will be closed)
16:39:22 [TestNG-test-Test-1] INFO  verifyingBatteryCapacityFilterFunctionality_Mobile_16-38-09 - [verifyingBatteryCapacityFilterFunctionality_Mobile_16-38-09] Successfully switched to new tab/window -> AF12772DC3BB30A38D2F51BE2E1A70CB
16:39:22 [TestNG-test-Test-1] INFO  verifyingBatteryCapacityFilterFunctionality_Mobile_16-38-09 - [verifyingBatteryCapacityFilterFunctionality_Mobile_16-38-09] Closed the newly opened tab/window -> AF12772DC3BB30A38D2F51BE2E1A70CB
16:39:22 [TestNG-test-Test-1] INFO  verifyingBatteryCapacityFilterFunctionality_Mobile_16-38-09 - [verifyingBatteryCapacityFilterFunctionality_Mobile_16-38-09] Switched back to the original window -> 3861216DB166E2EC9040CCC0CE10DF0F
16:39:22 [TestNG-test-Test-1] INFO  verifyingBatteryCapacityFilterFunctionality_Mobile_16-38-09 - [verifyingBatteryCapacityFilterFunctionality_Mobile_16-38-09]  going back to product listing via closeCurrentWindowAndSwitchBack 
16:39:22 [TestNG-test-Test-1] INFO  verifyingBatteryCapacityFilterFunctionality_Mobile_16-38-09 - [verifyingBatteryCapacityFilterFunctionality_Mobile_16-38-09]  Added 'filter','title','keyFeatures', 'about', 'techDetails' into the Map -> productResult
16:39:22 [TestNG-test-Test-1] INFO  verifyingBatteryCapacityFilterFunctionality_Mobile_16-38-09 - [verifyingBatteryCapacityFilterFunctionality_Mobile_16-38-09]  Added 'productResult' Map into the 'results' i.e list of maps 
16:39:22 [TestNG-test-Test-1] INFO  verifyingBatteryCapacityFilterFunctionality_Mobile_16-38-09 - [verifyingBatteryCapacityFilterFunctionality_Mobile_16-38-09]==========================================================================================================
16:39:22 [TestNG-test-Test-1] INFO  verifyingBatteryCapacityFilterFunctionality_Mobile_16-38-09 - [verifyingBatteryCapacityFilterFunctionality_Mobile_16-38-09] Within safeClick method
16:39:22 [TestNG-test-Test-1] INFO  verifyingBatteryCapacityFilterFunctionality_Mobile_16-38-09 - [verifyingBatteryCapacityFilterFunctionality_Mobile_16-38-09] Clicked the  [[ChromeDriver: chrome on windows (b2a7484371ced5eaf393f7313a8365cd)] -> xpath: //span[@class='a-size-base a-color-base' and text()='Clear']]   using safeClick
16:39:22 [TestNG-test-Test-1] INFO  verifyingBatteryCapacityFilterFunctionality_Mobile_16-38-09 - [verifyingBatteryCapacityFilterFunctionality_Mobile_16-38-09] Clearing the filter value ->3,000 to 3,999 mAhwithin productNameListingPage loop
16:39:22 [TestNG-test-Test-1] INFO  verifyingBatteryCapacityFilterFunctionality_Mobile_16-38-09 - [verifyingBatteryCapacityFilterFunctionality_Mobile_16-38-09]==========================================================================================================
16:39:22 [TestNG-test-Test-1] INFO  verifyingBatteryCapacityFilterFunctionality_Mobile_16-38-09 - [verifyingBatteryCapacityFilterFunctionality_Mobile_16-38-09]==========================================================================================================
16:39:22 [TestNG-test-Test-1] INFO  verifyingBatteryCapacityFilterFunctionality_Mobile_16-38-09 - [verifyingBatteryCapacityFilterFunctionality_Mobile_16-38-09] Within filterOptions loop in applyFilterAndValidateProductsWithResult
16:39:22 [TestNG-test-Test-1] INFO  verifyingBatteryCapacityFilterFunctionality_Mobile_16-38-09 - [verifyingBatteryCapacityFilterFunctionality_Mobile_16-38-09] Within safeFindElements 
16:39:23 [TestNG-test-Test-1] INFO  verifyingBatteryCapacityFilterFunctionality_Mobile_16-38-09 - [verifyingBatteryCapacityFilterFunctionality_Mobile_16-38-09] Returning the  [[[ChromeDriver: chrome on windows (b2a7484371ced5eaf393f7313a8365cd)] -> xpath: //span[@class='a-size-base a-color-base puis-bold-weight-text' and text()='Battery Capacity']/parent::div/following-sibling::ul//span[@class='a-size-base a-color-base']], [[ChromeDriver: chrome on windows (b2a7484371ced5eaf393f7313a8365cd)] -> xpath: //span[@class='a-size-base a-color-base puis-bold-weight-text' and text()='Battery Capacity']/parent::div/following-sibling::ul//span[@class='a-size-base a-color-base']], [[ChromeDriver: chrome on windows (b2a7484371ced5eaf393f7313a8365cd)] -> xpath: //span[@class='a-size-base a-color-base puis-bold-weight-text' and text()='Battery Capacity']/parent::div/following-sibling::ul//span[@class='a-size-base a-color-base']], [[ChromeDriver: chrome on windows (b2a7484371ced5eaf393f7313a8365cd)] -> xpath: //span[@class='a-size-base a-color-base puis-bold-weight-text' and text()='Battery Capacity']/parent::div/following-sibling::ul//span[@class='a-size-base a-color-base']], [[ChromeDriver: chrome on windows (b2a7484371ced5eaf393f7313a8365cd)] -> xpath: //span[@class='a-size-base a-color-base puis-bold-weight-text' and text()='Battery Capacity']/parent::div/following-sibling::ul//span[@class='a-size-base a-color-base']]] from the safeFindElements method
16:39:23 [TestNG-test-Test-1] INFO  verifyingBatteryCapacityFilterFunctionality_Mobile_16-38-09 - [verifyingBatteryCapacityFilterFunctionality_Mobile_16-38-09] Trying to read filter option 2 (attempt 1/3)
16:39:23 [TestNG-test-Test-1] INFO  verifyingBatteryCapacityFilterFunctionality_Mobile_16-38-09 - [verifyingBatteryCapacityFilterFunctionality_Mobile_16-38-09] Successfully read filter option 2 = '4,000 to 4,999 mAh'
16:39:23 [TestNG-test-Test-1] INFO  verifyingBatteryCapacityFilterFunctionality_Mobile_16-38-09 - [verifyingBatteryCapacityFilterFunctionality_Mobile_16-38-09] Within getfilterByTypeAndName method
16:39:23 [TestNG-test-Test-1] INFO  verifyingBatteryCapacityFilterFunctionality_Mobile_16-38-09 - [verifyingBatteryCapacityFilterFunctionality_Mobile_16-38-09] Within safeClickBooleanWithScreenShot method
16:39:23 [TestNG-test-Test-1] INFO  verifyingBatteryCapacityFilterFunctionality_Mobile_16-38-09 - [verifyingBatteryCapacityFilterFunctionality_Mobile_16-38-09] Within getAppliedfilterByTypeAndName method
16:39:23 [TestNG-test-Test-1] INFO  verifyingBatteryCapacityFilterFunctionality_Mobile_16-38-09 - [verifyingBatteryCapacityFilterFunctionality_Mobile_16-38-09] Within smoothScrollToElement method
16:39:23 [TestNG-test-Test-1] INFO  verifyingBatteryCapacityFilterFunctionality_Mobile_16-38-09 - [verifyingBatteryCapacityFilterFunctionality_Mobile_16-38-09] Within safeFindElement method
16:39:23 [TestNG-test-Test-1] INFO  verifyingBatteryCapacityFilterFunctionality_Mobile_16-38-09 - [verifyingBatteryCapacityFilterFunctionality_Mobile_16-38-09]Found the element returning it ,element ->[[ChromeDriver: chrome on windows (b2a7484371ced5eaf393f7313a8365cd)] -> xpath: //span[@class='a-size-base a-color-base puis-bold-weight-text' and text()='Battery Capacity']]
16:39:23 [TestNG-test-Test-1] INFO  verifyingBatteryCapacityFilterFunctionality_Mobile_16-38-09 - [verifyingBatteryCapacityFilterFunctionality_Mobile_16-38-09] Successfully scrolled to element: By.xpath: //span[@class='a-size-base a-color-base puis-bold-weight-text' and text()='Battery Capacity']
16:39:23 [TestNG-test-Test-1] INFO  verifyingBatteryCapacityFilterFunctionality_Mobile_16-38-09 - [verifyingBatteryCapacityFilterFunctionality_Mobile_16-38-09] Within getMoreButtonByFilterTypeAndName method
16:39:23 [TestNG-test-Test-1] INFO  verifyingBatteryCapacityFilterFunctionality_Mobile_16-38-09 - [verifyingBatteryCapacityFilterFunctionality_Mobile_16-38-09] could not find more button
16:39:24 [TestNG-test-Test-1] INFO  verifyingBatteryCapacityFilterFunctionality_Mobile_16-38-09 - [verifyingBatteryCapacityFilterFunctionality_Mobile_16-38-09] Within getAppliedfilterByTypeAndName method
16:39:24 [TestNG-test-Test-1] INFO  verifyingBatteryCapacityFilterFunctionality_Mobile_16-38-09 - [verifyingBatteryCapacityFilterFunctionality_Mobile_16-38-09] Within smoothScrollToElement method
16:39:24 [TestNG-test-Test-1] INFO  verifyingBatteryCapacityFilterFunctionality_Mobile_16-38-09 - [verifyingBatteryCapacityFilterFunctionality_Mobile_16-38-09] Within safeFindElement method
16:39:25 [TestNG-test-Test-1] INFO  verifyingBatteryCapacityFilterFunctionality_Mobile_16-38-09 - [verifyingBatteryCapacityFilterFunctionality_Mobile_16-38-09]Found the element returning it ,element ->[[ChromeDriver: chrome on windows (b2a7484371ced5eaf393f7313a8365cd)] -> xpath: //span[@class='a-size-base a-color-base puis-bold-weight-text' and text()='Battery Capacity']]
16:39:25 [TestNG-test-Test-1] INFO  verifyingBatteryCapacityFilterFunctionality_Mobile_16-38-09 - [verifyingBatteryCapacityFilterFunctionality_Mobile_16-38-09] Successfully scrolled to element: By.xpath: //span[@class='a-size-base a-color-base puis-bold-weight-text' and text()='Battery Capacity']
16:39:25 [TestNG-test-Test-1] INFO  verifyingBatteryCapacityFilterFunctionality_Mobile_16-38-09 - [verifyingBatteryCapacityFilterFunctionality_Mobile_16-38-09] Within getMoreButtonByFilterTypeAndName method
16:39:25 [TestNG-test-Test-1] INFO  verifyingBatteryCapacityFilterFunctionality_Mobile_16-38-09 - [verifyingBatteryCapacityFilterFunctionality_Mobile_16-38-09] could not find more button
16:39:25 [TestNG-test-Test-1] INFO  verifyingBatteryCapacityFilterFunctionality_Mobile_16-38-09 - [verifyingBatteryCapacityFilterFunctionality_Mobile_16-38-09] Within getfilterByTypeAndName method
16:39:25 [TestNG-test-Test-1] INFO  verifyingBatteryCapacityFilterFunctionality_Mobile_16-38-09 - [verifyingBatteryCapacityFilterFunctionality_Mobile_16-38-09] Within smoothScrollToElement method
16:39:25 [TestNG-test-Test-1] INFO  verifyingBatteryCapacityFilterFunctionality_Mobile_16-38-09 - [verifyingBatteryCapacityFilterFunctionality_Mobile_16-38-09] Within safeFindElement method
16:39:25 [TestNG-test-Test-1] INFO  verifyingBatteryCapacityFilterFunctionality_Mobile_16-38-09 - [verifyingBatteryCapacityFilterFunctionality_Mobile_16-38-09]Found the element returning it ,element ->[[ChromeDriver: chrome on windows (b2a7484371ced5eaf393f7313a8365cd)] -> xpath: //span[@class='a-size-base a-color-base puis-bold-weight-text' and text()='Battery Capacity']/parent::div/following-sibling::ul//span[@class='a-size-base a-color-base a-text-bold' and text()='4,000 to 4,999 mAh']]
16:39:25 [TestNG-test-Test-1] INFO  verifyingBatteryCapacityFilterFunctionality_Mobile_16-38-09 - [verifyingBatteryCapacityFilterFunctionality_Mobile_16-38-09] Successfully scrolled to element: By.xpath: //span[@class='a-size-base a-color-base puis-bold-weight-text' and text()='Battery Capacity']/parent::div/following-sibling::ul//span[@class='a-size-base a-color-base a-text-bold' and text()='4,000 to 4,999 mAh']
16:39:25 [TestNG-test-Test-1] INFO  verifyingBatteryCapacityFilterFunctionality_Mobile_16-38-09 - [verifyingBatteryCapacityFilterFunctionality_Mobile_16-38-09] Clicked the element using safe click ,element is [[ChromeDriver: chrome on windows (b2a7484371ced5eaf393f7313a8365cd)] -> xpath: //span[@class='a-size-base a-color-base puis-bold-weight-text' and text()='Battery Capacity']/parent::div/following-sibling::ul//span[@class='a-size-base a-color-base' and text()='4,000 to 4,999 mAh']]
16:39:26 [TestNG-test-Test-1] INFO  verifyingBatteryCapacityFilterFunctionality_Mobile_16-38-09 - [verifyingBatteryCapacityFilterFunctionality_Mobile_16-38-09] Within safeFindElements 
16:39:26 [TestNG-test-Test-1] INFO  verifyingBatteryCapacityFilterFunctionality_Mobile_16-38-09 - [verifyingBatteryCapacityFilterFunctionality_Mobile_16-38-09] Returning the  [[[ChromeDriver: chrome on windows (b2a7484371ced5eaf393f7313a8365cd)] -> xpath: //div[@data-cy='title-recipe']], [[ChromeDriver: chrome on windows (b2a7484371ced5eaf393f7313a8365cd)] -> xpath: //div[@data-cy='title-recipe']], [[ChromeDriver: chrome on windows (b2a7484371ced5eaf393f7313a8365cd)] -> xpath: //div[@data-cy='title-recipe']], [[ChromeDriver: chrome on windows (b2a7484371ced5eaf393f7313a8365cd)] -> xpath: //div[@data-cy='title-recipe']], [[ChromeDriver: chrome on windows (b2a7484371ced5eaf393f7313a8365cd)] -> xpath: //div[@data-cy='title-recipe']], [[ChromeDriver: chrome on windows (b2a7484371ced5eaf393f7313a8365cd)] -> xpath: //div[@data-cy='title-recipe']], [[ChromeDriver: chrome on windows (b2a7484371ced5eaf393f7313a8365cd)] -> xpath: //div[@data-cy='title-recipe']], [[ChromeDriver: chrome on windows (b2a7484371ced5eaf393f7313a8365cd)] -> xpath: //div[@data-cy='title-recipe']], [[ChromeDriver: chrome on windows (b2a7484371ced5eaf393f7313a8365cd)] -> xpath: //div[@data-cy='title-recipe']], [[ChromeDriver: chrome on windows (b2a7484371ced5eaf393f7313a8365cd)] -> xpath: //div[@data-cy='title-recipe']], [[ChromeDriver: chrome on windows (b2a7484371ced5eaf393f7313a8365cd)] -> xpath: //div[@data-cy='title-recipe']], [[ChromeDriver: chrome on windows (b2a7484371ced5eaf393f7313a8365cd)] -> xpath: //div[@data-cy='title-recipe']], [[ChromeDriver: chrome on windows (b2a7484371ced5eaf393f7313a8365cd)] -> xpath: //div[@data-cy='title-recipe']], [[ChromeDriver: chrome on windows (b2a7484371ced5eaf393f7313a8365cd)] -> xpath: //div[@data-cy='title-recipe']], [[ChromeDriver: chrome on windows (b2a7484371ced5eaf393f7313a8365cd)] -> xpath: //div[@data-cy='title-recipe']], [[ChromeDriver: chrome on windows (b2a7484371ced5eaf393f7313a8365cd)] -> xpath: //div[@data-cy='title-recipe']]] from the safeFindElements method
16:39:26 [TestNG-test-Test-1] INFO  verifyingBatteryCapacityFilterFunctionality_Mobile_16-38-09 - [verifyingBatteryCapacityFilterFunctionality_Mobile_16-38-09] Execution is Not CRON Job Hence refering to normal keys from UtilData
16:39:26 [TestNG-test-Test-1] INFO  verifyingBatteryCapacityFilterFunctionality_Mobile_16-38-09 - [verifyingBatteryCapacityFilterFunctionality_Mobile_16-38-09] Within safeFindElements 
16:39:26 [TestNG-test-Test-1] INFO  verifyingBatteryCapacityFilterFunctionality_Mobile_16-38-09 - [verifyingBatteryCapacityFilterFunctionality_Mobile_16-38-09] Returning the  [[[ChromeDriver: chrome on windows (b2a7484371ced5eaf393f7313a8365cd)] -> xpath: //div[@data-cy='title-recipe']], [[ChromeDriver: chrome on windows (b2a7484371ced5eaf393f7313a8365cd)] -> xpath: //div[@data-cy='title-recipe']], [[ChromeDriver: chrome on windows (b2a7484371ced5eaf393f7313a8365cd)] -> xpath: //div[@data-cy='title-recipe']], [[ChromeDriver: chrome on windows (b2a7484371ced5eaf393f7313a8365cd)] -> xpath: //div[@data-cy='title-recipe']], [[ChromeDriver: chrome on windows (b2a7484371ced5eaf393f7313a8365cd)] -> xpath: //div[@data-cy='title-recipe']], [[ChromeDriver: chrome on windows (b2a7484371ced5eaf393f7313a8365cd)] -> xpath: //div[@data-cy='title-recipe']], [[ChromeDriver: chrome on windows (b2a7484371ced5eaf393f7313a8365cd)] -> xpath: //div[@data-cy='title-recipe']], [[ChromeDriver: chrome on windows (b2a7484371ced5eaf393f7313a8365cd)] -> xpath: //div[@data-cy='title-recipe']], [[ChromeDriver: chrome on windows (b2a7484371ced5eaf393f7313a8365cd)] -> xpath: //div[@data-cy='title-recipe']], [[ChromeDriver: chrome on windows (b2a7484371ced5eaf393f7313a8365cd)] -> xpath: //div[@data-cy='title-recipe']], [[ChromeDriver: chrome on windows (b2a7484371ced5eaf393f7313a8365cd)] -> xpath: //div[@data-cy='title-recipe']], [[ChromeDriver: chrome on windows (b2a7484371ced5eaf393f7313a8365cd)] -> xpath: //div[@data-cy='title-recipe']], [[ChromeDriver: chrome on windows (b2a7484371ced5eaf393f7313a8365cd)] -> xpath: //div[@data-cy='title-recipe']], [[ChromeDriver: chrome on windows (b2a7484371ced5eaf393f7313a8365cd)] -> xpath: //div[@data-cy='title-recipe']], [[ChromeDriver: chrome on windows (b2a7484371ced5eaf393f7313a8365cd)] -> xpath: //div[@data-cy='title-recipe']], [[ChromeDriver: chrome on windows (b2a7484371ced5eaf393f7313a8365cd)] -> xpath: //div[@data-cy='title-recipe']]] from the safeFindElements method
16:39:26 [TestNG-test-Test-1] INFO  verifyingBatteryCapacityFilterFunctionality_Mobile_16-38-09 - [verifyingBatteryCapacityFilterFunctionality_Mobile_16-38-09] Within productNameListingPage loop in applyFilterAndValidateProductsWithResult
16:39:26 [TestNG-test-Test-1] INFO  verifyingBatteryCapacityFilterFunctionality_Mobile_16-38-09 - [verifyingBatteryCapacityFilterFunctionality_Mobile_16-38-09] Within getProductByIndex method
16:39:26 [TestNG-test-Test-1] INFO  verifyingBatteryCapacityFilterFunctionality_Mobile_16-38-09 - [verifyingBatteryCapacityFilterFunctionality_Mobile_16-38-09] Within safeFindElement method
16:39:26 [TestNG-test-Test-1] INFO  verifyingBatteryCapacityFilterFunctionality_Mobile_16-38-09 - [verifyingBatteryCapacityFilterFunctionality_Mobile_16-38-09]Found the element returning it ,element ->[[ChromeDriver: chrome on windows (b2a7484371ced5eaf393f7313a8365cd)] -> xpath: (//div[@data-cy='title-recipe'])[1]]
16:39:26 [TestNG-test-Test-1] INFO  verifyingBatteryCapacityFilterFunctionality_Mobile_16-38-09 - [verifyingBatteryCapacityFilterFunctionality_Mobile_16-38-09] Within getProductByIndex method
16:39:26 [TestNG-test-Test-1] INFO  verifyingBatteryCapacityFilterFunctionality_Mobile_16-38-09 - [verifyingBatteryCapacityFilterFunctionality_Mobile_16-38-09] Within smoothScrollToElement method
16:39:26 [TestNG-test-Test-1] INFO  verifyingBatteryCapacityFilterFunctionality_Mobile_16-38-09 - [verifyingBatteryCapacityFilterFunctionality_Mobile_16-38-09] Within safeFindElement method
16:39:26 [TestNG-test-Test-1] INFO  verifyingBatteryCapacityFilterFunctionality_Mobile_16-38-09 - [verifyingBatteryCapacityFilterFunctionality_Mobile_16-38-09]Found the element returning it ,element ->[[ChromeDriver: chrome on windows (b2a7484371ced5eaf393f7313a8365cd)] -> xpath: (//div[@data-cy='title-recipe'])[1]]
16:39:26 [TestNG-test-Test-1] INFO  verifyingBatteryCapacityFilterFunctionality_Mobile_16-38-09 - [verifyingBatteryCapacityFilterFunctionality_Mobile_16-38-09] Successfully scrolled to element: By.xpath: (//div[@data-cy='title-recipe'])[1]
16:39:26 [TestNG-test-Test-1] INFO  verifyingBatteryCapacityFilterFunctionality_Mobile_16-38-09 - [verifyingBatteryCapacityFilterFunctionality_Mobile_16-38-09] Getting product by index in productNameListingPage loop
16:39:26 [TestNG-test-Test-1] INFO  verifyingBatteryCapacityFilterFunctionality_Mobile_16-38-09 - [verifyingBatteryCapacityFilterFunctionality_Mobile_16-38-09] Opened product in new tab via Ctrl+Click inside productNameListingPage loop
16:39:26 [TestNG-test-Test-1] INFO  verifyingBatteryCapacityFilterFunctionality_Mobile_16-38-09 - [verifyingBatteryCapacityFilterFunctionality_Mobile_16-38-09] Waiting for new window to open...
16:39:26 [TestNG-test-Test-1] INFO  verifyingBatteryCapacityFilterFunctionality_Mobile_16-38-09 - [verifyingBatteryCapacityFilterFunctionality_Mobile_16-38-09] Switched to new window -> C76BC5378BD509FCE851B0680B0D2A68
16:39:26 [TestNG-test-Test-1] INFO  verifyingBatteryCapacityFilterFunctionality_Mobile_16-38-09 - [verifyingBatteryCapacityFilterFunctionality_Mobile_16-38-09] Swithcing to the new window  within productNameListingPage loop
16:39:26 [TestNG-test-Test-1] INFO  verifyingBatteryCapacityFilterFunctionality_Mobile_16-38-09 - [verifyingBatteryCapacityFilterFunctionality_Mobile_16-38-09] Clicked product name to open in new tab from productNameListingPage loop
16:39:26 [TestNG-test-Test-1] INFO  verifyingBatteryCapacityFilterFunctionality_Mobile_16-38-09 - [verifyingBatteryCapacityFilterFunctionality_Mobile_16-38-09] Waiting until element is visible in viewport
16:39:29 [TestNG-test-Test-1] WARN  verifyingBatteryCapacityFilterFunctionality_Mobile_16-38-09 - [verifyingBatteryCapacityFilterFunctionality_Mobile_16-38-09] Product detail page did not load for index 1 filter '4,000 to 4,999 mAh'; skipping detail scrape to avoid redundant retries/timeouts
16:39:29 [TestNG-test-Test-1] INFO  verifyingBatteryCapacityFilterFunctionality_Mobile_16-38-09 - [verifyingBatteryCapacityFilterFunctionality_Mobile_16-38-09] Within closeCurrentWindowAndSwitchBack method
16:39:29 [TestNG-test-Test-1] INFO  verifyingBatteryCapacityFilterFunctionality_Mobile_16-38-09 - [verifyingBatteryCapacityFilterFunctionality_Mobile_16-38-09] Total open windows/tabs count -> 2
16:39:29 [TestNG-test-Test-1] INFO  verifyingBatteryCapacityFilterFunctionality_Mobile_16-38-09 - [verifyingBatteryCapacityFilterFunctionality_Mobile_16-38-09] Original window handle -> 3861216DB166E2EC9040CCC0CE10DF0F
16:39:29 [TestNG-test-Test-1] INFO  verifyingBatteryCapacityFilterFunctionality_Mobile_16-38-09 - [verifyingBatteryCapacityFilterFunctionality_Mobile_16-38-09] Found new tab/window handle -> C76BC5378BD509FCE851B0680B0D2A68 (will be closed)
16:39:29 [TestNG-test-Test-1] INFO  verifyingBatteryCapacityFilterFunctionality_Mobile_16-38-09 - [verifyingBatteryCapacityFilterFunctionality_Mobile_16-38-09] Successfully switched to new tab/window -> C76BC5378BD509FCE851B0680B0D2A68
16:39:29 [TestNG-test-Test-1] INFO  verifyingBatteryCapacityFilterFunctionality_Mobile_16-38-09 - [verifyingBatteryCapacityFilterFunctionality_Mobile_16-38-09] Closed the newly opened tab/window -> C76BC5378BD509FCE851B0680B0D2A68
16:39:29 [TestNG-test-Test-1] INFO  verifyingBatteryCapacityFilterFunctionality_Mobile_16-38-09 - [verifyingBatteryCapacityFilterFunctionality_Mobile_16-38-09] Switched back to the original window -> 3861216DB166E2EC9040CCC0CE10DF0F
16:39:29 [TestNG-test-Test-1] INFO  verifyingBatteryCapacityFilterFunctionality_Mobile_16-38-09 - [verifyingBatteryCapacityFilterFunctionality_Mobile_16-38-09]  going back to product listing via closeCurrentWindowAndSwitchBack 
16:39:29 [TestNG-test-Test-1] INFO  verifyingBatteryCapacityFilterFunctionality_Mobile_16-38-09 - [verifyingBatteryCapacityFilterFunctionality_Mobile_16-38-09]  Added 'filter','title','keyFeatures', 'about', 'techDetails' into the Map -> productResult
16:39:29 [TestNG-test-Test-1] INFO  verifyingBatteryCapacityFilterFunctionality_Mobile_16-38-09 - [verifyingBatteryCapacityFilterFunctionality_Mobile_16-38-09]  Added 'productResult' Map into the 'results' i.e list of maps 
16:39:29 [TestNG-test-Test-1] INFO  verifyingBatteryCapacityFilterFunctionality_Mobile_16-38-09 - [verifyingBatteryCapacityFilterFunctionality_Mobile_16-38-09]==========================================================================================================
16:39:29 [TestNG-test-Test-1] INFO  verifyingBatteryCapacityFilterFunctionality_Mobile_16-38-09 - [verifyingBatteryCapacityFilterFunctionality_Mobile_16-38-09] Within safeFindElements 
16:39:29 [TestNG-test-Test-1] INFO  verifyingBatteryCapacityFilterFunctionality_Mobile_16-38-09 - [verifyingBatteryCapacityFilterFunctionality_Mobile_16-38-09] Returning the  [[[ChromeDriver: chrome on windows (b2a7484371ced5eaf393f7313a8365cd)] -> xpath: //div[@data-cy='title-recipe']], [[ChromeDriver: chrome on windows (b2a7484371ced5eaf393f7313a8365cd)] -> xpath: //div[@data-cy='title-recipe']], [[ChromeDriver: chrome on windows (b2a7484371ced5eaf393f7313a8365cd)] -> xpath: //div[@data-cy='title-recipe']], [[ChromeDriver: chrome on windows (b2a7484371ced5eaf393f7313a8365cd)] -> xpath: //div[@data-cy='title-recipe']], [[ChromeDriver: chrome on windows (b2a7484371ced5eaf393f7313a8365cd)] -> xpath: //div[@data-cy='title-recipe']], [[ChromeDriver: chrome on windows (b2a7484371ced5eaf393f7313a8365cd)] -> xpath: //div[@data-cy='title-recipe']], [[ChromeDriver: chrome on windows (b2a7484371ced5eaf393f7313a8365cd)] -> xpath: //div[@data-cy='title-recipe']], [[ChromeDriver: chrome on windows (b2a7484371ced5eaf393f7313a8365cd)] -> xpath: //div[@data-cy='title-recipe']], [[ChromeDriver: chrome on windows (b2a7484371ced5eaf393f7313a8365cd)] -> xpath: //div[@data-cy='title-recipe']], [[ChromeDriver: chrome on windows (b2a7484371ced5eaf393f7313a8365cd)] -> xpath: //div[@data-cy='title-recipe']], [[ChromeDriver: chrome on windows (b2a7484371ced5eaf393f7313a8365cd)] -> xpath: //div[@data-cy='title-recipe']], [[ChromeDriver: chrome on windows (b2a7484371ced5eaf393f7313a8365cd)] -> xpath: //div[@data-cy='title-recipe']], [[ChromeDriver: chrome on windows (b2a7484371ced5eaf393f7313a8365cd)] -> xpath: //div[@data-cy='title-recipe']], [[ChromeDriver: chrome on windows (b2a7484371ced5eaf393f7313a8365cd)] -> xpath: //div[@data-cy='title-recipe']], [[ChromeDriver: chrome on windows (b2a7484371ced5eaf393f7313a8365cd)] -> xpath: //div[@data-cy='title-recipe']], [[ChromeDriver: chrome on windows (b2a7484371ced5eaf393f7313a8365cd)] -> xpath: //div[@data-cy='title-recipe']]] from the safeFindElements method
16:39:29 [TestNG-test-Test-1] INFO  verifyingBatteryCapacityFilterFunctionality_Mobile_16-38-09 - [verifyingBatteryCapacityFilterFunctionality_Mobile_16-38-09] Within productNameListingPage loop in applyFilterAndValidateProductsWithResult
16:39:29 [TestNG-test-Test-1] INFO  verifyingBatteryCapacityFilterFunctionality_Mobile_16-38-09 - [verifyingBatteryCapacityFilterFunctionality_Mobile_16-38-09] Within getProductByIndex method
16:39:29 [TestNG-test-Test-1] INFO  verifyingBatteryCapacityFilterFunctionality_Mobile_16-38-09 - [verifyingBatteryCapacityFilterFunctionality_Mobile_16-38-09] Within safeFindElement method
16:39:30 [TestNG-test-Test-1] INFO  verifyingBatteryCapacityFilterFunctionality_Mobile_16-38-09 - [verifyingBatteryCapacityFilterFunctionality_Mobile_16-38-09]Found the element returning it ,element ->[[ChromeDriver: chrome on windows (b2a7484371ced5eaf393f7313a8365cd)] -> xpath: (//div[@data-cy='title-recipe'])[2]]
16:39:30 [TestNG-test-Test-1] INFO  verifyingBatteryCapacityFilterFunctionality_Mobile_16-38-09 - [verifyingBatteryCapacityFilterFunctionality_Mobile_16-38-09] Within getProductByIndex method
16:39:30 [TestNG-test-Test-1] INFO  verifyingBatteryCapacityFilterFunctionality_Mobile_16-38-09 - [verifyingBatteryCapacityFilterFunctionality_Mobile_16-38-09] Within smoothScrollToElement method
16:39:30 [TestNG-test-Test-1] INFO  verifyingBatteryCapacityFilterFunctionality_Mobile_16-38-09 - [verifyingBatteryCapacityFilterFunctionality_Mobile_16-38-09] Within safeFindElement method
16:39:30 [TestNG-test-Test-1] INFO  verifyingBatteryCapacityFilterFunctionality_Mobile_16-38-09 - [verifyingBatteryCapacityFilterFunctionality_Mobile_16-38-09]Found the element returning it ,element ->[[ChromeDriver: chrome on windows (b2a7484371ced5eaf393f7313a8365cd)] -> xpath: (//div[@data-cy='title-recipe'])[2]]
16:39:30 [TestNG-test-Test-1] INFO  verifyingBatteryCapacityFilterFunctionality_Mobile_16-38-09 - [verifyingBatteryCapacityFilterFunctionality_Mobile_16-38-09] Successfully scrolled to element: By.xpath: (//div[@data-cy='title-recipe'])[2]
16:39:30 [TestNG-test-Test-1] INFO  verifyingBatteryCapacityFilterFunctionality_Mobile_16-38-09 - [verifyingBatteryCapacityFilterFunctionality_Mobile_16-38-09] Getting product by index in productNameListingPage loop
16:39:30 [TestNG-test-Test-1] INFO  verifyingBatteryCapacityFilterFunctionality_Mobile_16-38-09 - [verifyingBatteryCapacityFilterFunctionality_Mobile_16-38-09] Opened product in new tab via Ctrl+Click inside productNameListingPage loop
16:39:30 [TestNG-test-Test-1] INFO  verifyingBatteryCapacityFilterFunctionality_Mobile_16-38-09 - [verifyingBatteryCapacityFilterFunctionality_Mobile_16-38-09] Waiting for new window to open...
16:39:30 [TestNG-test-Test-1] INFO  verifyingBatteryCapacityFilterFunctionality_Mobile_16-38-09 - [verifyingBatteryCapacityFilterFunctionality_Mobile_16-38-09] Switched to new window -> 30DCA055FB7CD90850D15E1E350F4EA8
16:39:30 [TestNG-test-Test-1] INFO  verifyingBatteryCapacityFilterFunctionality_Mobile_16-38-09 - [verifyingBatteryCapacityFilterFunctionality_Mobile_16-38-09] Swithcing to the new window  within productNameListingPage loop
16:39:30 [TestNG-test-Test-1] INFO  verifyingBatteryCapacityFilterFunctionality_Mobile_16-38-09 - [verifyingBatteryCapacityFilterFunctionality_Mobile_16-38-09] Clicked product name to open in new tab from productNameListingPage loop
16:39:30 [TestNG-test-Test-1] INFO  verifyingBatteryCapacityFilterFunctionality_Mobile_16-38-09 - [verifyingBatteryCapacityFilterFunctionality_Mobile_16-38-09] Waiting until element is visible in viewport
16:39:35 [TestNG-test-Test-1] WARN  verifyingBatteryCapacityFilterFunctionality_Mobile_16-38-09 - [verifyingBatteryCapacityFilterFunctionality_Mobile_16-38-09] Product detail page did not load for index 2 filter '4,000 to 4,999 mAh'; skipping detail scrape to avoid redundant retries/timeouts
16:39:35 [TestNG-test-Test-1] INFO  verifyingBatteryCapacityFilterFunctionality_Mobile_16-38-09 - [verifyingBatteryCapacityFilterFunctionality_Mobile_16-38-09] Within closeCurrentWindowAndSwitchBack method
16:39:35 [TestNG-test-Test-1] INFO  verifyingBatteryCapacityFilterFunctionality_Mobile_16-38-09 - [verifyingBatteryCapacityFilterFunctionality_Mobile_16-38-09] Total open windows/tabs count -> 2
16:39:35 [TestNG-test-Test-1] INFO  verifyingBatteryCapacityFilterFunctionality_Mobile_16-38-09 - [verifyingBatteryCapacityFilterFunctionality_Mobile_16-38-09] Original window handle -> 3861216DB166E2EC9040CCC0CE10DF0F
16:39:35 [TestNG-test-Test-1] INFO  verifyingBatteryCapacityFilterFunctionality_Mobile_16-38-09 - [verifyingBatteryCapacityFilterFunctionality_Mobile_16-38-09] Found new tab/window handle -> 30DCA055FB7CD90850D15E1E350F4EA8 (will be closed)
16:39:35 [TestNG-test-Test-1] INFO  verifyingBatteryCapacityFilterFunctionality_Mobile_16-38-09 - [verifyingBatteryCapacityFilterFunctionality_Mobile_16-38-09] Successfully switched to new tab/window -> 30DCA055FB7CD90850D15E1E350F4EA8
16:39:36 [TestNG-test-Test-1] INFO  verifyingBatteryCapacityFilterFunctionality_Mobile_16-38-09 - [verifyingBatteryCapacityFilterFunctionality_Mobile_16-38-09] Closed the newly opened tab/window -> 30DCA055FB7CD90850D15E1E350F4EA8
16:39:36 [TestNG-test-Test-1] INFO  verifyingBatteryCapacityFilterFunctionality_Mobile_16-38-09 - [verifyingBatteryCapacityFilterFunctionality_Mobile_16-38-09] Switched back to the original window -> 3861216DB166E2EC9040CCC0CE10DF0F
16:39:36 [TestNG-test-Test-1] INFO  verifyingBatteryCapacityFilterFunctionality_Mobile_16-38-09 - [verifyingBatteryCapacityFilterFunctionality_Mobile_16-38-09]  going back to product listing via closeCurrentWindowAndSwitchBack 
16:39:36 [TestNG-test-Test-1] INFO  verifyingBatteryCapacityFilterFunctionality_Mobile_16-38-09 - [verifyingBatteryCapacityFilterFunctionality_Mobile_16-38-09]  Added 'filter','title','keyFeatures', 'about', 'techDetails' into the Map -> productResult
16:39:36 [TestNG-test-Test-1] INFO  verifyingBatteryCapacityFilterFunctionality_Mobile_16-38-09 - [verifyingBatteryCapacityFilterFunctionality_Mobile_16-38-09]  Added 'productResult' Map into the 'results' i.e list of maps 
16:39:36 [TestNG-test-Test-1] INFO  verifyingBatteryCapacityFilterFunctionality_Mobile_16-38-09 - [verifyingBatteryCapacityFilterFunctionality_Mobile_16-38-09]==========================================================================================================
16:39:36 [TestNG-test-Test-1] INFO  verifyingBatteryCapacityFilterFunctionality_Mobile_16-38-09 - [verifyingBatteryCapacityFilterFunctionality_Mobile_16-38-09] Within safeClick method
16:39:36 [TestNG-test-Test-1] INFO  verifyingBatteryCapacityFilterFunctionality_Mobile_16-38-09 - [verifyingBatteryCapacityFilterFunctionality_Mobile_16-38-09] Clicked the  [[ChromeDriver: chrome on windows (b2a7484371ced5eaf393f7313a8365cd)] -> xpath: //span[@class='a-size-base a-color-base' and text()='Clear']]   using safeClick
16:39:36 [TestNG-test-Test-1] INFO  verifyingBatteryCapacityFilterFunctionality_Mobile_16-38-09 - [verifyingBatteryCapacityFilterFunctionality_Mobile_16-38-09] Clearing the filter value ->4,000 to 4,999 mAhwithin productNameListingPage loop
16:39:36 [TestNG-test-Test-1] INFO  verifyingBatteryCapacityFilterFunctionality_Mobile_16-38-09 - [verifyingBatteryCapacityFilterFunctionality_Mobile_16-38-09]==========================================================================================================
16:39:36 [TestNG-test-Test-1] INFO  verifyingBatteryCapacityFilterFunctionality_Mobile_16-38-09 - [verifyingBatteryCapacityFilterFunctionality_Mobile_16-38-09]==========================================================================================================
16:39:36 [TestNG-test-Test-1] INFO  verifyingBatteryCapacityFilterFunctionality_Mobile_16-38-09 - [verifyingBatteryCapacityFilterFunctionality_Mobile_16-38-09] returning the 'results' i.e list of Maps
16:39:36 [TestNG-test-Test-1] ERROR verifyingBatteryCapacityFilterFunctionality_Mobile_16-38-09 - [verifyingBatteryCapacityFilterFunctionality_Mobile_16-38-09]  Mismatch found for filter 'up to 2,999 mah' on product 'redmi note 15 se 5g smartphone, crimson reserve, 6gb ram, 128gb, 5800mah battery, ip66 military grade'
16:39:36 [TestNG-test-Test-1] ERROR verifyingBatteryCapacityFilterFunctionality_Mobile_16-38-09 - [verifyingBatteryCapacityFilterFunctionality_Mobile_16-38-09]  Mismatch found for filter 'up to 2,999 mah' on product ''
16:39:36 [TestNG-test-Test-1] ERROR verifyingBatteryCapacityFilterFunctionality_Mobile_16-38-09 - [verifyingBatteryCapacityFilterFunctionality_Mobile_16-38-09]  Mismatch found for filter '3,000 to 3,999 mah' on product ''
16:39:36 [TestNG-test-Test-1] ERROR verifyingBatteryCapacityFilterFunctionality_Mobile_16-38-09 - [verifyingBatteryCapacityFilterFunctionality_Mobile_16-38-09]  Mismatch found for filter '3,000 to 3,999 mah' on product 'redmi mi 5 (black, 4gb ram, 64gb storage)'
16:39:36 [TestNG-test-Test-1] ERROR verifyingBatteryCapacityFilterFunctionality_Mobile_16-38-09 - [verifyingBatteryCapacityFilterFunctionality_Mobile_16-38-09]  Mismatch found for filter '4,000 to 4,999 mah' on product ''
16:39:36 [TestNG-test-Test-1] ERROR verifyingBatteryCapacityFilterFunctionality_Mobile_16-38-09 - [verifyingBatteryCapacityFilterFunctionality_Mobile_16-38-09]  Mismatch found for filter '4,000 to 4,999 mah' on product ''
16:39:36 [TestNG-test-Test-1] INFO  verifyingBatteryCapacityFilterFunctionality_Mobile_16-38-09 - [verifyingBatteryCapacityFilterFunctionality_Mobile_16-38-09] Asserting all soft assertions now...
