20:15:38 [TestNG-test-Test-1] INFO  verifyingProcessorSpeedFilterFunctionality_Mobile_20-15-38 - No existing WebDriver found for current thread. Initializing a new ChromeDriver...
20:15:38 [TestNG-test-Test-1] INFO  verifyingProcessorSpeedFilterFunctionality_Mobile_20-15-38 - WebDriverManager: chromedriver setup OK
20:15:40 [TestNG-test-Test-1] INFO  verifyingProcessorSpeedFilterFunctionality_Mobile_20-15-38 - ChromeDriver initialized successfully for thread: 34
20:15:42 [TestNG-test-Test-1] INFO  verifyingProcessorSpeedFilterFunctionality_Mobile_20-15-38 - [verifyingProcessorSpeedFilterFunctionality_Mobile_20-15-38] Opening amazon Landing page
20:15:42 [TestNG-test-Test-1] INFO  verifyingProcessorSpeedFilterFunctionality_Mobile_20-15-38 - [verifyingProcessorSpeedFilterFunctionality_Mobile_20-15-38] Within safeFindElement method
20:15:43 [TestNG-test-Test-1] INFO  verifyingProcessorSpeedFilterFunctionality_Mobile_20-15-38 - [verifyingProcessorSpeedFilterFunctionality_Mobile_20-15-38]Found the element returning it ,element ->[[ChromeDriver: chrome on windows (75df211007e189f5b215228a304f9c27)] -> xpath: //a[@id='nav-logo-sprites']]
20:15:44 [TestNG-test-Test-1] INFO  verifyingProcessorSpeedFilterFunctionality_Mobile_20-15-38 - [verifyingProcessorSpeedFilterFunctionality_Mobile_20-15-38] Giving input within the search bar
20:15:44 [TestNG-test-Test-1] INFO  verifyingProcessorSpeedFilterFunctionality_Mobile_20-15-38 - [verifyingProcessorSpeedFilterFunctionality_Mobile_20-15-38] Within safeClick method
20:15:46 [TestNG-test-Test-1] INFO  verifyingProcessorSpeedFilterFunctionality_Mobile_20-15-38 - [verifyingProcessorSpeedFilterFunctionality_Mobile_20-15-38] Clicked the  [[ChromeDriver: chrome on windows (75df211007e189f5b215228a304f9c27)] -> xpath: //input[@id='nav-search-submit-button']]   using safeClick
20:15:46 [TestNG-test-Test-1] INFO  verifyingProcessorSpeedFilterFunctionality_Mobile_20-15-38 - [verifyingProcessorSpeedFilterFunctionality_Mobile_20-15-38] Clicking on the submit in the search bar
20:15:46 [TestNG-test-Test-1] INFO  verifyingProcessorSpeedFilterFunctionality_Mobile_20-15-38 - [verifyingProcessorSpeedFilterFunctionality_Mobile_20-15-38] Within filterCheckUnderList method
20:15:47 [TestNG-test-Test-1] INFO  verifyingProcessorSpeedFilterFunctionality_Mobile_20-15-38 - [verifyingProcessorSpeedFilterFunctionality_Mobile_20-15-38] Found the Filter within the filter check List
20:15:47 [TestNG-test-Test-1] INFO  verifyingProcessorSpeedFilterFunctionality_Mobile_20-15-38 - [verifyingProcessorSpeedFilterFunctionality_Mobile_20-15-38] Within applyFilterAndValidateProductsWithResult method
20:15:47 [TestNG-test-Test-1] INFO  verifyingProcessorSpeedFilterFunctionality_Mobile_20-15-38 - [verifyingProcessorSpeedFilterFunctionality_Mobile_20-15-38] Within safeFindElements 
20:15:47 [TestNG-test-Test-1] INFO  verifyingProcessorSpeedFilterFunctionality_Mobile_20-15-38 - [verifyingProcessorSpeedFilterFunctionality_Mobile_20-15-38] Returning the  [[[ChromeDriver: chrome on windows (75df211007e189f5b215228a304f9c27)] -> xpath: //span[@class='a-size-base a-color-base puis-bold-weight-text' and text()='Processor Speed']/parent::div/following-sibling::ul//span[@class='a-size-base a-color-base']], [[ChromeDriver: chrome on windows (75df211007e189f5b215228a304f9c27)] -> xpath: //span[@class='a-size-base a-color-base puis-bold-weight-text' and text()='Processor Speed']/parent::div/following-sibling::ul//span[@class='a-size-base a-color-base']], [[ChromeDriver: chrome on windows (75df211007e189f5b215228a304f9c27)] -> xpath: //span[@class='a-size-base a-color-base puis-bold-weight-text' and text()='Processor Speed']/parent::div/following-sibling::ul//span[@class='a-size-base a-color-base']], [[ChromeDriver: chrome on windows (75df211007e189f5b215228a304f9c27)] -> xpath: //span[@class='a-size-base a-color-base puis-bold-weight-text' and text()='Processor Speed']/parent::div/following-sibling::ul//span[@class='a-size-base a-color-base']], [[ChromeDriver: chrome on windows (75df211007e189f5b215228a304f9c27)] -> xpath: //span[@class='a-size-base a-color-base puis-bold-weight-text' and text()='Processor Speed']/parent::div/following-sibling::ul//span[@class='a-size-base a-color-base']]] from the safeFindElements method
20:15:47 [TestNG-test-Test-1] INFO  verifyingProcessorSpeedFilterFunctionality_Mobile_20-15-38 - [verifyingProcessorSpeedFilterFunctionality_Mobile_20-15-38] Within applyFilterAndValidateProductsWithResult filterOptions size is -> 5
20:15:47 [TestNG-test-Test-1] INFO  verifyingProcessorSpeedFilterFunctionality_Mobile_20-15-38 - [verifyingProcessorSpeedFilterFunctionality_Mobile_20-15-38] Execution is scheduled type /CRON Job on CI Hence refering to CI keys from UtilData
20:15:47 [TestNG-test-Test-1] INFO  verifyingProcessorSpeedFilterFunctionality_Mobile_20-15-38 - [verifyingProcessorSpeedFilterFunctionality_Mobile_20-15-38] Within filterOptions loop in applyFilterAndValidateProductsWithResult
20:15:47 [TestNG-test-Test-1] INFO  verifyingProcessorSpeedFilterFunctionality_Mobile_20-15-38 - [verifyingProcessorSpeedFilterFunctionality_Mobile_20-15-38] Within safeFindElements 
20:15:47 [TestNG-test-Test-1] INFO  verifyingProcessorSpeedFilterFunctionality_Mobile_20-15-38 - [verifyingProcessorSpeedFilterFunctionality_Mobile_20-15-38] Returning the  [[[ChromeDriver: chrome on windows (75df211007e189f5b215228a304f9c27)] -> xpath: //span[@class='a-size-base a-color-base puis-bold-weight-text' and text()='Processor Speed']/parent::div/following-sibling::ul//span[@class='a-size-base a-color-base']], [[ChromeDriver: chrome on windows (75df211007e189f5b215228a304f9c27)] -> xpath: //span[@class='a-size-base a-color-base puis-bold-weight-text' and text()='Processor Speed']/parent::div/following-sibling::ul//span[@class='a-size-base a-color-base']], [[ChromeDriver: chrome on windows (75df211007e189f5b215228a304f9c27)] -> xpath: //span[@class='a-size-base a-color-base puis-bold-weight-text' and text()='Processor Speed']/parent::div/following-sibling::ul//span[@class='a-size-base a-color-base']], [[ChromeDriver: chrome on windows (75df211007e189f5b215228a304f9c27)] -> xpath: //span[@class='a-size-base a-color-base puis-bold-weight-text' and text()='Processor Speed']/parent::div/following-sibling::ul//span[@class='a-size-base a-color-base']], [[ChromeDriver: chrome on windows (75df211007e189f5b215228a304f9c27)] -> xpath: //span[@class='a-size-base a-color-base puis-bold-weight-text' and text()='Processor Speed']/parent::div/following-sibling::ul//span[@class='a-size-base a-color-base']]] from the safeFindElements method
20:15:47 [TestNG-test-Test-1] INFO  verifyingProcessorSpeedFilterFunctionality_Mobile_20-15-38 - [verifyingProcessorSpeedFilterFunctionality_Mobile_20-15-38] Trying to read filter option 0 (attempt 1/3)
20:15:47 [TestNG-test-Test-1] INFO  verifyingProcessorSpeedFilterFunctionality_Mobile_20-15-38 - [verifyingProcessorSpeedFilterFunctionality_Mobile_20-15-38] Successfully read filter option 0 = 'Less Than 0.99 GHz'
20:15:47 [TestNG-test-Test-1] INFO  verifyingProcessorSpeedFilterFunctionality_Mobile_20-15-38 - [verifyingProcessorSpeedFilterFunctionality_Mobile_20-15-38] Within getfilterByTypeAndName method
20:15:47 [TestNG-test-Test-1] INFO  verifyingProcessorSpeedFilterFunctionality_Mobile_20-15-38 - [verifyingProcessorSpeedFilterFunctionality_Mobile_20-15-38] Within safeClickBooleanWithScreenShot method
20:15:47 [TestNG-test-Test-1] INFO  verifyingProcessorSpeedFilterFunctionality_Mobile_20-15-38 - [verifyingProcessorSpeedFilterFunctionality_Mobile_20-15-38] Within getAppliedfilterByTypeAndName method
20:15:47 [TestNG-test-Test-1] INFO  verifyingProcessorSpeedFilterFunctionality_Mobile_20-15-38 - [verifyingProcessorSpeedFilterFunctionality_Mobile_20-15-38] Within smoothScrollToElement method
20:15:47 [TestNG-test-Test-1] INFO  verifyingProcessorSpeedFilterFunctionality_Mobile_20-15-38 - [verifyingProcessorSpeedFilterFunctionality_Mobile_20-15-38] Within safeFindElement method
20:15:47 [TestNG-test-Test-1] INFO  verifyingProcessorSpeedFilterFunctionality_Mobile_20-15-38 - [verifyingProcessorSpeedFilterFunctionality_Mobile_20-15-38]Found the element returning it ,element ->[[ChromeDriver: chrome on windows (75df211007e189f5b215228a304f9c27)] -> xpath: //span[@class='a-size-base a-color-base puis-bold-weight-text' and text()='Processor Speed']]
20:15:47 [TestNG-test-Test-1] INFO  verifyingProcessorSpeedFilterFunctionality_Mobile_20-15-38 - [verifyingProcessorSpeedFilterFunctionality_Mobile_20-15-38] Successfully scrolled to element: By.xpath: //span[@class='a-size-base a-color-base puis-bold-weight-text' and text()='Processor Speed']
20:15:47 [TestNG-test-Test-1] INFO  verifyingProcessorSpeedFilterFunctionality_Mobile_20-15-38 - [verifyingProcessorSpeedFilterFunctionality_Mobile_20-15-38] Within getMoreButtonByFilterTypeAndName method
20:15:47 [TestNG-test-Test-1] INFO  verifyingProcessorSpeedFilterFunctionality_Mobile_20-15-38 - [verifyingProcessorSpeedFilterFunctionality_Mobile_20-15-38] could not find more button
20:15:48 [TestNG-test-Test-1] INFO  verifyingProcessorSpeedFilterFunctionality_Mobile_20-15-38 - [verifyingProcessorSpeedFilterFunctionality_Mobile_20-15-38] Within getAppliedfilterByTypeAndName method
20:15:48 [TestNG-test-Test-1] INFO  verifyingProcessorSpeedFilterFunctionality_Mobile_20-15-38 - [verifyingProcessorSpeedFilterFunctionality_Mobile_20-15-38] Within smoothScrollToElement method
20:15:48 [TestNG-test-Test-1] INFO  verifyingProcessorSpeedFilterFunctionality_Mobile_20-15-38 - [verifyingProcessorSpeedFilterFunctionality_Mobile_20-15-38] Within safeFindElement method
20:15:49 [TestNG-test-Test-1] INFO  verifyingProcessorSpeedFilterFunctionality_Mobile_20-15-38 - [verifyingProcessorSpeedFilterFunctionality_Mobile_20-15-38]Found the element returning it ,element ->[[ChromeDriver: chrome on windows (75df211007e189f5b215228a304f9c27)] -> xpath: //span[@class='a-size-base a-color-base puis-bold-weight-text' and text()='Processor Speed']]
20:15:49 [TestNG-test-Test-1] INFO  verifyingProcessorSpeedFilterFunctionality_Mobile_20-15-38 - [verifyingProcessorSpeedFilterFunctionality_Mobile_20-15-38] Successfully scrolled to element: By.xpath: //span[@class='a-size-base a-color-base puis-bold-weight-text' and text()='Processor Speed']
20:15:49 [TestNG-test-Test-1] INFO  verifyingProcessorSpeedFilterFunctionality_Mobile_20-15-38 - [verifyingProcessorSpeedFilterFunctionality_Mobile_20-15-38] Within getMoreButtonByFilterTypeAndName method
20:15:49 [TestNG-test-Test-1] INFO  verifyingProcessorSpeedFilterFunctionality_Mobile_20-15-38 - [verifyingProcessorSpeedFilterFunctionality_Mobile_20-15-38] could not find more button
20:15:49 [TestNG-test-Test-1] INFO  verifyingProcessorSpeedFilterFunctionality_Mobile_20-15-38 - [verifyingProcessorSpeedFilterFunctionality_Mobile_20-15-38] Within getfilterByTypeAndName method
20:15:49 [TestNG-test-Test-1] INFO  verifyingProcessorSpeedFilterFunctionality_Mobile_20-15-38 - [verifyingProcessorSpeedFilterFunctionality_Mobile_20-15-38] Within smoothScrollToElement method
20:15:49 [TestNG-test-Test-1] INFO  verifyingProcessorSpeedFilterFunctionality_Mobile_20-15-38 - [verifyingProcessorSpeedFilterFunctionality_Mobile_20-15-38] Within safeFindElement method
20:15:50 [TestNG-test-Test-1] INFO  verifyingProcessorSpeedFilterFunctionality_Mobile_20-15-38 - [verifyingProcessorSpeedFilterFunctionality_Mobile_20-15-38]Found the element returning it ,element ->[[ChromeDriver: chrome on windows (75df211007e189f5b215228a304f9c27)] -> xpath: //span[@class='a-size-base a-color-base puis-bold-weight-text' and text()='Processor Speed']/parent::div/following-sibling::ul//span[@class='a-size-base a-color-base a-text-bold' and text()='Less Than 0.99 GHz']]
20:15:50 [TestNG-test-Test-1] INFO  verifyingProcessorSpeedFilterFunctionality_Mobile_20-15-38 - [verifyingProcessorSpeedFilterFunctionality_Mobile_20-15-38] Successfully scrolled to element: By.xpath: //span[@class='a-size-base a-color-base puis-bold-weight-text' and text()='Processor Speed']/parent::div/following-sibling::ul//span[@class='a-size-base a-color-base a-text-bold' and text()='Less Than 0.99 GHz']
20:15:50 [TestNG-test-Test-1] INFO  verifyingProcessorSpeedFilterFunctionality_Mobile_20-15-38 - [verifyingProcessorSpeedFilterFunctionality_Mobile_20-15-38] Clicked the element using safe click ,element is [[ChromeDriver: chrome on windows (75df211007e189f5b215228a304f9c27)] -> xpath: //span[@class='a-size-base a-color-base puis-bold-weight-text' and text()='Processor Speed']/parent::div/following-sibling::ul//span[@class='a-size-base a-color-base' and text()='Less Than 0.99 GHz']]
20:15:50 [TestNG-test-Test-1] INFO  verifyingProcessorSpeedFilterFunctionality_Mobile_20-15-38 - [verifyingProcessorSpeedFilterFunctionality_Mobile_20-15-38] Within safeFindElements 
20:15:50 [TestNG-test-Test-1] INFO  verifyingProcessorSpeedFilterFunctionality_Mobile_20-15-38 - [verifyingProcessorSpeedFilterFunctionality_Mobile_20-15-38] Returning the  [[[ChromeDriver: chrome on windows (75df211007e189f5b215228a304f9c27)] -> xpath: //div[@data-cy='title-recipe']], [[ChromeDriver: chrome on windows (75df211007e189f5b215228a304f9c27)] -> xpath: //div[@data-cy='title-recipe']], [[ChromeDriver: chrome on windows (75df211007e189f5b215228a304f9c27)] -> xpath: //div[@data-cy='title-recipe']], [[ChromeDriver: chrome on windows (75df211007e189f5b215228a304f9c27)] -> xpath: //div[@data-cy='title-recipe']], [[ChromeDriver: chrome on windows (75df211007e189f5b215228a304f9c27)] -> xpath: //div[@data-cy='title-recipe']], [[ChromeDriver: chrome on windows (75df211007e189f5b215228a304f9c27)] -> xpath: //div[@data-cy='title-recipe']], [[ChromeDriver: chrome on windows (75df211007e189f5b215228a304f9c27)] -> xpath: //div[@data-cy='title-recipe']], [[ChromeDriver: chrome on windows (75df211007e189f5b215228a304f9c27)] -> xpath: //div[@data-cy='title-recipe']], [[ChromeDriver: chrome on windows (75df211007e189f5b215228a304f9c27)] -> xpath: //div[@data-cy='title-recipe']], [[ChromeDriver: chrome on windows (75df211007e189f5b215228a304f9c27)] -> xpath: //div[@data-cy='title-recipe']], [[ChromeDriver: chrome on windows (75df211007e189f5b215228a304f9c27)] -> xpath: //div[@data-cy='title-recipe']], [[ChromeDriver: chrome on windows (75df211007e189f5b215228a304f9c27)] -> xpath: //div[@data-cy='title-recipe']], [[ChromeDriver: chrome on windows (75df211007e189f5b215228a304f9c27)] -> xpath: //div[@data-cy='title-recipe']], [[ChromeDriver: chrome on windows (75df211007e189f5b215228a304f9c27)] -> xpath: //div[@data-cy='title-recipe']], [[ChromeDriver: chrome on windows (75df211007e189f5b215228a304f9c27)] -> xpath: //div[@data-cy='title-recipe']], [[ChromeDriver: chrome on windows (75df211007e189f5b215228a304f9c27)] -> xpath: //div[@data-cy='title-recipe']]] from the safeFindElements method
20:15:50 [TestNG-test-Test-1] INFO  verifyingProcessorSpeedFilterFunctionality_Mobile_20-15-38 - [verifyingProcessorSpeedFilterFunctionality_Mobile_20-15-38] Execution is scheduled type /CRON Job on CI Hence refering to CI keys from UtilData
20:15:50 [TestNG-test-Test-1] INFO  verifyingProcessorSpeedFilterFunctionality_Mobile_20-15-38 - [verifyingProcessorSpeedFilterFunctionality_Mobile_20-15-38] Within safeFindElements 
20:15:50 [TestNG-test-Test-1] INFO  verifyingProcessorSpeedFilterFunctionality_Mobile_20-15-38 - [verifyingProcessorSpeedFilterFunctionality_Mobile_20-15-38] Returning the  [[[ChromeDriver: chrome on windows (75df211007e189f5b215228a304f9c27)] -> xpath: //div[@data-cy='title-recipe']], [[ChromeDriver: chrome on windows (75df211007e189f5b215228a304f9c27)] -> xpath: //div[@data-cy='title-recipe']], [[ChromeDriver: chrome on windows (75df211007e189f5b215228a304f9c27)] -> xpath: //div[@data-cy='title-recipe']], [[ChromeDriver: chrome on windows (75df211007e189f5b215228a304f9c27)] -> xpath: //div[@data-cy='title-recipe']], [[ChromeDriver: chrome on windows (75df211007e189f5b215228a304f9c27)] -> xpath: //div[@data-cy='title-recipe']], [[ChromeDriver: chrome on windows (75df211007e189f5b215228a304f9c27)] -> xpath: //div[@data-cy='title-recipe']], [[ChromeDriver: chrome on windows (75df211007e189f5b215228a304f9c27)] -> xpath: //div[@data-cy='title-recipe']], [[ChromeDriver: chrome on windows (75df211007e189f5b215228a304f9c27)] -> xpath: //div[@data-cy='title-recipe']], [[ChromeDriver: chrome on windows (75df211007e189f5b215228a304f9c27)] -> xpath: //div[@data-cy='title-recipe']], [[ChromeDriver: chrome on windows (75df211007e189f5b215228a304f9c27)] -> xpath: //div[@data-cy='title-recipe']], [[ChromeDriver: chrome on windows (75df211007e189f5b215228a304f9c27)] -> xpath: //div[@data-cy='title-recipe']], [[ChromeDriver: chrome on windows (75df211007e189f5b215228a304f9c27)] -> xpath: //div[@data-cy='title-recipe']], [[ChromeDriver: chrome on windows (75df211007e189f5b215228a304f9c27)] -> xpath: //div[@data-cy='title-recipe']], [[ChromeDriver: chrome on windows (75df211007e189f5b215228a304f9c27)] -> xpath: //div[@data-cy='title-recipe']], [[ChromeDriver: chrome on windows (75df211007e189f5b215228a304f9c27)] -> xpath: //div[@data-cy='title-recipe']], [[ChromeDriver: chrome on windows (75df211007e189f5b215228a304f9c27)] -> xpath: //div[@data-cy='title-recipe']]] from the safeFindElements method
20:15:50 [TestNG-test-Test-1] INFO  verifyingProcessorSpeedFilterFunctionality_Mobile_20-15-38 - [verifyingProcessorSpeedFilterFunctionality_Mobile_20-15-38] Within productNameListingPage loop in applyFilterAndValidateProductsWithResult
20:15:50 [TestNG-test-Test-1] INFO  verifyingProcessorSpeedFilterFunctionality_Mobile_20-15-38 - [verifyingProcessorSpeedFilterFunctionality_Mobile_20-15-38] Within getProductByIndex method
20:15:50 [TestNG-test-Test-1] INFO  verifyingProcessorSpeedFilterFunctionality_Mobile_20-15-38 - [verifyingProcessorSpeedFilterFunctionality_Mobile_20-15-38] Within safeFindElement method
20:15:50 [TestNG-test-Test-1] INFO  verifyingProcessorSpeedFilterFunctionality_Mobile_20-15-38 - [verifyingProcessorSpeedFilterFunctionality_Mobile_20-15-38]Found the element returning it ,element ->[[ChromeDriver: chrome on windows (75df211007e189f5b215228a304f9c27)] -> xpath: (//div[@data-cy='title-recipe'])[1]]
20:15:50 [TestNG-test-Test-1] INFO  verifyingProcessorSpeedFilterFunctionality_Mobile_20-15-38 - [verifyingProcessorSpeedFilterFunctionality_Mobile_20-15-38] Within getProductByIndex method
20:15:50 [TestNG-test-Test-1] INFO  verifyingProcessorSpeedFilterFunctionality_Mobile_20-15-38 - [verifyingProcessorSpeedFilterFunctionality_Mobile_20-15-38] Within smoothScrollToElement method
20:15:50 [TestNG-test-Test-1] INFO  verifyingProcessorSpeedFilterFunctionality_Mobile_20-15-38 - [verifyingProcessorSpeedFilterFunctionality_Mobile_20-15-38] Within safeFindElement method
20:15:50 [TestNG-test-Test-1] INFO  verifyingProcessorSpeedFilterFunctionality_Mobile_20-15-38 - [verifyingProcessorSpeedFilterFunctionality_Mobile_20-15-38]Found the element returning it ,element ->[[ChromeDriver: chrome on windows (75df211007e189f5b215228a304f9c27)] -> xpath: (//div[@data-cy='title-recipe'])[1]]
20:15:50 [TestNG-test-Test-1] INFO  verifyingProcessorSpeedFilterFunctionality_Mobile_20-15-38 - [verifyingProcessorSpeedFilterFunctionality_Mobile_20-15-38] Successfully scrolled to element: By.xpath: (//div[@data-cy='title-recipe'])[1]
20:15:50 [TestNG-test-Test-1] INFO  verifyingProcessorSpeedFilterFunctionality_Mobile_20-15-38 - [verifyingProcessorSpeedFilterFunctionality_Mobile_20-15-38] Getting product by index in productNameListingPage loop
20:15:51 [TestNG-test-Test-1] INFO  verifyingProcessorSpeedFilterFunctionality_Mobile_20-15-38 - [verifyingProcessorSpeedFilterFunctionality_Mobile_20-15-38] Opened product in new tab via Ctrl+Click inside productNameListingPage loop
20:15:51 [TestNG-test-Test-1] INFO  verifyingProcessorSpeedFilterFunctionality_Mobile_20-15-38 - [verifyingProcessorSpeedFilterFunctionality_Mobile_20-15-38] Waiting for new window to open...
20:15:51 [TestNG-test-Test-1] INFO  verifyingProcessorSpeedFilterFunctionality_Mobile_20-15-38 - [verifyingProcessorSpeedFilterFunctionality_Mobile_20-15-38] Switched to new window -> 5DA724857A819768C31BCD483D5E3A67
20:15:51 [TestNG-test-Test-1] INFO  verifyingProcessorSpeedFilterFunctionality_Mobile_20-15-38 - [verifyingProcessorSpeedFilterFunctionality_Mobile_20-15-38] Swithcing to the new window  within productNameListingPage loop
20:15:51 [TestNG-test-Test-1] INFO  verifyingProcessorSpeedFilterFunctionality_Mobile_20-15-38 - [verifyingProcessorSpeedFilterFunctionality_Mobile_20-15-38] Clicked product name to open in new tab from productNameListingPage loop
20:15:51 [TestNG-test-Test-1] INFO  verifyingProcessorSpeedFilterFunctionality_Mobile_20-15-38 - [verifyingProcessorSpeedFilterFunctionality_Mobile_20-15-38] Within safeFindElement method
20:15:54 [TestNG-test-Test-1] INFO  verifyingProcessorSpeedFilterFunctionality_Mobile_20-15-38 - [verifyingProcessorSpeedFilterFunctionality_Mobile_20-15-38]Found the element returning it ,element ->[[ChromeDriver: chrome on windows (75df211007e189f5b215228a304f9c27)] -> xpath: //span[@id='productTitle']]
20:15:54 [TestNG-test-Test-1] INFO  verifyingProcessorSpeedFilterFunctionality_Mobile_20-15-38 - [verifyingProcessorSpeedFilterFunctionality_Mobile_20-15-38] Within safeFindElement method
20:15:55 [TestNG-test-Test-1] INFO  verifyingProcessorSpeedFilterFunctionality_Mobile_20-15-38 - [verifyingProcessorSpeedFilterFunctionality_Mobile_20-15-38]Found the element returning it ,element ->[[ChromeDriver: chrome on windows (75df211007e189f5b215228a304f9c27)] -> xpath: //div[@class='a-section a-spacing-small a-spacing-top-small']]
20:15:55 [TestNG-test-Test-1] INFO  verifyingProcessorSpeedFilterFunctionality_Mobile_20-15-38 - [verifyingProcessorSpeedFilterFunctionality_Mobile_20-15-38] Within safeFindElement method
20:15:55 [TestNG-test-Test-1] INFO  verifyingProcessorSpeedFilterFunctionality_Mobile_20-15-38 - [verifyingProcessorSpeedFilterFunctionality_Mobile_20-15-38]Found the element returning it ,element ->[[ChromeDriver: chrome on windows (75df211007e189f5b215228a304f9c27)] -> xpath: //div[@id='feature-bullets']]
20:15:55 [TestNG-test-Test-1] INFO  verifyingProcessorSpeedFilterFunctionality_Mobile_20-15-38 - [verifyingProcessorSpeedFilterFunctionality_Mobile_20-15-38] Within safeFindElement method
20:15:55 [TestNG-test-Test-1] INFO  verifyingProcessorSpeedFilterFunctionality_Mobile_20-15-38 - [verifyingProcessorSpeedFilterFunctionality_Mobile_20-15-38]Found the element returning it ,element ->[[ChromeDriver: chrome on windows (75df211007e189f5b215228a304f9c27)] -> xpath: //div[@id='prodDetails']]
20:15:55 [TestNG-test-Test-1] INFO  verifyingProcessorSpeedFilterFunctionality_Mobile_20-15-38 - [verifyingProcessorSpeedFilterFunctionality_Mobile_20-15-38] Extracting 'name' , 'keyFeatures', 'about' , 'techDetails' within productNameListingPage loop
20:15:55 [TestNG-test-Test-1] INFO  verifyingProcessorSpeedFilterFunctionality_Mobile_20-15-38 - [verifyingProcessorSpeedFilterFunctionality_Mobile_20-15-38] Waiting until element is visible in viewport
20:16:06 [TestNG-test-Test-1] INFO  verifyingProcessorSpeedFilterFunctionality_Mobile_20-15-38 - [verifyingProcessorSpeedFilterFunctionality_Mobile_20-15-38] Within smoothScrollToElement method
20:16:06 [TestNG-test-Test-1] INFO  verifyingProcessorSpeedFilterFunctionality_Mobile_20-15-38 - [verifyingProcessorSpeedFilterFunctionality_Mobile_20-15-38] Within safeFindElement method
20:16:06 [TestNG-test-Test-1] INFO  verifyingProcessorSpeedFilterFunctionality_Mobile_20-15-38 - [verifyingProcessorSpeedFilterFunctionality_Mobile_20-15-38]Found the element returning it ,element ->[[ChromeDriver: chrome on windows (75df211007e189f5b215228a304f9c27)] -> xpath: //a[@id='seeMoreDetailsLink']]
20:16:06 [TestNG-test-Test-1] INFO  verifyingProcessorSpeedFilterFunctionality_Mobile_20-15-38 - [verifyingProcessorSpeedFilterFunctionality_Mobile_20-15-38] Successfully scrolled to element: By.xpath: //a[@id='seeMoreDetailsLink']
20:16:06 [TestNG-test-Test-1] INFO  verifyingProcessorSpeedFilterFunctionality_Mobile_20-15-38 - [verifyingProcessorSpeedFilterFunctionality_Mobile_20-15-38] Within safeClick method
20:16:06 [TestNG-test-Test-1] INFO  verifyingProcessorSpeedFilterFunctionality_Mobile_20-15-38 - [verifyingProcessorSpeedFilterFunctionality_Mobile_20-15-38] Clicked the  [[ChromeDriver: chrome on windows (75df211007e189f5b215228a304f9c27)] -> xpath: //a[@id='seeMoreDetailsLink']]   using safeClick
20:16:06 [TestNG-test-Test-1] INFO  verifyingProcessorSpeedFilterFunctionality_Mobile_20-15-38 - [verifyingProcessorSpeedFilterFunctionality_Mobile_20-15-38] Within try block for clicking see more deatils within productNameListingPage loop
20:16:06 [TestNG-test-Test-1] INFO  verifyingProcessorSpeedFilterFunctionality_Mobile_20-15-38 - [verifyingProcessorSpeedFilterFunctionality_Mobile_20-15-38] Within closeCurrentWindowAndSwitchBack method
20:16:06 [TestNG-test-Test-1] INFO  verifyingProcessorSpeedFilterFunctionality_Mobile_20-15-38 - [verifyingProcessorSpeedFilterFunctionality_Mobile_20-15-38] Total open windows/tabs count -> 2
20:16:06 [TestNG-test-Test-1] INFO  verifyingProcessorSpeedFilterFunctionality_Mobile_20-15-38 - [verifyingProcessorSpeedFilterFunctionality_Mobile_20-15-38] Original window handle -> CDCEAD40B14BD9DE795B8D6B5A8053F4
20:16:06 [TestNG-test-Test-1] INFO  verifyingProcessorSpeedFilterFunctionality_Mobile_20-15-38 - [verifyingProcessorSpeedFilterFunctionality_Mobile_20-15-38] Found new tab/window handle -> 5DA724857A819768C31BCD483D5E3A67 (will be closed)
20:16:06 [TestNG-test-Test-1] INFO  verifyingProcessorSpeedFilterFunctionality_Mobile_20-15-38 - [verifyingProcessorSpeedFilterFunctionality_Mobile_20-15-38] Successfully switched to new tab/window -> 5DA724857A819768C31BCD483D5E3A67
20:16:07 [TestNG-test-Test-1] INFO  verifyingProcessorSpeedFilterFunctionality_Mobile_20-15-38 - [verifyingProcessorSpeedFilterFunctionality_Mobile_20-15-38] Closed the newly opened tab/window -> 5DA724857A819768C31BCD483D5E3A67
20:16:07 [TestNG-test-Test-1] INFO  verifyingProcessorSpeedFilterFunctionality_Mobile_20-15-38 - [verifyingProcessorSpeedFilterFunctionality_Mobile_20-15-38] Switched back to the original window -> CDCEAD40B14BD9DE795B8D6B5A8053F4
20:16:07 [TestNG-test-Test-1] INFO  verifyingProcessorSpeedFilterFunctionality_Mobile_20-15-38 - [verifyingProcessorSpeedFilterFunctionality_Mobile_20-15-38]  going back to product listing via closeCurrentWindowAndSwitchBack 
20:16:07 [TestNG-test-Test-1] INFO  verifyingProcessorSpeedFilterFunctionality_Mobile_20-15-38 - [verifyingProcessorSpeedFilterFunctionality_Mobile_20-15-38]  Added 'filter','title','keyFeatures', 'about', 'techDetails' into the Map -> productResult
20:16:07 [TestNG-test-Test-1] INFO  verifyingProcessorSpeedFilterFunctionality_Mobile_20-15-38 - [verifyingProcessorSpeedFilterFunctionality_Mobile_20-15-38]  Added 'productResult' Map into the 'results' i.e list of maps 
20:16:07 [TestNG-test-Test-1] INFO  verifyingProcessorSpeedFilterFunctionality_Mobile_20-15-38 - [verifyingProcessorSpeedFilterFunctionality_Mobile_20-15-38]==========================================================================================================
20:16:07 [TestNG-test-Test-1] INFO  verifyingProcessorSpeedFilterFunctionality_Mobile_20-15-38 - [verifyingProcessorSpeedFilterFunctionality_Mobile_20-15-38] Within safeFindElements 
20:16:07 [TestNG-test-Test-1] INFO  verifyingProcessorSpeedFilterFunctionality_Mobile_20-15-38 - [verifyingProcessorSpeedFilterFunctionality_Mobile_20-15-38] Returning the  [[[ChromeDriver: chrome on windows (75df211007e189f5b215228a304f9c27)] -> xpath: //div[@data-cy='title-recipe']], [[ChromeDriver: chrome on windows (75df211007e189f5b215228a304f9c27)] -> xpath: //div[@data-cy='title-recipe']], [[ChromeDriver: chrome on windows (75df211007e189f5b215228a304f9c27)] -> xpath: //div[@data-cy='title-recipe']], [[ChromeDriver: chrome on windows (75df211007e189f5b215228a304f9c27)] -> xpath: //div[@data-cy='title-recipe']], [[ChromeDriver: chrome on windows (75df211007e189f5b215228a304f9c27)] -> xpath: //div[@data-cy='title-recipe']], [[ChromeDriver: chrome on windows (75df211007e189f5b215228a304f9c27)] -> xpath: //div[@data-cy='title-recipe']], [[ChromeDriver: chrome on windows (75df211007e189f5b215228a304f9c27)] -> xpath: //div[@data-cy='title-recipe']], [[ChromeDriver: chrome on windows (75df211007e189f5b215228a304f9c27)] -> xpath: //div[@data-cy='title-recipe']], [[ChromeDriver: chrome on windows (75df211007e189f5b215228a304f9c27)] -> xpath: //div[@data-cy='title-recipe']], [[ChromeDriver: chrome on windows (75df211007e189f5b215228a304f9c27)] -> xpath: //div[@data-cy='title-recipe']], [[ChromeDriver: chrome on windows (75df211007e189f5b215228a304f9c27)] -> xpath: //div[@data-cy='title-recipe']], [[ChromeDriver: chrome on windows (75df211007e189f5b215228a304f9c27)] -> xpath: //div[@data-cy='title-recipe']], [[ChromeDriver: chrome on windows (75df211007e189f5b215228a304f9c27)] -> xpath: //div[@data-cy='title-recipe']], [[ChromeDriver: chrome on windows (75df211007e189f5b215228a304f9c27)] -> xpath: //div[@data-cy='title-recipe']], [[ChromeDriver: chrome on windows (75df211007e189f5b215228a304f9c27)] -> xpath: //div[@data-cy='title-recipe']], [[ChromeDriver: chrome on windows (75df211007e189f5b215228a304f9c27)] -> xpath: //div[@data-cy='title-recipe']]] from the safeFindElements method
20:16:07 [TestNG-test-Test-1] INFO  verifyingProcessorSpeedFilterFunctionality_Mobile_20-15-38 - [verifyingProcessorSpeedFilterFunctionality_Mobile_20-15-38] Within productNameListingPage loop in applyFilterAndValidateProductsWithResult
20:16:07 [TestNG-test-Test-1] INFO  verifyingProcessorSpeedFilterFunctionality_Mobile_20-15-38 - [verifyingProcessorSpeedFilterFunctionality_Mobile_20-15-38] Within getProductByIndex method
20:16:07 [TestNG-test-Test-1] INFO  verifyingProcessorSpeedFilterFunctionality_Mobile_20-15-38 - [verifyingProcessorSpeedFilterFunctionality_Mobile_20-15-38] Within safeFindElement method
20:16:07 [TestNG-test-Test-1] INFO  verifyingProcessorSpeedFilterFunctionality_Mobile_20-15-38 - [verifyingProcessorSpeedFilterFunctionality_Mobile_20-15-38]Found the element returning it ,element ->[[ChromeDriver: chrome on windows (75df211007e189f5b215228a304f9c27)] -> xpath: (//div[@data-cy='title-recipe'])[2]]
20:16:07 [TestNG-test-Test-1] INFO  verifyingProcessorSpeedFilterFunctionality_Mobile_20-15-38 - [verifyingProcessorSpeedFilterFunctionality_Mobile_20-15-38] Within getProductByIndex method
20:16:07 [TestNG-test-Test-1] INFO  verifyingProcessorSpeedFilterFunctionality_Mobile_20-15-38 - [verifyingProcessorSpeedFilterFunctionality_Mobile_20-15-38] Within smoothScrollToElement method
20:16:07 [TestNG-test-Test-1] INFO  verifyingProcessorSpeedFilterFunctionality_Mobile_20-15-38 - [verifyingProcessorSpeedFilterFunctionality_Mobile_20-15-38] Within safeFindElement method
20:16:07 [TestNG-test-Test-1] INFO  verifyingProcessorSpeedFilterFunctionality_Mobile_20-15-38 - [verifyingProcessorSpeedFilterFunctionality_Mobile_20-15-38]Found the element returning it ,element ->[[ChromeDriver: chrome on windows (75df211007e189f5b215228a304f9c27)] -> xpath: (//div[@data-cy='title-recipe'])[2]]
20:16:07 [TestNG-test-Test-1] INFO  verifyingProcessorSpeedFilterFunctionality_Mobile_20-15-38 - [verifyingProcessorSpeedFilterFunctionality_Mobile_20-15-38] Successfully scrolled to element: By.xpath: (//div[@data-cy='title-recipe'])[2]
20:16:07 [TestNG-test-Test-1] INFO  verifyingProcessorSpeedFilterFunctionality_Mobile_20-15-38 - [verifyingProcessorSpeedFilterFunctionality_Mobile_20-15-38] Getting product by index in productNameListingPage loop
20:16:07 [TestNG-test-Test-1] INFO  verifyingProcessorSpeedFilterFunctionality_Mobile_20-15-38 - [verifyingProcessorSpeedFilterFunctionality_Mobile_20-15-38] Opened product in new tab via Ctrl+Click inside productNameListingPage loop
20:16:07 [TestNG-test-Test-1] INFO  verifyingProcessorSpeedFilterFunctionality_Mobile_20-15-38 - [verifyingProcessorSpeedFilterFunctionality_Mobile_20-15-38] Waiting for new window to open...
20:16:07 [TestNG-test-Test-1] INFO  verifyingProcessorSpeedFilterFunctionality_Mobile_20-15-38 - [verifyingProcessorSpeedFilterFunctionality_Mobile_20-15-38] Switched to new window -> 96D9471748C56FEB5C7A552793D661C4
20:16:07 [TestNG-test-Test-1] INFO  verifyingProcessorSpeedFilterFunctionality_Mobile_20-15-38 - [verifyingProcessorSpeedFilterFunctionality_Mobile_20-15-38] Swithcing to the new window  within productNameListingPage loop
20:16:07 [TestNG-test-Test-1] INFO  verifyingProcessorSpeedFilterFunctionality_Mobile_20-15-38 - [verifyingProcessorSpeedFilterFunctionality_Mobile_20-15-38] Clicked product name to open in new tab from productNameListingPage loop
20:16:07 [TestNG-test-Test-1] INFO  verifyingProcessorSpeedFilterFunctionality_Mobile_20-15-38 - [verifyingProcessorSpeedFilterFunctionality_Mobile_20-15-38] Within safeFindElement method
20:16:10 [TestNG-test-Test-1] INFO  verifyingProcessorSpeedFilterFunctionality_Mobile_20-15-38 - [verifyingProcessorSpeedFilterFunctionality_Mobile_20-15-38]Found the element returning it ,element ->[[ChromeDriver: chrome on windows (75df211007e189f5b215228a304f9c27)] -> xpath: //span[@id='productTitle']]
20:16:10 [TestNG-test-Test-1] INFO  verifyingProcessorSpeedFilterFunctionality_Mobile_20-15-38 - [verifyingProcessorSpeedFilterFunctionality_Mobile_20-15-38] Within safeFindElement method
20:16:10 [TestNG-test-Test-1] INFO  verifyingProcessorSpeedFilterFunctionality_Mobile_20-15-38 - [verifyingProcessorSpeedFilterFunctionality_Mobile_20-15-38]Found the element returning it ,element ->[[ChromeDriver: chrome on windows (75df211007e189f5b215228a304f9c27)] -> xpath: //div[@class='a-section a-spacing-small a-spacing-top-small']]
20:16:10 [TestNG-test-Test-1] INFO  verifyingProcessorSpeedFilterFunctionality_Mobile_20-15-38 - [verifyingProcessorSpeedFilterFunctionality_Mobile_20-15-38] Within safeFindElement method
20:16:10 [TestNG-test-Test-1] INFO  verifyingProcessorSpeedFilterFunctionality_Mobile_20-15-38 - [verifyingProcessorSpeedFilterFunctionality_Mobile_20-15-38]Found the element returning it ,element ->[[ChromeDriver: chrome on windows (75df211007e189f5b215228a304f9c27)] -> xpath: //div[@id='feature-bullets']]
20:16:10 [TestNG-test-Test-1] INFO  verifyingProcessorSpeedFilterFunctionality_Mobile_20-15-38 - [verifyingProcessorSpeedFilterFunctionality_Mobile_20-15-38] Within safeFindElement method
20:16:10 [TestNG-test-Test-1] INFO  verifyingProcessorSpeedFilterFunctionality_Mobile_20-15-38 - [verifyingProcessorSpeedFilterFunctionality_Mobile_20-15-38]Found the element returning it ,element ->[[ChromeDriver: chrome on windows (75df211007e189f5b215228a304f9c27)] -> xpath: //div[@id='prodDetails']]
20:16:11 [TestNG-test-Test-1] INFO  verifyingProcessorSpeedFilterFunctionality_Mobile_20-15-38 - [verifyingProcessorSpeedFilterFunctionality_Mobile_20-15-38] Extracting 'name' , 'keyFeatures', 'about' , 'techDetails' within productNameListingPage loop
20:16:11 [TestNG-test-Test-1] INFO  verifyingProcessorSpeedFilterFunctionality_Mobile_20-15-38 - [verifyingProcessorSpeedFilterFunctionality_Mobile_20-15-38] Waiting until element is visible in viewport
20:16:21 [TestNG-test-Test-1] INFO  verifyingProcessorSpeedFilterFunctionality_Mobile_20-15-38 - [verifyingProcessorSpeedFilterFunctionality_Mobile_20-15-38] Within smoothScrollToElement method
20:16:21 [TestNG-test-Test-1] INFO  verifyingProcessorSpeedFilterFunctionality_Mobile_20-15-38 - [verifyingProcessorSpeedFilterFunctionality_Mobile_20-15-38] Within safeFindElement method
20:16:21 [TestNG-test-Test-1] INFO  verifyingProcessorSpeedFilterFunctionality_Mobile_20-15-38 - [verifyingProcessorSpeedFilterFunctionality_Mobile_20-15-38]Found the element returning it ,element ->[[ChromeDriver: chrome on windows (75df211007e189f5b215228a304f9c27)] -> xpath: //a[@id='seeMoreDetailsLink']]
20:16:21 [TestNG-test-Test-1] INFO  verifyingProcessorSpeedFilterFunctionality_Mobile_20-15-38 - [verifyingProcessorSpeedFilterFunctionality_Mobile_20-15-38] Successfully scrolled to element: By.xpath: //a[@id='seeMoreDetailsLink']
20:16:21 [TestNG-test-Test-1] INFO  verifyingProcessorSpeedFilterFunctionality_Mobile_20-15-38 - [verifyingProcessorSpeedFilterFunctionality_Mobile_20-15-38] Within safeClick method
20:16:21 [TestNG-test-Test-1] INFO  verifyingProcessorSpeedFilterFunctionality_Mobile_20-15-38 - [verifyingProcessorSpeedFilterFunctionality_Mobile_20-15-38] Clicked the  [[ChromeDriver: chrome on windows (75df211007e189f5b215228a304f9c27)] -> xpath: //a[@id='seeMoreDetailsLink']]   using safeClick
20:16:21 [TestNG-test-Test-1] INFO  verifyingProcessorSpeedFilterFunctionality_Mobile_20-15-38 - [verifyingProcessorSpeedFilterFunctionality_Mobile_20-15-38] Within try block for clicking see more deatils within productNameListingPage loop
20:16:21 [TestNG-test-Test-1] INFO  verifyingProcessorSpeedFilterFunctionality_Mobile_20-15-38 - [verifyingProcessorSpeedFilterFunctionality_Mobile_20-15-38] Within closeCurrentWindowAndSwitchBack method
20:16:21 [TestNG-test-Test-1] INFO  verifyingProcessorSpeedFilterFunctionality_Mobile_20-15-38 - [verifyingProcessorSpeedFilterFunctionality_Mobile_20-15-38] Total open windows/tabs count -> 2
20:16:21 [TestNG-test-Test-1] INFO  verifyingProcessorSpeedFilterFunctionality_Mobile_20-15-38 - [verifyingProcessorSpeedFilterFunctionality_Mobile_20-15-38] Original window handle -> CDCEAD40B14BD9DE795B8D6B5A8053F4
20:16:21 [TestNG-test-Test-1] INFO  verifyingProcessorSpeedFilterFunctionality_Mobile_20-15-38 - [verifyingProcessorSpeedFilterFunctionality_Mobile_20-15-38] Found new tab/window handle -> 96D9471748C56FEB5C7A552793D661C4 (will be closed)
20:16:21 [TestNG-test-Test-1] INFO  verifyingProcessorSpeedFilterFunctionality_Mobile_20-15-38 - [verifyingProcessorSpeedFilterFunctionality_Mobile_20-15-38] Successfully switched to new tab/window -> 96D9471748C56FEB5C7A552793D661C4
20:16:21 [TestNG-test-Test-1] INFO  verifyingProcessorSpeedFilterFunctionality_Mobile_20-15-38 - [verifyingProcessorSpeedFilterFunctionality_Mobile_20-15-38] Closed the newly opened tab/window -> 96D9471748C56FEB5C7A552793D661C4
20:16:21 [TestNG-test-Test-1] INFO  verifyingProcessorSpeedFilterFunctionality_Mobile_20-15-38 - [verifyingProcessorSpeedFilterFunctionality_Mobile_20-15-38] Switched back to the original window -> CDCEAD40B14BD9DE795B8D6B5A8053F4
20:16:21 [TestNG-test-Test-1] INFO  verifyingProcessorSpeedFilterFunctionality_Mobile_20-15-38 - [verifyingProcessorSpeedFilterFunctionality_Mobile_20-15-38]  going back to product listing via closeCurrentWindowAndSwitchBack 
20:16:21 [TestNG-test-Test-1] INFO  verifyingProcessorSpeedFilterFunctionality_Mobile_20-15-38 - [verifyingProcessorSpeedFilterFunctionality_Mobile_20-15-38]  Added 'filter','title','keyFeatures', 'about', 'techDetails' into the Map -> productResult
20:16:21 [TestNG-test-Test-1] INFO  verifyingProcessorSpeedFilterFunctionality_Mobile_20-15-38 - [verifyingProcessorSpeedFilterFunctionality_Mobile_20-15-38]  Added 'productResult' Map into the 'results' i.e list of maps 
20:16:21 [TestNG-test-Test-1] INFO  verifyingProcessorSpeedFilterFunctionality_Mobile_20-15-38 - [verifyingProcessorSpeedFilterFunctionality_Mobile_20-15-38]==========================================================================================================
20:16:21 [TestNG-test-Test-1] INFO  verifyingProcessorSpeedFilterFunctionality_Mobile_20-15-38 - [verifyingProcessorSpeedFilterFunctionality_Mobile_20-15-38] Within safeFindElements 
20:16:22 [TestNG-test-Test-1] INFO  verifyingProcessorSpeedFilterFunctionality_Mobile_20-15-38 - [verifyingProcessorSpeedFilterFunctionality_Mobile_20-15-38] Returning the  [[[ChromeDriver: chrome on windows (75df211007e189f5b215228a304f9c27)] -> xpath: //div[@data-cy='title-recipe']], [[ChromeDriver: chrome on windows (75df211007e189f5b215228a304f9c27)] -> xpath: //div[@data-cy='title-recipe']], [[ChromeDriver: chrome on windows (75df211007e189f5b215228a304f9c27)] -> xpath: //div[@data-cy='title-recipe']], [[ChromeDriver: chrome on windows (75df211007e189f5b215228a304f9c27)] -> xpath: //div[@data-cy='title-recipe']], [[ChromeDriver: chrome on windows (75df211007e189f5b215228a304f9c27)] -> xpath: //div[@data-cy='title-recipe']], [[ChromeDriver: chrome on windows (75df211007e189f5b215228a304f9c27)] -> xpath: //div[@data-cy='title-recipe']], [[ChromeDriver: chrome on windows (75df211007e189f5b215228a304f9c27)] -> xpath: //div[@data-cy='title-recipe']], [[ChromeDriver: chrome on windows (75df211007e189f5b215228a304f9c27)] -> xpath: //div[@data-cy='title-recipe']], [[ChromeDriver: chrome on windows (75df211007e189f5b215228a304f9c27)] -> xpath: //div[@data-cy='title-recipe']], [[ChromeDriver: chrome on windows (75df211007e189f5b215228a304f9c27)] -> xpath: //div[@data-cy='title-recipe']], [[ChromeDriver: chrome on windows (75df211007e189f5b215228a304f9c27)] -> xpath: //div[@data-cy='title-recipe']], [[ChromeDriver: chrome on windows (75df211007e189f5b215228a304f9c27)] -> xpath: //div[@data-cy='title-recipe']], [[ChromeDriver: chrome on windows (75df211007e189f5b215228a304f9c27)] -> xpath: //div[@data-cy='title-recipe']], [[ChromeDriver: chrome on windows (75df211007e189f5b215228a304f9c27)] -> xpath: //div[@data-cy='title-recipe']], [[ChromeDriver: chrome on windows (75df211007e189f5b215228a304f9c27)] -> xpath: //div[@data-cy='title-recipe']], [[ChromeDriver: chrome on windows (75df211007e189f5b215228a304f9c27)] -> xpath: //div[@data-cy='title-recipe']]] from the safeFindElements method
20:16:22 [TestNG-test-Test-1] INFO  verifyingProcessorSpeedFilterFunctionality_Mobile_20-15-38 - [verifyingProcessorSpeedFilterFunctionality_Mobile_20-15-38] Within productNameListingPage loop in applyFilterAndValidateProductsWithResult
20:16:22 [TestNG-test-Test-1] INFO  verifyingProcessorSpeedFilterFunctionality_Mobile_20-15-38 - [verifyingProcessorSpeedFilterFunctionality_Mobile_20-15-38] Within getProductByIndex method
20:16:22 [TestNG-test-Test-1] INFO  verifyingProcessorSpeedFilterFunctionality_Mobile_20-15-38 - [verifyingProcessorSpeedFilterFunctionality_Mobile_20-15-38] Within safeFindElement method
20:16:22 [TestNG-test-Test-1] INFO  verifyingProcessorSpeedFilterFunctionality_Mobile_20-15-38 - [verifyingProcessorSpeedFilterFunctionality_Mobile_20-15-38]Found the element returning it ,element ->[[ChromeDriver: chrome on windows (75df211007e189f5b215228a304f9c27)] -> xpath: (//div[@data-cy='title-recipe'])[3]]
20:16:22 [TestNG-test-Test-1] INFO  verifyingProcessorSpeedFilterFunctionality_Mobile_20-15-38 - [verifyingProcessorSpeedFilterFunctionality_Mobile_20-15-38] Within getProductByIndex method
20:16:22 [TestNG-test-Test-1] INFO  verifyingProcessorSpeedFilterFunctionality_Mobile_20-15-38 - [verifyingProcessorSpeedFilterFunctionality_Mobile_20-15-38] Within smoothScrollToElement method
20:16:22 [TestNG-test-Test-1] INFO  verifyingProcessorSpeedFilterFunctionality_Mobile_20-15-38 - [verifyingProcessorSpeedFilterFunctionality_Mobile_20-15-38] Within safeFindElement method
20:16:22 [TestNG-test-Test-1] INFO  verifyingProcessorSpeedFilterFunctionality_Mobile_20-15-38 - [verifyingProcessorSpeedFilterFunctionality_Mobile_20-15-38]Found the element returning it ,element ->[[ChromeDriver: chrome on windows (75df211007e189f5b215228a304f9c27)] -> xpath: (//div[@data-cy='title-recipe'])[3]]
20:16:22 [TestNG-test-Test-1] INFO  verifyingProcessorSpeedFilterFunctionality_Mobile_20-15-38 - [verifyingProcessorSpeedFilterFunctionality_Mobile_20-15-38] Successfully scrolled to element: By.xpath: (//div[@data-cy='title-recipe'])[3]
20:16:22 [TestNG-test-Test-1] INFO  verifyingProcessorSpeedFilterFunctionality_Mobile_20-15-38 - [verifyingProcessorSpeedFilterFunctionality_Mobile_20-15-38] Getting product by index in productNameListingPage loop
20:16:22 [TestNG-test-Test-1] INFO  verifyingProcessorSpeedFilterFunctionality_Mobile_20-15-38 - [verifyingProcessorSpeedFilterFunctionality_Mobile_20-15-38] Opened product in new tab via Ctrl+Click inside productNameListingPage loop
20:16:22 [TestNG-test-Test-1] INFO  verifyingProcessorSpeedFilterFunctionality_Mobile_20-15-38 - [verifyingProcessorSpeedFilterFunctionality_Mobile_20-15-38] Waiting for new window to open...
20:16:22 [TestNG-test-Test-1] INFO  verifyingProcessorSpeedFilterFunctionality_Mobile_20-15-38 - [verifyingProcessorSpeedFilterFunctionality_Mobile_20-15-38] Switched to new window -> AEEAA8F6E1B07D9454E4D94B0E8A7F3F
20:16:22 [TestNG-test-Test-1] INFO  verifyingProcessorSpeedFilterFunctionality_Mobile_20-15-38 - [verifyingProcessorSpeedFilterFunctionality_Mobile_20-15-38] Swithcing to the new window  within productNameListingPage loop
20:16:22 [TestNG-test-Test-1] INFO  verifyingProcessorSpeedFilterFunctionality_Mobile_20-15-38 - [verifyingProcessorSpeedFilterFunctionality_Mobile_20-15-38] Clicked product name to open in new tab from productNameListingPage loop
20:16:22 [TestNG-test-Test-1] INFO  verifyingProcessorSpeedFilterFunctionality_Mobile_20-15-38 - [verifyingProcessorSpeedFilterFunctionality_Mobile_20-15-38] Within safeFindElement method
20:16:25 [TestNG-test-Test-1] INFO  verifyingProcessorSpeedFilterFunctionality_Mobile_20-15-38 - [verifyingProcessorSpeedFilterFunctionality_Mobile_20-15-38]Found the element returning it ,element ->[[ChromeDriver: chrome on windows (75df211007e189f5b215228a304f9c27)] -> xpath: //span[@id='productTitle']]
20:16:25 [TestNG-test-Test-1] INFO  verifyingProcessorSpeedFilterFunctionality_Mobile_20-15-38 - [verifyingProcessorSpeedFilterFunctionality_Mobile_20-15-38] Within safeFindElement method
20:16:25 [TestNG-test-Test-1] INFO  verifyingProcessorSpeedFilterFunctionality_Mobile_20-15-38 - [verifyingProcessorSpeedFilterFunctionality_Mobile_20-15-38]Found the element returning it ,element ->[[ChromeDriver: chrome on windows (75df211007e189f5b215228a304f9c27)] -> xpath: //div[@class='a-section a-spacing-small a-spacing-top-small']]
20:16:25 [TestNG-test-Test-1] INFO  verifyingProcessorSpeedFilterFunctionality_Mobile_20-15-38 - [verifyingProcessorSpeedFilterFunctionality_Mobile_20-15-38] Within safeFindElement method
20:16:25 [TestNG-test-Test-1] INFO  verifyingProcessorSpeedFilterFunctionality_Mobile_20-15-38 - [verifyingProcessorSpeedFilterFunctionality_Mobile_20-15-38]Found the element returning it ,element ->[[ChromeDriver: chrome on windows (75df211007e189f5b215228a304f9c27)] -> xpath: //div[@id='feature-bullets']]
20:16:25 [TestNG-test-Test-1] INFO  verifyingProcessorSpeedFilterFunctionality_Mobile_20-15-38 - [verifyingProcessorSpeedFilterFunctionality_Mobile_20-15-38] Within safeFindElement method
20:16:25 [TestNG-test-Test-1] INFO  verifyingProcessorSpeedFilterFunctionality_Mobile_20-15-38 - [verifyingProcessorSpeedFilterFunctionality_Mobile_20-15-38]Found the element returning it ,element ->[[ChromeDriver: chrome on windows (75df211007e189f5b215228a304f9c27)] -> xpath: //div[@id='prodDetails']]
20:16:25 [TestNG-test-Test-1] INFO  verifyingProcessorSpeedFilterFunctionality_Mobile_20-15-38 - [verifyingProcessorSpeedFilterFunctionality_Mobile_20-15-38] Extracting 'name' , 'keyFeatures', 'about' , 'techDetails' within productNameListingPage loop
20:16:25 [TestNG-test-Test-1] INFO  verifyingProcessorSpeedFilterFunctionality_Mobile_20-15-38 - [verifyingProcessorSpeedFilterFunctionality_Mobile_20-15-38] Waiting until element is visible in viewport
20:16:25 [TestNG-test-Test-1] INFO  verifyingProcessorSpeedFilterFunctionality_Mobile_20-15-38 - [verifyingProcessorSpeedFilterFunctionality_Mobile_20-15-38] Within smoothScrollToElement method
20:16:25 [TestNG-test-Test-1] INFO  verifyingProcessorSpeedFilterFunctionality_Mobile_20-15-38 - [verifyingProcessorSpeedFilterFunctionality_Mobile_20-15-38] Within safeFindElement method
20:16:31 [TestNG-test-Test-1] INFO  verifyingProcessorSpeedFilterFunctionality_Mobile_20-15-38 - [verifyingProcessorSpeedFilterFunctionality_Mobile_20-15-38]Retrying findElement for: ->By.xpath: //a[@id='seeMoreDetailsLink']
20:16:34 [TestNG-test-Test-1] INFO  verifyingProcessorSpeedFilterFunctionality_Mobile_20-15-38 - [verifyingProcessorSpeedFilterFunctionality_Mobile_20-15-38]Refrehsing the page , while trying to safely find : ->By.xpath: //a[@id='seeMoreDetailsLink']
20:16:39 [TestNG-test-Test-1] INFO  verifyingProcessorSpeedFilterFunctionality_Mobile_20-15-38 - [verifyingProcessorSpeedFilterFunctionality_Mobile_20-15-38]Retrying findElement for: ->By.xpath: //a[@id='seeMoreDetailsLink']
20:16:42 [TestNG-test-Test-1] INFO  verifyingProcessorSpeedFilterFunctionality_Mobile_20-15-38 - [verifyingProcessorSpeedFilterFunctionality_Mobile_20-15-38]Refrehsing the page , while trying to safely find : ->By.xpath: //a[@id='seeMoreDetailsLink']
20:16:42 [TestNG-test-Test-1] INFO  verifyingProcessorSpeedFilterFunctionality_Mobile_20-15-38 - [verifyingProcessorSpeedFilterFunctionality_Mobile_20-15-38] Skipping action: Element not found after 2   attemps
20:16:42 [TestNG-test-Test-1] WARN  verifyingProcessorSpeedFilterFunctionality_Mobile_20-15-38 - [verifyingProcessorSpeedFilterFunctionality_Mobile_20-15-38] Element not found for locator: By.xpath: //a[@id='seeMoreDetailsLink']
20:16:42 [TestNG-test-Test-1] INFO  verifyingProcessorSpeedFilterFunctionality_Mobile_20-15-38 - [verifyingProcessorSpeedFilterFunctionality_Mobile_20-15-38] Within safeClick method
20:16:47 [TestNG-test-Test-1] INFO  verifyingProcessorSpeedFilterFunctionality_Mobile_20-15-38 - [verifyingProcessorSpeedFilterFunctionality_Mobile_20-15-38] Cannot click the butto using safeClick, trying again
20:16:55 [TestNG-test-Test-1] INFO  verifyingProcessorSpeedFilterFunctionality_Mobile_20-15-38 - [verifyingProcessorSpeedFilterFunctionality_Mobile_20-15-38] Cannot click the butto using safeClick, trying again
20:16:58 [TestNG-test-Test-1] INFO  verifyingProcessorSpeedFilterFunctionality_Mobile_20-15-38 - [verifyingProcessorSpeedFilterFunctionality_Mobile_20-15-38] Skipping click action: Element not clickable after- 2
20:16:58 [TestNG-test-Test-1] INFO  verifyingProcessorSpeedFilterFunctionality_Mobile_20-15-38 - [verifyingProcessorSpeedFilterFunctionality_Mobile_20-15-38] Within try block for clicking see more deatils within productNameListingPage loop
20:16:58 [TestNG-test-Test-1] INFO  verifyingProcessorSpeedFilterFunctionality_Mobile_20-15-38 - [verifyingProcessorSpeedFilterFunctionality_Mobile_20-15-38] Within closeCurrentWindowAndSwitchBack method
20:16:58 [TestNG-test-Test-1] INFO  verifyingProcessorSpeedFilterFunctionality_Mobile_20-15-38 - [verifyingProcessorSpeedFilterFunctionality_Mobile_20-15-38] Total open windows/tabs count -> 2
20:16:58 [TestNG-test-Test-1] INFO  verifyingProcessorSpeedFilterFunctionality_Mobile_20-15-38 - [verifyingProcessorSpeedFilterFunctionality_Mobile_20-15-38] Original window handle -> CDCEAD40B14BD9DE795B8D6B5A8053F4
20:16:58 [TestNG-test-Test-1] INFO  verifyingProcessorSpeedFilterFunctionality_Mobile_20-15-38 - [verifyingProcessorSpeedFilterFunctionality_Mobile_20-15-38] Found new tab/window handle -> AEEAA8F6E1B07D9454E4D94B0E8A7F3F (will be closed)
20:16:58 [TestNG-test-Test-1] INFO  verifyingProcessorSpeedFilterFunctionality_Mobile_20-15-38 - [verifyingProcessorSpeedFilterFunctionality_Mobile_20-15-38] Successfully switched to new tab/window -> AEEAA8F6E1B07D9454E4D94B0E8A7F3F
20:16:58 [TestNG-test-Test-1] INFO  verifyingProcessorSpeedFilterFunctionality_Mobile_20-15-38 - [verifyingProcessorSpeedFilterFunctionality_Mobile_20-15-38] Closed the newly opened tab/window -> AEEAA8F6E1B07D9454E4D94B0E8A7F3F
20:16:58 [TestNG-test-Test-1] INFO  verifyingProcessorSpeedFilterFunctionality_Mobile_20-15-38 - [verifyingProcessorSpeedFilterFunctionality_Mobile_20-15-38] Switched back to the original window -> CDCEAD40B14BD9DE795B8D6B5A8053F4
20:16:58 [TestNG-test-Test-1] INFO  verifyingProcessorSpeedFilterFunctionality_Mobile_20-15-38 - [verifyingProcessorSpeedFilterFunctionality_Mobile_20-15-38]  going back to product listing via closeCurrentWindowAndSwitchBack 
20:16:58 [TestNG-test-Test-1] INFO  verifyingProcessorSpeedFilterFunctionality_Mobile_20-15-38 - [verifyingProcessorSpeedFilterFunctionality_Mobile_20-15-38]  Added 'filter','title','keyFeatures', 'about', 'techDetails' into the Map -> productResult
20:16:58 [TestNG-test-Test-1] INFO  verifyingProcessorSpeedFilterFunctionality_Mobile_20-15-38 - [verifyingProcessorSpeedFilterFunctionality_Mobile_20-15-38]  Added 'productResult' Map into the 'results' i.e list of maps 
20:16:58 [TestNG-test-Test-1] INFO  verifyingProcessorSpeedFilterFunctionality_Mobile_20-15-38 - [verifyingProcessorSpeedFilterFunctionality_Mobile_20-15-38]==========================================================================================================
20:16:58 [TestNG-test-Test-1] INFO  verifyingProcessorSpeedFilterFunctionality_Mobile_20-15-38 - [verifyingProcessorSpeedFilterFunctionality_Mobile_20-15-38] Within safeFindElements 
20:16:58 [TestNG-test-Test-1] INFO  verifyingProcessorSpeedFilterFunctionality_Mobile_20-15-38 - [verifyingProcessorSpeedFilterFunctionality_Mobile_20-15-38] Returning the  [[[ChromeDriver: chrome on windows (75df211007e189f5b215228a304f9c27)] -> xpath: //div[@data-cy='title-recipe']], [[ChromeDriver: chrome on windows (75df211007e189f5b215228a304f9c27)] -> xpath: //div[@data-cy='title-recipe']], [[ChromeDriver: chrome on windows (75df211007e189f5b215228a304f9c27)] -> xpath: //div[@data-cy='title-recipe']], [[ChromeDriver: chrome on windows (75df211007e189f5b215228a304f9c27)] -> xpath: //div[@data-cy='title-recipe']], [[ChromeDriver: chrome on windows (75df211007e189f5b215228a304f9c27)] -> xpath: //div[@data-cy='title-recipe']], [[ChromeDriver: chrome on windows (75df211007e189f5b215228a304f9c27)] -> xpath: //div[@data-cy='title-recipe']], [[ChromeDriver: chrome on windows (75df211007e189f5b215228a304f9c27)] -> xpath: //div[@data-cy='title-recipe']], [[ChromeDriver: chrome on windows (75df211007e189f5b215228a304f9c27)] -> xpath: //div[@data-cy='title-recipe']], [[ChromeDriver: chrome on windows (75df211007e189f5b215228a304f9c27)] -> xpath: //div[@data-cy='title-recipe']], [[ChromeDriver: chrome on windows (75df211007e189f5b215228a304f9c27)] -> xpath: //div[@data-cy='title-recipe']], [[ChromeDriver: chrome on windows (75df211007e189f5b215228a304f9c27)] -> xpath: //div[@data-cy='title-recipe']], [[ChromeDriver: chrome on windows (75df211007e189f5b215228a304f9c27)] -> xpath: //div[@data-cy='title-recipe']], [[ChromeDriver: chrome on windows (75df211007e189f5b215228a304f9c27)] -> xpath: //div[@data-cy='title-recipe']], [[ChromeDriver: chrome on windows (75df211007e189f5b215228a304f9c27)] -> xpath: //div[@data-cy='title-recipe']], [[ChromeDriver: chrome on windows (75df211007e189f5b215228a304f9c27)] -> xpath: //div[@data-cy='title-recipe']], [[ChromeDriver: chrome on windows (75df211007e189f5b215228a304f9c27)] -> xpath: //div[@data-cy='title-recipe']]] from the safeFindElements method
20:16:58 [TestNG-test-Test-1] INFO  verifyingProcessorSpeedFilterFunctionality_Mobile_20-15-38 - [verifyingProcessorSpeedFilterFunctionality_Mobile_20-15-38] Within productNameListingPage loop in applyFilterAndValidateProductsWithResult
20:16:58 [TestNG-test-Test-1] INFO  verifyingProcessorSpeedFilterFunctionality_Mobile_20-15-38 - [verifyingProcessorSpeedFilterFunctionality_Mobile_20-15-38] Within getProductByIndex method
20:16:58 [TestNG-test-Test-1] INFO  verifyingProcessorSpeedFilterFunctionality_Mobile_20-15-38 - [verifyingProcessorSpeedFilterFunctionality_Mobile_20-15-38] Within safeFindElement method
20:16:58 [TestNG-test-Test-1] INFO  verifyingProcessorSpeedFilterFunctionality_Mobile_20-15-38 - [verifyingProcessorSpeedFilterFunctionality_Mobile_20-15-38]Found the element returning it ,element ->[[ChromeDriver: chrome on windows (75df211007e189f5b215228a304f9c27)] -> xpath: (//div[@data-cy='title-recipe'])[4]]
20:16:58 [TestNG-test-Test-1] INFO  verifyingProcessorSpeedFilterFunctionality_Mobile_20-15-38 - [verifyingProcessorSpeedFilterFunctionality_Mobile_20-15-38] Within getProductByIndex method
20:16:58 [TestNG-test-Test-1] INFO  verifyingProcessorSpeedFilterFunctionality_Mobile_20-15-38 - [verifyingProcessorSpeedFilterFunctionality_Mobile_20-15-38] Within smoothScrollToElement method
20:16:58 [TestNG-test-Test-1] INFO  verifyingProcessorSpeedFilterFunctionality_Mobile_20-15-38 - [verifyingProcessorSpeedFilterFunctionality_Mobile_20-15-38] Within safeFindElement method
20:16:58 [TestNG-test-Test-1] INFO  verifyingProcessorSpeedFilterFunctionality_Mobile_20-15-38 - [verifyingProcessorSpeedFilterFunctionality_Mobile_20-15-38]Found the element returning it ,element ->[[ChromeDriver: chrome on windows (75df211007e189f5b215228a304f9c27)] -> xpath: (//div[@data-cy='title-recipe'])[4]]
20:16:58 [TestNG-test-Test-1] INFO  verifyingProcessorSpeedFilterFunctionality_Mobile_20-15-38 - [verifyingProcessorSpeedFilterFunctionality_Mobile_20-15-38] Successfully scrolled to element: By.xpath: (//div[@data-cy='title-recipe'])[4]
20:16:58 [TestNG-test-Test-1] INFO  verifyingProcessorSpeedFilterFunctionality_Mobile_20-15-38 - [verifyingProcessorSpeedFilterFunctionality_Mobile_20-15-38] Getting product by index in productNameListingPage loop
20:16:58 [TestNG-test-Test-1] INFO  verifyingProcessorSpeedFilterFunctionality_Mobile_20-15-38 - [verifyingProcessorSpeedFilterFunctionality_Mobile_20-15-38] Opened product in new tab via Ctrl+Click inside productNameListingPage loop
20:16:58 [TestNG-test-Test-1] INFO  verifyingProcessorSpeedFilterFunctionality_Mobile_20-15-38 - [verifyingProcessorSpeedFilterFunctionality_Mobile_20-15-38] Waiting for new window to open...
20:16:58 [TestNG-test-Test-1] INFO  verifyingProcessorSpeedFilterFunctionality_Mobile_20-15-38 - [verifyingProcessorSpeedFilterFunctionality_Mobile_20-15-38] Switched to new window -> 00B7D17500D0BC9503E60EF473784645
20:16:58 [TestNG-test-Test-1] INFO  verifyingProcessorSpeedFilterFunctionality_Mobile_20-15-38 - [verifyingProcessorSpeedFilterFunctionality_Mobile_20-15-38] Swithcing to the new window  within productNameListingPage loop
20:16:58 [TestNG-test-Test-1] INFO  verifyingProcessorSpeedFilterFunctionality_Mobile_20-15-38 - [verifyingProcessorSpeedFilterFunctionality_Mobile_20-15-38] Clicked product name to open in new tab from productNameListingPage loop
20:16:58 [TestNG-test-Test-1] INFO  verifyingProcessorSpeedFilterFunctionality_Mobile_20-15-38 - [verifyingProcessorSpeedFilterFunctionality_Mobile_20-15-38] Within safeFindElement method
20:17:03 [TestNG-test-Test-1] INFO  verifyingProcessorSpeedFilterFunctionality_Mobile_20-15-38 - [verifyingProcessorSpeedFilterFunctionality_Mobile_20-15-38]Found the element returning it ,element ->[[ChromeDriver: chrome on windows (75df211007e189f5b215228a304f9c27)] -> xpath: //span[@id='productTitle']]
20:17:03 [TestNG-test-Test-1] INFO  verifyingProcessorSpeedFilterFunctionality_Mobile_20-15-38 - [verifyingProcessorSpeedFilterFunctionality_Mobile_20-15-38] Within safeFindElement method
20:17:03 [TestNG-test-Test-1] INFO  verifyingProcessorSpeedFilterFunctionality_Mobile_20-15-38 - [verifyingProcessorSpeedFilterFunctionality_Mobile_20-15-38]Found the element returning it ,element ->[[ChromeDriver: chrome on windows (75df211007e189f5b215228a304f9c27)] -> xpath: //div[@class='a-section a-spacing-small a-spacing-top-small']]
20:17:03 [TestNG-test-Test-1] INFO  verifyingProcessorSpeedFilterFunctionality_Mobile_20-15-38 - [verifyingProcessorSpeedFilterFunctionality_Mobile_20-15-38] Within safeFindElement method
20:17:03 [TestNG-test-Test-1] INFO  verifyingProcessorSpeedFilterFunctionality_Mobile_20-15-38 - [verifyingProcessorSpeedFilterFunctionality_Mobile_20-15-38]Found the element returning it ,element ->[[ChromeDriver: chrome on windows (75df211007e189f5b215228a304f9c27)] -> xpath: //div[@id='feature-bullets']]
20:17:03 [TestNG-test-Test-1] INFO  verifyingProcessorSpeedFilterFunctionality_Mobile_20-15-38 - [verifyingProcessorSpeedFilterFunctionality_Mobile_20-15-38] Within safeFindElement method
20:17:04 [TestNG-test-Test-1] INFO  verifyingProcessorSpeedFilterFunctionality_Mobile_20-15-38 - [verifyingProcessorSpeedFilterFunctionality_Mobile_20-15-38]Found the element returning it ,element ->[[ChromeDriver: chrome on windows (75df211007e189f5b215228a304f9c27)] -> xpath: //div[@id='prodDetails']]
20:17:04 [TestNG-test-Test-1] INFO  verifyingProcessorSpeedFilterFunctionality_Mobile_20-15-38 - [verifyingProcessorSpeedFilterFunctionality_Mobile_20-15-38] Extracting 'name' , 'keyFeatures', 'about' , 'techDetails' within productNameListingPage loop
20:17:04 [TestNG-test-Test-1] INFO  verifyingProcessorSpeedFilterFunctionality_Mobile_20-15-38 - [verifyingProcessorSpeedFilterFunctionality_Mobile_20-15-38] Waiting until element is visible in viewport
20:17:14 [TestNG-test-Test-1] INFO  verifyingProcessorSpeedFilterFunctionality_Mobile_20-15-38 - [verifyingProcessorSpeedFilterFunctionality_Mobile_20-15-38] Within smoothScrollToElement method
20:17:14 [TestNG-test-Test-1] INFO  verifyingProcessorSpeedFilterFunctionality_Mobile_20-15-38 - [verifyingProcessorSpeedFilterFunctionality_Mobile_20-15-38] Within safeFindElement method
20:17:14 [TestNG-test-Test-1] INFO  verifyingProcessorSpeedFilterFunctionality_Mobile_20-15-38 - [verifyingProcessorSpeedFilterFunctionality_Mobile_20-15-38]Found the element returning it ,element ->[[ChromeDriver: chrome on windows (75df211007e189f5b215228a304f9c27)] -> xpath: //a[@id='seeMoreDetailsLink']]
20:17:14 [TestNG-test-Test-1] INFO  verifyingProcessorSpeedFilterFunctionality_Mobile_20-15-38 - [verifyingProcessorSpeedFilterFunctionality_Mobile_20-15-38] Successfully scrolled to element: By.xpath: //a[@id='seeMoreDetailsLink']
20:17:14 [TestNG-test-Test-1] INFO  verifyingProcessorSpeedFilterFunctionality_Mobile_20-15-38 - [verifyingProcessorSpeedFilterFunctionality_Mobile_20-15-38] Within safeClick method
20:17:14 [TestNG-test-Test-1] INFO  verifyingProcessorSpeedFilterFunctionality_Mobile_20-15-38 - [verifyingProcessorSpeedFilterFunctionality_Mobile_20-15-38] Clicked the  [[ChromeDriver: chrome on windows (75df211007e189f5b215228a304f9c27)] -> xpath: //a[@id='seeMoreDetailsLink']]   using safeClick
20:17:14 [TestNG-test-Test-1] INFO  verifyingProcessorSpeedFilterFunctionality_Mobile_20-15-38 - [verifyingProcessorSpeedFilterFunctionality_Mobile_20-15-38] Within try block for clicking see more deatils within productNameListingPage loop
20:17:14 [TestNG-test-Test-1] INFO  verifyingProcessorSpeedFilterFunctionality_Mobile_20-15-38 - [verifyingProcessorSpeedFilterFunctionality_Mobile_20-15-38] Within closeCurrentWindowAndSwitchBack method
20:17:14 [TestNG-test-Test-1] INFO  verifyingProcessorSpeedFilterFunctionality_Mobile_20-15-38 - [verifyingProcessorSpeedFilterFunctionality_Mobile_20-15-38] Total open windows/tabs count -> 2
20:17:14 [TestNG-test-Test-1] INFO  verifyingProcessorSpeedFilterFunctionality_Mobile_20-15-38 - [verifyingProcessorSpeedFilterFunctionality_Mobile_20-15-38] Original window handle -> CDCEAD40B14BD9DE795B8D6B5A8053F4
20:17:14 [TestNG-test-Test-1] INFO  verifyingProcessorSpeedFilterFunctionality_Mobile_20-15-38 - [verifyingProcessorSpeedFilterFunctionality_Mobile_20-15-38] Found new tab/window handle -> 00B7D17500D0BC9503E60EF473784645 (will be closed)
20:17:15 [TestNG-test-Test-1] INFO  verifyingProcessorSpeedFilterFunctionality_Mobile_20-15-38 - [verifyingProcessorSpeedFilterFunctionality_Mobile_20-15-38] Successfully switched to new tab/window -> 00B7D17500D0BC9503E60EF473784645
20:17:15 [TestNG-test-Test-1] INFO  verifyingProcessorSpeedFilterFunctionality_Mobile_20-15-38 - [verifyingProcessorSpeedFilterFunctionality_Mobile_20-15-38] Closed the newly opened tab/window -> 00B7D17500D0BC9503E60EF473784645
20:17:15 [TestNG-test-Test-1] INFO  verifyingProcessorSpeedFilterFunctionality_Mobile_20-15-38 - [verifyingProcessorSpeedFilterFunctionality_Mobile_20-15-38] Switched back to the original window -> CDCEAD40B14BD9DE795B8D6B5A8053F4
20:17:15 [TestNG-test-Test-1] INFO  verifyingProcessorSpeedFilterFunctionality_Mobile_20-15-38 - [verifyingProcessorSpeedFilterFunctionality_Mobile_20-15-38]  going back to product listing via closeCurrentWindowAndSwitchBack 
20:17:15 [TestNG-test-Test-1] INFO  verifyingProcessorSpeedFilterFunctionality_Mobile_20-15-38 - [verifyingProcessorSpeedFilterFunctionality_Mobile_20-15-38]  Added 'filter','title','keyFeatures', 'about', 'techDetails' into the Map -> productResult
20:17:15 [TestNG-test-Test-1] INFO  verifyingProcessorSpeedFilterFunctionality_Mobile_20-15-38 - [verifyingProcessorSpeedFilterFunctionality_Mobile_20-15-38]  Added 'productResult' Map into the 'results' i.e list of maps 
20:17:15 [TestNG-test-Test-1] INFO  verifyingProcessorSpeedFilterFunctionality_Mobile_20-15-38 - [verifyingProcessorSpeedFilterFunctionality_Mobile_20-15-38]==========================================================================================================
20:17:15 [TestNG-test-Test-1] INFO  verifyingProcessorSpeedFilterFunctionality_Mobile_20-15-38 - [verifyingProcessorSpeedFilterFunctionality_Mobile_20-15-38] Within safeFindElements 
20:17:15 [TestNG-test-Test-1] INFO  verifyingProcessorSpeedFilterFunctionality_Mobile_20-15-38 - [verifyingProcessorSpeedFilterFunctionality_Mobile_20-15-38] Returning the  [[[ChromeDriver: chrome on windows (75df211007e189f5b215228a304f9c27)] -> xpath: //div[@data-cy='title-recipe']], [[ChromeDriver: chrome on windows (75df211007e189f5b215228a304f9c27)] -> xpath: //div[@data-cy='title-recipe']], [[ChromeDriver: chrome on windows (75df211007e189f5b215228a304f9c27)] -> xpath: //div[@data-cy='title-recipe']], [[ChromeDriver: chrome on windows (75df211007e189f5b215228a304f9c27)] -> xpath: //div[@data-cy='title-recipe']], [[ChromeDriver: chrome on windows (75df211007e189f5b215228a304f9c27)] -> xpath: //div[@data-cy='title-recipe']], [[ChromeDriver: chrome on windows (75df211007e189f5b215228a304f9c27)] -> xpath: //div[@data-cy='title-recipe']], [[ChromeDriver: chrome on windows (75df211007e189f5b215228a304f9c27)] -> xpath: //div[@data-cy='title-recipe']], [[ChromeDriver: chrome on windows (75df211007e189f5b215228a304f9c27)] -> xpath: //div[@data-cy='title-recipe']], [[ChromeDriver: chrome on windows (75df211007e189f5b215228a304f9c27)] -> xpath: //div[@data-cy='title-recipe']], [[ChromeDriver: chrome on windows (75df211007e189f5b215228a304f9c27)] -> xpath: //div[@data-cy='title-recipe']], [[ChromeDriver: chrome on windows (75df211007e189f5b215228a304f9c27)] -> xpath: //div[@data-cy='title-recipe']], [[ChromeDriver: chrome on windows (75df211007e189f5b215228a304f9c27)] -> xpath: //div[@data-cy='title-recipe']], [[ChromeDriver: chrome on windows (75df211007e189f5b215228a304f9c27)] -> xpath: //div[@data-cy='title-recipe']], [[ChromeDriver: chrome on windows (75df211007e189f5b215228a304f9c27)] -> xpath: //div[@data-cy='title-recipe']], [[ChromeDriver: chrome on windows (75df211007e189f5b215228a304f9c27)] -> xpath: //div[@data-cy='title-recipe']], [[ChromeDriver: chrome on windows (75df211007e189f5b215228a304f9c27)] -> xpath: //div[@data-cy='title-recipe']]] from the safeFindElements method
20:17:15 [TestNG-test-Test-1] INFO  verifyingProcessorSpeedFilterFunctionality_Mobile_20-15-38 - [verifyingProcessorSpeedFilterFunctionality_Mobile_20-15-38] Within productNameListingPage loop in applyFilterAndValidateProductsWithResult
20:17:15 [TestNG-test-Test-1] INFO  verifyingProcessorSpeedFilterFunctionality_Mobile_20-15-38 - [verifyingProcessorSpeedFilterFunctionality_Mobile_20-15-38] Within getProductByIndex method
20:17:15 [TestNG-test-Test-1] INFO  verifyingProcessorSpeedFilterFunctionality_Mobile_20-15-38 - [verifyingProcessorSpeedFilterFunctionality_Mobile_20-15-38] Within safeFindElement method
20:17:15 [TestNG-test-Test-1] INFO  verifyingProcessorSpeedFilterFunctionality_Mobile_20-15-38 - [verifyingProcessorSpeedFilterFunctionality_Mobile_20-15-38]Found the element returning it ,element ->[[ChromeDriver: chrome on windows (75df211007e189f5b215228a304f9c27)] -> xpath: (//div[@data-cy='title-recipe'])[5]]
20:17:15 [TestNG-test-Test-1] INFO  verifyingProcessorSpeedFilterFunctionality_Mobile_20-15-38 - [verifyingProcessorSpeedFilterFunctionality_Mobile_20-15-38] Within getProductByIndex method
20:17:15 [TestNG-test-Test-1] INFO  verifyingProcessorSpeedFilterFunctionality_Mobile_20-15-38 - [verifyingProcessorSpeedFilterFunctionality_Mobile_20-15-38] Within smoothScrollToElement method
20:17:15 [TestNG-test-Test-1] INFO  verifyingProcessorSpeedFilterFunctionality_Mobile_20-15-38 - [verifyingProcessorSpeedFilterFunctionality_Mobile_20-15-38] Within safeFindElement method
20:17:15 [TestNG-test-Test-1] INFO  verifyingProcessorSpeedFilterFunctionality_Mobile_20-15-38 - [verifyingProcessorSpeedFilterFunctionality_Mobile_20-15-38]Found the element returning it ,element ->[[ChromeDriver: chrome on windows (75df211007e189f5b215228a304f9c27)] -> xpath: (//div[@data-cy='title-recipe'])[5]]
20:17:15 [TestNG-test-Test-1] INFO  verifyingProcessorSpeedFilterFunctionality_Mobile_20-15-38 - [verifyingProcessorSpeedFilterFunctionality_Mobile_20-15-38] Successfully scrolled to element: By.xpath: (//div[@data-cy='title-recipe'])[5]
20:17:15 [TestNG-test-Test-1] INFO  verifyingProcessorSpeedFilterFunctionality_Mobile_20-15-38 - [verifyingProcessorSpeedFilterFunctionality_Mobile_20-15-38] Getting product by index in productNameListingPage loop
20:17:15 [TestNG-test-Test-1] INFO  verifyingProcessorSpeedFilterFunctionality_Mobile_20-15-38 - [verifyingProcessorSpeedFilterFunctionality_Mobile_20-15-38] Opened product in new tab via Ctrl+Click inside productNameListingPage loop
20:17:15 [TestNG-test-Test-1] INFO  verifyingProcessorSpeedFilterFunctionality_Mobile_20-15-38 - [verifyingProcessorSpeedFilterFunctionality_Mobile_20-15-38] Waiting for new window to open...
20:17:15 [TestNG-test-Test-1] INFO  verifyingProcessorSpeedFilterFunctionality_Mobile_20-15-38 - [verifyingProcessorSpeedFilterFunctionality_Mobile_20-15-38] Switched to new window -> EF30B1B4BFC574E439B5BBFA4A579E8B
20:17:15 [TestNG-test-Test-1] INFO  verifyingProcessorSpeedFilterFunctionality_Mobile_20-15-38 - [verifyingProcessorSpeedFilterFunctionality_Mobile_20-15-38] Swithcing to the new window  within productNameListingPage loop
20:17:15 [TestNG-test-Test-1] INFO  verifyingProcessorSpeedFilterFunctionality_Mobile_20-15-38 - [verifyingProcessorSpeedFilterFunctionality_Mobile_20-15-38] Clicked product name to open in new tab from productNameListingPage loop
20:17:15 [TestNG-test-Test-1] INFO  verifyingProcessorSpeedFilterFunctionality_Mobile_20-15-38 - [verifyingProcessorSpeedFilterFunctionality_Mobile_20-15-38] Within safeFindElement method
20:17:19 [TestNG-test-Test-1] INFO  verifyingProcessorSpeedFilterFunctionality_Mobile_20-15-38 - [verifyingProcessorSpeedFilterFunctionality_Mobile_20-15-38]Found the element returning it ,element ->[[ChromeDriver: chrome on windows (75df211007e189f5b215228a304f9c27)] -> xpath: //span[@id='productTitle']]
20:17:19 [TestNG-test-Test-1] INFO  verifyingProcessorSpeedFilterFunctionality_Mobile_20-15-38 - [verifyingProcessorSpeedFilterFunctionality_Mobile_20-15-38] Within safeFindElement method
20:17:19 [TestNG-test-Test-1] INFO  verifyingProcessorSpeedFilterFunctionality_Mobile_20-15-38 - [verifyingProcessorSpeedFilterFunctionality_Mobile_20-15-38]Found the element returning it ,element ->[[ChromeDriver: chrome on windows (75df211007e189f5b215228a304f9c27)] -> xpath: //div[@class='a-section a-spacing-small a-spacing-top-small']]
20:17:19 [TestNG-test-Test-1] INFO  verifyingProcessorSpeedFilterFunctionality_Mobile_20-15-38 - [verifyingProcessorSpeedFilterFunctionality_Mobile_20-15-38] Within safeFindElement method
20:17:19 [TestNG-test-Test-1] INFO  verifyingProcessorSpeedFilterFunctionality_Mobile_20-15-38 - [verifyingProcessorSpeedFilterFunctionality_Mobile_20-15-38]Found the element returning it ,element ->[[ChromeDriver: chrome on windows (75df211007e189f5b215228a304f9c27)] -> xpath: //div[@id='feature-bullets']]
20:17:19 [TestNG-test-Test-1] INFO  verifyingProcessorSpeedFilterFunctionality_Mobile_20-15-38 - [verifyingProcessorSpeedFilterFunctionality_Mobile_20-15-38] Within safeFindElement method
20:17:19 [TestNG-test-Test-1] INFO  verifyingProcessorSpeedFilterFunctionality_Mobile_20-15-38 - [verifyingProcessorSpeedFilterFunctionality_Mobile_20-15-38]Found the element returning it ,element ->[[ChromeDriver: chrome on windows (75df211007e189f5b215228a304f9c27)] -> xpath: //div[@id='prodDetails']]
20:17:19 [TestNG-test-Test-1] INFO  verifyingProcessorSpeedFilterFunctionality_Mobile_20-15-38 - [verifyingProcessorSpeedFilterFunctionality_Mobile_20-15-38] Extracting 'name' , 'keyFeatures', 'about' , 'techDetails' within productNameListingPage loop
20:17:19 [TestNG-test-Test-1] INFO  verifyingProcessorSpeedFilterFunctionality_Mobile_20-15-38 - [verifyingProcessorSpeedFilterFunctionality_Mobile_20-15-38] Waiting until element is visible in viewport
20:17:30 [TestNG-test-Test-1] INFO  verifyingProcessorSpeedFilterFunctionality_Mobile_20-15-38 - [verifyingProcessorSpeedFilterFunctionality_Mobile_20-15-38] Within smoothScrollToElement method
20:17:30 [TestNG-test-Test-1] INFO  verifyingProcessorSpeedFilterFunctionality_Mobile_20-15-38 - [verifyingProcessorSpeedFilterFunctionality_Mobile_20-15-38] Within safeFindElement method
20:17:30 [TestNG-test-Test-1] INFO  verifyingProcessorSpeedFilterFunctionality_Mobile_20-15-38 - [verifyingProcessorSpeedFilterFunctionality_Mobile_20-15-38]Found the element returning it ,element ->[[ChromeDriver: chrome on windows (75df211007e189f5b215228a304f9c27)] -> xpath: //a[@id='seeMoreDetailsLink']]
20:17:30 [TestNG-test-Test-1] INFO  verifyingProcessorSpeedFilterFunctionality_Mobile_20-15-38 - [verifyingProcessorSpeedFilterFunctionality_Mobile_20-15-38] Successfully scrolled to element: By.xpath: //a[@id='seeMoreDetailsLink']
20:17:30 [TestNG-test-Test-1] INFO  verifyingProcessorSpeedFilterFunctionality_Mobile_20-15-38 - [verifyingProcessorSpeedFilterFunctionality_Mobile_20-15-38] Within safeClick method
20:17:30 [TestNG-test-Test-1] INFO  verifyingProcessorSpeedFilterFunctionality_Mobile_20-15-38 - [verifyingProcessorSpeedFilterFunctionality_Mobile_20-15-38] Clicked the  [[ChromeDriver: chrome on windows (75df211007e189f5b215228a304f9c27)] -> xpath: //a[@id='seeMoreDetailsLink']]   using safeClick
20:17:30 [TestNG-test-Test-1] INFO  verifyingProcessorSpeedFilterFunctionality_Mobile_20-15-38 - [verifyingProcessorSpeedFilterFunctionality_Mobile_20-15-38] Within try block for clicking see more deatils within productNameListingPage loop
20:17:30 [TestNG-test-Test-1] INFO  verifyingProcessorSpeedFilterFunctionality_Mobile_20-15-38 - [verifyingProcessorSpeedFilterFunctionality_Mobile_20-15-38] Within closeCurrentWindowAndSwitchBack method
20:17:30 [TestNG-test-Test-1] INFO  verifyingProcessorSpeedFilterFunctionality_Mobile_20-15-38 - [verifyingProcessorSpeedFilterFunctionality_Mobile_20-15-38] Total open windows/tabs count -> 2
20:17:30 [TestNG-test-Test-1] INFO  verifyingProcessorSpeedFilterFunctionality_Mobile_20-15-38 - [verifyingProcessorSpeedFilterFunctionality_Mobile_20-15-38] Original window handle -> CDCEAD40B14BD9DE795B8D6B5A8053F4
20:17:30 [TestNG-test-Test-1] INFO  verifyingProcessorSpeedFilterFunctionality_Mobile_20-15-38 - [verifyingProcessorSpeedFilterFunctionality_Mobile_20-15-38] Found new tab/window handle -> EF30B1B4BFC574E439B5BBFA4A579E8B (will be closed)
20:17:30 [TestNG-test-Test-1] INFO  verifyingProcessorSpeedFilterFunctionality_Mobile_20-15-38 - [verifyingProcessorSpeedFilterFunctionality_Mobile_20-15-38] Successfully switched to new tab/window -> EF30B1B4BFC574E439B5BBFA4A579E8B
20:17:30 [TestNG-test-Test-1] INFO  verifyingProcessorSpeedFilterFunctionality_Mobile_20-15-38 - [verifyingProcessorSpeedFilterFunctionality_Mobile_20-15-38] Closed the newly opened tab/window -> EF30B1B4BFC574E439B5BBFA4A579E8B
20:17:30 [TestNG-test-Test-1] INFO  verifyingProcessorSpeedFilterFunctionality_Mobile_20-15-38 - [verifyingProcessorSpeedFilterFunctionality_Mobile_20-15-38] Switched back to the original window -> CDCEAD40B14BD9DE795B8D6B5A8053F4
20:17:30 [TestNG-test-Test-1] INFO  verifyingProcessorSpeedFilterFunctionality_Mobile_20-15-38 - [verifyingProcessorSpeedFilterFunctionality_Mobile_20-15-38]  going back to product listing via closeCurrentWindowAndSwitchBack 
20:17:30 [TestNG-test-Test-1] INFO  verifyingProcessorSpeedFilterFunctionality_Mobile_20-15-38 - [verifyingProcessorSpeedFilterFunctionality_Mobile_20-15-38]  Added 'filter','title','keyFeatures', 'about', 'techDetails' into the Map -> productResult
20:17:30 [TestNG-test-Test-1] INFO  verifyingProcessorSpeedFilterFunctionality_Mobile_20-15-38 - [verifyingProcessorSpeedFilterFunctionality_Mobile_20-15-38]  Added 'productResult' Map into the 'results' i.e list of maps 
20:17:30 [TestNG-test-Test-1] INFO  verifyingProcessorSpeedFilterFunctionality_Mobile_20-15-38 - [verifyingProcessorSpeedFilterFunctionality_Mobile_20-15-38]==========================================================================================================
20:17:30 [TestNG-test-Test-1] INFO  verifyingProcessorSpeedFilterFunctionality_Mobile_20-15-38 - [verifyingProcessorSpeedFilterFunctionality_Mobile_20-15-38] Within safeFindElements 
20:17:30 [TestNG-test-Test-1] INFO  verifyingProcessorSpeedFilterFunctionality_Mobile_20-15-38 - [verifyingProcessorSpeedFilterFunctionality_Mobile_20-15-38] Returning the  [[[ChromeDriver: chrome on windows (75df211007e189f5b215228a304f9c27)] -> xpath: //div[@data-cy='title-recipe']], [[ChromeDriver: chrome on windows (75df211007e189f5b215228a304f9c27)] -> xpath: //div[@data-cy='title-recipe']], [[ChromeDriver: chrome on windows (75df211007e189f5b215228a304f9c27)] -> xpath: //div[@data-cy='title-recipe']], [[ChromeDriver: chrome on windows (75df211007e189f5b215228a304f9c27)] -> xpath: //div[@data-cy='title-recipe']], [[ChromeDriver: chrome on windows (75df211007e189f5b215228a304f9c27)] -> xpath: //div[@data-cy='title-recipe']], [[ChromeDriver: chrome on windows (75df211007e189f5b215228a304f9c27)] -> xpath: //div[@data-cy='title-recipe']], [[ChromeDriver: chrome on windows (75df211007e189f5b215228a304f9c27)] -> xpath: //div[@data-cy='title-recipe']], [[ChromeDriver: chrome on windows (75df211007e189f5b215228a304f9c27)] -> xpath: //div[@data-cy='title-recipe']], [[ChromeDriver: chrome on windows (75df211007e189f5b215228a304f9c27)] -> xpath: //div[@data-cy='title-recipe']], [[ChromeDriver: chrome on windows (75df211007e189f5b215228a304f9c27)] -> xpath: //div[@data-cy='title-recipe']], [[ChromeDriver: chrome on windows (75df211007e189f5b215228a304f9c27)] -> xpath: //div[@data-cy='title-recipe']], [[ChromeDriver: chrome on windows (75df211007e189f5b215228a304f9c27)] -> xpath: //div[@data-cy='title-recipe']], [[ChromeDriver: chrome on windows (75df211007e189f5b215228a304f9c27)] -> xpath: //div[@data-cy='title-recipe']], [[ChromeDriver: chrome on windows (75df211007e189f5b215228a304f9c27)] -> xpath: //div[@data-cy='title-recipe']], [[ChromeDriver: chrome on windows (75df211007e189f5b215228a304f9c27)] -> xpath: //div[@data-cy='title-recipe']], [[ChromeDriver: chrome on windows (75df211007e189f5b215228a304f9c27)] -> xpath: //div[@data-cy='title-recipe']]] from the safeFindElements method
20:17:30 [TestNG-test-Test-1] INFO  verifyingProcessorSpeedFilterFunctionality_Mobile_20-15-38 - [verifyingProcessorSpeedFilterFunctionality_Mobile_20-15-38] Within productNameListingPage loop in applyFilterAndValidateProductsWithResult
20:17:30 [TestNG-test-Test-1] INFO  verifyingProcessorSpeedFilterFunctionality_Mobile_20-15-38 - [verifyingProcessorSpeedFilterFunctionality_Mobile_20-15-38] Within getProductByIndex method
20:17:30 [TestNG-test-Test-1] INFO  verifyingProcessorSpeedFilterFunctionality_Mobile_20-15-38 - [verifyingProcessorSpeedFilterFunctionality_Mobile_20-15-38] Within safeFindElement method
20:17:30 [TestNG-test-Test-1] INFO  verifyingProcessorSpeedFilterFunctionality_Mobile_20-15-38 - [verifyingProcessorSpeedFilterFunctionality_Mobile_20-15-38]Found the element returning it ,element ->[[ChromeDriver: chrome on windows (75df211007e189f5b215228a304f9c27)] -> xpath: (//div[@data-cy='title-recipe'])[6]]
20:17:30 [TestNG-test-Test-1] INFO  verifyingProcessorSpeedFilterFunctionality_Mobile_20-15-38 - [verifyingProcessorSpeedFilterFunctionality_Mobile_20-15-38] Within getProductByIndex method
20:17:30 [TestNG-test-Test-1] INFO  verifyingProcessorSpeedFilterFunctionality_Mobile_20-15-38 - [verifyingProcessorSpeedFilterFunctionality_Mobile_20-15-38] Within smoothScrollToElement method
20:17:30 [TestNG-test-Test-1] INFO  verifyingProcessorSpeedFilterFunctionality_Mobile_20-15-38 - [verifyingProcessorSpeedFilterFunctionality_Mobile_20-15-38] Within safeFindElement method
20:17:30 [TestNG-test-Test-1] INFO  verifyingProcessorSpeedFilterFunctionality_Mobile_20-15-38 - [verifyingProcessorSpeedFilterFunctionality_Mobile_20-15-38]Found the element returning it ,element ->[[ChromeDriver: chrome on windows (75df211007e189f5b215228a304f9c27)] -> xpath: (//div[@data-cy='title-recipe'])[6]]
20:17:30 [TestNG-test-Test-1] INFO  verifyingProcessorSpeedFilterFunctionality_Mobile_20-15-38 - [verifyingProcessorSpeedFilterFunctionality_Mobile_20-15-38] Successfully scrolled to element: By.xpath: (//div[@data-cy='title-recipe'])[6]
20:17:30 [TestNG-test-Test-1] INFO  verifyingProcessorSpeedFilterFunctionality_Mobile_20-15-38 - [verifyingProcessorSpeedFilterFunctionality_Mobile_20-15-38] Getting product by index in productNameListingPage loop
20:17:31 [TestNG-test-Test-1] INFO  verifyingProcessorSpeedFilterFunctionality_Mobile_20-15-38 - [verifyingProcessorSpeedFilterFunctionality_Mobile_20-15-38] Opened product in new tab via Ctrl+Click inside productNameListingPage loop
20:17:31 [TestNG-test-Test-1] INFO  verifyingProcessorSpeedFilterFunctionality_Mobile_20-15-38 - [verifyingProcessorSpeedFilterFunctionality_Mobile_20-15-38] Waiting for new window to open...
20:17:31 [TestNG-test-Test-1] INFO  verifyingProcessorSpeedFilterFunctionality_Mobile_20-15-38 - [verifyingProcessorSpeedFilterFunctionality_Mobile_20-15-38] Switched to new window -> C7802B5ED9B81F884534AB8D211584EE
20:17:31 [TestNG-test-Test-1] INFO  verifyingProcessorSpeedFilterFunctionality_Mobile_20-15-38 - [verifyingProcessorSpeedFilterFunctionality_Mobile_20-15-38] Swithcing to the new window  within productNameListingPage loop
20:17:31 [TestNG-test-Test-1] INFO  verifyingProcessorSpeedFilterFunctionality_Mobile_20-15-38 - [verifyingProcessorSpeedFilterFunctionality_Mobile_20-15-38] Clicked product name to open in new tab from productNameListingPage loop
20:17:31 [TestNG-test-Test-1] INFO  verifyingProcessorSpeedFilterFunctionality_Mobile_20-15-38 - [verifyingProcessorSpeedFilterFunctionality_Mobile_20-15-38] Within safeFindElement method
20:17:34 [TestNG-test-Test-1] INFO  verifyingProcessorSpeedFilterFunctionality_Mobile_20-15-38 - [verifyingProcessorSpeedFilterFunctionality_Mobile_20-15-38]Found the element returning it ,element ->[[ChromeDriver: chrome on windows (75df211007e189f5b215228a304f9c27)] -> xpath: //span[@id='productTitle']]
20:17:34 [TestNG-test-Test-1] INFO  verifyingProcessorSpeedFilterFunctionality_Mobile_20-15-38 - [verifyingProcessorSpeedFilterFunctionality_Mobile_20-15-38] Within safeFindElement method
20:17:34 [TestNG-test-Test-1] INFO  verifyingProcessorSpeedFilterFunctionality_Mobile_20-15-38 - [verifyingProcessorSpeedFilterFunctionality_Mobile_20-15-38]Found the element returning it ,element ->[[ChromeDriver: chrome on windows (75df211007e189f5b215228a304f9c27)] -> xpath: //div[@class='a-section a-spacing-small a-spacing-top-small']]
20:17:34 [TestNG-test-Test-1] INFO  verifyingProcessorSpeedFilterFunctionality_Mobile_20-15-38 - [verifyingProcessorSpeedFilterFunctionality_Mobile_20-15-38] Within safeFindElement method
20:17:34 [TestNG-test-Test-1] INFO  verifyingProcessorSpeedFilterFunctionality_Mobile_20-15-38 - [verifyingProcessorSpeedFilterFunctionality_Mobile_20-15-38]Found the element returning it ,element ->[[ChromeDriver: chrome on windows (75df211007e189f5b215228a304f9c27)] -> xpath: //div[@id='feature-bullets']]
20:17:34 [TestNG-test-Test-1] INFO  verifyingProcessorSpeedFilterFunctionality_Mobile_20-15-38 - [verifyingProcessorSpeedFilterFunctionality_Mobile_20-15-38] Within safeFindElement method
20:17:34 [TestNG-test-Test-1] INFO  verifyingProcessorSpeedFilterFunctionality_Mobile_20-15-38 - [verifyingProcessorSpeedFilterFunctionality_Mobile_20-15-38]Found the element returning it ,element ->[[ChromeDriver: chrome on windows (75df211007e189f5b215228a304f9c27)] -> xpath: //div[@id='prodDetails']]
20:17:34 [TestNG-test-Test-1] INFO  verifyingProcessorSpeedFilterFunctionality_Mobile_20-15-38 - [verifyingProcessorSpeedFilterFunctionality_Mobile_20-15-38] Extracting 'name' , 'keyFeatures', 'about' , 'techDetails' within productNameListingPage loop
20:17:34 [TestNG-test-Test-1] INFO  verifyingProcessorSpeedFilterFunctionality_Mobile_20-15-38 - [verifyingProcessorSpeedFilterFunctionality_Mobile_20-15-38] Waiting until element is visible in viewport
20:17:45 [TestNG-test-Test-1] INFO  verifyingProcessorSpeedFilterFunctionality_Mobile_20-15-38 - [verifyingProcessorSpeedFilterFunctionality_Mobile_20-15-38] Within smoothScrollToElement method
20:17:45 [TestNG-test-Test-1] INFO  verifyingProcessorSpeedFilterFunctionality_Mobile_20-15-38 - [verifyingProcessorSpeedFilterFunctionality_Mobile_20-15-38] Within safeFindElement method
20:17:45 [TestNG-test-Test-1] INFO  verifyingProcessorSpeedFilterFunctionality_Mobile_20-15-38 - [verifyingProcessorSpeedFilterFunctionality_Mobile_20-15-38]Found the element returning it ,element ->[[ChromeDriver: chrome on windows (75df211007e189f5b215228a304f9c27)] -> xpath: //a[@id='seeMoreDetailsLink']]
20:17:45 [TestNG-test-Test-1] INFO  verifyingProcessorSpeedFilterFunctionality_Mobile_20-15-38 - [verifyingProcessorSpeedFilterFunctionality_Mobile_20-15-38] Successfully scrolled to element: By.xpath: //a[@id='seeMoreDetailsLink']
20:17:45 [TestNG-test-Test-1] INFO  verifyingProcessorSpeedFilterFunctionality_Mobile_20-15-38 - [verifyingProcessorSpeedFilterFunctionality_Mobile_20-15-38] Within safeClick method
20:17:45 [TestNG-test-Test-1] INFO  verifyingProcessorSpeedFilterFunctionality_Mobile_20-15-38 - [verifyingProcessorSpeedFilterFunctionality_Mobile_20-15-38] Clicked the  [[ChromeDriver: chrome on windows (75df211007e189f5b215228a304f9c27)] -> xpath: //a[@id='seeMoreDetailsLink']]   using safeClick
20:17:45 [TestNG-test-Test-1] INFO  verifyingProcessorSpeedFilterFunctionality_Mobile_20-15-38 - [verifyingProcessorSpeedFilterFunctionality_Mobile_20-15-38] Within try block for clicking see more deatils within productNameListingPage loop
20:17:45 [TestNG-test-Test-1] INFO  verifyingProcessorSpeedFilterFunctionality_Mobile_20-15-38 - [verifyingProcessorSpeedFilterFunctionality_Mobile_20-15-38] Within closeCurrentWindowAndSwitchBack method
20:17:45 [TestNG-test-Test-1] INFO  verifyingProcessorSpeedFilterFunctionality_Mobile_20-15-38 - [verifyingProcessorSpeedFilterFunctionality_Mobile_20-15-38] Total open windows/tabs count -> 2
20:17:45 [TestNG-test-Test-1] INFO  verifyingProcessorSpeedFilterFunctionality_Mobile_20-15-38 - [verifyingProcessorSpeedFilterFunctionality_Mobile_20-15-38] Original window handle -> CDCEAD40B14BD9DE795B8D6B5A8053F4
20:17:45 [TestNG-test-Test-1] INFO  verifyingProcessorSpeedFilterFunctionality_Mobile_20-15-38 - [verifyingProcessorSpeedFilterFunctionality_Mobile_20-15-38] Found new tab/window handle -> C7802B5ED9B81F884534AB8D211584EE (will be closed)
20:17:45 [TestNG-test-Test-1] INFO  verifyingProcessorSpeedFilterFunctionality_Mobile_20-15-38 - [verifyingProcessorSpeedFilterFunctionality_Mobile_20-15-38] Successfully switched to new tab/window -> C7802B5ED9B81F884534AB8D211584EE
20:17:45 [TestNG-test-Test-1] INFO  verifyingProcessorSpeedFilterFunctionality_Mobile_20-15-38 - [verifyingProcessorSpeedFilterFunctionality_Mobile_20-15-38] Closed the newly opened tab/window -> C7802B5ED9B81F884534AB8D211584EE
20:17:45 [TestNG-test-Test-1] INFO  verifyingProcessorSpeedFilterFunctionality_Mobile_20-15-38 - [verifyingProcessorSpeedFilterFunctionality_Mobile_20-15-38] Switched back to the original window -> CDCEAD40B14BD9DE795B8D6B5A8053F4
20:17:45 [TestNG-test-Test-1] INFO  verifyingProcessorSpeedFilterFunctionality_Mobile_20-15-38 - [verifyingProcessorSpeedFilterFunctionality_Mobile_20-15-38]  going back to product listing via closeCurrentWindowAndSwitchBack 
20:17:45 [TestNG-test-Test-1] INFO  verifyingProcessorSpeedFilterFunctionality_Mobile_20-15-38 - [verifyingProcessorSpeedFilterFunctionality_Mobile_20-15-38]  Added 'filter','title','keyFeatures', 'about', 'techDetails' into the Map -> productResult
20:17:45 [TestNG-test-Test-1] INFO  verifyingProcessorSpeedFilterFunctionality_Mobile_20-15-38 - [verifyingProcessorSpeedFilterFunctionality_Mobile_20-15-38]  Added 'productResult' Map into the 'results' i.e list of maps 
20:17:45 [TestNG-test-Test-1] INFO  verifyingProcessorSpeedFilterFunctionality_Mobile_20-15-38 - [verifyingProcessorSpeedFilterFunctionality_Mobile_20-15-38]==========================================================================================================
20:17:45 [TestNG-test-Test-1] INFO  verifyingProcessorSpeedFilterFunctionality_Mobile_20-15-38 - [verifyingProcessorSpeedFilterFunctionality_Mobile_20-15-38] Within safeFindElements 
20:17:46 [TestNG-test-Test-1] INFO  verifyingProcessorSpeedFilterFunctionality_Mobile_20-15-38 - [verifyingProcessorSpeedFilterFunctionality_Mobile_20-15-38] Returning the  [[[ChromeDriver: chrome on windows (75df211007e189f5b215228a304f9c27)] -> xpath: //div[@data-cy='title-recipe']], [[ChromeDriver: chrome on windows (75df211007e189f5b215228a304f9c27)] -> xpath: //div[@data-cy='title-recipe']], [[ChromeDriver: chrome on windows (75df211007e189f5b215228a304f9c27)] -> xpath: //div[@data-cy='title-recipe']], [[ChromeDriver: chrome on windows (75df211007e189f5b215228a304f9c27)] -> xpath: //div[@data-cy='title-recipe']], [[ChromeDriver: chrome on windows (75df211007e189f5b215228a304f9c27)] -> xpath: //div[@data-cy='title-recipe']], [[ChromeDriver: chrome on windows (75df211007e189f5b215228a304f9c27)] -> xpath: //div[@data-cy='title-recipe']], [[ChromeDriver: chrome on windows (75df211007e189f5b215228a304f9c27)] -> xpath: //div[@data-cy='title-recipe']], [[ChromeDriver: chrome on windows (75df211007e189f5b215228a304f9c27)] -> xpath: //div[@data-cy='title-recipe']], [[ChromeDriver: chrome on windows (75df211007e189f5b215228a304f9c27)] -> xpath: //div[@data-cy='title-recipe']], [[ChromeDriver: chrome on windows (75df211007e189f5b215228a304f9c27)] -> xpath: //div[@data-cy='title-recipe']], [[ChromeDriver: chrome on windows (75df211007e189f5b215228a304f9c27)] -> xpath: //div[@data-cy='title-recipe']], [[ChromeDriver: chrome on windows (75df211007e189f5b215228a304f9c27)] -> xpath: //div[@data-cy='title-recipe']], [[ChromeDriver: chrome on windows (75df211007e189f5b215228a304f9c27)] -> xpath: //div[@data-cy='title-recipe']], [[ChromeDriver: chrome on windows (75df211007e189f5b215228a304f9c27)] -> xpath: //div[@data-cy='title-recipe']], [[ChromeDriver: chrome on windows (75df211007e189f5b215228a304f9c27)] -> xpath: //div[@data-cy='title-recipe']], [[ChromeDriver: chrome on windows (75df211007e189f5b215228a304f9c27)] -> xpath: //div[@data-cy='title-recipe']]] from the safeFindElements method
20:17:46 [TestNG-test-Test-1] INFO  verifyingProcessorSpeedFilterFunctionality_Mobile_20-15-38 - [verifyingProcessorSpeedFilterFunctionality_Mobile_20-15-38] Within productNameListingPage loop in applyFilterAndValidateProductsWithResult
20:17:46 [TestNG-test-Test-1] INFO  verifyingProcessorSpeedFilterFunctionality_Mobile_20-15-38 - [verifyingProcessorSpeedFilterFunctionality_Mobile_20-15-38] Within getProductByIndex method
20:17:46 [TestNG-test-Test-1] INFO  verifyingProcessorSpeedFilterFunctionality_Mobile_20-15-38 - [verifyingProcessorSpeedFilterFunctionality_Mobile_20-15-38] Within safeFindElement method
20:17:46 [TestNG-test-Test-1] INFO  verifyingProcessorSpeedFilterFunctionality_Mobile_20-15-38 - [verifyingProcessorSpeedFilterFunctionality_Mobile_20-15-38]Found the element returning it ,element ->[[ChromeDriver: chrome on windows (75df211007e189f5b215228a304f9c27)] -> xpath: (//div[@data-cy='title-recipe'])[7]]
20:17:46 [TestNG-test-Test-1] INFO  verifyingProcessorSpeedFilterFunctionality_Mobile_20-15-38 - [verifyingProcessorSpeedFilterFunctionality_Mobile_20-15-38] Within getProductByIndex method
20:17:46 [TestNG-test-Test-1] INFO  verifyingProcessorSpeedFilterFunctionality_Mobile_20-15-38 - [verifyingProcessorSpeedFilterFunctionality_Mobile_20-15-38] Within smoothScrollToElement method
20:17:46 [TestNG-test-Test-1] INFO  verifyingProcessorSpeedFilterFunctionality_Mobile_20-15-38 - [verifyingProcessorSpeedFilterFunctionality_Mobile_20-15-38] Within safeFindElement method
20:17:46 [TestNG-test-Test-1] INFO  verifyingProcessorSpeedFilterFunctionality_Mobile_20-15-38 - [verifyingProcessorSpeedFilterFunctionality_Mobile_20-15-38]Found the element returning it ,element ->[[ChromeDriver: chrome on windows (75df211007e189f5b215228a304f9c27)] -> xpath: (//div[@data-cy='title-recipe'])[7]]
20:17:46 [TestNG-test-Test-1] INFO  verifyingProcessorSpeedFilterFunctionality_Mobile_20-15-38 - [verifyingProcessorSpeedFilterFunctionality_Mobile_20-15-38] Successfully scrolled to element: By.xpath: (//div[@data-cy='title-recipe'])[7]
20:17:46 [TestNG-test-Test-1] INFO  verifyingProcessorSpeedFilterFunctionality_Mobile_20-15-38 - [verifyingProcessorSpeedFilterFunctionality_Mobile_20-15-38] Getting product by index in productNameListingPage loop
20:17:46 [TestNG-test-Test-1] INFO  verifyingProcessorSpeedFilterFunctionality_Mobile_20-15-38 - [verifyingProcessorSpeedFilterFunctionality_Mobile_20-15-38] Opened product in new tab via Ctrl+Click inside productNameListingPage loop
20:17:46 [TestNG-test-Test-1] INFO  verifyingProcessorSpeedFilterFunctionality_Mobile_20-15-38 - [verifyingProcessorSpeedFilterFunctionality_Mobile_20-15-38] Waiting for new window to open...
20:17:46 [TestNG-test-Test-1] INFO  verifyingProcessorSpeedFilterFunctionality_Mobile_20-15-38 - [verifyingProcessorSpeedFilterFunctionality_Mobile_20-15-38] Switched to new window -> 44836131D1A29DE272132ED9D674717C
20:17:46 [TestNG-test-Test-1] INFO  verifyingProcessorSpeedFilterFunctionality_Mobile_20-15-38 - [verifyingProcessorSpeedFilterFunctionality_Mobile_20-15-38] Swithcing to the new window  within productNameListingPage loop
20:17:46 [TestNG-test-Test-1] INFO  verifyingProcessorSpeedFilterFunctionality_Mobile_20-15-38 - [verifyingProcessorSpeedFilterFunctionality_Mobile_20-15-38] Clicked product name to open in new tab from productNameListingPage loop
20:17:46 [TestNG-test-Test-1] INFO  verifyingProcessorSpeedFilterFunctionality_Mobile_20-15-38 - [verifyingProcessorSpeedFilterFunctionality_Mobile_20-15-38] Within safeFindElement method
20:17:49 [TestNG-test-Test-1] INFO  verifyingProcessorSpeedFilterFunctionality_Mobile_20-15-38 - [verifyingProcessorSpeedFilterFunctionality_Mobile_20-15-38]Found the element returning it ,element ->[[ChromeDriver: chrome on windows (75df211007e189f5b215228a304f9c27)] -> xpath: //span[@id='productTitle']]
20:17:49 [TestNG-test-Test-1] INFO  verifyingProcessorSpeedFilterFunctionality_Mobile_20-15-38 - [verifyingProcessorSpeedFilterFunctionality_Mobile_20-15-38] Within safeFindElement method
20:17:49 [TestNG-test-Test-1] INFO  verifyingProcessorSpeedFilterFunctionality_Mobile_20-15-38 - [verifyingProcessorSpeedFilterFunctionality_Mobile_20-15-38]Found the element returning it ,element ->[[ChromeDriver: chrome on windows (75df211007e189f5b215228a304f9c27)] -> xpath: //div[@class='a-section a-spacing-small a-spacing-top-small']]
20:17:50 [TestNG-test-Test-1] INFO  verifyingProcessorSpeedFilterFunctionality_Mobile_20-15-38 - [verifyingProcessorSpeedFilterFunctionality_Mobile_20-15-38] Within safeFindElement method
20:17:50 [TestNG-test-Test-1] INFO  verifyingProcessorSpeedFilterFunctionality_Mobile_20-15-38 - [verifyingProcessorSpeedFilterFunctionality_Mobile_20-15-38]Found the element returning it ,element ->[[ChromeDriver: chrome on windows (75df211007e189f5b215228a304f9c27)] -> xpath: //div[@id='feature-bullets']]
20:17:50 [TestNG-test-Test-1] INFO  verifyingProcessorSpeedFilterFunctionality_Mobile_20-15-38 - [verifyingProcessorSpeedFilterFunctionality_Mobile_20-15-38] Within safeFindElement method
20:17:50 [TestNG-test-Test-1] INFO  verifyingProcessorSpeedFilterFunctionality_Mobile_20-15-38 - [verifyingProcessorSpeedFilterFunctionality_Mobile_20-15-38]Found the element returning it ,element ->[[ChromeDriver: chrome on windows (75df211007e189f5b215228a304f9c27)] -> xpath: //div[@id='prodDetails']]
20:17:50 [TestNG-test-Test-1] INFO  verifyingProcessorSpeedFilterFunctionality_Mobile_20-15-38 - [verifyingProcessorSpeedFilterFunctionality_Mobile_20-15-38] Extracting 'name' , 'keyFeatures', 'about' , 'techDetails' within productNameListingPage loop
20:17:50 [TestNG-test-Test-1] INFO  verifyingProcessorSpeedFilterFunctionality_Mobile_20-15-38 - [verifyingProcessorSpeedFilterFunctionality_Mobile_20-15-38] Waiting until element is visible in viewport
20:18:00 [TestNG-test-Test-1] INFO  verifyingProcessorSpeedFilterFunctionality_Mobile_20-15-38 - [verifyingProcessorSpeedFilterFunctionality_Mobile_20-15-38] Within smoothScrollToElement method
20:18:00 [TestNG-test-Test-1] INFO  verifyingProcessorSpeedFilterFunctionality_Mobile_20-15-38 - [verifyingProcessorSpeedFilterFunctionality_Mobile_20-15-38] Within safeFindElement method
20:18:00 [TestNG-test-Test-1] INFO  verifyingProcessorSpeedFilterFunctionality_Mobile_20-15-38 - [verifyingProcessorSpeedFilterFunctionality_Mobile_20-15-38]Found the element returning it ,element ->[[ChromeDriver: chrome on windows (75df211007e189f5b215228a304f9c27)] -> xpath: //a[@id='seeMoreDetailsLink']]
20:18:00 [TestNG-test-Test-1] INFO  verifyingProcessorSpeedFilterFunctionality_Mobile_20-15-38 - [verifyingProcessorSpeedFilterFunctionality_Mobile_20-15-38] Successfully scrolled to element: By.xpath: //a[@id='seeMoreDetailsLink']
20:18:00 [TestNG-test-Test-1] INFO  verifyingProcessorSpeedFilterFunctionality_Mobile_20-15-38 - [verifyingProcessorSpeedFilterFunctionality_Mobile_20-15-38] Within safeClick method
20:18:01 [TestNG-test-Test-1] INFO  verifyingProcessorSpeedFilterFunctionality_Mobile_20-15-38 - [verifyingProcessorSpeedFilterFunctionality_Mobile_20-15-38] Clicked the  [[ChromeDriver: chrome on windows (75df211007e189f5b215228a304f9c27)] -> xpath: //a[@id='seeMoreDetailsLink']]   using safeClick
20:18:01 [TestNG-test-Test-1] INFO  verifyingProcessorSpeedFilterFunctionality_Mobile_20-15-38 - [verifyingProcessorSpeedFilterFunctionality_Mobile_20-15-38] Within try block for clicking see more deatils within productNameListingPage loop
20:18:01 [TestNG-test-Test-1] INFO  verifyingProcessorSpeedFilterFunctionality_Mobile_20-15-38 - [verifyingProcessorSpeedFilterFunctionality_Mobile_20-15-38] Within closeCurrentWindowAndSwitchBack method
20:18:01 [TestNG-test-Test-1] INFO  verifyingProcessorSpeedFilterFunctionality_Mobile_20-15-38 - [verifyingProcessorSpeedFilterFunctionality_Mobile_20-15-38] Total open windows/tabs count -> 2
20:18:01 [TestNG-test-Test-1] INFO  verifyingProcessorSpeedFilterFunctionality_Mobile_20-15-38 - [verifyingProcessorSpeedFilterFunctionality_Mobile_20-15-38] Original window handle -> CDCEAD40B14BD9DE795B8D6B5A8053F4
20:18:01 [TestNG-test-Test-1] INFO  verifyingProcessorSpeedFilterFunctionality_Mobile_20-15-38 - [verifyingProcessorSpeedFilterFunctionality_Mobile_20-15-38] Found new tab/window handle -> 44836131D1A29DE272132ED9D674717C (will be closed)
20:18:01 [TestNG-test-Test-1] INFO  verifyingProcessorSpeedFilterFunctionality_Mobile_20-15-38 - [verifyingProcessorSpeedFilterFunctionality_Mobile_20-15-38] Successfully switched to new tab/window -> 44836131D1A29DE272132ED9D674717C
20:18:01 [TestNG-test-Test-1] INFO  verifyingProcessorSpeedFilterFunctionality_Mobile_20-15-38 - [verifyingProcessorSpeedFilterFunctionality_Mobile_20-15-38] Closed the newly opened tab/window -> 44836131D1A29DE272132ED9D674717C
20:18:01 [TestNG-test-Test-1] INFO  verifyingProcessorSpeedFilterFunctionality_Mobile_20-15-38 - [verifyingProcessorSpeedFilterFunctionality_Mobile_20-15-38] Switched back to the original window -> CDCEAD40B14BD9DE795B8D6B5A8053F4
20:18:01 [TestNG-test-Test-1] INFO  verifyingProcessorSpeedFilterFunctionality_Mobile_20-15-38 - [verifyingProcessorSpeedFilterFunctionality_Mobile_20-15-38]  going back to product listing via closeCurrentWindowAndSwitchBack 
20:18:01 [TestNG-test-Test-1] INFO  verifyingProcessorSpeedFilterFunctionality_Mobile_20-15-38 - [verifyingProcessorSpeedFilterFunctionality_Mobile_20-15-38]  Added 'filter','title','keyFeatures', 'about', 'techDetails' into the Map -> productResult
20:18:01 [TestNG-test-Test-1] INFO  verifyingProcessorSpeedFilterFunctionality_Mobile_20-15-38 - [verifyingProcessorSpeedFilterFunctionality_Mobile_20-15-38]  Added 'productResult' Map into the 'results' i.e list of maps 
20:18:01 [TestNG-test-Test-1] INFO  verifyingProcessorSpeedFilterFunctionality_Mobile_20-15-38 - [verifyingProcessorSpeedFilterFunctionality_Mobile_20-15-38]==========================================================================================================
20:18:01 [TestNG-test-Test-1] INFO  verifyingProcessorSpeedFilterFunctionality_Mobile_20-15-38 - [verifyingProcessorSpeedFilterFunctionality_Mobile_20-15-38] Within safeFindElements 
20:18:01 [TestNG-test-Test-1] INFO  verifyingProcessorSpeedFilterFunctionality_Mobile_20-15-38 - [verifyingProcessorSpeedFilterFunctionality_Mobile_20-15-38] Returning the  [[[ChromeDriver: chrome on windows (75df211007e189f5b215228a304f9c27)] -> xpath: //div[@data-cy='title-recipe']], [[ChromeDriver: chrome on windows (75df211007e189f5b215228a304f9c27)] -> xpath: //div[@data-cy='title-recipe']], [[ChromeDriver: chrome on windows (75df211007e189f5b215228a304f9c27)] -> xpath: //div[@data-cy='title-recipe']], [[ChromeDriver: chrome on windows (75df211007e189f5b215228a304f9c27)] -> xpath: //div[@data-cy='title-recipe']], [[ChromeDriver: chrome on windows (75df211007e189f5b215228a304f9c27)] -> xpath: //div[@data-cy='title-recipe']], [[ChromeDriver: chrome on windows (75df211007e189f5b215228a304f9c27)] -> xpath: //div[@data-cy='title-recipe']], [[ChromeDriver: chrome on windows (75df211007e189f5b215228a304f9c27)] -> xpath: //div[@data-cy='title-recipe']], [[ChromeDriver: chrome on windows (75df211007e189f5b215228a304f9c27)] -> xpath: //div[@data-cy='title-recipe']], [[ChromeDriver: chrome on windows (75df211007e189f5b215228a304f9c27)] -> xpath: //div[@data-cy='title-recipe']], [[ChromeDriver: chrome on windows (75df211007e189f5b215228a304f9c27)] -> xpath: //div[@data-cy='title-recipe']], [[ChromeDriver: chrome on windows (75df211007e189f5b215228a304f9c27)] -> xpath: //div[@data-cy='title-recipe']], [[ChromeDriver: chrome on windows (75df211007e189f5b215228a304f9c27)] -> xpath: //div[@data-cy='title-recipe']], [[ChromeDriver: chrome on windows (75df211007e189f5b215228a304f9c27)] -> xpath: //div[@data-cy='title-recipe']], [[ChromeDriver: chrome on windows (75df211007e189f5b215228a304f9c27)] -> xpath: //div[@data-cy='title-recipe']], [[ChromeDriver: chrome on windows (75df211007e189f5b215228a304f9c27)] -> xpath: //div[@data-cy='title-recipe']], [[ChromeDriver: chrome on windows (75df211007e189f5b215228a304f9c27)] -> xpath: //div[@data-cy='title-recipe']]] from the safeFindElements method
20:18:01 [TestNG-test-Test-1] INFO  verifyingProcessorSpeedFilterFunctionality_Mobile_20-15-38 - [verifyingProcessorSpeedFilterFunctionality_Mobile_20-15-38] Within productNameListingPage loop in applyFilterAndValidateProductsWithResult
20:18:01 [TestNG-test-Test-1] INFO  verifyingProcessorSpeedFilterFunctionality_Mobile_20-15-38 - [verifyingProcessorSpeedFilterFunctionality_Mobile_20-15-38] Within getProductByIndex method
20:18:01 [TestNG-test-Test-1] INFO  verifyingProcessorSpeedFilterFunctionality_Mobile_20-15-38 - [verifyingProcessorSpeedFilterFunctionality_Mobile_20-15-38] Within safeFindElement method
20:18:01 [TestNG-test-Test-1] INFO  verifyingProcessorSpeedFilterFunctionality_Mobile_20-15-38 - [verifyingProcessorSpeedFilterFunctionality_Mobile_20-15-38]Found the element returning it ,element ->[[ChromeDriver: chrome on windows (75df211007e189f5b215228a304f9c27)] -> xpath: (//div[@data-cy='title-recipe'])[8]]
20:18:01 [TestNG-test-Test-1] INFO  verifyingProcessorSpeedFilterFunctionality_Mobile_20-15-38 - [verifyingProcessorSpeedFilterFunctionality_Mobile_20-15-38] Within getProductByIndex method
20:18:01 [TestNG-test-Test-1] INFO  verifyingProcessorSpeedFilterFunctionality_Mobile_20-15-38 - [verifyingProcessorSpeedFilterFunctionality_Mobile_20-15-38] Within smoothScrollToElement method
20:18:01 [TestNG-test-Test-1] INFO  verifyingProcessorSpeedFilterFunctionality_Mobile_20-15-38 - [verifyingProcessorSpeedFilterFunctionality_Mobile_20-15-38] Within safeFindElement method
20:18:01 [TestNG-test-Test-1] INFO  verifyingProcessorSpeedFilterFunctionality_Mobile_20-15-38 - [verifyingProcessorSpeedFilterFunctionality_Mobile_20-15-38]Found the element returning it ,element ->[[ChromeDriver: chrome on windows (75df211007e189f5b215228a304f9c27)] -> xpath: (//div[@data-cy='title-recipe'])[8]]
20:18:01 [TestNG-test-Test-1] INFO  verifyingProcessorSpeedFilterFunctionality_Mobile_20-15-38 - [verifyingProcessorSpeedFilterFunctionality_Mobile_20-15-38] Successfully scrolled to element: By.xpath: (//div[@data-cy='title-recipe'])[8]
20:18:01 [TestNG-test-Test-1] INFO  verifyingProcessorSpeedFilterFunctionality_Mobile_20-15-38 - [verifyingProcessorSpeedFilterFunctionality_Mobile_20-15-38] Getting product by index in productNameListingPage loop
20:18:02 [TestNG-test-Test-1] INFO  verifyingProcessorSpeedFilterFunctionality_Mobile_20-15-38 - [verifyingProcessorSpeedFilterFunctionality_Mobile_20-15-38] Opened product in new tab via Ctrl+Click inside productNameListingPage loop
20:18:02 [TestNG-test-Test-1] INFO  verifyingProcessorSpeedFilterFunctionality_Mobile_20-15-38 - [verifyingProcessorSpeedFilterFunctionality_Mobile_20-15-38] Waiting for new window to open...
20:18:02 [TestNG-test-Test-1] INFO  verifyingProcessorSpeedFilterFunctionality_Mobile_20-15-38 - [verifyingProcessorSpeedFilterFunctionality_Mobile_20-15-38] Switched to new window -> 62CB48AB87B9DE96C4D682399E67F446
20:18:02 [TestNG-test-Test-1] INFO  verifyingProcessorSpeedFilterFunctionality_Mobile_20-15-38 - [verifyingProcessorSpeedFilterFunctionality_Mobile_20-15-38] Swithcing to the new window  within productNameListingPage loop
20:18:02 [TestNG-test-Test-1] INFO  verifyingProcessorSpeedFilterFunctionality_Mobile_20-15-38 - [verifyingProcessorSpeedFilterFunctionality_Mobile_20-15-38] Clicked product name to open in new tab from productNameListingPage loop
20:18:02 [TestNG-test-Test-1] INFO  verifyingProcessorSpeedFilterFunctionality_Mobile_20-15-38 - [verifyingProcessorSpeedFilterFunctionality_Mobile_20-15-38] Within safeFindElement method
20:18:06 [TestNG-test-Test-1] INFO  verifyingProcessorSpeedFilterFunctionality_Mobile_20-15-38 - [verifyingProcessorSpeedFilterFunctionality_Mobile_20-15-38]Found the element returning it ,element ->[[ChromeDriver: chrome on windows (75df211007e189f5b215228a304f9c27)] -> xpath: //span[@id='productTitle']]
20:18:06 [TestNG-test-Test-1] INFO  verifyingProcessorSpeedFilterFunctionality_Mobile_20-15-38 - [verifyingProcessorSpeedFilterFunctionality_Mobile_20-15-38] Within safeFindElement method
20:18:06 [TestNG-test-Test-1] INFO  verifyingProcessorSpeedFilterFunctionality_Mobile_20-15-38 - [verifyingProcessorSpeedFilterFunctionality_Mobile_20-15-38]Found the element returning it ,element ->[[ChromeDriver: chrome on windows (75df211007e189f5b215228a304f9c27)] -> xpath: //div[@class='a-section a-spacing-small a-spacing-top-small']]
20:18:06 [TestNG-test-Test-1] INFO  verifyingProcessorSpeedFilterFunctionality_Mobile_20-15-38 - [verifyingProcessorSpeedFilterFunctionality_Mobile_20-15-38] Within safeFindElement method
20:18:06 [TestNG-test-Test-1] INFO  verifyingProcessorSpeedFilterFunctionality_Mobile_20-15-38 - [verifyingProcessorSpeedFilterFunctionality_Mobile_20-15-38]Found the element returning it ,element ->[[ChromeDriver: chrome on windows (75df211007e189f5b215228a304f9c27)] -> xpath: //div[@id='feature-bullets']]
20:18:06 [TestNG-test-Test-1] INFO  verifyingProcessorSpeedFilterFunctionality_Mobile_20-15-38 - [verifyingProcessorSpeedFilterFunctionality_Mobile_20-15-38] Within safeFindElement method
20:18:06 [TestNG-test-Test-1] INFO  verifyingProcessorSpeedFilterFunctionality_Mobile_20-15-38 - [verifyingProcessorSpeedFilterFunctionality_Mobile_20-15-38]Found the element returning it ,element ->[[ChromeDriver: chrome on windows (75df211007e189f5b215228a304f9c27)] -> xpath: //div[@id='prodDetails']]
20:18:06 [TestNG-test-Test-1] INFO  verifyingProcessorSpeedFilterFunctionality_Mobile_20-15-38 - [verifyingProcessorSpeedFilterFunctionality_Mobile_20-15-38] Extracting 'name' , 'keyFeatures', 'about' , 'techDetails' within productNameListingPage loop
20:18:06 [TestNG-test-Test-1] INFO  verifyingProcessorSpeedFilterFunctionality_Mobile_20-15-38 - [verifyingProcessorSpeedFilterFunctionality_Mobile_20-15-38] Waiting until element is visible in viewport
20:18:17 [TestNG-test-Test-1] INFO  verifyingProcessorSpeedFilterFunctionality_Mobile_20-15-38 - [verifyingProcessorSpeedFilterFunctionality_Mobile_20-15-38] Within smoothScrollToElement method
20:18:17 [TestNG-test-Test-1] INFO  verifyingProcessorSpeedFilterFunctionality_Mobile_20-15-38 - [verifyingProcessorSpeedFilterFunctionality_Mobile_20-15-38] Within safeFindElement method
20:18:17 [TestNG-test-Test-1] INFO  verifyingProcessorSpeedFilterFunctionality_Mobile_20-15-38 - [verifyingProcessorSpeedFilterFunctionality_Mobile_20-15-38]Found the element returning it ,element ->[[ChromeDriver: chrome on windows (75df211007e189f5b215228a304f9c27)] -> xpath: //a[@id='seeMoreDetailsLink']]
20:18:17 [TestNG-test-Test-1] INFO  verifyingProcessorSpeedFilterFunctionality_Mobile_20-15-38 - [verifyingProcessorSpeedFilterFunctionality_Mobile_20-15-38] Successfully scrolled to element: By.xpath: //a[@id='seeMoreDetailsLink']
20:18:17 [TestNG-test-Test-1] INFO  verifyingProcessorSpeedFilterFunctionality_Mobile_20-15-38 - [verifyingProcessorSpeedFilterFunctionality_Mobile_20-15-38] Within safeClick method
20:18:17 [TestNG-test-Test-1] INFO  verifyingProcessorSpeedFilterFunctionality_Mobile_20-15-38 - [verifyingProcessorSpeedFilterFunctionality_Mobile_20-15-38] Clicked the  [[ChromeDriver: chrome on windows (75df211007e189f5b215228a304f9c27)] -> xpath: //a[@id='seeMoreDetailsLink']]   using safeClick
20:18:17 [TestNG-test-Test-1] INFO  verifyingProcessorSpeedFilterFunctionality_Mobile_20-15-38 - [verifyingProcessorSpeedFilterFunctionality_Mobile_20-15-38] Within try block for clicking see more deatils within productNameListingPage loop
20:18:17 [TestNG-test-Test-1] INFO  verifyingProcessorSpeedFilterFunctionality_Mobile_20-15-38 - [verifyingProcessorSpeedFilterFunctionality_Mobile_20-15-38] Within closeCurrentWindowAndSwitchBack method
20:18:17 [TestNG-test-Test-1] INFO  verifyingProcessorSpeedFilterFunctionality_Mobile_20-15-38 - [verifyingProcessorSpeedFilterFunctionality_Mobile_20-15-38] Total open windows/tabs count -> 2
20:18:17 [TestNG-test-Test-1] INFO  verifyingProcessorSpeedFilterFunctionality_Mobile_20-15-38 - [verifyingProcessorSpeedFilterFunctionality_Mobile_20-15-38] Original window handle -> CDCEAD40B14BD9DE795B8D6B5A8053F4
20:18:17 [TestNG-test-Test-1] INFO  verifyingProcessorSpeedFilterFunctionality_Mobile_20-15-38 - [verifyingProcessorSpeedFilterFunctionality_Mobile_20-15-38] Found new tab/window handle -> 62CB48AB87B9DE96C4D682399E67F446 (will be closed)
20:18:17 [TestNG-test-Test-1] INFO  verifyingProcessorSpeedFilterFunctionality_Mobile_20-15-38 - [verifyingProcessorSpeedFilterFunctionality_Mobile_20-15-38] Successfully switched to new tab/window -> 62CB48AB87B9DE96C4D682399E67F446
20:18:17 [TestNG-test-Test-1] INFO  verifyingProcessorSpeedFilterFunctionality_Mobile_20-15-38 - [verifyingProcessorSpeedFilterFunctionality_Mobile_20-15-38] Closed the newly opened tab/window -> 62CB48AB87B9DE96C4D682399E67F446
20:18:17 [TestNG-test-Test-1] INFO  verifyingProcessorSpeedFilterFunctionality_Mobile_20-15-38 - [verifyingProcessorSpeedFilterFunctionality_Mobile_20-15-38] Switched back to the original window -> CDCEAD40B14BD9DE795B8D6B5A8053F4
20:18:17 [TestNG-test-Test-1] INFO  verifyingProcessorSpeedFilterFunctionality_Mobile_20-15-38 - [verifyingProcessorSpeedFilterFunctionality_Mobile_20-15-38]  going back to product listing via closeCurrentWindowAndSwitchBack 
20:18:17 [TestNG-test-Test-1] INFO  verifyingProcessorSpeedFilterFunctionality_Mobile_20-15-38 - [verifyingProcessorSpeedFilterFunctionality_Mobile_20-15-38]  Added 'filter','title','keyFeatures', 'about', 'techDetails' into the Map -> productResult
20:18:17 [TestNG-test-Test-1] INFO  verifyingProcessorSpeedFilterFunctionality_Mobile_20-15-38 - [verifyingProcessorSpeedFilterFunctionality_Mobile_20-15-38]  Added 'productResult' Map into the 'results' i.e list of maps 
20:18:17 [TestNG-test-Test-1] INFO  verifyingProcessorSpeedFilterFunctionality_Mobile_20-15-38 - [verifyingProcessorSpeedFilterFunctionality_Mobile_20-15-38]==========================================================================================================
20:18:17 [TestNG-test-Test-1] INFO  verifyingProcessorSpeedFilterFunctionality_Mobile_20-15-38 - [verifyingProcessorSpeedFilterFunctionality_Mobile_20-15-38] Within safeFindElements 
20:18:17 [TestNG-test-Test-1] INFO  verifyingProcessorSpeedFilterFunctionality_Mobile_20-15-38 - [verifyingProcessorSpeedFilterFunctionality_Mobile_20-15-38] Returning the  [[[ChromeDriver: chrome on windows (75df211007e189f5b215228a304f9c27)] -> xpath: //div[@data-cy='title-recipe']], [[ChromeDriver: chrome on windows (75df211007e189f5b215228a304f9c27)] -> xpath: //div[@data-cy='title-recipe']], [[ChromeDriver: chrome on windows (75df211007e189f5b215228a304f9c27)] -> xpath: //div[@data-cy='title-recipe']], [[ChromeDriver: chrome on windows (75df211007e189f5b215228a304f9c27)] -> xpath: //div[@data-cy='title-recipe']], [[ChromeDriver: chrome on windows (75df211007e189f5b215228a304f9c27)] -> xpath: //div[@data-cy='title-recipe']], [[ChromeDriver: chrome on windows (75df211007e189f5b215228a304f9c27)] -> xpath: //div[@data-cy='title-recipe']], [[ChromeDriver: chrome on windows (75df211007e189f5b215228a304f9c27)] -> xpath: //div[@data-cy='title-recipe']], [[ChromeDriver: chrome on windows (75df211007e189f5b215228a304f9c27)] -> xpath: //div[@data-cy='title-recipe']], [[ChromeDriver: chrome on windows (75df211007e189f5b215228a304f9c27)] -> xpath: //div[@data-cy='title-recipe']], [[ChromeDriver: chrome on windows (75df211007e189f5b215228a304f9c27)] -> xpath: //div[@data-cy='title-recipe']], [[ChromeDriver: chrome on windows (75df211007e189f5b215228a304f9c27)] -> xpath: //div[@data-cy='title-recipe']], [[ChromeDriver: chrome on windows (75df211007e189f5b215228a304f9c27)] -> xpath: //div[@data-cy='title-recipe']], [[ChromeDriver: chrome on windows (75df211007e189f5b215228a304f9c27)] -> xpath: //div[@data-cy='title-recipe']], [[ChromeDriver: chrome on windows (75df211007e189f5b215228a304f9c27)] -> xpath: //div[@data-cy='title-recipe']], [[ChromeDriver: chrome on windows (75df211007e189f5b215228a304f9c27)] -> xpath: //div[@data-cy='title-recipe']], [[ChromeDriver: chrome on windows (75df211007e189f5b215228a304f9c27)] -> xpath: //div[@data-cy='title-recipe']]] from the safeFindElements method
20:18:17 [TestNG-test-Test-1] INFO  verifyingProcessorSpeedFilterFunctionality_Mobile_20-15-38 - [verifyingProcessorSpeedFilterFunctionality_Mobile_20-15-38] Within productNameListingPage loop in applyFilterAndValidateProductsWithResult
20:18:17 [TestNG-test-Test-1] INFO  verifyingProcessorSpeedFilterFunctionality_Mobile_20-15-38 - [verifyingProcessorSpeedFilterFunctionality_Mobile_20-15-38] Within getProductByIndex method
20:18:17 [TestNG-test-Test-1] INFO  verifyingProcessorSpeedFilterFunctionality_Mobile_20-15-38 - [verifyingProcessorSpeedFilterFunctionality_Mobile_20-15-38] Within safeFindElement method
20:18:18 [TestNG-test-Test-1] INFO  verifyingProcessorSpeedFilterFunctionality_Mobile_20-15-38 - [verifyingProcessorSpeedFilterFunctionality_Mobile_20-15-38]Found the element returning it ,element ->[[ChromeDriver: chrome on windows (75df211007e189f5b215228a304f9c27)] -> xpath: (//div[@data-cy='title-recipe'])[9]]
20:18:18 [TestNG-test-Test-1] INFO  verifyingProcessorSpeedFilterFunctionality_Mobile_20-15-38 - [verifyingProcessorSpeedFilterFunctionality_Mobile_20-15-38] Within getProductByIndex method
20:18:18 [TestNG-test-Test-1] INFO  verifyingProcessorSpeedFilterFunctionality_Mobile_20-15-38 - [verifyingProcessorSpeedFilterFunctionality_Mobile_20-15-38] Within smoothScrollToElement method
20:18:18 [TestNG-test-Test-1] INFO  verifyingProcessorSpeedFilterFunctionality_Mobile_20-15-38 - [verifyingProcessorSpeedFilterFunctionality_Mobile_20-15-38] Within safeFindElement method
20:18:18 [TestNG-test-Test-1] INFO  verifyingProcessorSpeedFilterFunctionality_Mobile_20-15-38 - [verifyingProcessorSpeedFilterFunctionality_Mobile_20-15-38]Found the element returning it ,element ->[[ChromeDriver: chrome on windows (75df211007e189f5b215228a304f9c27)] -> xpath: (//div[@data-cy='title-recipe'])[9]]
20:18:18 [TestNG-test-Test-1] INFO  verifyingProcessorSpeedFilterFunctionality_Mobile_20-15-38 - [verifyingProcessorSpeedFilterFunctionality_Mobile_20-15-38] Successfully scrolled to element: By.xpath: (//div[@data-cy='title-recipe'])[9]
20:18:18 [TestNG-test-Test-1] INFO  verifyingProcessorSpeedFilterFunctionality_Mobile_20-15-38 - [verifyingProcessorSpeedFilterFunctionality_Mobile_20-15-38] Getting product by index in productNameListingPage loop
20:18:18 [TestNG-test-Test-1] INFO  verifyingProcessorSpeedFilterFunctionality_Mobile_20-15-38 - [verifyingProcessorSpeedFilterFunctionality_Mobile_20-15-38] Opened product in new tab via Ctrl+Click inside productNameListingPage loop
20:18:18 [TestNG-test-Test-1] INFO  verifyingProcessorSpeedFilterFunctionality_Mobile_20-15-38 - [verifyingProcessorSpeedFilterFunctionality_Mobile_20-15-38] Waiting for new window to open...
20:18:18 [TestNG-test-Test-1] INFO  verifyingProcessorSpeedFilterFunctionality_Mobile_20-15-38 - [verifyingProcessorSpeedFilterFunctionality_Mobile_20-15-38] Switched to new window -> F83B48AF36EEEEB86ACD1846CAA89F4A
20:18:18 [TestNG-test-Test-1] INFO  verifyingProcessorSpeedFilterFunctionality_Mobile_20-15-38 - [verifyingProcessorSpeedFilterFunctionality_Mobile_20-15-38] Swithcing to the new window  within productNameListingPage loop
20:18:18 [TestNG-test-Test-1] INFO  verifyingProcessorSpeedFilterFunctionality_Mobile_20-15-38 - [verifyingProcessorSpeedFilterFunctionality_Mobile_20-15-38] Clicked product name to open in new tab from productNameListingPage loop
20:18:18 [TestNG-test-Test-1] INFO  verifyingProcessorSpeedFilterFunctionality_Mobile_20-15-38 - [verifyingProcessorSpeedFilterFunctionality_Mobile_20-15-38] Within safeFindElement method
20:18:21 [TestNG-test-Test-1] INFO  verifyingProcessorSpeedFilterFunctionality_Mobile_20-15-38 - [verifyingProcessorSpeedFilterFunctionality_Mobile_20-15-38]Found the element returning it ,element ->[[ChromeDriver: chrome on windows (75df211007e189f5b215228a304f9c27)] -> xpath: //span[@id='productTitle']]
20:18:21 [TestNG-test-Test-1] INFO  verifyingProcessorSpeedFilterFunctionality_Mobile_20-15-38 - [verifyingProcessorSpeedFilterFunctionality_Mobile_20-15-38] Within safeFindElement method
20:18:22 [TestNG-test-Test-1] INFO  verifyingProcessorSpeedFilterFunctionality_Mobile_20-15-38 - [verifyingProcessorSpeedFilterFunctionality_Mobile_20-15-38]Found the element returning it ,element ->[[ChromeDriver: chrome on windows (75df211007e189f5b215228a304f9c27)] -> xpath: //div[@class='a-section a-spacing-small a-spacing-top-small']]
20:18:22 [TestNG-test-Test-1] INFO  verifyingProcessorSpeedFilterFunctionality_Mobile_20-15-38 - [verifyingProcessorSpeedFilterFunctionality_Mobile_20-15-38] Within safeFindElement method
20:18:22 [TestNG-test-Test-1] INFO  verifyingProcessorSpeedFilterFunctionality_Mobile_20-15-38 - [verifyingProcessorSpeedFilterFunctionality_Mobile_20-15-38]Found the element returning it ,element ->[[ChromeDriver: chrome on windows (75df211007e189f5b215228a304f9c27)] -> xpath: //div[@id='feature-bullets']]
20:18:22 [TestNG-test-Test-1] INFO  verifyingProcessorSpeedFilterFunctionality_Mobile_20-15-38 - [verifyingProcessorSpeedFilterFunctionality_Mobile_20-15-38] Within safeFindElement method
20:18:22 [TestNG-test-Test-1] INFO  verifyingProcessorSpeedFilterFunctionality_Mobile_20-15-38 - [verifyingProcessorSpeedFilterFunctionality_Mobile_20-15-38]Found the element returning it ,element ->[[ChromeDriver: chrome on windows (75df211007e189f5b215228a304f9c27)] -> xpath: //div[@id='prodDetails']]
20:18:22 [TestNG-test-Test-1] INFO  verifyingProcessorSpeedFilterFunctionality_Mobile_20-15-38 - [verifyingProcessorSpeedFilterFunctionality_Mobile_20-15-38] Extracting 'name' , 'keyFeatures', 'about' , 'techDetails' within productNameListingPage loop
20:18:22 [TestNG-test-Test-1] INFO  verifyingProcessorSpeedFilterFunctionality_Mobile_20-15-38 - [verifyingProcessorSpeedFilterFunctionality_Mobile_20-15-38] Waiting until element is visible in viewport
20:18:32 [TestNG-test-Test-1] INFO  verifyingProcessorSpeedFilterFunctionality_Mobile_20-15-38 - [verifyingProcessorSpeedFilterFunctionality_Mobile_20-15-38] Within smoothScrollToElement method
20:18:32 [TestNG-test-Test-1] INFO  verifyingProcessorSpeedFilterFunctionality_Mobile_20-15-38 - [verifyingProcessorSpeedFilterFunctionality_Mobile_20-15-38] Within safeFindElement method
20:18:32 [TestNG-test-Test-1] INFO  verifyingProcessorSpeedFilterFunctionality_Mobile_20-15-38 - [verifyingProcessorSpeedFilterFunctionality_Mobile_20-15-38]Found the element returning it ,element ->[[ChromeDriver: chrome on windows (75df211007e189f5b215228a304f9c27)] -> xpath: //a[@id='seeMoreDetailsLink']]
20:18:32 [TestNG-test-Test-1] INFO  verifyingProcessorSpeedFilterFunctionality_Mobile_20-15-38 - [verifyingProcessorSpeedFilterFunctionality_Mobile_20-15-38] Successfully scrolled to element: By.xpath: //a[@id='seeMoreDetailsLink']
20:18:32 [TestNG-test-Test-1] INFO  verifyingProcessorSpeedFilterFunctionality_Mobile_20-15-38 - [verifyingProcessorSpeedFilterFunctionality_Mobile_20-15-38] Within safeClick method
20:18:33 [TestNG-test-Test-1] INFO  verifyingProcessorSpeedFilterFunctionality_Mobile_20-15-38 - [verifyingProcessorSpeedFilterFunctionality_Mobile_20-15-38] Clicked the  [[ChromeDriver: chrome on windows (75df211007e189f5b215228a304f9c27)] -> xpath: //a[@id='seeMoreDetailsLink']]   using safeClick
20:18:33 [TestNG-test-Test-1] INFO  verifyingProcessorSpeedFilterFunctionality_Mobile_20-15-38 - [verifyingProcessorSpeedFilterFunctionality_Mobile_20-15-38] Within try block for clicking see more deatils within productNameListingPage loop
20:18:33 [TestNG-test-Test-1] INFO  verifyingProcessorSpeedFilterFunctionality_Mobile_20-15-38 - [verifyingProcessorSpeedFilterFunctionality_Mobile_20-15-38] Within closeCurrentWindowAndSwitchBack method
20:18:33 [TestNG-test-Test-1] INFO  verifyingProcessorSpeedFilterFunctionality_Mobile_20-15-38 - [verifyingProcessorSpeedFilterFunctionality_Mobile_20-15-38] Total open windows/tabs count -> 2
20:18:33 [TestNG-test-Test-1] INFO  verifyingProcessorSpeedFilterFunctionality_Mobile_20-15-38 - [verifyingProcessorSpeedFilterFunctionality_Mobile_20-15-38] Original window handle -> CDCEAD40B14BD9DE795B8D6B5A8053F4
20:18:33 [TestNG-test-Test-1] INFO  verifyingProcessorSpeedFilterFunctionality_Mobile_20-15-38 - [verifyingProcessorSpeedFilterFunctionality_Mobile_20-15-38] Found new tab/window handle -> F83B48AF36EEEEB86ACD1846CAA89F4A (will be closed)
20:18:33 [TestNG-test-Test-1] INFO  verifyingProcessorSpeedFilterFunctionality_Mobile_20-15-38 - [verifyingProcessorSpeedFilterFunctionality_Mobile_20-15-38] Successfully switched to new tab/window -> F83B48AF36EEEEB86ACD1846CAA89F4A
20:18:33 [TestNG-test-Test-1] INFO  verifyingProcessorSpeedFilterFunctionality_Mobile_20-15-38 - [verifyingProcessorSpeedFilterFunctionality_Mobile_20-15-38] Closed the newly opened tab/window -> F83B48AF36EEEEB86ACD1846CAA89F4A
20:18:33 [TestNG-test-Test-1] INFO  verifyingProcessorSpeedFilterFunctionality_Mobile_20-15-38 - [verifyingProcessorSpeedFilterFunctionality_Mobile_20-15-38] Switched back to the original window -> CDCEAD40B14BD9DE795B8D6B5A8053F4
20:18:33 [TestNG-test-Test-1] INFO  verifyingProcessorSpeedFilterFunctionality_Mobile_20-15-38 - [verifyingProcessorSpeedFilterFunctionality_Mobile_20-15-38]  going back to product listing via closeCurrentWindowAndSwitchBack 
20:18:33 [TestNG-test-Test-1] INFO  verifyingProcessorSpeedFilterFunctionality_Mobile_20-15-38 - [verifyingProcessorSpeedFilterFunctionality_Mobile_20-15-38]  Added 'filter','title','keyFeatures', 'about', 'techDetails' into the Map -> productResult
20:18:33 [TestNG-test-Test-1] INFO  verifyingProcessorSpeedFilterFunctionality_Mobile_20-15-38 - [verifyingProcessorSpeedFilterFunctionality_Mobile_20-15-38]  Added 'productResult' Map into the 'results' i.e list of maps 
20:18:33 [TestNG-test-Test-1] INFO  verifyingProcessorSpeedFilterFunctionality_Mobile_20-15-38 - [verifyingProcessorSpeedFilterFunctionality_Mobile_20-15-38]==========================================================================================================
20:18:33 [TestNG-test-Test-1] INFO  verifyingProcessorSpeedFilterFunctionality_Mobile_20-15-38 - [verifyingProcessorSpeedFilterFunctionality_Mobile_20-15-38] Within safeFindElements 
20:18:33 [TestNG-test-Test-1] INFO  verifyingProcessorSpeedFilterFunctionality_Mobile_20-15-38 - [verifyingProcessorSpeedFilterFunctionality_Mobile_20-15-38] Returning the  [[[ChromeDriver: chrome on windows (75df211007e189f5b215228a304f9c27)] -> xpath: //div[@data-cy='title-recipe']], [[ChromeDriver: chrome on windows (75df211007e189f5b215228a304f9c27)] -> xpath: //div[@data-cy='title-recipe']], [[ChromeDriver: chrome on windows (75df211007e189f5b215228a304f9c27)] -> xpath: //div[@data-cy='title-recipe']], [[ChromeDriver: chrome on windows (75df211007e189f5b215228a304f9c27)] -> xpath: //div[@data-cy='title-recipe']], [[ChromeDriver: chrome on windows (75df211007e189f5b215228a304f9c27)] -> xpath: //div[@data-cy='title-recipe']], [[ChromeDriver: chrome on windows (75df211007e189f5b215228a304f9c27)] -> xpath: //div[@data-cy='title-recipe']], [[ChromeDriver: chrome on windows (75df211007e189f5b215228a304f9c27)] -> xpath: //div[@data-cy='title-recipe']], [[ChromeDriver: chrome on windows (75df211007e189f5b215228a304f9c27)] -> xpath: //div[@data-cy='title-recipe']], [[ChromeDriver: chrome on windows (75df211007e189f5b215228a304f9c27)] -> xpath: //div[@data-cy='title-recipe']], [[ChromeDriver: chrome on windows (75df211007e189f5b215228a304f9c27)] -> xpath: //div[@data-cy='title-recipe']], [[ChromeDriver: chrome on windows (75df211007e189f5b215228a304f9c27)] -> xpath: //div[@data-cy='title-recipe']], [[ChromeDriver: chrome on windows (75df211007e189f5b215228a304f9c27)] -> xpath: //div[@data-cy='title-recipe']], [[ChromeDriver: chrome on windows (75df211007e189f5b215228a304f9c27)] -> xpath: //div[@data-cy='title-recipe']], [[ChromeDriver: chrome on windows (75df211007e189f5b215228a304f9c27)] -> xpath: //div[@data-cy='title-recipe']], [[ChromeDriver: chrome on windows (75df211007e189f5b215228a304f9c27)] -> xpath: //div[@data-cy='title-recipe']], [[ChromeDriver: chrome on windows (75df211007e189f5b215228a304f9c27)] -> xpath: //div[@data-cy='title-recipe']]] from the safeFindElements method
20:18:33 [TestNG-test-Test-1] INFO  verifyingProcessorSpeedFilterFunctionality_Mobile_20-15-38 - [verifyingProcessorSpeedFilterFunctionality_Mobile_20-15-38] Within productNameListingPage loop in applyFilterAndValidateProductsWithResult
20:18:33 [TestNG-test-Test-1] INFO  verifyingProcessorSpeedFilterFunctionality_Mobile_20-15-38 - [verifyingProcessorSpeedFilterFunctionality_Mobile_20-15-38] Within getProductByIndex method
20:18:33 [TestNG-test-Test-1] INFO  verifyingProcessorSpeedFilterFunctionality_Mobile_20-15-38 - [verifyingProcessorSpeedFilterFunctionality_Mobile_20-15-38] Within safeFindElement method
20:18:33 [TestNG-test-Test-1] INFO  verifyingProcessorSpeedFilterFunctionality_Mobile_20-15-38 - [verifyingProcessorSpeedFilterFunctionality_Mobile_20-15-38]Found the element returning it ,element ->[[ChromeDriver: chrome on windows (75df211007e189f5b215228a304f9c27)] -> xpath: (//div[@data-cy='title-recipe'])[10]]
20:18:33 [TestNG-test-Test-1] INFO  verifyingProcessorSpeedFilterFunctionality_Mobile_20-15-38 - [verifyingProcessorSpeedFilterFunctionality_Mobile_20-15-38] Within getProductByIndex method
20:18:33 [TestNG-test-Test-1] INFO  verifyingProcessorSpeedFilterFunctionality_Mobile_20-15-38 - [verifyingProcessorSpeedFilterFunctionality_Mobile_20-15-38] Within smoothScrollToElement method
20:18:33 [TestNG-test-Test-1] INFO  verifyingProcessorSpeedFilterFunctionality_Mobile_20-15-38 - [verifyingProcessorSpeedFilterFunctionality_Mobile_20-15-38] Within safeFindElement method
20:18:33 [TestNG-test-Test-1] INFO  verifyingProcessorSpeedFilterFunctionality_Mobile_20-15-38 - [verifyingProcessorSpeedFilterFunctionality_Mobile_20-15-38]Found the element returning it ,element ->[[ChromeDriver: chrome on windows (75df211007e189f5b215228a304f9c27)] -> xpath: (//div[@data-cy='title-recipe'])[10]]
20:18:33 [TestNG-test-Test-1] INFO  verifyingProcessorSpeedFilterFunctionality_Mobile_20-15-38 - [verifyingProcessorSpeedFilterFunctionality_Mobile_20-15-38] Successfully scrolled to element: By.xpath: (//div[@data-cy='title-recipe'])[10]
20:18:33 [TestNG-test-Test-1] INFO  verifyingProcessorSpeedFilterFunctionality_Mobile_20-15-38 - [verifyingProcessorSpeedFilterFunctionality_Mobile_20-15-38] Getting product by index in productNameListingPage loop
20:18:33 [TestNG-test-Test-1] INFO  verifyingProcessorSpeedFilterFunctionality_Mobile_20-15-38 - [verifyingProcessorSpeedFilterFunctionality_Mobile_20-15-38] Opened product in new tab via Ctrl+Click inside productNameListingPage loop
20:18:33 [TestNG-test-Test-1] INFO  verifyingProcessorSpeedFilterFunctionality_Mobile_20-15-38 - [verifyingProcessorSpeedFilterFunctionality_Mobile_20-15-38] Waiting for new window to open...
20:18:33 [TestNG-test-Test-1] INFO  verifyingProcessorSpeedFilterFunctionality_Mobile_20-15-38 - [verifyingProcessorSpeedFilterFunctionality_Mobile_20-15-38] Switched to new window -> E877086ABC6D1BCD9E978590D66094EE
20:18:33 [TestNG-test-Test-1] INFO  verifyingProcessorSpeedFilterFunctionality_Mobile_20-15-38 - [verifyingProcessorSpeedFilterFunctionality_Mobile_20-15-38] Swithcing to the new window  within productNameListingPage loop
20:18:33 [TestNG-test-Test-1] INFO  verifyingProcessorSpeedFilterFunctionality_Mobile_20-15-38 - [verifyingProcessorSpeedFilterFunctionality_Mobile_20-15-38] Clicked product name to open in new tab from productNameListingPage loop
20:18:33 [TestNG-test-Test-1] INFO  verifyingProcessorSpeedFilterFunctionality_Mobile_20-15-38 - [verifyingProcessorSpeedFilterFunctionality_Mobile_20-15-38] Within safeFindElement method
20:18:37 [TestNG-test-Test-1] INFO  verifyingProcessorSpeedFilterFunctionality_Mobile_20-15-38 - [verifyingProcessorSpeedFilterFunctionality_Mobile_20-15-38]Found the element returning it ,element ->[[ChromeDriver: chrome on windows (75df211007e189f5b215228a304f9c27)] -> xpath: //span[@id='productTitle']]
20:18:37 [TestNG-test-Test-1] INFO  verifyingProcessorSpeedFilterFunctionality_Mobile_20-15-38 - [verifyingProcessorSpeedFilterFunctionality_Mobile_20-15-38] Within safeFindElement method
20:18:37 [TestNG-test-Test-1] INFO  verifyingProcessorSpeedFilterFunctionality_Mobile_20-15-38 - [verifyingProcessorSpeedFilterFunctionality_Mobile_20-15-38]Found the element returning it ,element ->[[ChromeDriver: chrome on windows (75df211007e189f5b215228a304f9c27)] -> xpath: //div[@class='a-section a-spacing-small a-spacing-top-small']]
20:18:37 [TestNG-test-Test-1] INFO  verifyingProcessorSpeedFilterFunctionality_Mobile_20-15-38 - [verifyingProcessorSpeedFilterFunctionality_Mobile_20-15-38] Within safeFindElement method
20:18:37 [TestNG-test-Test-1] INFO  verifyingProcessorSpeedFilterFunctionality_Mobile_20-15-38 - [verifyingProcessorSpeedFilterFunctionality_Mobile_20-15-38]Found the element returning it ,element ->[[ChromeDriver: chrome on windows (75df211007e189f5b215228a304f9c27)] -> xpath: //div[@id='feature-bullets']]
20:18:37 [TestNG-test-Test-1] INFO  verifyingProcessorSpeedFilterFunctionality_Mobile_20-15-38 - [verifyingProcessorSpeedFilterFunctionality_Mobile_20-15-38] Within safeFindElement method
20:18:37 [TestNG-test-Test-1] INFO  verifyingProcessorSpeedFilterFunctionality_Mobile_20-15-38 - [verifyingProcessorSpeedFilterFunctionality_Mobile_20-15-38]Found the element returning it ,element ->[[ChromeDriver: chrome on windows (75df211007e189f5b215228a304f9c27)] -> xpath: //div[@id='prodDetails']]
20:18:37 [TestNG-test-Test-1] INFO  verifyingProcessorSpeedFilterFunctionality_Mobile_20-15-38 - [verifyingProcessorSpeedFilterFunctionality_Mobile_20-15-38] Extracting 'name' , 'keyFeatures', 'about' , 'techDetails' within productNameListingPage loop
20:18:37 [TestNG-test-Test-1] INFO  verifyingProcessorSpeedFilterFunctionality_Mobile_20-15-38 - [verifyingProcessorSpeedFilterFunctionality_Mobile_20-15-38] Waiting until element is visible in viewport
20:18:49 [TestNG-test-Test-1] INFO  verifyingProcessorSpeedFilterFunctionality_Mobile_20-15-38 - [verifyingProcessorSpeedFilterFunctionality_Mobile_20-15-38] Within smoothScrollToElement method
20:18:49 [TestNG-test-Test-1] INFO  verifyingProcessorSpeedFilterFunctionality_Mobile_20-15-38 - [verifyingProcessorSpeedFilterFunctionality_Mobile_20-15-38] Within safeFindElement method
20:18:49 [TestNG-test-Test-1] INFO  verifyingProcessorSpeedFilterFunctionality_Mobile_20-15-38 - [verifyingProcessorSpeedFilterFunctionality_Mobile_20-15-38]Found the element returning it ,element ->[[ChromeDriver: chrome on windows (75df211007e189f5b215228a304f9c27)] -> xpath: //a[@id='seeMoreDetailsLink']]
20:18:49 [TestNG-test-Test-1] INFO  verifyingProcessorSpeedFilterFunctionality_Mobile_20-15-38 - [verifyingProcessorSpeedFilterFunctionality_Mobile_20-15-38] Successfully scrolled to element: By.xpath: //a[@id='seeMoreDetailsLink']
20:18:49 [TestNG-test-Test-1] INFO  verifyingProcessorSpeedFilterFunctionality_Mobile_20-15-38 - [verifyingProcessorSpeedFilterFunctionality_Mobile_20-15-38] Within safeClick method
20:18:52 [TestNG-test-Test-1] INFO  verifyingProcessorSpeedFilterFunctionality_Mobile_20-15-38 - [verifyingProcessorSpeedFilterFunctionality_Mobile_20-15-38] Clicked the  [[ChromeDriver: chrome on windows (75df211007e189f5b215228a304f9c27)] -> xpath: //a[@id='seeMoreDetailsLink']]   using safeClick
20:18:52 [TestNG-test-Test-1] INFO  verifyingProcessorSpeedFilterFunctionality_Mobile_20-15-38 - [verifyingProcessorSpeedFilterFunctionality_Mobile_20-15-38] Within try block for clicking see more deatils within productNameListingPage loop
20:18:52 [TestNG-test-Test-1] INFO  verifyingProcessorSpeedFilterFunctionality_Mobile_20-15-38 - [verifyingProcessorSpeedFilterFunctionality_Mobile_20-15-38] Within closeCurrentWindowAndSwitchBack method
20:18:52 [TestNG-test-Test-1] INFO  verifyingProcessorSpeedFilterFunctionality_Mobile_20-15-38 - [verifyingProcessorSpeedFilterFunctionality_Mobile_20-15-38] Total open windows/tabs count -> 2
20:18:52 [TestNG-test-Test-1] INFO  verifyingProcessorSpeedFilterFunctionality_Mobile_20-15-38 - [verifyingProcessorSpeedFilterFunctionality_Mobile_20-15-38] Original window handle -> CDCEAD40B14BD9DE795B8D6B5A8053F4
20:18:52 [TestNG-test-Test-1] INFO  verifyingProcessorSpeedFilterFunctionality_Mobile_20-15-38 - [verifyingProcessorSpeedFilterFunctionality_Mobile_20-15-38] Found new tab/window handle -> E877086ABC6D1BCD9E978590D66094EE (will be closed)
20:18:52 [TestNG-test-Test-1] INFO  verifyingProcessorSpeedFilterFunctionality_Mobile_20-15-38 - [verifyingProcessorSpeedFilterFunctionality_Mobile_20-15-38] Successfully switched to new tab/window -> E877086ABC6D1BCD9E978590D66094EE
20:18:52 [TestNG-test-Test-1] INFO  verifyingProcessorSpeedFilterFunctionality_Mobile_20-15-38 - [verifyingProcessorSpeedFilterFunctionality_Mobile_20-15-38] Closed the newly opened tab/window -> E877086ABC6D1BCD9E978590D66094EE
20:18:52 [TestNG-test-Test-1] INFO  verifyingProcessorSpeedFilterFunctionality_Mobile_20-15-38 - [verifyingProcessorSpeedFilterFunctionality_Mobile_20-15-38] Switched back to the original window -> CDCEAD40B14BD9DE795B8D6B5A8053F4
20:18:52 [TestNG-test-Test-1] INFO  verifyingProcessorSpeedFilterFunctionality_Mobile_20-15-38 - [verifyingProcessorSpeedFilterFunctionality_Mobile_20-15-38]  going back to product listing via closeCurrentWindowAndSwitchBack 
20:18:52 [TestNG-test-Test-1] INFO  verifyingProcessorSpeedFilterFunctionality_Mobile_20-15-38 - [verifyingProcessorSpeedFilterFunctionality_Mobile_20-15-38]  Added 'filter','title','keyFeatures', 'about', 'techDetails' into the Map -> productResult
20:18:52 [TestNG-test-Test-1] INFO  verifyingProcessorSpeedFilterFunctionality_Mobile_20-15-38 - [verifyingProcessorSpeedFilterFunctionality_Mobile_20-15-38]  Added 'productResult' Map into the 'results' i.e list of maps 
20:18:52 [TestNG-test-Test-1] INFO  verifyingProcessorSpeedFilterFunctionality_Mobile_20-15-38 - [verifyingProcessorSpeedFilterFunctionality_Mobile_20-15-38]==========================================================================================================
20:18:52 [TestNG-test-Test-1] INFO  verifyingProcessorSpeedFilterFunctionality_Mobile_20-15-38 - [verifyingProcessorSpeedFilterFunctionality_Mobile_20-15-38] Within safeFindElements 
20:18:52 [TestNG-test-Test-1] INFO  verifyingProcessorSpeedFilterFunctionality_Mobile_20-15-38 - [verifyingProcessorSpeedFilterFunctionality_Mobile_20-15-38] Returning the  [[[ChromeDriver: chrome on windows (75df211007e189f5b215228a304f9c27)] -> xpath: //div[@data-cy='title-recipe']], [[ChromeDriver: chrome on windows (75df211007e189f5b215228a304f9c27)] -> xpath: //div[@data-cy='title-recipe']], [[ChromeDriver: chrome on windows (75df211007e189f5b215228a304f9c27)] -> xpath: //div[@data-cy='title-recipe']], [[ChromeDriver: chrome on windows (75df211007e189f5b215228a304f9c27)] -> xpath: //div[@data-cy='title-recipe']], [[ChromeDriver: chrome on windows (75df211007e189f5b215228a304f9c27)] -> xpath: //div[@data-cy='title-recipe']], [[ChromeDriver: chrome on windows (75df211007e189f5b215228a304f9c27)] -> xpath: //div[@data-cy='title-recipe']], [[ChromeDriver: chrome on windows (75df211007e189f5b215228a304f9c27)] -> xpath: //div[@data-cy='title-recipe']], [[ChromeDriver: chrome on windows (75df211007e189f5b215228a304f9c27)] -> xpath: //div[@data-cy='title-recipe']], [[ChromeDriver: chrome on windows (75df211007e189f5b215228a304f9c27)] -> xpath: //div[@data-cy='title-recipe']], [[ChromeDriver: chrome on windows (75df211007e189f5b215228a304f9c27)] -> xpath: //div[@data-cy='title-recipe']], [[ChromeDriver: chrome on windows (75df211007e189f5b215228a304f9c27)] -> xpath: //div[@data-cy='title-recipe']], [[ChromeDriver: chrome on windows (75df211007e189f5b215228a304f9c27)] -> xpath: //div[@data-cy='title-recipe']], [[ChromeDriver: chrome on windows (75df211007e189f5b215228a304f9c27)] -> xpath: //div[@data-cy='title-recipe']], [[ChromeDriver: chrome on windows (75df211007e189f5b215228a304f9c27)] -> xpath: //div[@data-cy='title-recipe']], [[ChromeDriver: chrome on windows (75df211007e189f5b215228a304f9c27)] -> xpath: //div[@data-cy='title-recipe']], [[ChromeDriver: chrome on windows (75df211007e189f5b215228a304f9c27)] -> xpath: //div[@data-cy='title-recipe']]] from the safeFindElements method
20:18:52 [TestNG-test-Test-1] INFO  verifyingProcessorSpeedFilterFunctionality_Mobile_20-15-38 - [verifyingProcessorSpeedFilterFunctionality_Mobile_20-15-38] Within productNameListingPage loop in applyFilterAndValidateProductsWithResult
20:18:52 [TestNG-test-Test-1] INFO  verifyingProcessorSpeedFilterFunctionality_Mobile_20-15-38 - [verifyingProcessorSpeedFilterFunctionality_Mobile_20-15-38] Within getProductByIndex method
20:18:52 [TestNG-test-Test-1] INFO  verifyingProcessorSpeedFilterFunctionality_Mobile_20-15-38 - [verifyingProcessorSpeedFilterFunctionality_Mobile_20-15-38] Within safeFindElement method
20:18:53 [TestNG-test-Test-1] INFO  verifyingProcessorSpeedFilterFunctionality_Mobile_20-15-38 - [verifyingProcessorSpeedFilterFunctionality_Mobile_20-15-38]Found the element returning it ,element ->[[ChromeDriver: chrome on windows (75df211007e189f5b215228a304f9c27)] -> xpath: (//div[@data-cy='title-recipe'])[11]]
20:18:53 [TestNG-test-Test-1] INFO  verifyingProcessorSpeedFilterFunctionality_Mobile_20-15-38 - [verifyingProcessorSpeedFilterFunctionality_Mobile_20-15-38] Within getProductByIndex method
20:18:53 [TestNG-test-Test-1] INFO  verifyingProcessorSpeedFilterFunctionality_Mobile_20-15-38 - [verifyingProcessorSpeedFilterFunctionality_Mobile_20-15-38] Within smoothScrollToElement method
20:18:53 [TestNG-test-Test-1] INFO  verifyingProcessorSpeedFilterFunctionality_Mobile_20-15-38 - [verifyingProcessorSpeedFilterFunctionality_Mobile_20-15-38] Within safeFindElement method
20:18:53 [TestNG-test-Test-1] INFO  verifyingProcessorSpeedFilterFunctionality_Mobile_20-15-38 - [verifyingProcessorSpeedFilterFunctionality_Mobile_20-15-38]Found the element returning it ,element ->[[ChromeDriver: chrome on windows (75df211007e189f5b215228a304f9c27)] -> xpath: (//div[@data-cy='title-recipe'])[11]]
20:18:54 [TestNG-test-Test-1] INFO  verifyingProcessorSpeedFilterFunctionality_Mobile_20-15-38 - [verifyingProcessorSpeedFilterFunctionality_Mobile_20-15-38] Successfully scrolled to element: By.xpath: (//div[@data-cy='title-recipe'])[11]
20:18:54 [TestNG-test-Test-1] INFO  verifyingProcessorSpeedFilterFunctionality_Mobile_20-15-38 - [verifyingProcessorSpeedFilterFunctionality_Mobile_20-15-38] Getting product by index in productNameListingPage loop
20:18:55 [TestNG-test-Test-1] INFO  verifyingProcessorSpeedFilterFunctionality_Mobile_20-15-38 - [verifyingProcessorSpeedFilterFunctionality_Mobile_20-15-38] Opened product in new tab via Ctrl+Click inside productNameListingPage loop
20:18:55 [TestNG-test-Test-1] INFO  verifyingProcessorSpeedFilterFunctionality_Mobile_20-15-38 - [verifyingProcessorSpeedFilterFunctionality_Mobile_20-15-38] Waiting for new window to open...
20:18:55 [TestNG-test-Test-1] INFO  verifyingProcessorSpeedFilterFunctionality_Mobile_20-15-38 - [verifyingProcessorSpeedFilterFunctionality_Mobile_20-15-38] Switched to new window -> 83DB331E05F0A10377B90CEA17B1A87A
20:18:55 [TestNG-test-Test-1] INFO  verifyingProcessorSpeedFilterFunctionality_Mobile_20-15-38 - [verifyingProcessorSpeedFilterFunctionality_Mobile_20-15-38] Swithcing to the new window  within productNameListingPage loop
20:18:55 [TestNG-test-Test-1] INFO  verifyingProcessorSpeedFilterFunctionality_Mobile_20-15-38 - [verifyingProcessorSpeedFilterFunctionality_Mobile_20-15-38] Clicked product name to open in new tab from productNameListingPage loop
20:18:55 [TestNG-test-Test-1] INFO  verifyingProcessorSpeedFilterFunctionality_Mobile_20-15-38 - [verifyingProcessorSpeedFilterFunctionality_Mobile_20-15-38] Within safeFindElement method
20:19:02 [TestNG-test-Test-1] INFO  verifyingProcessorSpeedFilterFunctionality_Mobile_20-15-38 - [verifyingProcessorSpeedFilterFunctionality_Mobile_20-15-38]Found the element returning it ,element ->[[ChromeDriver: chrome on windows (75df211007e189f5b215228a304f9c27)] -> xpath: //span[@id='productTitle']]
20:19:02 [TestNG-test-Test-1] INFO  verifyingProcessorSpeedFilterFunctionality_Mobile_20-15-38 - [verifyingProcessorSpeedFilterFunctionality_Mobile_20-15-38] Within safeFindElement method
20:19:02 [TestNG-test-Test-1] INFO  verifyingProcessorSpeedFilterFunctionality_Mobile_20-15-38 - [verifyingProcessorSpeedFilterFunctionality_Mobile_20-15-38]Found the element returning it ,element ->[[ChromeDriver: chrome on windows (75df211007e189f5b215228a304f9c27)] -> xpath: //div[@class='a-section a-spacing-small a-spacing-top-small']]
20:19:02 [TestNG-test-Test-1] INFO  verifyingProcessorSpeedFilterFunctionality_Mobile_20-15-38 - [verifyingProcessorSpeedFilterFunctionality_Mobile_20-15-38] Within safeFindElement method
20:19:02 [TestNG-test-Test-1] INFO  verifyingProcessorSpeedFilterFunctionality_Mobile_20-15-38 - [verifyingProcessorSpeedFilterFunctionality_Mobile_20-15-38]Found the element returning it ,element ->[[ChromeDriver: chrome on windows (75df211007e189f5b215228a304f9c27)] -> xpath: //div[@id='feature-bullets']]
20:19:02 [TestNG-test-Test-1] INFO  verifyingProcessorSpeedFilterFunctionality_Mobile_20-15-38 - [verifyingProcessorSpeedFilterFunctionality_Mobile_20-15-38] Within safeFindElement method
20:19:02 [TestNG-test-Test-1] INFO  verifyingProcessorSpeedFilterFunctionality_Mobile_20-15-38 - [verifyingProcessorSpeedFilterFunctionality_Mobile_20-15-38]Found the element returning it ,element ->[[ChromeDriver: chrome on windows (75df211007e189f5b215228a304f9c27)] -> xpath: //div[@id='prodDetails']]
20:19:02 [TestNG-test-Test-1] INFO  verifyingProcessorSpeedFilterFunctionality_Mobile_20-15-38 - [verifyingProcessorSpeedFilterFunctionality_Mobile_20-15-38] Extracting 'name' , 'keyFeatures', 'about' , 'techDetails' within productNameListingPage loop
20:19:02 [TestNG-test-Test-1] INFO  verifyingProcessorSpeedFilterFunctionality_Mobile_20-15-38 - [verifyingProcessorSpeedFilterFunctionality_Mobile_20-15-38] Waiting until element is visible in viewport
20:19:02 [TestNG-test-Test-1] INFO  verifyingProcessorSpeedFilterFunctionality_Mobile_20-15-38 - [verifyingProcessorSpeedFilterFunctionality_Mobile_20-15-38] Within smoothScrollToElement method
20:19:02 [TestNG-test-Test-1] INFO  verifyingProcessorSpeedFilterFunctionality_Mobile_20-15-38 - [verifyingProcessorSpeedFilterFunctionality_Mobile_20-15-38] Within safeFindElement method
20:19:08 [TestNG-test-Test-1] INFO  verifyingProcessorSpeedFilterFunctionality_Mobile_20-15-38 - [verifyingProcessorSpeedFilterFunctionality_Mobile_20-15-38]Retrying findElement for: ->By.xpath: //a[@id='seeMoreDetailsLink']
20:19:10 [TestNG-test-Test-1] INFO  verifyingProcessorSpeedFilterFunctionality_Mobile_20-15-38 - [verifyingProcessorSpeedFilterFunctionality_Mobile_20-15-38]Refrehsing the page , while trying to safely find : ->By.xpath: //a[@id='seeMoreDetailsLink']
20:19:15 [TestNG-test-Test-1] INFO  verifyingProcessorSpeedFilterFunctionality_Mobile_20-15-38 - [verifyingProcessorSpeedFilterFunctionality_Mobile_20-15-38]Retrying findElement for: ->By.xpath: //a[@id='seeMoreDetailsLink']
20:19:18 [TestNG-test-Test-1] INFO  verifyingProcessorSpeedFilterFunctionality_Mobile_20-15-38 - [verifyingProcessorSpeedFilterFunctionality_Mobile_20-15-38]Refrehsing the page , while trying to safely find : ->By.xpath: //a[@id='seeMoreDetailsLink']
20:19:18 [TestNG-test-Test-1] INFO  verifyingProcessorSpeedFilterFunctionality_Mobile_20-15-38 - [verifyingProcessorSpeedFilterFunctionality_Mobile_20-15-38] Skipping action: Element not found after 2   attemps
20:19:18 [TestNG-test-Test-1] WARN  verifyingProcessorSpeedFilterFunctionality_Mobile_20-15-38 - [verifyingProcessorSpeedFilterFunctionality_Mobile_20-15-38] Element not found for locator: By.xpath: //a[@id='seeMoreDetailsLink']
20:19:18 [TestNG-test-Test-1] INFO  verifyingProcessorSpeedFilterFunctionality_Mobile_20-15-38 - [verifyingProcessorSpeedFilterFunctionality_Mobile_20-15-38] Within safeClick method
20:19:23 [TestNG-test-Test-1] INFO  verifyingProcessorSpeedFilterFunctionality_Mobile_20-15-38 - [verifyingProcessorSpeedFilterFunctionality_Mobile_20-15-38] Cannot click the butto using safeClick, trying again
20:19:31 [TestNG-test-Test-1] INFO  verifyingProcessorSpeedFilterFunctionality_Mobile_20-15-38 - [verifyingProcessorSpeedFilterFunctionality_Mobile_20-15-38] Cannot click the butto using safeClick, trying again
20:19:35 [TestNG-test-Test-1] INFO  verifyingProcessorSpeedFilterFunctionality_Mobile_20-15-38 - [verifyingProcessorSpeedFilterFunctionality_Mobile_20-15-38] Skipping click action: Element not clickable after- 2
20:19:35 [TestNG-test-Test-1] INFO  verifyingProcessorSpeedFilterFunctionality_Mobile_20-15-38 - [verifyingProcessorSpeedFilterFunctionality_Mobile_20-15-38] Within try block for clicking see more deatils within productNameListingPage loop
20:19:35 [TestNG-test-Test-1] INFO  verifyingProcessorSpeedFilterFunctionality_Mobile_20-15-38 - [verifyingProcessorSpeedFilterFunctionality_Mobile_20-15-38] Within closeCurrentWindowAndSwitchBack method
20:19:35 [TestNG-test-Test-1] INFO  verifyingProcessorSpeedFilterFunctionality_Mobile_20-15-38 - [verifyingProcessorSpeedFilterFunctionality_Mobile_20-15-38] Total open windows/tabs count -> 2
20:19:35 [TestNG-test-Test-1] INFO  verifyingProcessorSpeedFilterFunctionality_Mobile_20-15-38 - [verifyingProcessorSpeedFilterFunctionality_Mobile_20-15-38] Original window handle -> CDCEAD40B14BD9DE795B8D6B5A8053F4
20:19:35 [TestNG-test-Test-1] INFO  verifyingProcessorSpeedFilterFunctionality_Mobile_20-15-38 - [verifyingProcessorSpeedFilterFunctionality_Mobile_20-15-38] Found new tab/window handle -> 83DB331E05F0A10377B90CEA17B1A87A (will be closed)
20:19:35 [TestNG-test-Test-1] INFO  verifyingProcessorSpeedFilterFunctionality_Mobile_20-15-38 - [verifyingProcessorSpeedFilterFunctionality_Mobile_20-15-38] Successfully switched to new tab/window -> 83DB331E05F0A10377B90CEA17B1A87A
20:19:35 [TestNG-test-Test-1] INFO  verifyingProcessorSpeedFilterFunctionality_Mobile_20-15-38 - [verifyingProcessorSpeedFilterFunctionality_Mobile_20-15-38] Closed the newly opened tab/window -> 83DB331E05F0A10377B90CEA17B1A87A
20:19:35 [TestNG-test-Test-1] INFO  verifyingProcessorSpeedFilterFunctionality_Mobile_20-15-38 - [verifyingProcessorSpeedFilterFunctionality_Mobile_20-15-38] Switched back to the original window -> CDCEAD40B14BD9DE795B8D6B5A8053F4
20:19:35 [TestNG-test-Test-1] INFO  verifyingProcessorSpeedFilterFunctionality_Mobile_20-15-38 - [verifyingProcessorSpeedFilterFunctionality_Mobile_20-15-38]  going back to product listing via closeCurrentWindowAndSwitchBack 
20:19:35 [TestNG-test-Test-1] INFO  verifyingProcessorSpeedFilterFunctionality_Mobile_20-15-38 - [verifyingProcessorSpeedFilterFunctionality_Mobile_20-15-38]  Added 'filter','title','keyFeatures', 'about', 'techDetails' into the Map -> productResult
20:19:35 [TestNG-test-Test-1] INFO  verifyingProcessorSpeedFilterFunctionality_Mobile_20-15-38 - [verifyingProcessorSpeedFilterFunctionality_Mobile_20-15-38]  Added 'productResult' Map into the 'results' i.e list of maps 
20:19:35 [TestNG-test-Test-1] INFO  verifyingProcessorSpeedFilterFunctionality_Mobile_20-15-38 - [verifyingProcessorSpeedFilterFunctionality_Mobile_20-15-38]==========================================================================================================
20:19:35 [TestNG-test-Test-1] INFO  verifyingProcessorSpeedFilterFunctionality_Mobile_20-15-38 - [verifyingProcessorSpeedFilterFunctionality_Mobile_20-15-38] Within safeFindElements 
20:19:35 [TestNG-test-Test-1] INFO  verifyingProcessorSpeedFilterFunctionality_Mobile_20-15-38 - [verifyingProcessorSpeedFilterFunctionality_Mobile_20-15-38] Returning the  [[[ChromeDriver: chrome on windows (75df211007e189f5b215228a304f9c27)] -> xpath: //div[@data-cy='title-recipe']], [[ChromeDriver: chrome on windows (75df211007e189f5b215228a304f9c27)] -> xpath: //div[@data-cy='title-recipe']], [[ChromeDriver: chrome on windows (75df211007e189f5b215228a304f9c27)] -> xpath: //div[@data-cy='title-recipe']], [[ChromeDriver: chrome on windows (75df211007e189f5b215228a304f9c27)] -> xpath: //div[@data-cy='title-recipe']], [[ChromeDriver: chrome on windows (75df211007e189f5b215228a304f9c27)] -> xpath: //div[@data-cy='title-recipe']], [[ChromeDriver: chrome on windows (75df211007e189f5b215228a304f9c27)] -> xpath: //div[@data-cy='title-recipe']], [[ChromeDriver: chrome on windows (75df211007e189f5b215228a304f9c27)] -> xpath: //div[@data-cy='title-recipe']], [[ChromeDriver: chrome on windows (75df211007e189f5b215228a304f9c27)] -> xpath: //div[@data-cy='title-recipe']], [[ChromeDriver: chrome on windows (75df211007e189f5b215228a304f9c27)] -> xpath: //div[@data-cy='title-recipe']], [[ChromeDriver: chrome on windows (75df211007e189f5b215228a304f9c27)] -> xpath: //div[@data-cy='title-recipe']], [[ChromeDriver: chrome on windows (75df211007e189f5b215228a304f9c27)] -> xpath: //div[@data-cy='title-recipe']], [[ChromeDriver: chrome on windows (75df211007e189f5b215228a304f9c27)] -> xpath: //div[@data-cy='title-recipe']], [[ChromeDriver: chrome on windows (75df211007e189f5b215228a304f9c27)] -> xpath: //div[@data-cy='title-recipe']], [[ChromeDriver: chrome on windows (75df211007e189f5b215228a304f9c27)] -> xpath: //div[@data-cy='title-recipe']], [[ChromeDriver: chrome on windows (75df211007e189f5b215228a304f9c27)] -> xpath: //div[@data-cy='title-recipe']], [[ChromeDriver: chrome on windows (75df211007e189f5b215228a304f9c27)] -> xpath: //div[@data-cy='title-recipe']]] from the safeFindElements method
20:19:35 [TestNG-test-Test-1] INFO  verifyingProcessorSpeedFilterFunctionality_Mobile_20-15-38 - [verifyingProcessorSpeedFilterFunctionality_Mobile_20-15-38] Within productNameListingPage loop in applyFilterAndValidateProductsWithResult
20:19:35 [TestNG-test-Test-1] INFO  verifyingProcessorSpeedFilterFunctionality_Mobile_20-15-38 - [verifyingProcessorSpeedFilterFunctionality_Mobile_20-15-38] Within getProductByIndex method
20:19:35 [TestNG-test-Test-1] INFO  verifyingProcessorSpeedFilterFunctionality_Mobile_20-15-38 - [verifyingProcessorSpeedFilterFunctionality_Mobile_20-15-38] Within safeFindElement method
20:19:35 [TestNG-test-Test-1] INFO  verifyingProcessorSpeedFilterFunctionality_Mobile_20-15-38 - [verifyingProcessorSpeedFilterFunctionality_Mobile_20-15-38]Found the element returning it ,element ->[[ChromeDriver: chrome on windows (75df211007e189f5b215228a304f9c27)] -> xpath: (//div[@data-cy='title-recipe'])[12]]
20:19:35 [TestNG-test-Test-1] INFO  verifyingProcessorSpeedFilterFunctionality_Mobile_20-15-38 - [verifyingProcessorSpeedFilterFunctionality_Mobile_20-15-38] Within getProductByIndex method
20:19:35 [TestNG-test-Test-1] INFO  verifyingProcessorSpeedFilterFunctionality_Mobile_20-15-38 - [verifyingProcessorSpeedFilterFunctionality_Mobile_20-15-38] Within smoothScrollToElement method
20:19:35 [TestNG-test-Test-1] INFO  verifyingProcessorSpeedFilterFunctionality_Mobile_20-15-38 - [verifyingProcessorSpeedFilterFunctionality_Mobile_20-15-38] Within safeFindElement method
20:19:35 [TestNG-test-Test-1] INFO  verifyingProcessorSpeedFilterFunctionality_Mobile_20-15-38 - [verifyingProcessorSpeedFilterFunctionality_Mobile_20-15-38]Found the element returning it ,element ->[[ChromeDriver: chrome on windows (75df211007e189f5b215228a304f9c27)] -> xpath: (//div[@data-cy='title-recipe'])[12]]
20:19:35 [TestNG-test-Test-1] INFO  verifyingProcessorSpeedFilterFunctionality_Mobile_20-15-38 - [verifyingProcessorSpeedFilterFunctionality_Mobile_20-15-38] Successfully scrolled to element: By.xpath: (//div[@data-cy='title-recipe'])[12]
20:19:35 [TestNG-test-Test-1] INFO  verifyingProcessorSpeedFilterFunctionality_Mobile_20-15-38 - [verifyingProcessorSpeedFilterFunctionality_Mobile_20-15-38] Getting product by index in productNameListingPage loop
20:19:36 [TestNG-test-Test-1] INFO  verifyingProcessorSpeedFilterFunctionality_Mobile_20-15-38 - [verifyingProcessorSpeedFilterFunctionality_Mobile_20-15-38] Opened product in new tab via Ctrl+Click inside productNameListingPage loop
20:19:36 [TestNG-test-Test-1] INFO  verifyingProcessorSpeedFilterFunctionality_Mobile_20-15-38 - [verifyingProcessorSpeedFilterFunctionality_Mobile_20-15-38] Waiting for new window to open...
20:19:36 [TestNG-test-Test-1] INFO  verifyingProcessorSpeedFilterFunctionality_Mobile_20-15-38 - [verifyingProcessorSpeedFilterFunctionality_Mobile_20-15-38] Switched to new window -> 1555534141C0DCD6CF4D84087BA69BC5
20:19:36 [TestNG-test-Test-1] INFO  verifyingProcessorSpeedFilterFunctionality_Mobile_20-15-38 - [verifyingProcessorSpeedFilterFunctionality_Mobile_20-15-38] Swithcing to the new window  within productNameListingPage loop
20:19:36 [TestNG-test-Test-1] INFO  verifyingProcessorSpeedFilterFunctionality_Mobile_20-15-38 - [verifyingProcessorSpeedFilterFunctionality_Mobile_20-15-38] Clicked product name to open in new tab from productNameListingPage loop
20:19:36 [TestNG-test-Test-1] INFO  verifyingProcessorSpeedFilterFunctionality_Mobile_20-15-38 - [verifyingProcessorSpeedFilterFunctionality_Mobile_20-15-38] Within safeFindElement method
20:19:39 [TestNG-test-Test-1] INFO  verifyingProcessorSpeedFilterFunctionality_Mobile_20-15-38 - [verifyingProcessorSpeedFilterFunctionality_Mobile_20-15-38]Found the element returning it ,element ->[[ChromeDriver: chrome on windows (75df211007e189f5b215228a304f9c27)] -> xpath: //span[@id='productTitle']]
20:19:39 [TestNG-test-Test-1] INFO  verifyingProcessorSpeedFilterFunctionality_Mobile_20-15-38 - [verifyingProcessorSpeedFilterFunctionality_Mobile_20-15-38] Within safeFindElement method
20:19:39 [TestNG-test-Test-1] INFO  verifyingProcessorSpeedFilterFunctionality_Mobile_20-15-38 - [verifyingProcessorSpeedFilterFunctionality_Mobile_20-15-38]Found the element returning it ,element ->[[ChromeDriver: chrome on windows (75df211007e189f5b215228a304f9c27)] -> xpath: //div[@class='a-section a-spacing-small a-spacing-top-small']]
20:19:39 [TestNG-test-Test-1] INFO  verifyingProcessorSpeedFilterFunctionality_Mobile_20-15-38 - [verifyingProcessorSpeedFilterFunctionality_Mobile_20-15-38] Within safeFindElement method
20:19:39 [TestNG-test-Test-1] INFO  verifyingProcessorSpeedFilterFunctionality_Mobile_20-15-38 - [verifyingProcessorSpeedFilterFunctionality_Mobile_20-15-38]Found the element returning it ,element ->[[ChromeDriver: chrome on windows (75df211007e189f5b215228a304f9c27)] -> xpath: //div[@id='feature-bullets']]
20:19:39 [TestNG-test-Test-1] INFO  verifyingProcessorSpeedFilterFunctionality_Mobile_20-15-38 - [verifyingProcessorSpeedFilterFunctionality_Mobile_20-15-38] Within safeFindElement method
20:19:39 [TestNG-test-Test-1] INFO  verifyingProcessorSpeedFilterFunctionality_Mobile_20-15-38 - [verifyingProcessorSpeedFilterFunctionality_Mobile_20-15-38]Found the element returning it ,element ->[[ChromeDriver: chrome on windows (75df211007e189f5b215228a304f9c27)] -> xpath: //div[@id='prodDetails']]
20:19:39 [TestNG-test-Test-1] INFO  verifyingProcessorSpeedFilterFunctionality_Mobile_20-15-38 - [verifyingProcessorSpeedFilterFunctionality_Mobile_20-15-38] Extracting 'name' , 'keyFeatures', 'about' , 'techDetails' within productNameListingPage loop
20:19:39 [TestNG-test-Test-1] INFO  verifyingProcessorSpeedFilterFunctionality_Mobile_20-15-38 - [verifyingProcessorSpeedFilterFunctionality_Mobile_20-15-38] Waiting until element is visible in viewport
20:19:50 [TestNG-test-Test-1] INFO  verifyingProcessorSpeedFilterFunctionality_Mobile_20-15-38 - [verifyingProcessorSpeedFilterFunctionality_Mobile_20-15-38] Within smoothScrollToElement method
20:19:50 [TestNG-test-Test-1] INFO  verifyingProcessorSpeedFilterFunctionality_Mobile_20-15-38 - [verifyingProcessorSpeedFilterFunctionality_Mobile_20-15-38] Within safeFindElement method
20:19:50 [TestNG-test-Test-1] INFO  verifyingProcessorSpeedFilterFunctionality_Mobile_20-15-38 - [verifyingProcessorSpeedFilterFunctionality_Mobile_20-15-38]Found the element returning it ,element ->[[ChromeDriver: chrome on windows (75df211007e189f5b215228a304f9c27)] -> xpath: //a[@id='seeMoreDetailsLink']]
20:19:50 [TestNG-test-Test-1] INFO  verifyingProcessorSpeedFilterFunctionality_Mobile_20-15-38 - [verifyingProcessorSpeedFilterFunctionality_Mobile_20-15-38] Successfully scrolled to element: By.xpath: //a[@id='seeMoreDetailsLink']
20:19:50 [TestNG-test-Test-1] INFO  verifyingProcessorSpeedFilterFunctionality_Mobile_20-15-38 - [verifyingProcessorSpeedFilterFunctionality_Mobile_20-15-38] Within safeClick method
20:19:50 [TestNG-test-Test-1] INFO  verifyingProcessorSpeedFilterFunctionality_Mobile_20-15-38 - [verifyingProcessorSpeedFilterFunctionality_Mobile_20-15-38] Clicked the  [[ChromeDriver: chrome on windows (75df211007e189f5b215228a304f9c27)] -> xpath: //a[@id='seeMoreDetailsLink']]   using safeClick
20:19:50 [TestNG-test-Test-1] INFO  verifyingProcessorSpeedFilterFunctionality_Mobile_20-15-38 - [verifyingProcessorSpeedFilterFunctionality_Mobile_20-15-38] Within try block for clicking see more deatils within productNameListingPage loop
20:19:50 [TestNG-test-Test-1] INFO  verifyingProcessorSpeedFilterFunctionality_Mobile_20-15-38 - [verifyingProcessorSpeedFilterFunctionality_Mobile_20-15-38] Within closeCurrentWindowAndSwitchBack method
20:19:50 [TestNG-test-Test-1] INFO  verifyingProcessorSpeedFilterFunctionality_Mobile_20-15-38 - [verifyingProcessorSpeedFilterFunctionality_Mobile_20-15-38] Total open windows/tabs count -> 2
20:19:50 [TestNG-test-Test-1] INFO  verifyingProcessorSpeedFilterFunctionality_Mobile_20-15-38 - [verifyingProcessorSpeedFilterFunctionality_Mobile_20-15-38] Original window handle -> CDCEAD40B14BD9DE795B8D6B5A8053F4
20:19:50 [TestNG-test-Test-1] INFO  verifyingProcessorSpeedFilterFunctionality_Mobile_20-15-38 - [verifyingProcessorSpeedFilterFunctionality_Mobile_20-15-38] Found new tab/window handle -> 1555534141C0DCD6CF4D84087BA69BC5 (will be closed)
20:19:50 [TestNG-test-Test-1] INFO  verifyingProcessorSpeedFilterFunctionality_Mobile_20-15-38 - [verifyingProcessorSpeedFilterFunctionality_Mobile_20-15-38] Successfully switched to new tab/window -> 1555534141C0DCD6CF4D84087BA69BC5
20:19:50 [TestNG-test-Test-1] INFO  verifyingProcessorSpeedFilterFunctionality_Mobile_20-15-38 - [verifyingProcessorSpeedFilterFunctionality_Mobile_20-15-38] Closed the newly opened tab/window -> 1555534141C0DCD6CF4D84087BA69BC5
20:19:50 [TestNG-test-Test-1] INFO  verifyingProcessorSpeedFilterFunctionality_Mobile_20-15-38 - [verifyingProcessorSpeedFilterFunctionality_Mobile_20-15-38] Switched back to the original window -> CDCEAD40B14BD9DE795B8D6B5A8053F4
20:19:50 [TestNG-test-Test-1] INFO  verifyingProcessorSpeedFilterFunctionality_Mobile_20-15-38 - [verifyingProcessorSpeedFilterFunctionality_Mobile_20-15-38]  going back to product listing via closeCurrentWindowAndSwitchBack 
20:19:50 [TestNG-test-Test-1] INFO  verifyingProcessorSpeedFilterFunctionality_Mobile_20-15-38 - [verifyingProcessorSpeedFilterFunctionality_Mobile_20-15-38]  Added 'filter','title','keyFeatures', 'about', 'techDetails' into the Map -> productResult
20:19:50 [TestNG-test-Test-1] INFO  verifyingProcessorSpeedFilterFunctionality_Mobile_20-15-38 - [verifyingProcessorSpeedFilterFunctionality_Mobile_20-15-38]  Added 'productResult' Map into the 'results' i.e list of maps 
20:19:50 [TestNG-test-Test-1] INFO  verifyingProcessorSpeedFilterFunctionality_Mobile_20-15-38 - [verifyingProcessorSpeedFilterFunctionality_Mobile_20-15-38]==========================================================================================================
20:19:50 [TestNG-test-Test-1] INFO  verifyingProcessorSpeedFilterFunctionality_Mobile_20-15-38 - [verifyingProcessorSpeedFilterFunctionality_Mobile_20-15-38] Within safeFindElements 
20:19:50 [TestNG-test-Test-1] INFO  verifyingProcessorSpeedFilterFunctionality_Mobile_20-15-38 - [verifyingProcessorSpeedFilterFunctionality_Mobile_20-15-38] Returning the  [[[ChromeDriver: chrome on windows (75df211007e189f5b215228a304f9c27)] -> xpath: //div[@data-cy='title-recipe']], [[ChromeDriver: chrome on windows (75df211007e189f5b215228a304f9c27)] -> xpath: //div[@data-cy='title-recipe']], [[ChromeDriver: chrome on windows (75df211007e189f5b215228a304f9c27)] -> xpath: //div[@data-cy='title-recipe']], [[ChromeDriver: chrome on windows (75df211007e189f5b215228a304f9c27)] -> xpath: //div[@data-cy='title-recipe']], [[ChromeDriver: chrome on windows (75df211007e189f5b215228a304f9c27)] -> xpath: //div[@data-cy='title-recipe']], [[ChromeDriver: chrome on windows (75df211007e189f5b215228a304f9c27)] -> xpath: //div[@data-cy='title-recipe']], [[ChromeDriver: chrome on windows (75df211007e189f5b215228a304f9c27)] -> xpath: //div[@data-cy='title-recipe']], [[ChromeDriver: chrome on windows (75df211007e189f5b215228a304f9c27)] -> xpath: //div[@data-cy='title-recipe']], [[ChromeDriver: chrome on windows (75df211007e189f5b215228a304f9c27)] -> xpath: //div[@data-cy='title-recipe']], [[ChromeDriver: chrome on windows (75df211007e189f5b215228a304f9c27)] -> xpath: //div[@data-cy='title-recipe']], [[ChromeDriver: chrome on windows (75df211007e189f5b215228a304f9c27)] -> xpath: //div[@data-cy='title-recipe']], [[ChromeDriver: chrome on windows (75df211007e189f5b215228a304f9c27)] -> xpath: //div[@data-cy='title-recipe']], [[ChromeDriver: chrome on windows (75df211007e189f5b215228a304f9c27)] -> xpath: //div[@data-cy='title-recipe']], [[ChromeDriver: chrome on windows (75df211007e189f5b215228a304f9c27)] -> xpath: //div[@data-cy='title-recipe']], [[ChromeDriver: chrome on windows (75df211007e189f5b215228a304f9c27)] -> xpath: //div[@data-cy='title-recipe']], [[ChromeDriver: chrome on windows (75df211007e189f5b215228a304f9c27)] -> xpath: //div[@data-cy='title-recipe']]] from the safeFindElements method
20:19:50 [TestNG-test-Test-1] INFO  verifyingProcessorSpeedFilterFunctionality_Mobile_20-15-38 - [verifyingProcessorSpeedFilterFunctionality_Mobile_20-15-38] Within productNameListingPage loop in applyFilterAndValidateProductsWithResult
20:19:50 [TestNG-test-Test-1] INFO  verifyingProcessorSpeedFilterFunctionality_Mobile_20-15-38 - [verifyingProcessorSpeedFilterFunctionality_Mobile_20-15-38] Within getProductByIndex method
20:19:50 [TestNG-test-Test-1] INFO  verifyingProcessorSpeedFilterFunctionality_Mobile_20-15-38 - [verifyingProcessorSpeedFilterFunctionality_Mobile_20-15-38] Within safeFindElement method
20:19:50 [TestNG-test-Test-1] INFO  verifyingProcessorSpeedFilterFunctionality_Mobile_20-15-38 - [verifyingProcessorSpeedFilterFunctionality_Mobile_20-15-38]Found the element returning it ,element ->[[ChromeDriver: chrome on windows (75df211007e189f5b215228a304f9c27)] -> xpath: (//div[@data-cy='title-recipe'])[13]]
20:19:50 [TestNG-test-Test-1] INFO  verifyingProcessorSpeedFilterFunctionality_Mobile_20-15-38 - [verifyingProcessorSpeedFilterFunctionality_Mobile_20-15-38] Within getProductByIndex method
20:19:50 [TestNG-test-Test-1] INFO  verifyingProcessorSpeedFilterFunctionality_Mobile_20-15-38 - [verifyingProcessorSpeedFilterFunctionality_Mobile_20-15-38] Within smoothScrollToElement method
20:19:50 [TestNG-test-Test-1] INFO  verifyingProcessorSpeedFilterFunctionality_Mobile_20-15-38 - [verifyingProcessorSpeedFilterFunctionality_Mobile_20-15-38] Within safeFindElement method
20:19:51 [TestNG-test-Test-1] INFO  verifyingProcessorSpeedFilterFunctionality_Mobile_20-15-38 - [verifyingProcessorSpeedFilterFunctionality_Mobile_20-15-38]Found the element returning it ,element ->[[ChromeDriver: chrome on windows (75df211007e189f5b215228a304f9c27)] -> xpath: (//div[@data-cy='title-recipe'])[13]]
20:19:51 [TestNG-test-Test-1] INFO  verifyingProcessorSpeedFilterFunctionality_Mobile_20-15-38 - [verifyingProcessorSpeedFilterFunctionality_Mobile_20-15-38] Successfully scrolled to element: By.xpath: (//div[@data-cy='title-recipe'])[13]
20:19:51 [TestNG-test-Test-1] INFO  verifyingProcessorSpeedFilterFunctionality_Mobile_20-15-38 - [verifyingProcessorSpeedFilterFunctionality_Mobile_20-15-38] Getting product by index in productNameListingPage loop
20:19:51 [TestNG-test-Test-1] INFO  verifyingProcessorSpeedFilterFunctionality_Mobile_20-15-38 - [verifyingProcessorSpeedFilterFunctionality_Mobile_20-15-38] Opened product in new tab via Ctrl+Click inside productNameListingPage loop
20:19:51 [TestNG-test-Test-1] INFO  verifyingProcessorSpeedFilterFunctionality_Mobile_20-15-38 - [verifyingProcessorSpeedFilterFunctionality_Mobile_20-15-38] Waiting for new window to open...
20:19:51 [TestNG-test-Test-1] INFO  verifyingProcessorSpeedFilterFunctionality_Mobile_20-15-38 - [verifyingProcessorSpeedFilterFunctionality_Mobile_20-15-38] Switched to new window -> C50CCAF701F2C32B87AAF9A935A24226
20:19:51 [TestNG-test-Test-1] INFO  verifyingProcessorSpeedFilterFunctionality_Mobile_20-15-38 - [verifyingProcessorSpeedFilterFunctionality_Mobile_20-15-38] Swithcing to the new window  within productNameListingPage loop
20:19:51 [TestNG-test-Test-1] INFO  verifyingProcessorSpeedFilterFunctionality_Mobile_20-15-38 - [verifyingProcessorSpeedFilterFunctionality_Mobile_20-15-38] Clicked product name to open in new tab from productNameListingPage loop
20:19:51 [TestNG-test-Test-1] INFO  verifyingProcessorSpeedFilterFunctionality_Mobile_20-15-38 - [verifyingProcessorSpeedFilterFunctionality_Mobile_20-15-38] Within safeFindElement method
20:19:54 [TestNG-test-Test-1] INFO  verifyingProcessorSpeedFilterFunctionality_Mobile_20-15-38 - [verifyingProcessorSpeedFilterFunctionality_Mobile_20-15-38]Found the element returning it ,element ->[[ChromeDriver: chrome on windows (75df211007e189f5b215228a304f9c27)] -> xpath: //span[@id='productTitle']]
20:19:54 [TestNG-test-Test-1] INFO  verifyingProcessorSpeedFilterFunctionality_Mobile_20-15-38 - [verifyingProcessorSpeedFilterFunctionality_Mobile_20-15-38] Within safeFindElement method
20:19:55 [TestNG-test-Test-1] INFO  verifyingProcessorSpeedFilterFunctionality_Mobile_20-15-38 - [verifyingProcessorSpeedFilterFunctionality_Mobile_20-15-38]Found the element returning it ,element ->[[ChromeDriver: chrome on windows (75df211007e189f5b215228a304f9c27)] -> xpath: //div[@class='a-section a-spacing-small a-spacing-top-small']]
20:19:55 [TestNG-test-Test-1] INFO  verifyingProcessorSpeedFilterFunctionality_Mobile_20-15-38 - [verifyingProcessorSpeedFilterFunctionality_Mobile_20-15-38] Within safeFindElement method
20:19:55 [TestNG-test-Test-1] INFO  verifyingProcessorSpeedFilterFunctionality_Mobile_20-15-38 - [verifyingProcessorSpeedFilterFunctionality_Mobile_20-15-38]Found the element returning it ,element ->[[ChromeDriver: chrome on windows (75df211007e189f5b215228a304f9c27)] -> xpath: //div[@id='feature-bullets']]
20:19:55 [TestNG-test-Test-1] INFO  verifyingProcessorSpeedFilterFunctionality_Mobile_20-15-38 - [verifyingProcessorSpeedFilterFunctionality_Mobile_20-15-38] Within safeFindElement method
20:19:55 [TestNG-test-Test-1] INFO  verifyingProcessorSpeedFilterFunctionality_Mobile_20-15-38 - [verifyingProcessorSpeedFilterFunctionality_Mobile_20-15-38]Found the element returning it ,element ->[[ChromeDriver: chrome on windows (75df211007e189f5b215228a304f9c27)] -> xpath: //div[@id='prodDetails']]
20:19:55 [TestNG-test-Test-1] INFO  verifyingProcessorSpeedFilterFunctionality_Mobile_20-15-38 - [verifyingProcessorSpeedFilterFunctionality_Mobile_20-15-38] Extracting 'name' , 'keyFeatures', 'about' , 'techDetails' within productNameListingPage loop
20:19:55 [TestNG-test-Test-1] INFO  verifyingProcessorSpeedFilterFunctionality_Mobile_20-15-38 - [verifyingProcessorSpeedFilterFunctionality_Mobile_20-15-38] Waiting until element is visible in viewport
20:20:05 [TestNG-test-Test-1] INFO  verifyingProcessorSpeedFilterFunctionality_Mobile_20-15-38 - [verifyingProcessorSpeedFilterFunctionality_Mobile_20-15-38] Within smoothScrollToElement method
20:20:05 [TestNG-test-Test-1] INFO  verifyingProcessorSpeedFilterFunctionality_Mobile_20-15-38 - [verifyingProcessorSpeedFilterFunctionality_Mobile_20-15-38] Within safeFindElement method
20:20:05 [TestNG-test-Test-1] INFO  verifyingProcessorSpeedFilterFunctionality_Mobile_20-15-38 - [verifyingProcessorSpeedFilterFunctionality_Mobile_20-15-38]Found the element returning it ,element ->[[ChromeDriver: chrome on windows (75df211007e189f5b215228a304f9c27)] -> xpath: //a[@id='seeMoreDetailsLink']]
20:20:05 [TestNG-test-Test-1] INFO  verifyingProcessorSpeedFilterFunctionality_Mobile_20-15-38 - [verifyingProcessorSpeedFilterFunctionality_Mobile_20-15-38] Successfully scrolled to element: By.xpath: //a[@id='seeMoreDetailsLink']
20:20:05 [TestNG-test-Test-1] INFO  verifyingProcessorSpeedFilterFunctionality_Mobile_20-15-38 - [verifyingProcessorSpeedFilterFunctionality_Mobile_20-15-38] Within safeClick method
20:20:06 [TestNG-test-Test-1] INFO  verifyingProcessorSpeedFilterFunctionality_Mobile_20-15-38 - [verifyingProcessorSpeedFilterFunctionality_Mobile_20-15-38] Clicked the  [[ChromeDriver: chrome on windows (75df211007e189f5b215228a304f9c27)] -> xpath: //a[@id='seeMoreDetailsLink']]   using safeClick
20:20:06 [TestNG-test-Test-1] INFO  verifyingProcessorSpeedFilterFunctionality_Mobile_20-15-38 - [verifyingProcessorSpeedFilterFunctionality_Mobile_20-15-38] Within try block for clicking see more deatils within productNameListingPage loop
20:20:06 [TestNG-test-Test-1] INFO  verifyingProcessorSpeedFilterFunctionality_Mobile_20-15-38 - [verifyingProcessorSpeedFilterFunctionality_Mobile_20-15-38] Within closeCurrentWindowAndSwitchBack method
20:20:06 [TestNG-test-Test-1] INFO  verifyingProcessorSpeedFilterFunctionality_Mobile_20-15-38 - [verifyingProcessorSpeedFilterFunctionality_Mobile_20-15-38] Total open windows/tabs count -> 2
20:20:06 [TestNG-test-Test-1] INFO  verifyingProcessorSpeedFilterFunctionality_Mobile_20-15-38 - [verifyingProcessorSpeedFilterFunctionality_Mobile_20-15-38] Original window handle -> CDCEAD40B14BD9DE795B8D6B5A8053F4
20:20:06 [TestNG-test-Test-1] INFO  verifyingProcessorSpeedFilterFunctionality_Mobile_20-15-38 - [verifyingProcessorSpeedFilterFunctionality_Mobile_20-15-38] Found new tab/window handle -> C50CCAF701F2C32B87AAF9A935A24226 (will be closed)
20:20:06 [TestNG-test-Test-1] INFO  verifyingProcessorSpeedFilterFunctionality_Mobile_20-15-38 - [verifyingProcessorSpeedFilterFunctionality_Mobile_20-15-38] Successfully switched to new tab/window -> C50CCAF701F2C32B87AAF9A935A24226
20:20:06 [TestNG-test-Test-1] INFO  verifyingProcessorSpeedFilterFunctionality_Mobile_20-15-38 - [verifyingProcessorSpeedFilterFunctionality_Mobile_20-15-38] Closed the newly opened tab/window -> C50CCAF701F2C32B87AAF9A935A24226
20:20:06 [TestNG-test-Test-1] INFO  verifyingProcessorSpeedFilterFunctionality_Mobile_20-15-38 - [verifyingProcessorSpeedFilterFunctionality_Mobile_20-15-38] Switched back to the original window -> CDCEAD40B14BD9DE795B8D6B5A8053F4
20:20:06 [TestNG-test-Test-1] INFO  verifyingProcessorSpeedFilterFunctionality_Mobile_20-15-38 - [verifyingProcessorSpeedFilterFunctionality_Mobile_20-15-38]  going back to product listing via closeCurrentWindowAndSwitchBack 
20:20:06 [TestNG-test-Test-1] INFO  verifyingProcessorSpeedFilterFunctionality_Mobile_20-15-38 - [verifyingProcessorSpeedFilterFunctionality_Mobile_20-15-38]  Added 'filter','title','keyFeatures', 'about', 'techDetails' into the Map -> productResult
20:20:06 [TestNG-test-Test-1] INFO  verifyingProcessorSpeedFilterFunctionality_Mobile_20-15-38 - [verifyingProcessorSpeedFilterFunctionality_Mobile_20-15-38]  Added 'productResult' Map into the 'results' i.e list of maps 
20:20:06 [TestNG-test-Test-1] INFO  verifyingProcessorSpeedFilterFunctionality_Mobile_20-15-38 - [verifyingProcessorSpeedFilterFunctionality_Mobile_20-15-38]==========================================================================================================
20:20:06 [TestNG-test-Test-1] INFO  verifyingProcessorSpeedFilterFunctionality_Mobile_20-15-38 - [verifyingProcessorSpeedFilterFunctionality_Mobile_20-15-38] Within safeFindElements 
20:20:06 [TestNG-test-Test-1] INFO  verifyingProcessorSpeedFilterFunctionality_Mobile_20-15-38 - [verifyingProcessorSpeedFilterFunctionality_Mobile_20-15-38] Returning the  [[[ChromeDriver: chrome on windows (75df211007e189f5b215228a304f9c27)] -> xpath: //div[@data-cy='title-recipe']], [[ChromeDriver: chrome on windows (75df211007e189f5b215228a304f9c27)] -> xpath: //div[@data-cy='title-recipe']], [[ChromeDriver: chrome on windows (75df211007e189f5b215228a304f9c27)] -> xpath: //div[@data-cy='title-recipe']], [[ChromeDriver: chrome on windows (75df211007e189f5b215228a304f9c27)] -> xpath: //div[@data-cy='title-recipe']], [[ChromeDriver: chrome on windows (75df211007e189f5b215228a304f9c27)] -> xpath: //div[@data-cy='title-recipe']], [[ChromeDriver: chrome on windows (75df211007e189f5b215228a304f9c27)] -> xpath: //div[@data-cy='title-recipe']], [[ChromeDriver: chrome on windows (75df211007e189f5b215228a304f9c27)] -> xpath: //div[@data-cy='title-recipe']], [[ChromeDriver: chrome on windows (75df211007e189f5b215228a304f9c27)] -> xpath: //div[@data-cy='title-recipe']], [[ChromeDriver: chrome on windows (75df211007e189f5b215228a304f9c27)] -> xpath: //div[@data-cy='title-recipe']], [[ChromeDriver: chrome on windows (75df211007e189f5b215228a304f9c27)] -> xpath: //div[@data-cy='title-recipe']], [[ChromeDriver: chrome on windows (75df211007e189f5b215228a304f9c27)] -> xpath: //div[@data-cy='title-recipe']], [[ChromeDriver: chrome on windows (75df211007e189f5b215228a304f9c27)] -> xpath: //div[@data-cy='title-recipe']], [[ChromeDriver: chrome on windows (75df211007e189f5b215228a304f9c27)] -> xpath: //div[@data-cy='title-recipe']], [[ChromeDriver: chrome on windows (75df211007e189f5b215228a304f9c27)] -> xpath: //div[@data-cy='title-recipe']], [[ChromeDriver: chrome on windows (75df211007e189f5b215228a304f9c27)] -> xpath: //div[@data-cy='title-recipe']], [[ChromeDriver: chrome on windows (75df211007e189f5b215228a304f9c27)] -> xpath: //div[@data-cy='title-recipe']]] from the safeFindElements method
20:20:06 [TestNG-test-Test-1] INFO  verifyingProcessorSpeedFilterFunctionality_Mobile_20-15-38 - [verifyingProcessorSpeedFilterFunctionality_Mobile_20-15-38] Within productNameListingPage loop in applyFilterAndValidateProductsWithResult
20:20:06 [TestNG-test-Test-1] INFO  verifyingProcessorSpeedFilterFunctionality_Mobile_20-15-38 - [verifyingProcessorSpeedFilterFunctionality_Mobile_20-15-38] Within getProductByIndex method
20:20:06 [TestNG-test-Test-1] INFO  verifyingProcessorSpeedFilterFunctionality_Mobile_20-15-38 - [verifyingProcessorSpeedFilterFunctionality_Mobile_20-15-38] Within safeFindElement method
20:20:06 [TestNG-test-Test-1] INFO  verifyingProcessorSpeedFilterFunctionality_Mobile_20-15-38 - [verifyingProcessorSpeedFilterFunctionality_Mobile_20-15-38]Found the element returning it ,element ->[[ChromeDriver: chrome on windows (75df211007e189f5b215228a304f9c27)] -> xpath: (//div[@data-cy='title-recipe'])[14]]
20:20:06 [TestNG-test-Test-1] INFO  verifyingProcessorSpeedFilterFunctionality_Mobile_20-15-38 - [verifyingProcessorSpeedFilterFunctionality_Mobile_20-15-38] Within getProductByIndex method
20:20:06 [TestNG-test-Test-1] INFO  verifyingProcessorSpeedFilterFunctionality_Mobile_20-15-38 - [verifyingProcessorSpeedFilterFunctionality_Mobile_20-15-38] Within smoothScrollToElement method
20:20:06 [TestNG-test-Test-1] INFO  verifyingProcessorSpeedFilterFunctionality_Mobile_20-15-38 - [verifyingProcessorSpeedFilterFunctionality_Mobile_20-15-38] Within safeFindElement method
20:20:06 [TestNG-test-Test-1] INFO  verifyingProcessorSpeedFilterFunctionality_Mobile_20-15-38 - [verifyingProcessorSpeedFilterFunctionality_Mobile_20-15-38]Found the element returning it ,element ->[[ChromeDriver: chrome on windows (75df211007e189f5b215228a304f9c27)] -> xpath: (//div[@data-cy='title-recipe'])[14]]
20:20:06 [TestNG-test-Test-1] INFO  verifyingProcessorSpeedFilterFunctionality_Mobile_20-15-38 - [verifyingProcessorSpeedFilterFunctionality_Mobile_20-15-38] Successfully scrolled to element: By.xpath: (//div[@data-cy='title-recipe'])[14]
20:20:06 [TestNG-test-Test-1] INFO  verifyingProcessorSpeedFilterFunctionality_Mobile_20-15-38 - [verifyingProcessorSpeedFilterFunctionality_Mobile_20-15-38] Getting product by index in productNameListingPage loop
20:20:07 [TestNG-test-Test-1] INFO  verifyingProcessorSpeedFilterFunctionality_Mobile_20-15-38 - [verifyingProcessorSpeedFilterFunctionality_Mobile_20-15-38] Opened product in new tab via Ctrl+Click inside productNameListingPage loop
20:20:07 [TestNG-test-Test-1] INFO  verifyingProcessorSpeedFilterFunctionality_Mobile_20-15-38 - [verifyingProcessorSpeedFilterFunctionality_Mobile_20-15-38] Waiting for new window to open...
20:20:07 [TestNG-test-Test-1] INFO  verifyingProcessorSpeedFilterFunctionality_Mobile_20-15-38 - [verifyingProcessorSpeedFilterFunctionality_Mobile_20-15-38] Switched to new window -> DAD1A5020D95B364A1B8E52D816A5B8A
20:20:07 [TestNG-test-Test-1] INFO  verifyingProcessorSpeedFilterFunctionality_Mobile_20-15-38 - [verifyingProcessorSpeedFilterFunctionality_Mobile_20-15-38] Swithcing to the new window  within productNameListingPage loop
20:20:07 [TestNG-test-Test-1] INFO  verifyingProcessorSpeedFilterFunctionality_Mobile_20-15-38 - [verifyingProcessorSpeedFilterFunctionality_Mobile_20-15-38] Clicked product name to open in new tab from productNameListingPage loop
20:20:07 [TestNG-test-Test-1] INFO  verifyingProcessorSpeedFilterFunctionality_Mobile_20-15-38 - [verifyingProcessorSpeedFilterFunctionality_Mobile_20-15-38] Within safeFindElement method
20:20:10 [TestNG-test-Test-1] INFO  verifyingProcessorSpeedFilterFunctionality_Mobile_20-15-38 - [verifyingProcessorSpeedFilterFunctionality_Mobile_20-15-38]Found the element returning it ,element ->[[ChromeDriver: chrome on windows (75df211007e189f5b215228a304f9c27)] -> xpath: //span[@id='productTitle']]
20:20:10 [TestNG-test-Test-1] INFO  verifyingProcessorSpeedFilterFunctionality_Mobile_20-15-38 - [verifyingProcessorSpeedFilterFunctionality_Mobile_20-15-38] Within safeFindElement method
20:20:10 [TestNG-test-Test-1] INFO  verifyingProcessorSpeedFilterFunctionality_Mobile_20-15-38 - [verifyingProcessorSpeedFilterFunctionality_Mobile_20-15-38]Found the element returning it ,element ->[[ChromeDriver: chrome on windows (75df211007e189f5b215228a304f9c27)] -> xpath: //div[@class='a-section a-spacing-small a-spacing-top-small']]
20:20:10 [TestNG-test-Test-1] INFO  verifyingProcessorSpeedFilterFunctionality_Mobile_20-15-38 - [verifyingProcessorSpeedFilterFunctionality_Mobile_20-15-38] Within safeFindElement method
20:20:11 [TestNG-test-Test-1] INFO  verifyingProcessorSpeedFilterFunctionality_Mobile_20-15-38 - [verifyingProcessorSpeedFilterFunctionality_Mobile_20-15-38]Found the element returning it ,element ->[[ChromeDriver: chrome on windows (75df211007e189f5b215228a304f9c27)] -> xpath: //div[@id='feature-bullets']]
20:20:11 [TestNG-test-Test-1] INFO  verifyingProcessorSpeedFilterFunctionality_Mobile_20-15-38 - [verifyingProcessorSpeedFilterFunctionality_Mobile_20-15-38] Within safeFindElement method
20:20:11 [TestNG-test-Test-1] INFO  verifyingProcessorSpeedFilterFunctionality_Mobile_20-15-38 - [verifyingProcessorSpeedFilterFunctionality_Mobile_20-15-38]Found the element returning it ,element ->[[ChromeDriver: chrome on windows (75df211007e189f5b215228a304f9c27)] -> xpath: //div[@id='prodDetails']]
20:20:11 [TestNG-test-Test-1] INFO  verifyingProcessorSpeedFilterFunctionality_Mobile_20-15-38 - [verifyingProcessorSpeedFilterFunctionality_Mobile_20-15-38] Extracting 'name' , 'keyFeatures', 'about' , 'techDetails' within productNameListingPage loop
20:20:11 [TestNG-test-Test-1] INFO  verifyingProcessorSpeedFilterFunctionality_Mobile_20-15-38 - [verifyingProcessorSpeedFilterFunctionality_Mobile_20-15-38] Waiting until element is visible in viewport
20:20:22 [TestNG-test-Test-1] INFO  verifyingProcessorSpeedFilterFunctionality_Mobile_20-15-38 - [verifyingProcessorSpeedFilterFunctionality_Mobile_20-15-38] Within smoothScrollToElement method
20:20:22 [TestNG-test-Test-1] INFO  verifyingProcessorSpeedFilterFunctionality_Mobile_20-15-38 - [verifyingProcessorSpeedFilterFunctionality_Mobile_20-15-38] Within safeFindElement method
20:20:22 [TestNG-test-Test-1] INFO  verifyingProcessorSpeedFilterFunctionality_Mobile_20-15-38 - [verifyingProcessorSpeedFilterFunctionality_Mobile_20-15-38]Found the element returning it ,element ->[[ChromeDriver: chrome on windows (75df211007e189f5b215228a304f9c27)] -> xpath: //a[@id='seeMoreDetailsLink']]
20:20:22 [TestNG-test-Test-1] INFO  verifyingProcessorSpeedFilterFunctionality_Mobile_20-15-38 - [verifyingProcessorSpeedFilterFunctionality_Mobile_20-15-38] Successfully scrolled to element: By.xpath: //a[@id='seeMoreDetailsLink']
20:20:22 [TestNG-test-Test-1] INFO  verifyingProcessorSpeedFilterFunctionality_Mobile_20-15-38 - [verifyingProcessorSpeedFilterFunctionality_Mobile_20-15-38] Within safeClick method
20:20:22 [TestNG-test-Test-1] INFO  verifyingProcessorSpeedFilterFunctionality_Mobile_20-15-38 - [verifyingProcessorSpeedFilterFunctionality_Mobile_20-15-38] Clicked the  [[ChromeDriver: chrome on windows (75df211007e189f5b215228a304f9c27)] -> xpath: //a[@id='seeMoreDetailsLink']]   using safeClick
20:20:22 [TestNG-test-Test-1] INFO  verifyingProcessorSpeedFilterFunctionality_Mobile_20-15-38 - [verifyingProcessorSpeedFilterFunctionality_Mobile_20-15-38] Within try block for clicking see more deatils within productNameListingPage loop
20:20:22 [TestNG-test-Test-1] INFO  verifyingProcessorSpeedFilterFunctionality_Mobile_20-15-38 - [verifyingProcessorSpeedFilterFunctionality_Mobile_20-15-38] Within closeCurrentWindowAndSwitchBack method
20:20:22 [TestNG-test-Test-1] INFO  verifyingProcessorSpeedFilterFunctionality_Mobile_20-15-38 - [verifyingProcessorSpeedFilterFunctionality_Mobile_20-15-38] Total open windows/tabs count -> 2
20:20:22 [TestNG-test-Test-1] INFO  verifyingProcessorSpeedFilterFunctionality_Mobile_20-15-38 - [verifyingProcessorSpeedFilterFunctionality_Mobile_20-15-38] Original window handle -> CDCEAD40B14BD9DE795B8D6B5A8053F4
20:20:22 [TestNG-test-Test-1] INFO  verifyingProcessorSpeedFilterFunctionality_Mobile_20-15-38 - [verifyingProcessorSpeedFilterFunctionality_Mobile_20-15-38] Found new tab/window handle -> DAD1A5020D95B364A1B8E52D816A5B8A (will be closed)
20:20:22 [TestNG-test-Test-1] INFO  verifyingProcessorSpeedFilterFunctionality_Mobile_20-15-38 - [verifyingProcessorSpeedFilterFunctionality_Mobile_20-15-38] Successfully switched to new tab/window -> DAD1A5020D95B364A1B8E52D816A5B8A
20:20:22 [TestNG-test-Test-1] INFO  verifyingProcessorSpeedFilterFunctionality_Mobile_20-15-38 - [verifyingProcessorSpeedFilterFunctionality_Mobile_20-15-38] Closed the newly opened tab/window -> DAD1A5020D95B364A1B8E52D816A5B8A
20:20:22 [TestNG-test-Test-1] INFO  verifyingProcessorSpeedFilterFunctionality_Mobile_20-15-38 - [verifyingProcessorSpeedFilterFunctionality_Mobile_20-15-38] Switched back to the original window -> CDCEAD40B14BD9DE795B8D6B5A8053F4
20:20:22 [TestNG-test-Test-1] INFO  verifyingProcessorSpeedFilterFunctionality_Mobile_20-15-38 - [verifyingProcessorSpeedFilterFunctionality_Mobile_20-15-38]  going back to product listing via closeCurrentWindowAndSwitchBack 
20:20:22 [TestNG-test-Test-1] INFO  verifyingProcessorSpeedFilterFunctionality_Mobile_20-15-38 - [verifyingProcessorSpeedFilterFunctionality_Mobile_20-15-38]  Added 'filter','title','keyFeatures', 'about', 'techDetails' into the Map -> productResult
20:20:22 [TestNG-test-Test-1] INFO  verifyingProcessorSpeedFilterFunctionality_Mobile_20-15-38 - [verifyingProcessorSpeedFilterFunctionality_Mobile_20-15-38]  Added 'productResult' Map into the 'results' i.e list of maps 
20:20:22 [TestNG-test-Test-1] INFO  verifyingProcessorSpeedFilterFunctionality_Mobile_20-15-38 - [verifyingProcessorSpeedFilterFunctionality_Mobile_20-15-38]==========================================================================================================
20:20:22 [TestNG-test-Test-1] INFO  verifyingProcessorSpeedFilterFunctionality_Mobile_20-15-38 - [verifyingProcessorSpeedFilterFunctionality_Mobile_20-15-38] Within safeFindElements 
20:20:22 [TestNG-test-Test-1] INFO  verifyingProcessorSpeedFilterFunctionality_Mobile_20-15-38 - [verifyingProcessorSpeedFilterFunctionality_Mobile_20-15-38] Returning the  [[[ChromeDriver: chrome on windows (75df211007e189f5b215228a304f9c27)] -> xpath: //div[@data-cy='title-recipe']], [[ChromeDriver: chrome on windows (75df211007e189f5b215228a304f9c27)] -> xpath: //div[@data-cy='title-recipe']], [[ChromeDriver: chrome on windows (75df211007e189f5b215228a304f9c27)] -> xpath: //div[@data-cy='title-recipe']], [[ChromeDriver: chrome on windows (75df211007e189f5b215228a304f9c27)] -> xpath: //div[@data-cy='title-recipe']], [[ChromeDriver: chrome on windows (75df211007e189f5b215228a304f9c27)] -> xpath: //div[@data-cy='title-recipe']], [[ChromeDriver: chrome on windows (75df211007e189f5b215228a304f9c27)] -> xpath: //div[@data-cy='title-recipe']], [[ChromeDriver: chrome on windows (75df211007e189f5b215228a304f9c27)] -> xpath: //div[@data-cy='title-recipe']], [[ChromeDriver: chrome on windows (75df211007e189f5b215228a304f9c27)] -> xpath: //div[@data-cy='title-recipe']], [[ChromeDriver: chrome on windows (75df211007e189f5b215228a304f9c27)] -> xpath: //div[@data-cy='title-recipe']], [[ChromeDriver: chrome on windows (75df211007e189f5b215228a304f9c27)] -> xpath: //div[@data-cy='title-recipe']], [[ChromeDriver: chrome on windows (75df211007e189f5b215228a304f9c27)] -> xpath: //div[@data-cy='title-recipe']], [[ChromeDriver: chrome on windows (75df211007e189f5b215228a304f9c27)] -> xpath: //div[@data-cy='title-recipe']], [[ChromeDriver: chrome on windows (75df211007e189f5b215228a304f9c27)] -> xpath: //div[@data-cy='title-recipe']], [[ChromeDriver: chrome on windows (75df211007e189f5b215228a304f9c27)] -> xpath: //div[@data-cy='title-recipe']], [[ChromeDriver: chrome on windows (75df211007e189f5b215228a304f9c27)] -> xpath: //div[@data-cy='title-recipe']], [[ChromeDriver: chrome on windows (75df211007e189f5b215228a304f9c27)] -> xpath: //div[@data-cy='title-recipe']]] from the safeFindElements method
20:20:22 [TestNG-test-Test-1] INFO  verifyingProcessorSpeedFilterFunctionality_Mobile_20-15-38 - [verifyingProcessorSpeedFilterFunctionality_Mobile_20-15-38] Within productNameListingPage loop in applyFilterAndValidateProductsWithResult
20:20:22 [TestNG-test-Test-1] INFO  verifyingProcessorSpeedFilterFunctionality_Mobile_20-15-38 - [verifyingProcessorSpeedFilterFunctionality_Mobile_20-15-38] Within getProductByIndex method
20:20:22 [TestNG-test-Test-1] INFO  verifyingProcessorSpeedFilterFunctionality_Mobile_20-15-38 - [verifyingProcessorSpeedFilterFunctionality_Mobile_20-15-38] Within safeFindElement method
20:20:22 [TestNG-test-Test-1] INFO  verifyingProcessorSpeedFilterFunctionality_Mobile_20-15-38 - [verifyingProcessorSpeedFilterFunctionality_Mobile_20-15-38]Found the element returning it ,element ->[[ChromeDriver: chrome on windows (75df211007e189f5b215228a304f9c27)] -> xpath: (//div[@data-cy='title-recipe'])[15]]
20:20:22 [TestNG-test-Test-1] INFO  verifyingProcessorSpeedFilterFunctionality_Mobile_20-15-38 - [verifyingProcessorSpeedFilterFunctionality_Mobile_20-15-38] Within getProductByIndex method
20:20:22 [TestNG-test-Test-1] INFO  verifyingProcessorSpeedFilterFunctionality_Mobile_20-15-38 - [verifyingProcessorSpeedFilterFunctionality_Mobile_20-15-38] Within smoothScrollToElement method
20:20:22 [TestNG-test-Test-1] INFO  verifyingProcessorSpeedFilterFunctionality_Mobile_20-15-38 - [verifyingProcessorSpeedFilterFunctionality_Mobile_20-15-38] Within safeFindElement method
20:20:22 [TestNG-test-Test-1] INFO  verifyingProcessorSpeedFilterFunctionality_Mobile_20-15-38 - [verifyingProcessorSpeedFilterFunctionality_Mobile_20-15-38]Found the element returning it ,element ->[[ChromeDriver: chrome on windows (75df211007e189f5b215228a304f9c27)] -> xpath: (//div[@data-cy='title-recipe'])[15]]
20:20:22 [TestNG-test-Test-1] INFO  verifyingProcessorSpeedFilterFunctionality_Mobile_20-15-38 - [verifyingProcessorSpeedFilterFunctionality_Mobile_20-15-38] Successfully scrolled to element: By.xpath: (//div[@data-cy='title-recipe'])[15]
20:20:22 [TestNG-test-Test-1] INFO  verifyingProcessorSpeedFilterFunctionality_Mobile_20-15-38 - [verifyingProcessorSpeedFilterFunctionality_Mobile_20-15-38] Getting product by index in productNameListingPage loop
20:20:22 [TestNG-test-Test-1] INFO  verifyingProcessorSpeedFilterFunctionality_Mobile_20-15-38 - [verifyingProcessorSpeedFilterFunctionality_Mobile_20-15-38] Opened product in new tab via Ctrl+Click inside productNameListingPage loop
20:20:22 [TestNG-test-Test-1] INFO  verifyingProcessorSpeedFilterFunctionality_Mobile_20-15-38 - [verifyingProcessorSpeedFilterFunctionality_Mobile_20-15-38] Waiting for new window to open...
20:20:22 [TestNG-test-Test-1] INFO  verifyingProcessorSpeedFilterFunctionality_Mobile_20-15-38 - [verifyingProcessorSpeedFilterFunctionality_Mobile_20-15-38] Switched to new window -> 3C483F15FEF707FDB7768CBA21C318B8
20:20:22 [TestNG-test-Test-1] INFO  verifyingProcessorSpeedFilterFunctionality_Mobile_20-15-38 - [verifyingProcessorSpeedFilterFunctionality_Mobile_20-15-38] Swithcing to the new window  within productNameListingPage loop
20:20:22 [TestNG-test-Test-1] INFO  verifyingProcessorSpeedFilterFunctionality_Mobile_20-15-38 - [verifyingProcessorSpeedFilterFunctionality_Mobile_20-15-38] Clicked product name to open in new tab from productNameListingPage loop
20:20:22 [TestNG-test-Test-1] INFO  verifyingProcessorSpeedFilterFunctionality_Mobile_20-15-38 - [verifyingProcessorSpeedFilterFunctionality_Mobile_20-15-38] Within safeFindElement method
20:20:25 [TestNG-test-Test-1] INFO  verifyingProcessorSpeedFilterFunctionality_Mobile_20-15-38 - [verifyingProcessorSpeedFilterFunctionality_Mobile_20-15-38]Found the element returning it ,element ->[[ChromeDriver: chrome on windows (75df211007e189f5b215228a304f9c27)] -> xpath: //span[@id='productTitle']]
20:20:25 [TestNG-test-Test-1] INFO  verifyingProcessorSpeedFilterFunctionality_Mobile_20-15-38 - [verifyingProcessorSpeedFilterFunctionality_Mobile_20-15-38] Within safeFindElement method
20:20:25 [TestNG-test-Test-1] INFO  verifyingProcessorSpeedFilterFunctionality_Mobile_20-15-38 - [verifyingProcessorSpeedFilterFunctionality_Mobile_20-15-38]Found the element returning it ,element ->[[ChromeDriver: chrome on windows (75df211007e189f5b215228a304f9c27)] -> xpath: //div[@class='a-section a-spacing-small a-spacing-top-small']]
20:20:25 [TestNG-test-Test-1] INFO  verifyingProcessorSpeedFilterFunctionality_Mobile_20-15-38 - [verifyingProcessorSpeedFilterFunctionality_Mobile_20-15-38] Within safeFindElement method
20:20:25 [TestNG-test-Test-1] INFO  verifyingProcessorSpeedFilterFunctionality_Mobile_20-15-38 - [verifyingProcessorSpeedFilterFunctionality_Mobile_20-15-38]Found the element returning it ,element ->[[ChromeDriver: chrome on windows (75df211007e189f5b215228a304f9c27)] -> xpath: //div[@id='feature-bullets']]
20:20:26 [TestNG-test-Test-1] INFO  verifyingProcessorSpeedFilterFunctionality_Mobile_20-15-38 - [verifyingProcessorSpeedFilterFunctionality_Mobile_20-15-38] Within safeFindElement method
20:20:26 [TestNG-test-Test-1] INFO  verifyingProcessorSpeedFilterFunctionality_Mobile_20-15-38 - [verifyingProcessorSpeedFilterFunctionality_Mobile_20-15-38]Found the element returning it ,element ->[[ChromeDriver: chrome on windows (75df211007e189f5b215228a304f9c27)] -> xpath: //div[@id='prodDetails']]
20:20:26 [TestNG-test-Test-1] INFO  verifyingProcessorSpeedFilterFunctionality_Mobile_20-15-38 - [verifyingProcessorSpeedFilterFunctionality_Mobile_20-15-38] Extracting 'name' , 'keyFeatures', 'about' , 'techDetails' within productNameListingPage loop
20:20:26 [TestNG-test-Test-1] INFO  verifyingProcessorSpeedFilterFunctionality_Mobile_20-15-38 - [verifyingProcessorSpeedFilterFunctionality_Mobile_20-15-38] Waiting until element is visible in viewport
20:20:37 [TestNG-test-Test-1] INFO  verifyingProcessorSpeedFilterFunctionality_Mobile_20-15-38 - [verifyingProcessorSpeedFilterFunctionality_Mobile_20-15-38] Within smoothScrollToElement method
20:20:37 [TestNG-test-Test-1] INFO  verifyingProcessorSpeedFilterFunctionality_Mobile_20-15-38 - [verifyingProcessorSpeedFilterFunctionality_Mobile_20-15-38] Within safeFindElement method
20:20:37 [TestNG-test-Test-1] INFO  verifyingProcessorSpeedFilterFunctionality_Mobile_20-15-38 - [verifyingProcessorSpeedFilterFunctionality_Mobile_20-15-38]Found the element returning it ,element ->[[ChromeDriver: chrome on windows (75df211007e189f5b215228a304f9c27)] -> xpath: //a[@id='seeMoreDetailsLink']]
20:20:37 [TestNG-test-Test-1] INFO  verifyingProcessorSpeedFilterFunctionality_Mobile_20-15-38 - [verifyingProcessorSpeedFilterFunctionality_Mobile_20-15-38] Successfully scrolled to element: By.xpath: //a[@id='seeMoreDetailsLink']
20:20:37 [TestNG-test-Test-1] INFO  verifyingProcessorSpeedFilterFunctionality_Mobile_20-15-38 - [verifyingProcessorSpeedFilterFunctionality_Mobile_20-15-38] Within safeClick method
20:20:37 [TestNG-test-Test-1] INFO  verifyingProcessorSpeedFilterFunctionality_Mobile_20-15-38 - [verifyingProcessorSpeedFilterFunctionality_Mobile_20-15-38] Clicked the  [[ChromeDriver: chrome on windows (75df211007e189f5b215228a304f9c27)] -> xpath: //a[@id='seeMoreDetailsLink']]   using safeClick
20:20:37 [TestNG-test-Test-1] INFO  verifyingProcessorSpeedFilterFunctionality_Mobile_20-15-38 - [verifyingProcessorSpeedFilterFunctionality_Mobile_20-15-38] Within try block for clicking see more deatils within productNameListingPage loop
20:20:37 [TestNG-test-Test-1] INFO  verifyingProcessorSpeedFilterFunctionality_Mobile_20-15-38 - [verifyingProcessorSpeedFilterFunctionality_Mobile_20-15-38] Within closeCurrentWindowAndSwitchBack method
20:20:37 [TestNG-test-Test-1] INFO  verifyingProcessorSpeedFilterFunctionality_Mobile_20-15-38 - [verifyingProcessorSpeedFilterFunctionality_Mobile_20-15-38] Total open windows/tabs count -> 2
20:20:37 [TestNG-test-Test-1] INFO  verifyingProcessorSpeedFilterFunctionality_Mobile_20-15-38 - [verifyingProcessorSpeedFilterFunctionality_Mobile_20-15-38] Original window handle -> CDCEAD40B14BD9DE795B8D6B5A8053F4
20:20:37 [TestNG-test-Test-1] INFO  verifyingProcessorSpeedFilterFunctionality_Mobile_20-15-38 - [verifyingProcessorSpeedFilterFunctionality_Mobile_20-15-38] Found new tab/window handle -> 3C483F15FEF707FDB7768CBA21C318B8 (will be closed)
20:20:37 [TestNG-test-Test-1] INFO  verifyingProcessorSpeedFilterFunctionality_Mobile_20-15-38 - [verifyingProcessorSpeedFilterFunctionality_Mobile_20-15-38] Successfully switched to new tab/window -> 3C483F15FEF707FDB7768CBA21C318B8
20:20:37 [TestNG-test-Test-1] INFO  verifyingProcessorSpeedFilterFunctionality_Mobile_20-15-38 - [verifyingProcessorSpeedFilterFunctionality_Mobile_20-15-38] Closed the newly opened tab/window -> 3C483F15FEF707FDB7768CBA21C318B8
20:20:37 [TestNG-test-Test-1] INFO  verifyingProcessorSpeedFilterFunctionality_Mobile_20-15-38 - [verifyingProcessorSpeedFilterFunctionality_Mobile_20-15-38] Switched back to the original window -> CDCEAD40B14BD9DE795B8D6B5A8053F4
20:20:37 [TestNG-test-Test-1] INFO  verifyingProcessorSpeedFilterFunctionality_Mobile_20-15-38 - [verifyingProcessorSpeedFilterFunctionality_Mobile_20-15-38]  going back to product listing via closeCurrentWindowAndSwitchBack 
20:20:37 [TestNG-test-Test-1] INFO  verifyingProcessorSpeedFilterFunctionality_Mobile_20-15-38 - [verifyingProcessorSpeedFilterFunctionality_Mobile_20-15-38]  Added 'filter','title','keyFeatures', 'about', 'techDetails' into the Map -> productResult
20:20:37 [TestNG-test-Test-1] INFO  verifyingProcessorSpeedFilterFunctionality_Mobile_20-15-38 - [verifyingProcessorSpeedFilterFunctionality_Mobile_20-15-38]  Added 'productResult' Map into the 'results' i.e list of maps 
20:20:37 [TestNG-test-Test-1] INFO  verifyingProcessorSpeedFilterFunctionality_Mobile_20-15-38 - [verifyingProcessorSpeedFilterFunctionality_Mobile_20-15-38]==========================================================================================================
20:20:37 [TestNG-test-Test-1] INFO  verifyingProcessorSpeedFilterFunctionality_Mobile_20-15-38 - [verifyingProcessorSpeedFilterFunctionality_Mobile_20-15-38] Within safeClick method
20:20:39 [TestNG-test-Test-1] INFO  verifyingProcessorSpeedFilterFunctionality_Mobile_20-15-38 - [verifyingProcessorSpeedFilterFunctionality_Mobile_20-15-38] Cannot click the butto using safeClick, trying again
20:20:42 [TestNG-test-Test-1] INFO  verifyingProcessorSpeedFilterFunctionality_Mobile_20-15-38 - [verifyingProcessorSpeedFilterFunctionality_Mobile_20-15-38] Cannot click the butto using safeClick, trying again
20:20:44 [TestNG-test-Test-1] INFO  verifyingProcessorSpeedFilterFunctionality_Mobile_20-15-38 - [verifyingProcessorSpeedFilterFunctionality_Mobile_20-15-38] Skipping click action: Element not clickable after- 2
20:20:44 [TestNG-test-Test-1] INFO  verifyingProcessorSpeedFilterFunctionality_Mobile_20-15-38 - [verifyingProcessorSpeedFilterFunctionality_Mobile_20-15-38] Clearing the filter value ->Less Than 0.99 GHzwithin productNameListingPage loop
20:20:44 [TestNG-test-Test-1] INFO  verifyingProcessorSpeedFilterFunctionality_Mobile_20-15-38 - [verifyingProcessorSpeedFilterFunctionality_Mobile_20-15-38]==========================================================================================================
20:20:44 [TestNG-test-Test-1] INFO  verifyingProcessorSpeedFilterFunctionality_Mobile_20-15-38 - [verifyingProcessorSpeedFilterFunctionality_Mobile_20-15-38]==========================================================================================================
20:20:44 [TestNG-test-Test-1] INFO  verifyingProcessorSpeedFilterFunctionality_Mobile_20-15-38 - [verifyingProcessorSpeedFilterFunctionality_Mobile_20-15-38] Within filterOptions loop in applyFilterAndValidateProductsWithResult
20:20:44 [TestNG-test-Test-1] INFO  verifyingProcessorSpeedFilterFunctionality_Mobile_20-15-38 - [verifyingProcessorSpeedFilterFunctionality_Mobile_20-15-38] Within safeFindElements 
20:20:44 [TestNG-test-Test-1] INFO  verifyingProcessorSpeedFilterFunctionality_Mobile_20-15-38 - [verifyingProcessorSpeedFilterFunctionality_Mobile_20-15-38] Returning the  [[[ChromeDriver: chrome on windows (75df211007e189f5b215228a304f9c27)] -> xpath: //span[@class='a-size-base a-color-base puis-bold-weight-text' and text()='Processor Speed']/parent::div/following-sibling::ul//span[@class='a-size-base a-color-base']], [[ChromeDriver: chrome on windows (75df211007e189f5b215228a304f9c27)] -> xpath: //span[@class='a-size-base a-color-base puis-bold-weight-text' and text()='Processor Speed']/parent::div/following-sibling::ul//span[@class='a-size-base a-color-base']], [[ChromeDriver: chrome on windows (75df211007e189f5b215228a304f9c27)] -> xpath: //span[@class='a-size-base a-color-base puis-bold-weight-text' and text()='Processor Speed']/parent::div/following-sibling::ul//span[@class='a-size-base a-color-base']], [[ChromeDriver: chrome on windows (75df211007e189f5b215228a304f9c27)] -> xpath: //span[@class='a-size-base a-color-base puis-bold-weight-text' and text()='Processor Speed']/parent::div/following-sibling::ul//span[@class='a-size-base a-color-base']]] from the safeFindElements method
20:20:44 [TestNG-test-Test-1] INFO  verifyingProcessorSpeedFilterFunctionality_Mobile_20-15-38 - [verifyingProcessorSpeedFilterFunctionality_Mobile_20-15-38] Trying to read filter option 1 (attempt 1/3)
20:20:44 [TestNG-test-Test-1] INFO  verifyingProcessorSpeedFilterFunctionality_Mobile_20-15-38 - [verifyingProcessorSpeedFilterFunctionality_Mobile_20-15-38] Successfully read filter option 1 = '1.5 - 1.99 GHz'
20:20:44 [TestNG-test-Test-1] INFO  verifyingProcessorSpeedFilterFunctionality_Mobile_20-15-38 - [verifyingProcessorSpeedFilterFunctionality_Mobile_20-15-38] Within getfilterByTypeAndName method
20:20:44 [TestNG-test-Test-1] INFO  verifyingProcessorSpeedFilterFunctionality_Mobile_20-15-38 - [verifyingProcessorSpeedFilterFunctionality_Mobile_20-15-38] Within safeClickBooleanWithScreenShot method
20:20:44 [TestNG-test-Test-1] INFO  verifyingProcessorSpeedFilterFunctionality_Mobile_20-15-38 - [verifyingProcessorSpeedFilterFunctionality_Mobile_20-15-38] Within getAppliedfilterByTypeAndName method
20:20:44 [TestNG-test-Test-1] INFO  verifyingProcessorSpeedFilterFunctionality_Mobile_20-15-38 - [verifyingProcessorSpeedFilterFunctionality_Mobile_20-15-38] Within smoothScrollToElement method
20:20:44 [TestNG-test-Test-1] INFO  verifyingProcessorSpeedFilterFunctionality_Mobile_20-15-38 - [verifyingProcessorSpeedFilterFunctionality_Mobile_20-15-38] Within safeFindElement method
20:20:44 [TestNG-test-Test-1] INFO  verifyingProcessorSpeedFilterFunctionality_Mobile_20-15-38 - [verifyingProcessorSpeedFilterFunctionality_Mobile_20-15-38]Found the element returning it ,element ->[[ChromeDriver: chrome on windows (75df211007e189f5b215228a304f9c27)] -> xpath: //span[@class='a-size-base a-color-base puis-bold-weight-text' and text()='Processor Speed']]
20:20:44 [TestNG-test-Test-1] INFO  verifyingProcessorSpeedFilterFunctionality_Mobile_20-15-38 - [verifyingProcessorSpeedFilterFunctionality_Mobile_20-15-38] Successfully scrolled to element: By.xpath: //span[@class='a-size-base a-color-base puis-bold-weight-text' and text()='Processor Speed']
20:20:44 [TestNG-test-Test-1] INFO  verifyingProcessorSpeedFilterFunctionality_Mobile_20-15-38 - [verifyingProcessorSpeedFilterFunctionality_Mobile_20-15-38] Within getMoreButtonByFilterTypeAndName method
20:20:44 [TestNG-test-Test-1] INFO  verifyingProcessorSpeedFilterFunctionality_Mobile_20-15-38 - [verifyingProcessorSpeedFilterFunctionality_Mobile_20-15-38] could not find more button
20:20:45 [TestNG-test-Test-1] INFO  verifyingProcessorSpeedFilterFunctionality_Mobile_20-15-38 - [verifyingProcessorSpeedFilterFunctionality_Mobile_20-15-38] Within getAppliedfilterByTypeAndName method
20:20:45 [TestNG-test-Test-1] INFO  verifyingProcessorSpeedFilterFunctionality_Mobile_20-15-38 - [verifyingProcessorSpeedFilterFunctionality_Mobile_20-15-38] Within smoothScrollToElement method
20:20:45 [TestNG-test-Test-1] INFO  verifyingProcessorSpeedFilterFunctionality_Mobile_20-15-38 - [verifyingProcessorSpeedFilterFunctionality_Mobile_20-15-38] Within safeFindElement method
20:20:46 [TestNG-test-Test-1] INFO  verifyingProcessorSpeedFilterFunctionality_Mobile_20-15-38 - [verifyingProcessorSpeedFilterFunctionality_Mobile_20-15-38]Found the element returning it ,element ->[[ChromeDriver: chrome on windows (75df211007e189f5b215228a304f9c27)] -> xpath: //span[@class='a-size-base a-color-base puis-bold-weight-text' and text()='Processor Speed']]
20:20:46 [TestNG-test-Test-1] INFO  verifyingProcessorSpeedFilterFunctionality_Mobile_20-15-38 - [verifyingProcessorSpeedFilterFunctionality_Mobile_20-15-38] Successfully scrolled to element: By.xpath: //span[@class='a-size-base a-color-base puis-bold-weight-text' and text()='Processor Speed']
20:20:46 [TestNG-test-Test-1] INFO  verifyingProcessorSpeedFilterFunctionality_Mobile_20-15-38 - [verifyingProcessorSpeedFilterFunctionality_Mobile_20-15-38] Within getMoreButtonByFilterTypeAndName method
20:20:46 [TestNG-test-Test-1] INFO  verifyingProcessorSpeedFilterFunctionality_Mobile_20-15-38 - [verifyingProcessorSpeedFilterFunctionality_Mobile_20-15-38] could not find more button
20:20:46 [TestNG-test-Test-1] INFO  verifyingProcessorSpeedFilterFunctionality_Mobile_20-15-38 - [verifyingProcessorSpeedFilterFunctionality_Mobile_20-15-38] Within getfilterByTypeAndName method
20:20:46 [TestNG-test-Test-1] INFO  verifyingProcessorSpeedFilterFunctionality_Mobile_20-15-38 - [verifyingProcessorSpeedFilterFunctionality_Mobile_20-15-38] Within smoothScrollToElement method
20:20:46 [TestNG-test-Test-1] INFO  verifyingProcessorSpeedFilterFunctionality_Mobile_20-15-38 - [verifyingProcessorSpeedFilterFunctionality_Mobile_20-15-38] Within safeFindElement method
20:20:47 [TestNG-test-Test-1] INFO  verifyingProcessorSpeedFilterFunctionality_Mobile_20-15-38 - [verifyingProcessorSpeedFilterFunctionality_Mobile_20-15-38]Found the element returning it ,element ->[[ChromeDriver: chrome on windows (75df211007e189f5b215228a304f9c27)] -> xpath: //span[@class='a-size-base a-color-base puis-bold-weight-text' and text()='Processor Speed']/parent::div/following-sibling::ul//span[@class='a-size-base a-color-base a-text-bold' and text()='1.5 - 1.99 GHz']]
20:20:47 [TestNG-test-Test-1] INFO  verifyingProcessorSpeedFilterFunctionality_Mobile_20-15-38 - [verifyingProcessorSpeedFilterFunctionality_Mobile_20-15-38] Successfully scrolled to element: By.xpath: //span[@class='a-size-base a-color-base puis-bold-weight-text' and text()='Processor Speed']/parent::div/following-sibling::ul//span[@class='a-size-base a-color-base a-text-bold' and text()='1.5 - 1.99 GHz']
20:20:47 [TestNG-test-Test-1] INFO  verifyingProcessorSpeedFilterFunctionality_Mobile_20-15-38 - [verifyingProcessorSpeedFilterFunctionality_Mobile_20-15-38] Clicked the element using safe click ,element is [[ChromeDriver: chrome on windows (75df211007e189f5b215228a304f9c27)] -> xpath: //span[@class='a-size-base a-color-base puis-bold-weight-text' and text()='Processor Speed']/parent::div/following-sibling::ul//span[@class='a-size-base a-color-base' and text()='1.5 - 1.99 GHz']]
20:20:47 [TestNG-test-Test-1] INFO  verifyingProcessorSpeedFilterFunctionality_Mobile_20-15-38 - [verifyingProcessorSpeedFilterFunctionality_Mobile_20-15-38] Within safeFindElements 
20:20:47 [TestNG-test-Test-1] INFO  verifyingProcessorSpeedFilterFunctionality_Mobile_20-15-38 - [verifyingProcessorSpeedFilterFunctionality_Mobile_20-15-38] Returning the  [[[ChromeDriver: chrome on windows (75df211007e189f5b215228a304f9c27)] -> xpath: //div[@data-cy='title-recipe']], [[ChromeDriver: chrome on windows (75df211007e189f5b215228a304f9c27)] -> xpath: //div[@data-cy='title-recipe']], [[ChromeDriver: chrome on windows (75df211007e189f5b215228a304f9c27)] -> xpath: //div[@data-cy='title-recipe']], [[ChromeDriver: chrome on windows (75df211007e189f5b215228a304f9c27)] -> xpath: //div[@data-cy='title-recipe']], [[ChromeDriver: chrome on windows (75df211007e189f5b215228a304f9c27)] -> xpath: //div[@data-cy='title-recipe']], [[ChromeDriver: chrome on windows (75df211007e189f5b215228a304f9c27)] -> xpath: //div[@data-cy='title-recipe']], [[ChromeDriver: chrome on windows (75df211007e189f5b215228a304f9c27)] -> xpath: //div[@data-cy='title-recipe']], [[ChromeDriver: chrome on windows (75df211007e189f5b215228a304f9c27)] -> xpath: //div[@data-cy='title-recipe']], [[ChromeDriver: chrome on windows (75df211007e189f5b215228a304f9c27)] -> xpath: //div[@data-cy='title-recipe']], [[ChromeDriver: chrome on windows (75df211007e189f5b215228a304f9c27)] -> xpath: //div[@data-cy='title-recipe']], [[ChromeDriver: chrome on windows (75df211007e189f5b215228a304f9c27)] -> xpath: //div[@data-cy='title-recipe']], [[ChromeDriver: chrome on windows (75df211007e189f5b215228a304f9c27)] -> xpath: //div[@data-cy='title-recipe']], [[ChromeDriver: chrome on windows (75df211007e189f5b215228a304f9c27)] -> xpath: //div[@data-cy='title-recipe']], [[ChromeDriver: chrome on windows (75df211007e189f5b215228a304f9c27)] -> xpath: //div[@data-cy='title-recipe']], [[ChromeDriver: chrome on windows (75df211007e189f5b215228a304f9c27)] -> xpath: //div[@data-cy='title-recipe']], [[ChromeDriver: chrome on windows (75df211007e189f5b215228a304f9c27)] -> xpath: //div[@data-cy='title-recipe']]] from the safeFindElements method
20:20:47 [TestNG-test-Test-1] INFO  verifyingProcessorSpeedFilterFunctionality_Mobile_20-15-38 - [verifyingProcessorSpeedFilterFunctionality_Mobile_20-15-38] Execution is scheduled type /CRON Job on CI Hence refering to CI keys from UtilData
20:20:47 [TestNG-test-Test-1] INFO  verifyingProcessorSpeedFilterFunctionality_Mobile_20-15-38 - [verifyingProcessorSpeedFilterFunctionality_Mobile_20-15-38] Within safeFindElements 
20:20:47 [TestNG-test-Test-1] INFO  verifyingProcessorSpeedFilterFunctionality_Mobile_20-15-38 - [verifyingProcessorSpeedFilterFunctionality_Mobile_20-15-38] Returning the  [[[ChromeDriver: chrome on windows (75df211007e189f5b215228a304f9c27)] -> xpath: //div[@data-cy='title-recipe']], [[ChromeDriver: chrome on windows (75df211007e189f5b215228a304f9c27)] -> xpath: //div[@data-cy='title-recipe']], [[ChromeDriver: chrome on windows (75df211007e189f5b215228a304f9c27)] -> xpath: //div[@data-cy='title-recipe']], [[ChromeDriver: chrome on windows (75df211007e189f5b215228a304f9c27)] -> xpath: //div[@data-cy='title-recipe']], [[ChromeDriver: chrome on windows (75df211007e189f5b215228a304f9c27)] -> xpath: //div[@data-cy='title-recipe']], [[ChromeDriver: chrome on windows (75df211007e189f5b215228a304f9c27)] -> xpath: //div[@data-cy='title-recipe']], [[ChromeDriver: chrome on windows (75df211007e189f5b215228a304f9c27)] -> xpath: //div[@data-cy='title-recipe']], [[ChromeDriver: chrome on windows (75df211007e189f5b215228a304f9c27)] -> xpath: //div[@data-cy='title-recipe']], [[ChromeDriver: chrome on windows (75df211007e189f5b215228a304f9c27)] -> xpath: //div[@data-cy='title-recipe']], [[ChromeDriver: chrome on windows (75df211007e189f5b215228a304f9c27)] -> xpath: //div[@data-cy='title-recipe']], [[ChromeDriver: chrome on windows (75df211007e189f5b215228a304f9c27)] -> xpath: //div[@data-cy='title-recipe']], [[ChromeDriver: chrome on windows (75df211007e189f5b215228a304f9c27)] -> xpath: //div[@data-cy='title-recipe']], [[ChromeDriver: chrome on windows (75df211007e189f5b215228a304f9c27)] -> xpath: //div[@data-cy='title-recipe']], [[ChromeDriver: chrome on windows (75df211007e189f5b215228a304f9c27)] -> xpath: //div[@data-cy='title-recipe']], [[ChromeDriver: chrome on windows (75df211007e189f5b215228a304f9c27)] -> xpath: //div[@data-cy='title-recipe']], [[ChromeDriver: chrome on windows (75df211007e189f5b215228a304f9c27)] -> xpath: //div[@data-cy='title-recipe']]] from the safeFindElements method
20:20:47 [TestNG-test-Test-1] INFO  verifyingProcessorSpeedFilterFunctionality_Mobile_20-15-38 - [verifyingProcessorSpeedFilterFunctionality_Mobile_20-15-38] Within productNameListingPage loop in applyFilterAndValidateProductsWithResult
20:20:47 [TestNG-test-Test-1] INFO  verifyingProcessorSpeedFilterFunctionality_Mobile_20-15-38 - [verifyingProcessorSpeedFilterFunctionality_Mobile_20-15-38] Within getProductByIndex method
20:20:47 [TestNG-test-Test-1] INFO  verifyingProcessorSpeedFilterFunctionality_Mobile_20-15-38 - [verifyingProcessorSpeedFilterFunctionality_Mobile_20-15-38] Within safeFindElement method
20:20:47 [TestNG-test-Test-1] INFO  verifyingProcessorSpeedFilterFunctionality_Mobile_20-15-38 - [verifyingProcessorSpeedFilterFunctionality_Mobile_20-15-38]Found the element returning it ,element ->[[ChromeDriver: chrome on windows (75df211007e189f5b215228a304f9c27)] -> xpath: (//div[@data-cy='title-recipe'])[1]]
20:20:47 [TestNG-test-Test-1] INFO  verifyingProcessorSpeedFilterFunctionality_Mobile_20-15-38 - [verifyingProcessorSpeedFilterFunctionality_Mobile_20-15-38] Within getProductByIndex method
20:20:47 [TestNG-test-Test-1] INFO  verifyingProcessorSpeedFilterFunctionality_Mobile_20-15-38 - [verifyingProcessorSpeedFilterFunctionality_Mobile_20-15-38] Within smoothScrollToElement method
20:20:47 [TestNG-test-Test-1] INFO  verifyingProcessorSpeedFilterFunctionality_Mobile_20-15-38 - [verifyingProcessorSpeedFilterFunctionality_Mobile_20-15-38] Within safeFindElement method
20:20:47 [TestNG-test-Test-1] INFO  verifyingProcessorSpeedFilterFunctionality_Mobile_20-15-38 - [verifyingProcessorSpeedFilterFunctionality_Mobile_20-15-38]Found the element returning it ,element ->[[ChromeDriver: chrome on windows (75df211007e189f5b215228a304f9c27)] -> xpath: (//div[@data-cy='title-recipe'])[1]]
20:20:47 [TestNG-test-Test-1] INFO  verifyingProcessorSpeedFilterFunctionality_Mobile_20-15-38 - [verifyingProcessorSpeedFilterFunctionality_Mobile_20-15-38] Successfully scrolled to element: By.xpath: (//div[@data-cy='title-recipe'])[1]
20:20:47 [TestNG-test-Test-1] INFO  verifyingProcessorSpeedFilterFunctionality_Mobile_20-15-38 - [verifyingProcessorSpeedFilterFunctionality_Mobile_20-15-38] Getting product by index in productNameListingPage loop
20:20:47 [TestNG-test-Test-1] INFO  verifyingProcessorSpeedFilterFunctionality_Mobile_20-15-38 - [verifyingProcessorSpeedFilterFunctionality_Mobile_20-15-38] Opened product in new tab via Ctrl+Click inside productNameListingPage loop
20:20:47 [TestNG-test-Test-1] INFO  verifyingProcessorSpeedFilterFunctionality_Mobile_20-15-38 - [verifyingProcessorSpeedFilterFunctionality_Mobile_20-15-38] Waiting for new window to open...
20:20:47 [TestNG-test-Test-1] INFO  verifyingProcessorSpeedFilterFunctionality_Mobile_20-15-38 - [verifyingProcessorSpeedFilterFunctionality_Mobile_20-15-38] Switched to new window -> 90970208B9E9BC4C25E6C713161E4A44
20:20:47 [TestNG-test-Test-1] INFO  verifyingProcessorSpeedFilterFunctionality_Mobile_20-15-38 - [verifyingProcessorSpeedFilterFunctionality_Mobile_20-15-38] Swithcing to the new window  within productNameListingPage loop
20:20:47 [TestNG-test-Test-1] INFO  verifyingProcessorSpeedFilterFunctionality_Mobile_20-15-38 - [verifyingProcessorSpeedFilterFunctionality_Mobile_20-15-38] Clicked product name to open in new tab from productNameListingPage loop
20:20:47 [TestNG-test-Test-1] INFO  verifyingProcessorSpeedFilterFunctionality_Mobile_20-15-38 - [verifyingProcessorSpeedFilterFunctionality_Mobile_20-15-38] Within safeFindElement method
20:20:50 [TestNG-test-Test-1] INFO  verifyingProcessorSpeedFilterFunctionality_Mobile_20-15-38 - [verifyingProcessorSpeedFilterFunctionality_Mobile_20-15-38]Found the element returning it ,element ->[[ChromeDriver: chrome on windows (75df211007e189f5b215228a304f9c27)] -> xpath: //span[@id='productTitle']]
20:20:50 [TestNG-test-Test-1] INFO  verifyingProcessorSpeedFilterFunctionality_Mobile_20-15-38 - [verifyingProcessorSpeedFilterFunctionality_Mobile_20-15-38] Within safeFindElement method
20:20:50 [TestNG-test-Test-1] INFO  verifyingProcessorSpeedFilterFunctionality_Mobile_20-15-38 - [verifyingProcessorSpeedFilterFunctionality_Mobile_20-15-38]Found the element returning it ,element ->[[ChromeDriver: chrome on windows (75df211007e189f5b215228a304f9c27)] -> xpath: //div[@class='a-section a-spacing-small a-spacing-top-small']]
20:20:50 [TestNG-test-Test-1] INFO  verifyingProcessorSpeedFilterFunctionality_Mobile_20-15-38 - [verifyingProcessorSpeedFilterFunctionality_Mobile_20-15-38] Within safeFindElement method
20:20:50 [TestNG-test-Test-1] INFO  verifyingProcessorSpeedFilterFunctionality_Mobile_20-15-38 - [verifyingProcessorSpeedFilterFunctionality_Mobile_20-15-38]Found the element returning it ,element ->[[ChromeDriver: chrome on windows (75df211007e189f5b215228a304f9c27)] -> xpath: //div[@id='feature-bullets']]
20:20:50 [TestNG-test-Test-1] INFO  verifyingProcessorSpeedFilterFunctionality_Mobile_20-15-38 - [verifyingProcessorSpeedFilterFunctionality_Mobile_20-15-38] Within safeFindElement method
20:20:50 [TestNG-test-Test-1] INFO  verifyingProcessorSpeedFilterFunctionality_Mobile_20-15-38 - [verifyingProcessorSpeedFilterFunctionality_Mobile_20-15-38]Found the element returning it ,element ->[[ChromeDriver: chrome on windows (75df211007e189f5b215228a304f9c27)] -> xpath: //div[@id='prodDetails']]
20:20:50 [TestNG-test-Test-1] INFO  verifyingProcessorSpeedFilterFunctionality_Mobile_20-15-38 - [verifyingProcessorSpeedFilterFunctionality_Mobile_20-15-38] Extracting 'name' , 'keyFeatures', 'about' , 'techDetails' within productNameListingPage loop
20:20:50 [TestNG-test-Test-1] INFO  verifyingProcessorSpeedFilterFunctionality_Mobile_20-15-38 - [verifyingProcessorSpeedFilterFunctionality_Mobile_20-15-38] Waiting until element is visible in viewport
20:21:00 [TestNG-test-Test-1] INFO  verifyingProcessorSpeedFilterFunctionality_Mobile_20-15-38 - [verifyingProcessorSpeedFilterFunctionality_Mobile_20-15-38] Within smoothScrollToElement method
20:21:00 [TestNG-test-Test-1] INFO  verifyingProcessorSpeedFilterFunctionality_Mobile_20-15-38 - [verifyingProcessorSpeedFilterFunctionality_Mobile_20-15-38] Within safeFindElement method
20:21:01 [TestNG-test-Test-1] INFO  verifyingProcessorSpeedFilterFunctionality_Mobile_20-15-38 - [verifyingProcessorSpeedFilterFunctionality_Mobile_20-15-38]Found the element returning it ,element ->[[ChromeDriver: chrome on windows (75df211007e189f5b215228a304f9c27)] -> xpath: //a[@id='seeMoreDetailsLink']]
20:21:01 [TestNG-test-Test-1] INFO  verifyingProcessorSpeedFilterFunctionality_Mobile_20-15-38 - [verifyingProcessorSpeedFilterFunctionality_Mobile_20-15-38] Successfully scrolled to element: By.xpath: //a[@id='seeMoreDetailsLink']
20:21:01 [TestNG-test-Test-1] INFO  verifyingProcessorSpeedFilterFunctionality_Mobile_20-15-38 - [verifyingProcessorSpeedFilterFunctionality_Mobile_20-15-38] Within safeClick method
20:21:02 [TestNG-test-Test-1] INFO  verifyingProcessorSpeedFilterFunctionality_Mobile_20-15-38 - [verifyingProcessorSpeedFilterFunctionality_Mobile_20-15-38] Clicked the  [[ChromeDriver: chrome on windows (75df211007e189f5b215228a304f9c27)] -> xpath: //a[@id='seeMoreDetailsLink']]   using safeClick
20:21:02 [TestNG-test-Test-1] INFO  verifyingProcessorSpeedFilterFunctionality_Mobile_20-15-38 - [verifyingProcessorSpeedFilterFunctionality_Mobile_20-15-38] Within try block for clicking see more deatils within productNameListingPage loop
20:21:02 [TestNG-test-Test-1] INFO  verifyingProcessorSpeedFilterFunctionality_Mobile_20-15-38 - [verifyingProcessorSpeedFilterFunctionality_Mobile_20-15-38] Within closeCurrentWindowAndSwitchBack method
20:21:02 [TestNG-test-Test-1] INFO  verifyingProcessorSpeedFilterFunctionality_Mobile_20-15-38 - [verifyingProcessorSpeedFilterFunctionality_Mobile_20-15-38] Total open windows/tabs count -> 2
20:21:02 [TestNG-test-Test-1] INFO  verifyingProcessorSpeedFilterFunctionality_Mobile_20-15-38 - [verifyingProcessorSpeedFilterFunctionality_Mobile_20-15-38] Original window handle -> CDCEAD40B14BD9DE795B8D6B5A8053F4
20:21:02 [TestNG-test-Test-1] INFO  verifyingProcessorSpeedFilterFunctionality_Mobile_20-15-38 - [verifyingProcessorSpeedFilterFunctionality_Mobile_20-15-38] Found new tab/window handle -> 90970208B9E9BC4C25E6C713161E4A44 (will be closed)
20:21:02 [TestNG-test-Test-1] INFO  verifyingProcessorSpeedFilterFunctionality_Mobile_20-15-38 - [verifyingProcessorSpeedFilterFunctionality_Mobile_20-15-38] Successfully switched to new tab/window -> 90970208B9E9BC4C25E6C713161E4A44
20:21:02 [TestNG-test-Test-1] INFO  verifyingProcessorSpeedFilterFunctionality_Mobile_20-15-38 - [verifyingProcessorSpeedFilterFunctionality_Mobile_20-15-38] Closed the newly opened tab/window -> 90970208B9E9BC4C25E6C713161E4A44
20:21:02 [TestNG-test-Test-1] INFO  verifyingProcessorSpeedFilterFunctionality_Mobile_20-15-38 - [verifyingProcessorSpeedFilterFunctionality_Mobile_20-15-38] Switched back to the original window -> CDCEAD40B14BD9DE795B8D6B5A8053F4
20:21:02 [TestNG-test-Test-1] INFO  verifyingProcessorSpeedFilterFunctionality_Mobile_20-15-38 - [verifyingProcessorSpeedFilterFunctionality_Mobile_20-15-38]  going back to product listing via closeCurrentWindowAndSwitchBack 
20:21:02 [TestNG-test-Test-1] INFO  verifyingProcessorSpeedFilterFunctionality_Mobile_20-15-38 - [verifyingProcessorSpeedFilterFunctionality_Mobile_20-15-38]  Added 'filter','title','keyFeatures', 'about', 'techDetails' into the Map -> productResult
20:21:02 [TestNG-test-Test-1] INFO  verifyingProcessorSpeedFilterFunctionality_Mobile_20-15-38 - [verifyingProcessorSpeedFilterFunctionality_Mobile_20-15-38]  Added 'productResult' Map into the 'results' i.e list of maps 
20:21:02 [TestNG-test-Test-1] INFO  verifyingProcessorSpeedFilterFunctionality_Mobile_20-15-38 - [verifyingProcessorSpeedFilterFunctionality_Mobile_20-15-38]==========================================================================================================
20:21:02 [TestNG-test-Test-1] INFO  verifyingProcessorSpeedFilterFunctionality_Mobile_20-15-38 - [verifyingProcessorSpeedFilterFunctionality_Mobile_20-15-38] Within safeFindElements 
20:21:02 [TestNG-test-Test-1] INFO  verifyingProcessorSpeedFilterFunctionality_Mobile_20-15-38 - [verifyingProcessorSpeedFilterFunctionality_Mobile_20-15-38] Returning the  [[[ChromeDriver: chrome on windows (75df211007e189f5b215228a304f9c27)] -> xpath: //div[@data-cy='title-recipe']], [[ChromeDriver: chrome on windows (75df211007e189f5b215228a304f9c27)] -> xpath: //div[@data-cy='title-recipe']], [[ChromeDriver: chrome on windows (75df211007e189f5b215228a304f9c27)] -> xpath: //div[@data-cy='title-recipe']], [[ChromeDriver: chrome on windows (75df211007e189f5b215228a304f9c27)] -> xpath: //div[@data-cy='title-recipe']], [[ChromeDriver: chrome on windows (75df211007e189f5b215228a304f9c27)] -> xpath: //div[@data-cy='title-recipe']], [[ChromeDriver: chrome on windows (75df211007e189f5b215228a304f9c27)] -> xpath: //div[@data-cy='title-recipe']], [[ChromeDriver: chrome on windows (75df211007e189f5b215228a304f9c27)] -> xpath: //div[@data-cy='title-recipe']], [[ChromeDriver: chrome on windows (75df211007e189f5b215228a304f9c27)] -> xpath: //div[@data-cy='title-recipe']], [[ChromeDriver: chrome on windows (75df211007e189f5b215228a304f9c27)] -> xpath: //div[@data-cy='title-recipe']], [[ChromeDriver: chrome on windows (75df211007e189f5b215228a304f9c27)] -> xpath: //div[@data-cy='title-recipe']], [[ChromeDriver: chrome on windows (75df211007e189f5b215228a304f9c27)] -> xpath: //div[@data-cy='title-recipe']], [[ChromeDriver: chrome on windows (75df211007e189f5b215228a304f9c27)] -> xpath: //div[@data-cy='title-recipe']], [[ChromeDriver: chrome on windows (75df211007e189f5b215228a304f9c27)] -> xpath: //div[@data-cy='title-recipe']], [[ChromeDriver: chrome on windows (75df211007e189f5b215228a304f9c27)] -> xpath: //div[@data-cy='title-recipe']], [[ChromeDriver: chrome on windows (75df211007e189f5b215228a304f9c27)] -> xpath: //div[@data-cy='title-recipe']], [[ChromeDriver: chrome on windows (75df211007e189f5b215228a304f9c27)] -> xpath: //div[@data-cy='title-recipe']]] from the safeFindElements method
20:21:02 [TestNG-test-Test-1] INFO  verifyingProcessorSpeedFilterFunctionality_Mobile_20-15-38 - [verifyingProcessorSpeedFilterFunctionality_Mobile_20-15-38] Within productNameListingPage loop in applyFilterAndValidateProductsWithResult
20:21:02 [TestNG-test-Test-1] INFO  verifyingProcessorSpeedFilterFunctionality_Mobile_20-15-38 - [verifyingProcessorSpeedFilterFunctionality_Mobile_20-15-38] Within getProductByIndex method
20:21:02 [TestNG-test-Test-1] INFO  verifyingProcessorSpeedFilterFunctionality_Mobile_20-15-38 - [verifyingProcessorSpeedFilterFunctionality_Mobile_20-15-38] Within safeFindElement method
20:21:02 [TestNG-test-Test-1] INFO  verifyingProcessorSpeedFilterFunctionality_Mobile_20-15-38 - [verifyingProcessorSpeedFilterFunctionality_Mobile_20-15-38]Found the element returning it ,element ->[[ChromeDriver: chrome on windows (75df211007e189f5b215228a304f9c27)] -> xpath: (//div[@data-cy='title-recipe'])[2]]
20:21:02 [TestNG-test-Test-1] INFO  verifyingProcessorSpeedFilterFunctionality_Mobile_20-15-38 - [verifyingProcessorSpeedFilterFunctionality_Mobile_20-15-38] Within getProductByIndex method
20:21:02 [TestNG-test-Test-1] INFO  verifyingProcessorSpeedFilterFunctionality_Mobile_20-15-38 - [verifyingProcessorSpeedFilterFunctionality_Mobile_20-15-38] Within smoothScrollToElement method
20:21:02 [TestNG-test-Test-1] INFO  verifyingProcessorSpeedFilterFunctionality_Mobile_20-15-38 - [verifyingProcessorSpeedFilterFunctionality_Mobile_20-15-38] Within safeFindElement method
20:21:02 [TestNG-test-Test-1] INFO  verifyingProcessorSpeedFilterFunctionality_Mobile_20-15-38 - [verifyingProcessorSpeedFilterFunctionality_Mobile_20-15-38]Found the element returning it ,element ->[[ChromeDriver: chrome on windows (75df211007e189f5b215228a304f9c27)] -> xpath: (//div[@data-cy='title-recipe'])[2]]
20:21:02 [TestNG-test-Test-1] INFO  verifyingProcessorSpeedFilterFunctionality_Mobile_20-15-38 - [verifyingProcessorSpeedFilterFunctionality_Mobile_20-15-38] Successfully scrolled to element: By.xpath: (//div[@data-cy='title-recipe'])[2]
20:21:02 [TestNG-test-Test-1] INFO  verifyingProcessorSpeedFilterFunctionality_Mobile_20-15-38 - [verifyingProcessorSpeedFilterFunctionality_Mobile_20-15-38] Getting product by index in productNameListingPage loop
20:21:03 [TestNG-test-Test-1] INFO  verifyingProcessorSpeedFilterFunctionality_Mobile_20-15-38 - [verifyingProcessorSpeedFilterFunctionality_Mobile_20-15-38] Opened product in new tab via Ctrl+Click inside productNameListingPage loop
20:21:03 [TestNG-test-Test-1] INFO  verifyingProcessorSpeedFilterFunctionality_Mobile_20-15-38 - [verifyingProcessorSpeedFilterFunctionality_Mobile_20-15-38] Waiting for new window to open...
20:21:03 [TestNG-test-Test-1] INFO  verifyingProcessorSpeedFilterFunctionality_Mobile_20-15-38 - [verifyingProcessorSpeedFilterFunctionality_Mobile_20-15-38] Switched to new window -> F42EC634C5FFE3B49023671F712D46CC
20:21:03 [TestNG-test-Test-1] INFO  verifyingProcessorSpeedFilterFunctionality_Mobile_20-15-38 - [verifyingProcessorSpeedFilterFunctionality_Mobile_20-15-38] Swithcing to the new window  within productNameListingPage loop
20:21:03 [TestNG-test-Test-1] INFO  verifyingProcessorSpeedFilterFunctionality_Mobile_20-15-38 - [verifyingProcessorSpeedFilterFunctionality_Mobile_20-15-38] Clicked product name to open in new tab from productNameListingPage loop
20:21:03 [TestNG-test-Test-1] INFO  verifyingProcessorSpeedFilterFunctionality_Mobile_20-15-38 - [verifyingProcessorSpeedFilterFunctionality_Mobile_20-15-38] Within safeFindElement method
20:21:06 [TestNG-test-Test-1] INFO  verifyingProcessorSpeedFilterFunctionality_Mobile_20-15-38 - [verifyingProcessorSpeedFilterFunctionality_Mobile_20-15-38]Found the element returning it ,element ->[[ChromeDriver: chrome on windows (75df211007e189f5b215228a304f9c27)] -> xpath: //span[@id='productTitle']]
20:21:06 [TestNG-test-Test-1] INFO  verifyingProcessorSpeedFilterFunctionality_Mobile_20-15-38 - [verifyingProcessorSpeedFilterFunctionality_Mobile_20-15-38] Within safeFindElement method
20:21:06 [TestNG-test-Test-1] INFO  verifyingProcessorSpeedFilterFunctionality_Mobile_20-15-38 - [verifyingProcessorSpeedFilterFunctionality_Mobile_20-15-38]Found the element returning it ,element ->[[ChromeDriver: chrome on windows (75df211007e189f5b215228a304f9c27)] -> xpath: //div[@class='a-section a-spacing-small a-spacing-top-small']]
20:21:06 [TestNG-test-Test-1] INFO  verifyingProcessorSpeedFilterFunctionality_Mobile_20-15-38 - [verifyingProcessorSpeedFilterFunctionality_Mobile_20-15-38] Within safeFindElement method
20:21:07 [TestNG-test-Test-1] INFO  verifyingProcessorSpeedFilterFunctionality_Mobile_20-15-38 - [verifyingProcessorSpeedFilterFunctionality_Mobile_20-15-38]Found the element returning it ,element ->[[ChromeDriver: chrome on windows (75df211007e189f5b215228a304f9c27)] -> xpath: //div[@id='feature-bullets']]
20:21:07 [TestNG-test-Test-1] INFO  verifyingProcessorSpeedFilterFunctionality_Mobile_20-15-38 - [verifyingProcessorSpeedFilterFunctionality_Mobile_20-15-38] Within safeFindElement method
20:21:07 [TestNG-test-Test-1] INFO  verifyingProcessorSpeedFilterFunctionality_Mobile_20-15-38 - [verifyingProcessorSpeedFilterFunctionality_Mobile_20-15-38]Found the element returning it ,element ->[[ChromeDriver: chrome on windows (75df211007e189f5b215228a304f9c27)] -> xpath: //div[@id='prodDetails']]
20:21:07 [TestNG-test-Test-1] INFO  verifyingProcessorSpeedFilterFunctionality_Mobile_20-15-38 - [verifyingProcessorSpeedFilterFunctionality_Mobile_20-15-38] Extracting 'name' , 'keyFeatures', 'about' , 'techDetails' within productNameListingPage loop
20:21:07 [TestNG-test-Test-1] INFO  verifyingProcessorSpeedFilterFunctionality_Mobile_20-15-38 - [verifyingProcessorSpeedFilterFunctionality_Mobile_20-15-38] Waiting until element is visible in viewport
20:21:17 [TestNG-test-Test-1] INFO  verifyingProcessorSpeedFilterFunctionality_Mobile_20-15-38 - [verifyingProcessorSpeedFilterFunctionality_Mobile_20-15-38] Within smoothScrollToElement method
20:21:17 [TestNG-test-Test-1] INFO  verifyingProcessorSpeedFilterFunctionality_Mobile_20-15-38 - [verifyingProcessorSpeedFilterFunctionality_Mobile_20-15-38] Within safeFindElement method
20:21:17 [TestNG-test-Test-1] INFO  verifyingProcessorSpeedFilterFunctionality_Mobile_20-15-38 - [verifyingProcessorSpeedFilterFunctionality_Mobile_20-15-38]Found the element returning it ,element ->[[ChromeDriver: chrome on windows (75df211007e189f5b215228a304f9c27)] -> xpath: //a[@id='seeMoreDetailsLink']]
20:21:17 [TestNG-test-Test-1] INFO  verifyingProcessorSpeedFilterFunctionality_Mobile_20-15-38 - [verifyingProcessorSpeedFilterFunctionality_Mobile_20-15-38] Successfully scrolled to element: By.xpath: //a[@id='seeMoreDetailsLink']
20:21:17 [TestNG-test-Test-1] INFO  verifyingProcessorSpeedFilterFunctionality_Mobile_20-15-38 - [verifyingProcessorSpeedFilterFunctionality_Mobile_20-15-38] Within safeClick method
20:21:18 [TestNG-test-Test-1] INFO  verifyingProcessorSpeedFilterFunctionality_Mobile_20-15-38 - [verifyingProcessorSpeedFilterFunctionality_Mobile_20-15-38] Clicked the  [[ChromeDriver: chrome on windows (75df211007e189f5b215228a304f9c27)] -> xpath: //a[@id='seeMoreDetailsLink']]   using safeClick
20:21:18 [TestNG-test-Test-1] INFO  verifyingProcessorSpeedFilterFunctionality_Mobile_20-15-38 - [verifyingProcessorSpeedFilterFunctionality_Mobile_20-15-38] Within try block for clicking see more deatils within productNameListingPage loop
20:21:18 [TestNG-test-Test-1] INFO  verifyingProcessorSpeedFilterFunctionality_Mobile_20-15-38 - [verifyingProcessorSpeedFilterFunctionality_Mobile_20-15-38] Within closeCurrentWindowAndSwitchBack method
20:21:18 [TestNG-test-Test-1] INFO  verifyingProcessorSpeedFilterFunctionality_Mobile_20-15-38 - [verifyingProcessorSpeedFilterFunctionality_Mobile_20-15-38] Total open windows/tabs count -> 2
20:21:18 [TestNG-test-Test-1] INFO  verifyingProcessorSpeedFilterFunctionality_Mobile_20-15-38 - [verifyingProcessorSpeedFilterFunctionality_Mobile_20-15-38] Original window handle -> CDCEAD40B14BD9DE795B8D6B5A8053F4
20:21:18 [TestNG-test-Test-1] INFO  verifyingProcessorSpeedFilterFunctionality_Mobile_20-15-38 - [verifyingProcessorSpeedFilterFunctionality_Mobile_20-15-38] Found new tab/window handle -> F42EC634C5FFE3B49023671F712D46CC (will be closed)
20:21:18 [TestNG-test-Test-1] INFO  verifyingProcessorSpeedFilterFunctionality_Mobile_20-15-38 - [verifyingProcessorSpeedFilterFunctionality_Mobile_20-15-38] Successfully switched to new tab/window -> F42EC634C5FFE3B49023671F712D46CC
20:21:18 [TestNG-test-Test-1] INFO  verifyingProcessorSpeedFilterFunctionality_Mobile_20-15-38 - [verifyingProcessorSpeedFilterFunctionality_Mobile_20-15-38] Closed the newly opened tab/window -> F42EC634C5FFE3B49023671F712D46CC
20:21:18 [TestNG-test-Test-1] INFO  verifyingProcessorSpeedFilterFunctionality_Mobile_20-15-38 - [verifyingProcessorSpeedFilterFunctionality_Mobile_20-15-38] Switched back to the original window -> CDCEAD40B14BD9DE795B8D6B5A8053F4
20:21:18 [TestNG-test-Test-1] INFO  verifyingProcessorSpeedFilterFunctionality_Mobile_20-15-38 - [verifyingProcessorSpeedFilterFunctionality_Mobile_20-15-38]  going back to product listing via closeCurrentWindowAndSwitchBack 
20:21:18 [TestNG-test-Test-1] INFO  verifyingProcessorSpeedFilterFunctionality_Mobile_20-15-38 - [verifyingProcessorSpeedFilterFunctionality_Mobile_20-15-38]  Added 'filter','title','keyFeatures', 'about', 'techDetails' into the Map -> productResult
20:21:18 [TestNG-test-Test-1] INFO  verifyingProcessorSpeedFilterFunctionality_Mobile_20-15-38 - [verifyingProcessorSpeedFilterFunctionality_Mobile_20-15-38]  Added 'productResult' Map into the 'results' i.e list of maps 
20:21:18 [TestNG-test-Test-1] INFO  verifyingProcessorSpeedFilterFunctionality_Mobile_20-15-38 - [verifyingProcessorSpeedFilterFunctionality_Mobile_20-15-38]==========================================================================================================
20:21:18 [TestNG-test-Test-1] INFO  verifyingProcessorSpeedFilterFunctionality_Mobile_20-15-38 - [verifyingProcessorSpeedFilterFunctionality_Mobile_20-15-38] Within safeFindElements 
20:21:18 [TestNG-test-Test-1] INFO  verifyingProcessorSpeedFilterFunctionality_Mobile_20-15-38 - [verifyingProcessorSpeedFilterFunctionality_Mobile_20-15-38] Returning the  [[[ChromeDriver: chrome on windows (75df211007e189f5b215228a304f9c27)] -> xpath: //div[@data-cy='title-recipe']], [[ChromeDriver: chrome on windows (75df211007e189f5b215228a304f9c27)] -> xpath: //div[@data-cy='title-recipe']], [[ChromeDriver: chrome on windows (75df211007e189f5b215228a304f9c27)] -> xpath: //div[@data-cy='title-recipe']], [[ChromeDriver: chrome on windows (75df211007e189f5b215228a304f9c27)] -> xpath: //div[@data-cy='title-recipe']], [[ChromeDriver: chrome on windows (75df211007e189f5b215228a304f9c27)] -> xpath: //div[@data-cy='title-recipe']], [[ChromeDriver: chrome on windows (75df211007e189f5b215228a304f9c27)] -> xpath: //div[@data-cy='title-recipe']], [[ChromeDriver: chrome on windows (75df211007e189f5b215228a304f9c27)] -> xpath: //div[@data-cy='title-recipe']], [[ChromeDriver: chrome on windows (75df211007e189f5b215228a304f9c27)] -> xpath: //div[@data-cy='title-recipe']], [[ChromeDriver: chrome on windows (75df211007e189f5b215228a304f9c27)] -> xpath: //div[@data-cy='title-recipe']], [[ChromeDriver: chrome on windows (75df211007e189f5b215228a304f9c27)] -> xpath: //div[@data-cy='title-recipe']], [[ChromeDriver: chrome on windows (75df211007e189f5b215228a304f9c27)] -> xpath: //div[@data-cy='title-recipe']], [[ChromeDriver: chrome on windows (75df211007e189f5b215228a304f9c27)] -> xpath: //div[@data-cy='title-recipe']], [[ChromeDriver: chrome on windows (75df211007e189f5b215228a304f9c27)] -> xpath: //div[@data-cy='title-recipe']], [[ChromeDriver: chrome on windows (75df211007e189f5b215228a304f9c27)] -> xpath: //div[@data-cy='title-recipe']], [[ChromeDriver: chrome on windows (75df211007e189f5b215228a304f9c27)] -> xpath: //div[@data-cy='title-recipe']], [[ChromeDriver: chrome on windows (75df211007e189f5b215228a304f9c27)] -> xpath: //div[@data-cy='title-recipe']]] from the safeFindElements method
20:21:18 [TestNG-test-Test-1] INFO  verifyingProcessorSpeedFilterFunctionality_Mobile_20-15-38 - [verifyingProcessorSpeedFilterFunctionality_Mobile_20-15-38] Within productNameListingPage loop in applyFilterAndValidateProductsWithResult
20:21:18 [TestNG-test-Test-1] INFO  verifyingProcessorSpeedFilterFunctionality_Mobile_20-15-38 - [verifyingProcessorSpeedFilterFunctionality_Mobile_20-15-38] Within getProductByIndex method
20:21:18 [TestNG-test-Test-1] INFO  verifyingProcessorSpeedFilterFunctionality_Mobile_20-15-38 - [verifyingProcessorSpeedFilterFunctionality_Mobile_20-15-38] Within safeFindElement method
20:21:18 [TestNG-test-Test-1] INFO  verifyingProcessorSpeedFilterFunctionality_Mobile_20-15-38 - [verifyingProcessorSpeedFilterFunctionality_Mobile_20-15-38]Found the element returning it ,element ->[[ChromeDriver: chrome on windows (75df211007e189f5b215228a304f9c27)] -> xpath: (//div[@data-cy='title-recipe'])[3]]
20:21:18 [TestNG-test-Test-1] INFO  verifyingProcessorSpeedFilterFunctionality_Mobile_20-15-38 - [verifyingProcessorSpeedFilterFunctionality_Mobile_20-15-38] Within getProductByIndex method
20:21:18 [TestNG-test-Test-1] INFO  verifyingProcessorSpeedFilterFunctionality_Mobile_20-15-38 - [verifyingProcessorSpeedFilterFunctionality_Mobile_20-15-38] Within smoothScrollToElement method
20:21:18 [TestNG-test-Test-1] INFO  verifyingProcessorSpeedFilterFunctionality_Mobile_20-15-38 - [verifyingProcessorSpeedFilterFunctionality_Mobile_20-15-38] Within safeFindElement method
20:21:18 [TestNG-test-Test-1] INFO  verifyingProcessorSpeedFilterFunctionality_Mobile_20-15-38 - [verifyingProcessorSpeedFilterFunctionality_Mobile_20-15-38]Found the element returning it ,element ->[[ChromeDriver: chrome on windows (75df211007e189f5b215228a304f9c27)] -> xpath: (//div[@data-cy='title-recipe'])[3]]
20:21:18 [TestNG-test-Test-1] INFO  verifyingProcessorSpeedFilterFunctionality_Mobile_20-15-38 - [verifyingProcessorSpeedFilterFunctionality_Mobile_20-15-38] Successfully scrolled to element: By.xpath: (//div[@data-cy='title-recipe'])[3]
20:21:18 [TestNG-test-Test-1] INFO  verifyingProcessorSpeedFilterFunctionality_Mobile_20-15-38 - [verifyingProcessorSpeedFilterFunctionality_Mobile_20-15-38] Getting product by index in productNameListingPage loop
20:21:19 [TestNG-test-Test-1] INFO  verifyingProcessorSpeedFilterFunctionality_Mobile_20-15-38 - [verifyingProcessorSpeedFilterFunctionality_Mobile_20-15-38] Opened product in new tab via Ctrl+Click inside productNameListingPage loop
20:21:19 [TestNG-test-Test-1] INFO  verifyingProcessorSpeedFilterFunctionality_Mobile_20-15-38 - [verifyingProcessorSpeedFilterFunctionality_Mobile_20-15-38] Waiting for new window to open...
20:21:19 [TestNG-test-Test-1] INFO  verifyingProcessorSpeedFilterFunctionality_Mobile_20-15-38 - [verifyingProcessorSpeedFilterFunctionality_Mobile_20-15-38] Switched to new window -> F00402A44A1A968D97D5C58239EF1403
20:21:19 [TestNG-test-Test-1] INFO  verifyingProcessorSpeedFilterFunctionality_Mobile_20-15-38 - [verifyingProcessorSpeedFilterFunctionality_Mobile_20-15-38] Swithcing to the new window  within productNameListingPage loop
20:21:19 [TestNG-test-Test-1] INFO  verifyingProcessorSpeedFilterFunctionality_Mobile_20-15-38 - [verifyingProcessorSpeedFilterFunctionality_Mobile_20-15-38] Clicked product name to open in new tab from productNameListingPage loop
20:21:19 [TestNG-test-Test-1] INFO  verifyingProcessorSpeedFilterFunctionality_Mobile_20-15-38 - [verifyingProcessorSpeedFilterFunctionality_Mobile_20-15-38] Within safeFindElement method
20:21:22 [TestNG-test-Test-1] INFO  verifyingProcessorSpeedFilterFunctionality_Mobile_20-15-38 - [verifyingProcessorSpeedFilterFunctionality_Mobile_20-15-38]Found the element returning it ,element ->[[ChromeDriver: chrome on windows (75df211007e189f5b215228a304f9c27)] -> xpath: //span[@id='productTitle']]
20:21:22 [TestNG-test-Test-1] INFO  verifyingProcessorSpeedFilterFunctionality_Mobile_20-15-38 - [verifyingProcessorSpeedFilterFunctionality_Mobile_20-15-38] Within safeFindElement method
20:21:22 [TestNG-test-Test-1] INFO  verifyingProcessorSpeedFilterFunctionality_Mobile_20-15-38 - [verifyingProcessorSpeedFilterFunctionality_Mobile_20-15-38]Found the element returning it ,element ->[[ChromeDriver: chrome on windows (75df211007e189f5b215228a304f9c27)] -> xpath: //div[@class='a-section a-spacing-small a-spacing-top-small']]
20:21:22 [TestNG-test-Test-1] INFO  verifyingProcessorSpeedFilterFunctionality_Mobile_20-15-38 - [verifyingProcessorSpeedFilterFunctionality_Mobile_20-15-38] Within safeFindElement method
20:21:22 [TestNG-test-Test-1] INFO  verifyingProcessorSpeedFilterFunctionality_Mobile_20-15-38 - [verifyingProcessorSpeedFilterFunctionality_Mobile_20-15-38]Found the element returning it ,element ->[[ChromeDriver: chrome on windows (75df211007e189f5b215228a304f9c27)] -> xpath: //div[@id='feature-bullets']]
20:21:22 [TestNG-test-Test-1] INFO  verifyingProcessorSpeedFilterFunctionality_Mobile_20-15-38 - [verifyingProcessorSpeedFilterFunctionality_Mobile_20-15-38] Within safeFindElement method
20:21:22 [TestNG-test-Test-1] INFO  verifyingProcessorSpeedFilterFunctionality_Mobile_20-15-38 - [verifyingProcessorSpeedFilterFunctionality_Mobile_20-15-38]Found the element returning it ,element ->[[ChromeDriver: chrome on windows (75df211007e189f5b215228a304f9c27)] -> xpath: //div[@id='prodDetails']]
20:21:22 [TestNG-test-Test-1] INFO  verifyingProcessorSpeedFilterFunctionality_Mobile_20-15-38 - [verifyingProcessorSpeedFilterFunctionality_Mobile_20-15-38] Extracting 'name' , 'keyFeatures', 'about' , 'techDetails' within productNameListingPage loop
20:21:22 [TestNG-test-Test-1] INFO  verifyingProcessorSpeedFilterFunctionality_Mobile_20-15-38 - [verifyingProcessorSpeedFilterFunctionality_Mobile_20-15-38] Waiting until element is visible in viewport
20:21:33 [TestNG-test-Test-1] INFO  verifyingProcessorSpeedFilterFunctionality_Mobile_20-15-38 - [verifyingProcessorSpeedFilterFunctionality_Mobile_20-15-38] Within smoothScrollToElement method
20:21:33 [TestNG-test-Test-1] INFO  verifyingProcessorSpeedFilterFunctionality_Mobile_20-15-38 - [verifyingProcessorSpeedFilterFunctionality_Mobile_20-15-38] Within safeFindElement method
20:21:33 [TestNG-test-Test-1] INFO  verifyingProcessorSpeedFilterFunctionality_Mobile_20-15-38 - [verifyingProcessorSpeedFilterFunctionality_Mobile_20-15-38]Found the element returning it ,element ->[[ChromeDriver: chrome on windows (75df211007e189f5b215228a304f9c27)] -> xpath: //a[@id='seeMoreDetailsLink']]
20:21:33 [TestNG-test-Test-1] INFO  verifyingProcessorSpeedFilterFunctionality_Mobile_20-15-38 - [verifyingProcessorSpeedFilterFunctionality_Mobile_20-15-38] Successfully scrolled to element: By.xpath: //a[@id='seeMoreDetailsLink']
20:21:33 [TestNG-test-Test-1] INFO  verifyingProcessorSpeedFilterFunctionality_Mobile_20-15-38 - [verifyingProcessorSpeedFilterFunctionality_Mobile_20-15-38] Within safeClick method
20:21:33 [TestNG-test-Test-1] INFO  verifyingProcessorSpeedFilterFunctionality_Mobile_20-15-38 - [verifyingProcessorSpeedFilterFunctionality_Mobile_20-15-38] Clicked the  [[ChromeDriver: chrome on windows (75df211007e189f5b215228a304f9c27)] -> xpath: //a[@id='seeMoreDetailsLink']]   using safeClick
20:21:33 [TestNG-test-Test-1] INFO  verifyingProcessorSpeedFilterFunctionality_Mobile_20-15-38 - [verifyingProcessorSpeedFilterFunctionality_Mobile_20-15-38] Within try block for clicking see more deatils within productNameListingPage loop
20:21:33 [TestNG-test-Test-1] INFO  verifyingProcessorSpeedFilterFunctionality_Mobile_20-15-38 - [verifyingProcessorSpeedFilterFunctionality_Mobile_20-15-38] Within closeCurrentWindowAndSwitchBack method
20:21:33 [TestNG-test-Test-1] INFO  verifyingProcessorSpeedFilterFunctionality_Mobile_20-15-38 - [verifyingProcessorSpeedFilterFunctionality_Mobile_20-15-38] Total open windows/tabs count -> 2
20:21:33 [TestNG-test-Test-1] INFO  verifyingProcessorSpeedFilterFunctionality_Mobile_20-15-38 - [verifyingProcessorSpeedFilterFunctionality_Mobile_20-15-38] Original window handle -> CDCEAD40B14BD9DE795B8D6B5A8053F4
20:21:33 [TestNG-test-Test-1] INFO  verifyingProcessorSpeedFilterFunctionality_Mobile_20-15-38 - [verifyingProcessorSpeedFilterFunctionality_Mobile_20-15-38] Found new tab/window handle -> F00402A44A1A968D97D5C58239EF1403 (will be closed)
20:21:33 [TestNG-test-Test-1] INFO  verifyingProcessorSpeedFilterFunctionality_Mobile_20-15-38 - [verifyingProcessorSpeedFilterFunctionality_Mobile_20-15-38] Successfully switched to new tab/window -> F00402A44A1A968D97D5C58239EF1403
20:21:34 [TestNG-test-Test-1] INFO  verifyingProcessorSpeedFilterFunctionality_Mobile_20-15-38 - [verifyingProcessorSpeedFilterFunctionality_Mobile_20-15-38] Closed the newly opened tab/window -> F00402A44A1A968D97D5C58239EF1403
20:21:34 [TestNG-test-Test-1] INFO  verifyingProcessorSpeedFilterFunctionality_Mobile_20-15-38 - [verifyingProcessorSpeedFilterFunctionality_Mobile_20-15-38] Switched back to the original window -> CDCEAD40B14BD9DE795B8D6B5A8053F4
20:21:34 [TestNG-test-Test-1] INFO  verifyingProcessorSpeedFilterFunctionality_Mobile_20-15-38 - [verifyingProcessorSpeedFilterFunctionality_Mobile_20-15-38]  going back to product listing via closeCurrentWindowAndSwitchBack 
20:21:34 [TestNG-test-Test-1] INFO  verifyingProcessorSpeedFilterFunctionality_Mobile_20-15-38 - [verifyingProcessorSpeedFilterFunctionality_Mobile_20-15-38]  Added 'filter','title','keyFeatures', 'about', 'techDetails' into the Map -> productResult
20:21:34 [TestNG-test-Test-1] INFO  verifyingProcessorSpeedFilterFunctionality_Mobile_20-15-38 - [verifyingProcessorSpeedFilterFunctionality_Mobile_20-15-38]  Added 'productResult' Map into the 'results' i.e list of maps 
20:21:34 [TestNG-test-Test-1] INFO  verifyingProcessorSpeedFilterFunctionality_Mobile_20-15-38 - [verifyingProcessorSpeedFilterFunctionality_Mobile_20-15-38]==========================================================================================================
20:21:34 [TestNG-test-Test-1] INFO  verifyingProcessorSpeedFilterFunctionality_Mobile_20-15-38 - [verifyingProcessorSpeedFilterFunctionality_Mobile_20-15-38] Within safeFindElements 
20:21:34 [TestNG-test-Test-1] INFO  verifyingProcessorSpeedFilterFunctionality_Mobile_20-15-38 - [verifyingProcessorSpeedFilterFunctionality_Mobile_20-15-38] Returning the  [[[ChromeDriver: chrome on windows (75df211007e189f5b215228a304f9c27)] -> xpath: //div[@data-cy='title-recipe']], [[ChromeDriver: chrome on windows (75df211007e189f5b215228a304f9c27)] -> xpath: //div[@data-cy='title-recipe']], [[ChromeDriver: chrome on windows (75df211007e189f5b215228a304f9c27)] -> xpath: //div[@data-cy='title-recipe']], [[ChromeDriver: chrome on windows (75df211007e189f5b215228a304f9c27)] -> xpath: //div[@data-cy='title-recipe']], [[ChromeDriver: chrome on windows (75df211007e189f5b215228a304f9c27)] -> xpath: //div[@data-cy='title-recipe']], [[ChromeDriver: chrome on windows (75df211007e189f5b215228a304f9c27)] -> xpath: //div[@data-cy='title-recipe']], [[ChromeDriver: chrome on windows (75df211007e189f5b215228a304f9c27)] -> xpath: //div[@data-cy='title-recipe']], [[ChromeDriver: chrome on windows (75df211007e189f5b215228a304f9c27)] -> xpath: //div[@data-cy='title-recipe']], [[ChromeDriver: chrome on windows (75df211007e189f5b215228a304f9c27)] -> xpath: //div[@data-cy='title-recipe']], [[ChromeDriver: chrome on windows (75df211007e189f5b215228a304f9c27)] -> xpath: //div[@data-cy='title-recipe']], [[ChromeDriver: chrome on windows (75df211007e189f5b215228a304f9c27)] -> xpath: //div[@data-cy='title-recipe']], [[ChromeDriver: chrome on windows (75df211007e189f5b215228a304f9c27)] -> xpath: //div[@data-cy='title-recipe']], [[ChromeDriver: chrome on windows (75df211007e189f5b215228a304f9c27)] -> xpath: //div[@data-cy='title-recipe']], [[ChromeDriver: chrome on windows (75df211007e189f5b215228a304f9c27)] -> xpath: //div[@data-cy='title-recipe']], [[ChromeDriver: chrome on windows (75df211007e189f5b215228a304f9c27)] -> xpath: //div[@data-cy='title-recipe']], [[ChromeDriver: chrome on windows (75df211007e189f5b215228a304f9c27)] -> xpath: //div[@data-cy='title-recipe']]] from the safeFindElements method
20:21:34 [TestNG-test-Test-1] INFO  verifyingProcessorSpeedFilterFunctionality_Mobile_20-15-38 - [verifyingProcessorSpeedFilterFunctionality_Mobile_20-15-38] Within productNameListingPage loop in applyFilterAndValidateProductsWithResult
20:21:34 [TestNG-test-Test-1] INFO  verifyingProcessorSpeedFilterFunctionality_Mobile_20-15-38 - [verifyingProcessorSpeedFilterFunctionality_Mobile_20-15-38] Within getProductByIndex method
20:21:34 [TestNG-test-Test-1] INFO  verifyingProcessorSpeedFilterFunctionality_Mobile_20-15-38 - [verifyingProcessorSpeedFilterFunctionality_Mobile_20-15-38] Within safeFindElement method
20:21:34 [TestNG-test-Test-1] INFO  verifyingProcessorSpeedFilterFunctionality_Mobile_20-15-38 - [verifyingProcessorSpeedFilterFunctionality_Mobile_20-15-38]Found the element returning it ,element ->[[ChromeDriver: chrome on windows (75df211007e189f5b215228a304f9c27)] -> xpath: (//div[@data-cy='title-recipe'])[4]]
20:21:34 [TestNG-test-Test-1] INFO  verifyingProcessorSpeedFilterFunctionality_Mobile_20-15-38 - [verifyingProcessorSpeedFilterFunctionality_Mobile_20-15-38] Within getProductByIndex method
20:21:34 [TestNG-test-Test-1] INFO  verifyingProcessorSpeedFilterFunctionality_Mobile_20-15-38 - [verifyingProcessorSpeedFilterFunctionality_Mobile_20-15-38] Within smoothScrollToElement method
20:21:34 [TestNG-test-Test-1] INFO  verifyingProcessorSpeedFilterFunctionality_Mobile_20-15-38 - [verifyingProcessorSpeedFilterFunctionality_Mobile_20-15-38] Within safeFindElement method
20:21:34 [TestNG-test-Test-1] INFO  verifyingProcessorSpeedFilterFunctionality_Mobile_20-15-38 - [verifyingProcessorSpeedFilterFunctionality_Mobile_20-15-38]Found the element returning it ,element ->[[ChromeDriver: chrome on windows (75df211007e189f5b215228a304f9c27)] -> xpath: (//div[@data-cy='title-recipe'])[4]]
20:21:34 [TestNG-test-Test-1] INFO  verifyingProcessorSpeedFilterFunctionality_Mobile_20-15-38 - [verifyingProcessorSpeedFilterFunctionality_Mobile_20-15-38] Successfully scrolled to element: By.xpath: (//div[@data-cy='title-recipe'])[4]
20:21:34 [TestNG-test-Test-1] INFO  verifyingProcessorSpeedFilterFunctionality_Mobile_20-15-38 - [verifyingProcessorSpeedFilterFunctionality_Mobile_20-15-38] Getting product by index in productNameListingPage loop
20:21:34 [TestNG-test-Test-1] INFO  verifyingProcessorSpeedFilterFunctionality_Mobile_20-15-38 - [verifyingProcessorSpeedFilterFunctionality_Mobile_20-15-38] Opened product in new tab via Ctrl+Click inside productNameListingPage loop
20:21:34 [TestNG-test-Test-1] INFO  verifyingProcessorSpeedFilterFunctionality_Mobile_20-15-38 - [verifyingProcessorSpeedFilterFunctionality_Mobile_20-15-38] Waiting for new window to open...
20:21:35 [TestNG-test-Test-1] INFO  verifyingProcessorSpeedFilterFunctionality_Mobile_20-15-38 - [verifyingProcessorSpeedFilterFunctionality_Mobile_20-15-38] Switched to new window -> 51DBAE99419F6E468088218B1210054F
20:21:35 [TestNG-test-Test-1] INFO  verifyingProcessorSpeedFilterFunctionality_Mobile_20-15-38 - [verifyingProcessorSpeedFilterFunctionality_Mobile_20-15-38] Swithcing to the new window  within productNameListingPage loop
20:21:35 [TestNG-test-Test-1] INFO  verifyingProcessorSpeedFilterFunctionality_Mobile_20-15-38 - [verifyingProcessorSpeedFilterFunctionality_Mobile_20-15-38] Clicked product name to open in new tab from productNameListingPage loop
20:21:35 [TestNG-test-Test-1] INFO  verifyingProcessorSpeedFilterFunctionality_Mobile_20-15-38 - [verifyingProcessorSpeedFilterFunctionality_Mobile_20-15-38] Within safeFindElement method
20:21:37 [TestNG-test-Test-1] INFO  verifyingProcessorSpeedFilterFunctionality_Mobile_20-15-38 - [verifyingProcessorSpeedFilterFunctionality_Mobile_20-15-38]Found the element returning it ,element ->[[ChromeDriver: chrome on windows (75df211007e189f5b215228a304f9c27)] -> xpath: //span[@id='productTitle']]
20:21:37 [TestNG-test-Test-1] INFO  verifyingProcessorSpeedFilterFunctionality_Mobile_20-15-38 - [verifyingProcessorSpeedFilterFunctionality_Mobile_20-15-38] Within safeFindElement method
20:21:37 [TestNG-test-Test-1] INFO  verifyingProcessorSpeedFilterFunctionality_Mobile_20-15-38 - [verifyingProcessorSpeedFilterFunctionality_Mobile_20-15-38]Found the element returning it ,element ->[[ChromeDriver: chrome on windows (75df211007e189f5b215228a304f9c27)] -> xpath: //div[@class='a-section a-spacing-small a-spacing-top-small']]
20:21:37 [TestNG-test-Test-1] INFO  verifyingProcessorSpeedFilterFunctionality_Mobile_20-15-38 - [verifyingProcessorSpeedFilterFunctionality_Mobile_20-15-38] Within safeFindElement method
20:21:37 [TestNG-test-Test-1] INFO  verifyingProcessorSpeedFilterFunctionality_Mobile_20-15-38 - [verifyingProcessorSpeedFilterFunctionality_Mobile_20-15-38]Found the element returning it ,element ->[[ChromeDriver: chrome on windows (75df211007e189f5b215228a304f9c27)] -> xpath: //div[@id='feature-bullets']]
20:21:37 [TestNG-test-Test-1] INFO  verifyingProcessorSpeedFilterFunctionality_Mobile_20-15-38 - [verifyingProcessorSpeedFilterFunctionality_Mobile_20-15-38] Within safeFindElement method
20:21:37 [TestNG-test-Test-1] INFO  verifyingProcessorSpeedFilterFunctionality_Mobile_20-15-38 - [verifyingProcessorSpeedFilterFunctionality_Mobile_20-15-38]Found the element returning it ,element ->[[ChromeDriver: chrome on windows (75df211007e189f5b215228a304f9c27)] -> xpath: //div[@id='prodDetails']]
20:21:37 [TestNG-test-Test-1] INFO  verifyingProcessorSpeedFilterFunctionality_Mobile_20-15-38 - [verifyingProcessorSpeedFilterFunctionality_Mobile_20-15-38] Extracting 'name' , 'keyFeatures', 'about' , 'techDetails' within productNameListingPage loop
20:21:37 [TestNG-test-Test-1] INFO  verifyingProcessorSpeedFilterFunctionality_Mobile_20-15-38 - [verifyingProcessorSpeedFilterFunctionality_Mobile_20-15-38] Waiting until element is visible in viewport
20:21:48 [TestNG-test-Test-1] INFO  verifyingProcessorSpeedFilterFunctionality_Mobile_20-15-38 - [verifyingProcessorSpeedFilterFunctionality_Mobile_20-15-38] Within smoothScrollToElement method
20:21:48 [TestNG-test-Test-1] INFO  verifyingProcessorSpeedFilterFunctionality_Mobile_20-15-38 - [verifyingProcessorSpeedFilterFunctionality_Mobile_20-15-38] Within safeFindElement method
20:21:48 [TestNG-test-Test-1] INFO  verifyingProcessorSpeedFilterFunctionality_Mobile_20-15-38 - [verifyingProcessorSpeedFilterFunctionality_Mobile_20-15-38]Found the element returning it ,element ->[[ChromeDriver: chrome on windows (75df211007e189f5b215228a304f9c27)] -> xpath: //a[@id='seeMoreDetailsLink']]
20:21:48 [TestNG-test-Test-1] INFO  verifyingProcessorSpeedFilterFunctionality_Mobile_20-15-38 - [verifyingProcessorSpeedFilterFunctionality_Mobile_20-15-38] Successfully scrolled to element: By.xpath: //a[@id='seeMoreDetailsLink']
20:21:48 [TestNG-test-Test-1] INFO  verifyingProcessorSpeedFilterFunctionality_Mobile_20-15-38 - [verifyingProcessorSpeedFilterFunctionality_Mobile_20-15-38] Within safeClick method
20:21:48 [TestNG-test-Test-1] INFO  verifyingProcessorSpeedFilterFunctionality_Mobile_20-15-38 - [verifyingProcessorSpeedFilterFunctionality_Mobile_20-15-38] Clicked the  [[ChromeDriver: chrome on windows (75df211007e189f5b215228a304f9c27)] -> xpath: //a[@id='seeMoreDetailsLink']]   using safeClick
20:21:48 [TestNG-test-Test-1] INFO  verifyingProcessorSpeedFilterFunctionality_Mobile_20-15-38 - [verifyingProcessorSpeedFilterFunctionality_Mobile_20-15-38] Within try block for clicking see more deatils within productNameListingPage loop
20:21:48 [TestNG-test-Test-1] INFO  verifyingProcessorSpeedFilterFunctionality_Mobile_20-15-38 - [verifyingProcessorSpeedFilterFunctionality_Mobile_20-15-38] Within closeCurrentWindowAndSwitchBack method
20:21:48 [TestNG-test-Test-1] INFO  verifyingProcessorSpeedFilterFunctionality_Mobile_20-15-38 - [verifyingProcessorSpeedFilterFunctionality_Mobile_20-15-38] Total open windows/tabs count -> 2
20:21:48 [TestNG-test-Test-1] INFO  verifyingProcessorSpeedFilterFunctionality_Mobile_20-15-38 - [verifyingProcessorSpeedFilterFunctionality_Mobile_20-15-38] Original window handle -> CDCEAD40B14BD9DE795B8D6B5A8053F4
20:21:48 [TestNG-test-Test-1] INFO  verifyingProcessorSpeedFilterFunctionality_Mobile_20-15-38 - [verifyingProcessorSpeedFilterFunctionality_Mobile_20-15-38] Found new tab/window handle -> 51DBAE99419F6E468088218B1210054F (will be closed)
20:21:48 [TestNG-test-Test-1] INFO  verifyingProcessorSpeedFilterFunctionality_Mobile_20-15-38 - [verifyingProcessorSpeedFilterFunctionality_Mobile_20-15-38] Successfully switched to new tab/window -> 51DBAE99419F6E468088218B1210054F
20:21:48 [TestNG-test-Test-1] INFO  verifyingProcessorSpeedFilterFunctionality_Mobile_20-15-38 - [verifyingProcessorSpeedFilterFunctionality_Mobile_20-15-38] Closed the newly opened tab/window -> 51DBAE99419F6E468088218B1210054F
20:21:48 [TestNG-test-Test-1] INFO  verifyingProcessorSpeedFilterFunctionality_Mobile_20-15-38 - [verifyingProcessorSpeedFilterFunctionality_Mobile_20-15-38] Switched back to the original window -> CDCEAD40B14BD9DE795B8D6B5A8053F4
20:21:48 [TestNG-test-Test-1] INFO  verifyingProcessorSpeedFilterFunctionality_Mobile_20-15-38 - [verifyingProcessorSpeedFilterFunctionality_Mobile_20-15-38]  going back to product listing via closeCurrentWindowAndSwitchBack 
20:21:48 [TestNG-test-Test-1] INFO  verifyingProcessorSpeedFilterFunctionality_Mobile_20-15-38 - [verifyingProcessorSpeedFilterFunctionality_Mobile_20-15-38]  Added 'filter','title','keyFeatures', 'about', 'techDetails' into the Map -> productResult
20:21:48 [TestNG-test-Test-1] INFO  verifyingProcessorSpeedFilterFunctionality_Mobile_20-15-38 - [verifyingProcessorSpeedFilterFunctionality_Mobile_20-15-38]  Added 'productResult' Map into the 'results' i.e list of maps 
20:21:48 [TestNG-test-Test-1] INFO  verifyingProcessorSpeedFilterFunctionality_Mobile_20-15-38 - [verifyingProcessorSpeedFilterFunctionality_Mobile_20-15-38]==========================================================================================================
20:21:48 [TestNG-test-Test-1] INFO  verifyingProcessorSpeedFilterFunctionality_Mobile_20-15-38 - [verifyingProcessorSpeedFilterFunctionality_Mobile_20-15-38] Within safeFindElements 
20:21:48 [TestNG-test-Test-1] INFO  verifyingProcessorSpeedFilterFunctionality_Mobile_20-15-38 - [verifyingProcessorSpeedFilterFunctionality_Mobile_20-15-38] Returning the  [[[ChromeDriver: chrome on windows (75df211007e189f5b215228a304f9c27)] -> xpath: //div[@data-cy='title-recipe']], [[ChromeDriver: chrome on windows (75df211007e189f5b215228a304f9c27)] -> xpath: //div[@data-cy='title-recipe']], [[ChromeDriver: chrome on windows (75df211007e189f5b215228a304f9c27)] -> xpath: //div[@data-cy='title-recipe']], [[ChromeDriver: chrome on windows (75df211007e189f5b215228a304f9c27)] -> xpath: //div[@data-cy='title-recipe']], [[ChromeDriver: chrome on windows (75df211007e189f5b215228a304f9c27)] -> xpath: //div[@data-cy='title-recipe']], [[ChromeDriver: chrome on windows (75df211007e189f5b215228a304f9c27)] -> xpath: //div[@data-cy='title-recipe']], [[ChromeDriver: chrome on windows (75df211007e189f5b215228a304f9c27)] -> xpath: //div[@data-cy='title-recipe']], [[ChromeDriver: chrome on windows (75df211007e189f5b215228a304f9c27)] -> xpath: //div[@data-cy='title-recipe']], [[ChromeDriver: chrome on windows (75df211007e189f5b215228a304f9c27)] -> xpath: //div[@data-cy='title-recipe']], [[ChromeDriver: chrome on windows (75df211007e189f5b215228a304f9c27)] -> xpath: //div[@data-cy='title-recipe']], [[ChromeDriver: chrome on windows (75df211007e189f5b215228a304f9c27)] -> xpath: //div[@data-cy='title-recipe']], [[ChromeDriver: chrome on windows (75df211007e189f5b215228a304f9c27)] -> xpath: //div[@data-cy='title-recipe']], [[ChromeDriver: chrome on windows (75df211007e189f5b215228a304f9c27)] -> xpath: //div[@data-cy='title-recipe']], [[ChromeDriver: chrome on windows (75df211007e189f5b215228a304f9c27)] -> xpath: //div[@data-cy='title-recipe']], [[ChromeDriver: chrome on windows (75df211007e189f5b215228a304f9c27)] -> xpath: //div[@data-cy='title-recipe']], [[ChromeDriver: chrome on windows (75df211007e189f5b215228a304f9c27)] -> xpath: //div[@data-cy='title-recipe']]] from the safeFindElements method
20:21:48 [TestNG-test-Test-1] INFO  verifyingProcessorSpeedFilterFunctionality_Mobile_20-15-38 - [verifyingProcessorSpeedFilterFunctionality_Mobile_20-15-38] Within productNameListingPage loop in applyFilterAndValidateProductsWithResult
20:21:48 [TestNG-test-Test-1] INFO  verifyingProcessorSpeedFilterFunctionality_Mobile_20-15-38 - [verifyingProcessorSpeedFilterFunctionality_Mobile_20-15-38] Within getProductByIndex method
20:21:48 [TestNG-test-Test-1] INFO  verifyingProcessorSpeedFilterFunctionality_Mobile_20-15-38 - [verifyingProcessorSpeedFilterFunctionality_Mobile_20-15-38] Within safeFindElement method
20:21:49 [TestNG-test-Test-1] INFO  verifyingProcessorSpeedFilterFunctionality_Mobile_20-15-38 - [verifyingProcessorSpeedFilterFunctionality_Mobile_20-15-38]Found the element returning it ,element ->[[ChromeDriver: chrome on windows (75df211007e189f5b215228a304f9c27)] -> xpath: (//div[@data-cy='title-recipe'])[5]]
20:21:49 [TestNG-test-Test-1] INFO  verifyingProcessorSpeedFilterFunctionality_Mobile_20-15-38 - [verifyingProcessorSpeedFilterFunctionality_Mobile_20-15-38] Within getProductByIndex method
20:21:49 [TestNG-test-Test-1] INFO  verifyingProcessorSpeedFilterFunctionality_Mobile_20-15-38 - [verifyingProcessorSpeedFilterFunctionality_Mobile_20-15-38] Within smoothScrollToElement method
20:21:49 [TestNG-test-Test-1] INFO  verifyingProcessorSpeedFilterFunctionality_Mobile_20-15-38 - [verifyingProcessorSpeedFilterFunctionality_Mobile_20-15-38] Within safeFindElement method
20:21:49 [TestNG-test-Test-1] INFO  verifyingProcessorSpeedFilterFunctionality_Mobile_20-15-38 - [verifyingProcessorSpeedFilterFunctionality_Mobile_20-15-38]Found the element returning it ,element ->[[ChromeDriver: chrome on windows (75df211007e189f5b215228a304f9c27)] -> xpath: (//div[@data-cy='title-recipe'])[5]]
20:21:49 [TestNG-test-Test-1] INFO  verifyingProcessorSpeedFilterFunctionality_Mobile_20-15-38 - [verifyingProcessorSpeedFilterFunctionality_Mobile_20-15-38] Successfully scrolled to element: By.xpath: (//div[@data-cy='title-recipe'])[5]
20:21:49 [TestNG-test-Test-1] INFO  verifyingProcessorSpeedFilterFunctionality_Mobile_20-15-38 - [verifyingProcessorSpeedFilterFunctionality_Mobile_20-15-38] Getting product by index in productNameListingPage loop
20:21:49 [TestNG-test-Test-1] INFO  verifyingProcessorSpeedFilterFunctionality_Mobile_20-15-38 - [verifyingProcessorSpeedFilterFunctionality_Mobile_20-15-38] Opened product in new tab via Ctrl+Click inside productNameListingPage loop
20:21:49 [TestNG-test-Test-1] INFO  verifyingProcessorSpeedFilterFunctionality_Mobile_20-15-38 - [verifyingProcessorSpeedFilterFunctionality_Mobile_20-15-38] Waiting for new window to open...
20:21:49 [TestNG-test-Test-1] INFO  verifyingProcessorSpeedFilterFunctionality_Mobile_20-15-38 - [verifyingProcessorSpeedFilterFunctionality_Mobile_20-15-38] Switched to new window -> C13BF94B9E9B0096FC1C76E98F2DF807
20:21:49 [TestNG-test-Test-1] INFO  verifyingProcessorSpeedFilterFunctionality_Mobile_20-15-38 - [verifyingProcessorSpeedFilterFunctionality_Mobile_20-15-38] Swithcing to the new window  within productNameListingPage loop
20:21:49 [TestNG-test-Test-1] INFO  verifyingProcessorSpeedFilterFunctionality_Mobile_20-15-38 - [verifyingProcessorSpeedFilterFunctionality_Mobile_20-15-38] Clicked product name to open in new tab from productNameListingPage loop
20:21:49 [TestNG-test-Test-1] INFO  verifyingProcessorSpeedFilterFunctionality_Mobile_20-15-38 - [verifyingProcessorSpeedFilterFunctionality_Mobile_20-15-38] Within safeFindElement method
20:21:52 [TestNG-test-Test-1] INFO  verifyingProcessorSpeedFilterFunctionality_Mobile_20-15-38 - [verifyingProcessorSpeedFilterFunctionality_Mobile_20-15-38]Found the element returning it ,element ->[[ChromeDriver: chrome on windows (75df211007e189f5b215228a304f9c27)] -> xpath: //span[@id='productTitle']]
20:21:52 [TestNG-test-Test-1] INFO  verifyingProcessorSpeedFilterFunctionality_Mobile_20-15-38 - [verifyingProcessorSpeedFilterFunctionality_Mobile_20-15-38] Within safeFindElement method
20:21:52 [TestNG-test-Test-1] INFO  verifyingProcessorSpeedFilterFunctionality_Mobile_20-15-38 - [verifyingProcessorSpeedFilterFunctionality_Mobile_20-15-38]Found the element returning it ,element ->[[ChromeDriver: chrome on windows (75df211007e189f5b215228a304f9c27)] -> xpath: //div[@class='a-section a-spacing-small a-spacing-top-small']]
20:21:52 [TestNG-test-Test-1] INFO  verifyingProcessorSpeedFilterFunctionality_Mobile_20-15-38 - [verifyingProcessorSpeedFilterFunctionality_Mobile_20-15-38] Within safeFindElement method
20:21:52 [TestNG-test-Test-1] INFO  verifyingProcessorSpeedFilterFunctionality_Mobile_20-15-38 - [verifyingProcessorSpeedFilterFunctionality_Mobile_20-15-38]Found the element returning it ,element ->[[ChromeDriver: chrome on windows (75df211007e189f5b215228a304f9c27)] -> xpath: //div[@id='feature-bullets']]
20:21:52 [TestNG-test-Test-1] INFO  verifyingProcessorSpeedFilterFunctionality_Mobile_20-15-38 - [verifyingProcessorSpeedFilterFunctionality_Mobile_20-15-38] Within safeFindElement method
20:21:52 [TestNG-test-Test-1] INFO  verifyingProcessorSpeedFilterFunctionality_Mobile_20-15-38 - [verifyingProcessorSpeedFilterFunctionality_Mobile_20-15-38]Found the element returning it ,element ->[[ChromeDriver: chrome on windows (75df211007e189f5b215228a304f9c27)] -> xpath: //div[@id='prodDetails']]
20:21:52 [TestNG-test-Test-1] INFO  verifyingProcessorSpeedFilterFunctionality_Mobile_20-15-38 - [verifyingProcessorSpeedFilterFunctionality_Mobile_20-15-38] Extracting 'name' , 'keyFeatures', 'about' , 'techDetails' within productNameListingPage loop
20:21:52 [TestNG-test-Test-1] INFO  verifyingProcessorSpeedFilterFunctionality_Mobile_20-15-38 - [verifyingProcessorSpeedFilterFunctionality_Mobile_20-15-38] Waiting until element is visible in viewport
20:22:03 [TestNG-test-Test-1] INFO  verifyingProcessorSpeedFilterFunctionality_Mobile_20-15-38 - [verifyingProcessorSpeedFilterFunctionality_Mobile_20-15-38] Within smoothScrollToElement method
20:22:03 [TestNG-test-Test-1] INFO  verifyingProcessorSpeedFilterFunctionality_Mobile_20-15-38 - [verifyingProcessorSpeedFilterFunctionality_Mobile_20-15-38] Within safeFindElement method
20:22:03 [TestNG-test-Test-1] INFO  verifyingProcessorSpeedFilterFunctionality_Mobile_20-15-38 - [verifyingProcessorSpeedFilterFunctionality_Mobile_20-15-38]Found the element returning it ,element ->[[ChromeDriver: chrome on windows (75df211007e189f5b215228a304f9c27)] -> xpath: //a[@id='seeMoreDetailsLink']]
20:22:03 [TestNG-test-Test-1] INFO  verifyingProcessorSpeedFilterFunctionality_Mobile_20-15-38 - [verifyingProcessorSpeedFilterFunctionality_Mobile_20-15-38] Successfully scrolled to element: By.xpath: //a[@id='seeMoreDetailsLink']
20:22:03 [TestNG-test-Test-1] INFO  verifyingProcessorSpeedFilterFunctionality_Mobile_20-15-38 - [verifyingProcessorSpeedFilterFunctionality_Mobile_20-15-38] Within safeClick method
20:22:03 [TestNG-test-Test-1] INFO  verifyingProcessorSpeedFilterFunctionality_Mobile_20-15-38 - [verifyingProcessorSpeedFilterFunctionality_Mobile_20-15-38] Clicked the  [[ChromeDriver: chrome on windows (75df211007e189f5b215228a304f9c27)] -> xpath: //a[@id='seeMoreDetailsLink']]   using safeClick
20:22:03 [TestNG-test-Test-1] INFO  verifyingProcessorSpeedFilterFunctionality_Mobile_20-15-38 - [verifyingProcessorSpeedFilterFunctionality_Mobile_20-15-38] Within try block for clicking see more deatils within productNameListingPage loop
20:22:03 [TestNG-test-Test-1] INFO  verifyingProcessorSpeedFilterFunctionality_Mobile_20-15-38 - [verifyingProcessorSpeedFilterFunctionality_Mobile_20-15-38] Within closeCurrentWindowAndSwitchBack method
20:22:03 [TestNG-test-Test-1] INFO  verifyingProcessorSpeedFilterFunctionality_Mobile_20-15-38 - [verifyingProcessorSpeedFilterFunctionality_Mobile_20-15-38] Total open windows/tabs count -> 2
20:22:03 [TestNG-test-Test-1] INFO  verifyingProcessorSpeedFilterFunctionality_Mobile_20-15-38 - [verifyingProcessorSpeedFilterFunctionality_Mobile_20-15-38] Original window handle -> CDCEAD40B14BD9DE795B8D6B5A8053F4
20:22:03 [TestNG-test-Test-1] INFO  verifyingProcessorSpeedFilterFunctionality_Mobile_20-15-38 - [verifyingProcessorSpeedFilterFunctionality_Mobile_20-15-38] Found new tab/window handle -> C13BF94B9E9B0096FC1C76E98F2DF807 (will be closed)
20:22:03 [TestNG-test-Test-1] INFO  verifyingProcessorSpeedFilterFunctionality_Mobile_20-15-38 - [verifyingProcessorSpeedFilterFunctionality_Mobile_20-15-38] Successfully switched to new tab/window -> C13BF94B9E9B0096FC1C76E98F2DF807
20:22:03 [TestNG-test-Test-1] INFO  verifyingProcessorSpeedFilterFunctionality_Mobile_20-15-38 - [verifyingProcessorSpeedFilterFunctionality_Mobile_20-15-38] Closed the newly opened tab/window -> C13BF94B9E9B0096FC1C76E98F2DF807
20:22:03 [TestNG-test-Test-1] INFO  verifyingProcessorSpeedFilterFunctionality_Mobile_20-15-38 - [verifyingProcessorSpeedFilterFunctionality_Mobile_20-15-38] Switched back to the original window -> CDCEAD40B14BD9DE795B8D6B5A8053F4
20:22:03 [TestNG-test-Test-1] INFO  verifyingProcessorSpeedFilterFunctionality_Mobile_20-15-38 - [verifyingProcessorSpeedFilterFunctionality_Mobile_20-15-38]  going back to product listing via closeCurrentWindowAndSwitchBack 
20:22:03 [TestNG-test-Test-1] INFO  verifyingProcessorSpeedFilterFunctionality_Mobile_20-15-38 - [verifyingProcessorSpeedFilterFunctionality_Mobile_20-15-38]  Added 'filter','title','keyFeatures', 'about', 'techDetails' into the Map -> productResult
20:22:03 [TestNG-test-Test-1] INFO  verifyingProcessorSpeedFilterFunctionality_Mobile_20-15-38 - [verifyingProcessorSpeedFilterFunctionality_Mobile_20-15-38]  Added 'productResult' Map into the 'results' i.e list of maps 
20:22:03 [TestNG-test-Test-1] INFO  verifyingProcessorSpeedFilterFunctionality_Mobile_20-15-38 - [verifyingProcessorSpeedFilterFunctionality_Mobile_20-15-38]==========================================================================================================
20:22:03 [TestNG-test-Test-1] INFO  verifyingProcessorSpeedFilterFunctionality_Mobile_20-15-38 - [verifyingProcessorSpeedFilterFunctionality_Mobile_20-15-38] Within safeFindElements 
20:22:03 [TestNG-test-Test-1] INFO  verifyingProcessorSpeedFilterFunctionality_Mobile_20-15-38 - [verifyingProcessorSpeedFilterFunctionality_Mobile_20-15-38] Returning the  [[[ChromeDriver: chrome on windows (75df211007e189f5b215228a304f9c27)] -> xpath: //div[@data-cy='title-recipe']], [[ChromeDriver: chrome on windows (75df211007e189f5b215228a304f9c27)] -> xpath: //div[@data-cy='title-recipe']], [[ChromeDriver: chrome on windows (75df211007e189f5b215228a304f9c27)] -> xpath: //div[@data-cy='title-recipe']], [[ChromeDriver: chrome on windows (75df211007e189f5b215228a304f9c27)] -> xpath: //div[@data-cy='title-recipe']], [[ChromeDriver: chrome on windows (75df211007e189f5b215228a304f9c27)] -> xpath: //div[@data-cy='title-recipe']], [[ChromeDriver: chrome on windows (75df211007e189f5b215228a304f9c27)] -> xpath: //div[@data-cy='title-recipe']], [[ChromeDriver: chrome on windows (75df211007e189f5b215228a304f9c27)] -> xpath: //div[@data-cy='title-recipe']], [[ChromeDriver: chrome on windows (75df211007e189f5b215228a304f9c27)] -> xpath: //div[@data-cy='title-recipe']], [[ChromeDriver: chrome on windows (75df211007e189f5b215228a304f9c27)] -> xpath: //div[@data-cy='title-recipe']], [[ChromeDriver: chrome on windows (75df211007e189f5b215228a304f9c27)] -> xpath: //div[@data-cy='title-recipe']], [[ChromeDriver: chrome on windows (75df211007e189f5b215228a304f9c27)] -> xpath: //div[@data-cy='title-recipe']], [[ChromeDriver: chrome on windows (75df211007e189f5b215228a304f9c27)] -> xpath: //div[@data-cy='title-recipe']], [[ChromeDriver: chrome on windows (75df211007e189f5b215228a304f9c27)] -> xpath: //div[@data-cy='title-recipe']], [[ChromeDriver: chrome on windows (75df211007e189f5b215228a304f9c27)] -> xpath: //div[@data-cy='title-recipe']], [[ChromeDriver: chrome on windows (75df211007e189f5b215228a304f9c27)] -> xpath: //div[@data-cy='title-recipe']], [[ChromeDriver: chrome on windows (75df211007e189f5b215228a304f9c27)] -> xpath: //div[@data-cy='title-recipe']]] from the safeFindElements method
20:22:03 [TestNG-test-Test-1] INFO  verifyingProcessorSpeedFilterFunctionality_Mobile_20-15-38 - [verifyingProcessorSpeedFilterFunctionality_Mobile_20-15-38] Within productNameListingPage loop in applyFilterAndValidateProductsWithResult
20:22:03 [TestNG-test-Test-1] INFO  verifyingProcessorSpeedFilterFunctionality_Mobile_20-15-38 - [verifyingProcessorSpeedFilterFunctionality_Mobile_20-15-38] Within getProductByIndex method
20:22:03 [TestNG-test-Test-1] INFO  verifyingProcessorSpeedFilterFunctionality_Mobile_20-15-38 - [verifyingProcessorSpeedFilterFunctionality_Mobile_20-15-38] Within safeFindElement method
20:22:04 [TestNG-test-Test-1] INFO  verifyingProcessorSpeedFilterFunctionality_Mobile_20-15-38 - [verifyingProcessorSpeedFilterFunctionality_Mobile_20-15-38]Found the element returning it ,element ->[[ChromeDriver: chrome on windows (75df211007e189f5b215228a304f9c27)] -> xpath: (//div[@data-cy='title-recipe'])[6]]
20:22:04 [TestNG-test-Test-1] INFO  verifyingProcessorSpeedFilterFunctionality_Mobile_20-15-38 - [verifyingProcessorSpeedFilterFunctionality_Mobile_20-15-38] Within getProductByIndex method
20:22:04 [TestNG-test-Test-1] INFO  verifyingProcessorSpeedFilterFunctionality_Mobile_20-15-38 - [verifyingProcessorSpeedFilterFunctionality_Mobile_20-15-38] Within smoothScrollToElement method
20:22:04 [TestNG-test-Test-1] INFO  verifyingProcessorSpeedFilterFunctionality_Mobile_20-15-38 - [verifyingProcessorSpeedFilterFunctionality_Mobile_20-15-38] Within safeFindElement method
20:22:04 [TestNG-test-Test-1] INFO  verifyingProcessorSpeedFilterFunctionality_Mobile_20-15-38 - [verifyingProcessorSpeedFilterFunctionality_Mobile_20-15-38]Found the element returning it ,element ->[[ChromeDriver: chrome on windows (75df211007e189f5b215228a304f9c27)] -> xpath: (//div[@data-cy='title-recipe'])[6]]
20:22:04 [TestNG-test-Test-1] INFO  verifyingProcessorSpeedFilterFunctionality_Mobile_20-15-38 - [verifyingProcessorSpeedFilterFunctionality_Mobile_20-15-38] Successfully scrolled to element: By.xpath: (//div[@data-cy='title-recipe'])[6]
20:22:04 [TestNG-test-Test-1] INFO  verifyingProcessorSpeedFilterFunctionality_Mobile_20-15-38 - [verifyingProcessorSpeedFilterFunctionality_Mobile_20-15-38] Getting product by index in productNameListingPage loop
20:22:04 [TestNG-test-Test-1] INFO  verifyingProcessorSpeedFilterFunctionality_Mobile_20-15-38 - [verifyingProcessorSpeedFilterFunctionality_Mobile_20-15-38] Opened product in new tab via Ctrl+Click inside productNameListingPage loop
20:22:04 [TestNG-test-Test-1] INFO  verifyingProcessorSpeedFilterFunctionality_Mobile_20-15-38 - [verifyingProcessorSpeedFilterFunctionality_Mobile_20-15-38] Waiting for new window to open...
20:22:04 [TestNG-test-Test-1] INFO  verifyingProcessorSpeedFilterFunctionality_Mobile_20-15-38 - [verifyingProcessorSpeedFilterFunctionality_Mobile_20-15-38] Switched to new window -> D5E11BB9EB723B17528C3EE3A11E8C0C
20:22:04 [TestNG-test-Test-1] INFO  verifyingProcessorSpeedFilterFunctionality_Mobile_20-15-38 - [verifyingProcessorSpeedFilterFunctionality_Mobile_20-15-38] Swithcing to the new window  within productNameListingPage loop
20:22:04 [TestNG-test-Test-1] INFO  verifyingProcessorSpeedFilterFunctionality_Mobile_20-15-38 - [verifyingProcessorSpeedFilterFunctionality_Mobile_20-15-38] Clicked product name to open in new tab from productNameListingPage loop
20:22:04 [TestNG-test-Test-1] INFO  verifyingProcessorSpeedFilterFunctionality_Mobile_20-15-38 - [verifyingProcessorSpeedFilterFunctionality_Mobile_20-15-38] Within safeFindElement method
20:22:07 [TestNG-test-Test-1] INFO  verifyingProcessorSpeedFilterFunctionality_Mobile_20-15-38 - [verifyingProcessorSpeedFilterFunctionality_Mobile_20-15-38]Found the element returning it ,element ->[[ChromeDriver: chrome on windows (75df211007e189f5b215228a304f9c27)] -> xpath: //span[@id='productTitle']]
20:22:07 [TestNG-test-Test-1] INFO  verifyingProcessorSpeedFilterFunctionality_Mobile_20-15-38 - [verifyingProcessorSpeedFilterFunctionality_Mobile_20-15-38] Within safeFindElement method
20:22:07 [TestNG-test-Test-1] INFO  verifyingProcessorSpeedFilterFunctionality_Mobile_20-15-38 - [verifyingProcessorSpeedFilterFunctionality_Mobile_20-15-38]Found the element returning it ,element ->[[ChromeDriver: chrome on windows (75df211007e189f5b215228a304f9c27)] -> xpath: //div[@class='a-section a-spacing-small a-spacing-top-small']]
20:22:07 [TestNG-test-Test-1] INFO  verifyingProcessorSpeedFilterFunctionality_Mobile_20-15-38 - [verifyingProcessorSpeedFilterFunctionality_Mobile_20-15-38] Within safeFindElement method
20:22:07 [TestNG-test-Test-1] INFO  verifyingProcessorSpeedFilterFunctionality_Mobile_20-15-38 - [verifyingProcessorSpeedFilterFunctionality_Mobile_20-15-38]Found the element returning it ,element ->[[ChromeDriver: chrome on windows (75df211007e189f5b215228a304f9c27)] -> xpath: //div[@id='feature-bullets']]
20:22:07 [TestNG-test-Test-1] INFO  verifyingProcessorSpeedFilterFunctionality_Mobile_20-15-38 - [verifyingProcessorSpeedFilterFunctionality_Mobile_20-15-38] Within safeFindElement method
20:22:07 [TestNG-test-Test-1] INFO  verifyingProcessorSpeedFilterFunctionality_Mobile_20-15-38 - [verifyingProcessorSpeedFilterFunctionality_Mobile_20-15-38]Found the element returning it ,element ->[[ChromeDriver: chrome on windows (75df211007e189f5b215228a304f9c27)] -> xpath: //div[@id='prodDetails']]
20:22:07 [TestNG-test-Test-1] INFO  verifyingProcessorSpeedFilterFunctionality_Mobile_20-15-38 - [verifyingProcessorSpeedFilterFunctionality_Mobile_20-15-38] Extracting 'name' , 'keyFeatures', 'about' , 'techDetails' within productNameListingPage loop
20:22:07 [TestNG-test-Test-1] INFO  verifyingProcessorSpeedFilterFunctionality_Mobile_20-15-38 - [verifyingProcessorSpeedFilterFunctionality_Mobile_20-15-38] Waiting until element is visible in viewport
20:22:17 [TestNG-test-Test-1] INFO  verifyingProcessorSpeedFilterFunctionality_Mobile_20-15-38 - [verifyingProcessorSpeedFilterFunctionality_Mobile_20-15-38] Within smoothScrollToElement method
20:22:17 [TestNG-test-Test-1] INFO  verifyingProcessorSpeedFilterFunctionality_Mobile_20-15-38 - [verifyingProcessorSpeedFilterFunctionality_Mobile_20-15-38] Within safeFindElement method
20:22:17 [TestNG-test-Test-1] INFO  verifyingProcessorSpeedFilterFunctionality_Mobile_20-15-38 - [verifyingProcessorSpeedFilterFunctionality_Mobile_20-15-38]Found the element returning it ,element ->[[ChromeDriver: chrome on windows (75df211007e189f5b215228a304f9c27)] -> xpath: //a[@id='seeMoreDetailsLink']]
20:22:17 [TestNG-test-Test-1] INFO  verifyingProcessorSpeedFilterFunctionality_Mobile_20-15-38 - [verifyingProcessorSpeedFilterFunctionality_Mobile_20-15-38] Successfully scrolled to element: By.xpath: //a[@id='seeMoreDetailsLink']
20:22:17 [TestNG-test-Test-1] INFO  verifyingProcessorSpeedFilterFunctionality_Mobile_20-15-38 - [verifyingProcessorSpeedFilterFunctionality_Mobile_20-15-38] Within safeClick method
20:22:18 [TestNG-test-Test-1] INFO  verifyingProcessorSpeedFilterFunctionality_Mobile_20-15-38 - [verifyingProcessorSpeedFilterFunctionality_Mobile_20-15-38] Clicked the  [[ChromeDriver: chrome on windows (75df211007e189f5b215228a304f9c27)] -> xpath: //a[@id='seeMoreDetailsLink']]   using safeClick
20:22:18 [TestNG-test-Test-1] INFO  verifyingProcessorSpeedFilterFunctionality_Mobile_20-15-38 - [verifyingProcessorSpeedFilterFunctionality_Mobile_20-15-38] Within try block for clicking see more deatils within productNameListingPage loop
20:22:18 [TestNG-test-Test-1] INFO  verifyingProcessorSpeedFilterFunctionality_Mobile_20-15-38 - [verifyingProcessorSpeedFilterFunctionality_Mobile_20-15-38] Within closeCurrentWindowAndSwitchBack method
20:22:18 [TestNG-test-Test-1] INFO  verifyingProcessorSpeedFilterFunctionality_Mobile_20-15-38 - [verifyingProcessorSpeedFilterFunctionality_Mobile_20-15-38] Total open windows/tabs count -> 2
20:22:18 [TestNG-test-Test-1] INFO  verifyingProcessorSpeedFilterFunctionality_Mobile_20-15-38 - [verifyingProcessorSpeedFilterFunctionality_Mobile_20-15-38] Original window handle -> CDCEAD40B14BD9DE795B8D6B5A8053F4
20:22:18 [TestNG-test-Test-1] INFO  verifyingProcessorSpeedFilterFunctionality_Mobile_20-15-38 - [verifyingProcessorSpeedFilterFunctionality_Mobile_20-15-38] Found new tab/window handle -> D5E11BB9EB723B17528C3EE3A11E8C0C (will be closed)
20:22:18 [TestNG-test-Test-1] INFO  verifyingProcessorSpeedFilterFunctionality_Mobile_20-15-38 - [verifyingProcessorSpeedFilterFunctionality_Mobile_20-15-38] Successfully switched to new tab/window -> D5E11BB9EB723B17528C3EE3A11E8C0C
20:22:18 [TestNG-test-Test-1] INFO  verifyingProcessorSpeedFilterFunctionality_Mobile_20-15-38 - [verifyingProcessorSpeedFilterFunctionality_Mobile_20-15-38] Closed the newly opened tab/window -> D5E11BB9EB723B17528C3EE3A11E8C0C
20:22:18 [TestNG-test-Test-1] INFO  verifyingProcessorSpeedFilterFunctionality_Mobile_20-15-38 - [verifyingProcessorSpeedFilterFunctionality_Mobile_20-15-38] Switched back to the original window -> CDCEAD40B14BD9DE795B8D6B5A8053F4
20:22:18 [TestNG-test-Test-1] INFO  verifyingProcessorSpeedFilterFunctionality_Mobile_20-15-38 - [verifyingProcessorSpeedFilterFunctionality_Mobile_20-15-38]  going back to product listing via closeCurrentWindowAndSwitchBack 
20:22:18 [TestNG-test-Test-1] INFO  verifyingProcessorSpeedFilterFunctionality_Mobile_20-15-38 - [verifyingProcessorSpeedFilterFunctionality_Mobile_20-15-38]  Added 'filter','title','keyFeatures', 'about', 'techDetails' into the Map -> productResult
20:22:18 [TestNG-test-Test-1] INFO  verifyingProcessorSpeedFilterFunctionality_Mobile_20-15-38 - [verifyingProcessorSpeedFilterFunctionality_Mobile_20-15-38]  Added 'productResult' Map into the 'results' i.e list of maps 
20:22:18 [TestNG-test-Test-1] INFO  verifyingProcessorSpeedFilterFunctionality_Mobile_20-15-38 - [verifyingProcessorSpeedFilterFunctionality_Mobile_20-15-38]==========================================================================================================
20:22:18 [TestNG-test-Test-1] INFO  verifyingProcessorSpeedFilterFunctionality_Mobile_20-15-38 - [verifyingProcessorSpeedFilterFunctionality_Mobile_20-15-38] Within safeFindElements 
20:22:18 [TestNG-test-Test-1] INFO  verifyingProcessorSpeedFilterFunctionality_Mobile_20-15-38 - [verifyingProcessorSpeedFilterFunctionality_Mobile_20-15-38] Returning the  [[[ChromeDriver: chrome on windows (75df211007e189f5b215228a304f9c27)] -> xpath: //div[@data-cy='title-recipe']], [[ChromeDriver: chrome on windows (75df211007e189f5b215228a304f9c27)] -> xpath: //div[@data-cy='title-recipe']], [[ChromeDriver: chrome on windows (75df211007e189f5b215228a304f9c27)] -> xpath: //div[@data-cy='title-recipe']], [[ChromeDriver: chrome on windows (75df211007e189f5b215228a304f9c27)] -> xpath: //div[@data-cy='title-recipe']], [[ChromeDriver: chrome on windows (75df211007e189f5b215228a304f9c27)] -> xpath: //div[@data-cy='title-recipe']], [[ChromeDriver: chrome on windows (75df211007e189f5b215228a304f9c27)] -> xpath: //div[@data-cy='title-recipe']], [[ChromeDriver: chrome on windows (75df211007e189f5b215228a304f9c27)] -> xpath: //div[@data-cy='title-recipe']], [[ChromeDriver: chrome on windows (75df211007e189f5b215228a304f9c27)] -> xpath: //div[@data-cy='title-recipe']], [[ChromeDriver: chrome on windows (75df211007e189f5b215228a304f9c27)] -> xpath: //div[@data-cy='title-recipe']], [[ChromeDriver: chrome on windows (75df211007e189f5b215228a304f9c27)] -> xpath: //div[@data-cy='title-recipe']], [[ChromeDriver: chrome on windows (75df211007e189f5b215228a304f9c27)] -> xpath: //div[@data-cy='title-recipe']], [[ChromeDriver: chrome on windows (75df211007e189f5b215228a304f9c27)] -> xpath: //div[@data-cy='title-recipe']], [[ChromeDriver: chrome on windows (75df211007e189f5b215228a304f9c27)] -> xpath: //div[@data-cy='title-recipe']], [[ChromeDriver: chrome on windows (75df211007e189f5b215228a304f9c27)] -> xpath: //div[@data-cy='title-recipe']], [[ChromeDriver: chrome on windows (75df211007e189f5b215228a304f9c27)] -> xpath: //div[@data-cy='title-recipe']], [[ChromeDriver: chrome on windows (75df211007e189f5b215228a304f9c27)] -> xpath: //div[@data-cy='title-recipe']]] from the safeFindElements method
20:22:18 [TestNG-test-Test-1] INFO  verifyingProcessorSpeedFilterFunctionality_Mobile_20-15-38 - [verifyingProcessorSpeedFilterFunctionality_Mobile_20-15-38] Within productNameListingPage loop in applyFilterAndValidateProductsWithResult
20:22:18 [TestNG-test-Test-1] INFO  verifyingProcessorSpeedFilterFunctionality_Mobile_20-15-38 - [verifyingProcessorSpeedFilterFunctionality_Mobile_20-15-38] Within getProductByIndex method
20:22:18 [TestNG-test-Test-1] INFO  verifyingProcessorSpeedFilterFunctionality_Mobile_20-15-38 - [verifyingProcessorSpeedFilterFunctionality_Mobile_20-15-38] Within safeFindElement method
20:22:18 [TestNG-test-Test-1] INFO  verifyingProcessorSpeedFilterFunctionality_Mobile_20-15-38 - [verifyingProcessorSpeedFilterFunctionality_Mobile_20-15-38]Found the element returning it ,element ->[[ChromeDriver: chrome on windows (75df211007e189f5b215228a304f9c27)] -> xpath: (//div[@data-cy='title-recipe'])[7]]
20:22:18 [TestNG-test-Test-1] INFO  verifyingProcessorSpeedFilterFunctionality_Mobile_20-15-38 - [verifyingProcessorSpeedFilterFunctionality_Mobile_20-15-38] Within getProductByIndex method
20:22:18 [TestNG-test-Test-1] INFO  verifyingProcessorSpeedFilterFunctionality_Mobile_20-15-38 - [verifyingProcessorSpeedFilterFunctionality_Mobile_20-15-38] Within smoothScrollToElement method
20:22:18 [TestNG-test-Test-1] INFO  verifyingProcessorSpeedFilterFunctionality_Mobile_20-15-38 - [verifyingProcessorSpeedFilterFunctionality_Mobile_20-15-38] Within safeFindElement method
20:22:18 [TestNG-test-Test-1] INFO  verifyingProcessorSpeedFilterFunctionality_Mobile_20-15-38 - [verifyingProcessorSpeedFilterFunctionality_Mobile_20-15-38]Found the element returning it ,element ->[[ChromeDriver: chrome on windows (75df211007e189f5b215228a304f9c27)] -> xpath: (//div[@data-cy='title-recipe'])[7]]
20:22:18 [TestNG-test-Test-1] INFO  verifyingProcessorSpeedFilterFunctionality_Mobile_20-15-38 - [verifyingProcessorSpeedFilterFunctionality_Mobile_20-15-38] Successfully scrolled to element: By.xpath: (//div[@data-cy='title-recipe'])[7]
20:22:18 [TestNG-test-Test-1] INFO  verifyingProcessorSpeedFilterFunctionality_Mobile_20-15-38 - [verifyingProcessorSpeedFilterFunctionality_Mobile_20-15-38] Getting product by index in productNameListingPage loop
20:22:19 [TestNG-test-Test-1] INFO  verifyingProcessorSpeedFilterFunctionality_Mobile_20-15-38 - [verifyingProcessorSpeedFilterFunctionality_Mobile_20-15-38] Opened product in new tab via Ctrl+Click inside productNameListingPage loop
20:22:19 [TestNG-test-Test-1] INFO  verifyingProcessorSpeedFilterFunctionality_Mobile_20-15-38 - [verifyingProcessorSpeedFilterFunctionality_Mobile_20-15-38] Waiting for new window to open...
20:22:19 [TestNG-test-Test-1] INFO  verifyingProcessorSpeedFilterFunctionality_Mobile_20-15-38 - [verifyingProcessorSpeedFilterFunctionality_Mobile_20-15-38] Switched to new window -> E059EF0657E0E222799CCC57057D9464
20:22:19 [TestNG-test-Test-1] INFO  verifyingProcessorSpeedFilterFunctionality_Mobile_20-15-38 - [verifyingProcessorSpeedFilterFunctionality_Mobile_20-15-38] Swithcing to the new window  within productNameListingPage loop
20:22:19 [TestNG-test-Test-1] INFO  verifyingProcessorSpeedFilterFunctionality_Mobile_20-15-38 - [verifyingProcessorSpeedFilterFunctionality_Mobile_20-15-38] Clicked product name to open in new tab from productNameListingPage loop
20:22:19 [TestNG-test-Test-1] INFO  verifyingProcessorSpeedFilterFunctionality_Mobile_20-15-38 - [verifyingProcessorSpeedFilterFunctionality_Mobile_20-15-38] Within safeFindElement method
20:22:21 [TestNG-test-Test-1] INFO  verifyingProcessorSpeedFilterFunctionality_Mobile_20-15-38 - [verifyingProcessorSpeedFilterFunctionality_Mobile_20-15-38]Found the element returning it ,element ->[[ChromeDriver: chrome on windows (75df211007e189f5b215228a304f9c27)] -> xpath: //span[@id='productTitle']]
20:22:21 [TestNG-test-Test-1] INFO  verifyingProcessorSpeedFilterFunctionality_Mobile_20-15-38 - [verifyingProcessorSpeedFilterFunctionality_Mobile_20-15-38] Within safeFindElement method
20:22:21 [TestNG-test-Test-1] INFO  verifyingProcessorSpeedFilterFunctionality_Mobile_20-15-38 - [verifyingProcessorSpeedFilterFunctionality_Mobile_20-15-38]Found the element returning it ,element ->[[ChromeDriver: chrome on windows (75df211007e189f5b215228a304f9c27)] -> xpath: //div[@class='a-section a-spacing-small a-spacing-top-small']]
20:22:21 [TestNG-test-Test-1] INFO  verifyingProcessorSpeedFilterFunctionality_Mobile_20-15-38 - [verifyingProcessorSpeedFilterFunctionality_Mobile_20-15-38] Within safeFindElement method
20:22:21 [TestNG-test-Test-1] INFO  verifyingProcessorSpeedFilterFunctionality_Mobile_20-15-38 - [verifyingProcessorSpeedFilterFunctionality_Mobile_20-15-38]Found the element returning it ,element ->[[ChromeDriver: chrome on windows (75df211007e189f5b215228a304f9c27)] -> xpath: //div[@id='feature-bullets']]
20:22:22 [TestNG-test-Test-1] INFO  verifyingProcessorSpeedFilterFunctionality_Mobile_20-15-38 - [verifyingProcessorSpeedFilterFunctionality_Mobile_20-15-38] Within safeFindElement method
20:22:22 [TestNG-test-Test-1] INFO  verifyingProcessorSpeedFilterFunctionality_Mobile_20-15-38 - [verifyingProcessorSpeedFilterFunctionality_Mobile_20-15-38]Found the element returning it ,element ->[[ChromeDriver: chrome on windows (75df211007e189f5b215228a304f9c27)] -> xpath: //div[@id='prodDetails']]
20:22:22 [TestNG-test-Test-1] INFO  verifyingProcessorSpeedFilterFunctionality_Mobile_20-15-38 - [verifyingProcessorSpeedFilterFunctionality_Mobile_20-15-38] Extracting 'name' , 'keyFeatures', 'about' , 'techDetails' within productNameListingPage loop
20:22:22 [TestNG-test-Test-1] INFO  verifyingProcessorSpeedFilterFunctionality_Mobile_20-15-38 - [verifyingProcessorSpeedFilterFunctionality_Mobile_20-15-38] Waiting until element is visible in viewport
20:22:32 [TestNG-test-Test-1] INFO  verifyingProcessorSpeedFilterFunctionality_Mobile_20-15-38 - [verifyingProcessorSpeedFilterFunctionality_Mobile_20-15-38] Within smoothScrollToElement method
20:22:32 [TestNG-test-Test-1] INFO  verifyingProcessorSpeedFilterFunctionality_Mobile_20-15-38 - [verifyingProcessorSpeedFilterFunctionality_Mobile_20-15-38] Within safeFindElement method
20:22:32 [TestNG-test-Test-1] INFO  verifyingProcessorSpeedFilterFunctionality_Mobile_20-15-38 - [verifyingProcessorSpeedFilterFunctionality_Mobile_20-15-38]Found the element returning it ,element ->[[ChromeDriver: chrome on windows (75df211007e189f5b215228a304f9c27)] -> xpath: //a[@id='seeMoreDetailsLink']]
20:22:32 [TestNG-test-Test-1] INFO  verifyingProcessorSpeedFilterFunctionality_Mobile_20-15-38 - [verifyingProcessorSpeedFilterFunctionality_Mobile_20-15-38] Successfully scrolled to element: By.xpath: //a[@id='seeMoreDetailsLink']
20:22:32 [TestNG-test-Test-1] INFO  verifyingProcessorSpeedFilterFunctionality_Mobile_20-15-38 - [verifyingProcessorSpeedFilterFunctionality_Mobile_20-15-38] Within safeClick method
20:22:33 [TestNG-test-Test-1] INFO  verifyingProcessorSpeedFilterFunctionality_Mobile_20-15-38 - [verifyingProcessorSpeedFilterFunctionality_Mobile_20-15-38] Clicked the  [[ChromeDriver: chrome on windows (75df211007e189f5b215228a304f9c27)] -> xpath: //a[@id='seeMoreDetailsLink']]   using safeClick
20:22:33 [TestNG-test-Test-1] INFO  verifyingProcessorSpeedFilterFunctionality_Mobile_20-15-38 - [verifyingProcessorSpeedFilterFunctionality_Mobile_20-15-38] Within try block for clicking see more deatils within productNameListingPage loop
20:22:33 [TestNG-test-Test-1] INFO  verifyingProcessorSpeedFilterFunctionality_Mobile_20-15-38 - [verifyingProcessorSpeedFilterFunctionality_Mobile_20-15-38] Within closeCurrentWindowAndSwitchBack method
20:22:33 [TestNG-test-Test-1] INFO  verifyingProcessorSpeedFilterFunctionality_Mobile_20-15-38 - [verifyingProcessorSpeedFilterFunctionality_Mobile_20-15-38] Total open windows/tabs count -> 2
20:22:33 [TestNG-test-Test-1] INFO  verifyingProcessorSpeedFilterFunctionality_Mobile_20-15-38 - [verifyingProcessorSpeedFilterFunctionality_Mobile_20-15-38] Original window handle -> CDCEAD40B14BD9DE795B8D6B5A8053F4
20:22:33 [TestNG-test-Test-1] INFO  verifyingProcessorSpeedFilterFunctionality_Mobile_20-15-38 - [verifyingProcessorSpeedFilterFunctionality_Mobile_20-15-38] Found new tab/window handle -> E059EF0657E0E222799CCC57057D9464 (will be closed)
20:22:33 [TestNG-test-Test-1] INFO  verifyingProcessorSpeedFilterFunctionality_Mobile_20-15-38 - [verifyingProcessorSpeedFilterFunctionality_Mobile_20-15-38] Successfully switched to new tab/window -> E059EF0657E0E222799CCC57057D9464
20:22:33 [TestNG-test-Test-1] INFO  verifyingProcessorSpeedFilterFunctionality_Mobile_20-15-38 - [verifyingProcessorSpeedFilterFunctionality_Mobile_20-15-38] Closed the newly opened tab/window -> E059EF0657E0E222799CCC57057D9464
20:22:33 [TestNG-test-Test-1] INFO  verifyingProcessorSpeedFilterFunctionality_Mobile_20-15-38 - [verifyingProcessorSpeedFilterFunctionality_Mobile_20-15-38] Switched back to the original window -> CDCEAD40B14BD9DE795B8D6B5A8053F4
20:22:33 [TestNG-test-Test-1] INFO  verifyingProcessorSpeedFilterFunctionality_Mobile_20-15-38 - [verifyingProcessorSpeedFilterFunctionality_Mobile_20-15-38]  going back to product listing via closeCurrentWindowAndSwitchBack 
20:22:33 [TestNG-test-Test-1] INFO  verifyingProcessorSpeedFilterFunctionality_Mobile_20-15-38 - [verifyingProcessorSpeedFilterFunctionality_Mobile_20-15-38]  Added 'filter','title','keyFeatures', 'about', 'techDetails' into the Map -> productResult
20:22:33 [TestNG-test-Test-1] INFO  verifyingProcessorSpeedFilterFunctionality_Mobile_20-15-38 - [verifyingProcessorSpeedFilterFunctionality_Mobile_20-15-38]  Added 'productResult' Map into the 'results' i.e list of maps 
20:22:33 [TestNG-test-Test-1] INFO  verifyingProcessorSpeedFilterFunctionality_Mobile_20-15-38 - [verifyingProcessorSpeedFilterFunctionality_Mobile_20-15-38]==========================================================================================================
20:22:33 [TestNG-test-Test-1] INFO  verifyingProcessorSpeedFilterFunctionality_Mobile_20-15-38 - [verifyingProcessorSpeedFilterFunctionality_Mobile_20-15-38] Within safeFindElements 
20:22:33 [TestNG-test-Test-1] INFO  verifyingProcessorSpeedFilterFunctionality_Mobile_20-15-38 - [verifyingProcessorSpeedFilterFunctionality_Mobile_20-15-38] Returning the  [[[ChromeDriver: chrome on windows (75df211007e189f5b215228a304f9c27)] -> xpath: //div[@data-cy='title-recipe']], [[ChromeDriver: chrome on windows (75df211007e189f5b215228a304f9c27)] -> xpath: //div[@data-cy='title-recipe']], [[ChromeDriver: chrome on windows (75df211007e189f5b215228a304f9c27)] -> xpath: //div[@data-cy='title-recipe']], [[ChromeDriver: chrome on windows (75df211007e189f5b215228a304f9c27)] -> xpath: //div[@data-cy='title-recipe']], [[ChromeDriver: chrome on windows (75df211007e189f5b215228a304f9c27)] -> xpath: //div[@data-cy='title-recipe']], [[ChromeDriver: chrome on windows (75df211007e189f5b215228a304f9c27)] -> xpath: //div[@data-cy='title-recipe']], [[ChromeDriver: chrome on windows (75df211007e189f5b215228a304f9c27)] -> xpath: //div[@data-cy='title-recipe']], [[ChromeDriver: chrome on windows (75df211007e189f5b215228a304f9c27)] -> xpath: //div[@data-cy='title-recipe']], [[ChromeDriver: chrome on windows (75df211007e189f5b215228a304f9c27)] -> xpath: //div[@data-cy='title-recipe']], [[ChromeDriver: chrome on windows (75df211007e189f5b215228a304f9c27)] -> xpath: //div[@data-cy='title-recipe']], [[ChromeDriver: chrome on windows (75df211007e189f5b215228a304f9c27)] -> xpath: //div[@data-cy='title-recipe']], [[ChromeDriver: chrome on windows (75df211007e189f5b215228a304f9c27)] -> xpath: //div[@data-cy='title-recipe']], [[ChromeDriver: chrome on windows (75df211007e189f5b215228a304f9c27)] -> xpath: //div[@data-cy='title-recipe']], [[ChromeDriver: chrome on windows (75df211007e189f5b215228a304f9c27)] -> xpath: //div[@data-cy='title-recipe']], [[ChromeDriver: chrome on windows (75df211007e189f5b215228a304f9c27)] -> xpath: //div[@data-cy='title-recipe']], [[ChromeDriver: chrome on windows (75df211007e189f5b215228a304f9c27)] -> xpath: //div[@data-cy='title-recipe']]] from the safeFindElements method
20:22:33 [TestNG-test-Test-1] INFO  verifyingProcessorSpeedFilterFunctionality_Mobile_20-15-38 - [verifyingProcessorSpeedFilterFunctionality_Mobile_20-15-38] Within productNameListingPage loop in applyFilterAndValidateProductsWithResult
20:22:33 [TestNG-test-Test-1] INFO  verifyingProcessorSpeedFilterFunctionality_Mobile_20-15-38 - [verifyingProcessorSpeedFilterFunctionality_Mobile_20-15-38] Within getProductByIndex method
20:22:33 [TestNG-test-Test-1] INFO  verifyingProcessorSpeedFilterFunctionality_Mobile_20-15-38 - [verifyingProcessorSpeedFilterFunctionality_Mobile_20-15-38] Within safeFindElement method
20:22:33 [TestNG-test-Test-1] INFO  verifyingProcessorSpeedFilterFunctionality_Mobile_20-15-38 - [verifyingProcessorSpeedFilterFunctionality_Mobile_20-15-38]Found the element returning it ,element ->[[ChromeDriver: chrome on windows (75df211007e189f5b215228a304f9c27)] -> xpath: (//div[@data-cy='title-recipe'])[8]]
20:22:33 [TestNG-test-Test-1] INFO  verifyingProcessorSpeedFilterFunctionality_Mobile_20-15-38 - [verifyingProcessorSpeedFilterFunctionality_Mobile_20-15-38] Within getProductByIndex method
20:22:33 [TestNG-test-Test-1] INFO  verifyingProcessorSpeedFilterFunctionality_Mobile_20-15-38 - [verifyingProcessorSpeedFilterFunctionality_Mobile_20-15-38] Within smoothScrollToElement method
20:22:33 [TestNG-test-Test-1] INFO  verifyingProcessorSpeedFilterFunctionality_Mobile_20-15-38 - [verifyingProcessorSpeedFilterFunctionality_Mobile_20-15-38] Within safeFindElement method
20:22:33 [TestNG-test-Test-1] INFO  verifyingProcessorSpeedFilterFunctionality_Mobile_20-15-38 - [verifyingProcessorSpeedFilterFunctionality_Mobile_20-15-38]Found the element returning it ,element ->[[ChromeDriver: chrome on windows (75df211007e189f5b215228a304f9c27)] -> xpath: (//div[@data-cy='title-recipe'])[8]]
20:22:33 [TestNG-test-Test-1] INFO  verifyingProcessorSpeedFilterFunctionality_Mobile_20-15-38 - [verifyingProcessorSpeedFilterFunctionality_Mobile_20-15-38] Successfully scrolled to element: By.xpath: (//div[@data-cy='title-recipe'])[8]
20:22:33 [TestNG-test-Test-1] INFO  verifyingProcessorSpeedFilterFunctionality_Mobile_20-15-38 - [verifyingProcessorSpeedFilterFunctionality_Mobile_20-15-38] Getting product by index in productNameListingPage loop
20:22:34 [TestNG-test-Test-1] INFO  verifyingProcessorSpeedFilterFunctionality_Mobile_20-15-38 - [verifyingProcessorSpeedFilterFunctionality_Mobile_20-15-38] Opened product in new tab via Ctrl+Click inside productNameListingPage loop
20:22:34 [TestNG-test-Test-1] INFO  verifyingProcessorSpeedFilterFunctionality_Mobile_20-15-38 - [verifyingProcessorSpeedFilterFunctionality_Mobile_20-15-38] Waiting for new window to open...
20:22:34 [TestNG-test-Test-1] INFO  verifyingProcessorSpeedFilterFunctionality_Mobile_20-15-38 - [verifyingProcessorSpeedFilterFunctionality_Mobile_20-15-38] Switched to new window -> 1AE75D477157B380C67C30AAB1267372
20:22:34 [TestNG-test-Test-1] INFO  verifyingProcessorSpeedFilterFunctionality_Mobile_20-15-38 - [verifyingProcessorSpeedFilterFunctionality_Mobile_20-15-38] Swithcing to the new window  within productNameListingPage loop
20:22:34 [TestNG-test-Test-1] INFO  verifyingProcessorSpeedFilterFunctionality_Mobile_20-15-38 - [verifyingProcessorSpeedFilterFunctionality_Mobile_20-15-38] Clicked product name to open in new tab from productNameListingPage loop
20:22:34 [TestNG-test-Test-1] INFO  verifyingProcessorSpeedFilterFunctionality_Mobile_20-15-38 - [verifyingProcessorSpeedFilterFunctionality_Mobile_20-15-38] Within safeFindElement method
20:22:37 [TestNG-test-Test-1] INFO  verifyingProcessorSpeedFilterFunctionality_Mobile_20-15-38 - [verifyingProcessorSpeedFilterFunctionality_Mobile_20-15-38]Found the element returning it ,element ->[[ChromeDriver: chrome on windows (75df211007e189f5b215228a304f9c27)] -> xpath: //span[@id='productTitle']]
20:22:37 [TestNG-test-Test-1] INFO  verifyingProcessorSpeedFilterFunctionality_Mobile_20-15-38 - [verifyingProcessorSpeedFilterFunctionality_Mobile_20-15-38] Within safeFindElement method
20:22:37 [TestNG-test-Test-1] INFO  verifyingProcessorSpeedFilterFunctionality_Mobile_20-15-38 - [verifyingProcessorSpeedFilterFunctionality_Mobile_20-15-38]Found the element returning it ,element ->[[ChromeDriver: chrome on windows (75df211007e189f5b215228a304f9c27)] -> xpath: //div[@class='a-section a-spacing-small a-spacing-top-small']]
20:22:37 [TestNG-test-Test-1] INFO  verifyingProcessorSpeedFilterFunctionality_Mobile_20-15-38 - [verifyingProcessorSpeedFilterFunctionality_Mobile_20-15-38] Within safeFindElement method
20:22:37 [TestNG-test-Test-1] INFO  verifyingProcessorSpeedFilterFunctionality_Mobile_20-15-38 - [verifyingProcessorSpeedFilterFunctionality_Mobile_20-15-38]Found the element returning it ,element ->[[ChromeDriver: chrome on windows (75df211007e189f5b215228a304f9c27)] -> xpath: //div[@id='feature-bullets']]
20:22:37 [TestNG-test-Test-1] INFO  verifyingProcessorSpeedFilterFunctionality_Mobile_20-15-38 - [verifyingProcessorSpeedFilterFunctionality_Mobile_20-15-38] Within safeFindElement method
20:22:37 [TestNG-test-Test-1] INFO  verifyingProcessorSpeedFilterFunctionality_Mobile_20-15-38 - [verifyingProcessorSpeedFilterFunctionality_Mobile_20-15-38]Found the element returning it ,element ->[[ChromeDriver: chrome on windows (75df211007e189f5b215228a304f9c27)] -> xpath: //div[@id='prodDetails']]
20:22:37 [TestNG-test-Test-1] INFO  verifyingProcessorSpeedFilterFunctionality_Mobile_20-15-38 - [verifyingProcessorSpeedFilterFunctionality_Mobile_20-15-38] Extracting 'name' , 'keyFeatures', 'about' , 'techDetails' within productNameListingPage loop
20:22:37 [TestNG-test-Test-1] INFO  verifyingProcessorSpeedFilterFunctionality_Mobile_20-15-38 - [verifyingProcessorSpeedFilterFunctionality_Mobile_20-15-38] Waiting until element is visible in viewport
20:22:47 [TestNG-test-Test-1] INFO  verifyingProcessorSpeedFilterFunctionality_Mobile_20-15-38 - [verifyingProcessorSpeedFilterFunctionality_Mobile_20-15-38] Within smoothScrollToElement method
20:22:47 [TestNG-test-Test-1] INFO  verifyingProcessorSpeedFilterFunctionality_Mobile_20-15-38 - [verifyingProcessorSpeedFilterFunctionality_Mobile_20-15-38] Within safeFindElement method
20:22:47 [TestNG-test-Test-1] INFO  verifyingProcessorSpeedFilterFunctionality_Mobile_20-15-38 - [verifyingProcessorSpeedFilterFunctionality_Mobile_20-15-38]Found the element returning it ,element ->[[ChromeDriver: chrome on windows (75df211007e189f5b215228a304f9c27)] -> xpath: //a[@id='seeMoreDetailsLink']]
20:22:48 [TestNG-test-Test-1] INFO  verifyingProcessorSpeedFilterFunctionality_Mobile_20-15-38 - [verifyingProcessorSpeedFilterFunctionality_Mobile_20-15-38] Successfully scrolled to element: By.xpath: //a[@id='seeMoreDetailsLink']
20:22:48 [TestNG-test-Test-1] INFO  verifyingProcessorSpeedFilterFunctionality_Mobile_20-15-38 - [verifyingProcessorSpeedFilterFunctionality_Mobile_20-15-38] Within safeClick method
20:22:48 [TestNG-test-Test-1] INFO  verifyingProcessorSpeedFilterFunctionality_Mobile_20-15-38 - [verifyingProcessorSpeedFilterFunctionality_Mobile_20-15-38] Clicked the  [[ChromeDriver: chrome on windows (75df211007e189f5b215228a304f9c27)] -> xpath: //a[@id='seeMoreDetailsLink']]   using safeClick
20:22:48 [TestNG-test-Test-1] INFO  verifyingProcessorSpeedFilterFunctionality_Mobile_20-15-38 - [verifyingProcessorSpeedFilterFunctionality_Mobile_20-15-38] Within try block for clicking see more deatils within productNameListingPage loop
20:22:48 [TestNG-test-Test-1] INFO  verifyingProcessorSpeedFilterFunctionality_Mobile_20-15-38 - [verifyingProcessorSpeedFilterFunctionality_Mobile_20-15-38] Within closeCurrentWindowAndSwitchBack method
20:22:48 [TestNG-test-Test-1] INFO  verifyingProcessorSpeedFilterFunctionality_Mobile_20-15-38 - [verifyingProcessorSpeedFilterFunctionality_Mobile_20-15-38] Total open windows/tabs count -> 2
20:22:48 [TestNG-test-Test-1] INFO  verifyingProcessorSpeedFilterFunctionality_Mobile_20-15-38 - [verifyingProcessorSpeedFilterFunctionality_Mobile_20-15-38] Original window handle -> CDCEAD40B14BD9DE795B8D6B5A8053F4
20:22:48 [TestNG-test-Test-1] INFO  verifyingProcessorSpeedFilterFunctionality_Mobile_20-15-38 - [verifyingProcessorSpeedFilterFunctionality_Mobile_20-15-38] Found new tab/window handle -> 1AE75D477157B380C67C30AAB1267372 (will be closed)
20:22:48 [TestNG-test-Test-1] INFO  verifyingProcessorSpeedFilterFunctionality_Mobile_20-15-38 - [verifyingProcessorSpeedFilterFunctionality_Mobile_20-15-38] Successfully switched to new tab/window -> 1AE75D477157B380C67C30AAB1267372
20:22:49 [TestNG-test-Test-1] INFO  verifyingProcessorSpeedFilterFunctionality_Mobile_20-15-38 - [verifyingProcessorSpeedFilterFunctionality_Mobile_20-15-38] Closed the newly opened tab/window -> 1AE75D477157B380C67C30AAB1267372
20:22:49 [TestNG-test-Test-1] INFO  verifyingProcessorSpeedFilterFunctionality_Mobile_20-15-38 - [verifyingProcessorSpeedFilterFunctionality_Mobile_20-15-38] Switched back to the original window -> CDCEAD40B14BD9DE795B8D6B5A8053F4
20:22:49 [TestNG-test-Test-1] INFO  verifyingProcessorSpeedFilterFunctionality_Mobile_20-15-38 - [verifyingProcessorSpeedFilterFunctionality_Mobile_20-15-38]  going back to product listing via closeCurrentWindowAndSwitchBack 
20:22:49 [TestNG-test-Test-1] INFO  verifyingProcessorSpeedFilterFunctionality_Mobile_20-15-38 - [verifyingProcessorSpeedFilterFunctionality_Mobile_20-15-38]  Added 'filter','title','keyFeatures', 'about', 'techDetails' into the Map -> productResult
20:22:49 [TestNG-test-Test-1] INFO  verifyingProcessorSpeedFilterFunctionality_Mobile_20-15-38 - [verifyingProcessorSpeedFilterFunctionality_Mobile_20-15-38]  Added 'productResult' Map into the 'results' i.e list of maps 
20:22:49 [TestNG-test-Test-1] INFO  verifyingProcessorSpeedFilterFunctionality_Mobile_20-15-38 - [verifyingProcessorSpeedFilterFunctionality_Mobile_20-15-38]==========================================================================================================
20:22:49 [TestNG-test-Test-1] INFO  verifyingProcessorSpeedFilterFunctionality_Mobile_20-15-38 - [verifyingProcessorSpeedFilterFunctionality_Mobile_20-15-38] Within safeFindElements 
20:22:49 [TestNG-test-Test-1] INFO  verifyingProcessorSpeedFilterFunctionality_Mobile_20-15-38 - [verifyingProcessorSpeedFilterFunctionality_Mobile_20-15-38] Returning the  [[[ChromeDriver: chrome on windows (75df211007e189f5b215228a304f9c27)] -> xpath: //div[@data-cy='title-recipe']], [[ChromeDriver: chrome on windows (75df211007e189f5b215228a304f9c27)] -> xpath: //div[@data-cy='title-recipe']], [[ChromeDriver: chrome on windows (75df211007e189f5b215228a304f9c27)] -> xpath: //div[@data-cy='title-recipe']], [[ChromeDriver: chrome on windows (75df211007e189f5b215228a304f9c27)] -> xpath: //div[@data-cy='title-recipe']], [[ChromeDriver: chrome on windows (75df211007e189f5b215228a304f9c27)] -> xpath: //div[@data-cy='title-recipe']], [[ChromeDriver: chrome on windows (75df211007e189f5b215228a304f9c27)] -> xpath: //div[@data-cy='title-recipe']], [[ChromeDriver: chrome on windows (75df211007e189f5b215228a304f9c27)] -> xpath: //div[@data-cy='title-recipe']], [[ChromeDriver: chrome on windows (75df211007e189f5b215228a304f9c27)] -> xpath: //div[@data-cy='title-recipe']], [[ChromeDriver: chrome on windows (75df211007e189f5b215228a304f9c27)] -> xpath: //div[@data-cy='title-recipe']], [[ChromeDriver: chrome on windows (75df211007e189f5b215228a304f9c27)] -> xpath: //div[@data-cy='title-recipe']], [[ChromeDriver: chrome on windows (75df211007e189f5b215228a304f9c27)] -> xpath: //div[@data-cy='title-recipe']], [[ChromeDriver: chrome on windows (75df211007e189f5b215228a304f9c27)] -> xpath: //div[@data-cy='title-recipe']], [[ChromeDriver: chrome on windows (75df211007e189f5b215228a304f9c27)] -> xpath: //div[@data-cy='title-recipe']], [[ChromeDriver: chrome on windows (75df211007e189f5b215228a304f9c27)] -> xpath: //div[@data-cy='title-recipe']], [[ChromeDriver: chrome on windows (75df211007e189f5b215228a304f9c27)] -> xpath: //div[@data-cy='title-recipe']], [[ChromeDriver: chrome on windows (75df211007e189f5b215228a304f9c27)] -> xpath: //div[@data-cy='title-recipe']]] from the safeFindElements method
20:22:49 [TestNG-test-Test-1] INFO  verifyingProcessorSpeedFilterFunctionality_Mobile_20-15-38 - [verifyingProcessorSpeedFilterFunctionality_Mobile_20-15-38] Within productNameListingPage loop in applyFilterAndValidateProductsWithResult
20:22:49 [TestNG-test-Test-1] INFO  verifyingProcessorSpeedFilterFunctionality_Mobile_20-15-38 - [verifyingProcessorSpeedFilterFunctionality_Mobile_20-15-38] Within getProductByIndex method
20:22:49 [TestNG-test-Test-1] INFO  verifyingProcessorSpeedFilterFunctionality_Mobile_20-15-38 - [verifyingProcessorSpeedFilterFunctionality_Mobile_20-15-38] Within safeFindElement method
20:22:49 [TestNG-test-Test-1] INFO  verifyingProcessorSpeedFilterFunctionality_Mobile_20-15-38 - [verifyingProcessorSpeedFilterFunctionality_Mobile_20-15-38]Found the element returning it ,element ->[[ChromeDriver: chrome on windows (75df211007e189f5b215228a304f9c27)] -> xpath: (//div[@data-cy='title-recipe'])[9]]
20:22:49 [TestNG-test-Test-1] INFO  verifyingProcessorSpeedFilterFunctionality_Mobile_20-15-38 - [verifyingProcessorSpeedFilterFunctionality_Mobile_20-15-38] Within getProductByIndex method
20:22:49 [TestNG-test-Test-1] INFO  verifyingProcessorSpeedFilterFunctionality_Mobile_20-15-38 - [verifyingProcessorSpeedFilterFunctionality_Mobile_20-15-38] Within smoothScrollToElement method
20:22:49 [TestNG-test-Test-1] INFO  verifyingProcessorSpeedFilterFunctionality_Mobile_20-15-38 - [verifyingProcessorSpeedFilterFunctionality_Mobile_20-15-38] Within safeFindElement method
20:22:49 [TestNG-test-Test-1] INFO  verifyingProcessorSpeedFilterFunctionality_Mobile_20-15-38 - [verifyingProcessorSpeedFilterFunctionality_Mobile_20-15-38]Found the element returning it ,element ->[[ChromeDriver: chrome on windows (75df211007e189f5b215228a304f9c27)] -> xpath: (//div[@data-cy='title-recipe'])[9]]
20:22:49 [TestNG-test-Test-1] INFO  verifyingProcessorSpeedFilterFunctionality_Mobile_20-15-38 - [verifyingProcessorSpeedFilterFunctionality_Mobile_20-15-38] Successfully scrolled to element: By.xpath: (//div[@data-cy='title-recipe'])[9]
20:22:49 [TestNG-test-Test-1] INFO  verifyingProcessorSpeedFilterFunctionality_Mobile_20-15-38 - [verifyingProcessorSpeedFilterFunctionality_Mobile_20-15-38] Getting product by index in productNameListingPage loop
20:22:49 [TestNG-test-Test-1] INFO  verifyingProcessorSpeedFilterFunctionality_Mobile_20-15-38 - [verifyingProcessorSpeedFilterFunctionality_Mobile_20-15-38] Opened product in new tab via Ctrl+Click inside productNameListingPage loop
20:22:49 [TestNG-test-Test-1] INFO  verifyingProcessorSpeedFilterFunctionality_Mobile_20-15-38 - [verifyingProcessorSpeedFilterFunctionality_Mobile_20-15-38] Waiting for new window to open...
20:22:49 [TestNG-test-Test-1] INFO  verifyingProcessorSpeedFilterFunctionality_Mobile_20-15-38 - [verifyingProcessorSpeedFilterFunctionality_Mobile_20-15-38] Switched to new window -> 8D155B40F0B891AC1AB031D8B4D99EED
20:22:49 [TestNG-test-Test-1] INFO  verifyingProcessorSpeedFilterFunctionality_Mobile_20-15-38 - [verifyingProcessorSpeedFilterFunctionality_Mobile_20-15-38] Swithcing to the new window  within productNameListingPage loop
20:22:49 [TestNG-test-Test-1] INFO  verifyingProcessorSpeedFilterFunctionality_Mobile_20-15-38 - [verifyingProcessorSpeedFilterFunctionality_Mobile_20-15-38] Clicked product name to open in new tab from productNameListingPage loop
20:22:49 [TestNG-test-Test-1] INFO  verifyingProcessorSpeedFilterFunctionality_Mobile_20-15-38 - [verifyingProcessorSpeedFilterFunctionality_Mobile_20-15-38] Within safeFindElement method
20:22:52 [TestNG-test-Test-1] INFO  verifyingProcessorSpeedFilterFunctionality_Mobile_20-15-38 - [verifyingProcessorSpeedFilterFunctionality_Mobile_20-15-38]Found the element returning it ,element ->[[ChromeDriver: chrome on windows (75df211007e189f5b215228a304f9c27)] -> xpath: //span[@id='productTitle']]
20:22:52 [TestNG-test-Test-1] INFO  verifyingProcessorSpeedFilterFunctionality_Mobile_20-15-38 - [verifyingProcessorSpeedFilterFunctionality_Mobile_20-15-38] Within safeFindElement method
20:22:52 [TestNG-test-Test-1] INFO  verifyingProcessorSpeedFilterFunctionality_Mobile_20-15-38 - [verifyingProcessorSpeedFilterFunctionality_Mobile_20-15-38]Found the element returning it ,element ->[[ChromeDriver: chrome on windows (75df211007e189f5b215228a304f9c27)] -> xpath: //div[@class='a-section a-spacing-small a-spacing-top-small']]
20:22:52 [TestNG-test-Test-1] INFO  verifyingProcessorSpeedFilterFunctionality_Mobile_20-15-38 - [verifyingProcessorSpeedFilterFunctionality_Mobile_20-15-38] Within safeFindElement method
20:22:52 [TestNG-test-Test-1] INFO  verifyingProcessorSpeedFilterFunctionality_Mobile_20-15-38 - [verifyingProcessorSpeedFilterFunctionality_Mobile_20-15-38]Found the element returning it ,element ->[[ChromeDriver: chrome on windows (75df211007e189f5b215228a304f9c27)] -> xpath: //div[@id='feature-bullets']]
20:22:52 [TestNG-test-Test-1] INFO  verifyingProcessorSpeedFilterFunctionality_Mobile_20-15-38 - [verifyingProcessorSpeedFilterFunctionality_Mobile_20-15-38] Within safeFindElement method
20:22:53 [TestNG-test-Test-1] INFO  verifyingProcessorSpeedFilterFunctionality_Mobile_20-15-38 - [verifyingProcessorSpeedFilterFunctionality_Mobile_20-15-38]Found the element returning it ,element ->[[ChromeDriver: chrome on windows (75df211007e189f5b215228a304f9c27)] -> xpath: //div[@id='prodDetails']]
20:22:53 [TestNG-test-Test-1] INFO  verifyingProcessorSpeedFilterFunctionality_Mobile_20-15-38 - [verifyingProcessorSpeedFilterFunctionality_Mobile_20-15-38] Extracting 'name' , 'keyFeatures', 'about' , 'techDetails' within productNameListingPage loop
20:22:53 [TestNG-test-Test-1] INFO  verifyingProcessorSpeedFilterFunctionality_Mobile_20-15-38 - [verifyingProcessorSpeedFilterFunctionality_Mobile_20-15-38] Waiting until element is visible in viewport
20:23:03 [TestNG-test-Test-1] INFO  verifyingProcessorSpeedFilterFunctionality_Mobile_20-15-38 - [verifyingProcessorSpeedFilterFunctionality_Mobile_20-15-38] Within smoothScrollToElement method
20:23:03 [TestNG-test-Test-1] INFO  verifyingProcessorSpeedFilterFunctionality_Mobile_20-15-38 - [verifyingProcessorSpeedFilterFunctionality_Mobile_20-15-38] Within safeFindElement method
20:23:03 [TestNG-test-Test-1] INFO  verifyingProcessorSpeedFilterFunctionality_Mobile_20-15-38 - [verifyingProcessorSpeedFilterFunctionality_Mobile_20-15-38]Found the element returning it ,element ->[[ChromeDriver: chrome on windows (75df211007e189f5b215228a304f9c27)] -> xpath: //a[@id='seeMoreDetailsLink']]
20:23:03 [TestNG-test-Test-1] INFO  verifyingProcessorSpeedFilterFunctionality_Mobile_20-15-38 - [verifyingProcessorSpeedFilterFunctionality_Mobile_20-15-38] Successfully scrolled to element: By.xpath: //a[@id='seeMoreDetailsLink']
20:23:03 [TestNG-test-Test-1] INFO  verifyingProcessorSpeedFilterFunctionality_Mobile_20-15-38 - [verifyingProcessorSpeedFilterFunctionality_Mobile_20-15-38] Within safeClick method
20:23:03 [TestNG-test-Test-1] INFO  verifyingProcessorSpeedFilterFunctionality_Mobile_20-15-38 - [verifyingProcessorSpeedFilterFunctionality_Mobile_20-15-38] Clicked the  [[ChromeDriver: chrome on windows (75df211007e189f5b215228a304f9c27)] -> xpath: //a[@id='seeMoreDetailsLink']]   using safeClick
20:23:03 [TestNG-test-Test-1] INFO  verifyingProcessorSpeedFilterFunctionality_Mobile_20-15-38 - [verifyingProcessorSpeedFilterFunctionality_Mobile_20-15-38] Within try block for clicking see more deatils within productNameListingPage loop
20:23:03 [TestNG-test-Test-1] INFO  verifyingProcessorSpeedFilterFunctionality_Mobile_20-15-38 - [verifyingProcessorSpeedFilterFunctionality_Mobile_20-15-38] Within closeCurrentWindowAndSwitchBack method
20:23:03 [TestNG-test-Test-1] INFO  verifyingProcessorSpeedFilterFunctionality_Mobile_20-15-38 - [verifyingProcessorSpeedFilterFunctionality_Mobile_20-15-38] Total open windows/tabs count -> 2
20:23:03 [TestNG-test-Test-1] INFO  verifyingProcessorSpeedFilterFunctionality_Mobile_20-15-38 - [verifyingProcessorSpeedFilterFunctionality_Mobile_20-15-38] Original window handle -> CDCEAD40B14BD9DE795B8D6B5A8053F4
20:23:03 [TestNG-test-Test-1] INFO  verifyingProcessorSpeedFilterFunctionality_Mobile_20-15-38 - [verifyingProcessorSpeedFilterFunctionality_Mobile_20-15-38] Found new tab/window handle -> 8D155B40F0B891AC1AB031D8B4D99EED (will be closed)
20:23:04 [TestNG-test-Test-1] INFO  verifyingProcessorSpeedFilterFunctionality_Mobile_20-15-38 - [verifyingProcessorSpeedFilterFunctionality_Mobile_20-15-38] Successfully switched to new tab/window -> 8D155B40F0B891AC1AB031D8B4D99EED
20:23:04 [TestNG-test-Test-1] INFO  verifyingProcessorSpeedFilterFunctionality_Mobile_20-15-38 - [verifyingProcessorSpeedFilterFunctionality_Mobile_20-15-38] Closed the newly opened tab/window -> 8D155B40F0B891AC1AB031D8B4D99EED
20:23:04 [TestNG-test-Test-1] INFO  verifyingProcessorSpeedFilterFunctionality_Mobile_20-15-38 - [verifyingProcessorSpeedFilterFunctionality_Mobile_20-15-38] Switched back to the original window -> CDCEAD40B14BD9DE795B8D6B5A8053F4
20:23:04 [TestNG-test-Test-1] INFO  verifyingProcessorSpeedFilterFunctionality_Mobile_20-15-38 - [verifyingProcessorSpeedFilterFunctionality_Mobile_20-15-38]  going back to product listing via closeCurrentWindowAndSwitchBack 
20:23:04 [TestNG-test-Test-1] INFO  verifyingProcessorSpeedFilterFunctionality_Mobile_20-15-38 - [verifyingProcessorSpeedFilterFunctionality_Mobile_20-15-38]  Added 'filter','title','keyFeatures', 'about', 'techDetails' into the Map -> productResult
20:23:04 [TestNG-test-Test-1] INFO  verifyingProcessorSpeedFilterFunctionality_Mobile_20-15-38 - [verifyingProcessorSpeedFilterFunctionality_Mobile_20-15-38]  Added 'productResult' Map into the 'results' i.e list of maps 
20:23:04 [TestNG-test-Test-1] INFO  verifyingProcessorSpeedFilterFunctionality_Mobile_20-15-38 - [verifyingProcessorSpeedFilterFunctionality_Mobile_20-15-38]==========================================================================================================
20:23:04 [TestNG-test-Test-1] INFO  verifyingProcessorSpeedFilterFunctionality_Mobile_20-15-38 - [verifyingProcessorSpeedFilterFunctionality_Mobile_20-15-38] Within safeFindElements 
20:23:04 [TestNG-test-Test-1] INFO  verifyingProcessorSpeedFilterFunctionality_Mobile_20-15-38 - [verifyingProcessorSpeedFilterFunctionality_Mobile_20-15-38] Returning the  [[[ChromeDriver: chrome on windows (75df211007e189f5b215228a304f9c27)] -> xpath: //div[@data-cy='title-recipe']], [[ChromeDriver: chrome on windows (75df211007e189f5b215228a304f9c27)] -> xpath: //div[@data-cy='title-recipe']], [[ChromeDriver: chrome on windows (75df211007e189f5b215228a304f9c27)] -> xpath: //div[@data-cy='title-recipe']], [[ChromeDriver: chrome on windows (75df211007e189f5b215228a304f9c27)] -> xpath: //div[@data-cy='title-recipe']], [[ChromeDriver: chrome on windows (75df211007e189f5b215228a304f9c27)] -> xpath: //div[@data-cy='title-recipe']], [[ChromeDriver: chrome on windows (75df211007e189f5b215228a304f9c27)] -> xpath: //div[@data-cy='title-recipe']], [[ChromeDriver: chrome on windows (75df211007e189f5b215228a304f9c27)] -> xpath: //div[@data-cy='title-recipe']], [[ChromeDriver: chrome on windows (75df211007e189f5b215228a304f9c27)] -> xpath: //div[@data-cy='title-recipe']], [[ChromeDriver: chrome on windows (75df211007e189f5b215228a304f9c27)] -> xpath: //div[@data-cy='title-recipe']], [[ChromeDriver: chrome on windows (75df211007e189f5b215228a304f9c27)] -> xpath: //div[@data-cy='title-recipe']], [[ChromeDriver: chrome on windows (75df211007e189f5b215228a304f9c27)] -> xpath: //div[@data-cy='title-recipe']], [[ChromeDriver: chrome on windows (75df211007e189f5b215228a304f9c27)] -> xpath: //div[@data-cy='title-recipe']], [[ChromeDriver: chrome on windows (75df211007e189f5b215228a304f9c27)] -> xpath: //div[@data-cy='title-recipe']], [[ChromeDriver: chrome on windows (75df211007e189f5b215228a304f9c27)] -> xpath: //div[@data-cy='title-recipe']], [[ChromeDriver: chrome on windows (75df211007e189f5b215228a304f9c27)] -> xpath: //div[@data-cy='title-recipe']], [[ChromeDriver: chrome on windows (75df211007e189f5b215228a304f9c27)] -> xpath: //div[@data-cy='title-recipe']]] from the safeFindElements method
20:23:04 [TestNG-test-Test-1] INFO  verifyingProcessorSpeedFilterFunctionality_Mobile_20-15-38 - [verifyingProcessorSpeedFilterFunctionality_Mobile_20-15-38] Within productNameListingPage loop in applyFilterAndValidateProductsWithResult
20:23:04 [TestNG-test-Test-1] INFO  verifyingProcessorSpeedFilterFunctionality_Mobile_20-15-38 - [verifyingProcessorSpeedFilterFunctionality_Mobile_20-15-38] Within getProductByIndex method
20:23:04 [TestNG-test-Test-1] INFO  verifyingProcessorSpeedFilterFunctionality_Mobile_20-15-38 - [verifyingProcessorSpeedFilterFunctionality_Mobile_20-15-38] Within safeFindElement method
20:23:04 [TestNG-test-Test-1] INFO  verifyingProcessorSpeedFilterFunctionality_Mobile_20-15-38 - [verifyingProcessorSpeedFilterFunctionality_Mobile_20-15-38]Found the element returning it ,element ->[[ChromeDriver: chrome on windows (75df211007e189f5b215228a304f9c27)] -> xpath: (//div[@data-cy='title-recipe'])[10]]
20:23:04 [TestNG-test-Test-1] INFO  verifyingProcessorSpeedFilterFunctionality_Mobile_20-15-38 - [verifyingProcessorSpeedFilterFunctionality_Mobile_20-15-38] Within getProductByIndex method
20:23:04 [TestNG-test-Test-1] INFO  verifyingProcessorSpeedFilterFunctionality_Mobile_20-15-38 - [verifyingProcessorSpeedFilterFunctionality_Mobile_20-15-38] Within smoothScrollToElement method
20:23:04 [TestNG-test-Test-1] INFO  verifyingProcessorSpeedFilterFunctionality_Mobile_20-15-38 - [verifyingProcessorSpeedFilterFunctionality_Mobile_20-15-38] Within safeFindElement method
20:23:04 [TestNG-test-Test-1] INFO  verifyingProcessorSpeedFilterFunctionality_Mobile_20-15-38 - [verifyingProcessorSpeedFilterFunctionality_Mobile_20-15-38]Found the element returning it ,element ->[[ChromeDriver: chrome on windows (75df211007e189f5b215228a304f9c27)] -> xpath: (//div[@data-cy='title-recipe'])[10]]
20:23:04 [TestNG-test-Test-1] INFO  verifyingProcessorSpeedFilterFunctionality_Mobile_20-15-38 - [verifyingProcessorSpeedFilterFunctionality_Mobile_20-15-38] Successfully scrolled to element: By.xpath: (//div[@data-cy='title-recipe'])[10]
20:23:04 [TestNG-test-Test-1] INFO  verifyingProcessorSpeedFilterFunctionality_Mobile_20-15-38 - [verifyingProcessorSpeedFilterFunctionality_Mobile_20-15-38] Getting product by index in productNameListingPage loop
20:23:05 [TestNG-test-Test-1] INFO  verifyingProcessorSpeedFilterFunctionality_Mobile_20-15-38 - [verifyingProcessorSpeedFilterFunctionality_Mobile_20-15-38] Opened product in new tab via Ctrl+Click inside productNameListingPage loop
20:23:05 [TestNG-test-Test-1] INFO  verifyingProcessorSpeedFilterFunctionality_Mobile_20-15-38 - [verifyingProcessorSpeedFilterFunctionality_Mobile_20-15-38] Waiting for new window to open...
20:23:05 [TestNG-test-Test-1] INFO  verifyingProcessorSpeedFilterFunctionality_Mobile_20-15-38 - [verifyingProcessorSpeedFilterFunctionality_Mobile_20-15-38] Switched to new window -> B966E4E5A35BA22A46AE5B76B087932D
20:23:05 [TestNG-test-Test-1] INFO  verifyingProcessorSpeedFilterFunctionality_Mobile_20-15-38 - [verifyingProcessorSpeedFilterFunctionality_Mobile_20-15-38] Swithcing to the new window  within productNameListingPage loop
20:23:05 [TestNG-test-Test-1] INFO  verifyingProcessorSpeedFilterFunctionality_Mobile_20-15-38 - [verifyingProcessorSpeedFilterFunctionality_Mobile_20-15-38] Clicked product name to open in new tab from productNameListingPage loop
20:23:05 [TestNG-test-Test-1] INFO  verifyingProcessorSpeedFilterFunctionality_Mobile_20-15-38 - [verifyingProcessorSpeedFilterFunctionality_Mobile_20-15-38] Within safeFindElement method
20:23:08 [TestNG-test-Test-1] INFO  verifyingProcessorSpeedFilterFunctionality_Mobile_20-15-38 - [verifyingProcessorSpeedFilterFunctionality_Mobile_20-15-38]Found the element returning it ,element ->[[ChromeDriver: chrome on windows (75df211007e189f5b215228a304f9c27)] -> xpath: //span[@id='productTitle']]
20:23:08 [TestNG-test-Test-1] INFO  verifyingProcessorSpeedFilterFunctionality_Mobile_20-15-38 - [verifyingProcessorSpeedFilterFunctionality_Mobile_20-15-38] Within safeFindElement method
20:23:08 [TestNG-test-Test-1] INFO  verifyingProcessorSpeedFilterFunctionality_Mobile_20-15-38 - [verifyingProcessorSpeedFilterFunctionality_Mobile_20-15-38]Found the element returning it ,element ->[[ChromeDriver: chrome on windows (75df211007e189f5b215228a304f9c27)] -> xpath: //div[@class='a-section a-spacing-small a-spacing-top-small']]
20:23:08 [TestNG-test-Test-1] INFO  verifyingProcessorSpeedFilterFunctionality_Mobile_20-15-38 - [verifyingProcessorSpeedFilterFunctionality_Mobile_20-15-38] Within safeFindElement method
20:23:08 [TestNG-test-Test-1] INFO  verifyingProcessorSpeedFilterFunctionality_Mobile_20-15-38 - [verifyingProcessorSpeedFilterFunctionality_Mobile_20-15-38]Found the element returning it ,element ->[[ChromeDriver: chrome on windows (75df211007e189f5b215228a304f9c27)] -> xpath: //div[@id='feature-bullets']]
20:23:08 [TestNG-test-Test-1] INFO  verifyingProcessorSpeedFilterFunctionality_Mobile_20-15-38 - [verifyingProcessorSpeedFilterFunctionality_Mobile_20-15-38] Within safeFindElement method
20:23:08 [TestNG-test-Test-1] INFO  verifyingProcessorSpeedFilterFunctionality_Mobile_20-15-38 - [verifyingProcessorSpeedFilterFunctionality_Mobile_20-15-38]Found the element returning it ,element ->[[ChromeDriver: chrome on windows (75df211007e189f5b215228a304f9c27)] -> xpath: //div[@id='prodDetails']]
20:23:08 [TestNG-test-Test-1] INFO  verifyingProcessorSpeedFilterFunctionality_Mobile_20-15-38 - [verifyingProcessorSpeedFilterFunctionality_Mobile_20-15-38] Extracting 'name' , 'keyFeatures', 'about' , 'techDetails' within productNameListingPage loop
20:23:08 [TestNG-test-Test-1] INFO  verifyingProcessorSpeedFilterFunctionality_Mobile_20-15-38 - [verifyingProcessorSpeedFilterFunctionality_Mobile_20-15-38] Waiting until element is visible in viewport
20:23:08 [TestNG-test-Test-1] INFO  verifyingProcessorSpeedFilterFunctionality_Mobile_20-15-38 - [verifyingProcessorSpeedFilterFunctionality_Mobile_20-15-38] Within smoothScrollToElement method
20:23:08 [TestNG-test-Test-1] INFO  verifyingProcessorSpeedFilterFunctionality_Mobile_20-15-38 - [verifyingProcessorSpeedFilterFunctionality_Mobile_20-15-38] Within safeFindElement method
20:23:13 [TestNG-test-Test-1] INFO  verifyingProcessorSpeedFilterFunctionality_Mobile_20-15-38 - [verifyingProcessorSpeedFilterFunctionality_Mobile_20-15-38]Retrying findElement for: ->By.xpath: //a[@id='seeMoreDetailsLink']
20:23:15 [TestNG-test-Test-1] INFO  verifyingProcessorSpeedFilterFunctionality_Mobile_20-15-38 - [verifyingProcessorSpeedFilterFunctionality_Mobile_20-15-38]Refrehsing the page , while trying to safely find : ->By.xpath: //a[@id='seeMoreDetailsLink']
20:23:21 [TestNG-test-Test-1] INFO  verifyingProcessorSpeedFilterFunctionality_Mobile_20-15-38 - [verifyingProcessorSpeedFilterFunctionality_Mobile_20-15-38]Retrying findElement for: ->By.xpath: //a[@id='seeMoreDetailsLink']
20:23:26 [TestNG-test-Test-1] INFO  verifyingProcessorSpeedFilterFunctionality_Mobile_20-15-38 - [verifyingProcessorSpeedFilterFunctionality_Mobile_20-15-38]Refrehsing the page , while trying to safely find : ->By.xpath: //a[@id='seeMoreDetailsLink']
20:23:26 [TestNG-test-Test-1] INFO  verifyingProcessorSpeedFilterFunctionality_Mobile_20-15-38 - [verifyingProcessorSpeedFilterFunctionality_Mobile_20-15-38] Skipping action: Element not found after 2   attemps
20:23:26 [TestNG-test-Test-1] WARN  verifyingProcessorSpeedFilterFunctionality_Mobile_20-15-38 - [verifyingProcessorSpeedFilterFunctionality_Mobile_20-15-38] Element not found for locator: By.xpath: //a[@id='seeMoreDetailsLink']
20:23:26 [TestNG-test-Test-1] INFO  verifyingProcessorSpeedFilterFunctionality_Mobile_20-15-38 - [verifyingProcessorSpeedFilterFunctionality_Mobile_20-15-38] Within safeClick method
20:23:31 [TestNG-test-Test-1] INFO  verifyingProcessorSpeedFilterFunctionality_Mobile_20-15-38 - [verifyingProcessorSpeedFilterFunctionality_Mobile_20-15-38] Cannot click the butto using safeClick, trying again
20:23:38 [TestNG-test-Test-1] INFO  verifyingProcessorSpeedFilterFunctionality_Mobile_20-15-38 - [verifyingProcessorSpeedFilterFunctionality_Mobile_20-15-38] Cannot click the butto using safeClick, trying again
20:23:41 [TestNG-test-Test-1] INFO  verifyingProcessorSpeedFilterFunctionality_Mobile_20-15-38 - [verifyingProcessorSpeedFilterFunctionality_Mobile_20-15-38] Skipping click action: Element not clickable after- 2
20:23:41 [TestNG-test-Test-1] INFO  verifyingProcessorSpeedFilterFunctionality_Mobile_20-15-38 - [verifyingProcessorSpeedFilterFunctionality_Mobile_20-15-38] Within try block for clicking see more deatils within productNameListingPage loop
20:23:41 [TestNG-test-Test-1] INFO  verifyingProcessorSpeedFilterFunctionality_Mobile_20-15-38 - [verifyingProcessorSpeedFilterFunctionality_Mobile_20-15-38] Within closeCurrentWindowAndSwitchBack method
20:23:41 [TestNG-test-Test-1] INFO  verifyingProcessorSpeedFilterFunctionality_Mobile_20-15-38 - [verifyingProcessorSpeedFilterFunctionality_Mobile_20-15-38] Total open windows/tabs count -> 2
20:23:41 [TestNG-test-Test-1] INFO  verifyingProcessorSpeedFilterFunctionality_Mobile_20-15-38 - [verifyingProcessorSpeedFilterFunctionality_Mobile_20-15-38] Original window handle -> CDCEAD40B14BD9DE795B8D6B5A8053F4
20:23:41 [TestNG-test-Test-1] INFO  verifyingProcessorSpeedFilterFunctionality_Mobile_20-15-38 - [verifyingProcessorSpeedFilterFunctionality_Mobile_20-15-38] Found new tab/window handle -> B966E4E5A35BA22A46AE5B76B087932D (will be closed)
20:23:41 [TestNG-test-Test-1] INFO  verifyingProcessorSpeedFilterFunctionality_Mobile_20-15-38 - [verifyingProcessorSpeedFilterFunctionality_Mobile_20-15-38] Successfully switched to new tab/window -> B966E4E5A35BA22A46AE5B76B087932D
20:23:41 [TestNG-test-Test-1] INFO  verifyingProcessorSpeedFilterFunctionality_Mobile_20-15-38 - [verifyingProcessorSpeedFilterFunctionality_Mobile_20-15-38] Closed the newly opened tab/window -> B966E4E5A35BA22A46AE5B76B087932D
20:23:41 [TestNG-test-Test-1] INFO  verifyingProcessorSpeedFilterFunctionality_Mobile_20-15-38 - [verifyingProcessorSpeedFilterFunctionality_Mobile_20-15-38] Switched back to the original window -> CDCEAD40B14BD9DE795B8D6B5A8053F4
20:23:41 [TestNG-test-Test-1] INFO  verifyingProcessorSpeedFilterFunctionality_Mobile_20-15-38 - [verifyingProcessorSpeedFilterFunctionality_Mobile_20-15-38]  going back to product listing via closeCurrentWindowAndSwitchBack 
20:23:41 [TestNG-test-Test-1] INFO  verifyingProcessorSpeedFilterFunctionality_Mobile_20-15-38 - [verifyingProcessorSpeedFilterFunctionality_Mobile_20-15-38]  Added 'filter','title','keyFeatures', 'about', 'techDetails' into the Map -> productResult
20:23:41 [TestNG-test-Test-1] INFO  verifyingProcessorSpeedFilterFunctionality_Mobile_20-15-38 - [verifyingProcessorSpeedFilterFunctionality_Mobile_20-15-38]  Added 'productResult' Map into the 'results' i.e list of maps 
20:23:41 [TestNG-test-Test-1] INFO  verifyingProcessorSpeedFilterFunctionality_Mobile_20-15-38 - [verifyingProcessorSpeedFilterFunctionality_Mobile_20-15-38]==========================================================================================================
20:23:41 [TestNG-test-Test-1] INFO  verifyingProcessorSpeedFilterFunctionality_Mobile_20-15-38 - [verifyingProcessorSpeedFilterFunctionality_Mobile_20-15-38] Within safeFindElements 
20:23:41 [TestNG-test-Test-1] INFO  verifyingProcessorSpeedFilterFunctionality_Mobile_20-15-38 - [verifyingProcessorSpeedFilterFunctionality_Mobile_20-15-38] Returning the  [[[ChromeDriver: chrome on windows (75df211007e189f5b215228a304f9c27)] -> xpath: //div[@data-cy='title-recipe']], [[ChromeDriver: chrome on windows (75df211007e189f5b215228a304f9c27)] -> xpath: //div[@data-cy='title-recipe']], [[ChromeDriver: chrome on windows (75df211007e189f5b215228a304f9c27)] -> xpath: //div[@data-cy='title-recipe']], [[ChromeDriver: chrome on windows (75df211007e189f5b215228a304f9c27)] -> xpath: //div[@data-cy='title-recipe']], [[ChromeDriver: chrome on windows (75df211007e189f5b215228a304f9c27)] -> xpath: //div[@data-cy='title-recipe']], [[ChromeDriver: chrome on windows (75df211007e189f5b215228a304f9c27)] -> xpath: //div[@data-cy='title-recipe']], [[ChromeDriver: chrome on windows (75df211007e189f5b215228a304f9c27)] -> xpath: //div[@data-cy='title-recipe']], [[ChromeDriver: chrome on windows (75df211007e189f5b215228a304f9c27)] -> xpath: //div[@data-cy='title-recipe']], [[ChromeDriver: chrome on windows (75df211007e189f5b215228a304f9c27)] -> xpath: //div[@data-cy='title-recipe']], [[ChromeDriver: chrome on windows (75df211007e189f5b215228a304f9c27)] -> xpath: //div[@data-cy='title-recipe']], [[ChromeDriver: chrome on windows (75df211007e189f5b215228a304f9c27)] -> xpath: //div[@data-cy='title-recipe']], [[ChromeDriver: chrome on windows (75df211007e189f5b215228a304f9c27)] -> xpath: //div[@data-cy='title-recipe']], [[ChromeDriver: chrome on windows (75df211007e189f5b215228a304f9c27)] -> xpath: //div[@data-cy='title-recipe']], [[ChromeDriver: chrome on windows (75df211007e189f5b215228a304f9c27)] -> xpath: //div[@data-cy='title-recipe']], [[ChromeDriver: chrome on windows (75df211007e189f5b215228a304f9c27)] -> xpath: //div[@data-cy='title-recipe']], [[ChromeDriver: chrome on windows (75df211007e189f5b215228a304f9c27)] -> xpath: //div[@data-cy='title-recipe']]] from the safeFindElements method
20:23:41 [TestNG-test-Test-1] INFO  verifyingProcessorSpeedFilterFunctionality_Mobile_20-15-38 - [verifyingProcessorSpeedFilterFunctionality_Mobile_20-15-38] Within productNameListingPage loop in applyFilterAndValidateProductsWithResult
20:23:41 [TestNG-test-Test-1] INFO  verifyingProcessorSpeedFilterFunctionality_Mobile_20-15-38 - [verifyingProcessorSpeedFilterFunctionality_Mobile_20-15-38] Within getProductByIndex method
20:23:41 [TestNG-test-Test-1] INFO  verifyingProcessorSpeedFilterFunctionality_Mobile_20-15-38 - [verifyingProcessorSpeedFilterFunctionality_Mobile_20-15-38] Within safeFindElement method
20:23:41 [TestNG-test-Test-1] INFO  verifyingProcessorSpeedFilterFunctionality_Mobile_20-15-38 - [verifyingProcessorSpeedFilterFunctionality_Mobile_20-15-38]Found the element returning it ,element ->[[ChromeDriver: chrome on windows (75df211007e189f5b215228a304f9c27)] -> xpath: (//div[@data-cy='title-recipe'])[11]]
20:23:41 [TestNG-test-Test-1] INFO  verifyingProcessorSpeedFilterFunctionality_Mobile_20-15-38 - [verifyingProcessorSpeedFilterFunctionality_Mobile_20-15-38] Within getProductByIndex method
20:23:41 [TestNG-test-Test-1] INFO  verifyingProcessorSpeedFilterFunctionality_Mobile_20-15-38 - [verifyingProcessorSpeedFilterFunctionality_Mobile_20-15-38] Within smoothScrollToElement method
20:23:41 [TestNG-test-Test-1] INFO  verifyingProcessorSpeedFilterFunctionality_Mobile_20-15-38 - [verifyingProcessorSpeedFilterFunctionality_Mobile_20-15-38] Within safeFindElement method
20:23:41 [TestNG-test-Test-1] INFO  verifyingProcessorSpeedFilterFunctionality_Mobile_20-15-38 - [verifyingProcessorSpeedFilterFunctionality_Mobile_20-15-38]Found the element returning it ,element ->[[ChromeDriver: chrome on windows (75df211007e189f5b215228a304f9c27)] -> xpath: (//div[@data-cy='title-recipe'])[11]]
20:23:41 [TestNG-test-Test-1] INFO  verifyingProcessorSpeedFilterFunctionality_Mobile_20-15-38 - [verifyingProcessorSpeedFilterFunctionality_Mobile_20-15-38] Successfully scrolled to element: By.xpath: (//div[@data-cy='title-recipe'])[11]
20:23:41 [TestNG-test-Test-1] INFO  verifyingProcessorSpeedFilterFunctionality_Mobile_20-15-38 - [verifyingProcessorSpeedFilterFunctionality_Mobile_20-15-38] Getting product by index in productNameListingPage loop
20:23:42 [TestNG-test-Test-1] INFO  verifyingProcessorSpeedFilterFunctionality_Mobile_20-15-38 - [verifyingProcessorSpeedFilterFunctionality_Mobile_20-15-38] Opened product in new tab via Ctrl+Click inside productNameListingPage loop
20:23:42 [TestNG-test-Test-1] INFO  verifyingProcessorSpeedFilterFunctionality_Mobile_20-15-38 - [verifyingProcessorSpeedFilterFunctionality_Mobile_20-15-38] Waiting for new window to open...
20:23:42 [TestNG-test-Test-1] INFO  verifyingProcessorSpeedFilterFunctionality_Mobile_20-15-38 - [verifyingProcessorSpeedFilterFunctionality_Mobile_20-15-38] Switched to new window -> DA631BBF515DA7859A84D90E31DD4588
20:23:42 [TestNG-test-Test-1] INFO  verifyingProcessorSpeedFilterFunctionality_Mobile_20-15-38 - [verifyingProcessorSpeedFilterFunctionality_Mobile_20-15-38] Swithcing to the new window  within productNameListingPage loop
20:23:42 [TestNG-test-Test-1] INFO  verifyingProcessorSpeedFilterFunctionality_Mobile_20-15-38 - [verifyingProcessorSpeedFilterFunctionality_Mobile_20-15-38] Clicked product name to open in new tab from productNameListingPage loop
20:23:42 [TestNG-test-Test-1] INFO  verifyingProcessorSpeedFilterFunctionality_Mobile_20-15-38 - [verifyingProcessorSpeedFilterFunctionality_Mobile_20-15-38] Within safeFindElement method
20:23:44 [TestNG-test-Test-1] INFO  verifyingProcessorSpeedFilterFunctionality_Mobile_20-15-38 - [verifyingProcessorSpeedFilterFunctionality_Mobile_20-15-38]Found the element returning it ,element ->[[ChromeDriver: chrome on windows (75df211007e189f5b215228a304f9c27)] -> xpath: //span[@id='productTitle']]
20:23:44 [TestNG-test-Test-1] INFO  verifyingProcessorSpeedFilterFunctionality_Mobile_20-15-38 - [verifyingProcessorSpeedFilterFunctionality_Mobile_20-15-38] Within safeFindElement method
20:23:44 [TestNG-test-Test-1] INFO  verifyingProcessorSpeedFilterFunctionality_Mobile_20-15-38 - [verifyingProcessorSpeedFilterFunctionality_Mobile_20-15-38]Found the element returning it ,element ->[[ChromeDriver: chrome on windows (75df211007e189f5b215228a304f9c27)] -> xpath: //div[@class='a-section a-spacing-small a-spacing-top-small']]
20:23:44 [TestNG-test-Test-1] INFO  verifyingProcessorSpeedFilterFunctionality_Mobile_20-15-38 - [verifyingProcessorSpeedFilterFunctionality_Mobile_20-15-38] Within safeFindElement method
20:23:44 [TestNG-test-Test-1] INFO  verifyingProcessorSpeedFilterFunctionality_Mobile_20-15-38 - [verifyingProcessorSpeedFilterFunctionality_Mobile_20-15-38]Found the element returning it ,element ->[[ChromeDriver: chrome on windows (75df211007e189f5b215228a304f9c27)] -> xpath: //div[@id='feature-bullets']]
20:23:44 [TestNG-test-Test-1] INFO  verifyingProcessorSpeedFilterFunctionality_Mobile_20-15-38 - [verifyingProcessorSpeedFilterFunctionality_Mobile_20-15-38] Within safeFindElement method
20:23:45 [TestNG-test-Test-1] INFO  verifyingProcessorSpeedFilterFunctionality_Mobile_20-15-38 - [verifyingProcessorSpeedFilterFunctionality_Mobile_20-15-38]Found the element returning it ,element ->[[ChromeDriver: chrome on windows (75df211007e189f5b215228a304f9c27)] -> xpath: //div[@id='prodDetails']]
20:23:45 [TestNG-test-Test-1] INFO  verifyingProcessorSpeedFilterFunctionality_Mobile_20-15-38 - [verifyingProcessorSpeedFilterFunctionality_Mobile_20-15-38] Extracting 'name' , 'keyFeatures', 'about' , 'techDetails' within productNameListingPage loop
20:23:45 [TestNG-test-Test-1] INFO  verifyingProcessorSpeedFilterFunctionality_Mobile_20-15-38 - [verifyingProcessorSpeedFilterFunctionality_Mobile_20-15-38] Waiting until element is visible in viewport
20:23:55 [TestNG-test-Test-1] INFO  verifyingProcessorSpeedFilterFunctionality_Mobile_20-15-38 - [verifyingProcessorSpeedFilterFunctionality_Mobile_20-15-38] Within smoothScrollToElement method
20:23:55 [TestNG-test-Test-1] INFO  verifyingProcessorSpeedFilterFunctionality_Mobile_20-15-38 - [verifyingProcessorSpeedFilterFunctionality_Mobile_20-15-38] Within safeFindElement method
20:23:55 [TestNG-test-Test-1] INFO  verifyingProcessorSpeedFilterFunctionality_Mobile_20-15-38 - [verifyingProcessorSpeedFilterFunctionality_Mobile_20-15-38]Found the element returning it ,element ->[[ChromeDriver: chrome on windows (75df211007e189f5b215228a304f9c27)] -> xpath: //a[@id='seeMoreDetailsLink']]
20:23:55 [TestNG-test-Test-1] INFO  verifyingProcessorSpeedFilterFunctionality_Mobile_20-15-38 - [verifyingProcessorSpeedFilterFunctionality_Mobile_20-15-38] Successfully scrolled to element: By.xpath: //a[@id='seeMoreDetailsLink']
20:23:55 [TestNG-test-Test-1] INFO  verifyingProcessorSpeedFilterFunctionality_Mobile_20-15-38 - [verifyingProcessorSpeedFilterFunctionality_Mobile_20-15-38] Within safeClick method
20:23:55 [TestNG-test-Test-1] INFO  verifyingProcessorSpeedFilterFunctionality_Mobile_20-15-38 - [verifyingProcessorSpeedFilterFunctionality_Mobile_20-15-38] Clicked the  [[ChromeDriver: chrome on windows (75df211007e189f5b215228a304f9c27)] -> xpath: //a[@id='seeMoreDetailsLink']]   using safeClick
20:23:55 [TestNG-test-Test-1] INFO  verifyingProcessorSpeedFilterFunctionality_Mobile_20-15-38 - [verifyingProcessorSpeedFilterFunctionality_Mobile_20-15-38] Within try block for clicking see more deatils within productNameListingPage loop
20:23:55 [TestNG-test-Test-1] INFO  verifyingProcessorSpeedFilterFunctionality_Mobile_20-15-38 - [verifyingProcessorSpeedFilterFunctionality_Mobile_20-15-38] Within closeCurrentWindowAndSwitchBack method
20:23:55 [TestNG-test-Test-1] INFO  verifyingProcessorSpeedFilterFunctionality_Mobile_20-15-38 - [verifyingProcessorSpeedFilterFunctionality_Mobile_20-15-38] Total open windows/tabs count -> 2
20:23:55 [TestNG-test-Test-1] INFO  verifyingProcessorSpeedFilterFunctionality_Mobile_20-15-38 - [verifyingProcessorSpeedFilterFunctionality_Mobile_20-15-38] Original window handle -> CDCEAD40B14BD9DE795B8D6B5A8053F4
20:23:55 [TestNG-test-Test-1] INFO  verifyingProcessorSpeedFilterFunctionality_Mobile_20-15-38 - [verifyingProcessorSpeedFilterFunctionality_Mobile_20-15-38] Found new tab/window handle -> DA631BBF515DA7859A84D90E31DD4588 (will be closed)
20:23:55 [TestNG-test-Test-1] INFO  verifyingProcessorSpeedFilterFunctionality_Mobile_20-15-38 - [verifyingProcessorSpeedFilterFunctionality_Mobile_20-15-38] Successfully switched to new tab/window -> DA631BBF515DA7859A84D90E31DD4588
20:23:55 [TestNG-test-Test-1] INFO  verifyingProcessorSpeedFilterFunctionality_Mobile_20-15-38 - [verifyingProcessorSpeedFilterFunctionality_Mobile_20-15-38] Closed the newly opened tab/window -> DA631BBF515DA7859A84D90E31DD4588
20:23:55 [TestNG-test-Test-1] INFO  verifyingProcessorSpeedFilterFunctionality_Mobile_20-15-38 - [verifyingProcessorSpeedFilterFunctionality_Mobile_20-15-38] Switched back to the original window -> CDCEAD40B14BD9DE795B8D6B5A8053F4
20:23:55 [TestNG-test-Test-1] INFO  verifyingProcessorSpeedFilterFunctionality_Mobile_20-15-38 - [verifyingProcessorSpeedFilterFunctionality_Mobile_20-15-38]  going back to product listing via closeCurrentWindowAndSwitchBack 
20:23:55 [TestNG-test-Test-1] INFO  verifyingProcessorSpeedFilterFunctionality_Mobile_20-15-38 - [verifyingProcessorSpeedFilterFunctionality_Mobile_20-15-38]  Added 'filter','title','keyFeatures', 'about', 'techDetails' into the Map -> productResult
20:23:55 [TestNG-test-Test-1] INFO  verifyingProcessorSpeedFilterFunctionality_Mobile_20-15-38 - [verifyingProcessorSpeedFilterFunctionality_Mobile_20-15-38]  Added 'productResult' Map into the 'results' i.e list of maps 
20:23:55 [TestNG-test-Test-1] INFO  verifyingProcessorSpeedFilterFunctionality_Mobile_20-15-38 - [verifyingProcessorSpeedFilterFunctionality_Mobile_20-15-38]==========================================================================================================
20:23:55 [TestNG-test-Test-1] INFO  verifyingProcessorSpeedFilterFunctionality_Mobile_20-15-38 - [verifyingProcessorSpeedFilterFunctionality_Mobile_20-15-38] Within safeFindElements 
20:23:55 [TestNG-test-Test-1] INFO  verifyingProcessorSpeedFilterFunctionality_Mobile_20-15-38 - [verifyingProcessorSpeedFilterFunctionality_Mobile_20-15-38] Returning the  [[[ChromeDriver: chrome on windows (75df211007e189f5b215228a304f9c27)] -> xpath: //div[@data-cy='title-recipe']], [[ChromeDriver: chrome on windows (75df211007e189f5b215228a304f9c27)] -> xpath: //div[@data-cy='title-recipe']], [[ChromeDriver: chrome on windows (75df211007e189f5b215228a304f9c27)] -> xpath: //div[@data-cy='title-recipe']], [[ChromeDriver: chrome on windows (75df211007e189f5b215228a304f9c27)] -> xpath: //div[@data-cy='title-recipe']], [[ChromeDriver: chrome on windows (75df211007e189f5b215228a304f9c27)] -> xpath: //div[@data-cy='title-recipe']], [[ChromeDriver: chrome on windows (75df211007e189f5b215228a304f9c27)] -> xpath: //div[@data-cy='title-recipe']], [[ChromeDriver: chrome on windows (75df211007e189f5b215228a304f9c27)] -> xpath: //div[@data-cy='title-recipe']], [[ChromeDriver: chrome on windows (75df211007e189f5b215228a304f9c27)] -> xpath: //div[@data-cy='title-recipe']], [[ChromeDriver: chrome on windows (75df211007e189f5b215228a304f9c27)] -> xpath: //div[@data-cy='title-recipe']], [[ChromeDriver: chrome on windows (75df211007e189f5b215228a304f9c27)] -> xpath: //div[@data-cy='title-recipe']], [[ChromeDriver: chrome on windows (75df211007e189f5b215228a304f9c27)] -> xpath: //div[@data-cy='title-recipe']], [[ChromeDriver: chrome on windows (75df211007e189f5b215228a304f9c27)] -> xpath: //div[@data-cy='title-recipe']], [[ChromeDriver: chrome on windows (75df211007e189f5b215228a304f9c27)] -> xpath: //div[@data-cy='title-recipe']], [[ChromeDriver: chrome on windows (75df211007e189f5b215228a304f9c27)] -> xpath: //div[@data-cy='title-recipe']], [[ChromeDriver: chrome on windows (75df211007e189f5b215228a304f9c27)] -> xpath: //div[@data-cy='title-recipe']], [[ChromeDriver: chrome on windows (75df211007e189f5b215228a304f9c27)] -> xpath: //div[@data-cy='title-recipe']]] from the safeFindElements method
20:23:55 [TestNG-test-Test-1] INFO  verifyingProcessorSpeedFilterFunctionality_Mobile_20-15-38 - [verifyingProcessorSpeedFilterFunctionality_Mobile_20-15-38] Within productNameListingPage loop in applyFilterAndValidateProductsWithResult
20:23:55 [TestNG-test-Test-1] INFO  verifyingProcessorSpeedFilterFunctionality_Mobile_20-15-38 - [verifyingProcessorSpeedFilterFunctionality_Mobile_20-15-38] Within getProductByIndex method
20:23:55 [TestNG-test-Test-1] INFO  verifyingProcessorSpeedFilterFunctionality_Mobile_20-15-38 - [verifyingProcessorSpeedFilterFunctionality_Mobile_20-15-38] Within safeFindElement method
20:23:56 [TestNG-test-Test-1] INFO  verifyingProcessorSpeedFilterFunctionality_Mobile_20-15-38 - [verifyingProcessorSpeedFilterFunctionality_Mobile_20-15-38]Found the element returning it ,element ->[[ChromeDriver: chrome on windows (75df211007e189f5b215228a304f9c27)] -> xpath: (//div[@data-cy='title-recipe'])[12]]
20:23:56 [TestNG-test-Test-1] INFO  verifyingProcessorSpeedFilterFunctionality_Mobile_20-15-38 - [verifyingProcessorSpeedFilterFunctionality_Mobile_20-15-38] Within getProductByIndex method
20:23:56 [TestNG-test-Test-1] INFO  verifyingProcessorSpeedFilterFunctionality_Mobile_20-15-38 - [verifyingProcessorSpeedFilterFunctionality_Mobile_20-15-38] Within smoothScrollToElement method
20:23:56 [TestNG-test-Test-1] INFO  verifyingProcessorSpeedFilterFunctionality_Mobile_20-15-38 - [verifyingProcessorSpeedFilterFunctionality_Mobile_20-15-38] Within safeFindElement method
20:23:56 [TestNG-test-Test-1] INFO  verifyingProcessorSpeedFilterFunctionality_Mobile_20-15-38 - [verifyingProcessorSpeedFilterFunctionality_Mobile_20-15-38]Found the element returning it ,element ->[[ChromeDriver: chrome on windows (75df211007e189f5b215228a304f9c27)] -> xpath: (//div[@data-cy='title-recipe'])[12]]
20:23:56 [TestNG-test-Test-1] INFO  verifyingProcessorSpeedFilterFunctionality_Mobile_20-15-38 - [verifyingProcessorSpeedFilterFunctionality_Mobile_20-15-38] Successfully scrolled to element: By.xpath: (//div[@data-cy='title-recipe'])[12]
20:23:56 [TestNG-test-Test-1] INFO  verifyingProcessorSpeedFilterFunctionality_Mobile_20-15-38 - [verifyingProcessorSpeedFilterFunctionality_Mobile_20-15-38] Getting product by index in productNameListingPage loop
20:23:56 [TestNG-test-Test-1] INFO  verifyingProcessorSpeedFilterFunctionality_Mobile_20-15-38 - [verifyingProcessorSpeedFilterFunctionality_Mobile_20-15-38] Opened product in new tab via Ctrl+Click inside productNameListingPage loop
20:23:56 [TestNG-test-Test-1] INFO  verifyingProcessorSpeedFilterFunctionality_Mobile_20-15-38 - [verifyingProcessorSpeedFilterFunctionality_Mobile_20-15-38] Waiting for new window to open...
20:23:56 [TestNG-test-Test-1] INFO  verifyingProcessorSpeedFilterFunctionality_Mobile_20-15-38 - [verifyingProcessorSpeedFilterFunctionality_Mobile_20-15-38] Switched to new window -> BB44032C596791085C6ED7C3CAA72080
20:23:56 [TestNG-test-Test-1] INFO  verifyingProcessorSpeedFilterFunctionality_Mobile_20-15-38 - [verifyingProcessorSpeedFilterFunctionality_Mobile_20-15-38] Swithcing to the new window  within productNameListingPage loop
20:23:56 [TestNG-test-Test-1] INFO  verifyingProcessorSpeedFilterFunctionality_Mobile_20-15-38 - [verifyingProcessorSpeedFilterFunctionality_Mobile_20-15-38] Clicked product name to open in new tab from productNameListingPage loop
20:23:56 [TestNG-test-Test-1] INFO  verifyingProcessorSpeedFilterFunctionality_Mobile_20-15-38 - [verifyingProcessorSpeedFilterFunctionality_Mobile_20-15-38] Within safeFindElement method
20:23:58 [TestNG-test-Test-1] INFO  verifyingProcessorSpeedFilterFunctionality_Mobile_20-15-38 - [verifyingProcessorSpeedFilterFunctionality_Mobile_20-15-38]Found the element returning it ,element ->[[ChromeDriver: chrome on windows (75df211007e189f5b215228a304f9c27)] -> xpath: //span[@id='productTitle']]
20:23:58 [TestNG-test-Test-1] INFO  verifyingProcessorSpeedFilterFunctionality_Mobile_20-15-38 - [verifyingProcessorSpeedFilterFunctionality_Mobile_20-15-38] Within safeFindElement method
20:23:58 [TestNG-test-Test-1] INFO  verifyingProcessorSpeedFilterFunctionality_Mobile_20-15-38 - [verifyingProcessorSpeedFilterFunctionality_Mobile_20-15-38]Found the element returning it ,element ->[[ChromeDriver: chrome on windows (75df211007e189f5b215228a304f9c27)] -> xpath: //div[@class='a-section a-spacing-small a-spacing-top-small']]
20:23:58 [TestNG-test-Test-1] INFO  verifyingProcessorSpeedFilterFunctionality_Mobile_20-15-38 - [verifyingProcessorSpeedFilterFunctionality_Mobile_20-15-38] Within safeFindElement method
20:23:59 [TestNG-test-Test-1] INFO  verifyingProcessorSpeedFilterFunctionality_Mobile_20-15-38 - [verifyingProcessorSpeedFilterFunctionality_Mobile_20-15-38]Found the element returning it ,element ->[[ChromeDriver: chrome on windows (75df211007e189f5b215228a304f9c27)] -> xpath: //div[@id='feature-bullets']]
20:23:59 [TestNG-test-Test-1] INFO  verifyingProcessorSpeedFilterFunctionality_Mobile_20-15-38 - [verifyingProcessorSpeedFilterFunctionality_Mobile_20-15-38] Within safeFindElement method
20:23:59 [TestNG-test-Test-1] INFO  verifyingProcessorSpeedFilterFunctionality_Mobile_20-15-38 - [verifyingProcessorSpeedFilterFunctionality_Mobile_20-15-38]Found the element returning it ,element ->[[ChromeDriver: chrome on windows (75df211007e189f5b215228a304f9c27)] -> xpath: //div[@id='prodDetails']]
20:23:59 [TestNG-test-Test-1] INFO  verifyingProcessorSpeedFilterFunctionality_Mobile_20-15-38 - [verifyingProcessorSpeedFilterFunctionality_Mobile_20-15-38] Extracting 'name' , 'keyFeatures', 'about' , 'techDetails' within productNameListingPage loop
20:23:59 [TestNG-test-Test-1] INFO  verifyingProcessorSpeedFilterFunctionality_Mobile_20-15-38 - [verifyingProcessorSpeedFilterFunctionality_Mobile_20-15-38] Waiting until element is visible in viewport
20:24:09 [TestNG-test-Test-1] INFO  verifyingProcessorSpeedFilterFunctionality_Mobile_20-15-38 - [verifyingProcessorSpeedFilterFunctionality_Mobile_20-15-38] Within smoothScrollToElement method
20:24:09 [TestNG-test-Test-1] INFO  verifyingProcessorSpeedFilterFunctionality_Mobile_20-15-38 - [verifyingProcessorSpeedFilterFunctionality_Mobile_20-15-38] Within safeFindElement method
20:24:09 [TestNG-test-Test-1] INFO  verifyingProcessorSpeedFilterFunctionality_Mobile_20-15-38 - [verifyingProcessorSpeedFilterFunctionality_Mobile_20-15-38]Found the element returning it ,element ->[[ChromeDriver: chrome on windows (75df211007e189f5b215228a304f9c27)] -> xpath: //a[@id='seeMoreDetailsLink']]
20:24:09 [TestNG-test-Test-1] INFO  verifyingProcessorSpeedFilterFunctionality_Mobile_20-15-38 - [verifyingProcessorSpeedFilterFunctionality_Mobile_20-15-38] Successfully scrolled to element: By.xpath: //a[@id='seeMoreDetailsLink']
20:24:09 [TestNG-test-Test-1] INFO  verifyingProcessorSpeedFilterFunctionality_Mobile_20-15-38 - [verifyingProcessorSpeedFilterFunctionality_Mobile_20-15-38] Within safeClick method
20:24:09 [TestNG-test-Test-1] INFO  verifyingProcessorSpeedFilterFunctionality_Mobile_20-15-38 - [verifyingProcessorSpeedFilterFunctionality_Mobile_20-15-38] Clicked the  [[ChromeDriver: chrome on windows (75df211007e189f5b215228a304f9c27)] -> xpath: //a[@id='seeMoreDetailsLink']]   using safeClick
20:24:09 [TestNG-test-Test-1] INFO  verifyingProcessorSpeedFilterFunctionality_Mobile_20-15-38 - [verifyingProcessorSpeedFilterFunctionality_Mobile_20-15-38] Within try block for clicking see more deatils within productNameListingPage loop
20:24:09 [TestNG-test-Test-1] INFO  verifyingProcessorSpeedFilterFunctionality_Mobile_20-15-38 - [verifyingProcessorSpeedFilterFunctionality_Mobile_20-15-38] Within closeCurrentWindowAndSwitchBack method
20:24:09 [TestNG-test-Test-1] INFO  verifyingProcessorSpeedFilterFunctionality_Mobile_20-15-38 - [verifyingProcessorSpeedFilterFunctionality_Mobile_20-15-38] Total open windows/tabs count -> 2
20:24:09 [TestNG-test-Test-1] INFO  verifyingProcessorSpeedFilterFunctionality_Mobile_20-15-38 - [verifyingProcessorSpeedFilterFunctionality_Mobile_20-15-38] Original window handle -> CDCEAD40B14BD9DE795B8D6B5A8053F4
20:24:09 [TestNG-test-Test-1] INFO  verifyingProcessorSpeedFilterFunctionality_Mobile_20-15-38 - [verifyingProcessorSpeedFilterFunctionality_Mobile_20-15-38] Found new tab/window handle -> BB44032C596791085C6ED7C3CAA72080 (will be closed)
20:24:09 [TestNG-test-Test-1] INFO  verifyingProcessorSpeedFilterFunctionality_Mobile_20-15-38 - [verifyingProcessorSpeedFilterFunctionality_Mobile_20-15-38] Successfully switched to new tab/window -> BB44032C596791085C6ED7C3CAA72080
20:24:09 [TestNG-test-Test-1] INFO  verifyingProcessorSpeedFilterFunctionality_Mobile_20-15-38 - [verifyingProcessorSpeedFilterFunctionality_Mobile_20-15-38] Closed the newly opened tab/window -> BB44032C596791085C6ED7C3CAA72080
20:24:09 [TestNG-test-Test-1] INFO  verifyingProcessorSpeedFilterFunctionality_Mobile_20-15-38 - [verifyingProcessorSpeedFilterFunctionality_Mobile_20-15-38] Switched back to the original window -> CDCEAD40B14BD9DE795B8D6B5A8053F4
20:24:09 [TestNG-test-Test-1] INFO  verifyingProcessorSpeedFilterFunctionality_Mobile_20-15-38 - [verifyingProcessorSpeedFilterFunctionality_Mobile_20-15-38]  going back to product listing via closeCurrentWindowAndSwitchBack 
20:24:09 [TestNG-test-Test-1] INFO  verifyingProcessorSpeedFilterFunctionality_Mobile_20-15-38 - [verifyingProcessorSpeedFilterFunctionality_Mobile_20-15-38]  Added 'filter','title','keyFeatures', 'about', 'techDetails' into the Map -> productResult
20:24:09 [TestNG-test-Test-1] INFO  verifyingProcessorSpeedFilterFunctionality_Mobile_20-15-38 - [verifyingProcessorSpeedFilterFunctionality_Mobile_20-15-38]  Added 'productResult' Map into the 'results' i.e list of maps 
20:24:09 [TestNG-test-Test-1] INFO  verifyingProcessorSpeedFilterFunctionality_Mobile_20-15-38 - [verifyingProcessorSpeedFilterFunctionality_Mobile_20-15-38]==========================================================================================================
20:24:09 [TestNG-test-Test-1] INFO  verifyingProcessorSpeedFilterFunctionality_Mobile_20-15-38 - [verifyingProcessorSpeedFilterFunctionality_Mobile_20-15-38] Within safeFindElements 
20:24:10 [TestNG-test-Test-1] INFO  verifyingProcessorSpeedFilterFunctionality_Mobile_20-15-38 - [verifyingProcessorSpeedFilterFunctionality_Mobile_20-15-38] Returning the  [[[ChromeDriver: chrome on windows (75df211007e189f5b215228a304f9c27)] -> xpath: //div[@data-cy='title-recipe']], [[ChromeDriver: chrome on windows (75df211007e189f5b215228a304f9c27)] -> xpath: //div[@data-cy='title-recipe']], [[ChromeDriver: chrome on windows (75df211007e189f5b215228a304f9c27)] -> xpath: //div[@data-cy='title-recipe']], [[ChromeDriver: chrome on windows (75df211007e189f5b215228a304f9c27)] -> xpath: //div[@data-cy='title-recipe']], [[ChromeDriver: chrome on windows (75df211007e189f5b215228a304f9c27)] -> xpath: //div[@data-cy='title-recipe']], [[ChromeDriver: chrome on windows (75df211007e189f5b215228a304f9c27)] -> xpath: //div[@data-cy='title-recipe']], [[ChromeDriver: chrome on windows (75df211007e189f5b215228a304f9c27)] -> xpath: //div[@data-cy='title-recipe']], [[ChromeDriver: chrome on windows (75df211007e189f5b215228a304f9c27)] -> xpath: //div[@data-cy='title-recipe']], [[ChromeDriver: chrome on windows (75df211007e189f5b215228a304f9c27)] -> xpath: //div[@data-cy='title-recipe']], [[ChromeDriver: chrome on windows (75df211007e189f5b215228a304f9c27)] -> xpath: //div[@data-cy='title-recipe']], [[ChromeDriver: chrome on windows (75df211007e189f5b215228a304f9c27)] -> xpath: //div[@data-cy='title-recipe']], [[ChromeDriver: chrome on windows (75df211007e189f5b215228a304f9c27)] -> xpath: //div[@data-cy='title-recipe']], [[ChromeDriver: chrome on windows (75df211007e189f5b215228a304f9c27)] -> xpath: //div[@data-cy='title-recipe']], [[ChromeDriver: chrome on windows (75df211007e189f5b215228a304f9c27)] -> xpath: //div[@data-cy='title-recipe']], [[ChromeDriver: chrome on windows (75df211007e189f5b215228a304f9c27)] -> xpath: //div[@data-cy='title-recipe']], [[ChromeDriver: chrome on windows (75df211007e189f5b215228a304f9c27)] -> xpath: //div[@data-cy='title-recipe']]] from the safeFindElements method
20:24:10 [TestNG-test-Test-1] INFO  verifyingProcessorSpeedFilterFunctionality_Mobile_20-15-38 - [verifyingProcessorSpeedFilterFunctionality_Mobile_20-15-38] Within productNameListingPage loop in applyFilterAndValidateProductsWithResult
20:24:10 [TestNG-test-Test-1] INFO  verifyingProcessorSpeedFilterFunctionality_Mobile_20-15-38 - [verifyingProcessorSpeedFilterFunctionality_Mobile_20-15-38] Within getProductByIndex method
20:24:10 [TestNG-test-Test-1] INFO  verifyingProcessorSpeedFilterFunctionality_Mobile_20-15-38 - [verifyingProcessorSpeedFilterFunctionality_Mobile_20-15-38] Within safeFindElement method
20:24:10 [TestNG-test-Test-1] INFO  verifyingProcessorSpeedFilterFunctionality_Mobile_20-15-38 - [verifyingProcessorSpeedFilterFunctionality_Mobile_20-15-38]Found the element returning it ,element ->[[ChromeDriver: chrome on windows (75df211007e189f5b215228a304f9c27)] -> xpath: (//div[@data-cy='title-recipe'])[13]]
20:24:10 [TestNG-test-Test-1] INFO  verifyingProcessorSpeedFilterFunctionality_Mobile_20-15-38 - [verifyingProcessorSpeedFilterFunctionality_Mobile_20-15-38] Within getProductByIndex method
20:24:10 [TestNG-test-Test-1] INFO  verifyingProcessorSpeedFilterFunctionality_Mobile_20-15-38 - [verifyingProcessorSpeedFilterFunctionality_Mobile_20-15-38] Within smoothScrollToElement method
20:24:10 [TestNG-test-Test-1] INFO  verifyingProcessorSpeedFilterFunctionality_Mobile_20-15-38 - [verifyingProcessorSpeedFilterFunctionality_Mobile_20-15-38] Within safeFindElement method
20:24:10 [TestNG-test-Test-1] INFO  verifyingProcessorSpeedFilterFunctionality_Mobile_20-15-38 - [verifyingProcessorSpeedFilterFunctionality_Mobile_20-15-38]Found the element returning it ,element ->[[ChromeDriver: chrome on windows (75df211007e189f5b215228a304f9c27)] -> xpath: (//div[@data-cy='title-recipe'])[13]]
20:24:10 [TestNG-test-Test-1] INFO  verifyingProcessorSpeedFilterFunctionality_Mobile_20-15-38 - [verifyingProcessorSpeedFilterFunctionality_Mobile_20-15-38] Successfully scrolled to element: By.xpath: (//div[@data-cy='title-recipe'])[13]
20:24:10 [TestNG-test-Test-1] INFO  verifyingProcessorSpeedFilterFunctionality_Mobile_20-15-38 - [verifyingProcessorSpeedFilterFunctionality_Mobile_20-15-38] Getting product by index in productNameListingPage loop
20:24:10 [TestNG-test-Test-1] INFO  verifyingProcessorSpeedFilterFunctionality_Mobile_20-15-38 - [verifyingProcessorSpeedFilterFunctionality_Mobile_20-15-38] Opened product in new tab via Ctrl+Click inside productNameListingPage loop
20:24:10 [TestNG-test-Test-1] INFO  verifyingProcessorSpeedFilterFunctionality_Mobile_20-15-38 - [verifyingProcessorSpeedFilterFunctionality_Mobile_20-15-38] Waiting for new window to open...
20:24:10 [TestNG-test-Test-1] INFO  verifyingProcessorSpeedFilterFunctionality_Mobile_20-15-38 - [verifyingProcessorSpeedFilterFunctionality_Mobile_20-15-38] Switched to new window -> 6EA35270F9E886553982B4C8068F1E45
20:24:10 [TestNG-test-Test-1] INFO  verifyingProcessorSpeedFilterFunctionality_Mobile_20-15-38 - [verifyingProcessorSpeedFilterFunctionality_Mobile_20-15-38] Swithcing to the new window  within productNameListingPage loop
20:24:10 [TestNG-test-Test-1] INFO  verifyingProcessorSpeedFilterFunctionality_Mobile_20-15-38 - [verifyingProcessorSpeedFilterFunctionality_Mobile_20-15-38] Clicked product name to open in new tab from productNameListingPage loop
20:24:10 [TestNG-test-Test-1] INFO  verifyingProcessorSpeedFilterFunctionality_Mobile_20-15-38 - [verifyingProcessorSpeedFilterFunctionality_Mobile_20-15-38] Within safeFindElement method
20:24:13 [TestNG-test-Test-1] INFO  verifyingProcessorSpeedFilterFunctionality_Mobile_20-15-38 - [verifyingProcessorSpeedFilterFunctionality_Mobile_20-15-38]Found the element returning it ,element ->[[ChromeDriver: chrome on windows (75df211007e189f5b215228a304f9c27)] -> xpath: //span[@id='productTitle']]
20:24:13 [TestNG-test-Test-1] INFO  verifyingProcessorSpeedFilterFunctionality_Mobile_20-15-38 - [verifyingProcessorSpeedFilterFunctionality_Mobile_20-15-38] Within safeFindElement method
20:24:13 [TestNG-test-Test-1] INFO  verifyingProcessorSpeedFilterFunctionality_Mobile_20-15-38 - [verifyingProcessorSpeedFilterFunctionality_Mobile_20-15-38]Found the element returning it ,element ->[[ChromeDriver: chrome on windows (75df211007e189f5b215228a304f9c27)] -> xpath: //div[@class='a-section a-spacing-small a-spacing-top-small']]
20:24:13 [TestNG-test-Test-1] INFO  verifyingProcessorSpeedFilterFunctionality_Mobile_20-15-38 - [verifyingProcessorSpeedFilterFunctionality_Mobile_20-15-38] Within safeFindElement method
20:24:13 [TestNG-test-Test-1] INFO  verifyingProcessorSpeedFilterFunctionality_Mobile_20-15-38 - [verifyingProcessorSpeedFilterFunctionality_Mobile_20-15-38]Found the element returning it ,element ->[[ChromeDriver: chrome on windows (75df211007e189f5b215228a304f9c27)] -> xpath: //div[@id='feature-bullets']]
20:24:13 [TestNG-test-Test-1] INFO  verifyingProcessorSpeedFilterFunctionality_Mobile_20-15-38 - [verifyingProcessorSpeedFilterFunctionality_Mobile_20-15-38] Within safeFindElement method
20:24:13 [TestNG-test-Test-1] INFO  verifyingProcessorSpeedFilterFunctionality_Mobile_20-15-38 - [verifyingProcessorSpeedFilterFunctionality_Mobile_20-15-38]Found the element returning it ,element ->[[ChromeDriver: chrome on windows (75df211007e189f5b215228a304f9c27)] -> xpath: //div[@id='prodDetails']]
20:24:13 [TestNG-test-Test-1] INFO  verifyingProcessorSpeedFilterFunctionality_Mobile_20-15-38 - [verifyingProcessorSpeedFilterFunctionality_Mobile_20-15-38] Extracting 'name' , 'keyFeatures', 'about' , 'techDetails' within productNameListingPage loop
20:24:13 [TestNG-test-Test-1] INFO  verifyingProcessorSpeedFilterFunctionality_Mobile_20-15-38 - [verifyingProcessorSpeedFilterFunctionality_Mobile_20-15-38] Waiting until element is visible in viewport
20:24:23 [TestNG-test-Test-1] INFO  verifyingProcessorSpeedFilterFunctionality_Mobile_20-15-38 - [verifyingProcessorSpeedFilterFunctionality_Mobile_20-15-38] Within smoothScrollToElement method
20:24:23 [TestNG-test-Test-1] INFO  verifyingProcessorSpeedFilterFunctionality_Mobile_20-15-38 - [verifyingProcessorSpeedFilterFunctionality_Mobile_20-15-38] Within safeFindElement method
20:24:23 [TestNG-test-Test-1] INFO  verifyingProcessorSpeedFilterFunctionality_Mobile_20-15-38 - [verifyingProcessorSpeedFilterFunctionality_Mobile_20-15-38]Found the element returning it ,element ->[[ChromeDriver: chrome on windows (75df211007e189f5b215228a304f9c27)] -> xpath: //a[@id='seeMoreDetailsLink']]
20:24:23 [TestNG-test-Test-1] INFO  verifyingProcessorSpeedFilterFunctionality_Mobile_20-15-38 - [verifyingProcessorSpeedFilterFunctionality_Mobile_20-15-38] Successfully scrolled to element: By.xpath: //a[@id='seeMoreDetailsLink']
20:24:23 [TestNG-test-Test-1] INFO  verifyingProcessorSpeedFilterFunctionality_Mobile_20-15-38 - [verifyingProcessorSpeedFilterFunctionality_Mobile_20-15-38] Within safeClick method
20:24:24 [TestNG-test-Test-1] INFO  verifyingProcessorSpeedFilterFunctionality_Mobile_20-15-38 - [verifyingProcessorSpeedFilterFunctionality_Mobile_20-15-38] Clicked the  [[ChromeDriver: chrome on windows (75df211007e189f5b215228a304f9c27)] -> xpath: //a[@id='seeMoreDetailsLink']]   using safeClick
20:24:24 [TestNG-test-Test-1] INFO  verifyingProcessorSpeedFilterFunctionality_Mobile_20-15-38 - [verifyingProcessorSpeedFilterFunctionality_Mobile_20-15-38] Within try block for clicking see more deatils within productNameListingPage loop
20:24:24 [TestNG-test-Test-1] INFO  verifyingProcessorSpeedFilterFunctionality_Mobile_20-15-38 - [verifyingProcessorSpeedFilterFunctionality_Mobile_20-15-38] Within closeCurrentWindowAndSwitchBack method
20:24:24 [TestNG-test-Test-1] INFO  verifyingProcessorSpeedFilterFunctionality_Mobile_20-15-38 - [verifyingProcessorSpeedFilterFunctionality_Mobile_20-15-38] Total open windows/tabs count -> 2
20:24:24 [TestNG-test-Test-1] INFO  verifyingProcessorSpeedFilterFunctionality_Mobile_20-15-38 - [verifyingProcessorSpeedFilterFunctionality_Mobile_20-15-38] Original window handle -> CDCEAD40B14BD9DE795B8D6B5A8053F4
20:24:24 [TestNG-test-Test-1] INFO  verifyingProcessorSpeedFilterFunctionality_Mobile_20-15-38 - [verifyingProcessorSpeedFilterFunctionality_Mobile_20-15-38] Found new tab/window handle -> 6EA35270F9E886553982B4C8068F1E45 (will be closed)
20:24:24 [TestNG-test-Test-1] INFO  verifyingProcessorSpeedFilterFunctionality_Mobile_20-15-38 - [verifyingProcessorSpeedFilterFunctionality_Mobile_20-15-38] Successfully switched to new tab/window -> 6EA35270F9E886553982B4C8068F1E45
20:24:24 [TestNG-test-Test-1] INFO  verifyingProcessorSpeedFilterFunctionality_Mobile_20-15-38 - [verifyingProcessorSpeedFilterFunctionality_Mobile_20-15-38] Closed the newly opened tab/window -> 6EA35270F9E886553982B4C8068F1E45
20:24:24 [TestNG-test-Test-1] INFO  verifyingProcessorSpeedFilterFunctionality_Mobile_20-15-38 - [verifyingProcessorSpeedFilterFunctionality_Mobile_20-15-38] Switched back to the original window -> CDCEAD40B14BD9DE795B8D6B5A8053F4
20:24:24 [TestNG-test-Test-1] INFO  verifyingProcessorSpeedFilterFunctionality_Mobile_20-15-38 - [verifyingProcessorSpeedFilterFunctionality_Mobile_20-15-38]  going back to product listing via closeCurrentWindowAndSwitchBack 
20:24:24 [TestNG-test-Test-1] INFO  verifyingProcessorSpeedFilterFunctionality_Mobile_20-15-38 - [verifyingProcessorSpeedFilterFunctionality_Mobile_20-15-38]  Added 'filter','title','keyFeatures', 'about', 'techDetails' into the Map -> productResult
20:24:24 [TestNG-test-Test-1] INFO  verifyingProcessorSpeedFilterFunctionality_Mobile_20-15-38 - [verifyingProcessorSpeedFilterFunctionality_Mobile_20-15-38]  Added 'productResult' Map into the 'results' i.e list of maps 
20:24:24 [TestNG-test-Test-1] INFO  verifyingProcessorSpeedFilterFunctionality_Mobile_20-15-38 - [verifyingProcessorSpeedFilterFunctionality_Mobile_20-15-38]==========================================================================================================
20:24:24 [TestNG-test-Test-1] INFO  verifyingProcessorSpeedFilterFunctionality_Mobile_20-15-38 - [verifyingProcessorSpeedFilterFunctionality_Mobile_20-15-38] Within safeFindElements 
20:24:24 [TestNG-test-Test-1] INFO  verifyingProcessorSpeedFilterFunctionality_Mobile_20-15-38 - [verifyingProcessorSpeedFilterFunctionality_Mobile_20-15-38] Returning the  [[[ChromeDriver: chrome on windows (75df211007e189f5b215228a304f9c27)] -> xpath: //div[@data-cy='title-recipe']], [[ChromeDriver: chrome on windows (75df211007e189f5b215228a304f9c27)] -> xpath: //div[@data-cy='title-recipe']], [[ChromeDriver: chrome on windows (75df211007e189f5b215228a304f9c27)] -> xpath: //div[@data-cy='title-recipe']], [[ChromeDriver: chrome on windows (75df211007e189f5b215228a304f9c27)] -> xpath: //div[@data-cy='title-recipe']], [[ChromeDriver: chrome on windows (75df211007e189f5b215228a304f9c27)] -> xpath: //div[@data-cy='title-recipe']], [[ChromeDriver: chrome on windows (75df211007e189f5b215228a304f9c27)] -> xpath: //div[@data-cy='title-recipe']], [[ChromeDriver: chrome on windows (75df211007e189f5b215228a304f9c27)] -> xpath: //div[@data-cy='title-recipe']], [[ChromeDriver: chrome on windows (75df211007e189f5b215228a304f9c27)] -> xpath: //div[@data-cy='title-recipe']], [[ChromeDriver: chrome on windows (75df211007e189f5b215228a304f9c27)] -> xpath: //div[@data-cy='title-recipe']], [[ChromeDriver: chrome on windows (75df211007e189f5b215228a304f9c27)] -> xpath: //div[@data-cy='title-recipe']], [[ChromeDriver: chrome on windows (75df211007e189f5b215228a304f9c27)] -> xpath: //div[@data-cy='title-recipe']], [[ChromeDriver: chrome on windows (75df211007e189f5b215228a304f9c27)] -> xpath: //div[@data-cy='title-recipe']], [[ChromeDriver: chrome on windows (75df211007e189f5b215228a304f9c27)] -> xpath: //div[@data-cy='title-recipe']], [[ChromeDriver: chrome on windows (75df211007e189f5b215228a304f9c27)] -> xpath: //div[@data-cy='title-recipe']], [[ChromeDriver: chrome on windows (75df211007e189f5b215228a304f9c27)] -> xpath: //div[@data-cy='title-recipe']], [[ChromeDriver: chrome on windows (75df211007e189f5b215228a304f9c27)] -> xpath: //div[@data-cy='title-recipe']]] from the safeFindElements method
20:24:24 [TestNG-test-Test-1] INFO  verifyingProcessorSpeedFilterFunctionality_Mobile_20-15-38 - [verifyingProcessorSpeedFilterFunctionality_Mobile_20-15-38] Within productNameListingPage loop in applyFilterAndValidateProductsWithResult
20:24:24 [TestNG-test-Test-1] INFO  verifyingProcessorSpeedFilterFunctionality_Mobile_20-15-38 - [verifyingProcessorSpeedFilterFunctionality_Mobile_20-15-38] Within getProductByIndex method
20:24:24 [TestNG-test-Test-1] INFO  verifyingProcessorSpeedFilterFunctionality_Mobile_20-15-38 - [verifyingProcessorSpeedFilterFunctionality_Mobile_20-15-38] Within safeFindElement method
20:24:24 [TestNG-test-Test-1] INFO  verifyingProcessorSpeedFilterFunctionality_Mobile_20-15-38 - [verifyingProcessorSpeedFilterFunctionality_Mobile_20-15-38]Found the element returning it ,element ->[[ChromeDriver: chrome on windows (75df211007e189f5b215228a304f9c27)] -> xpath: (//div[@data-cy='title-recipe'])[14]]
20:24:24 [TestNG-test-Test-1] INFO  verifyingProcessorSpeedFilterFunctionality_Mobile_20-15-38 - [verifyingProcessorSpeedFilterFunctionality_Mobile_20-15-38] Within getProductByIndex method
20:24:24 [TestNG-test-Test-1] INFO  verifyingProcessorSpeedFilterFunctionality_Mobile_20-15-38 - [verifyingProcessorSpeedFilterFunctionality_Mobile_20-15-38] Within smoothScrollToElement method
20:24:24 [TestNG-test-Test-1] INFO  verifyingProcessorSpeedFilterFunctionality_Mobile_20-15-38 - [verifyingProcessorSpeedFilterFunctionality_Mobile_20-15-38] Within safeFindElement method
20:24:24 [TestNG-test-Test-1] INFO  verifyingProcessorSpeedFilterFunctionality_Mobile_20-15-38 - [verifyingProcessorSpeedFilterFunctionality_Mobile_20-15-38]Found the element returning it ,element ->[[ChromeDriver: chrome on windows (75df211007e189f5b215228a304f9c27)] -> xpath: (//div[@data-cy='title-recipe'])[14]]
20:24:24 [TestNG-test-Test-1] INFO  verifyingProcessorSpeedFilterFunctionality_Mobile_20-15-38 - [verifyingProcessorSpeedFilterFunctionality_Mobile_20-15-38] Successfully scrolled to element: By.xpath: (//div[@data-cy='title-recipe'])[14]
20:24:24 [TestNG-test-Test-1] INFO  verifyingProcessorSpeedFilterFunctionality_Mobile_20-15-38 - [verifyingProcessorSpeedFilterFunctionality_Mobile_20-15-38] Getting product by index in productNameListingPage loop
20:24:24 [TestNG-test-Test-1] INFO  verifyingProcessorSpeedFilterFunctionality_Mobile_20-15-38 - [verifyingProcessorSpeedFilterFunctionality_Mobile_20-15-38] Opened product in new tab via Ctrl+Click inside productNameListingPage loop
20:24:24 [TestNG-test-Test-1] INFO  verifyingProcessorSpeedFilterFunctionality_Mobile_20-15-38 - [verifyingProcessorSpeedFilterFunctionality_Mobile_20-15-38] Waiting for new window to open...
20:24:24 [TestNG-test-Test-1] INFO  verifyingProcessorSpeedFilterFunctionality_Mobile_20-15-38 - [verifyingProcessorSpeedFilterFunctionality_Mobile_20-15-38] Switched to new window -> EE31840D730FB01194B9B305B3BEB202
20:24:24 [TestNG-test-Test-1] INFO  verifyingProcessorSpeedFilterFunctionality_Mobile_20-15-38 - [verifyingProcessorSpeedFilterFunctionality_Mobile_20-15-38] Swithcing to the new window  within productNameListingPage loop
20:24:24 [TestNG-test-Test-1] INFO  verifyingProcessorSpeedFilterFunctionality_Mobile_20-15-38 - [verifyingProcessorSpeedFilterFunctionality_Mobile_20-15-38] Clicked product name to open in new tab from productNameListingPage loop
20:24:24 [TestNG-test-Test-1] INFO  verifyingProcessorSpeedFilterFunctionality_Mobile_20-15-38 - [verifyingProcessorSpeedFilterFunctionality_Mobile_20-15-38] Within safeFindElement method
20:24:27 [TestNG-test-Test-1] INFO  verifyingProcessorSpeedFilterFunctionality_Mobile_20-15-38 - [verifyingProcessorSpeedFilterFunctionality_Mobile_20-15-38]Found the element returning it ,element ->[[ChromeDriver: chrome on windows (75df211007e189f5b215228a304f9c27)] -> xpath: //span[@id='productTitle']]
20:24:27 [TestNG-test-Test-1] INFO  verifyingProcessorSpeedFilterFunctionality_Mobile_20-15-38 - [verifyingProcessorSpeedFilterFunctionality_Mobile_20-15-38] Within safeFindElement method
20:24:27 [TestNG-test-Test-1] INFO  verifyingProcessorSpeedFilterFunctionality_Mobile_20-15-38 - [verifyingProcessorSpeedFilterFunctionality_Mobile_20-15-38]Found the element returning it ,element ->[[ChromeDriver: chrome on windows (75df211007e189f5b215228a304f9c27)] -> xpath: //div[@class='a-section a-spacing-small a-spacing-top-small']]
20:24:27 [TestNG-test-Test-1] INFO  verifyingProcessorSpeedFilterFunctionality_Mobile_20-15-38 - [verifyingProcessorSpeedFilterFunctionality_Mobile_20-15-38] Within safeFindElement method
20:24:27 [TestNG-test-Test-1] INFO  verifyingProcessorSpeedFilterFunctionality_Mobile_20-15-38 - [verifyingProcessorSpeedFilterFunctionality_Mobile_20-15-38]Found the element returning it ,element ->[[ChromeDriver: chrome on windows (75df211007e189f5b215228a304f9c27)] -> xpath: //div[@id='feature-bullets']]
20:24:27 [TestNG-test-Test-1] INFO  verifyingProcessorSpeedFilterFunctionality_Mobile_20-15-38 - [verifyingProcessorSpeedFilterFunctionality_Mobile_20-15-38] Within safeFindElement method
20:24:28 [TestNG-test-Test-1] INFO  verifyingProcessorSpeedFilterFunctionality_Mobile_20-15-38 - [verifyingProcessorSpeedFilterFunctionality_Mobile_20-15-38]Found the element returning it ,element ->[[ChromeDriver: chrome on windows (75df211007e189f5b215228a304f9c27)] -> xpath: //div[@id='prodDetails']]
20:24:28 [TestNG-test-Test-1] INFO  verifyingProcessorSpeedFilterFunctionality_Mobile_20-15-38 - [verifyingProcessorSpeedFilterFunctionality_Mobile_20-15-38] Extracting 'name' , 'keyFeatures', 'about' , 'techDetails' within productNameListingPage loop
20:24:28 [TestNG-test-Test-1] INFO  verifyingProcessorSpeedFilterFunctionality_Mobile_20-15-38 - [verifyingProcessorSpeedFilterFunctionality_Mobile_20-15-38] Waiting until element is visible in viewport
20:24:38 [TestNG-test-Test-1] INFO  verifyingProcessorSpeedFilterFunctionality_Mobile_20-15-38 - [verifyingProcessorSpeedFilterFunctionality_Mobile_20-15-38] Within smoothScrollToElement method
20:24:38 [TestNG-test-Test-1] INFO  verifyingProcessorSpeedFilterFunctionality_Mobile_20-15-38 - [verifyingProcessorSpeedFilterFunctionality_Mobile_20-15-38] Within safeFindElement method
20:24:38 [TestNG-test-Test-1] INFO  verifyingProcessorSpeedFilterFunctionality_Mobile_20-15-38 - [verifyingProcessorSpeedFilterFunctionality_Mobile_20-15-38]Found the element returning it ,element ->[[ChromeDriver: chrome on windows (75df211007e189f5b215228a304f9c27)] -> xpath: //a[@id='seeMoreDetailsLink']]
20:24:38 [TestNG-test-Test-1] INFO  verifyingProcessorSpeedFilterFunctionality_Mobile_20-15-38 - [verifyingProcessorSpeedFilterFunctionality_Mobile_20-15-38] Successfully scrolled to element: By.xpath: //a[@id='seeMoreDetailsLink']
20:24:38 [TestNG-test-Test-1] INFO  verifyingProcessorSpeedFilterFunctionality_Mobile_20-15-38 - [verifyingProcessorSpeedFilterFunctionality_Mobile_20-15-38] Within safeClick method
20:24:38 [TestNG-test-Test-1] INFO  verifyingProcessorSpeedFilterFunctionality_Mobile_20-15-38 - [verifyingProcessorSpeedFilterFunctionality_Mobile_20-15-38] Clicked the  [[ChromeDriver: chrome on windows (75df211007e189f5b215228a304f9c27)] -> xpath: //a[@id='seeMoreDetailsLink']]   using safeClick
20:24:38 [TestNG-test-Test-1] INFO  verifyingProcessorSpeedFilterFunctionality_Mobile_20-15-38 - [verifyingProcessorSpeedFilterFunctionality_Mobile_20-15-38] Within try block for clicking see more deatils within productNameListingPage loop
20:24:38 [TestNG-test-Test-1] INFO  verifyingProcessorSpeedFilterFunctionality_Mobile_20-15-38 - [verifyingProcessorSpeedFilterFunctionality_Mobile_20-15-38] Within closeCurrentWindowAndSwitchBack method
20:24:38 [TestNG-test-Test-1] INFO  verifyingProcessorSpeedFilterFunctionality_Mobile_20-15-38 - [verifyingProcessorSpeedFilterFunctionality_Mobile_20-15-38] Total open windows/tabs count -> 2
20:24:38 [TestNG-test-Test-1] INFO  verifyingProcessorSpeedFilterFunctionality_Mobile_20-15-38 - [verifyingProcessorSpeedFilterFunctionality_Mobile_20-15-38] Original window handle -> CDCEAD40B14BD9DE795B8D6B5A8053F4
20:24:38 [TestNG-test-Test-1] INFO  verifyingProcessorSpeedFilterFunctionality_Mobile_20-15-38 - [verifyingProcessorSpeedFilterFunctionality_Mobile_20-15-38] Found new tab/window handle -> EE31840D730FB01194B9B305B3BEB202 (will be closed)
20:24:38 [TestNG-test-Test-1] INFO  verifyingProcessorSpeedFilterFunctionality_Mobile_20-15-38 - [verifyingProcessorSpeedFilterFunctionality_Mobile_20-15-38] Successfully switched to new tab/window -> EE31840D730FB01194B9B305B3BEB202
20:24:38 [TestNG-test-Test-1] INFO  verifyingProcessorSpeedFilterFunctionality_Mobile_20-15-38 - [verifyingProcessorSpeedFilterFunctionality_Mobile_20-15-38] Closed the newly opened tab/window -> EE31840D730FB01194B9B305B3BEB202
20:24:38 [TestNG-test-Test-1] INFO  verifyingProcessorSpeedFilterFunctionality_Mobile_20-15-38 - [verifyingProcessorSpeedFilterFunctionality_Mobile_20-15-38] Switched back to the original window -> CDCEAD40B14BD9DE795B8D6B5A8053F4
20:24:38 [TestNG-test-Test-1] INFO  verifyingProcessorSpeedFilterFunctionality_Mobile_20-15-38 - [verifyingProcessorSpeedFilterFunctionality_Mobile_20-15-38]  going back to product listing via closeCurrentWindowAndSwitchBack 
20:24:38 [TestNG-test-Test-1] INFO  verifyingProcessorSpeedFilterFunctionality_Mobile_20-15-38 - [verifyingProcessorSpeedFilterFunctionality_Mobile_20-15-38]  Added 'filter','title','keyFeatures', 'about', 'techDetails' into the Map -> productResult
20:24:38 [TestNG-test-Test-1] INFO  verifyingProcessorSpeedFilterFunctionality_Mobile_20-15-38 - [verifyingProcessorSpeedFilterFunctionality_Mobile_20-15-38]  Added 'productResult' Map into the 'results' i.e list of maps 
20:24:38 [TestNG-test-Test-1] INFO  verifyingProcessorSpeedFilterFunctionality_Mobile_20-15-38 - [verifyingProcessorSpeedFilterFunctionality_Mobile_20-15-38]==========================================================================================================
20:24:38 [TestNG-test-Test-1] INFO  verifyingProcessorSpeedFilterFunctionality_Mobile_20-15-38 - [verifyingProcessorSpeedFilterFunctionality_Mobile_20-15-38] Within safeFindElements 
20:24:38 [TestNG-test-Test-1] INFO  verifyingProcessorSpeedFilterFunctionality_Mobile_20-15-38 - [verifyingProcessorSpeedFilterFunctionality_Mobile_20-15-38] Returning the  [[[ChromeDriver: chrome on windows (75df211007e189f5b215228a304f9c27)] -> xpath: //div[@data-cy='title-recipe']], [[ChromeDriver: chrome on windows (75df211007e189f5b215228a304f9c27)] -> xpath: //div[@data-cy='title-recipe']], [[ChromeDriver: chrome on windows (75df211007e189f5b215228a304f9c27)] -> xpath: //div[@data-cy='title-recipe']], [[ChromeDriver: chrome on windows (75df211007e189f5b215228a304f9c27)] -> xpath: //div[@data-cy='title-recipe']], [[ChromeDriver: chrome on windows (75df211007e189f5b215228a304f9c27)] -> xpath: //div[@data-cy='title-recipe']], [[ChromeDriver: chrome on windows (75df211007e189f5b215228a304f9c27)] -> xpath: //div[@data-cy='title-recipe']], [[ChromeDriver: chrome on windows (75df211007e189f5b215228a304f9c27)] -> xpath: //div[@data-cy='title-recipe']], [[ChromeDriver: chrome on windows (75df211007e189f5b215228a304f9c27)] -> xpath: //div[@data-cy='title-recipe']], [[ChromeDriver: chrome on windows (75df211007e189f5b215228a304f9c27)] -> xpath: //div[@data-cy='title-recipe']], [[ChromeDriver: chrome on windows (75df211007e189f5b215228a304f9c27)] -> xpath: //div[@data-cy='title-recipe']], [[ChromeDriver: chrome on windows (75df211007e189f5b215228a304f9c27)] -> xpath: //div[@data-cy='title-recipe']], [[ChromeDriver: chrome on windows (75df211007e189f5b215228a304f9c27)] -> xpath: //div[@data-cy='title-recipe']], [[ChromeDriver: chrome on windows (75df211007e189f5b215228a304f9c27)] -> xpath: //div[@data-cy='title-recipe']], [[ChromeDriver: chrome on windows (75df211007e189f5b215228a304f9c27)] -> xpath: //div[@data-cy='title-recipe']], [[ChromeDriver: chrome on windows (75df211007e189f5b215228a304f9c27)] -> xpath: //div[@data-cy='title-recipe']], [[ChromeDriver: chrome on windows (75df211007e189f5b215228a304f9c27)] -> xpath: //div[@data-cy='title-recipe']]] from the safeFindElements method
20:24:38 [TestNG-test-Test-1] INFO  verifyingProcessorSpeedFilterFunctionality_Mobile_20-15-38 - [verifyingProcessorSpeedFilterFunctionality_Mobile_20-15-38] Within productNameListingPage loop in applyFilterAndValidateProductsWithResult
20:24:38 [TestNG-test-Test-1] INFO  verifyingProcessorSpeedFilterFunctionality_Mobile_20-15-38 - [verifyingProcessorSpeedFilterFunctionality_Mobile_20-15-38] Within getProductByIndex method
20:24:38 [TestNG-test-Test-1] INFO  verifyingProcessorSpeedFilterFunctionality_Mobile_20-15-38 - [verifyingProcessorSpeedFilterFunctionality_Mobile_20-15-38] Within safeFindElement method
20:24:38 [TestNG-test-Test-1] INFO  verifyingProcessorSpeedFilterFunctionality_Mobile_20-15-38 - [verifyingProcessorSpeedFilterFunctionality_Mobile_20-15-38]Found the element returning it ,element ->[[ChromeDriver: chrome on windows (75df211007e189f5b215228a304f9c27)] -> xpath: (//div[@data-cy='title-recipe'])[15]]
20:24:38 [TestNG-test-Test-1] INFO  verifyingProcessorSpeedFilterFunctionality_Mobile_20-15-38 - [verifyingProcessorSpeedFilterFunctionality_Mobile_20-15-38] Within getProductByIndex method
20:24:38 [TestNG-test-Test-1] INFO  verifyingProcessorSpeedFilterFunctionality_Mobile_20-15-38 - [verifyingProcessorSpeedFilterFunctionality_Mobile_20-15-38] Within smoothScrollToElement method
20:24:38 [TestNG-test-Test-1] INFO  verifyingProcessorSpeedFilterFunctionality_Mobile_20-15-38 - [verifyingProcessorSpeedFilterFunctionality_Mobile_20-15-38] Within safeFindElement method
20:24:38 [TestNG-test-Test-1] INFO  verifyingProcessorSpeedFilterFunctionality_Mobile_20-15-38 - [verifyingProcessorSpeedFilterFunctionality_Mobile_20-15-38]Found the element returning it ,element ->[[ChromeDriver: chrome on windows (75df211007e189f5b215228a304f9c27)] -> xpath: (//div[@data-cy='title-recipe'])[15]]
20:24:38 [TestNG-test-Test-1] INFO  verifyingProcessorSpeedFilterFunctionality_Mobile_20-15-38 - [verifyingProcessorSpeedFilterFunctionality_Mobile_20-15-38] Successfully scrolled to element: By.xpath: (//div[@data-cy='title-recipe'])[15]
20:24:38 [TestNG-test-Test-1] INFO  verifyingProcessorSpeedFilterFunctionality_Mobile_20-15-38 - [verifyingProcessorSpeedFilterFunctionality_Mobile_20-15-38] Getting product by index in productNameListingPage loop
20:24:39 [TestNG-test-Test-1] INFO  verifyingProcessorSpeedFilterFunctionality_Mobile_20-15-38 - [verifyingProcessorSpeedFilterFunctionality_Mobile_20-15-38] Opened product in new tab via Ctrl+Click inside productNameListingPage loop
20:24:39 [TestNG-test-Test-1] INFO  verifyingProcessorSpeedFilterFunctionality_Mobile_20-15-38 - [verifyingProcessorSpeedFilterFunctionality_Mobile_20-15-38] Waiting for new window to open...
20:24:39 [TestNG-test-Test-1] INFO  verifyingProcessorSpeedFilterFunctionality_Mobile_20-15-38 - [verifyingProcessorSpeedFilterFunctionality_Mobile_20-15-38] Switched to new window -> 92BB52609B2A39B4DB5A3DBF0072F3FF
20:24:39 [TestNG-test-Test-1] INFO  verifyingProcessorSpeedFilterFunctionality_Mobile_20-15-38 - [verifyingProcessorSpeedFilterFunctionality_Mobile_20-15-38] Swithcing to the new window  within productNameListingPage loop
20:24:39 [TestNG-test-Test-1] INFO  verifyingProcessorSpeedFilterFunctionality_Mobile_20-15-38 - [verifyingProcessorSpeedFilterFunctionality_Mobile_20-15-38] Clicked product name to open in new tab from productNameListingPage loop
20:24:39 [TestNG-test-Test-1] INFO  verifyingProcessorSpeedFilterFunctionality_Mobile_20-15-38 - [verifyingProcessorSpeedFilterFunctionality_Mobile_20-15-38] Within safeFindElement method
20:24:42 [TestNG-test-Test-1] INFO  verifyingProcessorSpeedFilterFunctionality_Mobile_20-15-38 - [verifyingProcessorSpeedFilterFunctionality_Mobile_20-15-38]Found the element returning it ,element ->[[ChromeDriver: chrome on windows (75df211007e189f5b215228a304f9c27)] -> xpath: //span[@id='productTitle']]
20:24:42 [TestNG-test-Test-1] INFO  verifyingProcessorSpeedFilterFunctionality_Mobile_20-15-38 - [verifyingProcessorSpeedFilterFunctionality_Mobile_20-15-38] Within safeFindElement method
20:24:42 [TestNG-test-Test-1] INFO  verifyingProcessorSpeedFilterFunctionality_Mobile_20-15-38 - [verifyingProcessorSpeedFilterFunctionality_Mobile_20-15-38]Found the element returning it ,element ->[[ChromeDriver: chrome on windows (75df211007e189f5b215228a304f9c27)] -> xpath: //div[@class='a-section a-spacing-small a-spacing-top-small']]
20:24:42 [TestNG-test-Test-1] INFO  verifyingProcessorSpeedFilterFunctionality_Mobile_20-15-38 - [verifyingProcessorSpeedFilterFunctionality_Mobile_20-15-38] Within safeFindElement method
20:24:42 [TestNG-test-Test-1] INFO  verifyingProcessorSpeedFilterFunctionality_Mobile_20-15-38 - [verifyingProcessorSpeedFilterFunctionality_Mobile_20-15-38]Found the element returning it ,element ->[[ChromeDriver: chrome on windows (75df211007e189f5b215228a304f9c27)] -> xpath: //div[@id='feature-bullets']]
20:24:42 [TestNG-test-Test-1] INFO  verifyingProcessorSpeedFilterFunctionality_Mobile_20-15-38 - [verifyingProcessorSpeedFilterFunctionality_Mobile_20-15-38] Within safeFindElement method
20:24:42 [TestNG-test-Test-1] INFO  verifyingProcessorSpeedFilterFunctionality_Mobile_20-15-38 - [verifyingProcessorSpeedFilterFunctionality_Mobile_20-15-38]Found the element returning it ,element ->[[ChromeDriver: chrome on windows (75df211007e189f5b215228a304f9c27)] -> xpath: //div[@id='prodDetails']]
20:24:42 [TestNG-test-Test-1] INFO  verifyingProcessorSpeedFilterFunctionality_Mobile_20-15-38 - [verifyingProcessorSpeedFilterFunctionality_Mobile_20-15-38] Extracting 'name' , 'keyFeatures', 'about' , 'techDetails' within productNameListingPage loop
20:24:42 [TestNG-test-Test-1] INFO  verifyingProcessorSpeedFilterFunctionality_Mobile_20-15-38 - [verifyingProcessorSpeedFilterFunctionality_Mobile_20-15-38] Waiting until element is visible in viewport
20:24:52 [TestNG-test-Test-1] INFO  verifyingProcessorSpeedFilterFunctionality_Mobile_20-15-38 - [verifyingProcessorSpeedFilterFunctionality_Mobile_20-15-38] Within smoothScrollToElement method
20:24:52 [TestNG-test-Test-1] INFO  verifyingProcessorSpeedFilterFunctionality_Mobile_20-15-38 - [verifyingProcessorSpeedFilterFunctionality_Mobile_20-15-38] Within safeFindElement method
20:24:52 [TestNG-test-Test-1] INFO  verifyingProcessorSpeedFilterFunctionality_Mobile_20-15-38 - [verifyingProcessorSpeedFilterFunctionality_Mobile_20-15-38]Found the element returning it ,element ->[[ChromeDriver: chrome on windows (75df211007e189f5b215228a304f9c27)] -> xpath: //a[@id='seeMoreDetailsLink']]
20:24:52 [TestNG-test-Test-1] INFO  verifyingProcessorSpeedFilterFunctionality_Mobile_20-15-38 - [verifyingProcessorSpeedFilterFunctionality_Mobile_20-15-38] Successfully scrolled to element: By.xpath: //a[@id='seeMoreDetailsLink']
20:24:52 [TestNG-test-Test-1] INFO  verifyingProcessorSpeedFilterFunctionality_Mobile_20-15-38 - [verifyingProcessorSpeedFilterFunctionality_Mobile_20-15-38] Within safeClick method
20:24:53 [TestNG-test-Test-1] INFO  verifyingProcessorSpeedFilterFunctionality_Mobile_20-15-38 - [verifyingProcessorSpeedFilterFunctionality_Mobile_20-15-38] Clicked the  [[ChromeDriver: chrome on windows (75df211007e189f5b215228a304f9c27)] -> xpath: //a[@id='seeMoreDetailsLink']]   using safeClick
20:24:53 [TestNG-test-Test-1] INFO  verifyingProcessorSpeedFilterFunctionality_Mobile_20-15-38 - [verifyingProcessorSpeedFilterFunctionality_Mobile_20-15-38] Within try block for clicking see more deatils within productNameListingPage loop
20:24:53 [TestNG-test-Test-1] INFO  verifyingProcessorSpeedFilterFunctionality_Mobile_20-15-38 - [verifyingProcessorSpeedFilterFunctionality_Mobile_20-15-38] Within closeCurrentWindowAndSwitchBack method
20:24:53 [TestNG-test-Test-1] INFO  verifyingProcessorSpeedFilterFunctionality_Mobile_20-15-38 - [verifyingProcessorSpeedFilterFunctionality_Mobile_20-15-38] Total open windows/tabs count -> 2
20:24:53 [TestNG-test-Test-1] INFO  verifyingProcessorSpeedFilterFunctionality_Mobile_20-15-38 - [verifyingProcessorSpeedFilterFunctionality_Mobile_20-15-38] Original window handle -> CDCEAD40B14BD9DE795B8D6B5A8053F4
20:24:53 [TestNG-test-Test-1] INFO  verifyingProcessorSpeedFilterFunctionality_Mobile_20-15-38 - [verifyingProcessorSpeedFilterFunctionality_Mobile_20-15-38] Found new tab/window handle -> 92BB52609B2A39B4DB5A3DBF0072F3FF (will be closed)
20:24:53 [TestNG-test-Test-1] INFO  verifyingProcessorSpeedFilterFunctionality_Mobile_20-15-38 - [verifyingProcessorSpeedFilterFunctionality_Mobile_20-15-38] Successfully switched to new tab/window -> 92BB52609B2A39B4DB5A3DBF0072F3FF
20:24:53 [TestNG-test-Test-1] INFO  verifyingProcessorSpeedFilterFunctionality_Mobile_20-15-38 - [verifyingProcessorSpeedFilterFunctionality_Mobile_20-15-38] Closed the newly opened tab/window -> 92BB52609B2A39B4DB5A3DBF0072F3FF
20:24:53 [TestNG-test-Test-1] INFO  verifyingProcessorSpeedFilterFunctionality_Mobile_20-15-38 - [verifyingProcessorSpeedFilterFunctionality_Mobile_20-15-38] Switched back to the original window -> CDCEAD40B14BD9DE795B8D6B5A8053F4
20:24:53 [TestNG-test-Test-1] INFO  verifyingProcessorSpeedFilterFunctionality_Mobile_20-15-38 - [verifyingProcessorSpeedFilterFunctionality_Mobile_20-15-38]  going back to product listing via closeCurrentWindowAndSwitchBack 
20:24:53 [TestNG-test-Test-1] INFO  verifyingProcessorSpeedFilterFunctionality_Mobile_20-15-38 - [verifyingProcessorSpeedFilterFunctionality_Mobile_20-15-38]  Added 'filter','title','keyFeatures', 'about', 'techDetails' into the Map -> productResult
20:24:53 [TestNG-test-Test-1] INFO  verifyingProcessorSpeedFilterFunctionality_Mobile_20-15-38 - [verifyingProcessorSpeedFilterFunctionality_Mobile_20-15-38]  Added 'productResult' Map into the 'results' i.e list of maps 
20:24:53 [TestNG-test-Test-1] INFO  verifyingProcessorSpeedFilterFunctionality_Mobile_20-15-38 - [verifyingProcessorSpeedFilterFunctionality_Mobile_20-15-38]==========================================================================================================
20:24:53 [TestNG-test-Test-1] INFO  verifyingProcessorSpeedFilterFunctionality_Mobile_20-15-38 - [verifyingProcessorSpeedFilterFunctionality_Mobile_20-15-38] Within safeClick method
20:24:54 [TestNG-test-Test-1] INFO  verifyingProcessorSpeedFilterFunctionality_Mobile_20-15-38 - [verifyingProcessorSpeedFilterFunctionality_Mobile_20-15-38] Cannot click the butto using safeClick, trying again
20:24:57 [TestNG-test-Test-1] INFO  verifyingProcessorSpeedFilterFunctionality_Mobile_20-15-38 - [verifyingProcessorSpeedFilterFunctionality_Mobile_20-15-38] Cannot click the butto using safeClick, trying again
20:24:58 [TestNG-test-Test-1] INFO  verifyingProcessorSpeedFilterFunctionality_Mobile_20-15-38 - [verifyingProcessorSpeedFilterFunctionality_Mobile_20-15-38] Skipping click action: Element not clickable after- 2
20:24:58 [TestNG-test-Test-1] INFO  verifyingProcessorSpeedFilterFunctionality_Mobile_20-15-38 - [verifyingProcessorSpeedFilterFunctionality_Mobile_20-15-38] Clearing the filter value ->1.5 - 1.99 GHzwithin productNameListingPage loop
20:24:58 [TestNG-test-Test-1] INFO  verifyingProcessorSpeedFilterFunctionality_Mobile_20-15-38 - [verifyingProcessorSpeedFilterFunctionality_Mobile_20-15-38]==========================================================================================================
20:24:58 [TestNG-test-Test-1] INFO  verifyingProcessorSpeedFilterFunctionality_Mobile_20-15-38 - [verifyingProcessorSpeedFilterFunctionality_Mobile_20-15-38]==========================================================================================================
20:24:58 [TestNG-test-Test-1] INFO  verifyingProcessorSpeedFilterFunctionality_Mobile_20-15-38 - [verifyingProcessorSpeedFilterFunctionality_Mobile_20-15-38] Within filterOptions loop in applyFilterAndValidateProductsWithResult
20:24:58 [TestNG-test-Test-1] INFO  verifyingProcessorSpeedFilterFunctionality_Mobile_20-15-38 - [verifyingProcessorSpeedFilterFunctionality_Mobile_20-15-38] Within safeFindElements 
20:24:58 [TestNG-test-Test-1] INFO  verifyingProcessorSpeedFilterFunctionality_Mobile_20-15-38 - [verifyingProcessorSpeedFilterFunctionality_Mobile_20-15-38] Returning the  [[[ChromeDriver: chrome on windows (75df211007e189f5b215228a304f9c27)] -> xpath: //span[@class='a-size-base a-color-base puis-bold-weight-text' and text()='Processor Speed']/parent::div/following-sibling::ul//span[@class='a-size-base a-color-base']], [[ChromeDriver: chrome on windows (75df211007e189f5b215228a304f9c27)] -> xpath: //span[@class='a-size-base a-color-base puis-bold-weight-text' and text()='Processor Speed']/parent::div/following-sibling::ul//span[@class='a-size-base a-color-base']], [[ChromeDriver: chrome on windows (75df211007e189f5b215228a304f9c27)] -> xpath: //span[@class='a-size-base a-color-base puis-bold-weight-text' and text()='Processor Speed']/parent::div/following-sibling::ul//span[@class='a-size-base a-color-base']]] from the safeFindElements method
20:24:58 [TestNG-test-Test-1] INFO  verifyingProcessorSpeedFilterFunctionality_Mobile_20-15-38 - [verifyingProcessorSpeedFilterFunctionality_Mobile_20-15-38] Trying to read filter option 2 (attempt 1/3)
20:24:59 [TestNG-test-Test-1] INFO  verifyingProcessorSpeedFilterFunctionality_Mobile_20-15-38 - [verifyingProcessorSpeedFilterFunctionality_Mobile_20-15-38] Successfully read filter option 2 = '2.5 GHz & Above'
20:24:59 [TestNG-test-Test-1] INFO  verifyingProcessorSpeedFilterFunctionality_Mobile_20-15-38 - [verifyingProcessorSpeedFilterFunctionality_Mobile_20-15-38] Within getfilterByTypeAndName method
20:24:59 [TestNG-test-Test-1] INFO  verifyingProcessorSpeedFilterFunctionality_Mobile_20-15-38 - [verifyingProcessorSpeedFilterFunctionality_Mobile_20-15-38] Within safeClickBooleanWithScreenShot method
20:24:59 [TestNG-test-Test-1] INFO  verifyingProcessorSpeedFilterFunctionality_Mobile_20-15-38 - [verifyingProcessorSpeedFilterFunctionality_Mobile_20-15-38] Within getAppliedfilterByTypeAndName method
20:24:59 [TestNG-test-Test-1] INFO  verifyingProcessorSpeedFilterFunctionality_Mobile_20-15-38 - [verifyingProcessorSpeedFilterFunctionality_Mobile_20-15-38] Within smoothScrollToElement method
20:24:59 [TestNG-test-Test-1] INFO  verifyingProcessorSpeedFilterFunctionality_Mobile_20-15-38 - [verifyingProcessorSpeedFilterFunctionality_Mobile_20-15-38] Within safeFindElement method
20:24:59 [TestNG-test-Test-1] INFO  verifyingProcessorSpeedFilterFunctionality_Mobile_20-15-38 - [verifyingProcessorSpeedFilterFunctionality_Mobile_20-15-38]Found the element returning it ,element ->[[ChromeDriver: chrome on windows (75df211007e189f5b215228a304f9c27)] -> xpath: //span[@class='a-size-base a-color-base puis-bold-weight-text' and text()='Processor Speed']]
20:24:59 [TestNG-test-Test-1] INFO  verifyingProcessorSpeedFilterFunctionality_Mobile_20-15-38 - [verifyingProcessorSpeedFilterFunctionality_Mobile_20-15-38] Successfully scrolled to element: By.xpath: //span[@class='a-size-base a-color-base puis-bold-weight-text' and text()='Processor Speed']
20:24:59 [TestNG-test-Test-1] INFO  verifyingProcessorSpeedFilterFunctionality_Mobile_20-15-38 - [verifyingProcessorSpeedFilterFunctionality_Mobile_20-15-38] Within getMoreButtonByFilterTypeAndName method
20:24:59 [TestNG-test-Test-1] INFO  verifyingProcessorSpeedFilterFunctionality_Mobile_20-15-38 - [verifyingProcessorSpeedFilterFunctionality_Mobile_20-15-38] could not find more button
20:24:59 [TestNG-test-Test-1] INFO  verifyingProcessorSpeedFilterFunctionality_Mobile_20-15-38 - [verifyingProcessorSpeedFilterFunctionality_Mobile_20-15-38] Within getAppliedfilterByTypeAndName method
20:24:59 [TestNG-test-Test-1] INFO  verifyingProcessorSpeedFilterFunctionality_Mobile_20-15-38 - [verifyingProcessorSpeedFilterFunctionality_Mobile_20-15-38] Within smoothScrollToElement method
20:24:59 [TestNG-test-Test-1] INFO  verifyingProcessorSpeedFilterFunctionality_Mobile_20-15-38 - [verifyingProcessorSpeedFilterFunctionality_Mobile_20-15-38] Within safeFindElement method
20:25:01 [TestNG-test-Test-1] INFO  verifyingProcessorSpeedFilterFunctionality_Mobile_20-15-38 - [verifyingProcessorSpeedFilterFunctionality_Mobile_20-15-38]Found the element returning it ,element ->[[ChromeDriver: chrome on windows (75df211007e189f5b215228a304f9c27)] -> xpath: //span[@class='a-size-base a-color-base puis-bold-weight-text' and text()='Processor Speed']]
20:25:01 [TestNG-test-Test-1] INFO  verifyingProcessorSpeedFilterFunctionality_Mobile_20-15-38 - [verifyingProcessorSpeedFilterFunctionality_Mobile_20-15-38] Successfully scrolled to element: By.xpath: //span[@class='a-size-base a-color-base puis-bold-weight-text' and text()='Processor Speed']
20:25:01 [TestNG-test-Test-1] INFO  verifyingProcessorSpeedFilterFunctionality_Mobile_20-15-38 - [verifyingProcessorSpeedFilterFunctionality_Mobile_20-15-38] Within getMoreButtonByFilterTypeAndName method
20:25:01 [TestNG-test-Test-1] INFO  verifyingProcessorSpeedFilterFunctionality_Mobile_20-15-38 - [verifyingProcessorSpeedFilterFunctionality_Mobile_20-15-38] could not find more button
20:25:01 [TestNG-test-Test-1] INFO  verifyingProcessorSpeedFilterFunctionality_Mobile_20-15-38 - [verifyingProcessorSpeedFilterFunctionality_Mobile_20-15-38] Within getfilterByTypeAndName method
20:25:01 [TestNG-test-Test-1] INFO  verifyingProcessorSpeedFilterFunctionality_Mobile_20-15-38 - [verifyingProcessorSpeedFilterFunctionality_Mobile_20-15-38] Within smoothScrollToElement method
20:25:01 [TestNG-test-Test-1] INFO  verifyingProcessorSpeedFilterFunctionality_Mobile_20-15-38 - [verifyingProcessorSpeedFilterFunctionality_Mobile_20-15-38] Within safeFindElement method
20:25:01 [TestNG-test-Test-1] INFO  verifyingProcessorSpeedFilterFunctionality_Mobile_20-15-38 - [verifyingProcessorSpeedFilterFunctionality_Mobile_20-15-38]Found the element returning it ,element ->[[ChromeDriver: chrome on windows (75df211007e189f5b215228a304f9c27)] -> xpath: //span[@class='a-size-base a-color-base puis-bold-weight-text' and text()='Processor Speed']/parent::div/following-sibling::ul//span[@class='a-size-base a-color-base a-text-bold' and text()='2.5 GHz & Above']]
20:25:01 [TestNG-test-Test-1] INFO  verifyingProcessorSpeedFilterFunctionality_Mobile_20-15-38 - [verifyingProcessorSpeedFilterFunctionality_Mobile_20-15-38] Successfully scrolled to element: By.xpath: //span[@class='a-size-base a-color-base puis-bold-weight-text' and text()='Processor Speed']/parent::div/following-sibling::ul//span[@class='a-size-base a-color-base a-text-bold' and text()='2.5 GHz & Above']
20:25:01 [TestNG-test-Test-1] INFO  verifyingProcessorSpeedFilterFunctionality_Mobile_20-15-38 - [verifyingProcessorSpeedFilterFunctionality_Mobile_20-15-38] Clicked the element using safe click ,element is [[ChromeDriver: chrome on windows (75df211007e189f5b215228a304f9c27)] -> xpath: //span[@class='a-size-base a-color-base puis-bold-weight-text' and text()='Processor Speed']/parent::div/following-sibling::ul//span[@class='a-size-base a-color-base' and text()='2.5 GHz & Above']]
20:25:01 [TestNG-test-Test-1] INFO  verifyingProcessorSpeedFilterFunctionality_Mobile_20-15-38 - [verifyingProcessorSpeedFilterFunctionality_Mobile_20-15-38] Within safeFindElements 
20:25:01 [TestNG-test-Test-1] INFO  verifyingProcessorSpeedFilterFunctionality_Mobile_20-15-38 - [verifyingProcessorSpeedFilterFunctionality_Mobile_20-15-38] Returning the  [[[ChromeDriver: chrome on windows (75df211007e189f5b215228a304f9c27)] -> xpath: //div[@data-cy='title-recipe']], [[ChromeDriver: chrome on windows (75df211007e189f5b215228a304f9c27)] -> xpath: //div[@data-cy='title-recipe']], [[ChromeDriver: chrome on windows (75df211007e189f5b215228a304f9c27)] -> xpath: //div[@data-cy='title-recipe']], [[ChromeDriver: chrome on windows (75df211007e189f5b215228a304f9c27)] -> xpath: //div[@data-cy='title-recipe']], [[ChromeDriver: chrome on windows (75df211007e189f5b215228a304f9c27)] -> xpath: //div[@data-cy='title-recipe']], [[ChromeDriver: chrome on windows (75df211007e189f5b215228a304f9c27)] -> xpath: //div[@data-cy='title-recipe']], [[ChromeDriver: chrome on windows (75df211007e189f5b215228a304f9c27)] -> xpath: //div[@data-cy='title-recipe']], [[ChromeDriver: chrome on windows (75df211007e189f5b215228a304f9c27)] -> xpath: //div[@data-cy='title-recipe']], [[ChromeDriver: chrome on windows (75df211007e189f5b215228a304f9c27)] -> xpath: //div[@data-cy='title-recipe']], [[ChromeDriver: chrome on windows (75df211007e189f5b215228a304f9c27)] -> xpath: //div[@data-cy='title-recipe']], [[ChromeDriver: chrome on windows (75df211007e189f5b215228a304f9c27)] -> xpath: //div[@data-cy='title-recipe']], [[ChromeDriver: chrome on windows (75df211007e189f5b215228a304f9c27)] -> xpath: //div[@data-cy='title-recipe']], [[ChromeDriver: chrome on windows (75df211007e189f5b215228a304f9c27)] -> xpath: //div[@data-cy='title-recipe']], [[ChromeDriver: chrome on windows (75df211007e189f5b215228a304f9c27)] -> xpath: //div[@data-cy='title-recipe']], [[ChromeDriver: chrome on windows (75df211007e189f5b215228a304f9c27)] -> xpath: //div[@data-cy='title-recipe']], [[ChromeDriver: chrome on windows (75df211007e189f5b215228a304f9c27)] -> xpath: //div[@data-cy='title-recipe']], [[ChromeDriver: chrome on windows (75df211007e189f5b215228a304f9c27)] -> xpath: //div[@data-cy='title-recipe']], [[ChromeDriver: chrome on windows (75df211007e189f5b215228a304f9c27)] -> xpath: //div[@data-cy='title-recipe']], [[ChromeDriver: chrome on windows (75df211007e189f5b215228a304f9c27)] -> xpath: //div[@data-cy='title-recipe']], [[ChromeDriver: chrome on windows (75df211007e189f5b215228a304f9c27)] -> xpath: //div[@data-cy='title-recipe']], [[ChromeDriver: chrome on windows (75df211007e189f5b215228a304f9c27)] -> xpath: //div[@data-cy='title-recipe']]] from the safeFindElements method
20:25:01 [TestNG-test-Test-1] INFO  verifyingProcessorSpeedFilterFunctionality_Mobile_20-15-38 - [verifyingProcessorSpeedFilterFunctionality_Mobile_20-15-38] Execution is scheduled type /CRON Job on CI Hence refering to CI keys from UtilData
20:25:01 [TestNG-test-Test-1] INFO  verifyingProcessorSpeedFilterFunctionality_Mobile_20-15-38 - [verifyingProcessorSpeedFilterFunctionality_Mobile_20-15-38] Within safeFindElements 
20:25:01 [TestNG-test-Test-1] INFO  verifyingProcessorSpeedFilterFunctionality_Mobile_20-15-38 - [verifyingProcessorSpeedFilterFunctionality_Mobile_20-15-38] Returning the  [[[ChromeDriver: chrome on windows (75df211007e189f5b215228a304f9c27)] -> xpath: //div[@data-cy='title-recipe']], [[ChromeDriver: chrome on windows (75df211007e189f5b215228a304f9c27)] -> xpath: //div[@data-cy='title-recipe']], [[ChromeDriver: chrome on windows (75df211007e189f5b215228a304f9c27)] -> xpath: //div[@data-cy='title-recipe']], [[ChromeDriver: chrome on windows (75df211007e189f5b215228a304f9c27)] -> xpath: //div[@data-cy='title-recipe']], [[ChromeDriver: chrome on windows (75df211007e189f5b215228a304f9c27)] -> xpath: //div[@data-cy='title-recipe']], [[ChromeDriver: chrome on windows (75df211007e189f5b215228a304f9c27)] -> xpath: //div[@data-cy='title-recipe']], [[ChromeDriver: chrome on windows (75df211007e189f5b215228a304f9c27)] -> xpath: //div[@data-cy='title-recipe']], [[ChromeDriver: chrome on windows (75df211007e189f5b215228a304f9c27)] -> xpath: //div[@data-cy='title-recipe']], [[ChromeDriver: chrome on windows (75df211007e189f5b215228a304f9c27)] -> xpath: //div[@data-cy='title-recipe']], [[ChromeDriver: chrome on windows (75df211007e189f5b215228a304f9c27)] -> xpath: //div[@data-cy='title-recipe']], [[ChromeDriver: chrome on windows (75df211007e189f5b215228a304f9c27)] -> xpath: //div[@data-cy='title-recipe']], [[ChromeDriver: chrome on windows (75df211007e189f5b215228a304f9c27)] -> xpath: //div[@data-cy='title-recipe']], [[ChromeDriver: chrome on windows (75df211007e189f5b215228a304f9c27)] -> xpath: //div[@data-cy='title-recipe']], [[ChromeDriver: chrome on windows (75df211007e189f5b215228a304f9c27)] -> xpath: //div[@data-cy='title-recipe']], [[ChromeDriver: chrome on windows (75df211007e189f5b215228a304f9c27)] -> xpath: //div[@data-cy='title-recipe']], [[ChromeDriver: chrome on windows (75df211007e189f5b215228a304f9c27)] -> xpath: //div[@data-cy='title-recipe']], [[ChromeDriver: chrome on windows (75df211007e189f5b215228a304f9c27)] -> xpath: //div[@data-cy='title-recipe']], [[ChromeDriver: chrome on windows (75df211007e189f5b215228a304f9c27)] -> xpath: //div[@data-cy='title-recipe']], [[ChromeDriver: chrome on windows (75df211007e189f5b215228a304f9c27)] -> xpath: //div[@data-cy='title-recipe']], [[ChromeDriver: chrome on windows (75df211007e189f5b215228a304f9c27)] -> xpath: //div[@data-cy='title-recipe']], [[ChromeDriver: chrome on windows (75df211007e189f5b215228a304f9c27)] -> xpath: //div[@data-cy='title-recipe']]] from the safeFindElements method
20:25:01 [TestNG-test-Test-1] INFO  verifyingProcessorSpeedFilterFunctionality_Mobile_20-15-38 - [verifyingProcessorSpeedFilterFunctionality_Mobile_20-15-38] Within productNameListingPage loop in applyFilterAndValidateProductsWithResult
20:25:01 [TestNG-test-Test-1] INFO  verifyingProcessorSpeedFilterFunctionality_Mobile_20-15-38 - [verifyingProcessorSpeedFilterFunctionality_Mobile_20-15-38] Within getProductByIndex method
20:25:01 [TestNG-test-Test-1] INFO  verifyingProcessorSpeedFilterFunctionality_Mobile_20-15-38 - [verifyingProcessorSpeedFilterFunctionality_Mobile_20-15-38] Within safeFindElement method
20:25:02 [TestNG-test-Test-1] INFO  verifyingProcessorSpeedFilterFunctionality_Mobile_20-15-38 - [verifyingProcessorSpeedFilterFunctionality_Mobile_20-15-38]Found the element returning it ,element ->[[ChromeDriver: chrome on windows (75df211007e189f5b215228a304f9c27)] -> xpath: (//div[@data-cy='title-recipe'])[1]]
20:25:02 [TestNG-test-Test-1] INFO  verifyingProcessorSpeedFilterFunctionality_Mobile_20-15-38 - [verifyingProcessorSpeedFilterFunctionality_Mobile_20-15-38] Within getProductByIndex method
20:25:02 [TestNG-test-Test-1] INFO  verifyingProcessorSpeedFilterFunctionality_Mobile_20-15-38 - [verifyingProcessorSpeedFilterFunctionality_Mobile_20-15-38] Within smoothScrollToElement method
20:25:02 [TestNG-test-Test-1] INFO  verifyingProcessorSpeedFilterFunctionality_Mobile_20-15-38 - [verifyingProcessorSpeedFilterFunctionality_Mobile_20-15-38] Within safeFindElement method
20:25:02 [TestNG-test-Test-1] INFO  verifyingProcessorSpeedFilterFunctionality_Mobile_20-15-38 - [verifyingProcessorSpeedFilterFunctionality_Mobile_20-15-38]Found the element returning it ,element ->[[ChromeDriver: chrome on windows (75df211007e189f5b215228a304f9c27)] -> xpath: (//div[@data-cy='title-recipe'])[1]]
20:25:02 [TestNG-test-Test-1] INFO  verifyingProcessorSpeedFilterFunctionality_Mobile_20-15-38 - [verifyingProcessorSpeedFilterFunctionality_Mobile_20-15-38] Successfully scrolled to element: By.xpath: (//div[@data-cy='title-recipe'])[1]
20:25:02 [TestNG-test-Test-1] INFO  verifyingProcessorSpeedFilterFunctionality_Mobile_20-15-38 - [verifyingProcessorSpeedFilterFunctionality_Mobile_20-15-38] Getting product by index in productNameListingPage loop
20:25:02 [TestNG-test-Test-1] INFO  verifyingProcessorSpeedFilterFunctionality_Mobile_20-15-38 - [verifyingProcessorSpeedFilterFunctionality_Mobile_20-15-38] Opened product in new tab via Ctrl+Click inside productNameListingPage loop
20:25:02 [TestNG-test-Test-1] INFO  verifyingProcessorSpeedFilterFunctionality_Mobile_20-15-38 - [verifyingProcessorSpeedFilterFunctionality_Mobile_20-15-38] Waiting for new window to open...
20:25:02 [TestNG-test-Test-1] INFO  verifyingProcessorSpeedFilterFunctionality_Mobile_20-15-38 - [verifyingProcessorSpeedFilterFunctionality_Mobile_20-15-38] Switched to new window -> 86BDB4C7D2168F94EB2700063A37682E
20:25:02 [TestNG-test-Test-1] INFO  verifyingProcessorSpeedFilterFunctionality_Mobile_20-15-38 - [verifyingProcessorSpeedFilterFunctionality_Mobile_20-15-38] Swithcing to the new window  within productNameListingPage loop
20:25:02 [TestNG-test-Test-1] INFO  verifyingProcessorSpeedFilterFunctionality_Mobile_20-15-38 - [verifyingProcessorSpeedFilterFunctionality_Mobile_20-15-38] Clicked product name to open in new tab from productNameListingPage loop
20:25:02 [TestNG-test-Test-1] INFO  verifyingProcessorSpeedFilterFunctionality_Mobile_20-15-38 - [verifyingProcessorSpeedFilterFunctionality_Mobile_20-15-38] Within safeFindElement method
20:25:05 [TestNG-test-Test-1] INFO  verifyingProcessorSpeedFilterFunctionality_Mobile_20-15-38 - [verifyingProcessorSpeedFilterFunctionality_Mobile_20-15-38]Found the element returning it ,element ->[[ChromeDriver: chrome on windows (75df211007e189f5b215228a304f9c27)] -> xpath: //span[@id='productTitle']]
20:25:05 [TestNG-test-Test-1] INFO  verifyingProcessorSpeedFilterFunctionality_Mobile_20-15-38 - [verifyingProcessorSpeedFilterFunctionality_Mobile_20-15-38] Within safeFindElement method
20:25:05 [TestNG-test-Test-1] INFO  verifyingProcessorSpeedFilterFunctionality_Mobile_20-15-38 - [verifyingProcessorSpeedFilterFunctionality_Mobile_20-15-38]Found the element returning it ,element ->[[ChromeDriver: chrome on windows (75df211007e189f5b215228a304f9c27)] -> xpath: //div[@class='a-section a-spacing-small a-spacing-top-small']]
20:25:05 [TestNG-test-Test-1] INFO  verifyingProcessorSpeedFilterFunctionality_Mobile_20-15-38 - [verifyingProcessorSpeedFilterFunctionality_Mobile_20-15-38] Within safeFindElement method
20:25:05 [TestNG-test-Test-1] INFO  verifyingProcessorSpeedFilterFunctionality_Mobile_20-15-38 - [verifyingProcessorSpeedFilterFunctionality_Mobile_20-15-38]Found the element returning it ,element ->[[ChromeDriver: chrome on windows (75df211007e189f5b215228a304f9c27)] -> xpath: //div[@id='feature-bullets']]
20:25:05 [TestNG-test-Test-1] INFO  verifyingProcessorSpeedFilterFunctionality_Mobile_20-15-38 - [verifyingProcessorSpeedFilterFunctionality_Mobile_20-15-38] Within safeFindElement method
20:25:05 [TestNG-test-Test-1] INFO  verifyingProcessorSpeedFilterFunctionality_Mobile_20-15-38 - [verifyingProcessorSpeedFilterFunctionality_Mobile_20-15-38]Found the element returning it ,element ->[[ChromeDriver: chrome on windows (75df211007e189f5b215228a304f9c27)] -> xpath: //div[@id='prodDetails']]
20:25:05 [TestNG-test-Test-1] INFO  verifyingProcessorSpeedFilterFunctionality_Mobile_20-15-38 - [verifyingProcessorSpeedFilterFunctionality_Mobile_20-15-38] Extracting 'name' , 'keyFeatures', 'about' , 'techDetails' within productNameListingPage loop
20:25:05 [TestNG-test-Test-1] INFO  verifyingProcessorSpeedFilterFunctionality_Mobile_20-15-38 - [verifyingProcessorSpeedFilterFunctionality_Mobile_20-15-38] Waiting until element is visible in viewport
20:25:15 [TestNG-test-Test-1] INFO  verifyingProcessorSpeedFilterFunctionality_Mobile_20-15-38 - [verifyingProcessorSpeedFilterFunctionality_Mobile_20-15-38] Within smoothScrollToElement method
20:25:15 [TestNG-test-Test-1] INFO  verifyingProcessorSpeedFilterFunctionality_Mobile_20-15-38 - [verifyingProcessorSpeedFilterFunctionality_Mobile_20-15-38] Within safeFindElement method
20:25:15 [TestNG-test-Test-1] INFO  verifyingProcessorSpeedFilterFunctionality_Mobile_20-15-38 - [verifyingProcessorSpeedFilterFunctionality_Mobile_20-15-38]Found the element returning it ,element ->[[ChromeDriver: chrome on windows (75df211007e189f5b215228a304f9c27)] -> xpath: //a[@id='seeMoreDetailsLink']]
20:25:15 [TestNG-test-Test-1] INFO  verifyingProcessorSpeedFilterFunctionality_Mobile_20-15-38 - [verifyingProcessorSpeedFilterFunctionality_Mobile_20-15-38] Successfully scrolled to element: By.xpath: //a[@id='seeMoreDetailsLink']
20:25:15 [TestNG-test-Test-1] INFO  verifyingProcessorSpeedFilterFunctionality_Mobile_20-15-38 - [verifyingProcessorSpeedFilterFunctionality_Mobile_20-15-38] Within safeClick method
20:25:16 [TestNG-test-Test-1] INFO  verifyingProcessorSpeedFilterFunctionality_Mobile_20-15-38 - [verifyingProcessorSpeedFilterFunctionality_Mobile_20-15-38] Clicked the  [[ChromeDriver: chrome on windows (75df211007e189f5b215228a304f9c27)] -> xpath: //a[@id='seeMoreDetailsLink']]   using safeClick
20:25:16 [TestNG-test-Test-1] INFO  verifyingProcessorSpeedFilterFunctionality_Mobile_20-15-38 - [verifyingProcessorSpeedFilterFunctionality_Mobile_20-15-38] Within try block for clicking see more deatils within productNameListingPage loop
20:25:16 [TestNG-test-Test-1] INFO  verifyingProcessorSpeedFilterFunctionality_Mobile_20-15-38 - [verifyingProcessorSpeedFilterFunctionality_Mobile_20-15-38] Within closeCurrentWindowAndSwitchBack method
20:25:16 [TestNG-test-Test-1] INFO  verifyingProcessorSpeedFilterFunctionality_Mobile_20-15-38 - [verifyingProcessorSpeedFilterFunctionality_Mobile_20-15-38] Total open windows/tabs count -> 2
20:25:16 [TestNG-test-Test-1] INFO  verifyingProcessorSpeedFilterFunctionality_Mobile_20-15-38 - [verifyingProcessorSpeedFilterFunctionality_Mobile_20-15-38] Original window handle -> CDCEAD40B14BD9DE795B8D6B5A8053F4
20:25:16 [TestNG-test-Test-1] INFO  verifyingProcessorSpeedFilterFunctionality_Mobile_20-15-38 - [verifyingProcessorSpeedFilterFunctionality_Mobile_20-15-38] Found new tab/window handle -> 86BDB4C7D2168F94EB2700063A37682E (will be closed)
20:25:16 [TestNG-test-Test-1] INFO  verifyingProcessorSpeedFilterFunctionality_Mobile_20-15-38 - [verifyingProcessorSpeedFilterFunctionality_Mobile_20-15-38] Successfully switched to new tab/window -> 86BDB4C7D2168F94EB2700063A37682E
20:25:16 [TestNG-test-Test-1] INFO  verifyingProcessorSpeedFilterFunctionality_Mobile_20-15-38 - [verifyingProcessorSpeedFilterFunctionality_Mobile_20-15-38] Closed the newly opened tab/window -> 86BDB4C7D2168F94EB2700063A37682E
20:25:16 [TestNG-test-Test-1] INFO  verifyingProcessorSpeedFilterFunctionality_Mobile_20-15-38 - [verifyingProcessorSpeedFilterFunctionality_Mobile_20-15-38] Switched back to the original window -> CDCEAD40B14BD9DE795B8D6B5A8053F4
20:25:16 [TestNG-test-Test-1] INFO  verifyingProcessorSpeedFilterFunctionality_Mobile_20-15-38 - [verifyingProcessorSpeedFilterFunctionality_Mobile_20-15-38]  going back to product listing via closeCurrentWindowAndSwitchBack 
20:25:16 [TestNG-test-Test-1] INFO  verifyingProcessorSpeedFilterFunctionality_Mobile_20-15-38 - [verifyingProcessorSpeedFilterFunctionality_Mobile_20-15-38]  Added 'filter','title','keyFeatures', 'about', 'techDetails' into the Map -> productResult
20:25:16 [TestNG-test-Test-1] INFO  verifyingProcessorSpeedFilterFunctionality_Mobile_20-15-38 - [verifyingProcessorSpeedFilterFunctionality_Mobile_20-15-38]  Added 'productResult' Map into the 'results' i.e list of maps 
20:25:16 [TestNG-test-Test-1] INFO  verifyingProcessorSpeedFilterFunctionality_Mobile_20-15-38 - [verifyingProcessorSpeedFilterFunctionality_Mobile_20-15-38]==========================================================================================================
20:25:16 [TestNG-test-Test-1] INFO  verifyingProcessorSpeedFilterFunctionality_Mobile_20-15-38 - [verifyingProcessorSpeedFilterFunctionality_Mobile_20-15-38] Within safeFindElements 
20:25:16 [TestNG-test-Test-1] INFO  verifyingProcessorSpeedFilterFunctionality_Mobile_20-15-38 - [verifyingProcessorSpeedFilterFunctionality_Mobile_20-15-38] Returning the  [[[ChromeDriver: chrome on windows (75df211007e189f5b215228a304f9c27)] -> xpath: //div[@data-cy='title-recipe']], [[ChromeDriver: chrome on windows (75df211007e189f5b215228a304f9c27)] -> xpath: //div[@data-cy='title-recipe']], [[ChromeDriver: chrome on windows (75df211007e189f5b215228a304f9c27)] -> xpath: //div[@data-cy='title-recipe']], [[ChromeDriver: chrome on windows (75df211007e189f5b215228a304f9c27)] -> xpath: //div[@data-cy='title-recipe']], [[ChromeDriver: chrome on windows (75df211007e189f5b215228a304f9c27)] -> xpath: //div[@data-cy='title-recipe']], [[ChromeDriver: chrome on windows (75df211007e189f5b215228a304f9c27)] -> xpath: //div[@data-cy='title-recipe']], [[ChromeDriver: chrome on windows (75df211007e189f5b215228a304f9c27)] -> xpath: //div[@data-cy='title-recipe']], [[ChromeDriver: chrome on windows (75df211007e189f5b215228a304f9c27)] -> xpath: //div[@data-cy='title-recipe']], [[ChromeDriver: chrome on windows (75df211007e189f5b215228a304f9c27)] -> xpath: //div[@data-cy='title-recipe']], [[ChromeDriver: chrome on windows (75df211007e189f5b215228a304f9c27)] -> xpath: //div[@data-cy='title-recipe']], [[ChromeDriver: chrome on windows (75df211007e189f5b215228a304f9c27)] -> xpath: //div[@data-cy='title-recipe']], [[ChromeDriver: chrome on windows (75df211007e189f5b215228a304f9c27)] -> xpath: //div[@data-cy='title-recipe']], [[ChromeDriver: chrome on windows (75df211007e189f5b215228a304f9c27)] -> xpath: //div[@data-cy='title-recipe']], [[ChromeDriver: chrome on windows (75df211007e189f5b215228a304f9c27)] -> xpath: //div[@data-cy='title-recipe']], [[ChromeDriver: chrome on windows (75df211007e189f5b215228a304f9c27)] -> xpath: //div[@data-cy='title-recipe']], [[ChromeDriver: chrome on windows (75df211007e189f5b215228a304f9c27)] -> xpath: //div[@data-cy='title-recipe']], [[ChromeDriver: chrome on windows (75df211007e189f5b215228a304f9c27)] -> xpath: //div[@data-cy='title-recipe']], [[ChromeDriver: chrome on windows (75df211007e189f5b215228a304f9c27)] -> xpath: //div[@data-cy='title-recipe']], [[ChromeDriver: chrome on windows (75df211007e189f5b215228a304f9c27)] -> xpath: //div[@data-cy='title-recipe']], [[ChromeDriver: chrome on windows (75df211007e189f5b215228a304f9c27)] -> xpath: //div[@data-cy='title-recipe']], [[ChromeDriver: chrome on windows (75df211007e189f5b215228a304f9c27)] -> xpath: //div[@data-cy='title-recipe']]] from the safeFindElements method
20:25:16 [TestNG-test-Test-1] INFO  verifyingProcessorSpeedFilterFunctionality_Mobile_20-15-38 - [verifyingProcessorSpeedFilterFunctionality_Mobile_20-15-38] Within productNameListingPage loop in applyFilterAndValidateProductsWithResult
20:25:16 [TestNG-test-Test-1] INFO  verifyingProcessorSpeedFilterFunctionality_Mobile_20-15-38 - [verifyingProcessorSpeedFilterFunctionality_Mobile_20-15-38] Within getProductByIndex method
20:25:16 [TestNG-test-Test-1] INFO  verifyingProcessorSpeedFilterFunctionality_Mobile_20-15-38 - [verifyingProcessorSpeedFilterFunctionality_Mobile_20-15-38] Within safeFindElement method
20:25:16 [TestNG-test-Test-1] INFO  verifyingProcessorSpeedFilterFunctionality_Mobile_20-15-38 - [verifyingProcessorSpeedFilterFunctionality_Mobile_20-15-38]Found the element returning it ,element ->[[ChromeDriver: chrome on windows (75df211007e189f5b215228a304f9c27)] -> xpath: (//div[@data-cy='title-recipe'])[2]]
20:25:16 [TestNG-test-Test-1] INFO  verifyingProcessorSpeedFilterFunctionality_Mobile_20-15-38 - [verifyingProcessorSpeedFilterFunctionality_Mobile_20-15-38] Within getProductByIndex method
20:25:16 [TestNG-test-Test-1] INFO  verifyingProcessorSpeedFilterFunctionality_Mobile_20-15-38 - [verifyingProcessorSpeedFilterFunctionality_Mobile_20-15-38] Within smoothScrollToElement method
20:25:16 [TestNG-test-Test-1] INFO  verifyingProcessorSpeedFilterFunctionality_Mobile_20-15-38 - [verifyingProcessorSpeedFilterFunctionality_Mobile_20-15-38] Within safeFindElement method
20:25:16 [TestNG-test-Test-1] INFO  verifyingProcessorSpeedFilterFunctionality_Mobile_20-15-38 - [verifyingProcessorSpeedFilterFunctionality_Mobile_20-15-38]Found the element returning it ,element ->[[ChromeDriver: chrome on windows (75df211007e189f5b215228a304f9c27)] -> xpath: (//div[@data-cy='title-recipe'])[2]]
20:25:16 [TestNG-test-Test-1] INFO  verifyingProcessorSpeedFilterFunctionality_Mobile_20-15-38 - [verifyingProcessorSpeedFilterFunctionality_Mobile_20-15-38] Successfully scrolled to element: By.xpath: (//div[@data-cy='title-recipe'])[2]
20:25:16 [TestNG-test-Test-1] INFO  verifyingProcessorSpeedFilterFunctionality_Mobile_20-15-38 - [verifyingProcessorSpeedFilterFunctionality_Mobile_20-15-38] Getting product by index in productNameListingPage loop
20:25:16 [TestNG-test-Test-1] INFO  verifyingProcessorSpeedFilterFunctionality_Mobile_20-15-38 - [verifyingProcessorSpeedFilterFunctionality_Mobile_20-15-38] Opened product in new tab via Ctrl+Click inside productNameListingPage loop
20:25:16 [TestNG-test-Test-1] INFO  verifyingProcessorSpeedFilterFunctionality_Mobile_20-15-38 - [verifyingProcessorSpeedFilterFunctionality_Mobile_20-15-38] Waiting for new window to open...
20:25:16 [TestNG-test-Test-1] INFO  verifyingProcessorSpeedFilterFunctionality_Mobile_20-15-38 - [verifyingProcessorSpeedFilterFunctionality_Mobile_20-15-38] Switched to new window -> F75FCB3EB02C15949B4B7940318D9346
20:25:16 [TestNG-test-Test-1] INFO  verifyingProcessorSpeedFilterFunctionality_Mobile_20-15-38 - [verifyingProcessorSpeedFilterFunctionality_Mobile_20-15-38] Swithcing to the new window  within productNameListingPage loop
20:25:16 [TestNG-test-Test-1] INFO  verifyingProcessorSpeedFilterFunctionality_Mobile_20-15-38 - [verifyingProcessorSpeedFilterFunctionality_Mobile_20-15-38] Clicked product name to open in new tab from productNameListingPage loop
20:25:16 [TestNG-test-Test-1] INFO  verifyingProcessorSpeedFilterFunctionality_Mobile_20-15-38 - [verifyingProcessorSpeedFilterFunctionality_Mobile_20-15-38] Within safeFindElement method
20:25:19 [TestNG-test-Test-1] INFO  verifyingProcessorSpeedFilterFunctionality_Mobile_20-15-38 - [verifyingProcessorSpeedFilterFunctionality_Mobile_20-15-38]Found the element returning it ,element ->[[ChromeDriver: chrome on windows (75df211007e189f5b215228a304f9c27)] -> xpath: //span[@id='productTitle']]
20:25:19 [TestNG-test-Test-1] INFO  verifyingProcessorSpeedFilterFunctionality_Mobile_20-15-38 - [verifyingProcessorSpeedFilterFunctionality_Mobile_20-15-38] Within safeFindElement method
20:25:19 [TestNG-test-Test-1] INFO  verifyingProcessorSpeedFilterFunctionality_Mobile_20-15-38 - [verifyingProcessorSpeedFilterFunctionality_Mobile_20-15-38]Found the element returning it ,element ->[[ChromeDriver: chrome on windows (75df211007e189f5b215228a304f9c27)] -> xpath: //div[@class='a-section a-spacing-small a-spacing-top-small']]
20:25:19 [TestNG-test-Test-1] INFO  verifyingProcessorSpeedFilterFunctionality_Mobile_20-15-38 - [verifyingProcessorSpeedFilterFunctionality_Mobile_20-15-38] Within safeFindElement method
20:25:19 [TestNG-test-Test-1] INFO  verifyingProcessorSpeedFilterFunctionality_Mobile_20-15-38 - [verifyingProcessorSpeedFilterFunctionality_Mobile_20-15-38]Found the element returning it ,element ->[[ChromeDriver: chrome on windows (75df211007e189f5b215228a304f9c27)] -> xpath: //div[@id='feature-bullets']]
20:25:19 [TestNG-test-Test-1] INFO  verifyingProcessorSpeedFilterFunctionality_Mobile_20-15-38 - [verifyingProcessorSpeedFilterFunctionality_Mobile_20-15-38] Within safeFindElement method
20:25:20 [TestNG-test-Test-1] INFO  verifyingProcessorSpeedFilterFunctionality_Mobile_20-15-38 - [verifyingProcessorSpeedFilterFunctionality_Mobile_20-15-38]Found the element returning it ,element ->[[ChromeDriver: chrome on windows (75df211007e189f5b215228a304f9c27)] -> xpath: //div[@id='prodDetails']]
20:25:20 [TestNG-test-Test-1] INFO  verifyingProcessorSpeedFilterFunctionality_Mobile_20-15-38 - [verifyingProcessorSpeedFilterFunctionality_Mobile_20-15-38] Extracting 'name' , 'keyFeatures', 'about' , 'techDetails' within productNameListingPage loop
20:25:20 [TestNG-test-Test-1] INFO  verifyingProcessorSpeedFilterFunctionality_Mobile_20-15-38 - [verifyingProcessorSpeedFilterFunctionality_Mobile_20-15-38] Waiting until element is visible in viewport
20:25:30 [TestNG-test-Test-1] INFO  verifyingProcessorSpeedFilterFunctionality_Mobile_20-15-38 - [verifyingProcessorSpeedFilterFunctionality_Mobile_20-15-38] Within smoothScrollToElement method
20:25:30 [TestNG-test-Test-1] INFO  verifyingProcessorSpeedFilterFunctionality_Mobile_20-15-38 - [verifyingProcessorSpeedFilterFunctionality_Mobile_20-15-38] Within safeFindElement method
20:25:30 [TestNG-test-Test-1] INFO  verifyingProcessorSpeedFilterFunctionality_Mobile_20-15-38 - [verifyingProcessorSpeedFilterFunctionality_Mobile_20-15-38]Found the element returning it ,element ->[[ChromeDriver: chrome on windows (75df211007e189f5b215228a304f9c27)] -> xpath: //a[@id='seeMoreDetailsLink']]
20:25:30 [TestNG-test-Test-1] INFO  verifyingProcessorSpeedFilterFunctionality_Mobile_20-15-38 - [verifyingProcessorSpeedFilterFunctionality_Mobile_20-15-38] Successfully scrolled to element: By.xpath: //a[@id='seeMoreDetailsLink']
20:25:30 [TestNG-test-Test-1] INFO  verifyingProcessorSpeedFilterFunctionality_Mobile_20-15-38 - [verifyingProcessorSpeedFilterFunctionality_Mobile_20-15-38] Within safeClick method
20:25:30 [TestNG-test-Test-1] INFO  verifyingProcessorSpeedFilterFunctionality_Mobile_20-15-38 - [verifyingProcessorSpeedFilterFunctionality_Mobile_20-15-38] Clicked the  [[ChromeDriver: chrome on windows (75df211007e189f5b215228a304f9c27)] -> xpath: //a[@id='seeMoreDetailsLink']]   using safeClick
20:25:30 [TestNG-test-Test-1] INFO  verifyingProcessorSpeedFilterFunctionality_Mobile_20-15-38 - [verifyingProcessorSpeedFilterFunctionality_Mobile_20-15-38] Within try block for clicking see more deatils within productNameListingPage loop
20:25:30 [TestNG-test-Test-1] INFO  verifyingProcessorSpeedFilterFunctionality_Mobile_20-15-38 - [verifyingProcessorSpeedFilterFunctionality_Mobile_20-15-38] Within closeCurrentWindowAndSwitchBack method
20:25:30 [TestNG-test-Test-1] INFO  verifyingProcessorSpeedFilterFunctionality_Mobile_20-15-38 - [verifyingProcessorSpeedFilterFunctionality_Mobile_20-15-38] Total open windows/tabs count -> 2
20:25:30 [TestNG-test-Test-1] INFO  verifyingProcessorSpeedFilterFunctionality_Mobile_20-15-38 - [verifyingProcessorSpeedFilterFunctionality_Mobile_20-15-38] Original window handle -> CDCEAD40B14BD9DE795B8D6B5A8053F4
20:25:30 [TestNG-test-Test-1] INFO  verifyingProcessorSpeedFilterFunctionality_Mobile_20-15-38 - [verifyingProcessorSpeedFilterFunctionality_Mobile_20-15-38] Found new tab/window handle -> F75FCB3EB02C15949B4B7940318D9346 (will be closed)
20:25:30 [TestNG-test-Test-1] INFO  verifyingProcessorSpeedFilterFunctionality_Mobile_20-15-38 - [verifyingProcessorSpeedFilterFunctionality_Mobile_20-15-38] Successfully switched to new tab/window -> F75FCB3EB02C15949B4B7940318D9346
20:25:30 [TestNG-test-Test-1] INFO  verifyingProcessorSpeedFilterFunctionality_Mobile_20-15-38 - [verifyingProcessorSpeedFilterFunctionality_Mobile_20-15-38] Closed the newly opened tab/window -> F75FCB3EB02C15949B4B7940318D9346
20:25:30 [TestNG-test-Test-1] INFO  verifyingProcessorSpeedFilterFunctionality_Mobile_20-15-38 - [verifyingProcessorSpeedFilterFunctionality_Mobile_20-15-38] Switched back to the original window -> CDCEAD40B14BD9DE795B8D6B5A8053F4
20:25:30 [TestNG-test-Test-1] INFO  verifyingProcessorSpeedFilterFunctionality_Mobile_20-15-38 - [verifyingProcessorSpeedFilterFunctionality_Mobile_20-15-38]  going back to product listing via closeCurrentWindowAndSwitchBack 
20:25:30 [TestNG-test-Test-1] INFO  verifyingProcessorSpeedFilterFunctionality_Mobile_20-15-38 - [verifyingProcessorSpeedFilterFunctionality_Mobile_20-15-38]  Added 'filter','title','keyFeatures', 'about', 'techDetails' into the Map -> productResult
20:25:30 [TestNG-test-Test-1] INFO  verifyingProcessorSpeedFilterFunctionality_Mobile_20-15-38 - [verifyingProcessorSpeedFilterFunctionality_Mobile_20-15-38]  Added 'productResult' Map into the 'results' i.e list of maps 
20:25:30 [TestNG-test-Test-1] INFO  verifyingProcessorSpeedFilterFunctionality_Mobile_20-15-38 - [verifyingProcessorSpeedFilterFunctionality_Mobile_20-15-38]==========================================================================================================
20:25:30 [TestNG-test-Test-1] INFO  verifyingProcessorSpeedFilterFunctionality_Mobile_20-15-38 - [verifyingProcessorSpeedFilterFunctionality_Mobile_20-15-38] Within safeFindElements 
20:25:30 [TestNG-test-Test-1] INFO  verifyingProcessorSpeedFilterFunctionality_Mobile_20-15-38 - [verifyingProcessorSpeedFilterFunctionality_Mobile_20-15-38] Returning the  [[[ChromeDriver: chrome on windows (75df211007e189f5b215228a304f9c27)] -> xpath: //div[@data-cy='title-recipe']], [[ChromeDriver: chrome on windows (75df211007e189f5b215228a304f9c27)] -> xpath: //div[@data-cy='title-recipe']], [[ChromeDriver: chrome on windows (75df211007e189f5b215228a304f9c27)] -> xpath: //div[@data-cy='title-recipe']], [[ChromeDriver: chrome on windows (75df211007e189f5b215228a304f9c27)] -> xpath: //div[@data-cy='title-recipe']], [[ChromeDriver: chrome on windows (75df211007e189f5b215228a304f9c27)] -> xpath: //div[@data-cy='title-recipe']], [[ChromeDriver: chrome on windows (75df211007e189f5b215228a304f9c27)] -> xpath: //div[@data-cy='title-recipe']], [[ChromeDriver: chrome on windows (75df211007e189f5b215228a304f9c27)] -> xpath: //div[@data-cy='title-recipe']], [[ChromeDriver: chrome on windows (75df211007e189f5b215228a304f9c27)] -> xpath: //div[@data-cy='title-recipe']], [[ChromeDriver: chrome on windows (75df211007e189f5b215228a304f9c27)] -> xpath: //div[@data-cy='title-recipe']], [[ChromeDriver: chrome on windows (75df211007e189f5b215228a304f9c27)] -> xpath: //div[@data-cy='title-recipe']], [[ChromeDriver: chrome on windows (75df211007e189f5b215228a304f9c27)] -> xpath: //div[@data-cy='title-recipe']], [[ChromeDriver: chrome on windows (75df211007e189f5b215228a304f9c27)] -> xpath: //div[@data-cy='title-recipe']], [[ChromeDriver: chrome on windows (75df211007e189f5b215228a304f9c27)] -> xpath: //div[@data-cy='title-recipe']], [[ChromeDriver: chrome on windows (75df211007e189f5b215228a304f9c27)] -> xpath: //div[@data-cy='title-recipe']], [[ChromeDriver: chrome on windows (75df211007e189f5b215228a304f9c27)] -> xpath: //div[@data-cy='title-recipe']], [[ChromeDriver: chrome on windows (75df211007e189f5b215228a304f9c27)] -> xpath: //div[@data-cy='title-recipe']], [[ChromeDriver: chrome on windows (75df211007e189f5b215228a304f9c27)] -> xpath: //div[@data-cy='title-recipe']], [[ChromeDriver: chrome on windows (75df211007e189f5b215228a304f9c27)] -> xpath: //div[@data-cy='title-recipe']], [[ChromeDriver: chrome on windows (75df211007e189f5b215228a304f9c27)] -> xpath: //div[@data-cy='title-recipe']], [[ChromeDriver: chrome on windows (75df211007e189f5b215228a304f9c27)] -> xpath: //div[@data-cy='title-recipe']], [[ChromeDriver: chrome on windows (75df211007e189f5b215228a304f9c27)] -> xpath: //div[@data-cy='title-recipe']]] from the safeFindElements method
20:25:30 [TestNG-test-Test-1] INFO  verifyingProcessorSpeedFilterFunctionality_Mobile_20-15-38 - [verifyingProcessorSpeedFilterFunctionality_Mobile_20-15-38] Within productNameListingPage loop in applyFilterAndValidateProductsWithResult
20:25:30 [TestNG-test-Test-1] INFO  verifyingProcessorSpeedFilterFunctionality_Mobile_20-15-38 - [verifyingProcessorSpeedFilterFunctionality_Mobile_20-15-38] Within getProductByIndex method
20:25:30 [TestNG-test-Test-1] INFO  verifyingProcessorSpeedFilterFunctionality_Mobile_20-15-38 - [verifyingProcessorSpeedFilterFunctionality_Mobile_20-15-38] Within safeFindElement method
20:25:30 [TestNG-test-Test-1] INFO  verifyingProcessorSpeedFilterFunctionality_Mobile_20-15-38 - [verifyingProcessorSpeedFilterFunctionality_Mobile_20-15-38]Found the element returning it ,element ->[[ChromeDriver: chrome on windows (75df211007e189f5b215228a304f9c27)] -> xpath: (//div[@data-cy='title-recipe'])[3]]
20:25:30 [TestNG-test-Test-1] INFO  verifyingProcessorSpeedFilterFunctionality_Mobile_20-15-38 - [verifyingProcessorSpeedFilterFunctionality_Mobile_20-15-38] Within getProductByIndex method
20:25:30 [TestNG-test-Test-1] INFO  verifyingProcessorSpeedFilterFunctionality_Mobile_20-15-38 - [verifyingProcessorSpeedFilterFunctionality_Mobile_20-15-38] Within smoothScrollToElement method
20:25:30 [TestNG-test-Test-1] INFO  verifyingProcessorSpeedFilterFunctionality_Mobile_20-15-38 - [verifyingProcessorSpeedFilterFunctionality_Mobile_20-15-38] Within safeFindElement method
20:25:30 [TestNG-test-Test-1] INFO  verifyingProcessorSpeedFilterFunctionality_Mobile_20-15-38 - [verifyingProcessorSpeedFilterFunctionality_Mobile_20-15-38]Found the element returning it ,element ->[[ChromeDriver: chrome on windows (75df211007e189f5b215228a304f9c27)] -> xpath: (//div[@data-cy='title-recipe'])[3]]
20:25:30 [TestNG-test-Test-1] INFO  verifyingProcessorSpeedFilterFunctionality_Mobile_20-15-38 - [verifyingProcessorSpeedFilterFunctionality_Mobile_20-15-38] Successfully scrolled to element: By.xpath: (//div[@data-cy='title-recipe'])[3]
20:25:30 [TestNG-test-Test-1] INFO  verifyingProcessorSpeedFilterFunctionality_Mobile_20-15-38 - [verifyingProcessorSpeedFilterFunctionality_Mobile_20-15-38] Getting product by index in productNameListingPage loop
20:25:31 [TestNG-test-Test-1] INFO  verifyingProcessorSpeedFilterFunctionality_Mobile_20-15-38 - [verifyingProcessorSpeedFilterFunctionality_Mobile_20-15-38] Opened product in new tab via Ctrl+Click inside productNameListingPage loop
20:25:31 [TestNG-test-Test-1] INFO  verifyingProcessorSpeedFilterFunctionality_Mobile_20-15-38 - [verifyingProcessorSpeedFilterFunctionality_Mobile_20-15-38] Waiting for new window to open...
20:25:31 [TestNG-test-Test-1] INFO  verifyingProcessorSpeedFilterFunctionality_Mobile_20-15-38 - [verifyingProcessorSpeedFilterFunctionality_Mobile_20-15-38] Switched to new window -> 1B345AD43046FAEC9BBF2C794D2496E3
20:25:31 [TestNG-test-Test-1] INFO  verifyingProcessorSpeedFilterFunctionality_Mobile_20-15-38 - [verifyingProcessorSpeedFilterFunctionality_Mobile_20-15-38] Swithcing to the new window  within productNameListingPage loop
20:25:31 [TestNG-test-Test-1] INFO  verifyingProcessorSpeedFilterFunctionality_Mobile_20-15-38 - [verifyingProcessorSpeedFilterFunctionality_Mobile_20-15-38] Clicked product name to open in new tab from productNameListingPage loop
20:25:31 [TestNG-test-Test-1] INFO  verifyingProcessorSpeedFilterFunctionality_Mobile_20-15-38 - [verifyingProcessorSpeedFilterFunctionality_Mobile_20-15-38] Within safeFindElement method
20:25:34 [TestNG-test-Test-1] INFO  verifyingProcessorSpeedFilterFunctionality_Mobile_20-15-38 - [verifyingProcessorSpeedFilterFunctionality_Mobile_20-15-38]Found the element returning it ,element ->[[ChromeDriver: chrome on windows (75df211007e189f5b215228a304f9c27)] -> xpath: //span[@id='productTitle']]
20:25:34 [TestNG-test-Test-1] INFO  verifyingProcessorSpeedFilterFunctionality_Mobile_20-15-38 - [verifyingProcessorSpeedFilterFunctionality_Mobile_20-15-38] Within safeFindElement method
20:25:34 [TestNG-test-Test-1] INFO  verifyingProcessorSpeedFilterFunctionality_Mobile_20-15-38 - [verifyingProcessorSpeedFilterFunctionality_Mobile_20-15-38]Found the element returning it ,element ->[[ChromeDriver: chrome on windows (75df211007e189f5b215228a304f9c27)] -> xpath: //div[@class='a-section a-spacing-small a-spacing-top-small']]
20:25:34 [TestNG-test-Test-1] INFO  verifyingProcessorSpeedFilterFunctionality_Mobile_20-15-38 - [verifyingProcessorSpeedFilterFunctionality_Mobile_20-15-38] Within safeFindElement method
20:25:34 [TestNG-test-Test-1] INFO  verifyingProcessorSpeedFilterFunctionality_Mobile_20-15-38 - [verifyingProcessorSpeedFilterFunctionality_Mobile_20-15-38]Found the element returning it ,element ->[[ChromeDriver: chrome on windows (75df211007e189f5b215228a304f9c27)] -> xpath: //div[@id='feature-bullets']]
20:25:34 [TestNG-test-Test-1] INFO  verifyingProcessorSpeedFilterFunctionality_Mobile_20-15-38 - [verifyingProcessorSpeedFilterFunctionality_Mobile_20-15-38] Within safeFindElement method
20:25:34 [TestNG-test-Test-1] INFO  verifyingProcessorSpeedFilterFunctionality_Mobile_20-15-38 - [verifyingProcessorSpeedFilterFunctionality_Mobile_20-15-38]Found the element returning it ,element ->[[ChromeDriver: chrome on windows (75df211007e189f5b215228a304f9c27)] -> xpath: //div[@id='prodDetails']]
20:25:34 [TestNG-test-Test-1] INFO  verifyingProcessorSpeedFilterFunctionality_Mobile_20-15-38 - [verifyingProcessorSpeedFilterFunctionality_Mobile_20-15-38] Extracting 'name' , 'keyFeatures', 'about' , 'techDetails' within productNameListingPage loop
20:25:34 [TestNG-test-Test-1] INFO  verifyingProcessorSpeedFilterFunctionality_Mobile_20-15-38 - [verifyingProcessorSpeedFilterFunctionality_Mobile_20-15-38] Waiting until element is visible in viewport
20:25:44 [TestNG-test-Test-1] INFO  verifyingProcessorSpeedFilterFunctionality_Mobile_20-15-38 - [verifyingProcessorSpeedFilterFunctionality_Mobile_20-15-38] Within smoothScrollToElement method
20:25:44 [TestNG-test-Test-1] INFO  verifyingProcessorSpeedFilterFunctionality_Mobile_20-15-38 - [verifyingProcessorSpeedFilterFunctionality_Mobile_20-15-38] Within safeFindElement method
20:25:44 [TestNG-test-Test-1] INFO  verifyingProcessorSpeedFilterFunctionality_Mobile_20-15-38 - [verifyingProcessorSpeedFilterFunctionality_Mobile_20-15-38]Found the element returning it ,element ->[[ChromeDriver: chrome on windows (75df211007e189f5b215228a304f9c27)] -> xpath: //a[@id='seeMoreDetailsLink']]
20:25:44 [TestNG-test-Test-1] INFO  verifyingProcessorSpeedFilterFunctionality_Mobile_20-15-38 - [verifyingProcessorSpeedFilterFunctionality_Mobile_20-15-38] Successfully scrolled to element: By.xpath: //a[@id='seeMoreDetailsLink']
20:25:44 [TestNG-test-Test-1] INFO  verifyingProcessorSpeedFilterFunctionality_Mobile_20-15-38 - [verifyingProcessorSpeedFilterFunctionality_Mobile_20-15-38] Within safeClick method
20:25:44 [TestNG-test-Test-1] INFO  verifyingProcessorSpeedFilterFunctionality_Mobile_20-15-38 - [verifyingProcessorSpeedFilterFunctionality_Mobile_20-15-38] Clicked the  [[ChromeDriver: chrome on windows (75df211007e189f5b215228a304f9c27)] -> xpath: //a[@id='seeMoreDetailsLink']]   using safeClick
20:25:44 [TestNG-test-Test-1] INFO  verifyingProcessorSpeedFilterFunctionality_Mobile_20-15-38 - [verifyingProcessorSpeedFilterFunctionality_Mobile_20-15-38] Within try block for clicking see more deatils within productNameListingPage loop
20:25:44 [TestNG-test-Test-1] INFO  verifyingProcessorSpeedFilterFunctionality_Mobile_20-15-38 - [verifyingProcessorSpeedFilterFunctionality_Mobile_20-15-38] Within closeCurrentWindowAndSwitchBack method
20:25:44 [TestNG-test-Test-1] INFO  verifyingProcessorSpeedFilterFunctionality_Mobile_20-15-38 - [verifyingProcessorSpeedFilterFunctionality_Mobile_20-15-38] Total open windows/tabs count -> 2
20:25:44 [TestNG-test-Test-1] INFO  verifyingProcessorSpeedFilterFunctionality_Mobile_20-15-38 - [verifyingProcessorSpeedFilterFunctionality_Mobile_20-15-38] Original window handle -> CDCEAD40B14BD9DE795B8D6B5A8053F4
20:25:44 [TestNG-test-Test-1] INFO  verifyingProcessorSpeedFilterFunctionality_Mobile_20-15-38 - [verifyingProcessorSpeedFilterFunctionality_Mobile_20-15-38] Found new tab/window handle -> 1B345AD43046FAEC9BBF2C794D2496E3 (will be closed)
20:25:44 [TestNG-test-Test-1] INFO  verifyingProcessorSpeedFilterFunctionality_Mobile_20-15-38 - [verifyingProcessorSpeedFilterFunctionality_Mobile_20-15-38] Successfully switched to new tab/window -> 1B345AD43046FAEC9BBF2C794D2496E3
20:25:45 [TestNG-test-Test-1] INFO  verifyingProcessorSpeedFilterFunctionality_Mobile_20-15-38 - [verifyingProcessorSpeedFilterFunctionality_Mobile_20-15-38] Closed the newly opened tab/window -> 1B345AD43046FAEC9BBF2C794D2496E3
20:25:45 [TestNG-test-Test-1] INFO  verifyingProcessorSpeedFilterFunctionality_Mobile_20-15-38 - [verifyingProcessorSpeedFilterFunctionality_Mobile_20-15-38] Switched back to the original window -> CDCEAD40B14BD9DE795B8D6B5A8053F4
20:25:45 [TestNG-test-Test-1] INFO  verifyingProcessorSpeedFilterFunctionality_Mobile_20-15-38 - [verifyingProcessorSpeedFilterFunctionality_Mobile_20-15-38]  going back to product listing via closeCurrentWindowAndSwitchBack 
20:25:45 [TestNG-test-Test-1] INFO  verifyingProcessorSpeedFilterFunctionality_Mobile_20-15-38 - [verifyingProcessorSpeedFilterFunctionality_Mobile_20-15-38]  Added 'filter','title','keyFeatures', 'about', 'techDetails' into the Map -> productResult
20:25:45 [TestNG-test-Test-1] INFO  verifyingProcessorSpeedFilterFunctionality_Mobile_20-15-38 - [verifyingProcessorSpeedFilterFunctionality_Mobile_20-15-38]  Added 'productResult' Map into the 'results' i.e list of maps 
20:25:45 [TestNG-test-Test-1] INFO  verifyingProcessorSpeedFilterFunctionality_Mobile_20-15-38 - [verifyingProcessorSpeedFilterFunctionality_Mobile_20-15-38]==========================================================================================================
20:25:45 [TestNG-test-Test-1] INFO  verifyingProcessorSpeedFilterFunctionality_Mobile_20-15-38 - [verifyingProcessorSpeedFilterFunctionality_Mobile_20-15-38] Within safeFindElements 
20:25:45 [TestNG-test-Test-1] INFO  verifyingProcessorSpeedFilterFunctionality_Mobile_20-15-38 - [verifyingProcessorSpeedFilterFunctionality_Mobile_20-15-38] Returning the  [[[ChromeDriver: chrome on windows (75df211007e189f5b215228a304f9c27)] -> xpath: //div[@data-cy='title-recipe']], [[ChromeDriver: chrome on windows (75df211007e189f5b215228a304f9c27)] -> xpath: //div[@data-cy='title-recipe']], [[ChromeDriver: chrome on windows (75df211007e189f5b215228a304f9c27)] -> xpath: //div[@data-cy='title-recipe']], [[ChromeDriver: chrome on windows (75df211007e189f5b215228a304f9c27)] -> xpath: //div[@data-cy='title-recipe']], [[ChromeDriver: chrome on windows (75df211007e189f5b215228a304f9c27)] -> xpath: //div[@data-cy='title-recipe']], [[ChromeDriver: chrome on windows (75df211007e189f5b215228a304f9c27)] -> xpath: //div[@data-cy='title-recipe']], [[ChromeDriver: chrome on windows (75df211007e189f5b215228a304f9c27)] -> xpath: //div[@data-cy='title-recipe']], [[ChromeDriver: chrome on windows (75df211007e189f5b215228a304f9c27)] -> xpath: //div[@data-cy='title-recipe']], [[ChromeDriver: chrome on windows (75df211007e189f5b215228a304f9c27)] -> xpath: //div[@data-cy='title-recipe']], [[ChromeDriver: chrome on windows (75df211007e189f5b215228a304f9c27)] -> xpath: //div[@data-cy='title-recipe']], [[ChromeDriver: chrome on windows (75df211007e189f5b215228a304f9c27)] -> xpath: //div[@data-cy='title-recipe']], [[ChromeDriver: chrome on windows (75df211007e189f5b215228a304f9c27)] -> xpath: //div[@data-cy='title-recipe']], [[ChromeDriver: chrome on windows (75df211007e189f5b215228a304f9c27)] -> xpath: //div[@data-cy='title-recipe']], [[ChromeDriver: chrome on windows (75df211007e189f5b215228a304f9c27)] -> xpath: //div[@data-cy='title-recipe']], [[ChromeDriver: chrome on windows (75df211007e189f5b215228a304f9c27)] -> xpath: //div[@data-cy='title-recipe']], [[ChromeDriver: chrome on windows (75df211007e189f5b215228a304f9c27)] -> xpath: //div[@data-cy='title-recipe']], [[ChromeDriver: chrome on windows (75df211007e189f5b215228a304f9c27)] -> xpath: //div[@data-cy='title-recipe']], [[ChromeDriver: chrome on windows (75df211007e189f5b215228a304f9c27)] -> xpath: //div[@data-cy='title-recipe']], [[ChromeDriver: chrome on windows (75df211007e189f5b215228a304f9c27)] -> xpath: //div[@data-cy='title-recipe']], [[ChromeDriver: chrome on windows (75df211007e189f5b215228a304f9c27)] -> xpath: //div[@data-cy='title-recipe']], [[ChromeDriver: chrome on windows (75df211007e189f5b215228a304f9c27)] -> xpath: //div[@data-cy='title-recipe']]] from the safeFindElements method
20:25:45 [TestNG-test-Test-1] INFO  verifyingProcessorSpeedFilterFunctionality_Mobile_20-15-38 - [verifyingProcessorSpeedFilterFunctionality_Mobile_20-15-38] Within productNameListingPage loop in applyFilterAndValidateProductsWithResult
20:25:45 [TestNG-test-Test-1] INFO  verifyingProcessorSpeedFilterFunctionality_Mobile_20-15-38 - [verifyingProcessorSpeedFilterFunctionality_Mobile_20-15-38] Within getProductByIndex method
20:25:45 [TestNG-test-Test-1] INFO  verifyingProcessorSpeedFilterFunctionality_Mobile_20-15-38 - [verifyingProcessorSpeedFilterFunctionality_Mobile_20-15-38] Within safeFindElement method
20:25:45 [TestNG-test-Test-1] INFO  verifyingProcessorSpeedFilterFunctionality_Mobile_20-15-38 - [verifyingProcessorSpeedFilterFunctionality_Mobile_20-15-38]Found the element returning it ,element ->[[ChromeDriver: chrome on windows (75df211007e189f5b215228a304f9c27)] -> xpath: (//div[@data-cy='title-recipe'])[4]]
20:25:45 [TestNG-test-Test-1] INFO  verifyingProcessorSpeedFilterFunctionality_Mobile_20-15-38 - [verifyingProcessorSpeedFilterFunctionality_Mobile_20-15-38] Within getProductByIndex method
20:25:45 [TestNG-test-Test-1] INFO  verifyingProcessorSpeedFilterFunctionality_Mobile_20-15-38 - [verifyingProcessorSpeedFilterFunctionality_Mobile_20-15-38] Within smoothScrollToElement method
20:25:45 [TestNG-test-Test-1] INFO  verifyingProcessorSpeedFilterFunctionality_Mobile_20-15-38 - [verifyingProcessorSpeedFilterFunctionality_Mobile_20-15-38] Within safeFindElement method
20:25:45 [TestNG-test-Test-1] INFO  verifyingProcessorSpeedFilterFunctionality_Mobile_20-15-38 - [verifyingProcessorSpeedFilterFunctionality_Mobile_20-15-38]Found the element returning it ,element ->[[ChromeDriver: chrome on windows (75df211007e189f5b215228a304f9c27)] -> xpath: (//div[@data-cy='title-recipe'])[4]]
20:25:45 [TestNG-test-Test-1] INFO  verifyingProcessorSpeedFilterFunctionality_Mobile_20-15-38 - [verifyingProcessorSpeedFilterFunctionality_Mobile_20-15-38] Successfully scrolled to element: By.xpath: (//div[@data-cy='title-recipe'])[4]
20:25:45 [TestNG-test-Test-1] INFO  verifyingProcessorSpeedFilterFunctionality_Mobile_20-15-38 - [verifyingProcessorSpeedFilterFunctionality_Mobile_20-15-38] Getting product by index in productNameListingPage loop
20:25:45 [TestNG-test-Test-1] INFO  verifyingProcessorSpeedFilterFunctionality_Mobile_20-15-38 - [verifyingProcessorSpeedFilterFunctionality_Mobile_20-15-38] Opened product in new tab via Ctrl+Click inside productNameListingPage loop
20:25:45 [TestNG-test-Test-1] INFO  verifyingProcessorSpeedFilterFunctionality_Mobile_20-15-38 - [verifyingProcessorSpeedFilterFunctionality_Mobile_20-15-38] Waiting for new window to open...
20:25:45 [TestNG-test-Test-1] INFO  verifyingProcessorSpeedFilterFunctionality_Mobile_20-15-38 - [verifyingProcessorSpeedFilterFunctionality_Mobile_20-15-38] Switched to new window -> 104623014EA33031471F70AFC45124A1
20:25:45 [TestNG-test-Test-1] INFO  verifyingProcessorSpeedFilterFunctionality_Mobile_20-15-38 - [verifyingProcessorSpeedFilterFunctionality_Mobile_20-15-38] Swithcing to the new window  within productNameListingPage loop
20:25:45 [TestNG-test-Test-1] INFO  verifyingProcessorSpeedFilterFunctionality_Mobile_20-15-38 - [verifyingProcessorSpeedFilterFunctionality_Mobile_20-15-38] Clicked product name to open in new tab from productNameListingPage loop
20:25:45 [TestNG-test-Test-1] INFO  verifyingProcessorSpeedFilterFunctionality_Mobile_20-15-38 - [verifyingProcessorSpeedFilterFunctionality_Mobile_20-15-38] Within safeFindElement method
20:25:48 [TestNG-test-Test-1] INFO  verifyingProcessorSpeedFilterFunctionality_Mobile_20-15-38 - [verifyingProcessorSpeedFilterFunctionality_Mobile_20-15-38]Found the element returning it ,element ->[[ChromeDriver: chrome on windows (75df211007e189f5b215228a304f9c27)] -> xpath: //span[@id='productTitle']]
20:25:48 [TestNG-test-Test-1] INFO  verifyingProcessorSpeedFilterFunctionality_Mobile_20-15-38 - [verifyingProcessorSpeedFilterFunctionality_Mobile_20-15-38] Within safeFindElement method
20:25:48 [TestNG-test-Test-1] INFO  verifyingProcessorSpeedFilterFunctionality_Mobile_20-15-38 - [verifyingProcessorSpeedFilterFunctionality_Mobile_20-15-38]Found the element returning it ,element ->[[ChromeDriver: chrome on windows (75df211007e189f5b215228a304f9c27)] -> xpath: //div[@class='a-section a-spacing-small a-spacing-top-small']]
20:25:48 [TestNG-test-Test-1] INFO  verifyingProcessorSpeedFilterFunctionality_Mobile_20-15-38 - [verifyingProcessorSpeedFilterFunctionality_Mobile_20-15-38] Within safeFindElement method
20:25:48 [TestNG-test-Test-1] INFO  verifyingProcessorSpeedFilterFunctionality_Mobile_20-15-38 - [verifyingProcessorSpeedFilterFunctionality_Mobile_20-15-38]Found the element returning it ,element ->[[ChromeDriver: chrome on windows (75df211007e189f5b215228a304f9c27)] -> xpath: //div[@id='feature-bullets']]
20:25:48 [TestNG-test-Test-1] INFO  verifyingProcessorSpeedFilterFunctionality_Mobile_20-15-38 - [verifyingProcessorSpeedFilterFunctionality_Mobile_20-15-38] Within safeFindElement method
20:25:48 [TestNG-test-Test-1] INFO  verifyingProcessorSpeedFilterFunctionality_Mobile_20-15-38 - [verifyingProcessorSpeedFilterFunctionality_Mobile_20-15-38]Found the element returning it ,element ->[[ChromeDriver: chrome on windows (75df211007e189f5b215228a304f9c27)] -> xpath: //div[@id='prodDetails']]
20:25:48 [TestNG-test-Test-1] INFO  verifyingProcessorSpeedFilterFunctionality_Mobile_20-15-38 - [verifyingProcessorSpeedFilterFunctionality_Mobile_20-15-38] Extracting 'name' , 'keyFeatures', 'about' , 'techDetails' within productNameListingPage loop
20:25:48 [TestNG-test-Test-1] INFO  verifyingProcessorSpeedFilterFunctionality_Mobile_20-15-38 - [verifyingProcessorSpeedFilterFunctionality_Mobile_20-15-38] Waiting until element is visible in viewport
20:25:49 [TestNG-test-Test-1] INFO  verifyingProcessorSpeedFilterFunctionality_Mobile_20-15-38 - [verifyingProcessorSpeedFilterFunctionality_Mobile_20-15-38] Within smoothScrollToElement method
20:25:49 [TestNG-test-Test-1] INFO  verifyingProcessorSpeedFilterFunctionality_Mobile_20-15-38 - [verifyingProcessorSpeedFilterFunctionality_Mobile_20-15-38] Within safeFindElement method
20:25:54 [TestNG-test-Test-1] INFO  verifyingProcessorSpeedFilterFunctionality_Mobile_20-15-38 - [verifyingProcessorSpeedFilterFunctionality_Mobile_20-15-38]Retrying findElement for: ->By.xpath: //a[@id='seeMoreDetailsLink']
20:25:56 [TestNG-test-Test-1] INFO  verifyingProcessorSpeedFilterFunctionality_Mobile_20-15-38 - [verifyingProcessorSpeedFilterFunctionality_Mobile_20-15-38]Refrehsing the page , while trying to safely find : ->By.xpath: //a[@id='seeMoreDetailsLink']
20:26:02 [TestNG-test-Test-1] INFO  verifyingProcessorSpeedFilterFunctionality_Mobile_20-15-38 - [verifyingProcessorSpeedFilterFunctionality_Mobile_20-15-38]Retrying findElement for: ->By.xpath: //a[@id='seeMoreDetailsLink']
20:26:04 [TestNG-test-Test-1] INFO  verifyingProcessorSpeedFilterFunctionality_Mobile_20-15-38 - [verifyingProcessorSpeedFilterFunctionality_Mobile_20-15-38]Refrehsing the page , while trying to safely find : ->By.xpath: //a[@id='seeMoreDetailsLink']
20:26:04 [TestNG-test-Test-1] INFO  verifyingProcessorSpeedFilterFunctionality_Mobile_20-15-38 - [verifyingProcessorSpeedFilterFunctionality_Mobile_20-15-38] Skipping action: Element not found after 2   attemps
20:26:04 [TestNG-test-Test-1] WARN  verifyingProcessorSpeedFilterFunctionality_Mobile_20-15-38 - [verifyingProcessorSpeedFilterFunctionality_Mobile_20-15-38] Element not found for locator: By.xpath: //a[@id='seeMoreDetailsLink']
20:26:04 [TestNG-test-Test-1] INFO  verifyingProcessorSpeedFilterFunctionality_Mobile_20-15-38 - [verifyingProcessorSpeedFilterFunctionality_Mobile_20-15-38] Within safeClick method
20:26:09 [TestNG-test-Test-1] INFO  verifyingProcessorSpeedFilterFunctionality_Mobile_20-15-38 - [verifyingProcessorSpeedFilterFunctionality_Mobile_20-15-38] Cannot click the butto using safeClick, trying again
20:26:17 [TestNG-test-Test-1] INFO  verifyingProcessorSpeedFilterFunctionality_Mobile_20-15-38 - [verifyingProcessorSpeedFilterFunctionality_Mobile_20-15-38] Cannot click the butto using safeClick, trying again
20:26:19 [TestNG-test-Test-1] INFO  verifyingProcessorSpeedFilterFunctionality_Mobile_20-15-38 - [verifyingProcessorSpeedFilterFunctionality_Mobile_20-15-38] Skipping click action: Element not clickable after- 2
20:26:19 [TestNG-test-Test-1] INFO  verifyingProcessorSpeedFilterFunctionality_Mobile_20-15-38 - [verifyingProcessorSpeedFilterFunctionality_Mobile_20-15-38] Within try block for clicking see more deatils within productNameListingPage loop
20:26:19 [TestNG-test-Test-1] INFO  verifyingProcessorSpeedFilterFunctionality_Mobile_20-15-38 - [verifyingProcessorSpeedFilterFunctionality_Mobile_20-15-38] Within closeCurrentWindowAndSwitchBack method
20:26:19 [TestNG-test-Test-1] INFO  verifyingProcessorSpeedFilterFunctionality_Mobile_20-15-38 - [verifyingProcessorSpeedFilterFunctionality_Mobile_20-15-38] Total open windows/tabs count -> 2
20:26:19 [TestNG-test-Test-1] INFO  verifyingProcessorSpeedFilterFunctionality_Mobile_20-15-38 - [verifyingProcessorSpeedFilterFunctionality_Mobile_20-15-38] Original window handle -> CDCEAD40B14BD9DE795B8D6B5A8053F4
20:26:19 [TestNG-test-Test-1] INFO  verifyingProcessorSpeedFilterFunctionality_Mobile_20-15-38 - [verifyingProcessorSpeedFilterFunctionality_Mobile_20-15-38] Found new tab/window handle -> 104623014EA33031471F70AFC45124A1 (will be closed)
20:26:19 [TestNG-test-Test-1] INFO  verifyingProcessorSpeedFilterFunctionality_Mobile_20-15-38 - [verifyingProcessorSpeedFilterFunctionality_Mobile_20-15-38] Successfully switched to new tab/window -> 104623014EA33031471F70AFC45124A1
20:26:19 [TestNG-test-Test-1] INFO  verifyingProcessorSpeedFilterFunctionality_Mobile_20-15-38 - [verifyingProcessorSpeedFilterFunctionality_Mobile_20-15-38] Closed the newly opened tab/window -> 104623014EA33031471F70AFC45124A1
20:26:19 [TestNG-test-Test-1] INFO  verifyingProcessorSpeedFilterFunctionality_Mobile_20-15-38 - [verifyingProcessorSpeedFilterFunctionality_Mobile_20-15-38] Switched back to the original window -> CDCEAD40B14BD9DE795B8D6B5A8053F4
20:26:19 [TestNG-test-Test-1] INFO  verifyingProcessorSpeedFilterFunctionality_Mobile_20-15-38 - [verifyingProcessorSpeedFilterFunctionality_Mobile_20-15-38]  going back to product listing via closeCurrentWindowAndSwitchBack 
20:26:19 [TestNG-test-Test-1] INFO  verifyingProcessorSpeedFilterFunctionality_Mobile_20-15-38 - [verifyingProcessorSpeedFilterFunctionality_Mobile_20-15-38]  Added 'filter','title','keyFeatures', 'about', 'techDetails' into the Map -> productResult
20:26:19 [TestNG-test-Test-1] INFO  verifyingProcessorSpeedFilterFunctionality_Mobile_20-15-38 - [verifyingProcessorSpeedFilterFunctionality_Mobile_20-15-38]  Added 'productResult' Map into the 'results' i.e list of maps 
20:26:19 [TestNG-test-Test-1] INFO  verifyingProcessorSpeedFilterFunctionality_Mobile_20-15-38 - [verifyingProcessorSpeedFilterFunctionality_Mobile_20-15-38]==========================================================================================================
20:26:19 [TestNG-test-Test-1] INFO  verifyingProcessorSpeedFilterFunctionality_Mobile_20-15-38 - [verifyingProcessorSpeedFilterFunctionality_Mobile_20-15-38] Within safeFindElements 
20:26:19 [TestNG-test-Test-1] INFO  verifyingProcessorSpeedFilterFunctionality_Mobile_20-15-38 - [verifyingProcessorSpeedFilterFunctionality_Mobile_20-15-38] Returning the  [[[ChromeDriver: chrome on windows (75df211007e189f5b215228a304f9c27)] -> xpath: //div[@data-cy='title-recipe']], [[ChromeDriver: chrome on windows (75df211007e189f5b215228a304f9c27)] -> xpath: //div[@data-cy='title-recipe']], [[ChromeDriver: chrome on windows (75df211007e189f5b215228a304f9c27)] -> xpath: //div[@data-cy='title-recipe']], [[ChromeDriver: chrome on windows (75df211007e189f5b215228a304f9c27)] -> xpath: //div[@data-cy='title-recipe']], [[ChromeDriver: chrome on windows (75df211007e189f5b215228a304f9c27)] -> xpath: //div[@data-cy='title-recipe']], [[ChromeDriver: chrome on windows (75df211007e189f5b215228a304f9c27)] -> xpath: //div[@data-cy='title-recipe']], [[ChromeDriver: chrome on windows (75df211007e189f5b215228a304f9c27)] -> xpath: //div[@data-cy='title-recipe']], [[ChromeDriver: chrome on windows (75df211007e189f5b215228a304f9c27)] -> xpath: //div[@data-cy='title-recipe']], [[ChromeDriver: chrome on windows (75df211007e189f5b215228a304f9c27)] -> xpath: //div[@data-cy='title-recipe']], [[ChromeDriver: chrome on windows (75df211007e189f5b215228a304f9c27)] -> xpath: //div[@data-cy='title-recipe']], [[ChromeDriver: chrome on windows (75df211007e189f5b215228a304f9c27)] -> xpath: //div[@data-cy='title-recipe']], [[ChromeDriver: chrome on windows (75df211007e189f5b215228a304f9c27)] -> xpath: //div[@data-cy='title-recipe']], [[ChromeDriver: chrome on windows (75df211007e189f5b215228a304f9c27)] -> xpath: //div[@data-cy='title-recipe']], [[ChromeDriver: chrome on windows (75df211007e189f5b215228a304f9c27)] -> xpath: //div[@data-cy='title-recipe']], [[ChromeDriver: chrome on windows (75df211007e189f5b215228a304f9c27)] -> xpath: //div[@data-cy='title-recipe']], [[ChromeDriver: chrome on windows (75df211007e189f5b215228a304f9c27)] -> xpath: //div[@data-cy='title-recipe']], [[ChromeDriver: chrome on windows (75df211007e189f5b215228a304f9c27)] -> xpath: //div[@data-cy='title-recipe']], [[ChromeDriver: chrome on windows (75df211007e189f5b215228a304f9c27)] -> xpath: //div[@data-cy='title-recipe']], [[ChromeDriver: chrome on windows (75df211007e189f5b215228a304f9c27)] -> xpath: //div[@data-cy='title-recipe']], [[ChromeDriver: chrome on windows (75df211007e189f5b215228a304f9c27)] -> xpath: //div[@data-cy='title-recipe']], [[ChromeDriver: chrome on windows (75df211007e189f5b215228a304f9c27)] -> xpath: //div[@data-cy='title-recipe']]] from the safeFindElements method
20:26:19 [TestNG-test-Test-1] INFO  verifyingProcessorSpeedFilterFunctionality_Mobile_20-15-38 - [verifyingProcessorSpeedFilterFunctionality_Mobile_20-15-38] Within productNameListingPage loop in applyFilterAndValidateProductsWithResult
20:26:19 [TestNG-test-Test-1] INFO  verifyingProcessorSpeedFilterFunctionality_Mobile_20-15-38 - [verifyingProcessorSpeedFilterFunctionality_Mobile_20-15-38] Within getProductByIndex method
20:26:19 [TestNG-test-Test-1] INFO  verifyingProcessorSpeedFilterFunctionality_Mobile_20-15-38 - [verifyingProcessorSpeedFilterFunctionality_Mobile_20-15-38] Within safeFindElement method
20:26:19 [TestNG-test-Test-1] INFO  verifyingProcessorSpeedFilterFunctionality_Mobile_20-15-38 - [verifyingProcessorSpeedFilterFunctionality_Mobile_20-15-38]Found the element returning it ,element ->[[ChromeDriver: chrome on windows (75df211007e189f5b215228a304f9c27)] -> xpath: (//div[@data-cy='title-recipe'])[5]]
20:26:19 [TestNG-test-Test-1] INFO  verifyingProcessorSpeedFilterFunctionality_Mobile_20-15-38 - [verifyingProcessorSpeedFilterFunctionality_Mobile_20-15-38] Within getProductByIndex method
20:26:19 [TestNG-test-Test-1] INFO  verifyingProcessorSpeedFilterFunctionality_Mobile_20-15-38 - [verifyingProcessorSpeedFilterFunctionality_Mobile_20-15-38] Within smoothScrollToElement method
20:26:19 [TestNG-test-Test-1] INFO  verifyingProcessorSpeedFilterFunctionality_Mobile_20-15-38 - [verifyingProcessorSpeedFilterFunctionality_Mobile_20-15-38] Within safeFindElement method
20:26:19 [TestNG-test-Test-1] INFO  verifyingProcessorSpeedFilterFunctionality_Mobile_20-15-38 - [verifyingProcessorSpeedFilterFunctionality_Mobile_20-15-38]Found the element returning it ,element ->[[ChromeDriver: chrome on windows (75df211007e189f5b215228a304f9c27)] -> xpath: (//div[@data-cy='title-recipe'])[5]]
20:26:19 [TestNG-test-Test-1] INFO  verifyingProcessorSpeedFilterFunctionality_Mobile_20-15-38 - [verifyingProcessorSpeedFilterFunctionality_Mobile_20-15-38] Successfully scrolled to element: By.xpath: (//div[@data-cy='title-recipe'])[5]
20:26:19 [TestNG-test-Test-1] INFO  verifyingProcessorSpeedFilterFunctionality_Mobile_20-15-38 - [verifyingProcessorSpeedFilterFunctionality_Mobile_20-15-38] Getting product by index in productNameListingPage loop
20:26:20 [TestNG-test-Test-1] INFO  verifyingProcessorSpeedFilterFunctionality_Mobile_20-15-38 - [verifyingProcessorSpeedFilterFunctionality_Mobile_20-15-38] Opened product in new tab via Ctrl+Click inside productNameListingPage loop
20:26:20 [TestNG-test-Test-1] INFO  verifyingProcessorSpeedFilterFunctionality_Mobile_20-15-38 - [verifyingProcessorSpeedFilterFunctionality_Mobile_20-15-38] Waiting for new window to open...
20:26:20 [TestNG-test-Test-1] INFO  verifyingProcessorSpeedFilterFunctionality_Mobile_20-15-38 - [verifyingProcessorSpeedFilterFunctionality_Mobile_20-15-38] Switched to new window -> 47DCDE50EC83D9B7D605EBB143804F89
20:26:20 [TestNG-test-Test-1] INFO  verifyingProcessorSpeedFilterFunctionality_Mobile_20-15-38 - [verifyingProcessorSpeedFilterFunctionality_Mobile_20-15-38] Swithcing to the new window  within productNameListingPage loop
20:26:20 [TestNG-test-Test-1] INFO  verifyingProcessorSpeedFilterFunctionality_Mobile_20-15-38 - [verifyingProcessorSpeedFilterFunctionality_Mobile_20-15-38] Clicked product name to open in new tab from productNameListingPage loop
20:26:20 [TestNG-test-Test-1] INFO  verifyingProcessorSpeedFilterFunctionality_Mobile_20-15-38 - [verifyingProcessorSpeedFilterFunctionality_Mobile_20-15-38] Within safeFindElement method
20:26:23 [TestNG-test-Test-1] INFO  verifyingProcessorSpeedFilterFunctionality_Mobile_20-15-38 - [verifyingProcessorSpeedFilterFunctionality_Mobile_20-15-38]Found the element returning it ,element ->[[ChromeDriver: chrome on windows (75df211007e189f5b215228a304f9c27)] -> xpath: //span[@id='productTitle']]
20:26:23 [TestNG-test-Test-1] INFO  verifyingProcessorSpeedFilterFunctionality_Mobile_20-15-38 - [verifyingProcessorSpeedFilterFunctionality_Mobile_20-15-38] Within safeFindElement method
20:26:23 [TestNG-test-Test-1] INFO  verifyingProcessorSpeedFilterFunctionality_Mobile_20-15-38 - [verifyingProcessorSpeedFilterFunctionality_Mobile_20-15-38]Found the element returning it ,element ->[[ChromeDriver: chrome on windows (75df211007e189f5b215228a304f9c27)] -> xpath: //div[@class='a-section a-spacing-small a-spacing-top-small']]
20:26:23 [TestNG-test-Test-1] INFO  verifyingProcessorSpeedFilterFunctionality_Mobile_20-15-38 - [verifyingProcessorSpeedFilterFunctionality_Mobile_20-15-38] Within safeFindElement method
20:26:23 [TestNG-test-Test-1] INFO  verifyingProcessorSpeedFilterFunctionality_Mobile_20-15-38 - [verifyingProcessorSpeedFilterFunctionality_Mobile_20-15-38]Found the element returning it ,element ->[[ChromeDriver: chrome on windows (75df211007e189f5b215228a304f9c27)] -> xpath: //div[@id='feature-bullets']]
20:26:23 [TestNG-test-Test-1] INFO  verifyingProcessorSpeedFilterFunctionality_Mobile_20-15-38 - [verifyingProcessorSpeedFilterFunctionality_Mobile_20-15-38] Within safeFindElement method
20:26:24 [TestNG-test-Test-1] INFO  verifyingProcessorSpeedFilterFunctionality_Mobile_20-15-38 - [verifyingProcessorSpeedFilterFunctionality_Mobile_20-15-38]Found the element returning it ,element ->[[ChromeDriver: chrome on windows (75df211007e189f5b215228a304f9c27)] -> xpath: //div[@id='prodDetails']]
20:26:24 [TestNG-test-Test-1] INFO  verifyingProcessorSpeedFilterFunctionality_Mobile_20-15-38 - [verifyingProcessorSpeedFilterFunctionality_Mobile_20-15-38] Extracting 'name' , 'keyFeatures', 'about' , 'techDetails' within productNameListingPage loop
20:26:24 [TestNG-test-Test-1] INFO  verifyingProcessorSpeedFilterFunctionality_Mobile_20-15-38 - [verifyingProcessorSpeedFilterFunctionality_Mobile_20-15-38] Waiting until element is visible in viewport
20:26:34 [TestNG-test-Test-1] INFO  verifyingProcessorSpeedFilterFunctionality_Mobile_20-15-38 - [verifyingProcessorSpeedFilterFunctionality_Mobile_20-15-38] Within smoothScrollToElement method
20:26:34 [TestNG-test-Test-1] INFO  verifyingProcessorSpeedFilterFunctionality_Mobile_20-15-38 - [verifyingProcessorSpeedFilterFunctionality_Mobile_20-15-38] Within safeFindElement method
20:26:34 [TestNG-test-Test-1] INFO  verifyingProcessorSpeedFilterFunctionality_Mobile_20-15-38 - [verifyingProcessorSpeedFilterFunctionality_Mobile_20-15-38]Found the element returning it ,element ->[[ChromeDriver: chrome on windows (75df211007e189f5b215228a304f9c27)] -> xpath: //a[@id='seeMoreDetailsLink']]
20:26:34 [TestNG-test-Test-1] INFO  verifyingProcessorSpeedFilterFunctionality_Mobile_20-15-38 - [verifyingProcessorSpeedFilterFunctionality_Mobile_20-15-38] Successfully scrolled to element: By.xpath: //a[@id='seeMoreDetailsLink']
20:26:34 [TestNG-test-Test-1] INFO  verifyingProcessorSpeedFilterFunctionality_Mobile_20-15-38 - [verifyingProcessorSpeedFilterFunctionality_Mobile_20-15-38] Within safeClick method
20:26:34 [TestNG-test-Test-1] INFO  verifyingProcessorSpeedFilterFunctionality_Mobile_20-15-38 - [verifyingProcessorSpeedFilterFunctionality_Mobile_20-15-38] Clicked the  [[ChromeDriver: chrome on windows (75df211007e189f5b215228a304f9c27)] -> xpath: //a[@id='seeMoreDetailsLink']]   using safeClick
20:26:34 [TestNG-test-Test-1] INFO  verifyingProcessorSpeedFilterFunctionality_Mobile_20-15-38 - [verifyingProcessorSpeedFilterFunctionality_Mobile_20-15-38] Within try block for clicking see more deatils within productNameListingPage loop
20:26:34 [TestNG-test-Test-1] INFO  verifyingProcessorSpeedFilterFunctionality_Mobile_20-15-38 - [verifyingProcessorSpeedFilterFunctionality_Mobile_20-15-38] Within closeCurrentWindowAndSwitchBack method
20:26:34 [TestNG-test-Test-1] INFO  verifyingProcessorSpeedFilterFunctionality_Mobile_20-15-38 - [verifyingProcessorSpeedFilterFunctionality_Mobile_20-15-38] Total open windows/tabs count -> 2
20:26:34 [TestNG-test-Test-1] INFO  verifyingProcessorSpeedFilterFunctionality_Mobile_20-15-38 - [verifyingProcessorSpeedFilterFunctionality_Mobile_20-15-38] Original window handle -> CDCEAD40B14BD9DE795B8D6B5A8053F4
20:26:34 [TestNG-test-Test-1] INFO  verifyingProcessorSpeedFilterFunctionality_Mobile_20-15-38 - [verifyingProcessorSpeedFilterFunctionality_Mobile_20-15-38] Found new tab/window handle -> 47DCDE50EC83D9B7D605EBB143804F89 (will be closed)
20:26:34 [TestNG-test-Test-1] INFO  verifyingProcessorSpeedFilterFunctionality_Mobile_20-15-38 - [verifyingProcessorSpeedFilterFunctionality_Mobile_20-15-38] Successfully switched to new tab/window -> 47DCDE50EC83D9B7D605EBB143804F89
20:26:34 [TestNG-test-Test-1] INFO  verifyingProcessorSpeedFilterFunctionality_Mobile_20-15-38 - [verifyingProcessorSpeedFilterFunctionality_Mobile_20-15-38] Closed the newly opened tab/window -> 47DCDE50EC83D9B7D605EBB143804F89
20:26:34 [TestNG-test-Test-1] INFO  verifyingProcessorSpeedFilterFunctionality_Mobile_20-15-38 - [verifyingProcessorSpeedFilterFunctionality_Mobile_20-15-38] Switched back to the original window -> CDCEAD40B14BD9DE795B8D6B5A8053F4
20:26:34 [TestNG-test-Test-1] INFO  verifyingProcessorSpeedFilterFunctionality_Mobile_20-15-38 - [verifyingProcessorSpeedFilterFunctionality_Mobile_20-15-38]  going back to product listing via closeCurrentWindowAndSwitchBack 
20:26:34 [TestNG-test-Test-1] INFO  verifyingProcessorSpeedFilterFunctionality_Mobile_20-15-38 - [verifyingProcessorSpeedFilterFunctionality_Mobile_20-15-38]  Added 'filter','title','keyFeatures', 'about', 'techDetails' into the Map -> productResult
20:26:34 [TestNG-test-Test-1] INFO  verifyingProcessorSpeedFilterFunctionality_Mobile_20-15-38 - [verifyingProcessorSpeedFilterFunctionality_Mobile_20-15-38]  Added 'productResult' Map into the 'results' i.e list of maps 
20:26:34 [TestNG-test-Test-1] INFO  verifyingProcessorSpeedFilterFunctionality_Mobile_20-15-38 - [verifyingProcessorSpeedFilterFunctionality_Mobile_20-15-38]==========================================================================================================
20:26:34 [TestNG-test-Test-1] INFO  verifyingProcessorSpeedFilterFunctionality_Mobile_20-15-38 - [verifyingProcessorSpeedFilterFunctionality_Mobile_20-15-38] Within safeFindElements 
20:26:34 [TestNG-test-Test-1] INFO  verifyingProcessorSpeedFilterFunctionality_Mobile_20-15-38 - [verifyingProcessorSpeedFilterFunctionality_Mobile_20-15-38] Returning the  [[[ChromeDriver: chrome on windows (75df211007e189f5b215228a304f9c27)] -> xpath: //div[@data-cy='title-recipe']], [[ChromeDriver: chrome on windows (75df211007e189f5b215228a304f9c27)] -> xpath: //div[@data-cy='title-recipe']], [[ChromeDriver: chrome on windows (75df211007e189f5b215228a304f9c27)] -> xpath: //div[@data-cy='title-recipe']], [[ChromeDriver: chrome on windows (75df211007e189f5b215228a304f9c27)] -> xpath: //div[@data-cy='title-recipe']], [[ChromeDriver: chrome on windows (75df211007e189f5b215228a304f9c27)] -> xpath: //div[@data-cy='title-recipe']], [[ChromeDriver: chrome on windows (75df211007e189f5b215228a304f9c27)] -> xpath: //div[@data-cy='title-recipe']], [[ChromeDriver: chrome on windows (75df211007e189f5b215228a304f9c27)] -> xpath: //div[@data-cy='title-recipe']], [[ChromeDriver: chrome on windows (75df211007e189f5b215228a304f9c27)] -> xpath: //div[@data-cy='title-recipe']], [[ChromeDriver: chrome on windows (75df211007e189f5b215228a304f9c27)] -> xpath: //div[@data-cy='title-recipe']], [[ChromeDriver: chrome on windows (75df211007e189f5b215228a304f9c27)] -> xpath: //div[@data-cy='title-recipe']], [[ChromeDriver: chrome on windows (75df211007e189f5b215228a304f9c27)] -> xpath: //div[@data-cy='title-recipe']], [[ChromeDriver: chrome on windows (75df211007e189f5b215228a304f9c27)] -> xpath: //div[@data-cy='title-recipe']], [[ChromeDriver: chrome on windows (75df211007e189f5b215228a304f9c27)] -> xpath: //div[@data-cy='title-recipe']], [[ChromeDriver: chrome on windows (75df211007e189f5b215228a304f9c27)] -> xpath: //div[@data-cy='title-recipe']], [[ChromeDriver: chrome on windows (75df211007e189f5b215228a304f9c27)] -> xpath: //div[@data-cy='title-recipe']], [[ChromeDriver: chrome on windows (75df211007e189f5b215228a304f9c27)] -> xpath: //div[@data-cy='title-recipe']], [[ChromeDriver: chrome on windows (75df211007e189f5b215228a304f9c27)] -> xpath: //div[@data-cy='title-recipe']], [[ChromeDriver: chrome on windows (75df211007e189f5b215228a304f9c27)] -> xpath: //div[@data-cy='title-recipe']], [[ChromeDriver: chrome on windows (75df211007e189f5b215228a304f9c27)] -> xpath: //div[@data-cy='title-recipe']], [[ChromeDriver: chrome on windows (75df211007e189f5b215228a304f9c27)] -> xpath: //div[@data-cy='title-recipe']], [[ChromeDriver: chrome on windows (75df211007e189f5b215228a304f9c27)] -> xpath: //div[@data-cy='title-recipe']]] from the safeFindElements method
20:26:34 [TestNG-test-Test-1] INFO  verifyingProcessorSpeedFilterFunctionality_Mobile_20-15-38 - [verifyingProcessorSpeedFilterFunctionality_Mobile_20-15-38] Within productNameListingPage loop in applyFilterAndValidateProductsWithResult
20:26:34 [TestNG-test-Test-1] INFO  verifyingProcessorSpeedFilterFunctionality_Mobile_20-15-38 - [verifyingProcessorSpeedFilterFunctionality_Mobile_20-15-38] Within getProductByIndex method
20:26:34 [TestNG-test-Test-1] INFO  verifyingProcessorSpeedFilterFunctionality_Mobile_20-15-38 - [verifyingProcessorSpeedFilterFunctionality_Mobile_20-15-38] Within safeFindElement method
20:26:35 [TestNG-test-Test-1] INFO  verifyingProcessorSpeedFilterFunctionality_Mobile_20-15-38 - [verifyingProcessorSpeedFilterFunctionality_Mobile_20-15-38]Found the element returning it ,element ->[[ChromeDriver: chrome on windows (75df211007e189f5b215228a304f9c27)] -> xpath: (//div[@data-cy='title-recipe'])[6]]
20:26:35 [TestNG-test-Test-1] INFO  verifyingProcessorSpeedFilterFunctionality_Mobile_20-15-38 - [verifyingProcessorSpeedFilterFunctionality_Mobile_20-15-38] Within getProductByIndex method
20:26:35 [TestNG-test-Test-1] INFO  verifyingProcessorSpeedFilterFunctionality_Mobile_20-15-38 - [verifyingProcessorSpeedFilterFunctionality_Mobile_20-15-38] Within smoothScrollToElement method
20:26:35 [TestNG-test-Test-1] INFO  verifyingProcessorSpeedFilterFunctionality_Mobile_20-15-38 - [verifyingProcessorSpeedFilterFunctionality_Mobile_20-15-38] Within safeFindElement method
20:26:35 [TestNG-test-Test-1] INFO  verifyingProcessorSpeedFilterFunctionality_Mobile_20-15-38 - [verifyingProcessorSpeedFilterFunctionality_Mobile_20-15-38]Found the element returning it ,element ->[[ChromeDriver: chrome on windows (75df211007e189f5b215228a304f9c27)] -> xpath: (//div[@data-cy='title-recipe'])[6]]
20:26:35 [TestNG-test-Test-1] INFO  verifyingProcessorSpeedFilterFunctionality_Mobile_20-15-38 - [verifyingProcessorSpeedFilterFunctionality_Mobile_20-15-38] Successfully scrolled to element: By.xpath: (//div[@data-cy='title-recipe'])[6]
20:26:35 [TestNG-test-Test-1] INFO  verifyingProcessorSpeedFilterFunctionality_Mobile_20-15-38 - [verifyingProcessorSpeedFilterFunctionality_Mobile_20-15-38] Getting product by index in productNameListingPage loop
20:26:35 [TestNG-test-Test-1] INFO  verifyingProcessorSpeedFilterFunctionality_Mobile_20-15-38 - [verifyingProcessorSpeedFilterFunctionality_Mobile_20-15-38] Opened product in new tab via Ctrl+Click inside productNameListingPage loop
20:26:35 [TestNG-test-Test-1] INFO  verifyingProcessorSpeedFilterFunctionality_Mobile_20-15-38 - [verifyingProcessorSpeedFilterFunctionality_Mobile_20-15-38] Waiting for new window to open...
20:26:35 [TestNG-test-Test-1] INFO  verifyingProcessorSpeedFilterFunctionality_Mobile_20-15-38 - [verifyingProcessorSpeedFilterFunctionality_Mobile_20-15-38] Switched to new window -> 0CE3171FB525059679514C1EEBA8F0F6
20:26:35 [TestNG-test-Test-1] INFO  verifyingProcessorSpeedFilterFunctionality_Mobile_20-15-38 - [verifyingProcessorSpeedFilterFunctionality_Mobile_20-15-38] Swithcing to the new window  within productNameListingPage loop
20:26:35 [TestNG-test-Test-1] INFO  verifyingProcessorSpeedFilterFunctionality_Mobile_20-15-38 - [verifyingProcessorSpeedFilterFunctionality_Mobile_20-15-38] Clicked product name to open in new tab from productNameListingPage loop
20:26:35 [TestNG-test-Test-1] INFO  verifyingProcessorSpeedFilterFunctionality_Mobile_20-15-38 - [verifyingProcessorSpeedFilterFunctionality_Mobile_20-15-38] Within safeFindElement method
20:26:38 [TestNG-test-Test-1] INFO  verifyingProcessorSpeedFilterFunctionality_Mobile_20-15-38 - [verifyingProcessorSpeedFilterFunctionality_Mobile_20-15-38]Found the element returning it ,element ->[[ChromeDriver: chrome on windows (75df211007e189f5b215228a304f9c27)] -> xpath: //span[@id='productTitle']]
20:26:38 [TestNG-test-Test-1] INFO  verifyingProcessorSpeedFilterFunctionality_Mobile_20-15-38 - [verifyingProcessorSpeedFilterFunctionality_Mobile_20-15-38] Within safeFindElement method
20:26:38 [TestNG-test-Test-1] INFO  verifyingProcessorSpeedFilterFunctionality_Mobile_20-15-38 - [verifyingProcessorSpeedFilterFunctionality_Mobile_20-15-38]Found the element returning it ,element ->[[ChromeDriver: chrome on windows (75df211007e189f5b215228a304f9c27)] -> xpath: //div[@class='a-section a-spacing-small a-spacing-top-small']]
20:26:38 [TestNG-test-Test-1] INFO  verifyingProcessorSpeedFilterFunctionality_Mobile_20-15-38 - [verifyingProcessorSpeedFilterFunctionality_Mobile_20-15-38] Within safeFindElement method
20:26:38 [TestNG-test-Test-1] INFO  verifyingProcessorSpeedFilterFunctionality_Mobile_20-15-38 - [verifyingProcessorSpeedFilterFunctionality_Mobile_20-15-38]Found the element returning it ,element ->[[ChromeDriver: chrome on windows (75df211007e189f5b215228a304f9c27)] -> xpath: //div[@id='feature-bullets']]
20:26:38 [TestNG-test-Test-1] INFO  verifyingProcessorSpeedFilterFunctionality_Mobile_20-15-38 - [verifyingProcessorSpeedFilterFunctionality_Mobile_20-15-38] Within safeFindElement method
20:26:38 [TestNG-test-Test-1] INFO  verifyingProcessorSpeedFilterFunctionality_Mobile_20-15-38 - [verifyingProcessorSpeedFilterFunctionality_Mobile_20-15-38]Found the element returning it ,element ->[[ChromeDriver: chrome on windows (75df211007e189f5b215228a304f9c27)] -> xpath: //div[@id='prodDetails']]
20:26:38 [TestNG-test-Test-1] INFO  verifyingProcessorSpeedFilterFunctionality_Mobile_20-15-38 - [verifyingProcessorSpeedFilterFunctionality_Mobile_20-15-38] Extracting 'name' , 'keyFeatures', 'about' , 'techDetails' within productNameListingPage loop
20:26:38 [TestNG-test-Test-1] INFO  verifyingProcessorSpeedFilterFunctionality_Mobile_20-15-38 - [verifyingProcessorSpeedFilterFunctionality_Mobile_20-15-38] Waiting until element is visible in viewport
20:26:48 [TestNG-test-Test-1] INFO  verifyingProcessorSpeedFilterFunctionality_Mobile_20-15-38 - [verifyingProcessorSpeedFilterFunctionality_Mobile_20-15-38] Within smoothScrollToElement method
20:26:48 [TestNG-test-Test-1] INFO  verifyingProcessorSpeedFilterFunctionality_Mobile_20-15-38 - [verifyingProcessorSpeedFilterFunctionality_Mobile_20-15-38] Within safeFindElement method
20:26:48 [TestNG-test-Test-1] INFO  verifyingProcessorSpeedFilterFunctionality_Mobile_20-15-38 - [verifyingProcessorSpeedFilterFunctionality_Mobile_20-15-38]Found the element returning it ,element ->[[ChromeDriver: chrome on windows (75df211007e189f5b215228a304f9c27)] -> xpath: //a[@id='seeMoreDetailsLink']]
20:26:48 [TestNG-test-Test-1] INFO  verifyingProcessorSpeedFilterFunctionality_Mobile_20-15-38 - [verifyingProcessorSpeedFilterFunctionality_Mobile_20-15-38] Successfully scrolled to element: By.xpath: //a[@id='seeMoreDetailsLink']
20:26:48 [TestNG-test-Test-1] INFO  verifyingProcessorSpeedFilterFunctionality_Mobile_20-15-38 - [verifyingProcessorSpeedFilterFunctionality_Mobile_20-15-38] Within safeClick method
20:26:48 [TestNG-test-Test-1] INFO  verifyingProcessorSpeedFilterFunctionality_Mobile_20-15-38 - [verifyingProcessorSpeedFilterFunctionality_Mobile_20-15-38] Clicked the  [[ChromeDriver: chrome on windows (75df211007e189f5b215228a304f9c27)] -> xpath: //a[@id='seeMoreDetailsLink']]   using safeClick
20:26:48 [TestNG-test-Test-1] INFO  verifyingProcessorSpeedFilterFunctionality_Mobile_20-15-38 - [verifyingProcessorSpeedFilterFunctionality_Mobile_20-15-38] Within try block for clicking see more deatils within productNameListingPage loop
20:26:48 [TestNG-test-Test-1] INFO  verifyingProcessorSpeedFilterFunctionality_Mobile_20-15-38 - [verifyingProcessorSpeedFilterFunctionality_Mobile_20-15-38] Within closeCurrentWindowAndSwitchBack method
20:26:48 [TestNG-test-Test-1] INFO  verifyingProcessorSpeedFilterFunctionality_Mobile_20-15-38 - [verifyingProcessorSpeedFilterFunctionality_Mobile_20-15-38] Total open windows/tabs count -> 2
20:26:48 [TestNG-test-Test-1] INFO  verifyingProcessorSpeedFilterFunctionality_Mobile_20-15-38 - [verifyingProcessorSpeedFilterFunctionality_Mobile_20-15-38] Original window handle -> CDCEAD40B14BD9DE795B8D6B5A8053F4
20:26:48 [TestNG-test-Test-1] INFO  verifyingProcessorSpeedFilterFunctionality_Mobile_20-15-38 - [verifyingProcessorSpeedFilterFunctionality_Mobile_20-15-38] Found new tab/window handle -> 0CE3171FB525059679514C1EEBA8F0F6 (will be closed)
20:26:48 [TestNG-test-Test-1] INFO  verifyingProcessorSpeedFilterFunctionality_Mobile_20-15-38 - [verifyingProcessorSpeedFilterFunctionality_Mobile_20-15-38] Successfully switched to new tab/window -> 0CE3171FB525059679514C1EEBA8F0F6
20:26:49 [TestNG-test-Test-1] INFO  verifyingProcessorSpeedFilterFunctionality_Mobile_20-15-38 - [verifyingProcessorSpeedFilterFunctionality_Mobile_20-15-38] Closed the newly opened tab/window -> 0CE3171FB525059679514C1EEBA8F0F6
20:26:49 [TestNG-test-Test-1] INFO  verifyingProcessorSpeedFilterFunctionality_Mobile_20-15-38 - [verifyingProcessorSpeedFilterFunctionality_Mobile_20-15-38] Switched back to the original window -> CDCEAD40B14BD9DE795B8D6B5A8053F4
20:26:49 [TestNG-test-Test-1] INFO  verifyingProcessorSpeedFilterFunctionality_Mobile_20-15-38 - [verifyingProcessorSpeedFilterFunctionality_Mobile_20-15-38]  going back to product listing via closeCurrentWindowAndSwitchBack 
20:26:49 [TestNG-test-Test-1] INFO  verifyingProcessorSpeedFilterFunctionality_Mobile_20-15-38 - [verifyingProcessorSpeedFilterFunctionality_Mobile_20-15-38]  Added 'filter','title','keyFeatures', 'about', 'techDetails' into the Map -> productResult
20:26:49 [TestNG-test-Test-1] INFO  verifyingProcessorSpeedFilterFunctionality_Mobile_20-15-38 - [verifyingProcessorSpeedFilterFunctionality_Mobile_20-15-38]  Added 'productResult' Map into the 'results' i.e list of maps 
20:26:49 [TestNG-test-Test-1] INFO  verifyingProcessorSpeedFilterFunctionality_Mobile_20-15-38 - [verifyingProcessorSpeedFilterFunctionality_Mobile_20-15-38]==========================================================================================================
20:26:49 [TestNG-test-Test-1] INFO  verifyingProcessorSpeedFilterFunctionality_Mobile_20-15-38 - [verifyingProcessorSpeedFilterFunctionality_Mobile_20-15-38] Within safeFindElements 
20:26:49 [TestNG-test-Test-1] INFO  verifyingProcessorSpeedFilterFunctionality_Mobile_20-15-38 - [verifyingProcessorSpeedFilterFunctionality_Mobile_20-15-38] Returning the  [[[ChromeDriver: chrome on windows (75df211007e189f5b215228a304f9c27)] -> xpath: //div[@data-cy='title-recipe']], [[ChromeDriver: chrome on windows (75df211007e189f5b215228a304f9c27)] -> xpath: //div[@data-cy='title-recipe']], [[ChromeDriver: chrome on windows (75df211007e189f5b215228a304f9c27)] -> xpath: //div[@data-cy='title-recipe']], [[ChromeDriver: chrome on windows (75df211007e189f5b215228a304f9c27)] -> xpath: //div[@data-cy='title-recipe']], [[ChromeDriver: chrome on windows (75df211007e189f5b215228a304f9c27)] -> xpath: //div[@data-cy='title-recipe']], [[ChromeDriver: chrome on windows (75df211007e189f5b215228a304f9c27)] -> xpath: //div[@data-cy='title-recipe']], [[ChromeDriver: chrome on windows (75df211007e189f5b215228a304f9c27)] -> xpath: //div[@data-cy='title-recipe']], [[ChromeDriver: chrome on windows (75df211007e189f5b215228a304f9c27)] -> xpath: //div[@data-cy='title-recipe']], [[ChromeDriver: chrome on windows (75df211007e189f5b215228a304f9c27)] -> xpath: //div[@data-cy='title-recipe']], [[ChromeDriver: chrome on windows (75df211007e189f5b215228a304f9c27)] -> xpath: //div[@data-cy='title-recipe']], [[ChromeDriver: chrome on windows (75df211007e189f5b215228a304f9c27)] -> xpath: //div[@data-cy='title-recipe']], [[ChromeDriver: chrome on windows (75df211007e189f5b215228a304f9c27)] -> xpath: //div[@data-cy='title-recipe']], [[ChromeDriver: chrome on windows (75df211007e189f5b215228a304f9c27)] -> xpath: //div[@data-cy='title-recipe']], [[ChromeDriver: chrome on windows (75df211007e189f5b215228a304f9c27)] -> xpath: //div[@data-cy='title-recipe']], [[ChromeDriver: chrome on windows (75df211007e189f5b215228a304f9c27)] -> xpath: //div[@data-cy='title-recipe']], [[ChromeDriver: chrome on windows (75df211007e189f5b215228a304f9c27)] -> xpath: //div[@data-cy='title-recipe']], [[ChromeDriver: chrome on windows (75df211007e189f5b215228a304f9c27)] -> xpath: //div[@data-cy='title-recipe']], [[ChromeDriver: chrome on windows (75df211007e189f5b215228a304f9c27)] -> xpath: //div[@data-cy='title-recipe']], [[ChromeDriver: chrome on windows (75df211007e189f5b215228a304f9c27)] -> xpath: //div[@data-cy='title-recipe']], [[ChromeDriver: chrome on windows (75df211007e189f5b215228a304f9c27)] -> xpath: //div[@data-cy='title-recipe']], [[ChromeDriver: chrome on windows (75df211007e189f5b215228a304f9c27)] -> xpath: //div[@data-cy='title-recipe']]] from the safeFindElements method
20:26:49 [TestNG-test-Test-1] INFO  verifyingProcessorSpeedFilterFunctionality_Mobile_20-15-38 - [verifyingProcessorSpeedFilterFunctionality_Mobile_20-15-38] Within productNameListingPage loop in applyFilterAndValidateProductsWithResult
20:26:49 [TestNG-test-Test-1] INFO  verifyingProcessorSpeedFilterFunctionality_Mobile_20-15-38 - [verifyingProcessorSpeedFilterFunctionality_Mobile_20-15-38] Within getProductByIndex method
20:26:49 [TestNG-test-Test-1] INFO  verifyingProcessorSpeedFilterFunctionality_Mobile_20-15-38 - [verifyingProcessorSpeedFilterFunctionality_Mobile_20-15-38] Within safeFindElement method
20:26:54 [TestNG-test-Test-1] INFO  verifyingProcessorSpeedFilterFunctionality_Mobile_20-15-38 - [verifyingProcessorSpeedFilterFunctionality_Mobile_20-15-38]Retrying findElement for: ->By.xpath: (//div[@data-cy='title-recipe'])[7]
20:26:55 [TestNG-test-Test-1] INFO  verifyingProcessorSpeedFilterFunctionality_Mobile_20-15-38 - [verifyingProcessorSpeedFilterFunctionality_Mobile_20-15-38]Refrehsing the page , while trying to safely find : ->By.xpath: (//div[@data-cy='title-recipe'])[7]
20:26:56 [TestNG-test-Test-1] INFO  verifyingProcessorSpeedFilterFunctionality_Mobile_20-15-38 - [verifyingProcessorSpeedFilterFunctionality_Mobile_20-15-38]Found the element returning it ,element ->[[ChromeDriver: chrome on windows (75df211007e189f5b215228a304f9c27)] -> xpath: (//div[@data-cy='title-recipe'])[7]]
20:26:56 [TestNG-test-Test-1] INFO  verifyingProcessorSpeedFilterFunctionality_Mobile_20-15-38 - [verifyingProcessorSpeedFilterFunctionality_Mobile_20-15-38] Within getProductByIndex method
20:26:56 [TestNG-test-Test-1] INFO  verifyingProcessorSpeedFilterFunctionality_Mobile_20-15-38 - [verifyingProcessorSpeedFilterFunctionality_Mobile_20-15-38] Within smoothScrollToElement method
20:26:56 [TestNG-test-Test-1] INFO  verifyingProcessorSpeedFilterFunctionality_Mobile_20-15-38 - [verifyingProcessorSpeedFilterFunctionality_Mobile_20-15-38] Within safeFindElement method
20:26:56 [TestNG-test-Test-1] INFO  verifyingProcessorSpeedFilterFunctionality_Mobile_20-15-38 - [verifyingProcessorSpeedFilterFunctionality_Mobile_20-15-38]Found the element returning it ,element ->[[ChromeDriver: chrome on windows (75df211007e189f5b215228a304f9c27)] -> xpath: (//div[@data-cy='title-recipe'])[7]]
20:26:56 [TestNG-test-Test-1] INFO  verifyingProcessorSpeedFilterFunctionality_Mobile_20-15-38 - [verifyingProcessorSpeedFilterFunctionality_Mobile_20-15-38] Successfully scrolled to element: By.xpath: (//div[@data-cy='title-recipe'])[7]
20:26:56 [TestNG-test-Test-1] INFO  verifyingProcessorSpeedFilterFunctionality_Mobile_20-15-38 - [verifyingProcessorSpeedFilterFunctionality_Mobile_20-15-38] Getting product by index in productNameListingPage loop
20:26:56 [TestNG-test-Test-1] INFO  verifyingProcessorSpeedFilterFunctionality_Mobile_20-15-38 - [verifyingProcessorSpeedFilterFunctionality_Mobile_20-15-38] Opened product in new tab via Ctrl+Click inside productNameListingPage loop
20:26:56 [TestNG-test-Test-1] INFO  verifyingProcessorSpeedFilterFunctionality_Mobile_20-15-38 - [verifyingProcessorSpeedFilterFunctionality_Mobile_20-15-38] Waiting for new window to open...
20:26:56 [TestNG-test-Test-1] INFO  verifyingProcessorSpeedFilterFunctionality_Mobile_20-15-38 - [verifyingProcessorSpeedFilterFunctionality_Mobile_20-15-38] Switched to new window -> C5D597167BBEADAB44FE8C4922346CE0
20:26:56 [TestNG-test-Test-1] INFO  verifyingProcessorSpeedFilterFunctionality_Mobile_20-15-38 - [verifyingProcessorSpeedFilterFunctionality_Mobile_20-15-38] Swithcing to the new window  within productNameListingPage loop
20:26:56 [TestNG-test-Test-1] INFO  verifyingProcessorSpeedFilterFunctionality_Mobile_20-15-38 - [verifyingProcessorSpeedFilterFunctionality_Mobile_20-15-38] Clicked product name to open in new tab from productNameListingPage loop
20:26:56 [TestNG-test-Test-1] INFO  verifyingProcessorSpeedFilterFunctionality_Mobile_20-15-38 - [verifyingProcessorSpeedFilterFunctionality_Mobile_20-15-38] Within safeFindElement method
20:26:59 [TestNG-test-Test-1] INFO  verifyingProcessorSpeedFilterFunctionality_Mobile_20-15-38 - [verifyingProcessorSpeedFilterFunctionality_Mobile_20-15-38]Found the element returning it ,element ->[[ChromeDriver: chrome on windows (75df211007e189f5b215228a304f9c27)] -> xpath: //span[@id='productTitle']]
20:26:59 [TestNG-test-Test-1] INFO  verifyingProcessorSpeedFilterFunctionality_Mobile_20-15-38 - [verifyingProcessorSpeedFilterFunctionality_Mobile_20-15-38] Within safeFindElement method
20:26:59 [TestNG-test-Test-1] INFO  verifyingProcessorSpeedFilterFunctionality_Mobile_20-15-38 - [verifyingProcessorSpeedFilterFunctionality_Mobile_20-15-38]Found the element returning it ,element ->[[ChromeDriver: chrome on windows (75df211007e189f5b215228a304f9c27)] -> xpath: //div[@class='a-section a-spacing-small a-spacing-top-small']]
20:26:59 [TestNG-test-Test-1] INFO  verifyingProcessorSpeedFilterFunctionality_Mobile_20-15-38 - [verifyingProcessorSpeedFilterFunctionality_Mobile_20-15-38] Within safeFindElement method
20:26:59 [TestNG-test-Test-1] INFO  verifyingProcessorSpeedFilterFunctionality_Mobile_20-15-38 - [verifyingProcessorSpeedFilterFunctionality_Mobile_20-15-38]Found the element returning it ,element ->[[ChromeDriver: chrome on windows (75df211007e189f5b215228a304f9c27)] -> xpath: //div[@id='feature-bullets']]
20:26:59 [TestNG-test-Test-1] INFO  verifyingProcessorSpeedFilterFunctionality_Mobile_20-15-38 - [verifyingProcessorSpeedFilterFunctionality_Mobile_20-15-38] Within safeFindElement method
20:26:59 [TestNG-test-Test-1] INFO  verifyingProcessorSpeedFilterFunctionality_Mobile_20-15-38 - [verifyingProcessorSpeedFilterFunctionality_Mobile_20-15-38]Found the element returning it ,element ->[[ChromeDriver: chrome on windows (75df211007e189f5b215228a304f9c27)] -> xpath: //div[@id='prodDetails']]
20:26:59 [TestNG-test-Test-1] INFO  verifyingProcessorSpeedFilterFunctionality_Mobile_20-15-38 - [verifyingProcessorSpeedFilterFunctionality_Mobile_20-15-38] Extracting 'name' , 'keyFeatures', 'about' , 'techDetails' within productNameListingPage loop
20:26:59 [TestNG-test-Test-1] INFO  verifyingProcessorSpeedFilterFunctionality_Mobile_20-15-38 - [verifyingProcessorSpeedFilterFunctionality_Mobile_20-15-38] Waiting until element is visible in viewport
20:26:59 [TestNG-test-Test-1] INFO  verifyingProcessorSpeedFilterFunctionality_Mobile_20-15-38 - [verifyingProcessorSpeedFilterFunctionality_Mobile_20-15-38] Within smoothScrollToElement method
20:26:59 [TestNG-test-Test-1] INFO  verifyingProcessorSpeedFilterFunctionality_Mobile_20-15-38 - [verifyingProcessorSpeedFilterFunctionality_Mobile_20-15-38] Within safeFindElement method
20:26:59 [TestNG-test-Test-1] INFO  verifyingProcessorSpeedFilterFunctionality_Mobile_20-15-38 - [verifyingProcessorSpeedFilterFunctionality_Mobile_20-15-38]Found the element returning it ,element ->[[ChromeDriver: chrome on windows (75df211007e189f5b215228a304f9c27)] -> xpath: //a[@id='seeMoreDetailsLink']]
20:26:59 [TestNG-test-Test-1] INFO  verifyingProcessorSpeedFilterFunctionality_Mobile_20-15-38 - [verifyingProcessorSpeedFilterFunctionality_Mobile_20-15-38] Successfully scrolled to element: By.xpath: //a[@id='seeMoreDetailsLink']
20:26:59 [TestNG-test-Test-1] INFO  verifyingProcessorSpeedFilterFunctionality_Mobile_20-15-38 - [verifyingProcessorSpeedFilterFunctionality_Mobile_20-15-38] Within safeClick method
20:27:00 [TestNG-test-Test-1] INFO  verifyingProcessorSpeedFilterFunctionality_Mobile_20-15-38 - [verifyingProcessorSpeedFilterFunctionality_Mobile_20-15-38] Clicked the  [[ChromeDriver: chrome on windows (75df211007e189f5b215228a304f9c27)] -> xpath: //a[@id='seeMoreDetailsLink']]   using safeClick
20:27:00 [TestNG-test-Test-1] INFO  verifyingProcessorSpeedFilterFunctionality_Mobile_20-15-38 - [verifyingProcessorSpeedFilterFunctionality_Mobile_20-15-38] Within try block for clicking see more deatils within productNameListingPage loop
20:27:00 [TestNG-test-Test-1] INFO  verifyingProcessorSpeedFilterFunctionality_Mobile_20-15-38 - [verifyingProcessorSpeedFilterFunctionality_Mobile_20-15-38] Within closeCurrentWindowAndSwitchBack method
20:27:00 [TestNG-test-Test-1] INFO  verifyingProcessorSpeedFilterFunctionality_Mobile_20-15-38 - [verifyingProcessorSpeedFilterFunctionality_Mobile_20-15-38] Total open windows/tabs count -> 2
20:27:00 [TestNG-test-Test-1] INFO  verifyingProcessorSpeedFilterFunctionality_Mobile_20-15-38 - [verifyingProcessorSpeedFilterFunctionality_Mobile_20-15-38] Original window handle -> CDCEAD40B14BD9DE795B8D6B5A8053F4
20:27:00 [TestNG-test-Test-1] INFO  verifyingProcessorSpeedFilterFunctionality_Mobile_20-15-38 - [verifyingProcessorSpeedFilterFunctionality_Mobile_20-15-38] Found new tab/window handle -> C5D597167BBEADAB44FE8C4922346CE0 (will be closed)
20:27:00 [TestNG-test-Test-1] INFO  verifyingProcessorSpeedFilterFunctionality_Mobile_20-15-38 - [verifyingProcessorSpeedFilterFunctionality_Mobile_20-15-38] Successfully switched to new tab/window -> C5D597167BBEADAB44FE8C4922346CE0
20:27:00 [TestNG-test-Test-1] INFO  verifyingProcessorSpeedFilterFunctionality_Mobile_20-15-38 - [verifyingProcessorSpeedFilterFunctionality_Mobile_20-15-38] Closed the newly opened tab/window -> C5D597167BBEADAB44FE8C4922346CE0
20:27:00 [TestNG-test-Test-1] INFO  verifyingProcessorSpeedFilterFunctionality_Mobile_20-15-38 - [verifyingProcessorSpeedFilterFunctionality_Mobile_20-15-38] Switched back to the original window -> CDCEAD40B14BD9DE795B8D6B5A8053F4
20:27:00 [TestNG-test-Test-1] INFO  verifyingProcessorSpeedFilterFunctionality_Mobile_20-15-38 - [verifyingProcessorSpeedFilterFunctionality_Mobile_20-15-38]  going back to product listing via closeCurrentWindowAndSwitchBack 
20:27:00 [TestNG-test-Test-1] INFO  verifyingProcessorSpeedFilterFunctionality_Mobile_20-15-38 - [verifyingProcessorSpeedFilterFunctionality_Mobile_20-15-38]  Added 'filter','title','keyFeatures', 'about', 'techDetails' into the Map -> productResult
20:27:00 [TestNG-test-Test-1] INFO  verifyingProcessorSpeedFilterFunctionality_Mobile_20-15-38 - [verifyingProcessorSpeedFilterFunctionality_Mobile_20-15-38]  Added 'productResult' Map into the 'results' i.e list of maps 
20:27:00 [TestNG-test-Test-1] INFO  verifyingProcessorSpeedFilterFunctionality_Mobile_20-15-38 - [verifyingProcessorSpeedFilterFunctionality_Mobile_20-15-38]==========================================================================================================
20:27:00 [TestNG-test-Test-1] INFO  verifyingProcessorSpeedFilterFunctionality_Mobile_20-15-38 - [verifyingProcessorSpeedFilterFunctionality_Mobile_20-15-38] Within safeFindElements 
20:27:00 [TestNG-test-Test-1] INFO  verifyingProcessorSpeedFilterFunctionality_Mobile_20-15-38 - [verifyingProcessorSpeedFilterFunctionality_Mobile_20-15-38] Returning the  [[[ChromeDriver: chrome on windows (75df211007e189f5b215228a304f9c27)] -> xpath: //div[@data-cy='title-recipe']], [[ChromeDriver: chrome on windows (75df211007e189f5b215228a304f9c27)] -> xpath: //div[@data-cy='title-recipe']], [[ChromeDriver: chrome on windows (75df211007e189f5b215228a304f9c27)] -> xpath: //div[@data-cy='title-recipe']], [[ChromeDriver: chrome on windows (75df211007e189f5b215228a304f9c27)] -> xpath: //div[@data-cy='title-recipe']], [[ChromeDriver: chrome on windows (75df211007e189f5b215228a304f9c27)] -> xpath: //div[@data-cy='title-recipe']], [[ChromeDriver: chrome on windows (75df211007e189f5b215228a304f9c27)] -> xpath: //div[@data-cy='title-recipe']], [[ChromeDriver: chrome on windows (75df211007e189f5b215228a304f9c27)] -> xpath: //div[@data-cy='title-recipe']], [[ChromeDriver: chrome on windows (75df211007e189f5b215228a304f9c27)] -> xpath: //div[@data-cy='title-recipe']], [[ChromeDriver: chrome on windows (75df211007e189f5b215228a304f9c27)] -> xpath: //div[@data-cy='title-recipe']], [[ChromeDriver: chrome on windows (75df211007e189f5b215228a304f9c27)] -> xpath: //div[@data-cy='title-recipe']], [[ChromeDriver: chrome on windows (75df211007e189f5b215228a304f9c27)] -> xpath: //div[@data-cy='title-recipe']], [[ChromeDriver: chrome on windows (75df211007e189f5b215228a304f9c27)] -> xpath: //div[@data-cy='title-recipe']], [[ChromeDriver: chrome on windows (75df211007e189f5b215228a304f9c27)] -> xpath: //div[@data-cy='title-recipe']], [[ChromeDriver: chrome on windows (75df211007e189f5b215228a304f9c27)] -> xpath: //div[@data-cy='title-recipe']], [[ChromeDriver: chrome on windows (75df211007e189f5b215228a304f9c27)] -> xpath: //div[@data-cy='title-recipe']], [[ChromeDriver: chrome on windows (75df211007e189f5b215228a304f9c27)] -> xpath: //div[@data-cy='title-recipe']]] from the safeFindElements method
20:27:00 [TestNG-test-Test-1] INFO  verifyingProcessorSpeedFilterFunctionality_Mobile_20-15-38 - [verifyingProcessorSpeedFilterFunctionality_Mobile_20-15-38] Within productNameListingPage loop in applyFilterAndValidateProductsWithResult
20:27:00 [TestNG-test-Test-1] INFO  verifyingProcessorSpeedFilterFunctionality_Mobile_20-15-38 - [verifyingProcessorSpeedFilterFunctionality_Mobile_20-15-38] Within getProductByIndex method
20:27:00 [TestNG-test-Test-1] INFO  verifyingProcessorSpeedFilterFunctionality_Mobile_20-15-38 - [verifyingProcessorSpeedFilterFunctionality_Mobile_20-15-38] Within safeFindElement method
20:27:00 [TestNG-test-Test-1] INFO  verifyingProcessorSpeedFilterFunctionality_Mobile_20-15-38 - [verifyingProcessorSpeedFilterFunctionality_Mobile_20-15-38]Found the element returning it ,element ->[[ChromeDriver: chrome on windows (75df211007e189f5b215228a304f9c27)] -> xpath: (//div[@data-cy='title-recipe'])[8]]
20:27:00 [TestNG-test-Test-1] INFO  verifyingProcessorSpeedFilterFunctionality_Mobile_20-15-38 - [verifyingProcessorSpeedFilterFunctionality_Mobile_20-15-38] Within getProductByIndex method
20:27:00 [TestNG-test-Test-1] INFO  verifyingProcessorSpeedFilterFunctionality_Mobile_20-15-38 - [verifyingProcessorSpeedFilterFunctionality_Mobile_20-15-38] Within smoothScrollToElement method
20:27:00 [TestNG-test-Test-1] INFO  verifyingProcessorSpeedFilterFunctionality_Mobile_20-15-38 - [verifyingProcessorSpeedFilterFunctionality_Mobile_20-15-38] Within safeFindElement method
20:27:00 [TestNG-test-Test-1] INFO  verifyingProcessorSpeedFilterFunctionality_Mobile_20-15-38 - [verifyingProcessorSpeedFilterFunctionality_Mobile_20-15-38]Found the element returning it ,element ->[[ChromeDriver: chrome on windows (75df211007e189f5b215228a304f9c27)] -> xpath: (//div[@data-cy='title-recipe'])[8]]
20:27:00 [TestNG-test-Test-1] INFO  verifyingProcessorSpeedFilterFunctionality_Mobile_20-15-38 - [verifyingProcessorSpeedFilterFunctionality_Mobile_20-15-38] Successfully scrolled to element: By.xpath: (//div[@data-cy='title-recipe'])[8]
20:27:00 [TestNG-test-Test-1] INFO  verifyingProcessorSpeedFilterFunctionality_Mobile_20-15-38 - [verifyingProcessorSpeedFilterFunctionality_Mobile_20-15-38] Getting product by index in productNameListingPage loop
20:27:00 [TestNG-test-Test-1] INFO  verifyingProcessorSpeedFilterFunctionality_Mobile_20-15-38 - [verifyingProcessorSpeedFilterFunctionality_Mobile_20-15-38] Opened product in new tab via Ctrl+Click inside productNameListingPage loop
20:27:00 [TestNG-test-Test-1] INFO  verifyingProcessorSpeedFilterFunctionality_Mobile_20-15-38 - [verifyingProcessorSpeedFilterFunctionality_Mobile_20-15-38] Waiting for new window to open...
20:27:00 [TestNG-test-Test-1] INFO  verifyingProcessorSpeedFilterFunctionality_Mobile_20-15-38 - [verifyingProcessorSpeedFilterFunctionality_Mobile_20-15-38] Switched to new window -> BDBB975B04131A25BB640526FD28A680
20:27:00 [TestNG-test-Test-1] INFO  verifyingProcessorSpeedFilterFunctionality_Mobile_20-15-38 - [verifyingProcessorSpeedFilterFunctionality_Mobile_20-15-38] Swithcing to the new window  within productNameListingPage loop
20:27:00 [TestNG-test-Test-1] INFO  verifyingProcessorSpeedFilterFunctionality_Mobile_20-15-38 - [verifyingProcessorSpeedFilterFunctionality_Mobile_20-15-38] Clicked product name to open in new tab from productNameListingPage loop
20:27:00 [TestNG-test-Test-1] INFO  verifyingProcessorSpeedFilterFunctionality_Mobile_20-15-38 - [verifyingProcessorSpeedFilterFunctionality_Mobile_20-15-38] Within safeFindElement method
20:27:04 [TestNG-test-Test-1] INFO  verifyingProcessorSpeedFilterFunctionality_Mobile_20-15-38 - [verifyingProcessorSpeedFilterFunctionality_Mobile_20-15-38]Found the element returning it ,element ->[[ChromeDriver: chrome on windows (75df211007e189f5b215228a304f9c27)] -> xpath: //span[@id='productTitle']]
20:27:04 [TestNG-test-Test-1] INFO  verifyingProcessorSpeedFilterFunctionality_Mobile_20-15-38 - [verifyingProcessorSpeedFilterFunctionality_Mobile_20-15-38] Within safeFindElement method
20:27:04 [TestNG-test-Test-1] INFO  verifyingProcessorSpeedFilterFunctionality_Mobile_20-15-38 - [verifyingProcessorSpeedFilterFunctionality_Mobile_20-15-38]Found the element returning it ,element ->[[ChromeDriver: chrome on windows (75df211007e189f5b215228a304f9c27)] -> xpath: //div[@class='a-section a-spacing-small a-spacing-top-small']]
20:27:04 [TestNG-test-Test-1] INFO  verifyingProcessorSpeedFilterFunctionality_Mobile_20-15-38 - [verifyingProcessorSpeedFilterFunctionality_Mobile_20-15-38] Within safeFindElement method
20:27:04 [TestNG-test-Test-1] INFO  verifyingProcessorSpeedFilterFunctionality_Mobile_20-15-38 - [verifyingProcessorSpeedFilterFunctionality_Mobile_20-15-38]Found the element returning it ,element ->[[ChromeDriver: chrome on windows (75df211007e189f5b215228a304f9c27)] -> xpath: //div[@id='feature-bullets']]
20:27:04 [TestNG-test-Test-1] INFO  verifyingProcessorSpeedFilterFunctionality_Mobile_20-15-38 - [verifyingProcessorSpeedFilterFunctionality_Mobile_20-15-38] Within safeFindElement method
20:27:04 [TestNG-test-Test-1] INFO  verifyingProcessorSpeedFilterFunctionality_Mobile_20-15-38 - [verifyingProcessorSpeedFilterFunctionality_Mobile_20-15-38]Found the element returning it ,element ->[[ChromeDriver: chrome on windows (75df211007e189f5b215228a304f9c27)] -> xpath: //div[@id='prodDetails']]
20:27:04 [TestNG-test-Test-1] INFO  verifyingProcessorSpeedFilterFunctionality_Mobile_20-15-38 - [verifyingProcessorSpeedFilterFunctionality_Mobile_20-15-38] Extracting 'name' , 'keyFeatures', 'about' , 'techDetails' within productNameListingPage loop
20:27:04 [TestNG-test-Test-1] INFO  verifyingProcessorSpeedFilterFunctionality_Mobile_20-15-38 - [verifyingProcessorSpeedFilterFunctionality_Mobile_20-15-38] Waiting until element is visible in viewport
20:27:15 [TestNG-test-Test-1] INFO  verifyingProcessorSpeedFilterFunctionality_Mobile_20-15-38 - [verifyingProcessorSpeedFilterFunctionality_Mobile_20-15-38] Within smoothScrollToElement method
20:27:15 [TestNG-test-Test-1] INFO  verifyingProcessorSpeedFilterFunctionality_Mobile_20-15-38 - [verifyingProcessorSpeedFilterFunctionality_Mobile_20-15-38] Within safeFindElement method
20:27:15 [TestNG-test-Test-1] INFO  verifyingProcessorSpeedFilterFunctionality_Mobile_20-15-38 - [verifyingProcessorSpeedFilterFunctionality_Mobile_20-15-38]Found the element returning it ,element ->[[ChromeDriver: chrome on windows (75df211007e189f5b215228a304f9c27)] -> xpath: //a[@id='seeMoreDetailsLink']]
20:27:15 [TestNG-test-Test-1] INFO  verifyingProcessorSpeedFilterFunctionality_Mobile_20-15-38 - [verifyingProcessorSpeedFilterFunctionality_Mobile_20-15-38] Successfully scrolled to element: By.xpath: //a[@id='seeMoreDetailsLink']
20:27:15 [TestNG-test-Test-1] INFO  verifyingProcessorSpeedFilterFunctionality_Mobile_20-15-38 - [verifyingProcessorSpeedFilterFunctionality_Mobile_20-15-38] Within safeClick method
20:27:15 [TestNG-test-Test-1] INFO  verifyingProcessorSpeedFilterFunctionality_Mobile_20-15-38 - [verifyingProcessorSpeedFilterFunctionality_Mobile_20-15-38] Clicked the  [[ChromeDriver: chrome on windows (75df211007e189f5b215228a304f9c27)] -> xpath: //a[@id='seeMoreDetailsLink']]   using safeClick
20:27:15 [TestNG-test-Test-1] INFO  verifyingProcessorSpeedFilterFunctionality_Mobile_20-15-38 - [verifyingProcessorSpeedFilterFunctionality_Mobile_20-15-38] Within try block for clicking see more deatils within productNameListingPage loop
20:27:15 [TestNG-test-Test-1] INFO  verifyingProcessorSpeedFilterFunctionality_Mobile_20-15-38 - [verifyingProcessorSpeedFilterFunctionality_Mobile_20-15-38] Within closeCurrentWindowAndSwitchBack method
20:27:15 [TestNG-test-Test-1] INFO  verifyingProcessorSpeedFilterFunctionality_Mobile_20-15-38 - [verifyingProcessorSpeedFilterFunctionality_Mobile_20-15-38] Total open windows/tabs count -> 2
20:27:15 [TestNG-test-Test-1] INFO  verifyingProcessorSpeedFilterFunctionality_Mobile_20-15-38 - [verifyingProcessorSpeedFilterFunctionality_Mobile_20-15-38] Original window handle -> CDCEAD40B14BD9DE795B8D6B5A8053F4
20:27:15 [TestNG-test-Test-1] INFO  verifyingProcessorSpeedFilterFunctionality_Mobile_20-15-38 - [verifyingProcessorSpeedFilterFunctionality_Mobile_20-15-38] Found new tab/window handle -> BDBB975B04131A25BB640526FD28A680 (will be closed)
20:27:15 [TestNG-test-Test-1] INFO  verifyingProcessorSpeedFilterFunctionality_Mobile_20-15-38 - [verifyingProcessorSpeedFilterFunctionality_Mobile_20-15-38] Successfully switched to new tab/window -> BDBB975B04131A25BB640526FD28A680
20:27:15 [TestNG-test-Test-1] INFO  verifyingProcessorSpeedFilterFunctionality_Mobile_20-15-38 - [verifyingProcessorSpeedFilterFunctionality_Mobile_20-15-38] Closed the newly opened tab/window -> BDBB975B04131A25BB640526FD28A680
20:27:15 [TestNG-test-Test-1] INFO  verifyingProcessorSpeedFilterFunctionality_Mobile_20-15-38 - [verifyingProcessorSpeedFilterFunctionality_Mobile_20-15-38] Switched back to the original window -> CDCEAD40B14BD9DE795B8D6B5A8053F4
20:27:15 [TestNG-test-Test-1] INFO  verifyingProcessorSpeedFilterFunctionality_Mobile_20-15-38 - [verifyingProcessorSpeedFilterFunctionality_Mobile_20-15-38]  going back to product listing via closeCurrentWindowAndSwitchBack 
20:27:15 [TestNG-test-Test-1] INFO  verifyingProcessorSpeedFilterFunctionality_Mobile_20-15-38 - [verifyingProcessorSpeedFilterFunctionality_Mobile_20-15-38]  Added 'filter','title','keyFeatures', 'about', 'techDetails' into the Map -> productResult
20:27:15 [TestNG-test-Test-1] INFO  verifyingProcessorSpeedFilterFunctionality_Mobile_20-15-38 - [verifyingProcessorSpeedFilterFunctionality_Mobile_20-15-38]  Added 'productResult' Map into the 'results' i.e list of maps 
20:27:15 [TestNG-test-Test-1] INFO  verifyingProcessorSpeedFilterFunctionality_Mobile_20-15-38 - [verifyingProcessorSpeedFilterFunctionality_Mobile_20-15-38]==========================================================================================================
20:27:15 [TestNG-test-Test-1] INFO  verifyingProcessorSpeedFilterFunctionality_Mobile_20-15-38 - [verifyingProcessorSpeedFilterFunctionality_Mobile_20-15-38] Within safeFindElements 
20:27:15 [TestNG-test-Test-1] INFO  verifyingProcessorSpeedFilterFunctionality_Mobile_20-15-38 - [verifyingProcessorSpeedFilterFunctionality_Mobile_20-15-38] Returning the  [[[ChromeDriver: chrome on windows (75df211007e189f5b215228a304f9c27)] -> xpath: //div[@data-cy='title-recipe']], [[ChromeDriver: chrome on windows (75df211007e189f5b215228a304f9c27)] -> xpath: //div[@data-cy='title-recipe']], [[ChromeDriver: chrome on windows (75df211007e189f5b215228a304f9c27)] -> xpath: //div[@data-cy='title-recipe']], [[ChromeDriver: chrome on windows (75df211007e189f5b215228a304f9c27)] -> xpath: //div[@data-cy='title-recipe']], [[ChromeDriver: chrome on windows (75df211007e189f5b215228a304f9c27)] -> xpath: //div[@data-cy='title-recipe']], [[ChromeDriver: chrome on windows (75df211007e189f5b215228a304f9c27)] -> xpath: //div[@data-cy='title-recipe']], [[ChromeDriver: chrome on windows (75df211007e189f5b215228a304f9c27)] -> xpath: //div[@data-cy='title-recipe']], [[ChromeDriver: chrome on windows (75df211007e189f5b215228a304f9c27)] -> xpath: //div[@data-cy='title-recipe']], [[ChromeDriver: chrome on windows (75df211007e189f5b215228a304f9c27)] -> xpath: //div[@data-cy='title-recipe']], [[ChromeDriver: chrome on windows (75df211007e189f5b215228a304f9c27)] -> xpath: //div[@data-cy='title-recipe']], [[ChromeDriver: chrome on windows (75df211007e189f5b215228a304f9c27)] -> xpath: //div[@data-cy='title-recipe']], [[ChromeDriver: chrome on windows (75df211007e189f5b215228a304f9c27)] -> xpath: //div[@data-cy='title-recipe']], [[ChromeDriver: chrome on windows (75df211007e189f5b215228a304f9c27)] -> xpath: //div[@data-cy='title-recipe']], [[ChromeDriver: chrome on windows (75df211007e189f5b215228a304f9c27)] -> xpath: //div[@data-cy='title-recipe']], [[ChromeDriver: chrome on windows (75df211007e189f5b215228a304f9c27)] -> xpath: //div[@data-cy='title-recipe']], [[ChromeDriver: chrome on windows (75df211007e189f5b215228a304f9c27)] -> xpath: //div[@data-cy='title-recipe']]] from the safeFindElements method
20:27:15 [TestNG-test-Test-1] INFO  verifyingProcessorSpeedFilterFunctionality_Mobile_20-15-38 - [verifyingProcessorSpeedFilterFunctionality_Mobile_20-15-38] Within productNameListingPage loop in applyFilterAndValidateProductsWithResult
20:27:15 [TestNG-test-Test-1] INFO  verifyingProcessorSpeedFilterFunctionality_Mobile_20-15-38 - [verifyingProcessorSpeedFilterFunctionality_Mobile_20-15-38] Within getProductByIndex method
20:27:15 [TestNG-test-Test-1] INFO  verifyingProcessorSpeedFilterFunctionality_Mobile_20-15-38 - [verifyingProcessorSpeedFilterFunctionality_Mobile_20-15-38] Within safeFindElement method
20:27:16 [TestNG-test-Test-1] INFO  verifyingProcessorSpeedFilterFunctionality_Mobile_20-15-38 - [verifyingProcessorSpeedFilterFunctionality_Mobile_20-15-38]Found the element returning it ,element ->[[ChromeDriver: chrome on windows (75df211007e189f5b215228a304f9c27)] -> xpath: (//div[@data-cy='title-recipe'])[9]]
20:27:16 [TestNG-test-Test-1] INFO  verifyingProcessorSpeedFilterFunctionality_Mobile_20-15-38 - [verifyingProcessorSpeedFilterFunctionality_Mobile_20-15-38] Within getProductByIndex method
20:27:16 [TestNG-test-Test-1] INFO  verifyingProcessorSpeedFilterFunctionality_Mobile_20-15-38 - [verifyingProcessorSpeedFilterFunctionality_Mobile_20-15-38] Within smoothScrollToElement method
20:27:16 [TestNG-test-Test-1] INFO  verifyingProcessorSpeedFilterFunctionality_Mobile_20-15-38 - [verifyingProcessorSpeedFilterFunctionality_Mobile_20-15-38] Within safeFindElement method
20:27:16 [TestNG-test-Test-1] INFO  verifyingProcessorSpeedFilterFunctionality_Mobile_20-15-38 - [verifyingProcessorSpeedFilterFunctionality_Mobile_20-15-38]Found the element returning it ,element ->[[ChromeDriver: chrome on windows (75df211007e189f5b215228a304f9c27)] -> xpath: (//div[@data-cy='title-recipe'])[9]]
20:27:16 [TestNG-test-Test-1] INFO  verifyingProcessorSpeedFilterFunctionality_Mobile_20-15-38 - [verifyingProcessorSpeedFilterFunctionality_Mobile_20-15-38] Successfully scrolled to element: By.xpath: (//div[@data-cy='title-recipe'])[9]
20:27:16 [TestNG-test-Test-1] INFO  verifyingProcessorSpeedFilterFunctionality_Mobile_20-15-38 - [verifyingProcessorSpeedFilterFunctionality_Mobile_20-15-38] Getting product by index in productNameListingPage loop
20:27:16 [TestNG-test-Test-1] INFO  verifyingProcessorSpeedFilterFunctionality_Mobile_20-15-38 - [verifyingProcessorSpeedFilterFunctionality_Mobile_20-15-38] Opened product in new tab via Ctrl+Click inside productNameListingPage loop
20:27:16 [TestNG-test-Test-1] INFO  verifyingProcessorSpeedFilterFunctionality_Mobile_20-15-38 - [verifyingProcessorSpeedFilterFunctionality_Mobile_20-15-38] Waiting for new window to open...
20:27:16 [TestNG-test-Test-1] INFO  verifyingProcessorSpeedFilterFunctionality_Mobile_20-15-38 - [verifyingProcessorSpeedFilterFunctionality_Mobile_20-15-38] Switched to new window -> F0685DF54F9857E2E0BD49040ED874CB
20:27:16 [TestNG-test-Test-1] INFO  verifyingProcessorSpeedFilterFunctionality_Mobile_20-15-38 - [verifyingProcessorSpeedFilterFunctionality_Mobile_20-15-38] Swithcing to the new window  within productNameListingPage loop
20:27:16 [TestNG-test-Test-1] INFO  verifyingProcessorSpeedFilterFunctionality_Mobile_20-15-38 - [verifyingProcessorSpeedFilterFunctionality_Mobile_20-15-38] Clicked product name to open in new tab from productNameListingPage loop
20:27:16 [TestNG-test-Test-1] INFO  verifyingProcessorSpeedFilterFunctionality_Mobile_20-15-38 - [verifyingProcessorSpeedFilterFunctionality_Mobile_20-15-38] Within safeFindElement method
20:27:18 [TestNG-test-Test-1] INFO  verifyingProcessorSpeedFilterFunctionality_Mobile_20-15-38 - [verifyingProcessorSpeedFilterFunctionality_Mobile_20-15-38]Found the element returning it ,element ->[[ChromeDriver: chrome on windows (75df211007e189f5b215228a304f9c27)] -> xpath: //span[@id='productTitle']]
20:27:18 [TestNG-test-Test-1] INFO  verifyingProcessorSpeedFilterFunctionality_Mobile_20-15-38 - [verifyingProcessorSpeedFilterFunctionality_Mobile_20-15-38] Within safeFindElement method
20:27:18 [TestNG-test-Test-1] INFO  verifyingProcessorSpeedFilterFunctionality_Mobile_20-15-38 - [verifyingProcessorSpeedFilterFunctionality_Mobile_20-15-38]Found the element returning it ,element ->[[ChromeDriver: chrome on windows (75df211007e189f5b215228a304f9c27)] -> xpath: //div[@class='a-section a-spacing-small a-spacing-top-small']]
20:27:18 [TestNG-test-Test-1] INFO  verifyingProcessorSpeedFilterFunctionality_Mobile_20-15-38 - [verifyingProcessorSpeedFilterFunctionality_Mobile_20-15-38] Within safeFindElement method
20:27:18 [TestNG-test-Test-1] INFO  verifyingProcessorSpeedFilterFunctionality_Mobile_20-15-38 - [verifyingProcessorSpeedFilterFunctionality_Mobile_20-15-38]Found the element returning it ,element ->[[ChromeDriver: chrome on windows (75df211007e189f5b215228a304f9c27)] -> xpath: //div[@id='feature-bullets']]
20:27:18 [TestNG-test-Test-1] INFO  verifyingProcessorSpeedFilterFunctionality_Mobile_20-15-38 - [verifyingProcessorSpeedFilterFunctionality_Mobile_20-15-38] Within safeFindElement method
20:27:18 [TestNG-test-Test-1] INFO  verifyingProcessorSpeedFilterFunctionality_Mobile_20-15-38 - [verifyingProcessorSpeedFilterFunctionality_Mobile_20-15-38]Found the element returning it ,element ->[[ChromeDriver: chrome on windows (75df211007e189f5b215228a304f9c27)] -> xpath: //div[@id='prodDetails']]
20:27:19 [TestNG-test-Test-1] INFO  verifyingProcessorSpeedFilterFunctionality_Mobile_20-15-38 - [verifyingProcessorSpeedFilterFunctionality_Mobile_20-15-38] Extracting 'name' , 'keyFeatures', 'about' , 'techDetails' within productNameListingPage loop
20:27:19 [TestNG-test-Test-1] INFO  verifyingProcessorSpeedFilterFunctionality_Mobile_20-15-38 - [verifyingProcessorSpeedFilterFunctionality_Mobile_20-15-38] Waiting until element is visible in viewport
20:27:29 [TestNG-test-Test-1] INFO  verifyingProcessorSpeedFilterFunctionality_Mobile_20-15-38 - [verifyingProcessorSpeedFilterFunctionality_Mobile_20-15-38] Within smoothScrollToElement method
20:27:29 [TestNG-test-Test-1] INFO  verifyingProcessorSpeedFilterFunctionality_Mobile_20-15-38 - [verifyingProcessorSpeedFilterFunctionality_Mobile_20-15-38] Within safeFindElement method
20:27:29 [TestNG-test-Test-1] INFO  verifyingProcessorSpeedFilterFunctionality_Mobile_20-15-38 - [verifyingProcessorSpeedFilterFunctionality_Mobile_20-15-38]Found the element returning it ,element ->[[ChromeDriver: chrome on windows (75df211007e189f5b215228a304f9c27)] -> xpath: //a[@id='seeMoreDetailsLink']]
20:27:29 [TestNG-test-Test-1] INFO  verifyingProcessorSpeedFilterFunctionality_Mobile_20-15-38 - [verifyingProcessorSpeedFilterFunctionality_Mobile_20-15-38] Successfully scrolled to element: By.xpath: //a[@id='seeMoreDetailsLink']
20:27:29 [TestNG-test-Test-1] INFO  verifyingProcessorSpeedFilterFunctionality_Mobile_20-15-38 - [verifyingProcessorSpeedFilterFunctionality_Mobile_20-15-38] Within safeClick method
20:27:29 [TestNG-test-Test-1] INFO  verifyingProcessorSpeedFilterFunctionality_Mobile_20-15-38 - [verifyingProcessorSpeedFilterFunctionality_Mobile_20-15-38] Clicked the  [[ChromeDriver: chrome on windows (75df211007e189f5b215228a304f9c27)] -> xpath: //a[@id='seeMoreDetailsLink']]   using safeClick
20:27:29 [TestNG-test-Test-1] INFO  verifyingProcessorSpeedFilterFunctionality_Mobile_20-15-38 - [verifyingProcessorSpeedFilterFunctionality_Mobile_20-15-38] Within try block for clicking see more deatils within productNameListingPage loop
20:27:29 [TestNG-test-Test-1] INFO  verifyingProcessorSpeedFilterFunctionality_Mobile_20-15-38 - [verifyingProcessorSpeedFilterFunctionality_Mobile_20-15-38] Within closeCurrentWindowAndSwitchBack method
20:27:29 [TestNG-test-Test-1] INFO  verifyingProcessorSpeedFilterFunctionality_Mobile_20-15-38 - [verifyingProcessorSpeedFilterFunctionality_Mobile_20-15-38] Total open windows/tabs count -> 2
20:27:29 [TestNG-test-Test-1] INFO  verifyingProcessorSpeedFilterFunctionality_Mobile_20-15-38 - [verifyingProcessorSpeedFilterFunctionality_Mobile_20-15-38] Original window handle -> CDCEAD40B14BD9DE795B8D6B5A8053F4
20:27:29 [TestNG-test-Test-1] INFO  verifyingProcessorSpeedFilterFunctionality_Mobile_20-15-38 - [verifyingProcessorSpeedFilterFunctionality_Mobile_20-15-38] Found new tab/window handle -> F0685DF54F9857E2E0BD49040ED874CB (will be closed)
20:27:29 [TestNG-test-Test-1] INFO  verifyingProcessorSpeedFilterFunctionality_Mobile_20-15-38 - [verifyingProcessorSpeedFilterFunctionality_Mobile_20-15-38] Successfully switched to new tab/window -> F0685DF54F9857E2E0BD49040ED874CB
20:27:29 [TestNG-test-Test-1] INFO  verifyingProcessorSpeedFilterFunctionality_Mobile_20-15-38 - [verifyingProcessorSpeedFilterFunctionality_Mobile_20-15-38] Closed the newly opened tab/window -> F0685DF54F9857E2E0BD49040ED874CB
20:27:29 [TestNG-test-Test-1] INFO  verifyingProcessorSpeedFilterFunctionality_Mobile_20-15-38 - [verifyingProcessorSpeedFilterFunctionality_Mobile_20-15-38] Switched back to the original window -> CDCEAD40B14BD9DE795B8D6B5A8053F4
20:27:29 [TestNG-test-Test-1] INFO  verifyingProcessorSpeedFilterFunctionality_Mobile_20-15-38 - [verifyingProcessorSpeedFilterFunctionality_Mobile_20-15-38]  going back to product listing via closeCurrentWindowAndSwitchBack 
20:27:29 [TestNG-test-Test-1] INFO  verifyingProcessorSpeedFilterFunctionality_Mobile_20-15-38 - [verifyingProcessorSpeedFilterFunctionality_Mobile_20-15-38]  Added 'filter','title','keyFeatures', 'about', 'techDetails' into the Map -> productResult
20:27:29 [TestNG-test-Test-1] INFO  verifyingProcessorSpeedFilterFunctionality_Mobile_20-15-38 - [verifyingProcessorSpeedFilterFunctionality_Mobile_20-15-38]  Added 'productResult' Map into the 'results' i.e list of maps 
20:27:29 [TestNG-test-Test-1] INFO  verifyingProcessorSpeedFilterFunctionality_Mobile_20-15-38 - [verifyingProcessorSpeedFilterFunctionality_Mobile_20-15-38]==========================================================================================================
20:27:29 [TestNG-test-Test-1] INFO  verifyingProcessorSpeedFilterFunctionality_Mobile_20-15-38 - [verifyingProcessorSpeedFilterFunctionality_Mobile_20-15-38] Within safeFindElements 
20:27:29 [TestNG-test-Test-1] INFO  verifyingProcessorSpeedFilterFunctionality_Mobile_20-15-38 - [verifyingProcessorSpeedFilterFunctionality_Mobile_20-15-38] Returning the  [[[ChromeDriver: chrome on windows (75df211007e189f5b215228a304f9c27)] -> xpath: //div[@data-cy='title-recipe']], [[ChromeDriver: chrome on windows (75df211007e189f5b215228a304f9c27)] -> xpath: //div[@data-cy='title-recipe']], [[ChromeDriver: chrome on windows (75df211007e189f5b215228a304f9c27)] -> xpath: //div[@data-cy='title-recipe']], [[ChromeDriver: chrome on windows (75df211007e189f5b215228a304f9c27)] -> xpath: //div[@data-cy='title-recipe']], [[ChromeDriver: chrome on windows (75df211007e189f5b215228a304f9c27)] -> xpath: //div[@data-cy='title-recipe']], [[ChromeDriver: chrome on windows (75df211007e189f5b215228a304f9c27)] -> xpath: //div[@data-cy='title-recipe']], [[ChromeDriver: chrome on windows (75df211007e189f5b215228a304f9c27)] -> xpath: //div[@data-cy='title-recipe']], [[ChromeDriver: chrome on windows (75df211007e189f5b215228a304f9c27)] -> xpath: //div[@data-cy='title-recipe']], [[ChromeDriver: chrome on windows (75df211007e189f5b215228a304f9c27)] -> xpath: //div[@data-cy='title-recipe']], [[ChromeDriver: chrome on windows (75df211007e189f5b215228a304f9c27)] -> xpath: //div[@data-cy='title-recipe']], [[ChromeDriver: chrome on windows (75df211007e189f5b215228a304f9c27)] -> xpath: //div[@data-cy='title-recipe']], [[ChromeDriver: chrome on windows (75df211007e189f5b215228a304f9c27)] -> xpath: //div[@data-cy='title-recipe']], [[ChromeDriver: chrome on windows (75df211007e189f5b215228a304f9c27)] -> xpath: //div[@data-cy='title-recipe']], [[ChromeDriver: chrome on windows (75df211007e189f5b215228a304f9c27)] -> xpath: //div[@data-cy='title-recipe']], [[ChromeDriver: chrome on windows (75df211007e189f5b215228a304f9c27)] -> xpath: //div[@data-cy='title-recipe']], [[ChromeDriver: chrome on windows (75df211007e189f5b215228a304f9c27)] -> xpath: //div[@data-cy='title-recipe']]] from the safeFindElements method
20:27:29 [TestNG-test-Test-1] INFO  verifyingProcessorSpeedFilterFunctionality_Mobile_20-15-38 - [verifyingProcessorSpeedFilterFunctionality_Mobile_20-15-38] Within productNameListingPage loop in applyFilterAndValidateProductsWithResult
20:27:29 [TestNG-test-Test-1] INFO  verifyingProcessorSpeedFilterFunctionality_Mobile_20-15-38 - [verifyingProcessorSpeedFilterFunctionality_Mobile_20-15-38] Within getProductByIndex method
20:27:29 [TestNG-test-Test-1] INFO  verifyingProcessorSpeedFilterFunctionality_Mobile_20-15-38 - [verifyingProcessorSpeedFilterFunctionality_Mobile_20-15-38] Within safeFindElement method
20:27:29 [TestNG-test-Test-1] INFO  verifyingProcessorSpeedFilterFunctionality_Mobile_20-15-38 - [verifyingProcessorSpeedFilterFunctionality_Mobile_20-15-38]Found the element returning it ,element ->[[ChromeDriver: chrome on windows (75df211007e189f5b215228a304f9c27)] -> xpath: (//div[@data-cy='title-recipe'])[10]]
20:27:29 [TestNG-test-Test-1] INFO  verifyingProcessorSpeedFilterFunctionality_Mobile_20-15-38 - [verifyingProcessorSpeedFilterFunctionality_Mobile_20-15-38] Within getProductByIndex method
20:27:29 [TestNG-test-Test-1] INFO  verifyingProcessorSpeedFilterFunctionality_Mobile_20-15-38 - [verifyingProcessorSpeedFilterFunctionality_Mobile_20-15-38] Within smoothScrollToElement method
20:27:29 [TestNG-test-Test-1] INFO  verifyingProcessorSpeedFilterFunctionality_Mobile_20-15-38 - [verifyingProcessorSpeedFilterFunctionality_Mobile_20-15-38] Within safeFindElement method
20:27:29 [TestNG-test-Test-1] INFO  verifyingProcessorSpeedFilterFunctionality_Mobile_20-15-38 - [verifyingProcessorSpeedFilterFunctionality_Mobile_20-15-38]Found the element returning it ,element ->[[ChromeDriver: chrome on windows (75df211007e189f5b215228a304f9c27)] -> xpath: (//div[@data-cy='title-recipe'])[10]]
20:27:29 [TestNG-test-Test-1] INFO  verifyingProcessorSpeedFilterFunctionality_Mobile_20-15-38 - [verifyingProcessorSpeedFilterFunctionality_Mobile_20-15-38] Successfully scrolled to element: By.xpath: (//div[@data-cy='title-recipe'])[10]
20:27:29 [TestNG-test-Test-1] INFO  verifyingProcessorSpeedFilterFunctionality_Mobile_20-15-38 - [verifyingProcessorSpeedFilterFunctionality_Mobile_20-15-38] Getting product by index in productNameListingPage loop
20:27:30 [TestNG-test-Test-1] INFO  verifyingProcessorSpeedFilterFunctionality_Mobile_20-15-38 - [verifyingProcessorSpeedFilterFunctionality_Mobile_20-15-38] Opened product in new tab via Ctrl+Click inside productNameListingPage loop
20:27:30 [TestNG-test-Test-1] INFO  verifyingProcessorSpeedFilterFunctionality_Mobile_20-15-38 - [verifyingProcessorSpeedFilterFunctionality_Mobile_20-15-38] Waiting for new window to open...
20:27:30 [TestNG-test-Test-1] INFO  verifyingProcessorSpeedFilterFunctionality_Mobile_20-15-38 - [verifyingProcessorSpeedFilterFunctionality_Mobile_20-15-38] Switched to new window -> F8FC3CE44A7636F452979A8B05B4FD42
20:27:30 [TestNG-test-Test-1] INFO  verifyingProcessorSpeedFilterFunctionality_Mobile_20-15-38 - [verifyingProcessorSpeedFilterFunctionality_Mobile_20-15-38] Swithcing to the new window  within productNameListingPage loop
20:27:30 [TestNG-test-Test-1] INFO  verifyingProcessorSpeedFilterFunctionality_Mobile_20-15-38 - [verifyingProcessorSpeedFilterFunctionality_Mobile_20-15-38] Clicked product name to open in new tab from productNameListingPage loop
20:27:30 [TestNG-test-Test-1] INFO  verifyingProcessorSpeedFilterFunctionality_Mobile_20-15-38 - [verifyingProcessorSpeedFilterFunctionality_Mobile_20-15-38] Within safeFindElement method
20:27:32 [TestNG-test-Test-1] INFO  verifyingProcessorSpeedFilterFunctionality_Mobile_20-15-38 - [verifyingProcessorSpeedFilterFunctionality_Mobile_20-15-38]Found the element returning it ,element ->[[ChromeDriver: chrome on windows (75df211007e189f5b215228a304f9c27)] -> xpath: //span[@id='productTitle']]
20:27:32 [TestNG-test-Test-1] INFO  verifyingProcessorSpeedFilterFunctionality_Mobile_20-15-38 - [verifyingProcessorSpeedFilterFunctionality_Mobile_20-15-38] Within safeFindElement method
20:27:32 [TestNG-test-Test-1] INFO  verifyingProcessorSpeedFilterFunctionality_Mobile_20-15-38 - [verifyingProcessorSpeedFilterFunctionality_Mobile_20-15-38]Found the element returning it ,element ->[[ChromeDriver: chrome on windows (75df211007e189f5b215228a304f9c27)] -> xpath: //div[@class='a-section a-spacing-small a-spacing-top-small']]
20:27:32 [TestNG-test-Test-1] INFO  verifyingProcessorSpeedFilterFunctionality_Mobile_20-15-38 - [verifyingProcessorSpeedFilterFunctionality_Mobile_20-15-38] Within safeFindElement method
20:27:32 [TestNG-test-Test-1] INFO  verifyingProcessorSpeedFilterFunctionality_Mobile_20-15-38 - [verifyingProcessorSpeedFilterFunctionality_Mobile_20-15-38]Found the element returning it ,element ->[[ChromeDriver: chrome on windows (75df211007e189f5b215228a304f9c27)] -> xpath: //div[@id='feature-bullets']]
20:27:32 [TestNG-test-Test-1] INFO  verifyingProcessorSpeedFilterFunctionality_Mobile_20-15-38 - [verifyingProcessorSpeedFilterFunctionality_Mobile_20-15-38] Within safeFindElement method
20:27:32 [TestNG-test-Test-1] INFO  verifyingProcessorSpeedFilterFunctionality_Mobile_20-15-38 - [verifyingProcessorSpeedFilterFunctionality_Mobile_20-15-38]Found the element returning it ,element ->[[ChromeDriver: chrome on windows (75df211007e189f5b215228a304f9c27)] -> xpath: //div[@id='prodDetails']]
20:27:32 [TestNG-test-Test-1] INFO  verifyingProcessorSpeedFilterFunctionality_Mobile_20-15-38 - [verifyingProcessorSpeedFilterFunctionality_Mobile_20-15-38] Extracting 'name' , 'keyFeatures', 'about' , 'techDetails' within productNameListingPage loop
20:27:32 [TestNG-test-Test-1] INFO  verifyingProcessorSpeedFilterFunctionality_Mobile_20-15-38 - [verifyingProcessorSpeedFilterFunctionality_Mobile_20-15-38] Waiting until element is visible in viewport
20:27:43 [TestNG-test-Test-1] INFO  verifyingProcessorSpeedFilterFunctionality_Mobile_20-15-38 - [verifyingProcessorSpeedFilterFunctionality_Mobile_20-15-38] Within smoothScrollToElement method
20:27:43 [TestNG-test-Test-1] INFO  verifyingProcessorSpeedFilterFunctionality_Mobile_20-15-38 - [verifyingProcessorSpeedFilterFunctionality_Mobile_20-15-38] Within safeFindElement method
20:27:43 [TestNG-test-Test-1] INFO  verifyingProcessorSpeedFilterFunctionality_Mobile_20-15-38 - [verifyingProcessorSpeedFilterFunctionality_Mobile_20-15-38]Found the element returning it ,element ->[[ChromeDriver: chrome on windows (75df211007e189f5b215228a304f9c27)] -> xpath: //a[@id='seeMoreDetailsLink']]
20:27:43 [TestNG-test-Test-1] INFO  verifyingProcessorSpeedFilterFunctionality_Mobile_20-15-38 - [verifyingProcessorSpeedFilterFunctionality_Mobile_20-15-38] Successfully scrolled to element: By.xpath: //a[@id='seeMoreDetailsLink']
20:27:43 [TestNG-test-Test-1] INFO  verifyingProcessorSpeedFilterFunctionality_Mobile_20-15-38 - [verifyingProcessorSpeedFilterFunctionality_Mobile_20-15-38] Within safeClick method
20:27:43 [TestNG-test-Test-1] INFO  verifyingProcessorSpeedFilterFunctionality_Mobile_20-15-38 - [verifyingProcessorSpeedFilterFunctionality_Mobile_20-15-38] Clicked the  [[ChromeDriver: chrome on windows (75df211007e189f5b215228a304f9c27)] -> xpath: //a[@id='seeMoreDetailsLink']]   using safeClick
20:27:43 [TestNG-test-Test-1] INFO  verifyingProcessorSpeedFilterFunctionality_Mobile_20-15-38 - [verifyingProcessorSpeedFilterFunctionality_Mobile_20-15-38] Within try block for clicking see more deatils within productNameListingPage loop
20:27:43 [TestNG-test-Test-1] INFO  verifyingProcessorSpeedFilterFunctionality_Mobile_20-15-38 - [verifyingProcessorSpeedFilterFunctionality_Mobile_20-15-38] Within closeCurrentWindowAndSwitchBack method
20:27:43 [TestNG-test-Test-1] INFO  verifyingProcessorSpeedFilterFunctionality_Mobile_20-15-38 - [verifyingProcessorSpeedFilterFunctionality_Mobile_20-15-38] Total open windows/tabs count -> 2
20:27:43 [TestNG-test-Test-1] INFO  verifyingProcessorSpeedFilterFunctionality_Mobile_20-15-38 - [verifyingProcessorSpeedFilterFunctionality_Mobile_20-15-38] Original window handle -> CDCEAD40B14BD9DE795B8D6B5A8053F4
20:27:43 [TestNG-test-Test-1] INFO  verifyingProcessorSpeedFilterFunctionality_Mobile_20-15-38 - [verifyingProcessorSpeedFilterFunctionality_Mobile_20-15-38] Found new tab/window handle -> F8FC3CE44A7636F452979A8B05B4FD42 (will be closed)
20:27:43 [TestNG-test-Test-1] INFO  verifyingProcessorSpeedFilterFunctionality_Mobile_20-15-38 - [verifyingProcessorSpeedFilterFunctionality_Mobile_20-15-38] Successfully switched to new tab/window -> F8FC3CE44A7636F452979A8B05B4FD42
20:27:43 [TestNG-test-Test-1] INFO  verifyingProcessorSpeedFilterFunctionality_Mobile_20-15-38 - [verifyingProcessorSpeedFilterFunctionality_Mobile_20-15-38] Closed the newly opened tab/window -> F8FC3CE44A7636F452979A8B05B4FD42
20:27:43 [TestNG-test-Test-1] INFO  verifyingProcessorSpeedFilterFunctionality_Mobile_20-15-38 - [verifyingProcessorSpeedFilterFunctionality_Mobile_20-15-38] Switched back to the original window -> CDCEAD40B14BD9DE795B8D6B5A8053F4
20:27:43 [TestNG-test-Test-1] INFO  verifyingProcessorSpeedFilterFunctionality_Mobile_20-15-38 - [verifyingProcessorSpeedFilterFunctionality_Mobile_20-15-38]  going back to product listing via closeCurrentWindowAndSwitchBack 
20:27:43 [TestNG-test-Test-1] INFO  verifyingProcessorSpeedFilterFunctionality_Mobile_20-15-38 - [verifyingProcessorSpeedFilterFunctionality_Mobile_20-15-38]  Added 'filter','title','keyFeatures', 'about', 'techDetails' into the Map -> productResult
20:27:43 [TestNG-test-Test-1] INFO  verifyingProcessorSpeedFilterFunctionality_Mobile_20-15-38 - [verifyingProcessorSpeedFilterFunctionality_Mobile_20-15-38]  Added 'productResult' Map into the 'results' i.e list of maps 
20:27:43 [TestNG-test-Test-1] INFO  verifyingProcessorSpeedFilterFunctionality_Mobile_20-15-38 - [verifyingProcessorSpeedFilterFunctionality_Mobile_20-15-38]==========================================================================================================
20:27:43 [TestNG-test-Test-1] INFO  verifyingProcessorSpeedFilterFunctionality_Mobile_20-15-38 - [verifyingProcessorSpeedFilterFunctionality_Mobile_20-15-38] Within safeFindElements 
20:27:43 [TestNG-test-Test-1] INFO  verifyingProcessorSpeedFilterFunctionality_Mobile_20-15-38 - [verifyingProcessorSpeedFilterFunctionality_Mobile_20-15-38] Returning the  [[[ChromeDriver: chrome on windows (75df211007e189f5b215228a304f9c27)] -> xpath: //div[@data-cy='title-recipe']], [[ChromeDriver: chrome on windows (75df211007e189f5b215228a304f9c27)] -> xpath: //div[@data-cy='title-recipe']], [[ChromeDriver: chrome on windows (75df211007e189f5b215228a304f9c27)] -> xpath: //div[@data-cy='title-recipe']], [[ChromeDriver: chrome on windows (75df211007e189f5b215228a304f9c27)] -> xpath: //div[@data-cy='title-recipe']], [[ChromeDriver: chrome on windows (75df211007e189f5b215228a304f9c27)] -> xpath: //div[@data-cy='title-recipe']], [[ChromeDriver: chrome on windows (75df211007e189f5b215228a304f9c27)] -> xpath: //div[@data-cy='title-recipe']], [[ChromeDriver: chrome on windows (75df211007e189f5b215228a304f9c27)] -> xpath: //div[@data-cy='title-recipe']], [[ChromeDriver: chrome on windows (75df211007e189f5b215228a304f9c27)] -> xpath: //div[@data-cy='title-recipe']], [[ChromeDriver: chrome on windows (75df211007e189f5b215228a304f9c27)] -> xpath: //div[@data-cy='title-recipe']], [[ChromeDriver: chrome on windows (75df211007e189f5b215228a304f9c27)] -> xpath: //div[@data-cy='title-recipe']], [[ChromeDriver: chrome on windows (75df211007e189f5b215228a304f9c27)] -> xpath: //div[@data-cy='title-recipe']], [[ChromeDriver: chrome on windows (75df211007e189f5b215228a304f9c27)] -> xpath: //div[@data-cy='title-recipe']], [[ChromeDriver: chrome on windows (75df211007e189f5b215228a304f9c27)] -> xpath: //div[@data-cy='title-recipe']], [[ChromeDriver: chrome on windows (75df211007e189f5b215228a304f9c27)] -> xpath: //div[@data-cy='title-recipe']], [[ChromeDriver: chrome on windows (75df211007e189f5b215228a304f9c27)] -> xpath: //div[@data-cy='title-recipe']], [[ChromeDriver: chrome on windows (75df211007e189f5b215228a304f9c27)] -> xpath: //div[@data-cy='title-recipe']]] from the safeFindElements method
20:27:43 [TestNG-test-Test-1] INFO  verifyingProcessorSpeedFilterFunctionality_Mobile_20-15-38 - [verifyingProcessorSpeedFilterFunctionality_Mobile_20-15-38] Within productNameListingPage loop in applyFilterAndValidateProductsWithResult
20:27:43 [TestNG-test-Test-1] INFO  verifyingProcessorSpeedFilterFunctionality_Mobile_20-15-38 - [verifyingProcessorSpeedFilterFunctionality_Mobile_20-15-38] Within getProductByIndex method
20:27:43 [TestNG-test-Test-1] INFO  verifyingProcessorSpeedFilterFunctionality_Mobile_20-15-38 - [verifyingProcessorSpeedFilterFunctionality_Mobile_20-15-38] Within safeFindElement method
20:27:43 [TestNG-test-Test-1] INFO  verifyingProcessorSpeedFilterFunctionality_Mobile_20-15-38 - [verifyingProcessorSpeedFilterFunctionality_Mobile_20-15-38]Found the element returning it ,element ->[[ChromeDriver: chrome on windows (75df211007e189f5b215228a304f9c27)] -> xpath: (//div[@data-cy='title-recipe'])[11]]
20:27:43 [TestNG-test-Test-1] INFO  verifyingProcessorSpeedFilterFunctionality_Mobile_20-15-38 - [verifyingProcessorSpeedFilterFunctionality_Mobile_20-15-38] Within getProductByIndex method
20:27:43 [TestNG-test-Test-1] INFO  verifyingProcessorSpeedFilterFunctionality_Mobile_20-15-38 - [verifyingProcessorSpeedFilterFunctionality_Mobile_20-15-38] Within smoothScrollToElement method
20:27:43 [TestNG-test-Test-1] INFO  verifyingProcessorSpeedFilterFunctionality_Mobile_20-15-38 - [verifyingProcessorSpeedFilterFunctionality_Mobile_20-15-38] Within safeFindElement method
20:27:43 [TestNG-test-Test-1] INFO  verifyingProcessorSpeedFilterFunctionality_Mobile_20-15-38 - [verifyingProcessorSpeedFilterFunctionality_Mobile_20-15-38]Found the element returning it ,element ->[[ChromeDriver: chrome on windows (75df211007e189f5b215228a304f9c27)] -> xpath: (//div[@data-cy='title-recipe'])[11]]
20:27:43 [TestNG-test-Test-1] INFO  verifyingProcessorSpeedFilterFunctionality_Mobile_20-15-38 - [verifyingProcessorSpeedFilterFunctionality_Mobile_20-15-38] Successfully scrolled to element: By.xpath: (//div[@data-cy='title-recipe'])[11]
20:27:43 [TestNG-test-Test-1] INFO  verifyingProcessorSpeedFilterFunctionality_Mobile_20-15-38 - [verifyingProcessorSpeedFilterFunctionality_Mobile_20-15-38] Getting product by index in productNameListingPage loop
20:27:44 [TestNG-test-Test-1] INFO  verifyingProcessorSpeedFilterFunctionality_Mobile_20-15-38 - [verifyingProcessorSpeedFilterFunctionality_Mobile_20-15-38] Opened product in new tab via Ctrl+Click inside productNameListingPage loop
20:27:44 [TestNG-test-Test-1] INFO  verifyingProcessorSpeedFilterFunctionality_Mobile_20-15-38 - [verifyingProcessorSpeedFilterFunctionality_Mobile_20-15-38] Waiting for new window to open...
20:27:44 [TestNG-test-Test-1] INFO  verifyingProcessorSpeedFilterFunctionality_Mobile_20-15-38 - [verifyingProcessorSpeedFilterFunctionality_Mobile_20-15-38] Switched to new window -> 149B3CE86ADB355FB7AA70D1813142B2
20:27:44 [TestNG-test-Test-1] INFO  verifyingProcessorSpeedFilterFunctionality_Mobile_20-15-38 - [verifyingProcessorSpeedFilterFunctionality_Mobile_20-15-38] Swithcing to the new window  within productNameListingPage loop
20:27:44 [TestNG-test-Test-1] INFO  verifyingProcessorSpeedFilterFunctionality_Mobile_20-15-38 - [verifyingProcessorSpeedFilterFunctionality_Mobile_20-15-38] Clicked product name to open in new tab from productNameListingPage loop
20:27:44 [TestNG-test-Test-1] INFO  verifyingProcessorSpeedFilterFunctionality_Mobile_20-15-38 - [verifyingProcessorSpeedFilterFunctionality_Mobile_20-15-38] Within safeFindElement method
20:27:46 [TestNG-test-Test-1] INFO  verifyingProcessorSpeedFilterFunctionality_Mobile_20-15-38 - [verifyingProcessorSpeedFilterFunctionality_Mobile_20-15-38]Found the element returning it ,element ->[[ChromeDriver: chrome on windows (75df211007e189f5b215228a304f9c27)] -> xpath: //span[@id='productTitle']]
20:27:46 [TestNG-test-Test-1] INFO  verifyingProcessorSpeedFilterFunctionality_Mobile_20-15-38 - [verifyingProcessorSpeedFilterFunctionality_Mobile_20-15-38] Within safeFindElement method
20:27:46 [TestNG-test-Test-1] INFO  verifyingProcessorSpeedFilterFunctionality_Mobile_20-15-38 - [verifyingProcessorSpeedFilterFunctionality_Mobile_20-15-38]Found the element returning it ,element ->[[ChromeDriver: chrome on windows (75df211007e189f5b215228a304f9c27)] -> xpath: //div[@class='a-section a-spacing-small a-spacing-top-small']]
20:27:46 [TestNG-test-Test-1] INFO  verifyingProcessorSpeedFilterFunctionality_Mobile_20-15-38 - [verifyingProcessorSpeedFilterFunctionality_Mobile_20-15-38] Within safeFindElement method
20:27:46 [TestNG-test-Test-1] INFO  verifyingProcessorSpeedFilterFunctionality_Mobile_20-15-38 - [verifyingProcessorSpeedFilterFunctionality_Mobile_20-15-38]Found the element returning it ,element ->[[ChromeDriver: chrome on windows (75df211007e189f5b215228a304f9c27)] -> xpath: //div[@id='feature-bullets']]
20:27:46 [TestNG-test-Test-1] INFO  verifyingProcessorSpeedFilterFunctionality_Mobile_20-15-38 - [verifyingProcessorSpeedFilterFunctionality_Mobile_20-15-38] Within safeFindElement method
20:27:46 [TestNG-test-Test-1] INFO  verifyingProcessorSpeedFilterFunctionality_Mobile_20-15-38 - [verifyingProcessorSpeedFilterFunctionality_Mobile_20-15-38]Found the element returning it ,element ->[[ChromeDriver: chrome on windows (75df211007e189f5b215228a304f9c27)] -> xpath: //div[@id='prodDetails']]
20:27:47 [TestNG-test-Test-1] INFO  verifyingProcessorSpeedFilterFunctionality_Mobile_20-15-38 - [verifyingProcessorSpeedFilterFunctionality_Mobile_20-15-38] Extracting 'name' , 'keyFeatures', 'about' , 'techDetails' within productNameListingPage loop
20:27:47 [TestNG-test-Test-1] INFO  verifyingProcessorSpeedFilterFunctionality_Mobile_20-15-38 - [verifyingProcessorSpeedFilterFunctionality_Mobile_20-15-38] Waiting until element is visible in viewport
20:27:57 [TestNG-test-Test-1] INFO  verifyingProcessorSpeedFilterFunctionality_Mobile_20-15-38 - [verifyingProcessorSpeedFilterFunctionality_Mobile_20-15-38] Within smoothScrollToElement method
20:27:57 [TestNG-test-Test-1] INFO  verifyingProcessorSpeedFilterFunctionality_Mobile_20-15-38 - [verifyingProcessorSpeedFilterFunctionality_Mobile_20-15-38] Within safeFindElement method
20:27:57 [TestNG-test-Test-1] INFO  verifyingProcessorSpeedFilterFunctionality_Mobile_20-15-38 - [verifyingProcessorSpeedFilterFunctionality_Mobile_20-15-38]Found the element returning it ,element ->[[ChromeDriver: chrome on windows (75df211007e189f5b215228a304f9c27)] -> xpath: //a[@id='seeMoreDetailsLink']]
20:27:57 [TestNG-test-Test-1] INFO  verifyingProcessorSpeedFilterFunctionality_Mobile_20-15-38 - [verifyingProcessorSpeedFilterFunctionality_Mobile_20-15-38] Successfully scrolled to element: By.xpath: //a[@id='seeMoreDetailsLink']
20:27:57 [TestNG-test-Test-1] INFO  verifyingProcessorSpeedFilterFunctionality_Mobile_20-15-38 - [verifyingProcessorSpeedFilterFunctionality_Mobile_20-15-38] Within safeClick method
20:27:57 [TestNG-test-Test-1] INFO  verifyingProcessorSpeedFilterFunctionality_Mobile_20-15-38 - [verifyingProcessorSpeedFilterFunctionality_Mobile_20-15-38] Clicked the  [[ChromeDriver: chrome on windows (75df211007e189f5b215228a304f9c27)] -> xpath: //a[@id='seeMoreDetailsLink']]   using safeClick
20:27:57 [TestNG-test-Test-1] INFO  verifyingProcessorSpeedFilterFunctionality_Mobile_20-15-38 - [verifyingProcessorSpeedFilterFunctionality_Mobile_20-15-38] Within try block for clicking see more deatils within productNameListingPage loop
20:27:57 [TestNG-test-Test-1] INFO  verifyingProcessorSpeedFilterFunctionality_Mobile_20-15-38 - [verifyingProcessorSpeedFilterFunctionality_Mobile_20-15-38] Within closeCurrentWindowAndSwitchBack method
20:27:57 [TestNG-test-Test-1] INFO  verifyingProcessorSpeedFilterFunctionality_Mobile_20-15-38 - [verifyingProcessorSpeedFilterFunctionality_Mobile_20-15-38] Total open windows/tabs count -> 2
20:27:57 [TestNG-test-Test-1] INFO  verifyingProcessorSpeedFilterFunctionality_Mobile_20-15-38 - [verifyingProcessorSpeedFilterFunctionality_Mobile_20-15-38] Original window handle -> CDCEAD40B14BD9DE795B8D6B5A8053F4
20:27:57 [TestNG-test-Test-1] INFO  verifyingProcessorSpeedFilterFunctionality_Mobile_20-15-38 - [verifyingProcessorSpeedFilterFunctionality_Mobile_20-15-38] Found new tab/window handle -> 149B3CE86ADB355FB7AA70D1813142B2 (will be closed)
20:27:57 [TestNG-test-Test-1] INFO  verifyingProcessorSpeedFilterFunctionality_Mobile_20-15-38 - [verifyingProcessorSpeedFilterFunctionality_Mobile_20-15-38] Successfully switched to new tab/window -> 149B3CE86ADB355FB7AA70D1813142B2
20:27:57 [TestNG-test-Test-1] INFO  verifyingProcessorSpeedFilterFunctionality_Mobile_20-15-38 - [verifyingProcessorSpeedFilterFunctionality_Mobile_20-15-38] Closed the newly opened tab/window -> 149B3CE86ADB355FB7AA70D1813142B2
20:27:57 [TestNG-test-Test-1] INFO  verifyingProcessorSpeedFilterFunctionality_Mobile_20-15-38 - [verifyingProcessorSpeedFilterFunctionality_Mobile_20-15-38] Switched back to the original window -> CDCEAD40B14BD9DE795B8D6B5A8053F4
20:27:57 [TestNG-test-Test-1] INFO  verifyingProcessorSpeedFilterFunctionality_Mobile_20-15-38 - [verifyingProcessorSpeedFilterFunctionality_Mobile_20-15-38]  going back to product listing via closeCurrentWindowAndSwitchBack 
20:27:57 [TestNG-test-Test-1] INFO  verifyingProcessorSpeedFilterFunctionality_Mobile_20-15-38 - [verifyingProcessorSpeedFilterFunctionality_Mobile_20-15-38]  Added 'filter','title','keyFeatures', 'about', 'techDetails' into the Map -> productResult
20:27:57 [TestNG-test-Test-1] INFO  verifyingProcessorSpeedFilterFunctionality_Mobile_20-15-38 - [verifyingProcessorSpeedFilterFunctionality_Mobile_20-15-38]  Added 'productResult' Map into the 'results' i.e list of maps 
20:27:57 [TestNG-test-Test-1] INFO  verifyingProcessorSpeedFilterFunctionality_Mobile_20-15-38 - [verifyingProcessorSpeedFilterFunctionality_Mobile_20-15-38]==========================================================================================================
20:27:57 [TestNG-test-Test-1] INFO  verifyingProcessorSpeedFilterFunctionality_Mobile_20-15-38 - [verifyingProcessorSpeedFilterFunctionality_Mobile_20-15-38] Within safeFindElements 
20:27:57 [TestNG-test-Test-1] INFO  verifyingProcessorSpeedFilterFunctionality_Mobile_20-15-38 - [verifyingProcessorSpeedFilterFunctionality_Mobile_20-15-38] Returning the  [[[ChromeDriver: chrome on windows (75df211007e189f5b215228a304f9c27)] -> xpath: //div[@data-cy='title-recipe']], [[ChromeDriver: chrome on windows (75df211007e189f5b215228a304f9c27)] -> xpath: //div[@data-cy='title-recipe']], [[ChromeDriver: chrome on windows (75df211007e189f5b215228a304f9c27)] -> xpath: //div[@data-cy='title-recipe']], [[ChromeDriver: chrome on windows (75df211007e189f5b215228a304f9c27)] -> xpath: //div[@data-cy='title-recipe']], [[ChromeDriver: chrome on windows (75df211007e189f5b215228a304f9c27)] -> xpath: //div[@data-cy='title-recipe']], [[ChromeDriver: chrome on windows (75df211007e189f5b215228a304f9c27)] -> xpath: //div[@data-cy='title-recipe']], [[ChromeDriver: chrome on windows (75df211007e189f5b215228a304f9c27)] -> xpath: //div[@data-cy='title-recipe']], [[ChromeDriver: chrome on windows (75df211007e189f5b215228a304f9c27)] -> xpath: //div[@data-cy='title-recipe']], [[ChromeDriver: chrome on windows (75df211007e189f5b215228a304f9c27)] -> xpath: //div[@data-cy='title-recipe']], [[ChromeDriver: chrome on windows (75df211007e189f5b215228a304f9c27)] -> xpath: //div[@data-cy='title-recipe']], [[ChromeDriver: chrome on windows (75df211007e189f5b215228a304f9c27)] -> xpath: //div[@data-cy='title-recipe']], [[ChromeDriver: chrome on windows (75df211007e189f5b215228a304f9c27)] -> xpath: //div[@data-cy='title-recipe']], [[ChromeDriver: chrome on windows (75df211007e189f5b215228a304f9c27)] -> xpath: //div[@data-cy='title-recipe']], [[ChromeDriver: chrome on windows (75df211007e189f5b215228a304f9c27)] -> xpath: //div[@data-cy='title-recipe']], [[ChromeDriver: chrome on windows (75df211007e189f5b215228a304f9c27)] -> xpath: //div[@data-cy='title-recipe']], [[ChromeDriver: chrome on windows (75df211007e189f5b215228a304f9c27)] -> xpath: //div[@data-cy='title-recipe']]] from the safeFindElements method
20:27:57 [TestNG-test-Test-1] INFO  verifyingProcessorSpeedFilterFunctionality_Mobile_20-15-38 - [verifyingProcessorSpeedFilterFunctionality_Mobile_20-15-38] Within productNameListingPage loop in applyFilterAndValidateProductsWithResult
20:27:57 [TestNG-test-Test-1] INFO  verifyingProcessorSpeedFilterFunctionality_Mobile_20-15-38 - [verifyingProcessorSpeedFilterFunctionality_Mobile_20-15-38] Within getProductByIndex method
20:27:57 [TestNG-test-Test-1] INFO  verifyingProcessorSpeedFilterFunctionality_Mobile_20-15-38 - [verifyingProcessorSpeedFilterFunctionality_Mobile_20-15-38] Within safeFindElement method
20:27:57 [TestNG-test-Test-1] INFO  verifyingProcessorSpeedFilterFunctionality_Mobile_20-15-38 - [verifyingProcessorSpeedFilterFunctionality_Mobile_20-15-38]Found the element returning it ,element ->[[ChromeDriver: chrome on windows (75df211007e189f5b215228a304f9c27)] -> xpath: (//div[@data-cy='title-recipe'])[12]]
20:27:57 [TestNG-test-Test-1] INFO  verifyingProcessorSpeedFilterFunctionality_Mobile_20-15-38 - [verifyingProcessorSpeedFilterFunctionality_Mobile_20-15-38] Within getProductByIndex method
20:27:57 [TestNG-test-Test-1] INFO  verifyingProcessorSpeedFilterFunctionality_Mobile_20-15-38 - [verifyingProcessorSpeedFilterFunctionality_Mobile_20-15-38] Within smoothScrollToElement method
20:27:57 [TestNG-test-Test-1] INFO  verifyingProcessorSpeedFilterFunctionality_Mobile_20-15-38 - [verifyingProcessorSpeedFilterFunctionality_Mobile_20-15-38] Within safeFindElement method
20:27:57 [TestNG-test-Test-1] INFO  verifyingProcessorSpeedFilterFunctionality_Mobile_20-15-38 - [verifyingProcessorSpeedFilterFunctionality_Mobile_20-15-38]Found the element returning it ,element ->[[ChromeDriver: chrome on windows (75df211007e189f5b215228a304f9c27)] -> xpath: (//div[@data-cy='title-recipe'])[12]]
20:27:57 [TestNG-test-Test-1] INFO  verifyingProcessorSpeedFilterFunctionality_Mobile_20-15-38 - [verifyingProcessorSpeedFilterFunctionality_Mobile_20-15-38] Successfully scrolled to element: By.xpath: (//div[@data-cy='title-recipe'])[12]
20:27:57 [TestNG-test-Test-1] INFO  verifyingProcessorSpeedFilterFunctionality_Mobile_20-15-38 - [verifyingProcessorSpeedFilterFunctionality_Mobile_20-15-38] Getting product by index in productNameListingPage loop
20:27:58 [TestNG-test-Test-1] INFO  verifyingProcessorSpeedFilterFunctionality_Mobile_20-15-38 - [verifyingProcessorSpeedFilterFunctionality_Mobile_20-15-38] Opened product in new tab via Ctrl+Click inside productNameListingPage loop
20:27:58 [TestNG-test-Test-1] INFO  verifyingProcessorSpeedFilterFunctionality_Mobile_20-15-38 - [verifyingProcessorSpeedFilterFunctionality_Mobile_20-15-38] Waiting for new window to open...
20:27:58 [TestNG-test-Test-1] INFO  verifyingProcessorSpeedFilterFunctionality_Mobile_20-15-38 - [verifyingProcessorSpeedFilterFunctionality_Mobile_20-15-38] Switched to new window -> 1F95CC18C39012A8AB44460BCEC48C58
20:27:58 [TestNG-test-Test-1] INFO  verifyingProcessorSpeedFilterFunctionality_Mobile_20-15-38 - [verifyingProcessorSpeedFilterFunctionality_Mobile_20-15-38] Swithcing to the new window  within productNameListingPage loop
20:27:58 [TestNG-test-Test-1] INFO  verifyingProcessorSpeedFilterFunctionality_Mobile_20-15-38 - [verifyingProcessorSpeedFilterFunctionality_Mobile_20-15-38] Clicked product name to open in new tab from productNameListingPage loop
20:27:58 [TestNG-test-Test-1] INFO  verifyingProcessorSpeedFilterFunctionality_Mobile_20-15-38 - [verifyingProcessorSpeedFilterFunctionality_Mobile_20-15-38] Within safeFindElement method
20:28:00 [TestNG-test-Test-1] INFO  verifyingProcessorSpeedFilterFunctionality_Mobile_20-15-38 - [verifyingProcessorSpeedFilterFunctionality_Mobile_20-15-38]Found the element returning it ,element ->[[ChromeDriver: chrome on windows (75df211007e189f5b215228a304f9c27)] -> xpath: //span[@id='productTitle']]
20:28:00 [TestNG-test-Test-1] INFO  verifyingProcessorSpeedFilterFunctionality_Mobile_20-15-38 - [verifyingProcessorSpeedFilterFunctionality_Mobile_20-15-38] Within safeFindElement method
20:28:00 [TestNG-test-Test-1] INFO  verifyingProcessorSpeedFilterFunctionality_Mobile_20-15-38 - [verifyingProcessorSpeedFilterFunctionality_Mobile_20-15-38]Found the element returning it ,element ->[[ChromeDriver: chrome on windows (75df211007e189f5b215228a304f9c27)] -> xpath: //div[@class='a-section a-spacing-small a-spacing-top-small']]
20:28:00 [TestNG-test-Test-1] INFO  verifyingProcessorSpeedFilterFunctionality_Mobile_20-15-38 - [verifyingProcessorSpeedFilterFunctionality_Mobile_20-15-38] Within safeFindElement method
20:28:00 [TestNG-test-Test-1] INFO  verifyingProcessorSpeedFilterFunctionality_Mobile_20-15-38 - [verifyingProcessorSpeedFilterFunctionality_Mobile_20-15-38]Found the element returning it ,element ->[[ChromeDriver: chrome on windows (75df211007e189f5b215228a304f9c27)] -> xpath: //div[@id='feature-bullets']]
20:28:00 [TestNG-test-Test-1] INFO  verifyingProcessorSpeedFilterFunctionality_Mobile_20-15-38 - [verifyingProcessorSpeedFilterFunctionality_Mobile_20-15-38] Within safeFindElement method
20:28:00 [TestNG-test-Test-1] INFO  verifyingProcessorSpeedFilterFunctionality_Mobile_20-15-38 - [verifyingProcessorSpeedFilterFunctionality_Mobile_20-15-38]Found the element returning it ,element ->[[ChromeDriver: chrome on windows (75df211007e189f5b215228a304f9c27)] -> xpath: //div[@id='prodDetails']]
20:28:00 [TestNG-test-Test-1] INFO  verifyingProcessorSpeedFilterFunctionality_Mobile_20-15-38 - [verifyingProcessorSpeedFilterFunctionality_Mobile_20-15-38] Extracting 'name' , 'keyFeatures', 'about' , 'techDetails' within productNameListingPage loop
20:28:00 [TestNG-test-Test-1] INFO  verifyingProcessorSpeedFilterFunctionality_Mobile_20-15-38 - [verifyingProcessorSpeedFilterFunctionality_Mobile_20-15-38] Waiting until element is visible in viewport
20:28:11 [TestNG-test-Test-1] INFO  verifyingProcessorSpeedFilterFunctionality_Mobile_20-15-38 - [verifyingProcessorSpeedFilterFunctionality_Mobile_20-15-38] Within smoothScrollToElement method
20:28:11 [TestNG-test-Test-1] INFO  verifyingProcessorSpeedFilterFunctionality_Mobile_20-15-38 - [verifyingProcessorSpeedFilterFunctionality_Mobile_20-15-38] Within safeFindElement method
20:28:11 [TestNG-test-Test-1] INFO  verifyingProcessorSpeedFilterFunctionality_Mobile_20-15-38 - [verifyingProcessorSpeedFilterFunctionality_Mobile_20-15-38]Found the element returning it ,element ->[[ChromeDriver: chrome on windows (75df211007e189f5b215228a304f9c27)] -> xpath: //a[@id='seeMoreDetailsLink']]
20:28:11 [TestNG-test-Test-1] INFO  verifyingProcessorSpeedFilterFunctionality_Mobile_20-15-38 - [verifyingProcessorSpeedFilterFunctionality_Mobile_20-15-38] Successfully scrolled to element: By.xpath: //a[@id='seeMoreDetailsLink']
20:28:11 [TestNG-test-Test-1] INFO  verifyingProcessorSpeedFilterFunctionality_Mobile_20-15-38 - [verifyingProcessorSpeedFilterFunctionality_Mobile_20-15-38] Within safeClick method
20:28:11 [TestNG-test-Test-1] INFO  verifyingProcessorSpeedFilterFunctionality_Mobile_20-15-38 - [verifyingProcessorSpeedFilterFunctionality_Mobile_20-15-38] Clicked the  [[ChromeDriver: chrome on windows (75df211007e189f5b215228a304f9c27)] -> xpath: //a[@id='seeMoreDetailsLink']]   using safeClick
20:28:11 [TestNG-test-Test-1] INFO  verifyingProcessorSpeedFilterFunctionality_Mobile_20-15-38 - [verifyingProcessorSpeedFilterFunctionality_Mobile_20-15-38] Within try block for clicking see more deatils within productNameListingPage loop
20:28:11 [TestNG-test-Test-1] INFO  verifyingProcessorSpeedFilterFunctionality_Mobile_20-15-38 - [verifyingProcessorSpeedFilterFunctionality_Mobile_20-15-38] Within closeCurrentWindowAndSwitchBack method
20:28:11 [TestNG-test-Test-1] INFO  verifyingProcessorSpeedFilterFunctionality_Mobile_20-15-38 - [verifyingProcessorSpeedFilterFunctionality_Mobile_20-15-38] Total open windows/tabs count -> 2
20:28:11 [TestNG-test-Test-1] INFO  verifyingProcessorSpeedFilterFunctionality_Mobile_20-15-38 - [verifyingProcessorSpeedFilterFunctionality_Mobile_20-15-38] Original window handle -> CDCEAD40B14BD9DE795B8D6B5A8053F4
20:28:11 [TestNG-test-Test-1] INFO  verifyingProcessorSpeedFilterFunctionality_Mobile_20-15-38 - [verifyingProcessorSpeedFilterFunctionality_Mobile_20-15-38] Found new tab/window handle -> 1F95CC18C39012A8AB44460BCEC48C58 (will be closed)
20:28:11 [TestNG-test-Test-1] INFO  verifyingProcessorSpeedFilterFunctionality_Mobile_20-15-38 - [verifyingProcessorSpeedFilterFunctionality_Mobile_20-15-38] Successfully switched to new tab/window -> 1F95CC18C39012A8AB44460BCEC48C58
20:28:11 [TestNG-test-Test-1] INFO  verifyingProcessorSpeedFilterFunctionality_Mobile_20-15-38 - [verifyingProcessorSpeedFilterFunctionality_Mobile_20-15-38] Closed the newly opened tab/window -> 1F95CC18C39012A8AB44460BCEC48C58
20:28:11 [TestNG-test-Test-1] INFO  verifyingProcessorSpeedFilterFunctionality_Mobile_20-15-38 - [verifyingProcessorSpeedFilterFunctionality_Mobile_20-15-38] Switched back to the original window -> CDCEAD40B14BD9DE795B8D6B5A8053F4
20:28:11 [TestNG-test-Test-1] INFO  verifyingProcessorSpeedFilterFunctionality_Mobile_20-15-38 - [verifyingProcessorSpeedFilterFunctionality_Mobile_20-15-38]  going back to product listing via closeCurrentWindowAndSwitchBack 
20:28:11 [TestNG-test-Test-1] INFO  verifyingProcessorSpeedFilterFunctionality_Mobile_20-15-38 - [verifyingProcessorSpeedFilterFunctionality_Mobile_20-15-38]  Added 'filter','title','keyFeatures', 'about', 'techDetails' into the Map -> productResult
20:28:11 [TestNG-test-Test-1] INFO  verifyingProcessorSpeedFilterFunctionality_Mobile_20-15-38 - [verifyingProcessorSpeedFilterFunctionality_Mobile_20-15-38]  Added 'productResult' Map into the 'results' i.e list of maps 
20:28:11 [TestNG-test-Test-1] INFO  verifyingProcessorSpeedFilterFunctionality_Mobile_20-15-38 - [verifyingProcessorSpeedFilterFunctionality_Mobile_20-15-38]==========================================================================================================
20:28:11 [TestNG-test-Test-1] INFO  verifyingProcessorSpeedFilterFunctionality_Mobile_20-15-38 - [verifyingProcessorSpeedFilterFunctionality_Mobile_20-15-38] Within safeFindElements 
20:28:12 [TestNG-test-Test-1] INFO  verifyingProcessorSpeedFilterFunctionality_Mobile_20-15-38 - [verifyingProcessorSpeedFilterFunctionality_Mobile_20-15-38] Returning the  [[[ChromeDriver: chrome on windows (75df211007e189f5b215228a304f9c27)] -> xpath: //div[@data-cy='title-recipe']], [[ChromeDriver: chrome on windows (75df211007e189f5b215228a304f9c27)] -> xpath: //div[@data-cy='title-recipe']], [[ChromeDriver: chrome on windows (75df211007e189f5b215228a304f9c27)] -> xpath: //div[@data-cy='title-recipe']], [[ChromeDriver: chrome on windows (75df211007e189f5b215228a304f9c27)] -> xpath: //div[@data-cy='title-recipe']], [[ChromeDriver: chrome on windows (75df211007e189f5b215228a304f9c27)] -> xpath: //div[@data-cy='title-recipe']], [[ChromeDriver: chrome on windows (75df211007e189f5b215228a304f9c27)] -> xpath: //div[@data-cy='title-recipe']], [[ChromeDriver: chrome on windows (75df211007e189f5b215228a304f9c27)] -> xpath: //div[@data-cy='title-recipe']], [[ChromeDriver: chrome on windows (75df211007e189f5b215228a304f9c27)] -> xpath: //div[@data-cy='title-recipe']], [[ChromeDriver: chrome on windows (75df211007e189f5b215228a304f9c27)] -> xpath: //div[@data-cy='title-recipe']], [[ChromeDriver: chrome on windows (75df211007e189f5b215228a304f9c27)] -> xpath: //div[@data-cy='title-recipe']], [[ChromeDriver: chrome on windows (75df211007e189f5b215228a304f9c27)] -> xpath: //div[@data-cy='title-recipe']], [[ChromeDriver: chrome on windows (75df211007e189f5b215228a304f9c27)] -> xpath: //div[@data-cy='title-recipe']], [[ChromeDriver: chrome on windows (75df211007e189f5b215228a304f9c27)] -> xpath: //div[@data-cy='title-recipe']], [[ChromeDriver: chrome on windows (75df211007e189f5b215228a304f9c27)] -> xpath: //div[@data-cy='title-recipe']], [[ChromeDriver: chrome on windows (75df211007e189f5b215228a304f9c27)] -> xpath: //div[@data-cy='title-recipe']], [[ChromeDriver: chrome on windows (75df211007e189f5b215228a304f9c27)] -> xpath: //div[@data-cy='title-recipe']]] from the safeFindElements method
20:28:12 [TestNG-test-Test-1] INFO  verifyingProcessorSpeedFilterFunctionality_Mobile_20-15-38 - [verifyingProcessorSpeedFilterFunctionality_Mobile_20-15-38] Within productNameListingPage loop in applyFilterAndValidateProductsWithResult
20:28:12 [TestNG-test-Test-1] INFO  verifyingProcessorSpeedFilterFunctionality_Mobile_20-15-38 - [verifyingProcessorSpeedFilterFunctionality_Mobile_20-15-38] Within getProductByIndex method
20:28:12 [TestNG-test-Test-1] INFO  verifyingProcessorSpeedFilterFunctionality_Mobile_20-15-38 - [verifyingProcessorSpeedFilterFunctionality_Mobile_20-15-38] Within safeFindElement method
20:28:12 [TestNG-test-Test-1] INFO  verifyingProcessorSpeedFilterFunctionality_Mobile_20-15-38 - [verifyingProcessorSpeedFilterFunctionality_Mobile_20-15-38]Found the element returning it ,element ->[[ChromeDriver: chrome on windows (75df211007e189f5b215228a304f9c27)] -> xpath: (//div[@data-cy='title-recipe'])[13]]
20:28:12 [TestNG-test-Test-1] INFO  verifyingProcessorSpeedFilterFunctionality_Mobile_20-15-38 - [verifyingProcessorSpeedFilterFunctionality_Mobile_20-15-38] Within getProductByIndex method
20:28:12 [TestNG-test-Test-1] INFO  verifyingProcessorSpeedFilterFunctionality_Mobile_20-15-38 - [verifyingProcessorSpeedFilterFunctionality_Mobile_20-15-38] Within smoothScrollToElement method
20:28:12 [TestNG-test-Test-1] INFO  verifyingProcessorSpeedFilterFunctionality_Mobile_20-15-38 - [verifyingProcessorSpeedFilterFunctionality_Mobile_20-15-38] Within safeFindElement method
20:28:12 [TestNG-test-Test-1] INFO  verifyingProcessorSpeedFilterFunctionality_Mobile_20-15-38 - [verifyingProcessorSpeedFilterFunctionality_Mobile_20-15-38]Found the element returning it ,element ->[[ChromeDriver: chrome on windows (75df211007e189f5b215228a304f9c27)] -> xpath: (//div[@data-cy='title-recipe'])[13]]
20:28:12 [TestNG-test-Test-1] INFO  verifyingProcessorSpeedFilterFunctionality_Mobile_20-15-38 - [verifyingProcessorSpeedFilterFunctionality_Mobile_20-15-38] Successfully scrolled to element: By.xpath: (//div[@data-cy='title-recipe'])[13]
20:28:12 [TestNG-test-Test-1] INFO  verifyingProcessorSpeedFilterFunctionality_Mobile_20-15-38 - [verifyingProcessorSpeedFilterFunctionality_Mobile_20-15-38] Getting product by index in productNameListingPage loop
20:28:12 [TestNG-test-Test-1] INFO  verifyingProcessorSpeedFilterFunctionality_Mobile_20-15-38 - [verifyingProcessorSpeedFilterFunctionality_Mobile_20-15-38] Opened product in new tab via Ctrl+Click inside productNameListingPage loop
20:28:12 [TestNG-test-Test-1] INFO  verifyingProcessorSpeedFilterFunctionality_Mobile_20-15-38 - [verifyingProcessorSpeedFilterFunctionality_Mobile_20-15-38] Waiting for new window to open...
20:28:12 [TestNG-test-Test-1] INFO  verifyingProcessorSpeedFilterFunctionality_Mobile_20-15-38 - [verifyingProcessorSpeedFilterFunctionality_Mobile_20-15-38] Switched to new window -> A750F63E82E2D0CBA5F6263AB403E0B6
20:28:12 [TestNG-test-Test-1] INFO  verifyingProcessorSpeedFilterFunctionality_Mobile_20-15-38 - [verifyingProcessorSpeedFilterFunctionality_Mobile_20-15-38] Swithcing to the new window  within productNameListingPage loop
20:28:12 [TestNG-test-Test-1] INFO  verifyingProcessorSpeedFilterFunctionality_Mobile_20-15-38 - [verifyingProcessorSpeedFilterFunctionality_Mobile_20-15-38] Clicked product name to open in new tab from productNameListingPage loop
20:28:12 [TestNG-test-Test-1] INFO  verifyingProcessorSpeedFilterFunctionality_Mobile_20-15-38 - [verifyingProcessorSpeedFilterFunctionality_Mobile_20-15-38] Within safeFindElement method
20:28:14 [TestNG-test-Test-1] INFO  verifyingProcessorSpeedFilterFunctionality_Mobile_20-15-38 - [verifyingProcessorSpeedFilterFunctionality_Mobile_20-15-38]Found the element returning it ,element ->[[ChromeDriver: chrome on windows (75df211007e189f5b215228a304f9c27)] -> xpath: //span[@id='productTitle']]
20:28:14 [TestNG-test-Test-1] INFO  verifyingProcessorSpeedFilterFunctionality_Mobile_20-15-38 - [verifyingProcessorSpeedFilterFunctionality_Mobile_20-15-38] Within safeFindElement method
20:28:15 [TestNG-test-Test-1] INFO  verifyingProcessorSpeedFilterFunctionality_Mobile_20-15-38 - [verifyingProcessorSpeedFilterFunctionality_Mobile_20-15-38]Found the element returning it ,element ->[[ChromeDriver: chrome on windows (75df211007e189f5b215228a304f9c27)] -> xpath: //div[@class='a-section a-spacing-small a-spacing-top-small']]
20:28:15 [TestNG-test-Test-1] INFO  verifyingProcessorSpeedFilterFunctionality_Mobile_20-15-38 - [verifyingProcessorSpeedFilterFunctionality_Mobile_20-15-38] Within safeFindElement method
20:28:15 [TestNG-test-Test-1] INFO  verifyingProcessorSpeedFilterFunctionality_Mobile_20-15-38 - [verifyingProcessorSpeedFilterFunctionality_Mobile_20-15-38]Found the element returning it ,element ->[[ChromeDriver: chrome on windows (75df211007e189f5b215228a304f9c27)] -> xpath: //div[@id='feature-bullets']]
20:28:15 [TestNG-test-Test-1] INFO  verifyingProcessorSpeedFilterFunctionality_Mobile_20-15-38 - [verifyingProcessorSpeedFilterFunctionality_Mobile_20-15-38] Within safeFindElement method
20:28:15 [TestNG-test-Test-1] INFO  verifyingProcessorSpeedFilterFunctionality_Mobile_20-15-38 - [verifyingProcessorSpeedFilterFunctionality_Mobile_20-15-38]Found the element returning it ,element ->[[ChromeDriver: chrome on windows (75df211007e189f5b215228a304f9c27)] -> xpath: //div[@id='prodDetails']]
20:28:15 [TestNG-test-Test-1] INFO  verifyingProcessorSpeedFilterFunctionality_Mobile_20-15-38 - [verifyingProcessorSpeedFilterFunctionality_Mobile_20-15-38] Extracting 'name' , 'keyFeatures', 'about' , 'techDetails' within productNameListingPage loop
20:28:15 [TestNG-test-Test-1] INFO  verifyingProcessorSpeedFilterFunctionality_Mobile_20-15-38 - [verifyingProcessorSpeedFilterFunctionality_Mobile_20-15-38] Waiting until element is visible in viewport
20:28:25 [TestNG-test-Test-1] INFO  verifyingProcessorSpeedFilterFunctionality_Mobile_20-15-38 - [verifyingProcessorSpeedFilterFunctionality_Mobile_20-15-38] Within smoothScrollToElement method
20:28:25 [TestNG-test-Test-1] INFO  verifyingProcessorSpeedFilterFunctionality_Mobile_20-15-38 - [verifyingProcessorSpeedFilterFunctionality_Mobile_20-15-38] Within safeFindElement method
20:28:25 [TestNG-test-Test-1] INFO  verifyingProcessorSpeedFilterFunctionality_Mobile_20-15-38 - [verifyingProcessorSpeedFilterFunctionality_Mobile_20-15-38]Found the element returning it ,element ->[[ChromeDriver: chrome on windows (75df211007e189f5b215228a304f9c27)] -> xpath: //a[@id='seeMoreDetailsLink']]
20:28:25 [TestNG-test-Test-1] INFO  verifyingProcessorSpeedFilterFunctionality_Mobile_20-15-38 - [verifyingProcessorSpeedFilterFunctionality_Mobile_20-15-38] Successfully scrolled to element: By.xpath: //a[@id='seeMoreDetailsLink']
20:28:25 [TestNG-test-Test-1] INFO  verifyingProcessorSpeedFilterFunctionality_Mobile_20-15-38 - [verifyingProcessorSpeedFilterFunctionality_Mobile_20-15-38] Within safeClick method
20:28:25 [TestNG-test-Test-1] INFO  verifyingProcessorSpeedFilterFunctionality_Mobile_20-15-38 - [verifyingProcessorSpeedFilterFunctionality_Mobile_20-15-38] Clicked the  [[ChromeDriver: chrome on windows (75df211007e189f5b215228a304f9c27)] -> xpath: //a[@id='seeMoreDetailsLink']]   using safeClick
20:28:25 [TestNG-test-Test-1] INFO  verifyingProcessorSpeedFilterFunctionality_Mobile_20-15-38 - [verifyingProcessorSpeedFilterFunctionality_Mobile_20-15-38] Within try block for clicking see more deatils within productNameListingPage loop
20:28:25 [TestNG-test-Test-1] INFO  verifyingProcessorSpeedFilterFunctionality_Mobile_20-15-38 - [verifyingProcessorSpeedFilterFunctionality_Mobile_20-15-38] Within closeCurrentWindowAndSwitchBack method
20:28:25 [TestNG-test-Test-1] INFO  verifyingProcessorSpeedFilterFunctionality_Mobile_20-15-38 - [verifyingProcessorSpeedFilterFunctionality_Mobile_20-15-38] Total open windows/tabs count -> 2
20:28:25 [TestNG-test-Test-1] INFO  verifyingProcessorSpeedFilterFunctionality_Mobile_20-15-38 - [verifyingProcessorSpeedFilterFunctionality_Mobile_20-15-38] Original window handle -> CDCEAD40B14BD9DE795B8D6B5A8053F4
20:28:25 [TestNG-test-Test-1] INFO  verifyingProcessorSpeedFilterFunctionality_Mobile_20-15-38 - [verifyingProcessorSpeedFilterFunctionality_Mobile_20-15-38] Found new tab/window handle -> A750F63E82E2D0CBA5F6263AB403E0B6 (will be closed)
20:28:25 [TestNG-test-Test-1] INFO  verifyingProcessorSpeedFilterFunctionality_Mobile_20-15-38 - [verifyingProcessorSpeedFilterFunctionality_Mobile_20-15-38] Successfully switched to new tab/window -> A750F63E82E2D0CBA5F6263AB403E0B6
20:28:25 [TestNG-test-Test-1] INFO  verifyingProcessorSpeedFilterFunctionality_Mobile_20-15-38 - [verifyingProcessorSpeedFilterFunctionality_Mobile_20-15-38] Closed the newly opened tab/window -> A750F63E82E2D0CBA5F6263AB403E0B6
20:28:25 [TestNG-test-Test-1] INFO  verifyingProcessorSpeedFilterFunctionality_Mobile_20-15-38 - [verifyingProcessorSpeedFilterFunctionality_Mobile_20-15-38] Switched back to the original window -> CDCEAD40B14BD9DE795B8D6B5A8053F4
20:28:25 [TestNG-test-Test-1] INFO  verifyingProcessorSpeedFilterFunctionality_Mobile_20-15-38 - [verifyingProcessorSpeedFilterFunctionality_Mobile_20-15-38]  going back to product listing via closeCurrentWindowAndSwitchBack 
20:28:25 [TestNG-test-Test-1] INFO  verifyingProcessorSpeedFilterFunctionality_Mobile_20-15-38 - [verifyingProcessorSpeedFilterFunctionality_Mobile_20-15-38]  Added 'filter','title','keyFeatures', 'about', 'techDetails' into the Map -> productResult
20:28:25 [TestNG-test-Test-1] INFO  verifyingProcessorSpeedFilterFunctionality_Mobile_20-15-38 - [verifyingProcessorSpeedFilterFunctionality_Mobile_20-15-38]  Added 'productResult' Map into the 'results' i.e list of maps 
20:28:25 [TestNG-test-Test-1] INFO  verifyingProcessorSpeedFilterFunctionality_Mobile_20-15-38 - [verifyingProcessorSpeedFilterFunctionality_Mobile_20-15-38]==========================================================================================================
20:28:25 [TestNG-test-Test-1] INFO  verifyingProcessorSpeedFilterFunctionality_Mobile_20-15-38 - [verifyingProcessorSpeedFilterFunctionality_Mobile_20-15-38] Within safeFindElements 
20:28:26 [TestNG-test-Test-1] INFO  verifyingProcessorSpeedFilterFunctionality_Mobile_20-15-38 - [verifyingProcessorSpeedFilterFunctionality_Mobile_20-15-38] Returning the  [[[ChromeDriver: chrome on windows (75df211007e189f5b215228a304f9c27)] -> xpath: //div[@data-cy='title-recipe']], [[ChromeDriver: chrome on windows (75df211007e189f5b215228a304f9c27)] -> xpath: //div[@data-cy='title-recipe']], [[ChromeDriver: chrome on windows (75df211007e189f5b215228a304f9c27)] -> xpath: //div[@data-cy='title-recipe']], [[ChromeDriver: chrome on windows (75df211007e189f5b215228a304f9c27)] -> xpath: //div[@data-cy='title-recipe']], [[ChromeDriver: chrome on windows (75df211007e189f5b215228a304f9c27)] -> xpath: //div[@data-cy='title-recipe']], [[ChromeDriver: chrome on windows (75df211007e189f5b215228a304f9c27)] -> xpath: //div[@data-cy='title-recipe']], [[ChromeDriver: chrome on windows (75df211007e189f5b215228a304f9c27)] -> xpath: //div[@data-cy='title-recipe']], [[ChromeDriver: chrome on windows (75df211007e189f5b215228a304f9c27)] -> xpath: //div[@data-cy='title-recipe']], [[ChromeDriver: chrome on windows (75df211007e189f5b215228a304f9c27)] -> xpath: //div[@data-cy='title-recipe']], [[ChromeDriver: chrome on windows (75df211007e189f5b215228a304f9c27)] -> xpath: //div[@data-cy='title-recipe']], [[ChromeDriver: chrome on windows (75df211007e189f5b215228a304f9c27)] -> xpath: //div[@data-cy='title-recipe']], [[ChromeDriver: chrome on windows (75df211007e189f5b215228a304f9c27)] -> xpath: //div[@data-cy='title-recipe']], [[ChromeDriver: chrome on windows (75df211007e189f5b215228a304f9c27)] -> xpath: //div[@data-cy='title-recipe']], [[ChromeDriver: chrome on windows (75df211007e189f5b215228a304f9c27)] -> xpath: //div[@data-cy='title-recipe']], [[ChromeDriver: chrome on windows (75df211007e189f5b215228a304f9c27)] -> xpath: //div[@data-cy='title-recipe']], [[ChromeDriver: chrome on windows (75df211007e189f5b215228a304f9c27)] -> xpath: //div[@data-cy='title-recipe']]] from the safeFindElements method
20:28:26 [TestNG-test-Test-1] INFO  verifyingProcessorSpeedFilterFunctionality_Mobile_20-15-38 - [verifyingProcessorSpeedFilterFunctionality_Mobile_20-15-38] Within productNameListingPage loop in applyFilterAndValidateProductsWithResult
20:28:26 [TestNG-test-Test-1] INFO  verifyingProcessorSpeedFilterFunctionality_Mobile_20-15-38 - [verifyingProcessorSpeedFilterFunctionality_Mobile_20-15-38] Within getProductByIndex method
20:28:26 [TestNG-test-Test-1] INFO  verifyingProcessorSpeedFilterFunctionality_Mobile_20-15-38 - [verifyingProcessorSpeedFilterFunctionality_Mobile_20-15-38] Within safeFindElement method
20:28:26 [TestNG-test-Test-1] INFO  verifyingProcessorSpeedFilterFunctionality_Mobile_20-15-38 - [verifyingProcessorSpeedFilterFunctionality_Mobile_20-15-38]Found the element returning it ,element ->[[ChromeDriver: chrome on windows (75df211007e189f5b215228a304f9c27)] -> xpath: (//div[@data-cy='title-recipe'])[14]]
20:28:26 [TestNG-test-Test-1] INFO  verifyingProcessorSpeedFilterFunctionality_Mobile_20-15-38 - [verifyingProcessorSpeedFilterFunctionality_Mobile_20-15-38] Within getProductByIndex method
20:28:26 [TestNG-test-Test-1] INFO  verifyingProcessorSpeedFilterFunctionality_Mobile_20-15-38 - [verifyingProcessorSpeedFilterFunctionality_Mobile_20-15-38] Within smoothScrollToElement method
20:28:26 [TestNG-test-Test-1] INFO  verifyingProcessorSpeedFilterFunctionality_Mobile_20-15-38 - [verifyingProcessorSpeedFilterFunctionality_Mobile_20-15-38] Within safeFindElement method
20:28:26 [TestNG-test-Test-1] INFO  verifyingProcessorSpeedFilterFunctionality_Mobile_20-15-38 - [verifyingProcessorSpeedFilterFunctionality_Mobile_20-15-38]Found the element returning it ,element ->[[ChromeDriver: chrome on windows (75df211007e189f5b215228a304f9c27)] -> xpath: (//div[@data-cy='title-recipe'])[14]]
20:28:26 [TestNG-test-Test-1] INFO  verifyingProcessorSpeedFilterFunctionality_Mobile_20-15-38 - [verifyingProcessorSpeedFilterFunctionality_Mobile_20-15-38] Successfully scrolled to element: By.xpath: (//div[@data-cy='title-recipe'])[14]
20:28:26 [TestNG-test-Test-1] INFO  verifyingProcessorSpeedFilterFunctionality_Mobile_20-15-38 - [verifyingProcessorSpeedFilterFunctionality_Mobile_20-15-38] Getting product by index in productNameListingPage loop
20:28:26 [TestNG-test-Test-1] INFO  verifyingProcessorSpeedFilterFunctionality_Mobile_20-15-38 - [verifyingProcessorSpeedFilterFunctionality_Mobile_20-15-38] Opened product in new tab via Ctrl+Click inside productNameListingPage loop
20:28:26 [TestNG-test-Test-1] INFO  verifyingProcessorSpeedFilterFunctionality_Mobile_20-15-38 - [verifyingProcessorSpeedFilterFunctionality_Mobile_20-15-38] Waiting for new window to open...
20:28:26 [TestNG-test-Test-1] INFO  verifyingProcessorSpeedFilterFunctionality_Mobile_20-15-38 - [verifyingProcessorSpeedFilterFunctionality_Mobile_20-15-38] Switched to new window -> B47D3BA7273EFF601F5BDC592224DEBE
20:28:26 [TestNG-test-Test-1] INFO  verifyingProcessorSpeedFilterFunctionality_Mobile_20-15-38 - [verifyingProcessorSpeedFilterFunctionality_Mobile_20-15-38] Swithcing to the new window  within productNameListingPage loop
20:28:26 [TestNG-test-Test-1] INFO  verifyingProcessorSpeedFilterFunctionality_Mobile_20-15-38 - [verifyingProcessorSpeedFilterFunctionality_Mobile_20-15-38] Clicked product name to open in new tab from productNameListingPage loop
20:28:26 [TestNG-test-Test-1] INFO  verifyingProcessorSpeedFilterFunctionality_Mobile_20-15-38 - [verifyingProcessorSpeedFilterFunctionality_Mobile_20-15-38] Within safeFindElement method
20:28:29 [TestNG-test-Test-1] INFO  verifyingProcessorSpeedFilterFunctionality_Mobile_20-15-38 - [verifyingProcessorSpeedFilterFunctionality_Mobile_20-15-38]Found the element returning it ,element ->[[ChromeDriver: chrome on windows (75df211007e189f5b215228a304f9c27)] -> xpath: //span[@id='productTitle']]
20:28:29 [TestNG-test-Test-1] INFO  verifyingProcessorSpeedFilterFunctionality_Mobile_20-15-38 - [verifyingProcessorSpeedFilterFunctionality_Mobile_20-15-38] Within safeFindElement method
20:28:29 [TestNG-test-Test-1] INFO  verifyingProcessorSpeedFilterFunctionality_Mobile_20-15-38 - [verifyingProcessorSpeedFilterFunctionality_Mobile_20-15-38]Found the element returning it ,element ->[[ChromeDriver: chrome on windows (75df211007e189f5b215228a304f9c27)] -> xpath: //div[@class='a-section a-spacing-small a-spacing-top-small']]
20:28:29 [TestNG-test-Test-1] INFO  verifyingProcessorSpeedFilterFunctionality_Mobile_20-15-38 - [verifyingProcessorSpeedFilterFunctionality_Mobile_20-15-38] Within safeFindElement method
20:28:29 [TestNG-test-Test-1] INFO  verifyingProcessorSpeedFilterFunctionality_Mobile_20-15-38 - [verifyingProcessorSpeedFilterFunctionality_Mobile_20-15-38]Found the element returning it ,element ->[[ChromeDriver: chrome on windows (75df211007e189f5b215228a304f9c27)] -> xpath: //div[@id='feature-bullets']]
20:28:29 [TestNG-test-Test-1] INFO  verifyingProcessorSpeedFilterFunctionality_Mobile_20-15-38 - [verifyingProcessorSpeedFilterFunctionality_Mobile_20-15-38] Within safeFindElement method
20:28:29 [TestNG-test-Test-1] INFO  verifyingProcessorSpeedFilterFunctionality_Mobile_20-15-38 - [verifyingProcessorSpeedFilterFunctionality_Mobile_20-15-38]Found the element returning it ,element ->[[ChromeDriver: chrome on windows (75df211007e189f5b215228a304f9c27)] -> xpath: //div[@id='prodDetails']]
20:28:29 [TestNG-test-Test-1] INFO  verifyingProcessorSpeedFilterFunctionality_Mobile_20-15-38 - [verifyingProcessorSpeedFilterFunctionality_Mobile_20-15-38] Extracting 'name' , 'keyFeatures', 'about' , 'techDetails' within productNameListingPage loop
20:28:29 [TestNG-test-Test-1] INFO  verifyingProcessorSpeedFilterFunctionality_Mobile_20-15-38 - [verifyingProcessorSpeedFilterFunctionality_Mobile_20-15-38] Waiting until element is visible in viewport
20:28:39 [TestNG-test-Test-1] INFO  verifyingProcessorSpeedFilterFunctionality_Mobile_20-15-38 - [verifyingProcessorSpeedFilterFunctionality_Mobile_20-15-38] Within smoothScrollToElement method
20:28:39 [TestNG-test-Test-1] INFO  verifyingProcessorSpeedFilterFunctionality_Mobile_20-15-38 - [verifyingProcessorSpeedFilterFunctionality_Mobile_20-15-38] Within safeFindElement method
20:28:39 [TestNG-test-Test-1] INFO  verifyingProcessorSpeedFilterFunctionality_Mobile_20-15-38 - [verifyingProcessorSpeedFilterFunctionality_Mobile_20-15-38]Found the element returning it ,element ->[[ChromeDriver: chrome on windows (75df211007e189f5b215228a304f9c27)] -> xpath: //a[@id='seeMoreDetailsLink']]
20:28:39 [TestNG-test-Test-1] INFO  verifyingProcessorSpeedFilterFunctionality_Mobile_20-15-38 - [verifyingProcessorSpeedFilterFunctionality_Mobile_20-15-38] Successfully scrolled to element: By.xpath: //a[@id='seeMoreDetailsLink']
20:28:39 [TestNG-test-Test-1] INFO  verifyingProcessorSpeedFilterFunctionality_Mobile_20-15-38 - [verifyingProcessorSpeedFilterFunctionality_Mobile_20-15-38] Within safeClick method
20:28:40 [TestNG-test-Test-1] INFO  verifyingProcessorSpeedFilterFunctionality_Mobile_20-15-38 - [verifyingProcessorSpeedFilterFunctionality_Mobile_20-15-38] Clicked the  [[ChromeDriver: chrome on windows (75df211007e189f5b215228a304f9c27)] -> xpath: //a[@id='seeMoreDetailsLink']]   using safeClick
20:28:40 [TestNG-test-Test-1] INFO  verifyingProcessorSpeedFilterFunctionality_Mobile_20-15-38 - [verifyingProcessorSpeedFilterFunctionality_Mobile_20-15-38] Within try block for clicking see more deatils within productNameListingPage loop
20:28:40 [TestNG-test-Test-1] INFO  verifyingProcessorSpeedFilterFunctionality_Mobile_20-15-38 - [verifyingProcessorSpeedFilterFunctionality_Mobile_20-15-38] Within closeCurrentWindowAndSwitchBack method
20:28:40 [TestNG-test-Test-1] INFO  verifyingProcessorSpeedFilterFunctionality_Mobile_20-15-38 - [verifyingProcessorSpeedFilterFunctionality_Mobile_20-15-38] Total open windows/tabs count -> 2
20:28:40 [TestNG-test-Test-1] INFO  verifyingProcessorSpeedFilterFunctionality_Mobile_20-15-38 - [verifyingProcessorSpeedFilterFunctionality_Mobile_20-15-38] Original window handle -> CDCEAD40B14BD9DE795B8D6B5A8053F4
20:28:40 [TestNG-test-Test-1] INFO  verifyingProcessorSpeedFilterFunctionality_Mobile_20-15-38 - [verifyingProcessorSpeedFilterFunctionality_Mobile_20-15-38] Found new tab/window handle -> B47D3BA7273EFF601F5BDC592224DEBE (will be closed)
20:28:40 [TestNG-test-Test-1] INFO  verifyingProcessorSpeedFilterFunctionality_Mobile_20-15-38 - [verifyingProcessorSpeedFilterFunctionality_Mobile_20-15-38] Successfully switched to new tab/window -> B47D3BA7273EFF601F5BDC592224DEBE
20:28:40 [TestNG-test-Test-1] INFO  verifyingProcessorSpeedFilterFunctionality_Mobile_20-15-38 - [verifyingProcessorSpeedFilterFunctionality_Mobile_20-15-38] Closed the newly opened tab/window -> B47D3BA7273EFF601F5BDC592224DEBE
20:28:40 [TestNG-test-Test-1] INFO  verifyingProcessorSpeedFilterFunctionality_Mobile_20-15-38 - [verifyingProcessorSpeedFilterFunctionality_Mobile_20-15-38] Switched back to the original window -> CDCEAD40B14BD9DE795B8D6B5A8053F4
20:28:40 [TestNG-test-Test-1] INFO  verifyingProcessorSpeedFilterFunctionality_Mobile_20-15-38 - [verifyingProcessorSpeedFilterFunctionality_Mobile_20-15-38]  going back to product listing via closeCurrentWindowAndSwitchBack 
20:28:40 [TestNG-test-Test-1] INFO  verifyingProcessorSpeedFilterFunctionality_Mobile_20-15-38 - [verifyingProcessorSpeedFilterFunctionality_Mobile_20-15-38]  Added 'filter','title','keyFeatures', 'about', 'techDetails' into the Map -> productResult
20:28:40 [TestNG-test-Test-1] INFO  verifyingProcessorSpeedFilterFunctionality_Mobile_20-15-38 - [verifyingProcessorSpeedFilterFunctionality_Mobile_20-15-38]  Added 'productResult' Map into the 'results' i.e list of maps 
20:28:40 [TestNG-test-Test-1] INFO  verifyingProcessorSpeedFilterFunctionality_Mobile_20-15-38 - [verifyingProcessorSpeedFilterFunctionality_Mobile_20-15-38]==========================================================================================================
20:28:40 [TestNG-test-Test-1] INFO  verifyingProcessorSpeedFilterFunctionality_Mobile_20-15-38 - [verifyingProcessorSpeedFilterFunctionality_Mobile_20-15-38] Within safeFindElements 
20:28:40 [TestNG-test-Test-1] INFO  verifyingProcessorSpeedFilterFunctionality_Mobile_20-15-38 - [verifyingProcessorSpeedFilterFunctionality_Mobile_20-15-38] Returning the  [[[ChromeDriver: chrome on windows (75df211007e189f5b215228a304f9c27)] -> xpath: //div[@data-cy='title-recipe']], [[ChromeDriver: chrome on windows (75df211007e189f5b215228a304f9c27)] -> xpath: //div[@data-cy='title-recipe']], [[ChromeDriver: chrome on windows (75df211007e189f5b215228a304f9c27)] -> xpath: //div[@data-cy='title-recipe']], [[ChromeDriver: chrome on windows (75df211007e189f5b215228a304f9c27)] -> xpath: //div[@data-cy='title-recipe']], [[ChromeDriver: chrome on windows (75df211007e189f5b215228a304f9c27)] -> xpath: //div[@data-cy='title-recipe']], [[ChromeDriver: chrome on windows (75df211007e189f5b215228a304f9c27)] -> xpath: //div[@data-cy='title-recipe']], [[ChromeDriver: chrome on windows (75df211007e189f5b215228a304f9c27)] -> xpath: //div[@data-cy='title-recipe']], [[ChromeDriver: chrome on windows (75df211007e189f5b215228a304f9c27)] -> xpath: //div[@data-cy='title-recipe']], [[ChromeDriver: chrome on windows (75df211007e189f5b215228a304f9c27)] -> xpath: //div[@data-cy='title-recipe']], [[ChromeDriver: chrome on windows (75df211007e189f5b215228a304f9c27)] -> xpath: //div[@data-cy='title-recipe']], [[ChromeDriver: chrome on windows (75df211007e189f5b215228a304f9c27)] -> xpath: //div[@data-cy='title-recipe']], [[ChromeDriver: chrome on windows (75df211007e189f5b215228a304f9c27)] -> xpath: //div[@data-cy='title-recipe']], [[ChromeDriver: chrome on windows (75df211007e189f5b215228a304f9c27)] -> xpath: //div[@data-cy='title-recipe']], [[ChromeDriver: chrome on windows (75df211007e189f5b215228a304f9c27)] -> xpath: //div[@data-cy='title-recipe']], [[ChromeDriver: chrome on windows (75df211007e189f5b215228a304f9c27)] -> xpath: //div[@data-cy='title-recipe']], [[ChromeDriver: chrome on windows (75df211007e189f5b215228a304f9c27)] -> xpath: //div[@data-cy='title-recipe']]] from the safeFindElements method
20:28:40 [TestNG-test-Test-1] INFO  verifyingProcessorSpeedFilterFunctionality_Mobile_20-15-38 - [verifyingProcessorSpeedFilterFunctionality_Mobile_20-15-38] Within productNameListingPage loop in applyFilterAndValidateProductsWithResult
20:28:40 [TestNG-test-Test-1] INFO  verifyingProcessorSpeedFilterFunctionality_Mobile_20-15-38 - [verifyingProcessorSpeedFilterFunctionality_Mobile_20-15-38] Within getProductByIndex method
20:28:40 [TestNG-test-Test-1] INFO  verifyingProcessorSpeedFilterFunctionality_Mobile_20-15-38 - [verifyingProcessorSpeedFilterFunctionality_Mobile_20-15-38] Within safeFindElement method
20:28:40 [TestNG-test-Test-1] INFO  verifyingProcessorSpeedFilterFunctionality_Mobile_20-15-38 - [verifyingProcessorSpeedFilterFunctionality_Mobile_20-15-38]Found the element returning it ,element ->[[ChromeDriver: chrome on windows (75df211007e189f5b215228a304f9c27)] -> xpath: (//div[@data-cy='title-recipe'])[15]]
20:28:40 [TestNG-test-Test-1] INFO  verifyingProcessorSpeedFilterFunctionality_Mobile_20-15-38 - [verifyingProcessorSpeedFilterFunctionality_Mobile_20-15-38] Within getProductByIndex method
20:28:40 [TestNG-test-Test-1] INFO  verifyingProcessorSpeedFilterFunctionality_Mobile_20-15-38 - [verifyingProcessorSpeedFilterFunctionality_Mobile_20-15-38] Within smoothScrollToElement method
20:28:40 [TestNG-test-Test-1] INFO  verifyingProcessorSpeedFilterFunctionality_Mobile_20-15-38 - [verifyingProcessorSpeedFilterFunctionality_Mobile_20-15-38] Within safeFindElement method
20:28:40 [TestNG-test-Test-1] INFO  verifyingProcessorSpeedFilterFunctionality_Mobile_20-15-38 - [verifyingProcessorSpeedFilterFunctionality_Mobile_20-15-38]Found the element returning it ,element ->[[ChromeDriver: chrome on windows (75df211007e189f5b215228a304f9c27)] -> xpath: (//div[@data-cy='title-recipe'])[15]]
20:28:40 [TestNG-test-Test-1] INFO  verifyingProcessorSpeedFilterFunctionality_Mobile_20-15-38 - [verifyingProcessorSpeedFilterFunctionality_Mobile_20-15-38] Successfully scrolled to element: By.xpath: (//div[@data-cy='title-recipe'])[15]
20:28:40 [TestNG-test-Test-1] INFO  verifyingProcessorSpeedFilterFunctionality_Mobile_20-15-38 - [verifyingProcessorSpeedFilterFunctionality_Mobile_20-15-38] Getting product by index in productNameListingPage loop
20:28:40 [TestNG-test-Test-1] INFO  verifyingProcessorSpeedFilterFunctionality_Mobile_20-15-38 - [verifyingProcessorSpeedFilterFunctionality_Mobile_20-15-38] Opened product in new tab via Ctrl+Click inside productNameListingPage loop
20:28:40 [TestNG-test-Test-1] INFO  verifyingProcessorSpeedFilterFunctionality_Mobile_20-15-38 - [verifyingProcessorSpeedFilterFunctionality_Mobile_20-15-38] Waiting for new window to open...
20:28:40 [TestNG-test-Test-1] INFO  verifyingProcessorSpeedFilterFunctionality_Mobile_20-15-38 - [verifyingProcessorSpeedFilterFunctionality_Mobile_20-15-38] Switched to new window -> D4BB05A47DDEAC47DFE822BD5ACB3FF3
20:28:40 [TestNG-test-Test-1] INFO  verifyingProcessorSpeedFilterFunctionality_Mobile_20-15-38 - [verifyingProcessorSpeedFilterFunctionality_Mobile_20-15-38] Swithcing to the new window  within productNameListingPage loop
20:28:40 [TestNG-test-Test-1] INFO  verifyingProcessorSpeedFilterFunctionality_Mobile_20-15-38 - [verifyingProcessorSpeedFilterFunctionality_Mobile_20-15-38] Clicked product name to open in new tab from productNameListingPage loop
20:28:40 [TestNG-test-Test-1] INFO  verifyingProcessorSpeedFilterFunctionality_Mobile_20-15-38 - [verifyingProcessorSpeedFilterFunctionality_Mobile_20-15-38] Within safeFindElement method
20:28:43 [TestNG-test-Test-1] INFO  verifyingProcessorSpeedFilterFunctionality_Mobile_20-15-38 - [verifyingProcessorSpeedFilterFunctionality_Mobile_20-15-38]Found the element returning it ,element ->[[ChromeDriver: chrome on windows (75df211007e189f5b215228a304f9c27)] -> xpath: //span[@id='productTitle']]
20:28:43 [TestNG-test-Test-1] INFO  verifyingProcessorSpeedFilterFunctionality_Mobile_20-15-38 - [verifyingProcessorSpeedFilterFunctionality_Mobile_20-15-38] Within safeFindElement method
20:28:43 [TestNG-test-Test-1] INFO  verifyingProcessorSpeedFilterFunctionality_Mobile_20-15-38 - [verifyingProcessorSpeedFilterFunctionality_Mobile_20-15-38]Found the element returning it ,element ->[[ChromeDriver: chrome on windows (75df211007e189f5b215228a304f9c27)] -> xpath: //div[@class='a-section a-spacing-small a-spacing-top-small']]
20:28:43 [TestNG-test-Test-1] INFO  verifyingProcessorSpeedFilterFunctionality_Mobile_20-15-38 - [verifyingProcessorSpeedFilterFunctionality_Mobile_20-15-38] Within safeFindElement method
20:28:43 [TestNG-test-Test-1] INFO  verifyingProcessorSpeedFilterFunctionality_Mobile_20-15-38 - [verifyingProcessorSpeedFilterFunctionality_Mobile_20-15-38]Found the element returning it ,element ->[[ChromeDriver: chrome on windows (75df211007e189f5b215228a304f9c27)] -> xpath: //div[@id='feature-bullets']]
20:28:43 [TestNG-test-Test-1] INFO  verifyingProcessorSpeedFilterFunctionality_Mobile_20-15-38 - [verifyingProcessorSpeedFilterFunctionality_Mobile_20-15-38] Within safeFindElement method
20:28:44 [TestNG-test-Test-1] INFO  verifyingProcessorSpeedFilterFunctionality_Mobile_20-15-38 - [verifyingProcessorSpeedFilterFunctionality_Mobile_20-15-38]Found the element returning it ,element ->[[ChromeDriver: chrome on windows (75df211007e189f5b215228a304f9c27)] -> xpath: //div[@id='prodDetails']]
20:28:44 [TestNG-test-Test-1] INFO  verifyingProcessorSpeedFilterFunctionality_Mobile_20-15-38 - [verifyingProcessorSpeedFilterFunctionality_Mobile_20-15-38] Extracting 'name' , 'keyFeatures', 'about' , 'techDetails' within productNameListingPage loop
20:28:44 [TestNG-test-Test-1] INFO  verifyingProcessorSpeedFilterFunctionality_Mobile_20-15-38 - [verifyingProcessorSpeedFilterFunctionality_Mobile_20-15-38] Waiting until element is visible in viewport
20:28:54 [TestNG-test-Test-1] INFO  verifyingProcessorSpeedFilterFunctionality_Mobile_20-15-38 - [verifyingProcessorSpeedFilterFunctionality_Mobile_20-15-38] Within smoothScrollToElement method
20:28:54 [TestNG-test-Test-1] INFO  verifyingProcessorSpeedFilterFunctionality_Mobile_20-15-38 - [verifyingProcessorSpeedFilterFunctionality_Mobile_20-15-38] Within safeFindElement method
20:28:54 [TestNG-test-Test-1] INFO  verifyingProcessorSpeedFilterFunctionality_Mobile_20-15-38 - [verifyingProcessorSpeedFilterFunctionality_Mobile_20-15-38]Found the element returning it ,element ->[[ChromeDriver: chrome on windows (75df211007e189f5b215228a304f9c27)] -> xpath: //a[@id='seeMoreDetailsLink']]
20:28:54 [TestNG-test-Test-1] INFO  verifyingProcessorSpeedFilterFunctionality_Mobile_20-15-38 - [verifyingProcessorSpeedFilterFunctionality_Mobile_20-15-38] Successfully scrolled to element: By.xpath: //a[@id='seeMoreDetailsLink']
20:28:54 [TestNG-test-Test-1] INFO  verifyingProcessorSpeedFilterFunctionality_Mobile_20-15-38 - [verifyingProcessorSpeedFilterFunctionality_Mobile_20-15-38] Within safeClick method
20:28:54 [TestNG-test-Test-1] INFO  verifyingProcessorSpeedFilterFunctionality_Mobile_20-15-38 - [verifyingProcessorSpeedFilterFunctionality_Mobile_20-15-38] Clicked the  [[ChromeDriver: chrome on windows (75df211007e189f5b215228a304f9c27)] -> xpath: //a[@id='seeMoreDetailsLink']]   using safeClick
20:28:54 [TestNG-test-Test-1] INFO  verifyingProcessorSpeedFilterFunctionality_Mobile_20-15-38 - [verifyingProcessorSpeedFilterFunctionality_Mobile_20-15-38] Within try block for clicking see more deatils within productNameListingPage loop
20:28:54 [TestNG-test-Test-1] INFO  verifyingProcessorSpeedFilterFunctionality_Mobile_20-15-38 - [verifyingProcessorSpeedFilterFunctionality_Mobile_20-15-38] Within closeCurrentWindowAndSwitchBack method
20:28:54 [TestNG-test-Test-1] INFO  verifyingProcessorSpeedFilterFunctionality_Mobile_20-15-38 - [verifyingProcessorSpeedFilterFunctionality_Mobile_20-15-38] Total open windows/tabs count -> 2
20:28:54 [TestNG-test-Test-1] INFO  verifyingProcessorSpeedFilterFunctionality_Mobile_20-15-38 - [verifyingProcessorSpeedFilterFunctionality_Mobile_20-15-38] Original window handle -> CDCEAD40B14BD9DE795B8D6B5A8053F4
20:28:54 [TestNG-test-Test-1] INFO  verifyingProcessorSpeedFilterFunctionality_Mobile_20-15-38 - [verifyingProcessorSpeedFilterFunctionality_Mobile_20-15-38] Found new tab/window handle -> D4BB05A47DDEAC47DFE822BD5ACB3FF3 (will be closed)
20:28:54 [TestNG-test-Test-1] INFO  verifyingProcessorSpeedFilterFunctionality_Mobile_20-15-38 - [verifyingProcessorSpeedFilterFunctionality_Mobile_20-15-38] Successfully switched to new tab/window -> D4BB05A47DDEAC47DFE822BD5ACB3FF3
20:28:55 [TestNG-test-Test-1] INFO  verifyingProcessorSpeedFilterFunctionality_Mobile_20-15-38 - [verifyingProcessorSpeedFilterFunctionality_Mobile_20-15-38] Closed the newly opened tab/window -> D4BB05A47DDEAC47DFE822BD5ACB3FF3
20:28:55 [TestNG-test-Test-1] INFO  verifyingProcessorSpeedFilterFunctionality_Mobile_20-15-38 - [verifyingProcessorSpeedFilterFunctionality_Mobile_20-15-38] Switched back to the original window -> CDCEAD40B14BD9DE795B8D6B5A8053F4
20:28:55 [TestNG-test-Test-1] INFO  verifyingProcessorSpeedFilterFunctionality_Mobile_20-15-38 - [verifyingProcessorSpeedFilterFunctionality_Mobile_20-15-38]  going back to product listing via closeCurrentWindowAndSwitchBack 
20:28:55 [TestNG-test-Test-1] INFO  verifyingProcessorSpeedFilterFunctionality_Mobile_20-15-38 - [verifyingProcessorSpeedFilterFunctionality_Mobile_20-15-38]  Added 'filter','title','keyFeatures', 'about', 'techDetails' into the Map -> productResult
20:28:55 [TestNG-test-Test-1] INFO  verifyingProcessorSpeedFilterFunctionality_Mobile_20-15-38 - [verifyingProcessorSpeedFilterFunctionality_Mobile_20-15-38]  Added 'productResult' Map into the 'results' i.e list of maps 
20:28:55 [TestNG-test-Test-1] INFO  verifyingProcessorSpeedFilterFunctionality_Mobile_20-15-38 - [verifyingProcessorSpeedFilterFunctionality_Mobile_20-15-38]==========================================================================================================
20:28:55 [TestNG-test-Test-1] INFO  verifyingProcessorSpeedFilterFunctionality_Mobile_20-15-38 - [verifyingProcessorSpeedFilterFunctionality_Mobile_20-15-38] Within safeFindElements 
20:28:55 [TestNG-test-Test-1] INFO  verifyingProcessorSpeedFilterFunctionality_Mobile_20-15-38 - [verifyingProcessorSpeedFilterFunctionality_Mobile_20-15-38] Returning the  [[[ChromeDriver: chrome on windows (75df211007e189f5b215228a304f9c27)] -> xpath: //div[@data-cy='title-recipe']], [[ChromeDriver: chrome on windows (75df211007e189f5b215228a304f9c27)] -> xpath: //div[@data-cy='title-recipe']], [[ChromeDriver: chrome on windows (75df211007e189f5b215228a304f9c27)] -> xpath: //div[@data-cy='title-recipe']], [[ChromeDriver: chrome on windows (75df211007e189f5b215228a304f9c27)] -> xpath: //div[@data-cy='title-recipe']], [[ChromeDriver: chrome on windows (75df211007e189f5b215228a304f9c27)] -> xpath: //div[@data-cy='title-recipe']], [[ChromeDriver: chrome on windows (75df211007e189f5b215228a304f9c27)] -> xpath: //div[@data-cy='title-recipe']], [[ChromeDriver: chrome on windows (75df211007e189f5b215228a304f9c27)] -> xpath: //div[@data-cy='title-recipe']], [[ChromeDriver: chrome on windows (75df211007e189f5b215228a304f9c27)] -> xpath: //div[@data-cy='title-recipe']], [[ChromeDriver: chrome on windows (75df211007e189f5b215228a304f9c27)] -> xpath: //div[@data-cy='title-recipe']], [[ChromeDriver: chrome on windows (75df211007e189f5b215228a304f9c27)] -> xpath: //div[@data-cy='title-recipe']], [[ChromeDriver: chrome on windows (75df211007e189f5b215228a304f9c27)] -> xpath: //div[@data-cy='title-recipe']], [[ChromeDriver: chrome on windows (75df211007e189f5b215228a304f9c27)] -> xpath: //div[@data-cy='title-recipe']], [[ChromeDriver: chrome on windows (75df211007e189f5b215228a304f9c27)] -> xpath: //div[@data-cy='title-recipe']], [[ChromeDriver: chrome on windows (75df211007e189f5b215228a304f9c27)] -> xpath: //div[@data-cy='title-recipe']], [[ChromeDriver: chrome on windows (75df211007e189f5b215228a304f9c27)] -> xpath: //div[@data-cy='title-recipe']], [[ChromeDriver: chrome on windows (75df211007e189f5b215228a304f9c27)] -> xpath: //div[@data-cy='title-recipe']]] from the safeFindElements method
20:28:55 [TestNG-test-Test-1] INFO  verifyingProcessorSpeedFilterFunctionality_Mobile_20-15-38 - [verifyingProcessorSpeedFilterFunctionality_Mobile_20-15-38] Within safeClick method
20:28:56 [TestNG-test-Test-1] INFO  verifyingProcessorSpeedFilterFunctionality_Mobile_20-15-38 - [verifyingProcessorSpeedFilterFunctionality_Mobile_20-15-38] Cannot click the butto using safeClick, trying again
20:28:58 [TestNG-test-Test-1] INFO  verifyingProcessorSpeedFilterFunctionality_Mobile_20-15-38 - [verifyingProcessorSpeedFilterFunctionality_Mobile_20-15-38] Cannot click the butto using safeClick, trying again
20:29:00 [TestNG-test-Test-1] INFO  verifyingProcessorSpeedFilterFunctionality_Mobile_20-15-38 - [verifyingProcessorSpeedFilterFunctionality_Mobile_20-15-38] Skipping click action: Element not clickable after- 2
20:29:00 [TestNG-test-Test-1] INFO  verifyingProcessorSpeedFilterFunctionality_Mobile_20-15-38 - [verifyingProcessorSpeedFilterFunctionality_Mobile_20-15-38] Clearing the filter value ->2.5 GHz & Abovewithin productNameListingPage loop
20:29:00 [TestNG-test-Test-1] INFO  verifyingProcessorSpeedFilterFunctionality_Mobile_20-15-38 - [verifyingProcessorSpeedFilterFunctionality_Mobile_20-15-38]==========================================================================================================
20:29:00 [TestNG-test-Test-1] INFO  verifyingProcessorSpeedFilterFunctionality_Mobile_20-15-38 - [verifyingProcessorSpeedFilterFunctionality_Mobile_20-15-38]==========================================================================================================
20:29:00 [TestNG-test-Test-1] INFO  verifyingProcessorSpeedFilterFunctionality_Mobile_20-15-38 - [verifyingProcessorSpeedFilterFunctionality_Mobile_20-15-38] Within filterOptions loop in applyFilterAndValidateProductsWithResult
20:29:00 [TestNG-test-Test-1] INFO  verifyingProcessorSpeedFilterFunctionality_Mobile_20-15-38 - [verifyingProcessorSpeedFilterFunctionality_Mobile_20-15-38] Within safeFindElements 
20:29:00 [TestNG-test-Test-1] INFO  verifyingProcessorSpeedFilterFunctionality_Mobile_20-15-38 - [verifyingProcessorSpeedFilterFunctionality_Mobile_20-15-38] Returning the  [[[ChromeDriver: chrome on windows (75df211007e189f5b215228a304f9c27)] -> xpath: //span[@class='a-size-base a-color-base puis-bold-weight-text' and text()='Processor Speed']/parent::div/following-sibling::ul//span[@class='a-size-base a-color-base']]] from the safeFindElements method
20:29:00 [TestNG-test-Test-1] INFO  verifyingProcessorSpeedFilterFunctionality_Mobile_20-15-38 - [verifyingProcessorSpeedFilterFunctionality_Mobile_20-15-38] Limiting traversal to in-loop size to prevent IndexOutOfBoundsException in applyFilterAndValidateProductsWithResult
20:29:00 [TestNG-test-Test-1] ERROR verifyingProcessorSpeedFilterFunctionality_Mobile_20-15-38 - [verifyingProcessorSpeedFilterFunctionality_Mobile_20-15-38] Mismatch found for filter 'less than 0.99 ghz' on product 'realme p4x 5g smartphone, lake green, 6gb ram, 128gb storage'
20:29:00 [TestNG-test-Test-1] ERROR verifyingProcessorSpeedFilterFunctionality_Mobile_20-15-38 - [verifyingProcessorSpeedFilterFunctionality_Mobile_20-15-38] Mismatch found for filter 'less than 0.99 ghz' on product 'redmi note 15 se 5g smartphone, frosted white, 8gb ram, 256gb, 5800mah battery, ip66 military grade'
20:29:00 [TestNG-test-Test-1] ERROR verifyingProcessorSpeedFilterFunctionality_Mobile_20-15-38 - [verifyingProcessorSpeedFilterFunctionality_Mobile_20-15-38] Mismatch found for filter 'less than 0.99 ghz' on product 'apple iphone 17 256 gb: 15.93 cm (6.3″) display with promotion, a19 chip, center stage front camera for smarter group selfies, improved scratch resistance, all-day battery life; white'
20:29:00 [TestNG-test-Test-1] ERROR verifyingProcessorSpeedFilterFunctionality_Mobile_20-15-38 - [verifyingProcessorSpeedFilterFunctionality_Mobile_20-15-38] Mismatch found for filter 'less than 0.99 ghz' on product 'redmi note 15 se 5g smartphone, crimson reserve, 8gb ram, 256gb, 5800mah battery, ip66 military grade'
20:29:00 [TestNG-test-Test-1] ERROR verifyingProcessorSpeedFilterFunctionality_Mobile_20-15-38 - [verifyingProcessorSpeedFilterFunctionality_Mobile_20-15-38] Mismatch found for filter 'less than 0.99 ghz' on product 'google pixel 10 5g (obsidian, 12gb ram, 256gb storage)'
20:29:00 [TestNG-test-Test-1] ERROR verifyingProcessorSpeedFilterFunctionality_Mobile_20-15-38 - [verifyingProcessorSpeedFilterFunctionality_Mobile_20-15-38] Mismatch found for filter 'less than 0.99 ghz' on product 'lava a2 smart (2025) dual sim keypad mobile phone - 2.4'' big display | built-in upi payments | 1200mah battery | bluetooth feature | camera | auto call recording | and 9 regional languages - blue'
20:29:00 [TestNG-test-Test-1] ERROR verifyingProcessorSpeedFilterFunctionality_Mobile_20-15-38 - [verifyingProcessorSpeedFilterFunctionality_Mobile_20-15-38] Mismatch found for filter 'less than 0.99 ghz' on product 'nothing phone (3a) lite (blue, 128 gb) (8 gb ram)'
20:29:00 [TestNG-test-Test-1] ERROR verifyingProcessorSpeedFilterFunctionality_Mobile_20-15-38 - [verifyingProcessorSpeedFilterFunctionality_Mobile_20-15-38] Mismatch found for filter 'less than 0.99 ghz' on product 'realme 11 5g| dynamic ultra smooth display | up to 8gb+8gb dynamic ram | 108mp 3× zoom | 16mp selfie camera | dimensity 6100+ 5g processor | 67w supervooc charge'
20:29:00 [TestNG-test-Test-1] ERROR verifyingProcessorSpeedFilterFunctionality_Mobile_20-15-38 - [verifyingProcessorSpeedFilterFunctionality_Mobile_20-15-38] Mismatch found for filter 'less than 0.99 ghz' on product 'nokia 105 classic | single sim keypad phone with built-in upi payments, long-lasting battery, wireless fm radio, without charger| 1 year replacement guarantee | charcoal'
20:29:00 [TestNG-test-Test-1] ERROR verifyingProcessorSpeedFilterFunctionality_Mobile_20-15-38 - [verifyingProcessorSpeedFilterFunctionality_Mobile_20-15-38] Mismatch found for filter 'less than 0.99 ghz' on product 'nokia all-new 105 dual sim keypad phone with built-in upi payments, long-lasting battery, wireless fm radio | charcoal'
20:29:00 [TestNG-test-Test-1] ERROR verifyingProcessorSpeedFilterFunctionality_Mobile_20-15-38 - [verifyingProcessorSpeedFilterFunctionality_Mobile_20-15-38] Mismatch found for filter 'less than 0.99 ghz' on product 'apple iphone air 256 gb: thinnest iphone ever, 16.63 cm (6.5″) display with promotion up to 120hz, powerful a19 pro chip, center stage front camera, all-day battery life; light gold'
20:29:00 [TestNG-test-Test-1] ERROR verifyingProcessorSpeedFilterFunctionality_Mobile_20-15-38 - [verifyingProcessorSpeedFilterFunctionality_Mobile_20-15-38] Mismatch found for filter 'less than 0.99 ghz' on product 'nokia 130 music | built-in powerful loud speaker with music player & wireless fm radio | dedicated music button | big 2.4 display | 1 month standby battery life | 1 year replacement guarantee | purple'
20:29:00 [TestNG-test-Test-1] ERROR verifyingProcessorSpeedFilterFunctionality_Mobile_20-15-38 - [verifyingProcessorSpeedFilterFunctionality_Mobile_20-15-38] Mismatch found for filter 'less than 0.99 ghz' on product 'micromax x1i smart plus - black red'
20:29:00 [TestNG-test-Test-1] ERROR verifyingProcessorSpeedFilterFunctionality_Mobile_20-15-38 - [verifyingProcessorSpeedFilterFunctionality_Mobile_20-15-38] Mismatch found for filter 'less than 0.99 ghz' on product 'oppo f31 pro 5g 128gb 8gb-desert gold'
20:29:00 [TestNG-test-Test-1] ERROR verifyingProcessorSpeedFilterFunctionality_Mobile_20-15-38 - [verifyingProcessorSpeedFilterFunctionality_Mobile_20-15-38] Mismatch found for filter 'less than 0.99 ghz' on product 'nokia 123 shield 2g keypad mobile phone | water resistant| dust resistant | strong signal| phonepe| long lasting battery | strong torch | 1‑year replacement guarantee | type-c charging | green'
20:29:00 [TestNG-test-Test-1] ERROR verifyingProcessorSpeedFilterFunctionality_Mobile_20-15-38 - [verifyingProcessorSpeedFilterFunctionality_Mobile_20-15-38] Mismatch found for filter '1.5 - 1.99 ghz' on product 'realme narzo 80 lite 4g (see blue,4gb+64gb) 2026 | 6300mah segment's biggest battery | 7.94mm slim design | 300% ultra volume | pulse light: 9 colors, 5 glow modes | ai assist'
20:29:00 [TestNG-test-Test-1] ERROR verifyingProcessorSpeedFilterFunctionality_Mobile_20-15-38 - [verifyingProcessorSpeedFilterFunctionality_Mobile_20-15-38] Mismatch found for filter '1.5 - 1.99 ghz' on product 'redmi a7 pro 4g (black, 4gb ram, 64gb storage) | segment's slimmest smartphone | segment's largest 6300mah battery | segment's largest 17.53cm and smoothest 120hz display | charger in the box'
20:29:00 [TestNG-test-Test-1] ERROR verifyingProcessorSpeedFilterFunctionality_Mobile_20-15-38 - [verifyingProcessorSpeedFilterFunctionality_Mobile_20-15-38] Mismatch found for filter '1.5 - 1.99 ghz' on product 'ai+ pulse 2, purple'
20:29:00 [TestNG-test-Test-1] ERROR verifyingProcessorSpeedFilterFunctionality_Mobile_20-15-38 - [verifyingProcessorSpeedFilterFunctionality_Mobile_20-15-38] Mismatch found for filter '1.5 - 1.99 ghz' on product 'poco c81x, crystal black (3gb, 64gb)'
20:29:00 [TestNG-test-Test-1] ERROR verifyingProcessorSpeedFilterFunctionality_Mobile_20-15-38 - [verifyingProcessorSpeedFilterFunctionality_Mobile_20-15-38] Mismatch found for filter '1.5 - 1.99 ghz' on product 'realme p4x 5g smartphone, lake green, 6gb ram, 128gb storage'
20:29:00 [TestNG-test-Test-1] ERROR verifyingProcessorSpeedFilterFunctionality_Mobile_20-15-38 - [verifyingProcessorSpeedFilterFunctionality_Mobile_20-15-38] Mismatch found for filter '1.5 - 1.99 ghz' on product 'realme p4 lite smartphone, 4gb ram, 64gb storage, beach gold'
20:29:00 [TestNG-test-Test-1] ERROR verifyingProcessorSpeedFilterFunctionality_Mobile_20-15-38 - [verifyingProcessorSpeedFilterFunctionality_Mobile_20-15-38] Mismatch found for filter '1.5 - 1.99 ghz' on product 'poco c81x, ice blue (3gb, 64gb)'
20:29:00 [TestNG-test-Test-1] ERROR verifyingProcessorSpeedFilterFunctionality_Mobile_20-15-38 - [verifyingProcessorSpeedFilterFunctionality_Mobile_20-15-38] Mismatch found for filter '1.5 - 1.99 ghz' on product 'redmi a7 pro 4g (sunset orange, 4gb ram, 64gb storage) | segment's slimmest smartphone | segment's largest 6300mah battery| segment's largest 17.53cm and smoothest 120hz display'
20:29:00 [TestNG-test-Test-1] ERROR verifyingProcessorSpeedFilterFunctionality_Mobile_20-15-38 - [verifyingProcessorSpeedFilterFunctionality_Mobile_20-15-38] Mismatch found for filter '1.5 - 1.99 ghz' on product 'redmi a7 4g (black, 3 gb ram, 64gb storage) | large 17.48cm (6.88) smooth 120hz display | 5200mah 2-day battery | royale design | charger in the box'
20:29:00 [TestNG-test-Test-1] ERROR verifyingProcessorSpeedFilterFunctionality_Mobile_20-15-38 - [verifyingProcessorSpeedFilterFunctionality_Mobile_20-15-38] Mismatch found for filter '1.5 - 1.99 ghz' on product 'apple iphone 17 256 gb: 15.93 cm (6.3″) display with promotion, a19 chip, center stage front camera for smarter group selfies, improved scratch resistance, all-day battery life; white'
20:29:00 [TestNG-test-Test-1] ERROR verifyingProcessorSpeedFilterFunctionality_Mobile_20-15-38 - [verifyingProcessorSpeedFilterFunctionality_Mobile_20-15-38] Mismatch found for filter '1.5 - 1.99 ghz' on product 'poco c81, sunset gold (4gb, 64gb)'
20:29:00 [TestNG-test-Test-1] ERROR verifyingProcessorSpeedFilterFunctionality_Mobile_20-15-38 - [verifyingProcessorSpeedFilterFunctionality_Mobile_20-15-38] Mismatch found for filter '1.5 - 1.99 ghz' on product 'poco c71, cool blue (4gb, 64gb)'
20:29:00 [TestNG-test-Test-1] ERROR verifyingProcessorSpeedFilterFunctionality_Mobile_20-15-38 - [verifyingProcessorSpeedFilterFunctionality_Mobile_20-15-38] Mismatch found for filter '1.5 - 1.99 ghz' on product 'redmi note 15 se 5g smartphone, frosted white, 8gb ram, 256gb, 5800mah battery, ip66 military grade'
20:29:00 [TestNG-test-Test-1] ERROR verifyingProcessorSpeedFilterFunctionality_Mobile_20-15-38 - [verifyingProcessorSpeedFilterFunctionality_Mobile_20-15-38] Mismatch found for filter '1.5 - 1.99 ghz' on product 'realme narzo 80 lite 4g (obsidian black 2026, 4gb+64gb) | 6300mah segment's biggest battery | 7.94mm slim design | 300% ultra volume | pulse light: 9 colors, 5 glow modes | ai assist'
20:29:00 [TestNG-test-Test-1] ERROR verifyingProcessorSpeedFilterFunctionality_Mobile_20-15-38 - [verifyingProcessorSpeedFilterFunctionality_Mobile_20-15-38] Mismatch found for filter '1.5 - 1.99 ghz' on product 'ai+ pulse 2, 6.745 inch hd+ display, 4gb ram, 64gb storage, android 16, unisoc t7250 octa core, 50mp camera, 6000mah battery, blue'
20:29:00 [TestNG-test-Test-1] ERROR verifyingProcessorSpeedFilterFunctionality_Mobile_20-15-38 - [verifyingProcessorSpeedFilterFunctionality_Mobile_20-15-38] Mismatch found for filter '2.5 ghz & above' on product 'realme narzo 80 lite 4g (see blue,4gb+64gb) 2026 | 6300mah segment's biggest battery | 7.94mm slim design | 300% ultra volume | pulse light: 9 colors, 5 glow modes | ai assist'
20:29:00 [TestNG-test-Test-1] ERROR verifyingProcessorSpeedFilterFunctionality_Mobile_20-15-38 - [verifyingProcessorSpeedFilterFunctionality_Mobile_20-15-38] Mismatch found for filter '2.5 ghz & above' on product 'samsung galaxy a56 5g (awesome olive, 8gb, 256gb) | segment most complete triple camera | ai editing | 4nm processor | samoled display| gorilla glass victus+| 5 gen os upgrades'
20:29:00 [TestNG-test-Test-1] ERROR verifyingProcessorSpeedFilterFunctionality_Mobile_20-15-38 - [verifyingProcessorSpeedFilterFunctionality_Mobile_20-15-38] Mismatch found for filter '2.5 ghz & above' on product 'oneplus nord ce6 | 8gb+256gb | lunar pearl | snapdragon 7s gen 4 | segment's fastest touch response | 8000mah battery | 144hz 1.5k amoled display | 50mp main + 32mp selfie 4k cameras | ip66,68,69,69k'
20:29:00 [TestNG-test-Test-1] ERROR verifyingProcessorSpeedFilterFunctionality_Mobile_20-15-38 - [verifyingProcessorSpeedFilterFunctionality_Mobile_20-15-38] Mismatch found for filter '2.5 ghz & above' on product 'apple iphone air 256 gb: thinnest iphone ever, 16.63 cm (6.5″) display with promotion up to 120hz, powerful a19 pro chip, center stage front camera, all-day battery life; light gold'
20:29:00 [TestNG-test-Test-1] ERROR verifyingProcessorSpeedFilterFunctionality_Mobile_20-15-38 - [verifyingProcessorSpeedFilterFunctionality_Mobile_20-15-38] Mismatch found for filter '2.5 ghz & above' on product 'realme narzo power 5g (titan silver,8gb+256gb) 10001mah power. stay unstoppable. | 144hz curved+ amoled display | revolutionary dual-chip system | 50mp sony ois camera'
20:29:00 [TestNG-test-Test-1] ERROR verifyingProcessorSpeedFilterFunctionality_Mobile_20-15-38 - [verifyingProcessorSpeedFilterFunctionality_Mobile_20-15-38] Mismatch found for filter '2.5 ghz & above' on product 'oneplus nord ce6 lite | 8gb+128gb | hyper black | segment's fastest dimensity 7400 apex processor | 7000mah battery | segment's highest 144hz refresh rate | 50mp main camera, 4k video recording'
20:29:00 [TestNG-test-Test-1] ERROR verifyingProcessorSpeedFilterFunctionality_Mobile_20-15-38 - [verifyingProcessorSpeedFilterFunctionality_Mobile_20-15-38] Mismatch found for filter '2.5 ghz & above' on product 'oneplus nord 6 | 8gb+256gb | pitch black | snapdragon 8s gen 4 | segment's first stable 165fps gaming | segment's largest 9000mah battery | most complete ip rating | personalized ai'
20:29:00 [TestNG-test-Test-1] ERROR verifyingProcessorSpeedFilterFunctionality_Mobile_20-15-38 - [verifyingProcessorSpeedFilterFunctionality_Mobile_20-15-38] Mismatch found for filter '2.5 ghz & above' on product 'redmi a7 pro 4g (black, 4gb ram, 64gb storage) | segment's slimmest smartphone | segment's largest 6300mah battery | segment's largest 17.53cm and smoothest 120hz display | charger in the box'
20:29:00 [TestNG-test-Test-1] ERROR verifyingProcessorSpeedFilterFunctionality_Mobile_20-15-38 - [verifyingProcessorSpeedFilterFunctionality_Mobile_20-15-38] Mismatch found for filter '2.5 ghz & above' on product 'realme p3 ultra (neptune blue, 12gb ram, 256gb storage)'
20:29:00 [TestNG-test-Test-1] ERROR verifyingProcessorSpeedFilterFunctionality_Mobile_20-15-38 - [verifyingProcessorSpeedFilterFunctionality_Mobile_20-15-38] Mismatch found for filter '2.5 ghz & above' on product 'ai+ pulse 2, purple'
20:29:00 [TestNG-test-Test-1] ERROR verifyingProcessorSpeedFilterFunctionality_Mobile_20-15-38 - [verifyingProcessorSpeedFilterFunctionality_Mobile_20-15-38] Mismatch found for filter '2.5 ghz & above' on product 'oneplus nord ce6 | 8gb+128gb | lunar pearl | snapdragon 7s gen 4 | segment's fastest touch response | 8000mah battery | 144hz 1.5k amoled display | 50mp main + 32mp selfie 4k cameras | ip66,68,69,69k'
20:29:00 [TestNG-test-Test-1] ERROR verifyingProcessorSpeedFilterFunctionality_Mobile_20-15-38 - [verifyingProcessorSpeedFilterFunctionality_Mobile_20-15-38] Mismatch found for filter '2.5 ghz & above' on product 'zeno 100 lite | unisoc octa-core processor | 2gb + 4gb ram 64gb storage | 5000mah battery | 6.6" hd+ 90hz display | dts sound | silk green'
20:29:00 [TestNG-test-Test-1] ERROR verifyingProcessorSpeedFilterFunctionality_Mobile_20-15-38 - [verifyingProcessorSpeedFilterFunctionality_Mobile_20-15-38] Mismatch found for filter '2.5 ghz & above' on product 'motorola moto g37 power 5g (pantone capri, 128gb storage, 4gb ram) | 6.67-inch hd+ 120hz display | dimensity 6400 | 50mp camera | 7000mah battery | 30w charging'
20:29:00 [TestNG-test-Test-1] ERROR verifyingProcessorSpeedFilterFunctionality_Mobile_20-15-38 - [verifyingProcessorSpeedFilterFunctionality_Mobile_20-15-38] Mismatch found for filter '2.5 ghz & above' on product 'samsung galaxy s25 edge 5g ai smartphone (titanium silver, 12gb ram, 256gb storage) | precision built with titanium | ultra-sleek and premium with a 200 mp camera | snapdragon 8 elite for galaxy'
20:29:00 [TestNG-test-Test-1] ERROR verifyingProcessorSpeedFilterFunctionality_Mobile_20-15-38 - [verifyingProcessorSpeedFilterFunctionality_Mobile_20-15-38] Mismatch found for filter '2.5 ghz & above' on product 'iqoo z11 5g (aurora green, 12gb ram, 256gb storage) | india's 1st mediatek dimensity 7500 turbo processor* | 3d curved display- brightest display in the segment* | ai captions- record & recap*'
20:29:00 [TestNG-test-Test-1] INFO  verifyingProcessorSpeedFilterFunctionality_Mobile_20-15-38 - [verifyingProcessorSpeedFilterFunctionality_Mobile_20-15-38] Final assertion for processor speed filter validation starting...
