21:03:49 [TestNG-test-Test-1] INFO  verifyingDisplayTypeFilterFunctionality_Tablet_21-03-49 - No existing WebDriver found for current thread. Initializing a new ChromeDriver...
21:03:49 [TestNG-test-Test-1] INFO  verifyingDisplayTypeFilterFunctionality_Tablet_21-03-49 - WebDriverManager: chromedriver setup OK
21:03:51 [TestNG-test-Test-1] INFO  verifyingDisplayTypeFilterFunctionality_Tablet_21-03-49 - ChromeDriver initialized successfully for thread: 34
21:03:51 [TestNG-test-Test-1] INFO  verifyingDisplayTypeFilterFunctionality_Tablet_21-03-49 - [verifyingDisplayTypeFilterFunctionality_Tablet_21-03-49] Opening amazon Landing page
21:03:51 [TestNG-test-Test-1] INFO  verifyingDisplayTypeFilterFunctionality_Tablet_21-03-49 - [verifyingDisplayTypeFilterFunctionality_Tablet_21-03-49] Within safeFindElement method
21:03:53 [TestNG-test-Test-1] INFO  verifyingDisplayTypeFilterFunctionality_Tablet_21-03-49 - [verifyingDisplayTypeFilterFunctionality_Tablet_21-03-49]Found the element returning it ,element ->[[ChromeDriver: chrome on windows (d29da8f50220042dd5c7bb6155fa1d5a)] -> xpath: //a[@id='nav-logo-sprites']]
21:03:54 [TestNG-test-Test-1] INFO  verifyingDisplayTypeFilterFunctionality_Tablet_21-03-49 - [verifyingDisplayTypeFilterFunctionality_Tablet_21-03-49] Giving input within the search bar
21:03:54 [TestNG-test-Test-1] INFO  verifyingDisplayTypeFilterFunctionality_Tablet_21-03-49 - [verifyingDisplayTypeFilterFunctionality_Tablet_21-03-49] Within safeClick method
21:03:57 [TestNG-test-Test-1] INFO  verifyingDisplayTypeFilterFunctionality_Tablet_21-03-49 - [verifyingDisplayTypeFilterFunctionality_Tablet_21-03-49] Clicked the  [[ChromeDriver: chrome on windows (d29da8f50220042dd5c7bb6155fa1d5a)] -> xpath: //input[@id='nav-search-submit-button']]   using safeClick
21:03:57 [TestNG-test-Test-1] INFO  verifyingDisplayTypeFilterFunctionality_Tablet_21-03-49 - [verifyingDisplayTypeFilterFunctionality_Tablet_21-03-49] Clicking on the submit in the search bar
21:03:57 [TestNG-test-Test-1] INFO  verifyingDisplayTypeFilterFunctionality_Tablet_21-03-49 - [verifyingDisplayTypeFilterFunctionality_Tablet_21-03-49] Within filterCheckUnderList method
21:03:58 [TestNG-test-Test-1] INFO  verifyingDisplayTypeFilterFunctionality_Tablet_21-03-49 - [verifyingDisplayTypeFilterFunctionality_Tablet_21-03-49] Found the Filter within the filter check List
21:03:58 [TestNG-test-Test-1] INFO  verifyingDisplayTypeFilterFunctionality_Tablet_21-03-49 - [verifyingDisplayTypeFilterFunctionality_Tablet_21-03-49] Within applyFilterAndValidateProductsWithResult method
21:03:58 [TestNG-test-Test-1] INFO  verifyingDisplayTypeFilterFunctionality_Tablet_21-03-49 - [verifyingDisplayTypeFilterFunctionality_Tablet_21-03-49] Within safeFindElements 
21:03:58 [TestNG-test-Test-1] INFO  verifyingDisplayTypeFilterFunctionality_Tablet_21-03-49 - [verifyingDisplayTypeFilterFunctionality_Tablet_21-03-49] Returning the  [[[ChromeDriver: chrome on windows (d29da8f50220042dd5c7bb6155fa1d5a)] -> xpath: //span[@class='a-size-base a-color-base puis-bold-weight-text' and text()='Display Type']/parent::div/following-sibling::ul//span[@class='a-size-base a-color-base']], [[ChromeDriver: chrome on windows (d29da8f50220042dd5c7bb6155fa1d5a)] -> xpath: //span[@class='a-size-base a-color-base puis-bold-weight-text' and text()='Display Type']/parent::div/following-sibling::ul//span[@class='a-size-base a-color-base']], [[ChromeDriver: chrome on windows (d29da8f50220042dd5c7bb6155fa1d5a)] -> xpath: //span[@class='a-size-base a-color-base puis-bold-weight-text' and text()='Display Type']/parent::div/following-sibling::ul//span[@class='a-size-base a-color-base']]] from the safeFindElements method
21:03:58 [TestNG-test-Test-1] INFO  verifyingDisplayTypeFilterFunctionality_Tablet_21-03-49 - [verifyingDisplayTypeFilterFunctionality_Tablet_21-03-49] Within applyFilterAndValidateProductsWithResult filterOptions size is -> 3
21:03:58 [TestNG-test-Test-1] INFO  verifyingDisplayTypeFilterFunctionality_Tablet_21-03-49 - [verifyingDisplayTypeFilterFunctionality_Tablet_21-03-49] Execution is scheduled type /CRON Job on CI Hence refering to CI keys from UtilData
21:03:58 [TestNG-test-Test-1] INFO  verifyingDisplayTypeFilterFunctionality_Tablet_21-03-49 - [verifyingDisplayTypeFilterFunctionality_Tablet_21-03-49] Within filterOptions loop in applyFilterAndValidateProductsWithResult
21:03:58 [TestNG-test-Test-1] INFO  verifyingDisplayTypeFilterFunctionality_Tablet_21-03-49 - [verifyingDisplayTypeFilterFunctionality_Tablet_21-03-49] Within safeFindElements 
21:03:58 [TestNG-test-Test-1] INFO  verifyingDisplayTypeFilterFunctionality_Tablet_21-03-49 - [verifyingDisplayTypeFilterFunctionality_Tablet_21-03-49] Returning the  [[[ChromeDriver: chrome on windows (d29da8f50220042dd5c7bb6155fa1d5a)] -> xpath: //span[@class='a-size-base a-color-base puis-bold-weight-text' and text()='Display Type']/parent::div/following-sibling::ul//span[@class='a-size-base a-color-base']], [[ChromeDriver: chrome on windows (d29da8f50220042dd5c7bb6155fa1d5a)] -> xpath: //span[@class='a-size-base a-color-base puis-bold-weight-text' and text()='Display Type']/parent::div/following-sibling::ul//span[@class='a-size-base a-color-base']], [[ChromeDriver: chrome on windows (d29da8f50220042dd5c7bb6155fa1d5a)] -> xpath: //span[@class='a-size-base a-color-base puis-bold-weight-text' and text()='Display Type']/parent::div/following-sibling::ul//span[@class='a-size-base a-color-base']]] from the safeFindElements method
21:03:58 [TestNG-test-Test-1] INFO  verifyingDisplayTypeFilterFunctionality_Tablet_21-03-49 - [verifyingDisplayTypeFilterFunctionality_Tablet_21-03-49] Trying to read filter option 0 (attempt 1/3)
21:03:58 [TestNG-test-Test-1] INFO  verifyingDisplayTypeFilterFunctionality_Tablet_21-03-49 - [verifyingDisplayTypeFilterFunctionality_Tablet_21-03-49] Successfully read filter option 0 = 'IPS'
21:03:58 [TestNG-test-Test-1] INFO  verifyingDisplayTypeFilterFunctionality_Tablet_21-03-49 - [verifyingDisplayTypeFilterFunctionality_Tablet_21-03-49] Within getfilterByTypeAndName method
21:03:58 [TestNG-test-Test-1] INFO  verifyingDisplayTypeFilterFunctionality_Tablet_21-03-49 - [verifyingDisplayTypeFilterFunctionality_Tablet_21-03-49] Within safeClickBooleanWithScreenShot method
21:03:58 [TestNG-test-Test-1] INFO  verifyingDisplayTypeFilterFunctionality_Tablet_21-03-49 - [verifyingDisplayTypeFilterFunctionality_Tablet_21-03-49] Within getAppliedfilterByTypeAndName method
21:03:58 [TestNG-test-Test-1] INFO  verifyingDisplayTypeFilterFunctionality_Tablet_21-03-49 - [verifyingDisplayTypeFilterFunctionality_Tablet_21-03-49] Within smoothScrollToElement method
21:03:58 [TestNG-test-Test-1] INFO  verifyingDisplayTypeFilterFunctionality_Tablet_21-03-49 - [verifyingDisplayTypeFilterFunctionality_Tablet_21-03-49] Within safeFindElement method
21:03:58 [TestNG-test-Test-1] INFO  verifyingDisplayTypeFilterFunctionality_Tablet_21-03-49 - [verifyingDisplayTypeFilterFunctionality_Tablet_21-03-49]Found the element returning it ,element ->[[ChromeDriver: chrome on windows (d29da8f50220042dd5c7bb6155fa1d5a)] -> xpath: //span[@class='a-size-base a-color-base puis-bold-weight-text' and text()='Display Type']]
21:03:58 [TestNG-test-Test-1] INFO  verifyingDisplayTypeFilterFunctionality_Tablet_21-03-49 - [verifyingDisplayTypeFilterFunctionality_Tablet_21-03-49] Successfully scrolled to element: By.xpath: //span[@class='a-size-base a-color-base puis-bold-weight-text' and text()='Display Type']
21:03:58 [TestNG-test-Test-1] INFO  verifyingDisplayTypeFilterFunctionality_Tablet_21-03-49 - [verifyingDisplayTypeFilterFunctionality_Tablet_21-03-49] Within getMoreButtonByFilterTypeAndName method
21:03:58 [TestNG-test-Test-1] INFO  verifyingDisplayTypeFilterFunctionality_Tablet_21-03-49 - [verifyingDisplayTypeFilterFunctionality_Tablet_21-03-49] could not find more button
21:03:58 [TestNG-test-Test-1] INFO  verifyingDisplayTypeFilterFunctionality_Tablet_21-03-49 - [verifyingDisplayTypeFilterFunctionality_Tablet_21-03-49] Within getAppliedfilterByTypeAndName method
21:03:58 [TestNG-test-Test-1] INFO  verifyingDisplayTypeFilterFunctionality_Tablet_21-03-49 - [verifyingDisplayTypeFilterFunctionality_Tablet_21-03-49] Within smoothScrollToElement method
21:03:58 [TestNG-test-Test-1] INFO  verifyingDisplayTypeFilterFunctionality_Tablet_21-03-49 - [verifyingDisplayTypeFilterFunctionality_Tablet_21-03-49] Within safeFindElement method
21:04:00 [TestNG-test-Test-1] INFO  verifyingDisplayTypeFilterFunctionality_Tablet_21-03-49 - [verifyingDisplayTypeFilterFunctionality_Tablet_21-03-49]Found the element returning it ,element ->[[ChromeDriver: chrome on windows (d29da8f50220042dd5c7bb6155fa1d5a)] -> xpath: //span[@class='a-size-base a-color-base puis-bold-weight-text' and text()='Display Type']]
21:04:00 [TestNG-test-Test-1] INFO  verifyingDisplayTypeFilterFunctionality_Tablet_21-03-49 - [verifyingDisplayTypeFilterFunctionality_Tablet_21-03-49] Successfully scrolled to element: By.xpath: //span[@class='a-size-base a-color-base puis-bold-weight-text' and text()='Display Type']
21:04:00 [TestNG-test-Test-1] INFO  verifyingDisplayTypeFilterFunctionality_Tablet_21-03-49 - [verifyingDisplayTypeFilterFunctionality_Tablet_21-03-49] Within getMoreButtonByFilterTypeAndName method
21:04:00 [TestNG-test-Test-1] INFO  verifyingDisplayTypeFilterFunctionality_Tablet_21-03-49 - [verifyingDisplayTypeFilterFunctionality_Tablet_21-03-49] could not find more button
21:04:00 [TestNG-test-Test-1] INFO  verifyingDisplayTypeFilterFunctionality_Tablet_21-03-49 - [verifyingDisplayTypeFilterFunctionality_Tablet_21-03-49] Within getfilterByTypeAndName method
21:04:00 [TestNG-test-Test-1] INFO  verifyingDisplayTypeFilterFunctionality_Tablet_21-03-49 - [verifyingDisplayTypeFilterFunctionality_Tablet_21-03-49] Within smoothScrollToElement method
21:04:00 [TestNG-test-Test-1] INFO  verifyingDisplayTypeFilterFunctionality_Tablet_21-03-49 - [verifyingDisplayTypeFilterFunctionality_Tablet_21-03-49] Within safeFindElement method
21:04:00 [TestNG-test-Test-1] INFO  verifyingDisplayTypeFilterFunctionality_Tablet_21-03-49 - [verifyingDisplayTypeFilterFunctionality_Tablet_21-03-49]Found the element returning it ,element ->[[ChromeDriver: chrome on windows (d29da8f50220042dd5c7bb6155fa1d5a)] -> xpath: //span[@class='a-size-base a-color-base puis-bold-weight-text' and text()='Display Type']/parent::div/following-sibling::ul//span[@class='a-size-base a-color-base a-text-bold' and text()='IPS']]
21:04:00 [TestNG-test-Test-1] INFO  verifyingDisplayTypeFilterFunctionality_Tablet_21-03-49 - [verifyingDisplayTypeFilterFunctionality_Tablet_21-03-49] Successfully scrolled to element: By.xpath: //span[@class='a-size-base a-color-base puis-bold-weight-text' and text()='Display Type']/parent::div/following-sibling::ul//span[@class='a-size-base a-color-base a-text-bold' and text()='IPS']
21:04:00 [TestNG-test-Test-1] INFO  verifyingDisplayTypeFilterFunctionality_Tablet_21-03-49 - [verifyingDisplayTypeFilterFunctionality_Tablet_21-03-49] Clicked the element using safe click ,element is [[ChromeDriver: chrome on windows (d29da8f50220042dd5c7bb6155fa1d5a)] -> xpath: //span[@class='a-size-base a-color-base puis-bold-weight-text' and text()='Display Type']/parent::div/following-sibling::ul//span[@class='a-size-base a-color-base' and text()='IPS']]
21:04:00 [TestNG-test-Test-1] INFO  verifyingDisplayTypeFilterFunctionality_Tablet_21-03-49 - [verifyingDisplayTypeFilterFunctionality_Tablet_21-03-49] Within safeFindElements 
21:04:00 [TestNG-test-Test-1] INFO  verifyingDisplayTypeFilterFunctionality_Tablet_21-03-49 - [verifyingDisplayTypeFilterFunctionality_Tablet_21-03-49] Returning the  [[[ChromeDriver: chrome on windows (d29da8f50220042dd5c7bb6155fa1d5a)] -> xpath: //div[@data-cy='title-recipe']], [[ChromeDriver: chrome on windows (d29da8f50220042dd5c7bb6155fa1d5a)] -> xpath: //div[@data-cy='title-recipe']], [[ChromeDriver: chrome on windows (d29da8f50220042dd5c7bb6155fa1d5a)] -> xpath: //div[@data-cy='title-recipe']], [[ChromeDriver: chrome on windows (d29da8f50220042dd5c7bb6155fa1d5a)] -> xpath: //div[@data-cy='title-recipe']], [[ChromeDriver: chrome on windows (d29da8f50220042dd5c7bb6155fa1d5a)] -> xpath: //div[@data-cy='title-recipe']], [[ChromeDriver: chrome on windows (d29da8f50220042dd5c7bb6155fa1d5a)] -> xpath: //div[@data-cy='title-recipe']], [[ChromeDriver: chrome on windows (d29da8f50220042dd5c7bb6155fa1d5a)] -> xpath: //div[@data-cy='title-recipe']], [[ChromeDriver: chrome on windows (d29da8f50220042dd5c7bb6155fa1d5a)] -> xpath: //div[@data-cy='title-recipe']], [[ChromeDriver: chrome on windows (d29da8f50220042dd5c7bb6155fa1d5a)] -> xpath: //div[@data-cy='title-recipe']], [[ChromeDriver: chrome on windows (d29da8f50220042dd5c7bb6155fa1d5a)] -> xpath: //div[@data-cy='title-recipe']], [[ChromeDriver: chrome on windows (d29da8f50220042dd5c7bb6155fa1d5a)] -> xpath: //div[@data-cy='title-recipe']], [[ChromeDriver: chrome on windows (d29da8f50220042dd5c7bb6155fa1d5a)] -> xpath: //div[@data-cy='title-recipe']], [[ChromeDriver: chrome on windows (d29da8f50220042dd5c7bb6155fa1d5a)] -> xpath: //div[@data-cy='title-recipe']], [[ChromeDriver: chrome on windows (d29da8f50220042dd5c7bb6155fa1d5a)] -> xpath: //div[@data-cy='title-recipe']], [[ChromeDriver: chrome on windows (d29da8f50220042dd5c7bb6155fa1d5a)] -> xpath: //div[@data-cy='title-recipe']], [[ChromeDriver: chrome on windows (d29da8f50220042dd5c7bb6155fa1d5a)] -> xpath: //div[@data-cy='title-recipe']]] from the safeFindElements method
21:04:00 [TestNG-test-Test-1] INFO  verifyingDisplayTypeFilterFunctionality_Tablet_21-03-49 - [verifyingDisplayTypeFilterFunctionality_Tablet_21-03-49] Execution is scheduled type /CRON Job on CI Hence refering to CI keys from UtilData
21:04:00 [TestNG-test-Test-1] INFO  verifyingDisplayTypeFilterFunctionality_Tablet_21-03-49 - [verifyingDisplayTypeFilterFunctionality_Tablet_21-03-49] Within safeFindElements 
21:04:00 [TestNG-test-Test-1] INFO  verifyingDisplayTypeFilterFunctionality_Tablet_21-03-49 - [verifyingDisplayTypeFilterFunctionality_Tablet_21-03-49] Returning the  [[[ChromeDriver: chrome on windows (d29da8f50220042dd5c7bb6155fa1d5a)] -> xpath: //div[@data-cy='title-recipe']], [[ChromeDriver: chrome on windows (d29da8f50220042dd5c7bb6155fa1d5a)] -> xpath: //div[@data-cy='title-recipe']], [[ChromeDriver: chrome on windows (d29da8f50220042dd5c7bb6155fa1d5a)] -> xpath: //div[@data-cy='title-recipe']], [[ChromeDriver: chrome on windows (d29da8f50220042dd5c7bb6155fa1d5a)] -> xpath: //div[@data-cy='title-recipe']], [[ChromeDriver: chrome on windows (d29da8f50220042dd5c7bb6155fa1d5a)] -> xpath: //div[@data-cy='title-recipe']], [[ChromeDriver: chrome on windows (d29da8f50220042dd5c7bb6155fa1d5a)] -> xpath: //div[@data-cy='title-recipe']], [[ChromeDriver: chrome on windows (d29da8f50220042dd5c7bb6155fa1d5a)] -> xpath: //div[@data-cy='title-recipe']], [[ChromeDriver: chrome on windows (d29da8f50220042dd5c7bb6155fa1d5a)] -> xpath: //div[@data-cy='title-recipe']], [[ChromeDriver: chrome on windows (d29da8f50220042dd5c7bb6155fa1d5a)] -> xpath: //div[@data-cy='title-recipe']], [[ChromeDriver: chrome on windows (d29da8f50220042dd5c7bb6155fa1d5a)] -> xpath: //div[@data-cy='title-recipe']], [[ChromeDriver: chrome on windows (d29da8f50220042dd5c7bb6155fa1d5a)] -> xpath: //div[@data-cy='title-recipe']], [[ChromeDriver: chrome on windows (d29da8f50220042dd5c7bb6155fa1d5a)] -> xpath: //div[@data-cy='title-recipe']], [[ChromeDriver: chrome on windows (d29da8f50220042dd5c7bb6155fa1d5a)] -> xpath: //div[@data-cy='title-recipe']], [[ChromeDriver: chrome on windows (d29da8f50220042dd5c7bb6155fa1d5a)] -> xpath: //div[@data-cy='title-recipe']], [[ChromeDriver: chrome on windows (d29da8f50220042dd5c7bb6155fa1d5a)] -> xpath: //div[@data-cy='title-recipe']], [[ChromeDriver: chrome on windows (d29da8f50220042dd5c7bb6155fa1d5a)] -> xpath: //div[@data-cy='title-recipe']]] from the safeFindElements method
21:04:00 [TestNG-test-Test-1] INFO  verifyingDisplayTypeFilterFunctionality_Tablet_21-03-49 - [verifyingDisplayTypeFilterFunctionality_Tablet_21-03-49] Within productNameListingPage loop in applyFilterAndValidateProductsWithResult
21:04:00 [TestNG-test-Test-1] INFO  verifyingDisplayTypeFilterFunctionality_Tablet_21-03-49 - [verifyingDisplayTypeFilterFunctionality_Tablet_21-03-49] Within getProductByIndex method
21:04:00 [TestNG-test-Test-1] INFO  verifyingDisplayTypeFilterFunctionality_Tablet_21-03-49 - [verifyingDisplayTypeFilterFunctionality_Tablet_21-03-49] Within safeFindElement method
21:04:00 [TestNG-test-Test-1] INFO  verifyingDisplayTypeFilterFunctionality_Tablet_21-03-49 - [verifyingDisplayTypeFilterFunctionality_Tablet_21-03-49]Found the element returning it ,element ->[[ChromeDriver: chrome on windows (d29da8f50220042dd5c7bb6155fa1d5a)] -> xpath: (//div[@data-cy='title-recipe'])[1]]
21:04:00 [TestNG-test-Test-1] INFO  verifyingDisplayTypeFilterFunctionality_Tablet_21-03-49 - [verifyingDisplayTypeFilterFunctionality_Tablet_21-03-49] Within getProductByIndex method
21:04:00 [TestNG-test-Test-1] INFO  verifyingDisplayTypeFilterFunctionality_Tablet_21-03-49 - [verifyingDisplayTypeFilterFunctionality_Tablet_21-03-49] Within smoothScrollToElement method
21:04:00 [TestNG-test-Test-1] INFO  verifyingDisplayTypeFilterFunctionality_Tablet_21-03-49 - [verifyingDisplayTypeFilterFunctionality_Tablet_21-03-49] Within safeFindElement method
21:04:00 [TestNG-test-Test-1] INFO  verifyingDisplayTypeFilterFunctionality_Tablet_21-03-49 - [verifyingDisplayTypeFilterFunctionality_Tablet_21-03-49]Found the element returning it ,element ->[[ChromeDriver: chrome on windows (d29da8f50220042dd5c7bb6155fa1d5a)] -> xpath: (//div[@data-cy='title-recipe'])[1]]
21:04:00 [TestNG-test-Test-1] INFO  verifyingDisplayTypeFilterFunctionality_Tablet_21-03-49 - [verifyingDisplayTypeFilterFunctionality_Tablet_21-03-49] Successfully scrolled to element: By.xpath: (//div[@data-cy='title-recipe'])[1]
21:04:00 [TestNG-test-Test-1] INFO  verifyingDisplayTypeFilterFunctionality_Tablet_21-03-49 - [verifyingDisplayTypeFilterFunctionality_Tablet_21-03-49] Getting product by index in productNameListingPage loop
21:04:01 [TestNG-test-Test-1] INFO  verifyingDisplayTypeFilterFunctionality_Tablet_21-03-49 - [verifyingDisplayTypeFilterFunctionality_Tablet_21-03-49] Opened product in new tab via Ctrl+Click inside productNameListingPage loop
21:04:01 [TestNG-test-Test-1] INFO  verifyingDisplayTypeFilterFunctionality_Tablet_21-03-49 - [verifyingDisplayTypeFilterFunctionality_Tablet_21-03-49] Waiting for new window to open...
21:04:01 [TestNG-test-Test-1] INFO  verifyingDisplayTypeFilterFunctionality_Tablet_21-03-49 - [verifyingDisplayTypeFilterFunctionality_Tablet_21-03-49] Switched to new window -> 5525D2AB54073FA29A93CD45807DB1FC
21:04:01 [TestNG-test-Test-1] INFO  verifyingDisplayTypeFilterFunctionality_Tablet_21-03-49 - [verifyingDisplayTypeFilterFunctionality_Tablet_21-03-49] Swithcing to the new window  within productNameListingPage loop
21:04:01 [TestNG-test-Test-1] INFO  verifyingDisplayTypeFilterFunctionality_Tablet_21-03-49 - [verifyingDisplayTypeFilterFunctionality_Tablet_21-03-49] Clicked product name to open in new tab from productNameListingPage loop
21:04:01 [TestNG-test-Test-1] INFO  verifyingDisplayTypeFilterFunctionality_Tablet_21-03-49 - [verifyingDisplayTypeFilterFunctionality_Tablet_21-03-49] Waiting until element is visible in viewport
21:04:04 [TestNG-test-Test-1] WARN  verifyingDisplayTypeFilterFunctionality_Tablet_21-03-49 - [verifyingDisplayTypeFilterFunctionality_Tablet_21-03-49] Product detail page did not load for index 1 filter 'IPS'; skipping detail scrape to avoid redundant retries/timeouts
21:04:04 [TestNG-test-Test-1] INFO  verifyingDisplayTypeFilterFunctionality_Tablet_21-03-49 - [verifyingDisplayTypeFilterFunctionality_Tablet_21-03-49] Within closeCurrentWindowAndSwitchBack method
21:04:04 [TestNG-test-Test-1] INFO  verifyingDisplayTypeFilterFunctionality_Tablet_21-03-49 - [verifyingDisplayTypeFilterFunctionality_Tablet_21-03-49] Total open windows/tabs count -> 2
21:04:04 [TestNG-test-Test-1] INFO  verifyingDisplayTypeFilterFunctionality_Tablet_21-03-49 - [verifyingDisplayTypeFilterFunctionality_Tablet_21-03-49] Original window handle -> 010E3A3AD5DF7B279A27341D797C4235
21:04:04 [TestNG-test-Test-1] INFO  verifyingDisplayTypeFilterFunctionality_Tablet_21-03-49 - [verifyingDisplayTypeFilterFunctionality_Tablet_21-03-49] Found new tab/window handle -> 5525D2AB54073FA29A93CD45807DB1FC (will be closed)
21:04:04 [TestNG-test-Test-1] INFO  verifyingDisplayTypeFilterFunctionality_Tablet_21-03-49 - [verifyingDisplayTypeFilterFunctionality_Tablet_21-03-49] Successfully switched to new tab/window -> 5525D2AB54073FA29A93CD45807DB1FC
21:04:04 [TestNG-test-Test-1] INFO  verifyingDisplayTypeFilterFunctionality_Tablet_21-03-49 - [verifyingDisplayTypeFilterFunctionality_Tablet_21-03-49] Closed the newly opened tab/window -> 5525D2AB54073FA29A93CD45807DB1FC
21:04:04 [TestNG-test-Test-1] INFO  verifyingDisplayTypeFilterFunctionality_Tablet_21-03-49 - [verifyingDisplayTypeFilterFunctionality_Tablet_21-03-49] Switched back to the original window -> 010E3A3AD5DF7B279A27341D797C4235
21:04:04 [TestNG-test-Test-1] INFO  verifyingDisplayTypeFilterFunctionality_Tablet_21-03-49 - [verifyingDisplayTypeFilterFunctionality_Tablet_21-03-49]  going back to product listing via closeCurrentWindowAndSwitchBack 
21:04:04 [TestNG-test-Test-1] INFO  verifyingDisplayTypeFilterFunctionality_Tablet_21-03-49 - [verifyingDisplayTypeFilterFunctionality_Tablet_21-03-49]  Added 'filter','title','keyFeatures', 'about', 'techDetails' into the Map -> productResult
21:04:04 [TestNG-test-Test-1] INFO  verifyingDisplayTypeFilterFunctionality_Tablet_21-03-49 - [verifyingDisplayTypeFilterFunctionality_Tablet_21-03-49]  Added 'productResult' Map into the 'results' i.e list of maps 
21:04:04 [TestNG-test-Test-1] INFO  verifyingDisplayTypeFilterFunctionality_Tablet_21-03-49 - [verifyingDisplayTypeFilterFunctionality_Tablet_21-03-49]==========================================================================================================
21:04:04 [TestNG-test-Test-1] INFO  verifyingDisplayTypeFilterFunctionality_Tablet_21-03-49 - [verifyingDisplayTypeFilterFunctionality_Tablet_21-03-49] Within safeFindElements 
21:04:04 [TestNG-test-Test-1] INFO  verifyingDisplayTypeFilterFunctionality_Tablet_21-03-49 - [verifyingDisplayTypeFilterFunctionality_Tablet_21-03-49] Returning the  [[[ChromeDriver: chrome on windows (d29da8f50220042dd5c7bb6155fa1d5a)] -> xpath: //div[@data-cy='title-recipe']], [[ChromeDriver: chrome on windows (d29da8f50220042dd5c7bb6155fa1d5a)] -> xpath: //div[@data-cy='title-recipe']], [[ChromeDriver: chrome on windows (d29da8f50220042dd5c7bb6155fa1d5a)] -> xpath: //div[@data-cy='title-recipe']], [[ChromeDriver: chrome on windows (d29da8f50220042dd5c7bb6155fa1d5a)] -> xpath: //div[@data-cy='title-recipe']], [[ChromeDriver: chrome on windows (d29da8f50220042dd5c7bb6155fa1d5a)] -> xpath: //div[@data-cy='title-recipe']], [[ChromeDriver: chrome on windows (d29da8f50220042dd5c7bb6155fa1d5a)] -> xpath: //div[@data-cy='title-recipe']], [[ChromeDriver: chrome on windows (d29da8f50220042dd5c7bb6155fa1d5a)] -> xpath: //div[@data-cy='title-recipe']], [[ChromeDriver: chrome on windows (d29da8f50220042dd5c7bb6155fa1d5a)] -> xpath: //div[@data-cy='title-recipe']], [[ChromeDriver: chrome on windows (d29da8f50220042dd5c7bb6155fa1d5a)] -> xpath: //div[@data-cy='title-recipe']], [[ChromeDriver: chrome on windows (d29da8f50220042dd5c7bb6155fa1d5a)] -> xpath: //div[@data-cy='title-recipe']], [[ChromeDriver: chrome on windows (d29da8f50220042dd5c7bb6155fa1d5a)] -> xpath: //div[@data-cy='title-recipe']], [[ChromeDriver: chrome on windows (d29da8f50220042dd5c7bb6155fa1d5a)] -> xpath: //div[@data-cy='title-recipe']], [[ChromeDriver: chrome on windows (d29da8f50220042dd5c7bb6155fa1d5a)] -> xpath: //div[@data-cy='title-recipe']], [[ChromeDriver: chrome on windows (d29da8f50220042dd5c7bb6155fa1d5a)] -> xpath: //div[@data-cy='title-recipe']], [[ChromeDriver: chrome on windows (d29da8f50220042dd5c7bb6155fa1d5a)] -> xpath: //div[@data-cy='title-recipe']], [[ChromeDriver: chrome on windows (d29da8f50220042dd5c7bb6155fa1d5a)] -> xpath: //div[@data-cy='title-recipe']]] from the safeFindElements method
21:04:04 [TestNG-test-Test-1] INFO  verifyingDisplayTypeFilterFunctionality_Tablet_21-03-49 - [verifyingDisplayTypeFilterFunctionality_Tablet_21-03-49] Within productNameListingPage loop in applyFilterAndValidateProductsWithResult
21:04:04 [TestNG-test-Test-1] INFO  verifyingDisplayTypeFilterFunctionality_Tablet_21-03-49 - [verifyingDisplayTypeFilterFunctionality_Tablet_21-03-49] Within getProductByIndex method
21:04:04 [TestNG-test-Test-1] INFO  verifyingDisplayTypeFilterFunctionality_Tablet_21-03-49 - [verifyingDisplayTypeFilterFunctionality_Tablet_21-03-49] Within safeFindElement method
21:04:04 [TestNG-test-Test-1] INFO  verifyingDisplayTypeFilterFunctionality_Tablet_21-03-49 - [verifyingDisplayTypeFilterFunctionality_Tablet_21-03-49]Found the element returning it ,element ->[[ChromeDriver: chrome on windows (d29da8f50220042dd5c7bb6155fa1d5a)] -> xpath: (//div[@data-cy='title-recipe'])[2]]
21:04:04 [TestNG-test-Test-1] INFO  verifyingDisplayTypeFilterFunctionality_Tablet_21-03-49 - [verifyingDisplayTypeFilterFunctionality_Tablet_21-03-49] Within getProductByIndex method
21:04:04 [TestNG-test-Test-1] INFO  verifyingDisplayTypeFilterFunctionality_Tablet_21-03-49 - [verifyingDisplayTypeFilterFunctionality_Tablet_21-03-49] Within smoothScrollToElement method
21:04:04 [TestNG-test-Test-1] INFO  verifyingDisplayTypeFilterFunctionality_Tablet_21-03-49 - [verifyingDisplayTypeFilterFunctionality_Tablet_21-03-49] Within safeFindElement method
21:04:04 [TestNG-test-Test-1] INFO  verifyingDisplayTypeFilterFunctionality_Tablet_21-03-49 - [verifyingDisplayTypeFilterFunctionality_Tablet_21-03-49]Found the element returning it ,element ->[[ChromeDriver: chrome on windows (d29da8f50220042dd5c7bb6155fa1d5a)] -> xpath: (//div[@data-cy='title-recipe'])[2]]
21:04:05 [TestNG-test-Test-1] INFO  verifyingDisplayTypeFilterFunctionality_Tablet_21-03-49 - [verifyingDisplayTypeFilterFunctionality_Tablet_21-03-49] Successfully scrolled to element: By.xpath: (//div[@data-cy='title-recipe'])[2]
21:04:05 [TestNG-test-Test-1] INFO  verifyingDisplayTypeFilterFunctionality_Tablet_21-03-49 - [verifyingDisplayTypeFilterFunctionality_Tablet_21-03-49] Getting product by index in productNameListingPage loop
21:04:05 [TestNG-test-Test-1] INFO  verifyingDisplayTypeFilterFunctionality_Tablet_21-03-49 - [verifyingDisplayTypeFilterFunctionality_Tablet_21-03-49] Opened product in new tab via Ctrl+Click inside productNameListingPage loop
21:04:05 [TestNG-test-Test-1] INFO  verifyingDisplayTypeFilterFunctionality_Tablet_21-03-49 - [verifyingDisplayTypeFilterFunctionality_Tablet_21-03-49] Waiting for new window to open...
21:04:05 [TestNG-test-Test-1] INFO  verifyingDisplayTypeFilterFunctionality_Tablet_21-03-49 - [verifyingDisplayTypeFilterFunctionality_Tablet_21-03-49] Switched to new window -> 1538F42C0F5BC3846FF5E6CCD40ADD26
21:04:05 [TestNG-test-Test-1] INFO  verifyingDisplayTypeFilterFunctionality_Tablet_21-03-49 - [verifyingDisplayTypeFilterFunctionality_Tablet_21-03-49] Swithcing to the new window  within productNameListingPage loop
21:04:05 [TestNG-test-Test-1] INFO  verifyingDisplayTypeFilterFunctionality_Tablet_21-03-49 - [verifyingDisplayTypeFilterFunctionality_Tablet_21-03-49] Clicked product name to open in new tab from productNameListingPage loop
21:04:05 [TestNG-test-Test-1] INFO  verifyingDisplayTypeFilterFunctionality_Tablet_21-03-49 - [verifyingDisplayTypeFilterFunctionality_Tablet_21-03-49] Waiting until element is visible in viewport
21:04:08 [TestNG-test-Test-1] INFO  verifyingDisplayTypeFilterFunctionality_Tablet_21-03-49 - [verifyingDisplayTypeFilterFunctionality_Tablet_21-03-49] Within safeFindElement method
21:04:08 [TestNG-test-Test-1] INFO  verifyingDisplayTypeFilterFunctionality_Tablet_21-03-49 - [verifyingDisplayTypeFilterFunctionality_Tablet_21-03-49]Found the element returning it ,element ->[[ChromeDriver: chrome on windows (d29da8f50220042dd5c7bb6155fa1d5a)] -> xpath: //span[@id='productTitle']]
21:04:08 [TestNG-test-Test-1] INFO  verifyingDisplayTypeFilterFunctionality_Tablet_21-03-49 - [verifyingDisplayTypeFilterFunctionality_Tablet_21-03-49] Within safeFindElement method
21:04:08 [TestNG-test-Test-1] INFO  verifyingDisplayTypeFilterFunctionality_Tablet_21-03-49 - [verifyingDisplayTypeFilterFunctionality_Tablet_21-03-49]Found the element returning it ,element ->[[ChromeDriver: chrome on windows (d29da8f50220042dd5c7bb6155fa1d5a)] -> xpath: //div[@class='a-section a-spacing-small a-spacing-top-small']]
21:04:08 [TestNG-test-Test-1] INFO  verifyingDisplayTypeFilterFunctionality_Tablet_21-03-49 - [verifyingDisplayTypeFilterFunctionality_Tablet_21-03-49] Within safeFindElement method
21:04:08 [TestNG-test-Test-1] INFO  verifyingDisplayTypeFilterFunctionality_Tablet_21-03-49 - [verifyingDisplayTypeFilterFunctionality_Tablet_21-03-49]Found the element returning it ,element ->[[ChromeDriver: chrome on windows (d29da8f50220042dd5c7bb6155fa1d5a)] -> xpath: //div[@id='feature-bullets']]
21:04:08 [TestNG-test-Test-1] INFO  verifyingDisplayTypeFilterFunctionality_Tablet_21-03-49 - [verifyingDisplayTypeFilterFunctionality_Tablet_21-03-49] Within safeFindElement method
21:04:08 [TestNG-test-Test-1] INFO  verifyingDisplayTypeFilterFunctionality_Tablet_21-03-49 - [verifyingDisplayTypeFilterFunctionality_Tablet_21-03-49]Found the element returning it ,element ->[[ChromeDriver: chrome on windows (d29da8f50220042dd5c7bb6155fa1d5a)] -> xpath: //div[@id='prodDetails']]
21:04:08 [TestNG-test-Test-1] INFO  verifyingDisplayTypeFilterFunctionality_Tablet_21-03-49 - [verifyingDisplayTypeFilterFunctionality_Tablet_21-03-49] Extracting 'name' , 'keyFeatures', 'about' , 'techDetails' within productNameListingPage loop
21:04:08 [TestNG-test-Test-1] INFO  verifyingDisplayTypeFilterFunctionality_Tablet_21-03-49 - [verifyingDisplayTypeFilterFunctionality_Tablet_21-03-49] Waiting until element is visible in viewport
21:04:19 [TestNG-test-Test-1] INFO  verifyingDisplayTypeFilterFunctionality_Tablet_21-03-49 - [verifyingDisplayTypeFilterFunctionality_Tablet_21-03-49] Within smoothScrollToElement method
21:04:19 [TestNG-test-Test-1] INFO  verifyingDisplayTypeFilterFunctionality_Tablet_21-03-49 - [verifyingDisplayTypeFilterFunctionality_Tablet_21-03-49] Within safeFindElement method
21:04:19 [TestNG-test-Test-1] INFO  verifyingDisplayTypeFilterFunctionality_Tablet_21-03-49 - [verifyingDisplayTypeFilterFunctionality_Tablet_21-03-49]Found the element returning it ,element ->[[ChromeDriver: chrome on windows (d29da8f50220042dd5c7bb6155fa1d5a)] -> xpath: //a[@id='seeMoreDetailsLink']]
21:04:19 [TestNG-test-Test-1] INFO  verifyingDisplayTypeFilterFunctionality_Tablet_21-03-49 - [verifyingDisplayTypeFilterFunctionality_Tablet_21-03-49] Successfully scrolled to element: By.xpath: //a[@id='seeMoreDetailsLink']
21:04:19 [TestNG-test-Test-1] INFO  verifyingDisplayTypeFilterFunctionality_Tablet_21-03-49 - [verifyingDisplayTypeFilterFunctionality_Tablet_21-03-49] Within safeClick method
21:04:19 [TestNG-test-Test-1] INFO  verifyingDisplayTypeFilterFunctionality_Tablet_21-03-49 - [verifyingDisplayTypeFilterFunctionality_Tablet_21-03-49] Clicked the  [[ChromeDriver: chrome on windows (d29da8f50220042dd5c7bb6155fa1d5a)] -> xpath: //a[@id='seeMoreDetailsLink']]   using safeClick
21:04:19 [TestNG-test-Test-1] INFO  verifyingDisplayTypeFilterFunctionality_Tablet_21-03-49 - [verifyingDisplayTypeFilterFunctionality_Tablet_21-03-49] Within try block for clicking see more deatils within productNameListingPage loop
21:04:19 [TestNG-test-Test-1] INFO  verifyingDisplayTypeFilterFunctionality_Tablet_21-03-49 - [verifyingDisplayTypeFilterFunctionality_Tablet_21-03-49] Within closeCurrentWindowAndSwitchBack method
21:04:19 [TestNG-test-Test-1] INFO  verifyingDisplayTypeFilterFunctionality_Tablet_21-03-49 - [verifyingDisplayTypeFilterFunctionality_Tablet_21-03-49] Total open windows/tabs count -> 2
21:04:19 [TestNG-test-Test-1] INFO  verifyingDisplayTypeFilterFunctionality_Tablet_21-03-49 - [verifyingDisplayTypeFilterFunctionality_Tablet_21-03-49] Original window handle -> 010E3A3AD5DF7B279A27341D797C4235
21:04:19 [TestNG-test-Test-1] INFO  verifyingDisplayTypeFilterFunctionality_Tablet_21-03-49 - [verifyingDisplayTypeFilterFunctionality_Tablet_21-03-49] Found new tab/window handle -> 1538F42C0F5BC3846FF5E6CCD40ADD26 (will be closed)
21:04:19 [TestNG-test-Test-1] INFO  verifyingDisplayTypeFilterFunctionality_Tablet_21-03-49 - [verifyingDisplayTypeFilterFunctionality_Tablet_21-03-49] Successfully switched to new tab/window -> 1538F42C0F5BC3846FF5E6CCD40ADD26
21:04:19 [TestNG-test-Test-1] INFO  verifyingDisplayTypeFilterFunctionality_Tablet_21-03-49 - [verifyingDisplayTypeFilterFunctionality_Tablet_21-03-49] Closed the newly opened tab/window -> 1538F42C0F5BC3846FF5E6CCD40ADD26
21:04:19 [TestNG-test-Test-1] INFO  verifyingDisplayTypeFilterFunctionality_Tablet_21-03-49 - [verifyingDisplayTypeFilterFunctionality_Tablet_21-03-49] Switched back to the original window -> 010E3A3AD5DF7B279A27341D797C4235
21:04:19 [TestNG-test-Test-1] INFO  verifyingDisplayTypeFilterFunctionality_Tablet_21-03-49 - [verifyingDisplayTypeFilterFunctionality_Tablet_21-03-49]  going back to product listing via closeCurrentWindowAndSwitchBack 
21:04:19 [TestNG-test-Test-1] INFO  verifyingDisplayTypeFilterFunctionality_Tablet_21-03-49 - [verifyingDisplayTypeFilterFunctionality_Tablet_21-03-49]  Added 'filter','title','keyFeatures', 'about', 'techDetails' into the Map -> productResult
21:04:19 [TestNG-test-Test-1] INFO  verifyingDisplayTypeFilterFunctionality_Tablet_21-03-49 - [verifyingDisplayTypeFilterFunctionality_Tablet_21-03-49]  Added 'productResult' Map into the 'results' i.e list of maps 
21:04:19 [TestNG-test-Test-1] INFO  verifyingDisplayTypeFilterFunctionality_Tablet_21-03-49 - [verifyingDisplayTypeFilterFunctionality_Tablet_21-03-49]==========================================================================================================
21:04:19 [TestNG-test-Test-1] INFO  verifyingDisplayTypeFilterFunctionality_Tablet_21-03-49 - [verifyingDisplayTypeFilterFunctionality_Tablet_21-03-49] Within safeFindElements 
21:04:19 [TestNG-test-Test-1] INFO  verifyingDisplayTypeFilterFunctionality_Tablet_21-03-49 - [verifyingDisplayTypeFilterFunctionality_Tablet_21-03-49] Returning the  [[[ChromeDriver: chrome on windows (d29da8f50220042dd5c7bb6155fa1d5a)] -> xpath: //div[@data-cy='title-recipe']], [[ChromeDriver: chrome on windows (d29da8f50220042dd5c7bb6155fa1d5a)] -> xpath: //div[@data-cy='title-recipe']], [[ChromeDriver: chrome on windows (d29da8f50220042dd5c7bb6155fa1d5a)] -> xpath: //div[@data-cy='title-recipe']], [[ChromeDriver: chrome on windows (d29da8f50220042dd5c7bb6155fa1d5a)] -> xpath: //div[@data-cy='title-recipe']], [[ChromeDriver: chrome on windows (d29da8f50220042dd5c7bb6155fa1d5a)] -> xpath: //div[@data-cy='title-recipe']], [[ChromeDriver: chrome on windows (d29da8f50220042dd5c7bb6155fa1d5a)] -> xpath: //div[@data-cy='title-recipe']], [[ChromeDriver: chrome on windows (d29da8f50220042dd5c7bb6155fa1d5a)] -> xpath: //div[@data-cy='title-recipe']], [[ChromeDriver: chrome on windows (d29da8f50220042dd5c7bb6155fa1d5a)] -> xpath: //div[@data-cy='title-recipe']], [[ChromeDriver: chrome on windows (d29da8f50220042dd5c7bb6155fa1d5a)] -> xpath: //div[@data-cy='title-recipe']], [[ChromeDriver: chrome on windows (d29da8f50220042dd5c7bb6155fa1d5a)] -> xpath: //div[@data-cy='title-recipe']], [[ChromeDriver: chrome on windows (d29da8f50220042dd5c7bb6155fa1d5a)] -> xpath: //div[@data-cy='title-recipe']], [[ChromeDriver: chrome on windows (d29da8f50220042dd5c7bb6155fa1d5a)] -> xpath: //div[@data-cy='title-recipe']], [[ChromeDriver: chrome on windows (d29da8f50220042dd5c7bb6155fa1d5a)] -> xpath: //div[@data-cy='title-recipe']], [[ChromeDriver: chrome on windows (d29da8f50220042dd5c7bb6155fa1d5a)] -> xpath: //div[@data-cy='title-recipe']], [[ChromeDriver: chrome on windows (d29da8f50220042dd5c7bb6155fa1d5a)] -> xpath: //div[@data-cy='title-recipe']], [[ChromeDriver: chrome on windows (d29da8f50220042dd5c7bb6155fa1d5a)] -> xpath: //div[@data-cy='title-recipe']]] from the safeFindElements method
21:04:19 [TestNG-test-Test-1] INFO  verifyingDisplayTypeFilterFunctionality_Tablet_21-03-49 - [verifyingDisplayTypeFilterFunctionality_Tablet_21-03-49] Within productNameListingPage loop in applyFilterAndValidateProductsWithResult
21:04:19 [TestNG-test-Test-1] INFO  verifyingDisplayTypeFilterFunctionality_Tablet_21-03-49 - [verifyingDisplayTypeFilterFunctionality_Tablet_21-03-49] Within getProductByIndex method
21:04:19 [TestNG-test-Test-1] INFO  verifyingDisplayTypeFilterFunctionality_Tablet_21-03-49 - [verifyingDisplayTypeFilterFunctionality_Tablet_21-03-49] Within safeFindElement method
21:04:19 [TestNG-test-Test-1] INFO  verifyingDisplayTypeFilterFunctionality_Tablet_21-03-49 - [verifyingDisplayTypeFilterFunctionality_Tablet_21-03-49]Found the element returning it ,element ->[[ChromeDriver: chrome on windows (d29da8f50220042dd5c7bb6155fa1d5a)] -> xpath: (//div[@data-cy='title-recipe'])[3]]
21:04:19 [TestNG-test-Test-1] INFO  verifyingDisplayTypeFilterFunctionality_Tablet_21-03-49 - [verifyingDisplayTypeFilterFunctionality_Tablet_21-03-49] Within getProductByIndex method
21:04:19 [TestNG-test-Test-1] INFO  verifyingDisplayTypeFilterFunctionality_Tablet_21-03-49 - [verifyingDisplayTypeFilterFunctionality_Tablet_21-03-49] Within smoothScrollToElement method
21:04:19 [TestNG-test-Test-1] INFO  verifyingDisplayTypeFilterFunctionality_Tablet_21-03-49 - [verifyingDisplayTypeFilterFunctionality_Tablet_21-03-49] Within safeFindElement method
21:04:19 [TestNG-test-Test-1] INFO  verifyingDisplayTypeFilterFunctionality_Tablet_21-03-49 - [verifyingDisplayTypeFilterFunctionality_Tablet_21-03-49]Found the element returning it ,element ->[[ChromeDriver: chrome on windows (d29da8f50220042dd5c7bb6155fa1d5a)] -> xpath: (//div[@data-cy='title-recipe'])[3]]
21:04:19 [TestNG-test-Test-1] INFO  verifyingDisplayTypeFilterFunctionality_Tablet_21-03-49 - [verifyingDisplayTypeFilterFunctionality_Tablet_21-03-49] Successfully scrolled to element: By.xpath: (//div[@data-cy='title-recipe'])[3]
21:04:19 [TestNG-test-Test-1] INFO  verifyingDisplayTypeFilterFunctionality_Tablet_21-03-49 - [verifyingDisplayTypeFilterFunctionality_Tablet_21-03-49] Getting product by index in productNameListingPage loop
21:04:20 [TestNG-test-Test-1] INFO  verifyingDisplayTypeFilterFunctionality_Tablet_21-03-49 - [verifyingDisplayTypeFilterFunctionality_Tablet_21-03-49] Opened product in new tab via Ctrl+Click inside productNameListingPage loop
21:04:20 [TestNG-test-Test-1] INFO  verifyingDisplayTypeFilterFunctionality_Tablet_21-03-49 - [verifyingDisplayTypeFilterFunctionality_Tablet_21-03-49] Waiting for new window to open...
21:04:20 [TestNG-test-Test-1] INFO  verifyingDisplayTypeFilterFunctionality_Tablet_21-03-49 - [verifyingDisplayTypeFilterFunctionality_Tablet_21-03-49] Switched to new window -> 2C3A5469B800D8ED65FE8731F05287D0
21:04:20 [TestNG-test-Test-1] INFO  verifyingDisplayTypeFilterFunctionality_Tablet_21-03-49 - [verifyingDisplayTypeFilterFunctionality_Tablet_21-03-49] Swithcing to the new window  within productNameListingPage loop
21:04:20 [TestNG-test-Test-1] INFO  verifyingDisplayTypeFilterFunctionality_Tablet_21-03-49 - [verifyingDisplayTypeFilterFunctionality_Tablet_21-03-49] Clicked product name to open in new tab from productNameListingPage loop
21:04:20 [TestNG-test-Test-1] INFO  verifyingDisplayTypeFilterFunctionality_Tablet_21-03-49 - [verifyingDisplayTypeFilterFunctionality_Tablet_21-03-49] Waiting until element is visible in viewport
21:04:22 [TestNG-test-Test-1] WARN  verifyingDisplayTypeFilterFunctionality_Tablet_21-03-49 - [verifyingDisplayTypeFilterFunctionality_Tablet_21-03-49] Product detail page did not load for index 3 filter 'IPS'; skipping detail scrape to avoid redundant retries/timeouts
21:04:22 [TestNG-test-Test-1] INFO  verifyingDisplayTypeFilterFunctionality_Tablet_21-03-49 - [verifyingDisplayTypeFilterFunctionality_Tablet_21-03-49] Within closeCurrentWindowAndSwitchBack method
21:04:22 [TestNG-test-Test-1] INFO  verifyingDisplayTypeFilterFunctionality_Tablet_21-03-49 - [verifyingDisplayTypeFilterFunctionality_Tablet_21-03-49] Total open windows/tabs count -> 2
21:04:22 [TestNG-test-Test-1] INFO  verifyingDisplayTypeFilterFunctionality_Tablet_21-03-49 - [verifyingDisplayTypeFilterFunctionality_Tablet_21-03-49] Original window handle -> 010E3A3AD5DF7B279A27341D797C4235
21:04:22 [TestNG-test-Test-1] INFO  verifyingDisplayTypeFilterFunctionality_Tablet_21-03-49 - [verifyingDisplayTypeFilterFunctionality_Tablet_21-03-49] Found new tab/window handle -> 2C3A5469B800D8ED65FE8731F05287D0 (will be closed)
21:04:22 [TestNG-test-Test-1] INFO  verifyingDisplayTypeFilterFunctionality_Tablet_21-03-49 - [verifyingDisplayTypeFilterFunctionality_Tablet_21-03-49] Successfully switched to new tab/window -> 2C3A5469B800D8ED65FE8731F05287D0
21:04:22 [TestNG-test-Test-1] INFO  verifyingDisplayTypeFilterFunctionality_Tablet_21-03-49 - [verifyingDisplayTypeFilterFunctionality_Tablet_21-03-49] Closed the newly opened tab/window -> 2C3A5469B800D8ED65FE8731F05287D0
21:04:22 [TestNG-test-Test-1] INFO  verifyingDisplayTypeFilterFunctionality_Tablet_21-03-49 - [verifyingDisplayTypeFilterFunctionality_Tablet_21-03-49] Switched back to the original window -> 010E3A3AD5DF7B279A27341D797C4235
21:04:22 [TestNG-test-Test-1] INFO  verifyingDisplayTypeFilterFunctionality_Tablet_21-03-49 - [verifyingDisplayTypeFilterFunctionality_Tablet_21-03-49]  going back to product listing via closeCurrentWindowAndSwitchBack 
21:04:22 [TestNG-test-Test-1] INFO  verifyingDisplayTypeFilterFunctionality_Tablet_21-03-49 - [verifyingDisplayTypeFilterFunctionality_Tablet_21-03-49]  Added 'filter','title','keyFeatures', 'about', 'techDetails' into the Map -> productResult
21:04:22 [TestNG-test-Test-1] INFO  verifyingDisplayTypeFilterFunctionality_Tablet_21-03-49 - [verifyingDisplayTypeFilterFunctionality_Tablet_21-03-49]  Added 'productResult' Map into the 'results' i.e list of maps 
21:04:22 [TestNG-test-Test-1] INFO  verifyingDisplayTypeFilterFunctionality_Tablet_21-03-49 - [verifyingDisplayTypeFilterFunctionality_Tablet_21-03-49]==========================================================================================================
21:04:22 [TestNG-test-Test-1] INFO  verifyingDisplayTypeFilterFunctionality_Tablet_21-03-49 - [verifyingDisplayTypeFilterFunctionality_Tablet_21-03-49] Within safeFindElements 
21:04:23 [TestNG-test-Test-1] INFO  verifyingDisplayTypeFilterFunctionality_Tablet_21-03-49 - [verifyingDisplayTypeFilterFunctionality_Tablet_21-03-49] Returning the  [[[ChromeDriver: chrome on windows (d29da8f50220042dd5c7bb6155fa1d5a)] -> xpath: //div[@data-cy='title-recipe']], [[ChromeDriver: chrome on windows (d29da8f50220042dd5c7bb6155fa1d5a)] -> xpath: //div[@data-cy='title-recipe']], [[ChromeDriver: chrome on windows (d29da8f50220042dd5c7bb6155fa1d5a)] -> xpath: //div[@data-cy='title-recipe']], [[ChromeDriver: chrome on windows (d29da8f50220042dd5c7bb6155fa1d5a)] -> xpath: //div[@data-cy='title-recipe']], [[ChromeDriver: chrome on windows (d29da8f50220042dd5c7bb6155fa1d5a)] -> xpath: //div[@data-cy='title-recipe']], [[ChromeDriver: chrome on windows (d29da8f50220042dd5c7bb6155fa1d5a)] -> xpath: //div[@data-cy='title-recipe']], [[ChromeDriver: chrome on windows (d29da8f50220042dd5c7bb6155fa1d5a)] -> xpath: //div[@data-cy='title-recipe']], [[ChromeDriver: chrome on windows (d29da8f50220042dd5c7bb6155fa1d5a)] -> xpath: //div[@data-cy='title-recipe']], [[ChromeDriver: chrome on windows (d29da8f50220042dd5c7bb6155fa1d5a)] -> xpath: //div[@data-cy='title-recipe']], [[ChromeDriver: chrome on windows (d29da8f50220042dd5c7bb6155fa1d5a)] -> xpath: //div[@data-cy='title-recipe']], [[ChromeDriver: chrome on windows (d29da8f50220042dd5c7bb6155fa1d5a)] -> xpath: //div[@data-cy='title-recipe']], [[ChromeDriver: chrome on windows (d29da8f50220042dd5c7bb6155fa1d5a)] -> xpath: //div[@data-cy='title-recipe']], [[ChromeDriver: chrome on windows (d29da8f50220042dd5c7bb6155fa1d5a)] -> xpath: //div[@data-cy='title-recipe']], [[ChromeDriver: chrome on windows (d29da8f50220042dd5c7bb6155fa1d5a)] -> xpath: //div[@data-cy='title-recipe']], [[ChromeDriver: chrome on windows (d29da8f50220042dd5c7bb6155fa1d5a)] -> xpath: //div[@data-cy='title-recipe']], [[ChromeDriver: chrome on windows (d29da8f50220042dd5c7bb6155fa1d5a)] -> xpath: //div[@data-cy='title-recipe']]] from the safeFindElements method
21:04:23 [TestNG-test-Test-1] INFO  verifyingDisplayTypeFilterFunctionality_Tablet_21-03-49 - [verifyingDisplayTypeFilterFunctionality_Tablet_21-03-49] Within productNameListingPage loop in applyFilterAndValidateProductsWithResult
21:04:23 [TestNG-test-Test-1] INFO  verifyingDisplayTypeFilterFunctionality_Tablet_21-03-49 - [verifyingDisplayTypeFilterFunctionality_Tablet_21-03-49] Within getProductByIndex method
21:04:23 [TestNG-test-Test-1] INFO  verifyingDisplayTypeFilterFunctionality_Tablet_21-03-49 - [verifyingDisplayTypeFilterFunctionality_Tablet_21-03-49] Within safeFindElement method
21:04:23 [TestNG-test-Test-1] INFO  verifyingDisplayTypeFilterFunctionality_Tablet_21-03-49 - [verifyingDisplayTypeFilterFunctionality_Tablet_21-03-49]Found the element returning it ,element ->[[ChromeDriver: chrome on windows (d29da8f50220042dd5c7bb6155fa1d5a)] -> xpath: (//div[@data-cy='title-recipe'])[4]]
21:04:23 [TestNG-test-Test-1] INFO  verifyingDisplayTypeFilterFunctionality_Tablet_21-03-49 - [verifyingDisplayTypeFilterFunctionality_Tablet_21-03-49] Within getProductByIndex method
21:04:23 [TestNG-test-Test-1] INFO  verifyingDisplayTypeFilterFunctionality_Tablet_21-03-49 - [verifyingDisplayTypeFilterFunctionality_Tablet_21-03-49] Within smoothScrollToElement method
21:04:23 [TestNG-test-Test-1] INFO  verifyingDisplayTypeFilterFunctionality_Tablet_21-03-49 - [verifyingDisplayTypeFilterFunctionality_Tablet_21-03-49] Within safeFindElement method
21:04:23 [TestNG-test-Test-1] INFO  verifyingDisplayTypeFilterFunctionality_Tablet_21-03-49 - [verifyingDisplayTypeFilterFunctionality_Tablet_21-03-49]Found the element returning it ,element ->[[ChromeDriver: chrome on windows (d29da8f50220042dd5c7bb6155fa1d5a)] -> xpath: (//div[@data-cy='title-recipe'])[4]]
21:04:23 [TestNG-test-Test-1] INFO  verifyingDisplayTypeFilterFunctionality_Tablet_21-03-49 - [verifyingDisplayTypeFilterFunctionality_Tablet_21-03-49] Successfully scrolled to element: By.xpath: (//div[@data-cy='title-recipe'])[4]
21:04:23 [TestNG-test-Test-1] INFO  verifyingDisplayTypeFilterFunctionality_Tablet_21-03-49 - [verifyingDisplayTypeFilterFunctionality_Tablet_21-03-49] Getting product by index in productNameListingPage loop
21:04:23 [TestNG-test-Test-1] INFO  verifyingDisplayTypeFilterFunctionality_Tablet_21-03-49 - [verifyingDisplayTypeFilterFunctionality_Tablet_21-03-49] Opened product in new tab via Ctrl+Click inside productNameListingPage loop
21:04:23 [TestNG-test-Test-1] INFO  verifyingDisplayTypeFilterFunctionality_Tablet_21-03-49 - [verifyingDisplayTypeFilterFunctionality_Tablet_21-03-49] Waiting for new window to open...
21:04:23 [TestNG-test-Test-1] INFO  verifyingDisplayTypeFilterFunctionality_Tablet_21-03-49 - [verifyingDisplayTypeFilterFunctionality_Tablet_21-03-49] Switched to new window -> 22098F191A436AF33C00251D9A078A65
21:04:23 [TestNG-test-Test-1] INFO  verifyingDisplayTypeFilterFunctionality_Tablet_21-03-49 - [verifyingDisplayTypeFilterFunctionality_Tablet_21-03-49] Swithcing to the new window  within productNameListingPage loop
21:04:23 [TestNG-test-Test-1] INFO  verifyingDisplayTypeFilterFunctionality_Tablet_21-03-49 - [verifyingDisplayTypeFilterFunctionality_Tablet_21-03-49] Clicked product name to open in new tab from productNameListingPage loop
21:04:23 [TestNG-test-Test-1] INFO  verifyingDisplayTypeFilterFunctionality_Tablet_21-03-49 - [verifyingDisplayTypeFilterFunctionality_Tablet_21-03-49] Waiting until element is visible in viewport
21:04:25 [TestNG-test-Test-1] WARN  verifyingDisplayTypeFilterFunctionality_Tablet_21-03-49 - [verifyingDisplayTypeFilterFunctionality_Tablet_21-03-49] Product detail page did not load for index 4 filter 'IPS'; skipping detail scrape to avoid redundant retries/timeouts
21:04:25 [TestNG-test-Test-1] INFO  verifyingDisplayTypeFilterFunctionality_Tablet_21-03-49 - [verifyingDisplayTypeFilterFunctionality_Tablet_21-03-49] Within closeCurrentWindowAndSwitchBack method
21:04:25 [TestNG-test-Test-1] INFO  verifyingDisplayTypeFilterFunctionality_Tablet_21-03-49 - [verifyingDisplayTypeFilterFunctionality_Tablet_21-03-49] Total open windows/tabs count -> 2
21:04:25 [TestNG-test-Test-1] INFO  verifyingDisplayTypeFilterFunctionality_Tablet_21-03-49 - [verifyingDisplayTypeFilterFunctionality_Tablet_21-03-49] Original window handle -> 010E3A3AD5DF7B279A27341D797C4235
21:04:25 [TestNG-test-Test-1] INFO  verifyingDisplayTypeFilterFunctionality_Tablet_21-03-49 - [verifyingDisplayTypeFilterFunctionality_Tablet_21-03-49] Found new tab/window handle -> 22098F191A436AF33C00251D9A078A65 (will be closed)
21:04:25 [TestNG-test-Test-1] INFO  verifyingDisplayTypeFilterFunctionality_Tablet_21-03-49 - [verifyingDisplayTypeFilterFunctionality_Tablet_21-03-49] Successfully switched to new tab/window -> 22098F191A436AF33C00251D9A078A65
21:04:25 [TestNG-test-Test-1] INFO  verifyingDisplayTypeFilterFunctionality_Tablet_21-03-49 - [verifyingDisplayTypeFilterFunctionality_Tablet_21-03-49] Closed the newly opened tab/window -> 22098F191A436AF33C00251D9A078A65
21:04:25 [TestNG-test-Test-1] INFO  verifyingDisplayTypeFilterFunctionality_Tablet_21-03-49 - [verifyingDisplayTypeFilterFunctionality_Tablet_21-03-49] Switched back to the original window -> 010E3A3AD5DF7B279A27341D797C4235
21:04:25 [TestNG-test-Test-1] INFO  verifyingDisplayTypeFilterFunctionality_Tablet_21-03-49 - [verifyingDisplayTypeFilterFunctionality_Tablet_21-03-49]  going back to product listing via closeCurrentWindowAndSwitchBack 
21:04:25 [TestNG-test-Test-1] INFO  verifyingDisplayTypeFilterFunctionality_Tablet_21-03-49 - [verifyingDisplayTypeFilterFunctionality_Tablet_21-03-49]  Added 'filter','title','keyFeatures', 'about', 'techDetails' into the Map -> productResult
21:04:25 [TestNG-test-Test-1] INFO  verifyingDisplayTypeFilterFunctionality_Tablet_21-03-49 - [verifyingDisplayTypeFilterFunctionality_Tablet_21-03-49]  Added 'productResult' Map into the 'results' i.e list of maps 
21:04:25 [TestNG-test-Test-1] INFO  verifyingDisplayTypeFilterFunctionality_Tablet_21-03-49 - [verifyingDisplayTypeFilterFunctionality_Tablet_21-03-49]==========================================================================================================
21:04:25 [TestNG-test-Test-1] INFO  verifyingDisplayTypeFilterFunctionality_Tablet_21-03-49 - [verifyingDisplayTypeFilterFunctionality_Tablet_21-03-49] Within safeFindElements 
21:04:26 [TestNG-test-Test-1] INFO  verifyingDisplayTypeFilterFunctionality_Tablet_21-03-49 - [verifyingDisplayTypeFilterFunctionality_Tablet_21-03-49] Returning the  [[[ChromeDriver: chrome on windows (d29da8f50220042dd5c7bb6155fa1d5a)] -> xpath: //div[@data-cy='title-recipe']], [[ChromeDriver: chrome on windows (d29da8f50220042dd5c7bb6155fa1d5a)] -> xpath: //div[@data-cy='title-recipe']], [[ChromeDriver: chrome on windows (d29da8f50220042dd5c7bb6155fa1d5a)] -> xpath: //div[@data-cy='title-recipe']], [[ChromeDriver: chrome on windows (d29da8f50220042dd5c7bb6155fa1d5a)] -> xpath: //div[@data-cy='title-recipe']], [[ChromeDriver: chrome on windows (d29da8f50220042dd5c7bb6155fa1d5a)] -> xpath: //div[@data-cy='title-recipe']], [[ChromeDriver: chrome on windows (d29da8f50220042dd5c7bb6155fa1d5a)] -> xpath: //div[@data-cy='title-recipe']], [[ChromeDriver: chrome on windows (d29da8f50220042dd5c7bb6155fa1d5a)] -> xpath: //div[@data-cy='title-recipe']], [[ChromeDriver: chrome on windows (d29da8f50220042dd5c7bb6155fa1d5a)] -> xpath: //div[@data-cy='title-recipe']], [[ChromeDriver: chrome on windows (d29da8f50220042dd5c7bb6155fa1d5a)] -> xpath: //div[@data-cy='title-recipe']], [[ChromeDriver: chrome on windows (d29da8f50220042dd5c7bb6155fa1d5a)] -> xpath: //div[@data-cy='title-recipe']], [[ChromeDriver: chrome on windows (d29da8f50220042dd5c7bb6155fa1d5a)] -> xpath: //div[@data-cy='title-recipe']], [[ChromeDriver: chrome on windows (d29da8f50220042dd5c7bb6155fa1d5a)] -> xpath: //div[@data-cy='title-recipe']], [[ChromeDriver: chrome on windows (d29da8f50220042dd5c7bb6155fa1d5a)] -> xpath: //div[@data-cy='title-recipe']], [[ChromeDriver: chrome on windows (d29da8f50220042dd5c7bb6155fa1d5a)] -> xpath: //div[@data-cy='title-recipe']], [[ChromeDriver: chrome on windows (d29da8f50220042dd5c7bb6155fa1d5a)] -> xpath: //div[@data-cy='title-recipe']], [[ChromeDriver: chrome on windows (d29da8f50220042dd5c7bb6155fa1d5a)] -> xpath: //div[@data-cy='title-recipe']]] from the safeFindElements method
21:04:26 [TestNG-test-Test-1] INFO  verifyingDisplayTypeFilterFunctionality_Tablet_21-03-49 - [verifyingDisplayTypeFilterFunctionality_Tablet_21-03-49] Within productNameListingPage loop in applyFilterAndValidateProductsWithResult
21:04:26 [TestNG-test-Test-1] INFO  verifyingDisplayTypeFilterFunctionality_Tablet_21-03-49 - [verifyingDisplayTypeFilterFunctionality_Tablet_21-03-49] Within getProductByIndex method
21:04:26 [TestNG-test-Test-1] INFO  verifyingDisplayTypeFilterFunctionality_Tablet_21-03-49 - [verifyingDisplayTypeFilterFunctionality_Tablet_21-03-49] Within safeFindElement method
21:04:26 [TestNG-test-Test-1] INFO  verifyingDisplayTypeFilterFunctionality_Tablet_21-03-49 - [verifyingDisplayTypeFilterFunctionality_Tablet_21-03-49]Found the element returning it ,element ->[[ChromeDriver: chrome on windows (d29da8f50220042dd5c7bb6155fa1d5a)] -> xpath: (//div[@data-cy='title-recipe'])[5]]
21:04:26 [TestNG-test-Test-1] INFO  verifyingDisplayTypeFilterFunctionality_Tablet_21-03-49 - [verifyingDisplayTypeFilterFunctionality_Tablet_21-03-49] Within getProductByIndex method
21:04:26 [TestNG-test-Test-1] INFO  verifyingDisplayTypeFilterFunctionality_Tablet_21-03-49 - [verifyingDisplayTypeFilterFunctionality_Tablet_21-03-49] Within smoothScrollToElement method
21:04:26 [TestNG-test-Test-1] INFO  verifyingDisplayTypeFilterFunctionality_Tablet_21-03-49 - [verifyingDisplayTypeFilterFunctionality_Tablet_21-03-49] Within safeFindElement method
21:04:26 [TestNG-test-Test-1] INFO  verifyingDisplayTypeFilterFunctionality_Tablet_21-03-49 - [verifyingDisplayTypeFilterFunctionality_Tablet_21-03-49]Found the element returning it ,element ->[[ChromeDriver: chrome on windows (d29da8f50220042dd5c7bb6155fa1d5a)] -> xpath: (//div[@data-cy='title-recipe'])[5]]
21:04:26 [TestNG-test-Test-1] INFO  verifyingDisplayTypeFilterFunctionality_Tablet_21-03-49 - [verifyingDisplayTypeFilterFunctionality_Tablet_21-03-49] Successfully scrolled to element: By.xpath: (//div[@data-cy='title-recipe'])[5]
21:04:26 [TestNG-test-Test-1] INFO  verifyingDisplayTypeFilterFunctionality_Tablet_21-03-49 - [verifyingDisplayTypeFilterFunctionality_Tablet_21-03-49] Getting product by index in productNameListingPage loop
21:04:26 [TestNG-test-Test-1] INFO  verifyingDisplayTypeFilterFunctionality_Tablet_21-03-49 - [verifyingDisplayTypeFilterFunctionality_Tablet_21-03-49] Opened product in new tab via Ctrl+Click inside productNameListingPage loop
21:04:26 [TestNG-test-Test-1] INFO  verifyingDisplayTypeFilterFunctionality_Tablet_21-03-49 - [verifyingDisplayTypeFilterFunctionality_Tablet_21-03-49] Waiting for new window to open...
21:04:26 [TestNG-test-Test-1] INFO  verifyingDisplayTypeFilterFunctionality_Tablet_21-03-49 - [verifyingDisplayTypeFilterFunctionality_Tablet_21-03-49] Switched to new window -> 1A34F22EDE9A22D19F28A44F0776B6AE
21:04:26 [TestNG-test-Test-1] INFO  verifyingDisplayTypeFilterFunctionality_Tablet_21-03-49 - [verifyingDisplayTypeFilterFunctionality_Tablet_21-03-49] Swithcing to the new window  within productNameListingPage loop
21:04:26 [TestNG-test-Test-1] INFO  verifyingDisplayTypeFilterFunctionality_Tablet_21-03-49 - [verifyingDisplayTypeFilterFunctionality_Tablet_21-03-49] Clicked product name to open in new tab from productNameListingPage loop
21:04:26 [TestNG-test-Test-1] INFO  verifyingDisplayTypeFilterFunctionality_Tablet_21-03-49 - [verifyingDisplayTypeFilterFunctionality_Tablet_21-03-49] Waiting until element is visible in viewport
21:04:28 [TestNG-test-Test-1] WARN  verifyingDisplayTypeFilterFunctionality_Tablet_21-03-49 - [verifyingDisplayTypeFilterFunctionality_Tablet_21-03-49] Product detail page did not load for index 5 filter 'IPS'; skipping detail scrape to avoid redundant retries/timeouts
21:04:28 [TestNG-test-Test-1] INFO  verifyingDisplayTypeFilterFunctionality_Tablet_21-03-49 - [verifyingDisplayTypeFilterFunctionality_Tablet_21-03-49] Within closeCurrentWindowAndSwitchBack method
21:04:28 [TestNG-test-Test-1] INFO  verifyingDisplayTypeFilterFunctionality_Tablet_21-03-49 - [verifyingDisplayTypeFilterFunctionality_Tablet_21-03-49] Total open windows/tabs count -> 2
21:04:28 [TestNG-test-Test-1] INFO  verifyingDisplayTypeFilterFunctionality_Tablet_21-03-49 - [verifyingDisplayTypeFilterFunctionality_Tablet_21-03-49] Original window handle -> 010E3A3AD5DF7B279A27341D797C4235
21:04:28 [TestNG-test-Test-1] INFO  verifyingDisplayTypeFilterFunctionality_Tablet_21-03-49 - [verifyingDisplayTypeFilterFunctionality_Tablet_21-03-49] Found new tab/window handle -> 1A34F22EDE9A22D19F28A44F0776B6AE (will be closed)
21:04:28 [TestNG-test-Test-1] INFO  verifyingDisplayTypeFilterFunctionality_Tablet_21-03-49 - [verifyingDisplayTypeFilterFunctionality_Tablet_21-03-49] Successfully switched to new tab/window -> 1A34F22EDE9A22D19F28A44F0776B6AE
21:04:28 [TestNG-test-Test-1] INFO  verifyingDisplayTypeFilterFunctionality_Tablet_21-03-49 - [verifyingDisplayTypeFilterFunctionality_Tablet_21-03-49] Closed the newly opened tab/window -> 1A34F22EDE9A22D19F28A44F0776B6AE
21:04:28 [TestNG-test-Test-1] INFO  verifyingDisplayTypeFilterFunctionality_Tablet_21-03-49 - [verifyingDisplayTypeFilterFunctionality_Tablet_21-03-49] Switched back to the original window -> 010E3A3AD5DF7B279A27341D797C4235
21:04:28 [TestNG-test-Test-1] INFO  verifyingDisplayTypeFilterFunctionality_Tablet_21-03-49 - [verifyingDisplayTypeFilterFunctionality_Tablet_21-03-49]  going back to product listing via closeCurrentWindowAndSwitchBack 
21:04:28 [TestNG-test-Test-1] INFO  verifyingDisplayTypeFilterFunctionality_Tablet_21-03-49 - [verifyingDisplayTypeFilterFunctionality_Tablet_21-03-49]  Added 'filter','title','keyFeatures', 'about', 'techDetails' into the Map -> productResult
21:04:28 [TestNG-test-Test-1] INFO  verifyingDisplayTypeFilterFunctionality_Tablet_21-03-49 - [verifyingDisplayTypeFilterFunctionality_Tablet_21-03-49]  Added 'productResult' Map into the 'results' i.e list of maps 
21:04:28 [TestNG-test-Test-1] INFO  verifyingDisplayTypeFilterFunctionality_Tablet_21-03-49 - [verifyingDisplayTypeFilterFunctionality_Tablet_21-03-49]==========================================================================================================
21:04:28 [TestNG-test-Test-1] INFO  verifyingDisplayTypeFilterFunctionality_Tablet_21-03-49 - [verifyingDisplayTypeFilterFunctionality_Tablet_21-03-49] Within safeFindElements 
21:04:28 [TestNG-test-Test-1] INFO  verifyingDisplayTypeFilterFunctionality_Tablet_21-03-49 - [verifyingDisplayTypeFilterFunctionality_Tablet_21-03-49] Returning the  [[[ChromeDriver: chrome on windows (d29da8f50220042dd5c7bb6155fa1d5a)] -> xpath: //div[@data-cy='title-recipe']], [[ChromeDriver: chrome on windows (d29da8f50220042dd5c7bb6155fa1d5a)] -> xpath: //div[@data-cy='title-recipe']], [[ChromeDriver: chrome on windows (d29da8f50220042dd5c7bb6155fa1d5a)] -> xpath: //div[@data-cy='title-recipe']], [[ChromeDriver: chrome on windows (d29da8f50220042dd5c7bb6155fa1d5a)] -> xpath: //div[@data-cy='title-recipe']], [[ChromeDriver: chrome on windows (d29da8f50220042dd5c7bb6155fa1d5a)] -> xpath: //div[@data-cy='title-recipe']], [[ChromeDriver: chrome on windows (d29da8f50220042dd5c7bb6155fa1d5a)] -> xpath: //div[@data-cy='title-recipe']], [[ChromeDriver: chrome on windows (d29da8f50220042dd5c7bb6155fa1d5a)] -> xpath: //div[@data-cy='title-recipe']], [[ChromeDriver: chrome on windows (d29da8f50220042dd5c7bb6155fa1d5a)] -> xpath: //div[@data-cy='title-recipe']], [[ChromeDriver: chrome on windows (d29da8f50220042dd5c7bb6155fa1d5a)] -> xpath: //div[@data-cy='title-recipe']], [[ChromeDriver: chrome on windows (d29da8f50220042dd5c7bb6155fa1d5a)] -> xpath: //div[@data-cy='title-recipe']], [[ChromeDriver: chrome on windows (d29da8f50220042dd5c7bb6155fa1d5a)] -> xpath: //div[@data-cy='title-recipe']], [[ChromeDriver: chrome on windows (d29da8f50220042dd5c7bb6155fa1d5a)] -> xpath: //div[@data-cy='title-recipe']], [[ChromeDriver: chrome on windows (d29da8f50220042dd5c7bb6155fa1d5a)] -> xpath: //div[@data-cy='title-recipe']], [[ChromeDriver: chrome on windows (d29da8f50220042dd5c7bb6155fa1d5a)] -> xpath: //div[@data-cy='title-recipe']], [[ChromeDriver: chrome on windows (d29da8f50220042dd5c7bb6155fa1d5a)] -> xpath: //div[@data-cy='title-recipe']], [[ChromeDriver: chrome on windows (d29da8f50220042dd5c7bb6155fa1d5a)] -> xpath: //div[@data-cy='title-recipe']]] from the safeFindElements method
21:04:28 [TestNG-test-Test-1] INFO  verifyingDisplayTypeFilterFunctionality_Tablet_21-03-49 - [verifyingDisplayTypeFilterFunctionality_Tablet_21-03-49] Within productNameListingPage loop in applyFilterAndValidateProductsWithResult
21:04:28 [TestNG-test-Test-1] INFO  verifyingDisplayTypeFilterFunctionality_Tablet_21-03-49 - [verifyingDisplayTypeFilterFunctionality_Tablet_21-03-49] Within getProductByIndex method
21:04:28 [TestNG-test-Test-1] INFO  verifyingDisplayTypeFilterFunctionality_Tablet_21-03-49 - [verifyingDisplayTypeFilterFunctionality_Tablet_21-03-49] Within safeFindElement method
21:04:28 [TestNG-test-Test-1] INFO  verifyingDisplayTypeFilterFunctionality_Tablet_21-03-49 - [verifyingDisplayTypeFilterFunctionality_Tablet_21-03-49]Found the element returning it ,element ->[[ChromeDriver: chrome on windows (d29da8f50220042dd5c7bb6155fa1d5a)] -> xpath: (//div[@data-cy='title-recipe'])[6]]
21:04:28 [TestNG-test-Test-1] INFO  verifyingDisplayTypeFilterFunctionality_Tablet_21-03-49 - [verifyingDisplayTypeFilterFunctionality_Tablet_21-03-49] Within getProductByIndex method
21:04:28 [TestNG-test-Test-1] INFO  verifyingDisplayTypeFilterFunctionality_Tablet_21-03-49 - [verifyingDisplayTypeFilterFunctionality_Tablet_21-03-49] Within smoothScrollToElement method
21:04:28 [TestNG-test-Test-1] INFO  verifyingDisplayTypeFilterFunctionality_Tablet_21-03-49 - [verifyingDisplayTypeFilterFunctionality_Tablet_21-03-49] Within safeFindElement method
21:04:28 [TestNG-test-Test-1] INFO  verifyingDisplayTypeFilterFunctionality_Tablet_21-03-49 - [verifyingDisplayTypeFilterFunctionality_Tablet_21-03-49]Found the element returning it ,element ->[[ChromeDriver: chrome on windows (d29da8f50220042dd5c7bb6155fa1d5a)] -> xpath: (//div[@data-cy='title-recipe'])[6]]
21:04:28 [TestNG-test-Test-1] INFO  verifyingDisplayTypeFilterFunctionality_Tablet_21-03-49 - [verifyingDisplayTypeFilterFunctionality_Tablet_21-03-49] Successfully scrolled to element: By.xpath: (//div[@data-cy='title-recipe'])[6]
21:04:28 [TestNG-test-Test-1] INFO  verifyingDisplayTypeFilterFunctionality_Tablet_21-03-49 - [verifyingDisplayTypeFilterFunctionality_Tablet_21-03-49] Getting product by index in productNameListingPage loop
21:04:29 [TestNG-test-Test-1] INFO  verifyingDisplayTypeFilterFunctionality_Tablet_21-03-49 - [verifyingDisplayTypeFilterFunctionality_Tablet_21-03-49] Opened product in new tab via Ctrl+Click inside productNameListingPage loop
21:04:29 [TestNG-test-Test-1] INFO  verifyingDisplayTypeFilterFunctionality_Tablet_21-03-49 - [verifyingDisplayTypeFilterFunctionality_Tablet_21-03-49] Waiting for new window to open...
21:04:29 [TestNG-test-Test-1] INFO  verifyingDisplayTypeFilterFunctionality_Tablet_21-03-49 - [verifyingDisplayTypeFilterFunctionality_Tablet_21-03-49] Switched to new window -> EE20EE9EC388CA73CAF11B1AA77F62BA
21:04:29 [TestNG-test-Test-1] INFO  verifyingDisplayTypeFilterFunctionality_Tablet_21-03-49 - [verifyingDisplayTypeFilterFunctionality_Tablet_21-03-49] Swithcing to the new window  within productNameListingPage loop
21:04:29 [TestNG-test-Test-1] INFO  verifyingDisplayTypeFilterFunctionality_Tablet_21-03-49 - [verifyingDisplayTypeFilterFunctionality_Tablet_21-03-49] Clicked product name to open in new tab from productNameListingPage loop
21:04:29 [TestNG-test-Test-1] INFO  verifyingDisplayTypeFilterFunctionality_Tablet_21-03-49 - [verifyingDisplayTypeFilterFunctionality_Tablet_21-03-49] Waiting until element is visible in viewport
21:04:32 [TestNG-test-Test-1] WARN  verifyingDisplayTypeFilterFunctionality_Tablet_21-03-49 - [verifyingDisplayTypeFilterFunctionality_Tablet_21-03-49] Product detail page did not load for index 6 filter 'IPS'; skipping detail scrape to avoid redundant retries/timeouts
21:04:32 [TestNG-test-Test-1] INFO  verifyingDisplayTypeFilterFunctionality_Tablet_21-03-49 - [verifyingDisplayTypeFilterFunctionality_Tablet_21-03-49] Within closeCurrentWindowAndSwitchBack method
21:04:32 [TestNG-test-Test-1] INFO  verifyingDisplayTypeFilterFunctionality_Tablet_21-03-49 - [verifyingDisplayTypeFilterFunctionality_Tablet_21-03-49] Total open windows/tabs count -> 2
21:04:32 [TestNG-test-Test-1] INFO  verifyingDisplayTypeFilterFunctionality_Tablet_21-03-49 - [verifyingDisplayTypeFilterFunctionality_Tablet_21-03-49] Original window handle -> 010E3A3AD5DF7B279A27341D797C4235
21:04:32 [TestNG-test-Test-1] INFO  verifyingDisplayTypeFilterFunctionality_Tablet_21-03-49 - [verifyingDisplayTypeFilterFunctionality_Tablet_21-03-49] Found new tab/window handle -> EE20EE9EC388CA73CAF11B1AA77F62BA (will be closed)
21:04:32 [TestNG-test-Test-1] INFO  verifyingDisplayTypeFilterFunctionality_Tablet_21-03-49 - [verifyingDisplayTypeFilterFunctionality_Tablet_21-03-49] Successfully switched to new tab/window -> EE20EE9EC388CA73CAF11B1AA77F62BA
21:04:32 [TestNG-test-Test-1] INFO  verifyingDisplayTypeFilterFunctionality_Tablet_21-03-49 - [verifyingDisplayTypeFilterFunctionality_Tablet_21-03-49] Closed the newly opened tab/window -> EE20EE9EC388CA73CAF11B1AA77F62BA
21:04:32 [TestNG-test-Test-1] INFO  verifyingDisplayTypeFilterFunctionality_Tablet_21-03-49 - [verifyingDisplayTypeFilterFunctionality_Tablet_21-03-49] Switched back to the original window -> 010E3A3AD5DF7B279A27341D797C4235
21:04:32 [TestNG-test-Test-1] INFO  verifyingDisplayTypeFilterFunctionality_Tablet_21-03-49 - [verifyingDisplayTypeFilterFunctionality_Tablet_21-03-49]  going back to product listing via closeCurrentWindowAndSwitchBack 
21:04:32 [TestNG-test-Test-1] INFO  verifyingDisplayTypeFilterFunctionality_Tablet_21-03-49 - [verifyingDisplayTypeFilterFunctionality_Tablet_21-03-49]  Added 'filter','title','keyFeatures', 'about', 'techDetails' into the Map -> productResult
21:04:32 [TestNG-test-Test-1] INFO  verifyingDisplayTypeFilterFunctionality_Tablet_21-03-49 - [verifyingDisplayTypeFilterFunctionality_Tablet_21-03-49]  Added 'productResult' Map into the 'results' i.e list of maps 
21:04:32 [TestNG-test-Test-1] INFO  verifyingDisplayTypeFilterFunctionality_Tablet_21-03-49 - [verifyingDisplayTypeFilterFunctionality_Tablet_21-03-49]==========================================================================================================
21:04:32 [TestNG-test-Test-1] INFO  verifyingDisplayTypeFilterFunctionality_Tablet_21-03-49 - [verifyingDisplayTypeFilterFunctionality_Tablet_21-03-49] Within safeFindElements 
21:04:32 [TestNG-test-Test-1] INFO  verifyingDisplayTypeFilterFunctionality_Tablet_21-03-49 - [verifyingDisplayTypeFilterFunctionality_Tablet_21-03-49] Returning the  [[[ChromeDriver: chrome on windows (d29da8f50220042dd5c7bb6155fa1d5a)] -> xpath: //div[@data-cy='title-recipe']], [[ChromeDriver: chrome on windows (d29da8f50220042dd5c7bb6155fa1d5a)] -> xpath: //div[@data-cy='title-recipe']], [[ChromeDriver: chrome on windows (d29da8f50220042dd5c7bb6155fa1d5a)] -> xpath: //div[@data-cy='title-recipe']], [[ChromeDriver: chrome on windows (d29da8f50220042dd5c7bb6155fa1d5a)] -> xpath: //div[@data-cy='title-recipe']], [[ChromeDriver: chrome on windows (d29da8f50220042dd5c7bb6155fa1d5a)] -> xpath: //div[@data-cy='title-recipe']], [[ChromeDriver: chrome on windows (d29da8f50220042dd5c7bb6155fa1d5a)] -> xpath: //div[@data-cy='title-recipe']], [[ChromeDriver: chrome on windows (d29da8f50220042dd5c7bb6155fa1d5a)] -> xpath: //div[@data-cy='title-recipe']], [[ChromeDriver: chrome on windows (d29da8f50220042dd5c7bb6155fa1d5a)] -> xpath: //div[@data-cy='title-recipe']], [[ChromeDriver: chrome on windows (d29da8f50220042dd5c7bb6155fa1d5a)] -> xpath: //div[@data-cy='title-recipe']], [[ChromeDriver: chrome on windows (d29da8f50220042dd5c7bb6155fa1d5a)] -> xpath: //div[@data-cy='title-recipe']], [[ChromeDriver: chrome on windows (d29da8f50220042dd5c7bb6155fa1d5a)] -> xpath: //div[@data-cy='title-recipe']], [[ChromeDriver: chrome on windows (d29da8f50220042dd5c7bb6155fa1d5a)] -> xpath: //div[@data-cy='title-recipe']], [[ChromeDriver: chrome on windows (d29da8f50220042dd5c7bb6155fa1d5a)] -> xpath: //div[@data-cy='title-recipe']], [[ChromeDriver: chrome on windows (d29da8f50220042dd5c7bb6155fa1d5a)] -> xpath: //div[@data-cy='title-recipe']], [[ChromeDriver: chrome on windows (d29da8f50220042dd5c7bb6155fa1d5a)] -> xpath: //div[@data-cy='title-recipe']], [[ChromeDriver: chrome on windows (d29da8f50220042dd5c7bb6155fa1d5a)] -> xpath: //div[@data-cy='title-recipe']]] from the safeFindElements method
21:04:32 [TestNG-test-Test-1] INFO  verifyingDisplayTypeFilterFunctionality_Tablet_21-03-49 - [verifyingDisplayTypeFilterFunctionality_Tablet_21-03-49] Within productNameListingPage loop in applyFilterAndValidateProductsWithResult
21:04:32 [TestNG-test-Test-1] INFO  verifyingDisplayTypeFilterFunctionality_Tablet_21-03-49 - [verifyingDisplayTypeFilterFunctionality_Tablet_21-03-49] Within getProductByIndex method
21:04:32 [TestNG-test-Test-1] INFO  verifyingDisplayTypeFilterFunctionality_Tablet_21-03-49 - [verifyingDisplayTypeFilterFunctionality_Tablet_21-03-49] Within safeFindElement method
21:04:32 [TestNG-test-Test-1] INFO  verifyingDisplayTypeFilterFunctionality_Tablet_21-03-49 - [verifyingDisplayTypeFilterFunctionality_Tablet_21-03-49]Found the element returning it ,element ->[[ChromeDriver: chrome on windows (d29da8f50220042dd5c7bb6155fa1d5a)] -> xpath: (//div[@data-cy='title-recipe'])[7]]
21:04:32 [TestNG-test-Test-1] INFO  verifyingDisplayTypeFilterFunctionality_Tablet_21-03-49 - [verifyingDisplayTypeFilterFunctionality_Tablet_21-03-49] Within getProductByIndex method
21:04:32 [TestNG-test-Test-1] INFO  verifyingDisplayTypeFilterFunctionality_Tablet_21-03-49 - [verifyingDisplayTypeFilterFunctionality_Tablet_21-03-49] Within smoothScrollToElement method
21:04:32 [TestNG-test-Test-1] INFO  verifyingDisplayTypeFilterFunctionality_Tablet_21-03-49 - [verifyingDisplayTypeFilterFunctionality_Tablet_21-03-49] Within safeFindElement method
21:04:32 [TestNG-test-Test-1] INFO  verifyingDisplayTypeFilterFunctionality_Tablet_21-03-49 - [verifyingDisplayTypeFilterFunctionality_Tablet_21-03-49]Found the element returning it ,element ->[[ChromeDriver: chrome on windows (d29da8f50220042dd5c7bb6155fa1d5a)] -> xpath: (//div[@data-cy='title-recipe'])[7]]
21:04:32 [TestNG-test-Test-1] INFO  verifyingDisplayTypeFilterFunctionality_Tablet_21-03-49 - [verifyingDisplayTypeFilterFunctionality_Tablet_21-03-49] Successfully scrolled to element: By.xpath: (//div[@data-cy='title-recipe'])[7]
21:04:32 [TestNG-test-Test-1] INFO  verifyingDisplayTypeFilterFunctionality_Tablet_21-03-49 - [verifyingDisplayTypeFilterFunctionality_Tablet_21-03-49] Getting product by index in productNameListingPage loop
21:04:33 [TestNG-test-Test-1] INFO  verifyingDisplayTypeFilterFunctionality_Tablet_21-03-49 - [verifyingDisplayTypeFilterFunctionality_Tablet_21-03-49] Opened product in new tab via Ctrl+Click inside productNameListingPage loop
21:04:33 [TestNG-test-Test-1] INFO  verifyingDisplayTypeFilterFunctionality_Tablet_21-03-49 - [verifyingDisplayTypeFilterFunctionality_Tablet_21-03-49] Waiting for new window to open...
21:04:33 [TestNG-test-Test-1] INFO  verifyingDisplayTypeFilterFunctionality_Tablet_21-03-49 - [verifyingDisplayTypeFilterFunctionality_Tablet_21-03-49] Switched to new window -> 05AE7B5866B2FF1554B2805CEB1C2780
21:04:33 [TestNG-test-Test-1] INFO  verifyingDisplayTypeFilterFunctionality_Tablet_21-03-49 - [verifyingDisplayTypeFilterFunctionality_Tablet_21-03-49] Swithcing to the new window  within productNameListingPage loop
21:04:33 [TestNG-test-Test-1] INFO  verifyingDisplayTypeFilterFunctionality_Tablet_21-03-49 - [verifyingDisplayTypeFilterFunctionality_Tablet_21-03-49] Clicked product name to open in new tab from productNameListingPage loop
21:04:33 [TestNG-test-Test-1] INFO  verifyingDisplayTypeFilterFunctionality_Tablet_21-03-49 - [verifyingDisplayTypeFilterFunctionality_Tablet_21-03-49] Waiting until element is visible in viewport
21:04:36 [TestNG-test-Test-1] INFO  verifyingDisplayTypeFilterFunctionality_Tablet_21-03-49 - [verifyingDisplayTypeFilterFunctionality_Tablet_21-03-49] Within safeFindElement method
21:04:36 [TestNG-test-Test-1] INFO  verifyingDisplayTypeFilterFunctionality_Tablet_21-03-49 - [verifyingDisplayTypeFilterFunctionality_Tablet_21-03-49]Found the element returning it ,element ->[[ChromeDriver: chrome on windows (d29da8f50220042dd5c7bb6155fa1d5a)] -> xpath: //span[@id='productTitle']]
21:04:36 [TestNG-test-Test-1] INFO  verifyingDisplayTypeFilterFunctionality_Tablet_21-03-49 - [verifyingDisplayTypeFilterFunctionality_Tablet_21-03-49] Within safeFindElement method
21:04:36 [TestNG-test-Test-1] INFO  verifyingDisplayTypeFilterFunctionality_Tablet_21-03-49 - [verifyingDisplayTypeFilterFunctionality_Tablet_21-03-49]Found the element returning it ,element ->[[ChromeDriver: chrome on windows (d29da8f50220042dd5c7bb6155fa1d5a)] -> xpath: //div[@class='a-section a-spacing-small a-spacing-top-small']]
21:04:36 [TestNG-test-Test-1] INFO  verifyingDisplayTypeFilterFunctionality_Tablet_21-03-49 - [verifyingDisplayTypeFilterFunctionality_Tablet_21-03-49] Within safeFindElement method
21:04:36 [TestNG-test-Test-1] INFO  verifyingDisplayTypeFilterFunctionality_Tablet_21-03-49 - [verifyingDisplayTypeFilterFunctionality_Tablet_21-03-49]Found the element returning it ,element ->[[ChromeDriver: chrome on windows (d29da8f50220042dd5c7bb6155fa1d5a)] -> xpath: //div[@id='feature-bullets']]
21:04:36 [TestNG-test-Test-1] INFO  verifyingDisplayTypeFilterFunctionality_Tablet_21-03-49 - [verifyingDisplayTypeFilterFunctionality_Tablet_21-03-49] Within safeFindElement method
21:04:36 [TestNG-test-Test-1] INFO  verifyingDisplayTypeFilterFunctionality_Tablet_21-03-49 - [verifyingDisplayTypeFilterFunctionality_Tablet_21-03-49]Found the element returning it ,element ->[[ChromeDriver: chrome on windows (d29da8f50220042dd5c7bb6155fa1d5a)] -> xpath: //div[@id='prodDetails']]
21:04:36 [TestNG-test-Test-1] INFO  verifyingDisplayTypeFilterFunctionality_Tablet_21-03-49 - [verifyingDisplayTypeFilterFunctionality_Tablet_21-03-49] Extracting 'name' , 'keyFeatures', 'about' , 'techDetails' within productNameListingPage loop
21:04:36 [TestNG-test-Test-1] INFO  verifyingDisplayTypeFilterFunctionality_Tablet_21-03-49 - [verifyingDisplayTypeFilterFunctionality_Tablet_21-03-49] Waiting until element is visible in viewport
21:04:47 [TestNG-test-Test-1] INFO  verifyingDisplayTypeFilterFunctionality_Tablet_21-03-49 - [verifyingDisplayTypeFilterFunctionality_Tablet_21-03-49] Within smoothScrollToElement method
21:04:47 [TestNG-test-Test-1] INFO  verifyingDisplayTypeFilterFunctionality_Tablet_21-03-49 - [verifyingDisplayTypeFilterFunctionality_Tablet_21-03-49] Within safeFindElement method
21:04:47 [TestNG-test-Test-1] INFO  verifyingDisplayTypeFilterFunctionality_Tablet_21-03-49 - [verifyingDisplayTypeFilterFunctionality_Tablet_21-03-49]Found the element returning it ,element ->[[ChromeDriver: chrome on windows (d29da8f50220042dd5c7bb6155fa1d5a)] -> xpath: //a[@id='seeMoreDetailsLink']]
21:04:47 [TestNG-test-Test-1] INFO  verifyingDisplayTypeFilterFunctionality_Tablet_21-03-49 - [verifyingDisplayTypeFilterFunctionality_Tablet_21-03-49] Successfully scrolled to element: By.xpath: //a[@id='seeMoreDetailsLink']
21:04:47 [TestNG-test-Test-1] INFO  verifyingDisplayTypeFilterFunctionality_Tablet_21-03-49 - [verifyingDisplayTypeFilterFunctionality_Tablet_21-03-49] Within safeClick method
21:04:47 [TestNG-test-Test-1] INFO  verifyingDisplayTypeFilterFunctionality_Tablet_21-03-49 - [verifyingDisplayTypeFilterFunctionality_Tablet_21-03-49] Clicked the  [[ChromeDriver: chrome on windows (d29da8f50220042dd5c7bb6155fa1d5a)] -> xpath: //a[@id='seeMoreDetailsLink']]   using safeClick
21:04:47 [TestNG-test-Test-1] INFO  verifyingDisplayTypeFilterFunctionality_Tablet_21-03-49 - [verifyingDisplayTypeFilterFunctionality_Tablet_21-03-49] Within try block for clicking see more deatils within productNameListingPage loop
21:04:47 [TestNG-test-Test-1] INFO  verifyingDisplayTypeFilterFunctionality_Tablet_21-03-49 - [verifyingDisplayTypeFilterFunctionality_Tablet_21-03-49] Within closeCurrentWindowAndSwitchBack method
21:04:47 [TestNG-test-Test-1] INFO  verifyingDisplayTypeFilterFunctionality_Tablet_21-03-49 - [verifyingDisplayTypeFilterFunctionality_Tablet_21-03-49] Total open windows/tabs count -> 2
21:04:47 [TestNG-test-Test-1] INFO  verifyingDisplayTypeFilterFunctionality_Tablet_21-03-49 - [verifyingDisplayTypeFilterFunctionality_Tablet_21-03-49] Original window handle -> 010E3A3AD5DF7B279A27341D797C4235
21:04:47 [TestNG-test-Test-1] INFO  verifyingDisplayTypeFilterFunctionality_Tablet_21-03-49 - [verifyingDisplayTypeFilterFunctionality_Tablet_21-03-49] Found new tab/window handle -> 05AE7B5866B2FF1554B2805CEB1C2780 (will be closed)
21:04:47 [TestNG-test-Test-1] INFO  verifyingDisplayTypeFilterFunctionality_Tablet_21-03-49 - [verifyingDisplayTypeFilterFunctionality_Tablet_21-03-49] Successfully switched to new tab/window -> 05AE7B5866B2FF1554B2805CEB1C2780
21:04:47 [TestNG-test-Test-1] INFO  verifyingDisplayTypeFilterFunctionality_Tablet_21-03-49 - [verifyingDisplayTypeFilterFunctionality_Tablet_21-03-49] Closed the newly opened tab/window -> 05AE7B5866B2FF1554B2805CEB1C2780
21:04:47 [TestNG-test-Test-1] INFO  verifyingDisplayTypeFilterFunctionality_Tablet_21-03-49 - [verifyingDisplayTypeFilterFunctionality_Tablet_21-03-49] Switched back to the original window -> 010E3A3AD5DF7B279A27341D797C4235
21:04:47 [TestNG-test-Test-1] INFO  verifyingDisplayTypeFilterFunctionality_Tablet_21-03-49 - [verifyingDisplayTypeFilterFunctionality_Tablet_21-03-49]  going back to product listing via closeCurrentWindowAndSwitchBack 
21:04:47 [TestNG-test-Test-1] INFO  verifyingDisplayTypeFilterFunctionality_Tablet_21-03-49 - [verifyingDisplayTypeFilterFunctionality_Tablet_21-03-49]  Added 'filter','title','keyFeatures', 'about', 'techDetails' into the Map -> productResult
21:04:47 [TestNG-test-Test-1] INFO  verifyingDisplayTypeFilterFunctionality_Tablet_21-03-49 - [verifyingDisplayTypeFilterFunctionality_Tablet_21-03-49]  Added 'productResult' Map into the 'results' i.e list of maps 
21:04:47 [TestNG-test-Test-1] INFO  verifyingDisplayTypeFilterFunctionality_Tablet_21-03-49 - [verifyingDisplayTypeFilterFunctionality_Tablet_21-03-49]==========================================================================================================
21:04:47 [TestNG-test-Test-1] INFO  verifyingDisplayTypeFilterFunctionality_Tablet_21-03-49 - [verifyingDisplayTypeFilterFunctionality_Tablet_21-03-49] Within safeFindElements 
21:04:47 [TestNG-test-Test-1] INFO  verifyingDisplayTypeFilterFunctionality_Tablet_21-03-49 - [verifyingDisplayTypeFilterFunctionality_Tablet_21-03-49] Returning the  [[[ChromeDriver: chrome on windows (d29da8f50220042dd5c7bb6155fa1d5a)] -> xpath: //div[@data-cy='title-recipe']], [[ChromeDriver: chrome on windows (d29da8f50220042dd5c7bb6155fa1d5a)] -> xpath: //div[@data-cy='title-recipe']], [[ChromeDriver: chrome on windows (d29da8f50220042dd5c7bb6155fa1d5a)] -> xpath: //div[@data-cy='title-recipe']], [[ChromeDriver: chrome on windows (d29da8f50220042dd5c7bb6155fa1d5a)] -> xpath: //div[@data-cy='title-recipe']], [[ChromeDriver: chrome on windows (d29da8f50220042dd5c7bb6155fa1d5a)] -> xpath: //div[@data-cy='title-recipe']], [[ChromeDriver: chrome on windows (d29da8f50220042dd5c7bb6155fa1d5a)] -> xpath: //div[@data-cy='title-recipe']], [[ChromeDriver: chrome on windows (d29da8f50220042dd5c7bb6155fa1d5a)] -> xpath: //div[@data-cy='title-recipe']], [[ChromeDriver: chrome on windows (d29da8f50220042dd5c7bb6155fa1d5a)] -> xpath: //div[@data-cy='title-recipe']], [[ChromeDriver: chrome on windows (d29da8f50220042dd5c7bb6155fa1d5a)] -> xpath: //div[@data-cy='title-recipe']], [[ChromeDriver: chrome on windows (d29da8f50220042dd5c7bb6155fa1d5a)] -> xpath: //div[@data-cy='title-recipe']], [[ChromeDriver: chrome on windows (d29da8f50220042dd5c7bb6155fa1d5a)] -> xpath: //div[@data-cy='title-recipe']], [[ChromeDriver: chrome on windows (d29da8f50220042dd5c7bb6155fa1d5a)] -> xpath: //div[@data-cy='title-recipe']], [[ChromeDriver: chrome on windows (d29da8f50220042dd5c7bb6155fa1d5a)] -> xpath: //div[@data-cy='title-recipe']], [[ChromeDriver: chrome on windows (d29da8f50220042dd5c7bb6155fa1d5a)] -> xpath: //div[@data-cy='title-recipe']], [[ChromeDriver: chrome on windows (d29da8f50220042dd5c7bb6155fa1d5a)] -> xpath: //div[@data-cy='title-recipe']], [[ChromeDriver: chrome on windows (d29da8f50220042dd5c7bb6155fa1d5a)] -> xpath: //div[@data-cy='title-recipe']]] from the safeFindElements method
21:04:47 [TestNG-test-Test-1] INFO  verifyingDisplayTypeFilterFunctionality_Tablet_21-03-49 - [verifyingDisplayTypeFilterFunctionality_Tablet_21-03-49] Within productNameListingPage loop in applyFilterAndValidateProductsWithResult
21:04:47 [TestNG-test-Test-1] INFO  verifyingDisplayTypeFilterFunctionality_Tablet_21-03-49 - [verifyingDisplayTypeFilterFunctionality_Tablet_21-03-49] Within getProductByIndex method
21:04:47 [TestNG-test-Test-1] INFO  verifyingDisplayTypeFilterFunctionality_Tablet_21-03-49 - [verifyingDisplayTypeFilterFunctionality_Tablet_21-03-49] Within safeFindElement method
21:04:47 [TestNG-test-Test-1] INFO  verifyingDisplayTypeFilterFunctionality_Tablet_21-03-49 - [verifyingDisplayTypeFilterFunctionality_Tablet_21-03-49]Found the element returning it ,element ->[[ChromeDriver: chrome on windows (d29da8f50220042dd5c7bb6155fa1d5a)] -> xpath: (//div[@data-cy='title-recipe'])[8]]
21:04:47 [TestNG-test-Test-1] INFO  verifyingDisplayTypeFilterFunctionality_Tablet_21-03-49 - [verifyingDisplayTypeFilterFunctionality_Tablet_21-03-49] Within getProductByIndex method
21:04:47 [TestNG-test-Test-1] INFO  verifyingDisplayTypeFilterFunctionality_Tablet_21-03-49 - [verifyingDisplayTypeFilterFunctionality_Tablet_21-03-49] Within smoothScrollToElement method
21:04:47 [TestNG-test-Test-1] INFO  verifyingDisplayTypeFilterFunctionality_Tablet_21-03-49 - [verifyingDisplayTypeFilterFunctionality_Tablet_21-03-49] Within safeFindElement method
21:04:47 [TestNG-test-Test-1] INFO  verifyingDisplayTypeFilterFunctionality_Tablet_21-03-49 - [verifyingDisplayTypeFilterFunctionality_Tablet_21-03-49]Found the element returning it ,element ->[[ChromeDriver: chrome on windows (d29da8f50220042dd5c7bb6155fa1d5a)] -> xpath: (//div[@data-cy='title-recipe'])[8]]
21:04:47 [TestNG-test-Test-1] INFO  verifyingDisplayTypeFilterFunctionality_Tablet_21-03-49 - [verifyingDisplayTypeFilterFunctionality_Tablet_21-03-49] Successfully scrolled to element: By.xpath: (//div[@data-cy='title-recipe'])[8]
21:04:47 [TestNG-test-Test-1] INFO  verifyingDisplayTypeFilterFunctionality_Tablet_21-03-49 - [verifyingDisplayTypeFilterFunctionality_Tablet_21-03-49] Getting product by index in productNameListingPage loop
21:04:47 [TestNG-test-Test-1] INFO  verifyingDisplayTypeFilterFunctionality_Tablet_21-03-49 - [verifyingDisplayTypeFilterFunctionality_Tablet_21-03-49] Opened product in new tab via Ctrl+Click inside productNameListingPage loop
21:04:47 [TestNG-test-Test-1] INFO  verifyingDisplayTypeFilterFunctionality_Tablet_21-03-49 - [verifyingDisplayTypeFilterFunctionality_Tablet_21-03-49] Waiting for new window to open...
21:04:47 [TestNG-test-Test-1] INFO  verifyingDisplayTypeFilterFunctionality_Tablet_21-03-49 - [verifyingDisplayTypeFilterFunctionality_Tablet_21-03-49] Switched to new window -> 9DB6D9068F1B79994C54815735E2FBCF
21:04:47 [TestNG-test-Test-1] INFO  verifyingDisplayTypeFilterFunctionality_Tablet_21-03-49 - [verifyingDisplayTypeFilterFunctionality_Tablet_21-03-49] Swithcing to the new window  within productNameListingPage loop
21:04:47 [TestNG-test-Test-1] INFO  verifyingDisplayTypeFilterFunctionality_Tablet_21-03-49 - [verifyingDisplayTypeFilterFunctionality_Tablet_21-03-49] Clicked product name to open in new tab from productNameListingPage loop
21:04:47 [TestNG-test-Test-1] INFO  verifyingDisplayTypeFilterFunctionality_Tablet_21-03-49 - [verifyingDisplayTypeFilterFunctionality_Tablet_21-03-49] Waiting until element is visible in viewport
21:04:51 [TestNG-test-Test-1] INFO  verifyingDisplayTypeFilterFunctionality_Tablet_21-03-49 - [verifyingDisplayTypeFilterFunctionality_Tablet_21-03-49] Within safeFindElement method
21:04:51 [TestNG-test-Test-1] INFO  verifyingDisplayTypeFilterFunctionality_Tablet_21-03-49 - [verifyingDisplayTypeFilterFunctionality_Tablet_21-03-49]Found the element returning it ,element ->[[ChromeDriver: chrome on windows (d29da8f50220042dd5c7bb6155fa1d5a)] -> xpath: //span[@id='productTitle']]
21:04:51 [TestNG-test-Test-1] INFO  verifyingDisplayTypeFilterFunctionality_Tablet_21-03-49 - [verifyingDisplayTypeFilterFunctionality_Tablet_21-03-49] Within safeFindElement method
21:04:51 [TestNG-test-Test-1] INFO  verifyingDisplayTypeFilterFunctionality_Tablet_21-03-49 - [verifyingDisplayTypeFilterFunctionality_Tablet_21-03-49]Found the element returning it ,element ->[[ChromeDriver: chrome on windows (d29da8f50220042dd5c7bb6155fa1d5a)] -> xpath: //div[@class='a-section a-spacing-small a-spacing-top-small']]
21:04:51 [TestNG-test-Test-1] INFO  verifyingDisplayTypeFilterFunctionality_Tablet_21-03-49 - [verifyingDisplayTypeFilterFunctionality_Tablet_21-03-49] Within safeFindElement method
21:04:51 [TestNG-test-Test-1] INFO  verifyingDisplayTypeFilterFunctionality_Tablet_21-03-49 - [verifyingDisplayTypeFilterFunctionality_Tablet_21-03-49]Found the element returning it ,element ->[[ChromeDriver: chrome on windows (d29da8f50220042dd5c7bb6155fa1d5a)] -> xpath: //div[@id='feature-bullets']]
21:04:51 [TestNG-test-Test-1] INFO  verifyingDisplayTypeFilterFunctionality_Tablet_21-03-49 - [verifyingDisplayTypeFilterFunctionality_Tablet_21-03-49] Within safeFindElement method
21:04:51 [TestNG-test-Test-1] INFO  verifyingDisplayTypeFilterFunctionality_Tablet_21-03-49 - [verifyingDisplayTypeFilterFunctionality_Tablet_21-03-49]Found the element returning it ,element ->[[ChromeDriver: chrome on windows (d29da8f50220042dd5c7bb6155fa1d5a)] -> xpath: //div[@id='prodDetails']]
21:04:52 [TestNG-test-Test-1] INFO  verifyingDisplayTypeFilterFunctionality_Tablet_21-03-49 - [verifyingDisplayTypeFilterFunctionality_Tablet_21-03-49] Extracting 'name' , 'keyFeatures', 'about' , 'techDetails' within productNameListingPage loop
21:04:52 [TestNG-test-Test-1] INFO  verifyingDisplayTypeFilterFunctionality_Tablet_21-03-49 - [verifyingDisplayTypeFilterFunctionality_Tablet_21-03-49] Waiting until element is visible in viewport
21:05:02 [TestNG-test-Test-1] INFO  verifyingDisplayTypeFilterFunctionality_Tablet_21-03-49 - [verifyingDisplayTypeFilterFunctionality_Tablet_21-03-49] Within smoothScrollToElement method
21:05:02 [TestNG-test-Test-1] INFO  verifyingDisplayTypeFilterFunctionality_Tablet_21-03-49 - [verifyingDisplayTypeFilterFunctionality_Tablet_21-03-49] Within safeFindElement method
21:05:02 [TestNG-test-Test-1] INFO  verifyingDisplayTypeFilterFunctionality_Tablet_21-03-49 - [verifyingDisplayTypeFilterFunctionality_Tablet_21-03-49]Found the element returning it ,element ->[[ChromeDriver: chrome on windows (d29da8f50220042dd5c7bb6155fa1d5a)] -> xpath: //a[@id='seeMoreDetailsLink']]
21:05:02 [TestNG-test-Test-1] INFO  verifyingDisplayTypeFilterFunctionality_Tablet_21-03-49 - [verifyingDisplayTypeFilterFunctionality_Tablet_21-03-49] Successfully scrolled to element: By.xpath: //a[@id='seeMoreDetailsLink']
21:05:02 [TestNG-test-Test-1] INFO  verifyingDisplayTypeFilterFunctionality_Tablet_21-03-49 - [verifyingDisplayTypeFilterFunctionality_Tablet_21-03-49] Within safeClick method
21:05:02 [TestNG-test-Test-1] INFO  verifyingDisplayTypeFilterFunctionality_Tablet_21-03-49 - [verifyingDisplayTypeFilterFunctionality_Tablet_21-03-49] Clicked the  [[ChromeDriver: chrome on windows (d29da8f50220042dd5c7bb6155fa1d5a)] -> xpath: //a[@id='seeMoreDetailsLink']]   using safeClick
21:05:02 [TestNG-test-Test-1] INFO  verifyingDisplayTypeFilterFunctionality_Tablet_21-03-49 - [verifyingDisplayTypeFilterFunctionality_Tablet_21-03-49] Within try block for clicking see more deatils within productNameListingPage loop
21:05:02 [TestNG-test-Test-1] INFO  verifyingDisplayTypeFilterFunctionality_Tablet_21-03-49 - [verifyingDisplayTypeFilterFunctionality_Tablet_21-03-49] Within closeCurrentWindowAndSwitchBack method
21:05:02 [TestNG-test-Test-1] INFO  verifyingDisplayTypeFilterFunctionality_Tablet_21-03-49 - [verifyingDisplayTypeFilterFunctionality_Tablet_21-03-49] Total open windows/tabs count -> 2
21:05:02 [TestNG-test-Test-1] INFO  verifyingDisplayTypeFilterFunctionality_Tablet_21-03-49 - [verifyingDisplayTypeFilterFunctionality_Tablet_21-03-49] Original window handle -> 010E3A3AD5DF7B279A27341D797C4235
21:05:02 [TestNG-test-Test-1] INFO  verifyingDisplayTypeFilterFunctionality_Tablet_21-03-49 - [verifyingDisplayTypeFilterFunctionality_Tablet_21-03-49] Found new tab/window handle -> 9DB6D9068F1B79994C54815735E2FBCF (will be closed)
21:05:02 [TestNG-test-Test-1] INFO  verifyingDisplayTypeFilterFunctionality_Tablet_21-03-49 - [verifyingDisplayTypeFilterFunctionality_Tablet_21-03-49] Successfully switched to new tab/window -> 9DB6D9068F1B79994C54815735E2FBCF
21:05:03 [TestNG-test-Test-1] INFO  verifyingDisplayTypeFilterFunctionality_Tablet_21-03-49 - [verifyingDisplayTypeFilterFunctionality_Tablet_21-03-49] Closed the newly opened tab/window -> 9DB6D9068F1B79994C54815735E2FBCF
21:05:03 [TestNG-test-Test-1] INFO  verifyingDisplayTypeFilterFunctionality_Tablet_21-03-49 - [verifyingDisplayTypeFilterFunctionality_Tablet_21-03-49] Switched back to the original window -> 010E3A3AD5DF7B279A27341D797C4235
21:05:03 [TestNG-test-Test-1] INFO  verifyingDisplayTypeFilterFunctionality_Tablet_21-03-49 - [verifyingDisplayTypeFilterFunctionality_Tablet_21-03-49]  going back to product listing via closeCurrentWindowAndSwitchBack 
21:05:03 [TestNG-test-Test-1] INFO  verifyingDisplayTypeFilterFunctionality_Tablet_21-03-49 - [verifyingDisplayTypeFilterFunctionality_Tablet_21-03-49]  Added 'filter','title','keyFeatures', 'about', 'techDetails' into the Map -> productResult
21:05:03 [TestNG-test-Test-1] INFO  verifyingDisplayTypeFilterFunctionality_Tablet_21-03-49 - [verifyingDisplayTypeFilterFunctionality_Tablet_21-03-49]  Added 'productResult' Map into the 'results' i.e list of maps 
21:05:03 [TestNG-test-Test-1] INFO  verifyingDisplayTypeFilterFunctionality_Tablet_21-03-49 - [verifyingDisplayTypeFilterFunctionality_Tablet_21-03-49]==========================================================================================================
21:05:03 [TestNG-test-Test-1] INFO  verifyingDisplayTypeFilterFunctionality_Tablet_21-03-49 - [verifyingDisplayTypeFilterFunctionality_Tablet_21-03-49] Within safeFindElements 
21:05:03 [TestNG-test-Test-1] INFO  verifyingDisplayTypeFilterFunctionality_Tablet_21-03-49 - [verifyingDisplayTypeFilterFunctionality_Tablet_21-03-49] Returning the  [[[ChromeDriver: chrome on windows (d29da8f50220042dd5c7bb6155fa1d5a)] -> xpath: //div[@data-cy='title-recipe']], [[ChromeDriver: chrome on windows (d29da8f50220042dd5c7bb6155fa1d5a)] -> xpath: //div[@data-cy='title-recipe']], [[ChromeDriver: chrome on windows (d29da8f50220042dd5c7bb6155fa1d5a)] -> xpath: //div[@data-cy='title-recipe']], [[ChromeDriver: chrome on windows (d29da8f50220042dd5c7bb6155fa1d5a)] -> xpath: //div[@data-cy='title-recipe']], [[ChromeDriver: chrome on windows (d29da8f50220042dd5c7bb6155fa1d5a)] -> xpath: //div[@data-cy='title-recipe']], [[ChromeDriver: chrome on windows (d29da8f50220042dd5c7bb6155fa1d5a)] -> xpath: //div[@data-cy='title-recipe']], [[ChromeDriver: chrome on windows (d29da8f50220042dd5c7bb6155fa1d5a)] -> xpath: //div[@data-cy='title-recipe']], [[ChromeDriver: chrome on windows (d29da8f50220042dd5c7bb6155fa1d5a)] -> xpath: //div[@data-cy='title-recipe']], [[ChromeDriver: chrome on windows (d29da8f50220042dd5c7bb6155fa1d5a)] -> xpath: //div[@data-cy='title-recipe']], [[ChromeDriver: chrome on windows (d29da8f50220042dd5c7bb6155fa1d5a)] -> xpath: //div[@data-cy='title-recipe']], [[ChromeDriver: chrome on windows (d29da8f50220042dd5c7bb6155fa1d5a)] -> xpath: //div[@data-cy='title-recipe']], [[ChromeDriver: chrome on windows (d29da8f50220042dd5c7bb6155fa1d5a)] -> xpath: //div[@data-cy='title-recipe']], [[ChromeDriver: chrome on windows (d29da8f50220042dd5c7bb6155fa1d5a)] -> xpath: //div[@data-cy='title-recipe']], [[ChromeDriver: chrome on windows (d29da8f50220042dd5c7bb6155fa1d5a)] -> xpath: //div[@data-cy='title-recipe']], [[ChromeDriver: chrome on windows (d29da8f50220042dd5c7bb6155fa1d5a)] -> xpath: //div[@data-cy='title-recipe']], [[ChromeDriver: chrome on windows (d29da8f50220042dd5c7bb6155fa1d5a)] -> xpath: //div[@data-cy='title-recipe']]] from the safeFindElements method
21:05:03 [TestNG-test-Test-1] INFO  verifyingDisplayTypeFilterFunctionality_Tablet_21-03-49 - [verifyingDisplayTypeFilterFunctionality_Tablet_21-03-49] Within productNameListingPage loop in applyFilterAndValidateProductsWithResult
21:05:03 [TestNG-test-Test-1] INFO  verifyingDisplayTypeFilterFunctionality_Tablet_21-03-49 - [verifyingDisplayTypeFilterFunctionality_Tablet_21-03-49] Within getProductByIndex method
21:05:03 [TestNG-test-Test-1] INFO  verifyingDisplayTypeFilterFunctionality_Tablet_21-03-49 - [verifyingDisplayTypeFilterFunctionality_Tablet_21-03-49] Within safeFindElement method
21:05:03 [TestNG-test-Test-1] INFO  verifyingDisplayTypeFilterFunctionality_Tablet_21-03-49 - [verifyingDisplayTypeFilterFunctionality_Tablet_21-03-49]Found the element returning it ,element ->[[ChromeDriver: chrome on windows (d29da8f50220042dd5c7bb6155fa1d5a)] -> xpath: (//div[@data-cy='title-recipe'])[9]]
21:05:03 [TestNG-test-Test-1] INFO  verifyingDisplayTypeFilterFunctionality_Tablet_21-03-49 - [verifyingDisplayTypeFilterFunctionality_Tablet_21-03-49] Within getProductByIndex method
21:05:03 [TestNG-test-Test-1] INFO  verifyingDisplayTypeFilterFunctionality_Tablet_21-03-49 - [verifyingDisplayTypeFilterFunctionality_Tablet_21-03-49] Within smoothScrollToElement method
21:05:03 [TestNG-test-Test-1] INFO  verifyingDisplayTypeFilterFunctionality_Tablet_21-03-49 - [verifyingDisplayTypeFilterFunctionality_Tablet_21-03-49] Within safeFindElement method
21:05:03 [TestNG-test-Test-1] INFO  verifyingDisplayTypeFilterFunctionality_Tablet_21-03-49 - [verifyingDisplayTypeFilterFunctionality_Tablet_21-03-49]Found the element returning it ,element ->[[ChromeDriver: chrome on windows (d29da8f50220042dd5c7bb6155fa1d5a)] -> xpath: (//div[@data-cy='title-recipe'])[9]]
21:05:03 [TestNG-test-Test-1] INFO  verifyingDisplayTypeFilterFunctionality_Tablet_21-03-49 - [verifyingDisplayTypeFilterFunctionality_Tablet_21-03-49] Successfully scrolled to element: By.xpath: (//div[@data-cy='title-recipe'])[9]
21:05:03 [TestNG-test-Test-1] INFO  verifyingDisplayTypeFilterFunctionality_Tablet_21-03-49 - [verifyingDisplayTypeFilterFunctionality_Tablet_21-03-49] Getting product by index in productNameListingPage loop
21:05:03 [TestNG-test-Test-1] INFO  verifyingDisplayTypeFilterFunctionality_Tablet_21-03-49 - [verifyingDisplayTypeFilterFunctionality_Tablet_21-03-49] Opened product in new tab via Ctrl+Click inside productNameListingPage loop
21:05:03 [TestNG-test-Test-1] INFO  verifyingDisplayTypeFilterFunctionality_Tablet_21-03-49 - [verifyingDisplayTypeFilterFunctionality_Tablet_21-03-49] Waiting for new window to open...
21:05:03 [TestNG-test-Test-1] INFO  verifyingDisplayTypeFilterFunctionality_Tablet_21-03-49 - [verifyingDisplayTypeFilterFunctionality_Tablet_21-03-49] Switched to new window -> B71B1D0E52CA2A9F7171FEDD4272E183
21:05:03 [TestNG-test-Test-1] INFO  verifyingDisplayTypeFilterFunctionality_Tablet_21-03-49 - [verifyingDisplayTypeFilterFunctionality_Tablet_21-03-49] Swithcing to the new window  within productNameListingPage loop
21:05:03 [TestNG-test-Test-1] INFO  verifyingDisplayTypeFilterFunctionality_Tablet_21-03-49 - [verifyingDisplayTypeFilterFunctionality_Tablet_21-03-49] Clicked product name to open in new tab from productNameListingPage loop
21:05:03 [TestNG-test-Test-1] INFO  verifyingDisplayTypeFilterFunctionality_Tablet_21-03-49 - [verifyingDisplayTypeFilterFunctionality_Tablet_21-03-49] Waiting until element is visible in viewport
21:05:06 [TestNG-test-Test-1] WARN  verifyingDisplayTypeFilterFunctionality_Tablet_21-03-49 - [verifyingDisplayTypeFilterFunctionality_Tablet_21-03-49] Product detail page did not load for index 9 filter 'IPS'; skipping detail scrape to avoid redundant retries/timeouts
21:05:06 [TestNG-test-Test-1] INFO  verifyingDisplayTypeFilterFunctionality_Tablet_21-03-49 - [verifyingDisplayTypeFilterFunctionality_Tablet_21-03-49] Within closeCurrentWindowAndSwitchBack method
21:05:06 [TestNG-test-Test-1] INFO  verifyingDisplayTypeFilterFunctionality_Tablet_21-03-49 - [verifyingDisplayTypeFilterFunctionality_Tablet_21-03-49] Total open windows/tabs count -> 2
21:05:06 [TestNG-test-Test-1] INFO  verifyingDisplayTypeFilterFunctionality_Tablet_21-03-49 - [verifyingDisplayTypeFilterFunctionality_Tablet_21-03-49] Original window handle -> 010E3A3AD5DF7B279A27341D797C4235
21:05:06 [TestNG-test-Test-1] INFO  verifyingDisplayTypeFilterFunctionality_Tablet_21-03-49 - [verifyingDisplayTypeFilterFunctionality_Tablet_21-03-49] Found new tab/window handle -> B71B1D0E52CA2A9F7171FEDD4272E183 (will be closed)
21:05:06 [TestNG-test-Test-1] INFO  verifyingDisplayTypeFilterFunctionality_Tablet_21-03-49 - [verifyingDisplayTypeFilterFunctionality_Tablet_21-03-49] Successfully switched to new tab/window -> B71B1D0E52CA2A9F7171FEDD4272E183
21:05:06 [TestNG-test-Test-1] INFO  verifyingDisplayTypeFilterFunctionality_Tablet_21-03-49 - [verifyingDisplayTypeFilterFunctionality_Tablet_21-03-49] Closed the newly opened tab/window -> B71B1D0E52CA2A9F7171FEDD4272E183
21:05:06 [TestNG-test-Test-1] INFO  verifyingDisplayTypeFilterFunctionality_Tablet_21-03-49 - [verifyingDisplayTypeFilterFunctionality_Tablet_21-03-49] Switched back to the original window -> 010E3A3AD5DF7B279A27341D797C4235
21:05:06 [TestNG-test-Test-1] INFO  verifyingDisplayTypeFilterFunctionality_Tablet_21-03-49 - [verifyingDisplayTypeFilterFunctionality_Tablet_21-03-49]  going back to product listing via closeCurrentWindowAndSwitchBack 
21:05:06 [TestNG-test-Test-1] INFO  verifyingDisplayTypeFilterFunctionality_Tablet_21-03-49 - [verifyingDisplayTypeFilterFunctionality_Tablet_21-03-49]  Added 'filter','title','keyFeatures', 'about', 'techDetails' into the Map -> productResult
21:05:06 [TestNG-test-Test-1] INFO  verifyingDisplayTypeFilterFunctionality_Tablet_21-03-49 - [verifyingDisplayTypeFilterFunctionality_Tablet_21-03-49]  Added 'productResult' Map into the 'results' i.e list of maps 
21:05:06 [TestNG-test-Test-1] INFO  verifyingDisplayTypeFilterFunctionality_Tablet_21-03-49 - [verifyingDisplayTypeFilterFunctionality_Tablet_21-03-49]==========================================================================================================
21:05:06 [TestNG-test-Test-1] INFO  verifyingDisplayTypeFilterFunctionality_Tablet_21-03-49 - [verifyingDisplayTypeFilterFunctionality_Tablet_21-03-49] Within safeFindElements 
21:05:06 [TestNG-test-Test-1] INFO  verifyingDisplayTypeFilterFunctionality_Tablet_21-03-49 - [verifyingDisplayTypeFilterFunctionality_Tablet_21-03-49] Returning the  [[[ChromeDriver: chrome on windows (d29da8f50220042dd5c7bb6155fa1d5a)] -> xpath: //div[@data-cy='title-recipe']], [[ChromeDriver: chrome on windows (d29da8f50220042dd5c7bb6155fa1d5a)] -> xpath: //div[@data-cy='title-recipe']], [[ChromeDriver: chrome on windows (d29da8f50220042dd5c7bb6155fa1d5a)] -> xpath: //div[@data-cy='title-recipe']], [[ChromeDriver: chrome on windows (d29da8f50220042dd5c7bb6155fa1d5a)] -> xpath: //div[@data-cy='title-recipe']], [[ChromeDriver: chrome on windows (d29da8f50220042dd5c7bb6155fa1d5a)] -> xpath: //div[@data-cy='title-recipe']], [[ChromeDriver: chrome on windows (d29da8f50220042dd5c7bb6155fa1d5a)] -> xpath: //div[@data-cy='title-recipe']], [[ChromeDriver: chrome on windows (d29da8f50220042dd5c7bb6155fa1d5a)] -> xpath: //div[@data-cy='title-recipe']], [[ChromeDriver: chrome on windows (d29da8f50220042dd5c7bb6155fa1d5a)] -> xpath: //div[@data-cy='title-recipe']], [[ChromeDriver: chrome on windows (d29da8f50220042dd5c7bb6155fa1d5a)] -> xpath: //div[@data-cy='title-recipe']], [[ChromeDriver: chrome on windows (d29da8f50220042dd5c7bb6155fa1d5a)] -> xpath: //div[@data-cy='title-recipe']], [[ChromeDriver: chrome on windows (d29da8f50220042dd5c7bb6155fa1d5a)] -> xpath: //div[@data-cy='title-recipe']], [[ChromeDriver: chrome on windows (d29da8f50220042dd5c7bb6155fa1d5a)] -> xpath: //div[@data-cy='title-recipe']], [[ChromeDriver: chrome on windows (d29da8f50220042dd5c7bb6155fa1d5a)] -> xpath: //div[@data-cy='title-recipe']], [[ChromeDriver: chrome on windows (d29da8f50220042dd5c7bb6155fa1d5a)] -> xpath: //div[@data-cy='title-recipe']], [[ChromeDriver: chrome on windows (d29da8f50220042dd5c7bb6155fa1d5a)] -> xpath: //div[@data-cy='title-recipe']], [[ChromeDriver: chrome on windows (d29da8f50220042dd5c7bb6155fa1d5a)] -> xpath: //div[@data-cy='title-recipe']]] from the safeFindElements method
21:05:06 [TestNG-test-Test-1] INFO  verifyingDisplayTypeFilterFunctionality_Tablet_21-03-49 - [verifyingDisplayTypeFilterFunctionality_Tablet_21-03-49] Within productNameListingPage loop in applyFilterAndValidateProductsWithResult
21:05:06 [TestNG-test-Test-1] INFO  verifyingDisplayTypeFilterFunctionality_Tablet_21-03-49 - [verifyingDisplayTypeFilterFunctionality_Tablet_21-03-49] Within getProductByIndex method
21:05:06 [TestNG-test-Test-1] INFO  verifyingDisplayTypeFilterFunctionality_Tablet_21-03-49 - [verifyingDisplayTypeFilterFunctionality_Tablet_21-03-49] Within safeFindElement method
21:05:06 [TestNG-test-Test-1] INFO  verifyingDisplayTypeFilterFunctionality_Tablet_21-03-49 - [verifyingDisplayTypeFilterFunctionality_Tablet_21-03-49]Found the element returning it ,element ->[[ChromeDriver: chrome on windows (d29da8f50220042dd5c7bb6155fa1d5a)] -> xpath: (//div[@data-cy='title-recipe'])[10]]
21:05:06 [TestNG-test-Test-1] INFO  verifyingDisplayTypeFilterFunctionality_Tablet_21-03-49 - [verifyingDisplayTypeFilterFunctionality_Tablet_21-03-49] Within getProductByIndex method
21:05:06 [TestNG-test-Test-1] INFO  verifyingDisplayTypeFilterFunctionality_Tablet_21-03-49 - [verifyingDisplayTypeFilterFunctionality_Tablet_21-03-49] Within smoothScrollToElement method
21:05:06 [TestNG-test-Test-1] INFO  verifyingDisplayTypeFilterFunctionality_Tablet_21-03-49 - [verifyingDisplayTypeFilterFunctionality_Tablet_21-03-49] Within safeFindElement method
21:05:06 [TestNG-test-Test-1] INFO  verifyingDisplayTypeFilterFunctionality_Tablet_21-03-49 - [verifyingDisplayTypeFilterFunctionality_Tablet_21-03-49]Found the element returning it ,element ->[[ChromeDriver: chrome on windows (d29da8f50220042dd5c7bb6155fa1d5a)] -> xpath: (//div[@data-cy='title-recipe'])[10]]
21:05:06 [TestNG-test-Test-1] INFO  verifyingDisplayTypeFilterFunctionality_Tablet_21-03-49 - [verifyingDisplayTypeFilterFunctionality_Tablet_21-03-49] Successfully scrolled to element: By.xpath: (//div[@data-cy='title-recipe'])[10]
21:05:06 [TestNG-test-Test-1] INFO  verifyingDisplayTypeFilterFunctionality_Tablet_21-03-49 - [verifyingDisplayTypeFilterFunctionality_Tablet_21-03-49] Getting product by index in productNameListingPage loop
21:05:07 [TestNG-test-Test-1] INFO  verifyingDisplayTypeFilterFunctionality_Tablet_21-03-49 - [verifyingDisplayTypeFilterFunctionality_Tablet_21-03-49] Opened product in new tab via Ctrl+Click inside productNameListingPage loop
21:05:07 [TestNG-test-Test-1] INFO  verifyingDisplayTypeFilterFunctionality_Tablet_21-03-49 - [verifyingDisplayTypeFilterFunctionality_Tablet_21-03-49] Waiting for new window to open...
21:05:07 [TestNG-test-Test-1] INFO  verifyingDisplayTypeFilterFunctionality_Tablet_21-03-49 - [verifyingDisplayTypeFilterFunctionality_Tablet_21-03-49] Switched to new window -> B2FFF7D1BDDA8BFD5DC1710293D85A3B
21:05:07 [TestNG-test-Test-1] INFO  verifyingDisplayTypeFilterFunctionality_Tablet_21-03-49 - [verifyingDisplayTypeFilterFunctionality_Tablet_21-03-49] Swithcing to the new window  within productNameListingPage loop
21:05:07 [TestNG-test-Test-1] INFO  verifyingDisplayTypeFilterFunctionality_Tablet_21-03-49 - [verifyingDisplayTypeFilterFunctionality_Tablet_21-03-49] Clicked product name to open in new tab from productNameListingPage loop
21:05:07 [TestNG-test-Test-1] INFO  verifyingDisplayTypeFilterFunctionality_Tablet_21-03-49 - [verifyingDisplayTypeFilterFunctionality_Tablet_21-03-49] Waiting until element is visible in viewport
21:05:10 [TestNG-test-Test-1] INFO  verifyingDisplayTypeFilterFunctionality_Tablet_21-03-49 - [verifyingDisplayTypeFilterFunctionality_Tablet_21-03-49] Within safeFindElement method
21:05:10 [TestNG-test-Test-1] INFO  verifyingDisplayTypeFilterFunctionality_Tablet_21-03-49 - [verifyingDisplayTypeFilterFunctionality_Tablet_21-03-49]Found the element returning it ,element ->[[ChromeDriver: chrome on windows (d29da8f50220042dd5c7bb6155fa1d5a)] -> xpath: //span[@id='productTitle']]
21:05:10 [TestNG-test-Test-1] INFO  verifyingDisplayTypeFilterFunctionality_Tablet_21-03-49 - [verifyingDisplayTypeFilterFunctionality_Tablet_21-03-49] Within safeFindElement method
21:05:10 [TestNG-test-Test-1] INFO  verifyingDisplayTypeFilterFunctionality_Tablet_21-03-49 - [verifyingDisplayTypeFilterFunctionality_Tablet_21-03-49]Found the element returning it ,element ->[[ChromeDriver: chrome on windows (d29da8f50220042dd5c7bb6155fa1d5a)] -> xpath: //div[@class='a-section a-spacing-small a-spacing-top-small']]
21:05:10 [TestNG-test-Test-1] INFO  verifyingDisplayTypeFilterFunctionality_Tablet_21-03-49 - [verifyingDisplayTypeFilterFunctionality_Tablet_21-03-49] Within safeFindElement method
21:05:10 [TestNG-test-Test-1] INFO  verifyingDisplayTypeFilterFunctionality_Tablet_21-03-49 - [verifyingDisplayTypeFilterFunctionality_Tablet_21-03-49]Found the element returning it ,element ->[[ChromeDriver: chrome on windows (d29da8f50220042dd5c7bb6155fa1d5a)] -> xpath: //div[@id='feature-bullets']]
21:05:10 [TestNG-test-Test-1] INFO  verifyingDisplayTypeFilterFunctionality_Tablet_21-03-49 - [verifyingDisplayTypeFilterFunctionality_Tablet_21-03-49] Within safeFindElement method
21:05:10 [TestNG-test-Test-1] INFO  verifyingDisplayTypeFilterFunctionality_Tablet_21-03-49 - [verifyingDisplayTypeFilterFunctionality_Tablet_21-03-49]Found the element returning it ,element ->[[ChromeDriver: chrome on windows (d29da8f50220042dd5c7bb6155fa1d5a)] -> xpath: //div[@id='prodDetails']]
21:05:10 [TestNG-test-Test-1] INFO  verifyingDisplayTypeFilterFunctionality_Tablet_21-03-49 - [verifyingDisplayTypeFilterFunctionality_Tablet_21-03-49] Extracting 'name' , 'keyFeatures', 'about' , 'techDetails' within productNameListingPage loop
21:05:10 [TestNG-test-Test-1] INFO  verifyingDisplayTypeFilterFunctionality_Tablet_21-03-49 - [verifyingDisplayTypeFilterFunctionality_Tablet_21-03-49] Waiting until element is visible in viewport
21:05:21 [TestNG-test-Test-1] INFO  verifyingDisplayTypeFilterFunctionality_Tablet_21-03-49 - [verifyingDisplayTypeFilterFunctionality_Tablet_21-03-49] Within smoothScrollToElement method
21:05:21 [TestNG-test-Test-1] INFO  verifyingDisplayTypeFilterFunctionality_Tablet_21-03-49 - [verifyingDisplayTypeFilterFunctionality_Tablet_21-03-49] Within safeFindElement method
21:05:21 [TestNG-test-Test-1] INFO  verifyingDisplayTypeFilterFunctionality_Tablet_21-03-49 - [verifyingDisplayTypeFilterFunctionality_Tablet_21-03-49]Found the element returning it ,element ->[[ChromeDriver: chrome on windows (d29da8f50220042dd5c7bb6155fa1d5a)] -> xpath: //a[@id='seeMoreDetailsLink']]
21:05:21 [TestNG-test-Test-1] INFO  verifyingDisplayTypeFilterFunctionality_Tablet_21-03-49 - [verifyingDisplayTypeFilterFunctionality_Tablet_21-03-49] Successfully scrolled to element: By.xpath: //a[@id='seeMoreDetailsLink']
21:05:21 [TestNG-test-Test-1] INFO  verifyingDisplayTypeFilterFunctionality_Tablet_21-03-49 - [verifyingDisplayTypeFilterFunctionality_Tablet_21-03-49] Within safeClick method
21:05:21 [TestNG-test-Test-1] INFO  verifyingDisplayTypeFilterFunctionality_Tablet_21-03-49 - [verifyingDisplayTypeFilterFunctionality_Tablet_21-03-49] Clicked the  [[ChromeDriver: chrome on windows (d29da8f50220042dd5c7bb6155fa1d5a)] -> xpath: //a[@id='seeMoreDetailsLink']]   using safeClick
21:05:21 [TestNG-test-Test-1] INFO  verifyingDisplayTypeFilterFunctionality_Tablet_21-03-49 - [verifyingDisplayTypeFilterFunctionality_Tablet_21-03-49] Within try block for clicking see more deatils within productNameListingPage loop
21:05:21 [TestNG-test-Test-1] INFO  verifyingDisplayTypeFilterFunctionality_Tablet_21-03-49 - [verifyingDisplayTypeFilterFunctionality_Tablet_21-03-49] Within closeCurrentWindowAndSwitchBack method
21:05:21 [TestNG-test-Test-1] INFO  verifyingDisplayTypeFilterFunctionality_Tablet_21-03-49 - [verifyingDisplayTypeFilterFunctionality_Tablet_21-03-49] Total open windows/tabs count -> 2
21:05:21 [TestNG-test-Test-1] INFO  verifyingDisplayTypeFilterFunctionality_Tablet_21-03-49 - [verifyingDisplayTypeFilterFunctionality_Tablet_21-03-49] Original window handle -> 010E3A3AD5DF7B279A27341D797C4235
21:05:21 [TestNG-test-Test-1] INFO  verifyingDisplayTypeFilterFunctionality_Tablet_21-03-49 - [verifyingDisplayTypeFilterFunctionality_Tablet_21-03-49] Found new tab/window handle -> B2FFF7D1BDDA8BFD5DC1710293D85A3B (will be closed)
21:05:21 [TestNG-test-Test-1] INFO  verifyingDisplayTypeFilterFunctionality_Tablet_21-03-49 - [verifyingDisplayTypeFilterFunctionality_Tablet_21-03-49] Successfully switched to new tab/window -> B2FFF7D1BDDA8BFD5DC1710293D85A3B
21:05:21 [TestNG-test-Test-1] INFO  verifyingDisplayTypeFilterFunctionality_Tablet_21-03-49 - [verifyingDisplayTypeFilterFunctionality_Tablet_21-03-49] Closed the newly opened tab/window -> B2FFF7D1BDDA8BFD5DC1710293D85A3B
21:05:21 [TestNG-test-Test-1] INFO  verifyingDisplayTypeFilterFunctionality_Tablet_21-03-49 - [verifyingDisplayTypeFilterFunctionality_Tablet_21-03-49] Switched back to the original window -> 010E3A3AD5DF7B279A27341D797C4235
21:05:21 [TestNG-test-Test-1] INFO  verifyingDisplayTypeFilterFunctionality_Tablet_21-03-49 - [verifyingDisplayTypeFilterFunctionality_Tablet_21-03-49]  going back to product listing via closeCurrentWindowAndSwitchBack 
21:05:21 [TestNG-test-Test-1] INFO  verifyingDisplayTypeFilterFunctionality_Tablet_21-03-49 - [verifyingDisplayTypeFilterFunctionality_Tablet_21-03-49]  Added 'filter','title','keyFeatures', 'about', 'techDetails' into the Map -> productResult
21:05:21 [TestNG-test-Test-1] INFO  verifyingDisplayTypeFilterFunctionality_Tablet_21-03-49 - [verifyingDisplayTypeFilterFunctionality_Tablet_21-03-49]  Added 'productResult' Map into the 'results' i.e list of maps 
21:05:21 [TestNG-test-Test-1] INFO  verifyingDisplayTypeFilterFunctionality_Tablet_21-03-49 - [verifyingDisplayTypeFilterFunctionality_Tablet_21-03-49]==========================================================================================================
21:05:21 [TestNG-test-Test-1] INFO  verifyingDisplayTypeFilterFunctionality_Tablet_21-03-49 - [verifyingDisplayTypeFilterFunctionality_Tablet_21-03-49] Within safeFindElements 
21:05:22 [TestNG-test-Test-1] INFO  verifyingDisplayTypeFilterFunctionality_Tablet_21-03-49 - [verifyingDisplayTypeFilterFunctionality_Tablet_21-03-49] Returning the  [[[ChromeDriver: chrome on windows (d29da8f50220042dd5c7bb6155fa1d5a)] -> xpath: //div[@data-cy='title-recipe']], [[ChromeDriver: chrome on windows (d29da8f50220042dd5c7bb6155fa1d5a)] -> xpath: //div[@data-cy='title-recipe']], [[ChromeDriver: chrome on windows (d29da8f50220042dd5c7bb6155fa1d5a)] -> xpath: //div[@data-cy='title-recipe']], [[ChromeDriver: chrome on windows (d29da8f50220042dd5c7bb6155fa1d5a)] -> xpath: //div[@data-cy='title-recipe']], [[ChromeDriver: chrome on windows (d29da8f50220042dd5c7bb6155fa1d5a)] -> xpath: //div[@data-cy='title-recipe']], [[ChromeDriver: chrome on windows (d29da8f50220042dd5c7bb6155fa1d5a)] -> xpath: //div[@data-cy='title-recipe']], [[ChromeDriver: chrome on windows (d29da8f50220042dd5c7bb6155fa1d5a)] -> xpath: //div[@data-cy='title-recipe']], [[ChromeDriver: chrome on windows (d29da8f50220042dd5c7bb6155fa1d5a)] -> xpath: //div[@data-cy='title-recipe']], [[ChromeDriver: chrome on windows (d29da8f50220042dd5c7bb6155fa1d5a)] -> xpath: //div[@data-cy='title-recipe']], [[ChromeDriver: chrome on windows (d29da8f50220042dd5c7bb6155fa1d5a)] -> xpath: //div[@data-cy='title-recipe']], [[ChromeDriver: chrome on windows (d29da8f50220042dd5c7bb6155fa1d5a)] -> xpath: //div[@data-cy='title-recipe']], [[ChromeDriver: chrome on windows (d29da8f50220042dd5c7bb6155fa1d5a)] -> xpath: //div[@data-cy='title-recipe']], [[ChromeDriver: chrome on windows (d29da8f50220042dd5c7bb6155fa1d5a)] -> xpath: //div[@data-cy='title-recipe']], [[ChromeDriver: chrome on windows (d29da8f50220042dd5c7bb6155fa1d5a)] -> xpath: //div[@data-cy='title-recipe']], [[ChromeDriver: chrome on windows (d29da8f50220042dd5c7bb6155fa1d5a)] -> xpath: //div[@data-cy='title-recipe']], [[ChromeDriver: chrome on windows (d29da8f50220042dd5c7bb6155fa1d5a)] -> xpath: //div[@data-cy='title-recipe']]] from the safeFindElements method
21:05:22 [TestNG-test-Test-1] INFO  verifyingDisplayTypeFilterFunctionality_Tablet_21-03-49 - [verifyingDisplayTypeFilterFunctionality_Tablet_21-03-49] Within productNameListingPage loop in applyFilterAndValidateProductsWithResult
21:05:22 [TestNG-test-Test-1] INFO  verifyingDisplayTypeFilterFunctionality_Tablet_21-03-49 - [verifyingDisplayTypeFilterFunctionality_Tablet_21-03-49] Within getProductByIndex method
21:05:22 [TestNG-test-Test-1] INFO  verifyingDisplayTypeFilterFunctionality_Tablet_21-03-49 - [verifyingDisplayTypeFilterFunctionality_Tablet_21-03-49] Within safeFindElement method
21:05:22 [TestNG-test-Test-1] INFO  verifyingDisplayTypeFilterFunctionality_Tablet_21-03-49 - [verifyingDisplayTypeFilterFunctionality_Tablet_21-03-49]Found the element returning it ,element ->[[ChromeDriver: chrome on windows (d29da8f50220042dd5c7bb6155fa1d5a)] -> xpath: (//div[@data-cy='title-recipe'])[11]]
21:05:22 [TestNG-test-Test-1] INFO  verifyingDisplayTypeFilterFunctionality_Tablet_21-03-49 - [verifyingDisplayTypeFilterFunctionality_Tablet_21-03-49] Within getProductByIndex method
21:05:22 [TestNG-test-Test-1] INFO  verifyingDisplayTypeFilterFunctionality_Tablet_21-03-49 - [verifyingDisplayTypeFilterFunctionality_Tablet_21-03-49] Within smoothScrollToElement method
21:05:22 [TestNG-test-Test-1] INFO  verifyingDisplayTypeFilterFunctionality_Tablet_21-03-49 - [verifyingDisplayTypeFilterFunctionality_Tablet_21-03-49] Within safeFindElement method
21:05:22 [TestNG-test-Test-1] INFO  verifyingDisplayTypeFilterFunctionality_Tablet_21-03-49 - [verifyingDisplayTypeFilterFunctionality_Tablet_21-03-49]Found the element returning it ,element ->[[ChromeDriver: chrome on windows (d29da8f50220042dd5c7bb6155fa1d5a)] -> xpath: (//div[@data-cy='title-recipe'])[11]]
21:05:22 [TestNG-test-Test-1] INFO  verifyingDisplayTypeFilterFunctionality_Tablet_21-03-49 - [verifyingDisplayTypeFilterFunctionality_Tablet_21-03-49] Successfully scrolled to element: By.xpath: (//div[@data-cy='title-recipe'])[11]
21:05:22 [TestNG-test-Test-1] INFO  verifyingDisplayTypeFilterFunctionality_Tablet_21-03-49 - [verifyingDisplayTypeFilterFunctionality_Tablet_21-03-49] Getting product by index in productNameListingPage loop
21:05:22 [TestNG-test-Test-1] INFO  verifyingDisplayTypeFilterFunctionality_Tablet_21-03-49 - [verifyingDisplayTypeFilterFunctionality_Tablet_21-03-49] Opened product in new tab via Ctrl+Click inside productNameListingPage loop
21:05:22 [TestNG-test-Test-1] INFO  verifyingDisplayTypeFilterFunctionality_Tablet_21-03-49 - [verifyingDisplayTypeFilterFunctionality_Tablet_21-03-49] Waiting for new window to open...
21:05:23 [TestNG-test-Test-1] INFO  verifyingDisplayTypeFilterFunctionality_Tablet_21-03-49 - [verifyingDisplayTypeFilterFunctionality_Tablet_21-03-49] Switched to new window -> C9FA6A24DEBAB3C6C529BE7D6F6AA8A1
21:05:23 [TestNG-test-Test-1] INFO  verifyingDisplayTypeFilterFunctionality_Tablet_21-03-49 - [verifyingDisplayTypeFilterFunctionality_Tablet_21-03-49] Swithcing to the new window  within productNameListingPage loop
21:05:23 [TestNG-test-Test-1] INFO  verifyingDisplayTypeFilterFunctionality_Tablet_21-03-49 - [verifyingDisplayTypeFilterFunctionality_Tablet_21-03-49] Clicked product name to open in new tab from productNameListingPage loop
21:05:23 [TestNG-test-Test-1] INFO  verifyingDisplayTypeFilterFunctionality_Tablet_21-03-49 - [verifyingDisplayTypeFilterFunctionality_Tablet_21-03-49] Waiting until element is visible in viewport
21:05:25 [TestNG-test-Test-1] WARN  verifyingDisplayTypeFilterFunctionality_Tablet_21-03-49 - [verifyingDisplayTypeFilterFunctionality_Tablet_21-03-49] Product detail page did not load for index 11 filter 'IPS'; skipping detail scrape to avoid redundant retries/timeouts
21:05:25 [TestNG-test-Test-1] INFO  verifyingDisplayTypeFilterFunctionality_Tablet_21-03-49 - [verifyingDisplayTypeFilterFunctionality_Tablet_21-03-49] Within closeCurrentWindowAndSwitchBack method
21:05:26 [TestNG-test-Test-1] INFO  verifyingDisplayTypeFilterFunctionality_Tablet_21-03-49 - [verifyingDisplayTypeFilterFunctionality_Tablet_21-03-49] Total open windows/tabs count -> 2
21:05:26 [TestNG-test-Test-1] INFO  verifyingDisplayTypeFilterFunctionality_Tablet_21-03-49 - [verifyingDisplayTypeFilterFunctionality_Tablet_21-03-49] Original window handle -> 010E3A3AD5DF7B279A27341D797C4235
21:05:26 [TestNG-test-Test-1] INFO  verifyingDisplayTypeFilterFunctionality_Tablet_21-03-49 - [verifyingDisplayTypeFilterFunctionality_Tablet_21-03-49] Found new tab/window handle -> C9FA6A24DEBAB3C6C529BE7D6F6AA8A1 (will be closed)
21:05:26 [TestNG-test-Test-1] INFO  verifyingDisplayTypeFilterFunctionality_Tablet_21-03-49 - [verifyingDisplayTypeFilterFunctionality_Tablet_21-03-49] Successfully switched to new tab/window -> C9FA6A24DEBAB3C6C529BE7D6F6AA8A1
21:05:26 [TestNG-test-Test-1] INFO  verifyingDisplayTypeFilterFunctionality_Tablet_21-03-49 - [verifyingDisplayTypeFilterFunctionality_Tablet_21-03-49] Closed the newly opened tab/window -> C9FA6A24DEBAB3C6C529BE7D6F6AA8A1
21:05:26 [TestNG-test-Test-1] INFO  verifyingDisplayTypeFilterFunctionality_Tablet_21-03-49 - [verifyingDisplayTypeFilterFunctionality_Tablet_21-03-49] Switched back to the original window -> 010E3A3AD5DF7B279A27341D797C4235
21:05:26 [TestNG-test-Test-1] INFO  verifyingDisplayTypeFilterFunctionality_Tablet_21-03-49 - [verifyingDisplayTypeFilterFunctionality_Tablet_21-03-49]  going back to product listing via closeCurrentWindowAndSwitchBack 
21:05:26 [TestNG-test-Test-1] INFO  verifyingDisplayTypeFilterFunctionality_Tablet_21-03-49 - [verifyingDisplayTypeFilterFunctionality_Tablet_21-03-49]  Added 'filter','title','keyFeatures', 'about', 'techDetails' into the Map -> productResult
21:05:26 [TestNG-test-Test-1] INFO  verifyingDisplayTypeFilterFunctionality_Tablet_21-03-49 - [verifyingDisplayTypeFilterFunctionality_Tablet_21-03-49]  Added 'productResult' Map into the 'results' i.e list of maps 
21:05:26 [TestNG-test-Test-1] INFO  verifyingDisplayTypeFilterFunctionality_Tablet_21-03-49 - [verifyingDisplayTypeFilterFunctionality_Tablet_21-03-49]==========================================================================================================
21:05:26 [TestNG-test-Test-1] INFO  verifyingDisplayTypeFilterFunctionality_Tablet_21-03-49 - [verifyingDisplayTypeFilterFunctionality_Tablet_21-03-49] Within safeFindElements 
21:05:26 [TestNG-test-Test-1] INFO  verifyingDisplayTypeFilterFunctionality_Tablet_21-03-49 - [verifyingDisplayTypeFilterFunctionality_Tablet_21-03-49] Returning the  [[[ChromeDriver: chrome on windows (d29da8f50220042dd5c7bb6155fa1d5a)] -> xpath: //div[@data-cy='title-recipe']], [[ChromeDriver: chrome on windows (d29da8f50220042dd5c7bb6155fa1d5a)] -> xpath: //div[@data-cy='title-recipe']], [[ChromeDriver: chrome on windows (d29da8f50220042dd5c7bb6155fa1d5a)] -> xpath: //div[@data-cy='title-recipe']], [[ChromeDriver: chrome on windows (d29da8f50220042dd5c7bb6155fa1d5a)] -> xpath: //div[@data-cy='title-recipe']], [[ChromeDriver: chrome on windows (d29da8f50220042dd5c7bb6155fa1d5a)] -> xpath: //div[@data-cy='title-recipe']], [[ChromeDriver: chrome on windows (d29da8f50220042dd5c7bb6155fa1d5a)] -> xpath: //div[@data-cy='title-recipe']], [[ChromeDriver: chrome on windows (d29da8f50220042dd5c7bb6155fa1d5a)] -> xpath: //div[@data-cy='title-recipe']], [[ChromeDriver: chrome on windows (d29da8f50220042dd5c7bb6155fa1d5a)] -> xpath: //div[@data-cy='title-recipe']], [[ChromeDriver: chrome on windows (d29da8f50220042dd5c7bb6155fa1d5a)] -> xpath: //div[@data-cy='title-recipe']], [[ChromeDriver: chrome on windows (d29da8f50220042dd5c7bb6155fa1d5a)] -> xpath: //div[@data-cy='title-recipe']], [[ChromeDriver: chrome on windows (d29da8f50220042dd5c7bb6155fa1d5a)] -> xpath: //div[@data-cy='title-recipe']], [[ChromeDriver: chrome on windows (d29da8f50220042dd5c7bb6155fa1d5a)] -> xpath: //div[@data-cy='title-recipe']], [[ChromeDriver: chrome on windows (d29da8f50220042dd5c7bb6155fa1d5a)] -> xpath: //div[@data-cy='title-recipe']], [[ChromeDriver: chrome on windows (d29da8f50220042dd5c7bb6155fa1d5a)] -> xpath: //div[@data-cy='title-recipe']], [[ChromeDriver: chrome on windows (d29da8f50220042dd5c7bb6155fa1d5a)] -> xpath: //div[@data-cy='title-recipe']], [[ChromeDriver: chrome on windows (d29da8f50220042dd5c7bb6155fa1d5a)] -> xpath: //div[@data-cy='title-recipe']]] from the safeFindElements method
21:05:26 [TestNG-test-Test-1] INFO  verifyingDisplayTypeFilterFunctionality_Tablet_21-03-49 - [verifyingDisplayTypeFilterFunctionality_Tablet_21-03-49] Within productNameListingPage loop in applyFilterAndValidateProductsWithResult
21:05:26 [TestNG-test-Test-1] INFO  verifyingDisplayTypeFilterFunctionality_Tablet_21-03-49 - [verifyingDisplayTypeFilterFunctionality_Tablet_21-03-49] Within getProductByIndex method
21:05:26 [TestNG-test-Test-1] INFO  verifyingDisplayTypeFilterFunctionality_Tablet_21-03-49 - [verifyingDisplayTypeFilterFunctionality_Tablet_21-03-49] Within safeFindElement method
21:05:26 [TestNG-test-Test-1] INFO  verifyingDisplayTypeFilterFunctionality_Tablet_21-03-49 - [verifyingDisplayTypeFilterFunctionality_Tablet_21-03-49]Found the element returning it ,element ->[[ChromeDriver: chrome on windows (d29da8f50220042dd5c7bb6155fa1d5a)] -> xpath: (//div[@data-cy='title-recipe'])[12]]
21:05:26 [TestNG-test-Test-1] INFO  verifyingDisplayTypeFilterFunctionality_Tablet_21-03-49 - [verifyingDisplayTypeFilterFunctionality_Tablet_21-03-49] Within getProductByIndex method
21:05:26 [TestNG-test-Test-1] INFO  verifyingDisplayTypeFilterFunctionality_Tablet_21-03-49 - [verifyingDisplayTypeFilterFunctionality_Tablet_21-03-49] Within smoothScrollToElement method
21:05:26 [TestNG-test-Test-1] INFO  verifyingDisplayTypeFilterFunctionality_Tablet_21-03-49 - [verifyingDisplayTypeFilterFunctionality_Tablet_21-03-49] Within safeFindElement method
21:05:26 [TestNG-test-Test-1] INFO  verifyingDisplayTypeFilterFunctionality_Tablet_21-03-49 - [verifyingDisplayTypeFilterFunctionality_Tablet_21-03-49]Found the element returning it ,element ->[[ChromeDriver: chrome on windows (d29da8f50220042dd5c7bb6155fa1d5a)] -> xpath: (//div[@data-cy='title-recipe'])[12]]
21:05:26 [TestNG-test-Test-1] INFO  verifyingDisplayTypeFilterFunctionality_Tablet_21-03-49 - [verifyingDisplayTypeFilterFunctionality_Tablet_21-03-49] Successfully scrolled to element: By.xpath: (//div[@data-cy='title-recipe'])[12]
21:05:26 [TestNG-test-Test-1] INFO  verifyingDisplayTypeFilterFunctionality_Tablet_21-03-49 - [verifyingDisplayTypeFilterFunctionality_Tablet_21-03-49] Getting product by index in productNameListingPage loop
21:05:26 [TestNG-test-Test-1] INFO  verifyingDisplayTypeFilterFunctionality_Tablet_21-03-49 - [verifyingDisplayTypeFilterFunctionality_Tablet_21-03-49] Opened product in new tab via Ctrl+Click inside productNameListingPage loop
21:05:26 [TestNG-test-Test-1] INFO  verifyingDisplayTypeFilterFunctionality_Tablet_21-03-49 - [verifyingDisplayTypeFilterFunctionality_Tablet_21-03-49] Waiting for new window to open...
21:05:26 [TestNG-test-Test-1] INFO  verifyingDisplayTypeFilterFunctionality_Tablet_21-03-49 - [verifyingDisplayTypeFilterFunctionality_Tablet_21-03-49] Switched to new window -> 857125DA9EAC5730DC260E8F60E0C2E1
21:05:26 [TestNG-test-Test-1] INFO  verifyingDisplayTypeFilterFunctionality_Tablet_21-03-49 - [verifyingDisplayTypeFilterFunctionality_Tablet_21-03-49] Swithcing to the new window  within productNameListingPage loop
21:05:26 [TestNG-test-Test-1] INFO  verifyingDisplayTypeFilterFunctionality_Tablet_21-03-49 - [verifyingDisplayTypeFilterFunctionality_Tablet_21-03-49] Clicked product name to open in new tab from productNameListingPage loop
21:05:26 [TestNG-test-Test-1] INFO  verifyingDisplayTypeFilterFunctionality_Tablet_21-03-49 - [verifyingDisplayTypeFilterFunctionality_Tablet_21-03-49] Waiting until element is visible in viewport
21:05:29 [TestNG-test-Test-1] WARN  verifyingDisplayTypeFilterFunctionality_Tablet_21-03-49 - [verifyingDisplayTypeFilterFunctionality_Tablet_21-03-49] Product detail page did not load for index 12 filter 'IPS'; skipping detail scrape to avoid redundant retries/timeouts
21:05:29 [TestNG-test-Test-1] INFO  verifyingDisplayTypeFilterFunctionality_Tablet_21-03-49 - [verifyingDisplayTypeFilterFunctionality_Tablet_21-03-49] Within closeCurrentWindowAndSwitchBack method
21:05:29 [TestNG-test-Test-1] INFO  verifyingDisplayTypeFilterFunctionality_Tablet_21-03-49 - [verifyingDisplayTypeFilterFunctionality_Tablet_21-03-49] Total open windows/tabs count -> 2
21:05:29 [TestNG-test-Test-1] INFO  verifyingDisplayTypeFilterFunctionality_Tablet_21-03-49 - [verifyingDisplayTypeFilterFunctionality_Tablet_21-03-49] Original window handle -> 010E3A3AD5DF7B279A27341D797C4235
21:05:29 [TestNG-test-Test-1] INFO  verifyingDisplayTypeFilterFunctionality_Tablet_21-03-49 - [verifyingDisplayTypeFilterFunctionality_Tablet_21-03-49] Found new tab/window handle -> 857125DA9EAC5730DC260E8F60E0C2E1 (will be closed)
21:05:29 [TestNG-test-Test-1] INFO  verifyingDisplayTypeFilterFunctionality_Tablet_21-03-49 - [verifyingDisplayTypeFilterFunctionality_Tablet_21-03-49] Successfully switched to new tab/window -> 857125DA9EAC5730DC260E8F60E0C2E1
21:05:29 [TestNG-test-Test-1] INFO  verifyingDisplayTypeFilterFunctionality_Tablet_21-03-49 - [verifyingDisplayTypeFilterFunctionality_Tablet_21-03-49] Closed the newly opened tab/window -> 857125DA9EAC5730DC260E8F60E0C2E1
21:05:29 [TestNG-test-Test-1] INFO  verifyingDisplayTypeFilterFunctionality_Tablet_21-03-49 - [verifyingDisplayTypeFilterFunctionality_Tablet_21-03-49] Switched back to the original window -> 010E3A3AD5DF7B279A27341D797C4235
21:05:29 [TestNG-test-Test-1] INFO  verifyingDisplayTypeFilterFunctionality_Tablet_21-03-49 - [verifyingDisplayTypeFilterFunctionality_Tablet_21-03-49]  going back to product listing via closeCurrentWindowAndSwitchBack 
21:05:29 [TestNG-test-Test-1] INFO  verifyingDisplayTypeFilterFunctionality_Tablet_21-03-49 - [verifyingDisplayTypeFilterFunctionality_Tablet_21-03-49]  Added 'filter','title','keyFeatures', 'about', 'techDetails' into the Map -> productResult
21:05:29 [TestNG-test-Test-1] INFO  verifyingDisplayTypeFilterFunctionality_Tablet_21-03-49 - [verifyingDisplayTypeFilterFunctionality_Tablet_21-03-49]  Added 'productResult' Map into the 'results' i.e list of maps 
21:05:29 [TestNG-test-Test-1] INFO  verifyingDisplayTypeFilterFunctionality_Tablet_21-03-49 - [verifyingDisplayTypeFilterFunctionality_Tablet_21-03-49]==========================================================================================================
21:05:29 [TestNG-test-Test-1] INFO  verifyingDisplayTypeFilterFunctionality_Tablet_21-03-49 - [verifyingDisplayTypeFilterFunctionality_Tablet_21-03-49] Within safeFindElements 
21:05:29 [TestNG-test-Test-1] INFO  verifyingDisplayTypeFilterFunctionality_Tablet_21-03-49 - [verifyingDisplayTypeFilterFunctionality_Tablet_21-03-49] Returning the  [[[ChromeDriver: chrome on windows (d29da8f50220042dd5c7bb6155fa1d5a)] -> xpath: //div[@data-cy='title-recipe']], [[ChromeDriver: chrome on windows (d29da8f50220042dd5c7bb6155fa1d5a)] -> xpath: //div[@data-cy='title-recipe']], [[ChromeDriver: chrome on windows (d29da8f50220042dd5c7bb6155fa1d5a)] -> xpath: //div[@data-cy='title-recipe']], [[ChromeDriver: chrome on windows (d29da8f50220042dd5c7bb6155fa1d5a)] -> xpath: //div[@data-cy='title-recipe']], [[ChromeDriver: chrome on windows (d29da8f50220042dd5c7bb6155fa1d5a)] -> xpath: //div[@data-cy='title-recipe']], [[ChromeDriver: chrome on windows (d29da8f50220042dd5c7bb6155fa1d5a)] -> xpath: //div[@data-cy='title-recipe']], [[ChromeDriver: chrome on windows (d29da8f50220042dd5c7bb6155fa1d5a)] -> xpath: //div[@data-cy='title-recipe']], [[ChromeDriver: chrome on windows (d29da8f50220042dd5c7bb6155fa1d5a)] -> xpath: //div[@data-cy='title-recipe']], [[ChromeDriver: chrome on windows (d29da8f50220042dd5c7bb6155fa1d5a)] -> xpath: //div[@data-cy='title-recipe']], [[ChromeDriver: chrome on windows (d29da8f50220042dd5c7bb6155fa1d5a)] -> xpath: //div[@data-cy='title-recipe']], [[ChromeDriver: chrome on windows (d29da8f50220042dd5c7bb6155fa1d5a)] -> xpath: //div[@data-cy='title-recipe']], [[ChromeDriver: chrome on windows (d29da8f50220042dd5c7bb6155fa1d5a)] -> xpath: //div[@data-cy='title-recipe']], [[ChromeDriver: chrome on windows (d29da8f50220042dd5c7bb6155fa1d5a)] -> xpath: //div[@data-cy='title-recipe']], [[ChromeDriver: chrome on windows (d29da8f50220042dd5c7bb6155fa1d5a)] -> xpath: //div[@data-cy='title-recipe']], [[ChromeDriver: chrome on windows (d29da8f50220042dd5c7bb6155fa1d5a)] -> xpath: //div[@data-cy='title-recipe']], [[ChromeDriver: chrome on windows (d29da8f50220042dd5c7bb6155fa1d5a)] -> xpath: //div[@data-cy='title-recipe']]] from the safeFindElements method
21:05:29 [TestNG-test-Test-1] INFO  verifyingDisplayTypeFilterFunctionality_Tablet_21-03-49 - [verifyingDisplayTypeFilterFunctionality_Tablet_21-03-49] Within productNameListingPage loop in applyFilterAndValidateProductsWithResult
21:05:29 [TestNG-test-Test-1] INFO  verifyingDisplayTypeFilterFunctionality_Tablet_21-03-49 - [verifyingDisplayTypeFilterFunctionality_Tablet_21-03-49] Within getProductByIndex method
21:05:29 [TestNG-test-Test-1] INFO  verifyingDisplayTypeFilterFunctionality_Tablet_21-03-49 - [verifyingDisplayTypeFilterFunctionality_Tablet_21-03-49] Within safeFindElement method
21:05:29 [TestNG-test-Test-1] INFO  verifyingDisplayTypeFilterFunctionality_Tablet_21-03-49 - [verifyingDisplayTypeFilterFunctionality_Tablet_21-03-49]Found the element returning it ,element ->[[ChromeDriver: chrome on windows (d29da8f50220042dd5c7bb6155fa1d5a)] -> xpath: (//div[@data-cy='title-recipe'])[13]]
21:05:29 [TestNG-test-Test-1] INFO  verifyingDisplayTypeFilterFunctionality_Tablet_21-03-49 - [verifyingDisplayTypeFilterFunctionality_Tablet_21-03-49] Within getProductByIndex method
21:05:29 [TestNG-test-Test-1] INFO  verifyingDisplayTypeFilterFunctionality_Tablet_21-03-49 - [verifyingDisplayTypeFilterFunctionality_Tablet_21-03-49] Within smoothScrollToElement method
21:05:29 [TestNG-test-Test-1] INFO  verifyingDisplayTypeFilterFunctionality_Tablet_21-03-49 - [verifyingDisplayTypeFilterFunctionality_Tablet_21-03-49] Within safeFindElement method
21:05:29 [TestNG-test-Test-1] INFO  verifyingDisplayTypeFilterFunctionality_Tablet_21-03-49 - [verifyingDisplayTypeFilterFunctionality_Tablet_21-03-49]Found the element returning it ,element ->[[ChromeDriver: chrome on windows (d29da8f50220042dd5c7bb6155fa1d5a)] -> xpath: (//div[@data-cy='title-recipe'])[13]]
21:05:29 [TestNG-test-Test-1] INFO  verifyingDisplayTypeFilterFunctionality_Tablet_21-03-49 - [verifyingDisplayTypeFilterFunctionality_Tablet_21-03-49] Successfully scrolled to element: By.xpath: (//div[@data-cy='title-recipe'])[13]
21:05:29 [TestNG-test-Test-1] INFO  verifyingDisplayTypeFilterFunctionality_Tablet_21-03-49 - [verifyingDisplayTypeFilterFunctionality_Tablet_21-03-49] Getting product by index in productNameListingPage loop
21:05:30 [TestNG-test-Test-1] INFO  verifyingDisplayTypeFilterFunctionality_Tablet_21-03-49 - [verifyingDisplayTypeFilterFunctionality_Tablet_21-03-49] Opened product in new tab via Ctrl+Click inside productNameListingPage loop
21:05:30 [TestNG-test-Test-1] INFO  verifyingDisplayTypeFilterFunctionality_Tablet_21-03-49 - [verifyingDisplayTypeFilterFunctionality_Tablet_21-03-49] Waiting for new window to open...
21:05:30 [TestNG-test-Test-1] INFO  verifyingDisplayTypeFilterFunctionality_Tablet_21-03-49 - [verifyingDisplayTypeFilterFunctionality_Tablet_21-03-49] Switched to new window -> 6CAA078D369CED1301375671B105B91D
21:05:30 [TestNG-test-Test-1] INFO  verifyingDisplayTypeFilterFunctionality_Tablet_21-03-49 - [verifyingDisplayTypeFilterFunctionality_Tablet_21-03-49] Swithcing to the new window  within productNameListingPage loop
21:05:30 [TestNG-test-Test-1] INFO  verifyingDisplayTypeFilterFunctionality_Tablet_21-03-49 - [verifyingDisplayTypeFilterFunctionality_Tablet_21-03-49] Clicked product name to open in new tab from productNameListingPage loop
21:05:30 [TestNG-test-Test-1] INFO  verifyingDisplayTypeFilterFunctionality_Tablet_21-03-49 - [verifyingDisplayTypeFilterFunctionality_Tablet_21-03-49] Waiting until element is visible in viewport
21:05:33 [TestNG-test-Test-1] WARN  verifyingDisplayTypeFilterFunctionality_Tablet_21-03-49 - [verifyingDisplayTypeFilterFunctionality_Tablet_21-03-49] Product detail page did not load for index 13 filter 'IPS'; skipping detail scrape to avoid redundant retries/timeouts
21:05:33 [TestNG-test-Test-1] INFO  verifyingDisplayTypeFilterFunctionality_Tablet_21-03-49 - [verifyingDisplayTypeFilterFunctionality_Tablet_21-03-49] Within closeCurrentWindowAndSwitchBack method
21:05:33 [TestNG-test-Test-1] INFO  verifyingDisplayTypeFilterFunctionality_Tablet_21-03-49 - [verifyingDisplayTypeFilterFunctionality_Tablet_21-03-49] Total open windows/tabs count -> 2
21:05:33 [TestNG-test-Test-1] INFO  verifyingDisplayTypeFilterFunctionality_Tablet_21-03-49 - [verifyingDisplayTypeFilterFunctionality_Tablet_21-03-49] Original window handle -> 010E3A3AD5DF7B279A27341D797C4235
21:05:33 [TestNG-test-Test-1] INFO  verifyingDisplayTypeFilterFunctionality_Tablet_21-03-49 - [verifyingDisplayTypeFilterFunctionality_Tablet_21-03-49] Found new tab/window handle -> 6CAA078D369CED1301375671B105B91D (will be closed)
21:05:34 [TestNG-test-Test-1] INFO  verifyingDisplayTypeFilterFunctionality_Tablet_21-03-49 - [verifyingDisplayTypeFilterFunctionality_Tablet_21-03-49] Successfully switched to new tab/window -> 6CAA078D369CED1301375671B105B91D
21:05:34 [TestNG-test-Test-1] INFO  verifyingDisplayTypeFilterFunctionality_Tablet_21-03-49 - [verifyingDisplayTypeFilterFunctionality_Tablet_21-03-49] Closed the newly opened tab/window -> 6CAA078D369CED1301375671B105B91D
21:05:34 [TestNG-test-Test-1] INFO  verifyingDisplayTypeFilterFunctionality_Tablet_21-03-49 - [verifyingDisplayTypeFilterFunctionality_Tablet_21-03-49] Switched back to the original window -> 010E3A3AD5DF7B279A27341D797C4235
21:05:34 [TestNG-test-Test-1] INFO  verifyingDisplayTypeFilterFunctionality_Tablet_21-03-49 - [verifyingDisplayTypeFilterFunctionality_Tablet_21-03-49]  going back to product listing via closeCurrentWindowAndSwitchBack 
21:05:34 [TestNG-test-Test-1] INFO  verifyingDisplayTypeFilterFunctionality_Tablet_21-03-49 - [verifyingDisplayTypeFilterFunctionality_Tablet_21-03-49]  Added 'filter','title','keyFeatures', 'about', 'techDetails' into the Map -> productResult
21:05:34 [TestNG-test-Test-1] INFO  verifyingDisplayTypeFilterFunctionality_Tablet_21-03-49 - [verifyingDisplayTypeFilterFunctionality_Tablet_21-03-49]  Added 'productResult' Map into the 'results' i.e list of maps 
21:05:34 [TestNG-test-Test-1] INFO  verifyingDisplayTypeFilterFunctionality_Tablet_21-03-49 - [verifyingDisplayTypeFilterFunctionality_Tablet_21-03-49]==========================================================================================================
21:05:34 [TestNG-test-Test-1] INFO  verifyingDisplayTypeFilterFunctionality_Tablet_21-03-49 - [verifyingDisplayTypeFilterFunctionality_Tablet_21-03-49] Within safeFindElements 
21:05:34 [TestNG-test-Test-1] INFO  verifyingDisplayTypeFilterFunctionality_Tablet_21-03-49 - [verifyingDisplayTypeFilterFunctionality_Tablet_21-03-49] Returning the  [[[ChromeDriver: chrome on windows (d29da8f50220042dd5c7bb6155fa1d5a)] -> xpath: //div[@data-cy='title-recipe']], [[ChromeDriver: chrome on windows (d29da8f50220042dd5c7bb6155fa1d5a)] -> xpath: //div[@data-cy='title-recipe']], [[ChromeDriver: chrome on windows (d29da8f50220042dd5c7bb6155fa1d5a)] -> xpath: //div[@data-cy='title-recipe']], [[ChromeDriver: chrome on windows (d29da8f50220042dd5c7bb6155fa1d5a)] -> xpath: //div[@data-cy='title-recipe']], [[ChromeDriver: chrome on windows (d29da8f50220042dd5c7bb6155fa1d5a)] -> xpath: //div[@data-cy='title-recipe']], [[ChromeDriver: chrome on windows (d29da8f50220042dd5c7bb6155fa1d5a)] -> xpath: //div[@data-cy='title-recipe']], [[ChromeDriver: chrome on windows (d29da8f50220042dd5c7bb6155fa1d5a)] -> xpath: //div[@data-cy='title-recipe']], [[ChromeDriver: chrome on windows (d29da8f50220042dd5c7bb6155fa1d5a)] -> xpath: //div[@data-cy='title-recipe']], [[ChromeDriver: chrome on windows (d29da8f50220042dd5c7bb6155fa1d5a)] -> xpath: //div[@data-cy='title-recipe']], [[ChromeDriver: chrome on windows (d29da8f50220042dd5c7bb6155fa1d5a)] -> xpath: //div[@data-cy='title-recipe']], [[ChromeDriver: chrome on windows (d29da8f50220042dd5c7bb6155fa1d5a)] -> xpath: //div[@data-cy='title-recipe']], [[ChromeDriver: chrome on windows (d29da8f50220042dd5c7bb6155fa1d5a)] -> xpath: //div[@data-cy='title-recipe']], [[ChromeDriver: chrome on windows (d29da8f50220042dd5c7bb6155fa1d5a)] -> xpath: //div[@data-cy='title-recipe']], [[ChromeDriver: chrome on windows (d29da8f50220042dd5c7bb6155fa1d5a)] -> xpath: //div[@data-cy='title-recipe']], [[ChromeDriver: chrome on windows (d29da8f50220042dd5c7bb6155fa1d5a)] -> xpath: //div[@data-cy='title-recipe']], [[ChromeDriver: chrome on windows (d29da8f50220042dd5c7bb6155fa1d5a)] -> xpath: //div[@data-cy='title-recipe']]] from the safeFindElements method
21:05:34 [TestNG-test-Test-1] INFO  verifyingDisplayTypeFilterFunctionality_Tablet_21-03-49 - [verifyingDisplayTypeFilterFunctionality_Tablet_21-03-49] Within productNameListingPage loop in applyFilterAndValidateProductsWithResult
21:05:34 [TestNG-test-Test-1] INFO  verifyingDisplayTypeFilterFunctionality_Tablet_21-03-49 - [verifyingDisplayTypeFilterFunctionality_Tablet_21-03-49] Within getProductByIndex method
21:05:34 [TestNG-test-Test-1] INFO  verifyingDisplayTypeFilterFunctionality_Tablet_21-03-49 - [verifyingDisplayTypeFilterFunctionality_Tablet_21-03-49] Within safeFindElement method
21:05:34 [TestNG-test-Test-1] INFO  verifyingDisplayTypeFilterFunctionality_Tablet_21-03-49 - [verifyingDisplayTypeFilterFunctionality_Tablet_21-03-49]Found the element returning it ,element ->[[ChromeDriver: chrome on windows (d29da8f50220042dd5c7bb6155fa1d5a)] -> xpath: (//div[@data-cy='title-recipe'])[14]]
21:05:34 [TestNG-test-Test-1] INFO  verifyingDisplayTypeFilterFunctionality_Tablet_21-03-49 - [verifyingDisplayTypeFilterFunctionality_Tablet_21-03-49] Within getProductByIndex method
21:05:34 [TestNG-test-Test-1] INFO  verifyingDisplayTypeFilterFunctionality_Tablet_21-03-49 - [verifyingDisplayTypeFilterFunctionality_Tablet_21-03-49] Within smoothScrollToElement method
21:05:34 [TestNG-test-Test-1] INFO  verifyingDisplayTypeFilterFunctionality_Tablet_21-03-49 - [verifyingDisplayTypeFilterFunctionality_Tablet_21-03-49] Within safeFindElement method
21:05:34 [TestNG-test-Test-1] INFO  verifyingDisplayTypeFilterFunctionality_Tablet_21-03-49 - [verifyingDisplayTypeFilterFunctionality_Tablet_21-03-49]Found the element returning it ,element ->[[ChromeDriver: chrome on windows (d29da8f50220042dd5c7bb6155fa1d5a)] -> xpath: (//div[@data-cy='title-recipe'])[14]]
21:05:34 [TestNG-test-Test-1] INFO  verifyingDisplayTypeFilterFunctionality_Tablet_21-03-49 - [verifyingDisplayTypeFilterFunctionality_Tablet_21-03-49] Successfully scrolled to element: By.xpath: (//div[@data-cy='title-recipe'])[14]
21:05:34 [TestNG-test-Test-1] INFO  verifyingDisplayTypeFilterFunctionality_Tablet_21-03-49 - [verifyingDisplayTypeFilterFunctionality_Tablet_21-03-49] Getting product by index in productNameListingPage loop
21:05:35 [TestNG-test-Test-1] INFO  verifyingDisplayTypeFilterFunctionality_Tablet_21-03-49 - [verifyingDisplayTypeFilterFunctionality_Tablet_21-03-49] Opened product in new tab via Ctrl+Click inside productNameListingPage loop
21:05:35 [TestNG-test-Test-1] INFO  verifyingDisplayTypeFilterFunctionality_Tablet_21-03-49 - [verifyingDisplayTypeFilterFunctionality_Tablet_21-03-49] Waiting for new window to open...
21:05:35 [TestNG-test-Test-1] INFO  verifyingDisplayTypeFilterFunctionality_Tablet_21-03-49 - [verifyingDisplayTypeFilterFunctionality_Tablet_21-03-49] Switched to new window -> 81ED4B7DCC8E3793E876EB6ED76CD773
21:05:35 [TestNG-test-Test-1] INFO  verifyingDisplayTypeFilterFunctionality_Tablet_21-03-49 - [verifyingDisplayTypeFilterFunctionality_Tablet_21-03-49] Swithcing to the new window  within productNameListingPage loop
21:05:35 [TestNG-test-Test-1] INFO  verifyingDisplayTypeFilterFunctionality_Tablet_21-03-49 - [verifyingDisplayTypeFilterFunctionality_Tablet_21-03-49] Clicked product name to open in new tab from productNameListingPage loop
21:05:35 [TestNG-test-Test-1] INFO  verifyingDisplayTypeFilterFunctionality_Tablet_21-03-49 - [verifyingDisplayTypeFilterFunctionality_Tablet_21-03-49] Waiting until element is visible in viewport
21:05:38 [TestNG-test-Test-1] INFO  verifyingDisplayTypeFilterFunctionality_Tablet_21-03-49 - [verifyingDisplayTypeFilterFunctionality_Tablet_21-03-49] Within safeFindElement method
21:05:38 [TestNG-test-Test-1] INFO  verifyingDisplayTypeFilterFunctionality_Tablet_21-03-49 - [verifyingDisplayTypeFilterFunctionality_Tablet_21-03-49]Found the element returning it ,element ->[[ChromeDriver: chrome on windows (d29da8f50220042dd5c7bb6155fa1d5a)] -> xpath: //span[@id='productTitle']]
21:05:38 [TestNG-test-Test-1] INFO  verifyingDisplayTypeFilterFunctionality_Tablet_21-03-49 - [verifyingDisplayTypeFilterFunctionality_Tablet_21-03-49] Within safeFindElement method
21:05:38 [TestNG-test-Test-1] INFO  verifyingDisplayTypeFilterFunctionality_Tablet_21-03-49 - [verifyingDisplayTypeFilterFunctionality_Tablet_21-03-49]Found the element returning it ,element ->[[ChromeDriver: chrome on windows (d29da8f50220042dd5c7bb6155fa1d5a)] -> xpath: //div[@class='a-section a-spacing-small a-spacing-top-small']]
21:05:38 [TestNG-test-Test-1] INFO  verifyingDisplayTypeFilterFunctionality_Tablet_21-03-49 - [verifyingDisplayTypeFilterFunctionality_Tablet_21-03-49] Within safeFindElement method
21:05:38 [TestNG-test-Test-1] INFO  verifyingDisplayTypeFilterFunctionality_Tablet_21-03-49 - [verifyingDisplayTypeFilterFunctionality_Tablet_21-03-49]Found the element returning it ,element ->[[ChromeDriver: chrome on windows (d29da8f50220042dd5c7bb6155fa1d5a)] -> xpath: //div[@id='feature-bullets']]
21:05:38 [TestNG-test-Test-1] INFO  verifyingDisplayTypeFilterFunctionality_Tablet_21-03-49 - [verifyingDisplayTypeFilterFunctionality_Tablet_21-03-49] Within safeFindElement method
21:05:38 [TestNG-test-Test-1] INFO  verifyingDisplayTypeFilterFunctionality_Tablet_21-03-49 - [verifyingDisplayTypeFilterFunctionality_Tablet_21-03-49]Found the element returning it ,element ->[[ChromeDriver: chrome on windows (d29da8f50220042dd5c7bb6155fa1d5a)] -> xpath: //div[@id='prodDetails']]
21:05:38 [TestNG-test-Test-1] INFO  verifyingDisplayTypeFilterFunctionality_Tablet_21-03-49 - [verifyingDisplayTypeFilterFunctionality_Tablet_21-03-49] Extracting 'name' , 'keyFeatures', 'about' , 'techDetails' within productNameListingPage loop
21:05:38 [TestNG-test-Test-1] INFO  verifyingDisplayTypeFilterFunctionality_Tablet_21-03-49 - [verifyingDisplayTypeFilterFunctionality_Tablet_21-03-49] Waiting until element is visible in viewport
21:05:48 [TestNG-test-Test-1] INFO  verifyingDisplayTypeFilterFunctionality_Tablet_21-03-49 - [verifyingDisplayTypeFilterFunctionality_Tablet_21-03-49] Within smoothScrollToElement method
21:05:48 [TestNG-test-Test-1] INFO  verifyingDisplayTypeFilterFunctionality_Tablet_21-03-49 - [verifyingDisplayTypeFilterFunctionality_Tablet_21-03-49] Within safeFindElement method
21:05:49 [TestNG-test-Test-1] INFO  verifyingDisplayTypeFilterFunctionality_Tablet_21-03-49 - [verifyingDisplayTypeFilterFunctionality_Tablet_21-03-49]Found the element returning it ,element ->[[ChromeDriver: chrome on windows (d29da8f50220042dd5c7bb6155fa1d5a)] -> xpath: //a[@id='seeMoreDetailsLink']]
21:05:49 [TestNG-test-Test-1] INFO  verifyingDisplayTypeFilterFunctionality_Tablet_21-03-49 - [verifyingDisplayTypeFilterFunctionality_Tablet_21-03-49] Successfully scrolled to element: By.xpath: //a[@id='seeMoreDetailsLink']
21:05:49 [TestNG-test-Test-1] INFO  verifyingDisplayTypeFilterFunctionality_Tablet_21-03-49 - [verifyingDisplayTypeFilterFunctionality_Tablet_21-03-49] Within safeClick method
21:05:49 [TestNG-test-Test-1] INFO  verifyingDisplayTypeFilterFunctionality_Tablet_21-03-49 - [verifyingDisplayTypeFilterFunctionality_Tablet_21-03-49] Clicked the  [[ChromeDriver: chrome on windows (d29da8f50220042dd5c7bb6155fa1d5a)] -> xpath: //a[@id='seeMoreDetailsLink']]   using safeClick
21:05:49 [TestNG-test-Test-1] INFO  verifyingDisplayTypeFilterFunctionality_Tablet_21-03-49 - [verifyingDisplayTypeFilterFunctionality_Tablet_21-03-49] Within try block for clicking see more deatils within productNameListingPage loop
21:05:49 [TestNG-test-Test-1] INFO  verifyingDisplayTypeFilterFunctionality_Tablet_21-03-49 - [verifyingDisplayTypeFilterFunctionality_Tablet_21-03-49] Within closeCurrentWindowAndSwitchBack method
21:05:49 [TestNG-test-Test-1] INFO  verifyingDisplayTypeFilterFunctionality_Tablet_21-03-49 - [verifyingDisplayTypeFilterFunctionality_Tablet_21-03-49] Total open windows/tabs count -> 2
21:05:49 [TestNG-test-Test-1] INFO  verifyingDisplayTypeFilterFunctionality_Tablet_21-03-49 - [verifyingDisplayTypeFilterFunctionality_Tablet_21-03-49] Original window handle -> 010E3A3AD5DF7B279A27341D797C4235
21:05:49 [TestNG-test-Test-1] INFO  verifyingDisplayTypeFilterFunctionality_Tablet_21-03-49 - [verifyingDisplayTypeFilterFunctionality_Tablet_21-03-49] Found new tab/window handle -> 81ED4B7DCC8E3793E876EB6ED76CD773 (will be closed)
21:05:49 [TestNG-test-Test-1] INFO  verifyingDisplayTypeFilterFunctionality_Tablet_21-03-49 - [verifyingDisplayTypeFilterFunctionality_Tablet_21-03-49] Successfully switched to new tab/window -> 81ED4B7DCC8E3793E876EB6ED76CD773
21:05:49 [TestNG-test-Test-1] INFO  verifyingDisplayTypeFilterFunctionality_Tablet_21-03-49 - [verifyingDisplayTypeFilterFunctionality_Tablet_21-03-49] Closed the newly opened tab/window -> 81ED4B7DCC8E3793E876EB6ED76CD773
21:05:49 [TestNG-test-Test-1] INFO  verifyingDisplayTypeFilterFunctionality_Tablet_21-03-49 - [verifyingDisplayTypeFilterFunctionality_Tablet_21-03-49] Switched back to the original window -> 010E3A3AD5DF7B279A27341D797C4235
21:05:49 [TestNG-test-Test-1] INFO  verifyingDisplayTypeFilterFunctionality_Tablet_21-03-49 - [verifyingDisplayTypeFilterFunctionality_Tablet_21-03-49]  going back to product listing via closeCurrentWindowAndSwitchBack 
21:05:49 [TestNG-test-Test-1] INFO  verifyingDisplayTypeFilterFunctionality_Tablet_21-03-49 - [verifyingDisplayTypeFilterFunctionality_Tablet_21-03-49]  Added 'filter','title','keyFeatures', 'about', 'techDetails' into the Map -> productResult
21:05:49 [TestNG-test-Test-1] INFO  verifyingDisplayTypeFilterFunctionality_Tablet_21-03-49 - [verifyingDisplayTypeFilterFunctionality_Tablet_21-03-49]  Added 'productResult' Map into the 'results' i.e list of maps 
21:05:49 [TestNG-test-Test-1] INFO  verifyingDisplayTypeFilterFunctionality_Tablet_21-03-49 - [verifyingDisplayTypeFilterFunctionality_Tablet_21-03-49]==========================================================================================================
21:05:49 [TestNG-test-Test-1] INFO  verifyingDisplayTypeFilterFunctionality_Tablet_21-03-49 - [verifyingDisplayTypeFilterFunctionality_Tablet_21-03-49] Within safeFindElements 
21:05:49 [TestNG-test-Test-1] INFO  verifyingDisplayTypeFilterFunctionality_Tablet_21-03-49 - [verifyingDisplayTypeFilterFunctionality_Tablet_21-03-49] Returning the  [[[ChromeDriver: chrome on windows (d29da8f50220042dd5c7bb6155fa1d5a)] -> xpath: //div[@data-cy='title-recipe']], [[ChromeDriver: chrome on windows (d29da8f50220042dd5c7bb6155fa1d5a)] -> xpath: //div[@data-cy='title-recipe']], [[ChromeDriver: chrome on windows (d29da8f50220042dd5c7bb6155fa1d5a)] -> xpath: //div[@data-cy='title-recipe']], [[ChromeDriver: chrome on windows (d29da8f50220042dd5c7bb6155fa1d5a)] -> xpath: //div[@data-cy='title-recipe']], [[ChromeDriver: chrome on windows (d29da8f50220042dd5c7bb6155fa1d5a)] -> xpath: //div[@data-cy='title-recipe']], [[ChromeDriver: chrome on windows (d29da8f50220042dd5c7bb6155fa1d5a)] -> xpath: //div[@data-cy='title-recipe']], [[ChromeDriver: chrome on windows (d29da8f50220042dd5c7bb6155fa1d5a)] -> xpath: //div[@data-cy='title-recipe']], [[ChromeDriver: chrome on windows (d29da8f50220042dd5c7bb6155fa1d5a)] -> xpath: //div[@data-cy='title-recipe']], [[ChromeDriver: chrome on windows (d29da8f50220042dd5c7bb6155fa1d5a)] -> xpath: //div[@data-cy='title-recipe']], [[ChromeDriver: chrome on windows (d29da8f50220042dd5c7bb6155fa1d5a)] -> xpath: //div[@data-cy='title-recipe']], [[ChromeDriver: chrome on windows (d29da8f50220042dd5c7bb6155fa1d5a)] -> xpath: //div[@data-cy='title-recipe']], [[ChromeDriver: chrome on windows (d29da8f50220042dd5c7bb6155fa1d5a)] -> xpath: //div[@data-cy='title-recipe']], [[ChromeDriver: chrome on windows (d29da8f50220042dd5c7bb6155fa1d5a)] -> xpath: //div[@data-cy='title-recipe']], [[ChromeDriver: chrome on windows (d29da8f50220042dd5c7bb6155fa1d5a)] -> xpath: //div[@data-cy='title-recipe']], [[ChromeDriver: chrome on windows (d29da8f50220042dd5c7bb6155fa1d5a)] -> xpath: //div[@data-cy='title-recipe']], [[ChromeDriver: chrome on windows (d29da8f50220042dd5c7bb6155fa1d5a)] -> xpath: //div[@data-cy='title-recipe']]] from the safeFindElements method
21:05:49 [TestNG-test-Test-1] INFO  verifyingDisplayTypeFilterFunctionality_Tablet_21-03-49 - [verifyingDisplayTypeFilterFunctionality_Tablet_21-03-49] Within productNameListingPage loop in applyFilterAndValidateProductsWithResult
21:05:49 [TestNG-test-Test-1] INFO  verifyingDisplayTypeFilterFunctionality_Tablet_21-03-49 - [verifyingDisplayTypeFilterFunctionality_Tablet_21-03-49] Within getProductByIndex method
21:05:49 [TestNG-test-Test-1] INFO  verifyingDisplayTypeFilterFunctionality_Tablet_21-03-49 - [verifyingDisplayTypeFilterFunctionality_Tablet_21-03-49] Within safeFindElement method
21:05:50 [TestNG-test-Test-1] INFO  verifyingDisplayTypeFilterFunctionality_Tablet_21-03-49 - [verifyingDisplayTypeFilterFunctionality_Tablet_21-03-49]Found the element returning it ,element ->[[ChromeDriver: chrome on windows (d29da8f50220042dd5c7bb6155fa1d5a)] -> xpath: (//div[@data-cy='title-recipe'])[15]]
21:05:50 [TestNG-test-Test-1] INFO  verifyingDisplayTypeFilterFunctionality_Tablet_21-03-49 - [verifyingDisplayTypeFilterFunctionality_Tablet_21-03-49] Within getProductByIndex method
21:05:50 [TestNG-test-Test-1] INFO  verifyingDisplayTypeFilterFunctionality_Tablet_21-03-49 - [verifyingDisplayTypeFilterFunctionality_Tablet_21-03-49] Within smoothScrollToElement method
21:05:50 [TestNG-test-Test-1] INFO  verifyingDisplayTypeFilterFunctionality_Tablet_21-03-49 - [verifyingDisplayTypeFilterFunctionality_Tablet_21-03-49] Within safeFindElement method
21:05:50 [TestNG-test-Test-1] INFO  verifyingDisplayTypeFilterFunctionality_Tablet_21-03-49 - [verifyingDisplayTypeFilterFunctionality_Tablet_21-03-49]Found the element returning it ,element ->[[ChromeDriver: chrome on windows (d29da8f50220042dd5c7bb6155fa1d5a)] -> xpath: (//div[@data-cy='title-recipe'])[15]]
21:05:50 [TestNG-test-Test-1] INFO  verifyingDisplayTypeFilterFunctionality_Tablet_21-03-49 - [verifyingDisplayTypeFilterFunctionality_Tablet_21-03-49] Successfully scrolled to element: By.xpath: (//div[@data-cy='title-recipe'])[15]
21:05:50 [TestNG-test-Test-1] INFO  verifyingDisplayTypeFilterFunctionality_Tablet_21-03-49 - [verifyingDisplayTypeFilterFunctionality_Tablet_21-03-49] Getting product by index in productNameListingPage loop
21:05:50 [TestNG-test-Test-1] INFO  verifyingDisplayTypeFilterFunctionality_Tablet_21-03-49 - [verifyingDisplayTypeFilterFunctionality_Tablet_21-03-49] Opened product in new tab via Ctrl+Click inside productNameListingPage loop
21:05:50 [TestNG-test-Test-1] INFO  verifyingDisplayTypeFilterFunctionality_Tablet_21-03-49 - [verifyingDisplayTypeFilterFunctionality_Tablet_21-03-49] Waiting for new window to open...
21:05:50 [TestNG-test-Test-1] INFO  verifyingDisplayTypeFilterFunctionality_Tablet_21-03-49 - [verifyingDisplayTypeFilterFunctionality_Tablet_21-03-49] Switched to new window -> F92924B95AF3973F47B4C80378F4E94C
21:05:50 [TestNG-test-Test-1] INFO  verifyingDisplayTypeFilterFunctionality_Tablet_21-03-49 - [verifyingDisplayTypeFilterFunctionality_Tablet_21-03-49] Swithcing to the new window  within productNameListingPage loop
21:05:50 [TestNG-test-Test-1] INFO  verifyingDisplayTypeFilterFunctionality_Tablet_21-03-49 - [verifyingDisplayTypeFilterFunctionality_Tablet_21-03-49] Clicked product name to open in new tab from productNameListingPage loop
21:05:50 [TestNG-test-Test-1] INFO  verifyingDisplayTypeFilterFunctionality_Tablet_21-03-49 - [verifyingDisplayTypeFilterFunctionality_Tablet_21-03-49] Waiting until element is visible in viewport
21:05:54 [TestNG-test-Test-1] INFO  verifyingDisplayTypeFilterFunctionality_Tablet_21-03-49 - [verifyingDisplayTypeFilterFunctionality_Tablet_21-03-49] Within safeFindElement method
21:05:54 [TestNG-test-Test-1] INFO  verifyingDisplayTypeFilterFunctionality_Tablet_21-03-49 - [verifyingDisplayTypeFilterFunctionality_Tablet_21-03-49]Found the element returning it ,element ->[[ChromeDriver: chrome on windows (d29da8f50220042dd5c7bb6155fa1d5a)] -> xpath: //span[@id='productTitle']]
21:05:54 [TestNG-test-Test-1] INFO  verifyingDisplayTypeFilterFunctionality_Tablet_21-03-49 - [verifyingDisplayTypeFilterFunctionality_Tablet_21-03-49] Within safeFindElement method
21:05:54 [TestNG-test-Test-1] INFO  verifyingDisplayTypeFilterFunctionality_Tablet_21-03-49 - [verifyingDisplayTypeFilterFunctionality_Tablet_21-03-49]Found the element returning it ,element ->[[ChromeDriver: chrome on windows (d29da8f50220042dd5c7bb6155fa1d5a)] -> xpath: //div[@class='a-section a-spacing-small a-spacing-top-small']]
21:05:55 [TestNG-test-Test-1] INFO  verifyingDisplayTypeFilterFunctionality_Tablet_21-03-49 - [verifyingDisplayTypeFilterFunctionality_Tablet_21-03-49] Within safeFindElement method
21:05:55 [TestNG-test-Test-1] INFO  verifyingDisplayTypeFilterFunctionality_Tablet_21-03-49 - [verifyingDisplayTypeFilterFunctionality_Tablet_21-03-49]Found the element returning it ,element ->[[ChromeDriver: chrome on windows (d29da8f50220042dd5c7bb6155fa1d5a)] -> xpath: //div[@id='feature-bullets']]
21:05:55 [TestNG-test-Test-1] INFO  verifyingDisplayTypeFilterFunctionality_Tablet_21-03-49 - [verifyingDisplayTypeFilterFunctionality_Tablet_21-03-49] Within safeFindElement method
21:05:55 [TestNG-test-Test-1] INFO  verifyingDisplayTypeFilterFunctionality_Tablet_21-03-49 - [verifyingDisplayTypeFilterFunctionality_Tablet_21-03-49]Found the element returning it ,element ->[[ChromeDriver: chrome on windows (d29da8f50220042dd5c7bb6155fa1d5a)] -> xpath: //div[@id='prodDetails']]
21:05:56 [TestNG-test-Test-1] INFO  verifyingDisplayTypeFilterFunctionality_Tablet_21-03-49 - [verifyingDisplayTypeFilterFunctionality_Tablet_21-03-49] Extracting 'name' , 'keyFeatures', 'about' , 'techDetails' within productNameListingPage loop
21:05:56 [TestNG-test-Test-1] INFO  verifyingDisplayTypeFilterFunctionality_Tablet_21-03-49 - [verifyingDisplayTypeFilterFunctionality_Tablet_21-03-49] Waiting until element is visible in viewport
21:06:06 [TestNG-test-Test-1] INFO  verifyingDisplayTypeFilterFunctionality_Tablet_21-03-49 - [verifyingDisplayTypeFilterFunctionality_Tablet_21-03-49] Within smoothScrollToElement method
21:06:06 [TestNG-test-Test-1] INFO  verifyingDisplayTypeFilterFunctionality_Tablet_21-03-49 - [verifyingDisplayTypeFilterFunctionality_Tablet_21-03-49] Within safeFindElement method
21:06:06 [TestNG-test-Test-1] INFO  verifyingDisplayTypeFilterFunctionality_Tablet_21-03-49 - [verifyingDisplayTypeFilterFunctionality_Tablet_21-03-49]Found the element returning it ,element ->[[ChromeDriver: chrome on windows (d29da8f50220042dd5c7bb6155fa1d5a)] -> xpath: //a[@id='seeMoreDetailsLink']]
21:06:06 [TestNG-test-Test-1] INFO  verifyingDisplayTypeFilterFunctionality_Tablet_21-03-49 - [verifyingDisplayTypeFilterFunctionality_Tablet_21-03-49] Successfully scrolled to element: By.xpath: //a[@id='seeMoreDetailsLink']
21:06:06 [TestNG-test-Test-1] INFO  verifyingDisplayTypeFilterFunctionality_Tablet_21-03-49 - [verifyingDisplayTypeFilterFunctionality_Tablet_21-03-49] Within safeClick method
21:06:07 [TestNG-test-Test-1] INFO  verifyingDisplayTypeFilterFunctionality_Tablet_21-03-49 - [verifyingDisplayTypeFilterFunctionality_Tablet_21-03-49] Clicked the  [[ChromeDriver: chrome on windows (d29da8f50220042dd5c7bb6155fa1d5a)] -> xpath: //a[@id='seeMoreDetailsLink']]   using safeClick
21:06:07 [TestNG-test-Test-1] INFO  verifyingDisplayTypeFilterFunctionality_Tablet_21-03-49 - [verifyingDisplayTypeFilterFunctionality_Tablet_21-03-49] Within try block for clicking see more deatils within productNameListingPage loop
21:06:07 [TestNG-test-Test-1] INFO  verifyingDisplayTypeFilterFunctionality_Tablet_21-03-49 - [verifyingDisplayTypeFilterFunctionality_Tablet_21-03-49] Within closeCurrentWindowAndSwitchBack method
21:06:07 [TestNG-test-Test-1] INFO  verifyingDisplayTypeFilterFunctionality_Tablet_21-03-49 - [verifyingDisplayTypeFilterFunctionality_Tablet_21-03-49] Total open windows/tabs count -> 2
21:06:07 [TestNG-test-Test-1] INFO  verifyingDisplayTypeFilterFunctionality_Tablet_21-03-49 - [verifyingDisplayTypeFilterFunctionality_Tablet_21-03-49] Original window handle -> 010E3A3AD5DF7B279A27341D797C4235
21:06:07 [TestNG-test-Test-1] INFO  verifyingDisplayTypeFilterFunctionality_Tablet_21-03-49 - [verifyingDisplayTypeFilterFunctionality_Tablet_21-03-49] Found new tab/window handle -> F92924B95AF3973F47B4C80378F4E94C (will be closed)
21:06:07 [TestNG-test-Test-1] INFO  verifyingDisplayTypeFilterFunctionality_Tablet_21-03-49 - [verifyingDisplayTypeFilterFunctionality_Tablet_21-03-49] Successfully switched to new tab/window -> F92924B95AF3973F47B4C80378F4E94C
21:06:07 [TestNG-test-Test-1] INFO  verifyingDisplayTypeFilterFunctionality_Tablet_21-03-49 - [verifyingDisplayTypeFilterFunctionality_Tablet_21-03-49] Closed the newly opened tab/window -> F92924B95AF3973F47B4C80378F4E94C
21:06:07 [TestNG-test-Test-1] INFO  verifyingDisplayTypeFilterFunctionality_Tablet_21-03-49 - [verifyingDisplayTypeFilterFunctionality_Tablet_21-03-49] Switched back to the original window -> 010E3A3AD5DF7B279A27341D797C4235
21:06:07 [TestNG-test-Test-1] INFO  verifyingDisplayTypeFilterFunctionality_Tablet_21-03-49 - [verifyingDisplayTypeFilterFunctionality_Tablet_21-03-49]  going back to product listing via closeCurrentWindowAndSwitchBack 
21:06:07 [TestNG-test-Test-1] INFO  verifyingDisplayTypeFilterFunctionality_Tablet_21-03-49 - [verifyingDisplayTypeFilterFunctionality_Tablet_21-03-49]  Added 'filter','title','keyFeatures', 'about', 'techDetails' into the Map -> productResult
21:06:07 [TestNG-test-Test-1] INFO  verifyingDisplayTypeFilterFunctionality_Tablet_21-03-49 - [verifyingDisplayTypeFilterFunctionality_Tablet_21-03-49]  Added 'productResult' Map into the 'results' i.e list of maps 
21:06:07 [TestNG-test-Test-1] INFO  verifyingDisplayTypeFilterFunctionality_Tablet_21-03-49 - [verifyingDisplayTypeFilterFunctionality_Tablet_21-03-49]==========================================================================================================
21:06:07 [TestNG-test-Test-1] INFO  verifyingDisplayTypeFilterFunctionality_Tablet_21-03-49 - [verifyingDisplayTypeFilterFunctionality_Tablet_21-03-49] Within safeClick method
21:06:09 [TestNG-test-Test-1] INFO  verifyingDisplayTypeFilterFunctionality_Tablet_21-03-49 - [verifyingDisplayTypeFilterFunctionality_Tablet_21-03-49] Cannot click the butto using safeClick, trying again
21:06:12 [TestNG-test-Test-1] INFO  verifyingDisplayTypeFilterFunctionality_Tablet_21-03-49 - [verifyingDisplayTypeFilterFunctionality_Tablet_21-03-49] Cannot click the butto using safeClick, trying again
21:06:13 [TestNG-test-Test-1] INFO  verifyingDisplayTypeFilterFunctionality_Tablet_21-03-49 - [verifyingDisplayTypeFilterFunctionality_Tablet_21-03-49] Skipping click action: Element not clickable after- 2
21:06:13 [TestNG-test-Test-1] INFO  verifyingDisplayTypeFilterFunctionality_Tablet_21-03-49 - [verifyingDisplayTypeFilterFunctionality_Tablet_21-03-49] Clearing the filter value ->IPSwithin productNameListingPage loop
21:06:13 [TestNG-test-Test-1] INFO  verifyingDisplayTypeFilterFunctionality_Tablet_21-03-49 - [verifyingDisplayTypeFilterFunctionality_Tablet_21-03-49]==========================================================================================================
21:06:13 [TestNG-test-Test-1] INFO  verifyingDisplayTypeFilterFunctionality_Tablet_21-03-49 - [verifyingDisplayTypeFilterFunctionality_Tablet_21-03-49]==========================================================================================================
21:06:13 [TestNG-test-Test-1] INFO  verifyingDisplayTypeFilterFunctionality_Tablet_21-03-49 - [verifyingDisplayTypeFilterFunctionality_Tablet_21-03-49] Within filterOptions loop in applyFilterAndValidateProductsWithResult
21:06:13 [TestNG-test-Test-1] INFO  verifyingDisplayTypeFilterFunctionality_Tablet_21-03-49 - [verifyingDisplayTypeFilterFunctionality_Tablet_21-03-49] Within safeFindElements 
21:06:13 [TestNG-test-Test-1] INFO  verifyingDisplayTypeFilterFunctionality_Tablet_21-03-49 - [verifyingDisplayTypeFilterFunctionality_Tablet_21-03-49] Returning the  [[[ChromeDriver: chrome on windows (d29da8f50220042dd5c7bb6155fa1d5a)] -> xpath: //span[@class='a-size-base a-color-base puis-bold-weight-text' and text()='Display Type']/parent::div/following-sibling::ul//span[@class='a-size-base a-color-base']], [[ChromeDriver: chrome on windows (d29da8f50220042dd5c7bb6155fa1d5a)] -> xpath: //span[@class='a-size-base a-color-base puis-bold-weight-text' and text()='Display Type']/parent::div/following-sibling::ul//span[@class='a-size-base a-color-base']], [[ChromeDriver: chrome on windows (d29da8f50220042dd5c7bb6155fa1d5a)] -> xpath: //span[@class='a-size-base a-color-base puis-bold-weight-text' and text()='Display Type']/parent::div/following-sibling::ul//span[@class='a-size-base a-color-base']]] from the safeFindElements method
21:06:13 [TestNG-test-Test-1] INFO  verifyingDisplayTypeFilterFunctionality_Tablet_21-03-49 - [verifyingDisplayTypeFilterFunctionality_Tablet_21-03-49] Trying to read filter option 1 (attempt 1/3)
21:06:13 [TestNG-test-Test-1] INFO  verifyingDisplayTypeFilterFunctionality_Tablet_21-03-49 - [verifyingDisplayTypeFilterFunctionality_Tablet_21-03-49] Successfully read filter option 1 = 'LCD'
21:06:13 [TestNG-test-Test-1] INFO  verifyingDisplayTypeFilterFunctionality_Tablet_21-03-49 - [verifyingDisplayTypeFilterFunctionality_Tablet_21-03-49] Within getfilterByTypeAndName method
21:06:13 [TestNG-test-Test-1] INFO  verifyingDisplayTypeFilterFunctionality_Tablet_21-03-49 - [verifyingDisplayTypeFilterFunctionality_Tablet_21-03-49] Within safeClickBooleanWithScreenShot method
21:06:13 [TestNG-test-Test-1] INFO  verifyingDisplayTypeFilterFunctionality_Tablet_21-03-49 - [verifyingDisplayTypeFilterFunctionality_Tablet_21-03-49] Within getAppliedfilterByTypeAndName method
21:06:13 [TestNG-test-Test-1] INFO  verifyingDisplayTypeFilterFunctionality_Tablet_21-03-49 - [verifyingDisplayTypeFilterFunctionality_Tablet_21-03-49] Within smoothScrollToElement method
21:06:13 [TestNG-test-Test-1] INFO  verifyingDisplayTypeFilterFunctionality_Tablet_21-03-49 - [verifyingDisplayTypeFilterFunctionality_Tablet_21-03-49] Within safeFindElement method
21:06:13 [TestNG-test-Test-1] INFO  verifyingDisplayTypeFilterFunctionality_Tablet_21-03-49 - [verifyingDisplayTypeFilterFunctionality_Tablet_21-03-49]Found the element returning it ,element ->[[ChromeDriver: chrome on windows (d29da8f50220042dd5c7bb6155fa1d5a)] -> xpath: //span[@class='a-size-base a-color-base puis-bold-weight-text' and text()='Display Type']]
21:06:13 [TestNG-test-Test-1] INFO  verifyingDisplayTypeFilterFunctionality_Tablet_21-03-49 - [verifyingDisplayTypeFilterFunctionality_Tablet_21-03-49] Successfully scrolled to element: By.xpath: //span[@class='a-size-base a-color-base puis-bold-weight-text' and text()='Display Type']
21:06:13 [TestNG-test-Test-1] INFO  verifyingDisplayTypeFilterFunctionality_Tablet_21-03-49 - [verifyingDisplayTypeFilterFunctionality_Tablet_21-03-49] Within getMoreButtonByFilterTypeAndName method
21:06:13 [TestNG-test-Test-1] INFO  verifyingDisplayTypeFilterFunctionality_Tablet_21-03-49 - [verifyingDisplayTypeFilterFunctionality_Tablet_21-03-49] could not find more button
21:06:13 [TestNG-test-Test-1] INFO  verifyingDisplayTypeFilterFunctionality_Tablet_21-03-49 - [verifyingDisplayTypeFilterFunctionality_Tablet_21-03-49] Within getAppliedfilterByTypeAndName method
21:06:13 [TestNG-test-Test-1] INFO  verifyingDisplayTypeFilterFunctionality_Tablet_21-03-49 - [verifyingDisplayTypeFilterFunctionality_Tablet_21-03-49] Within smoothScrollToElement method
21:06:13 [TestNG-test-Test-1] INFO  verifyingDisplayTypeFilterFunctionality_Tablet_21-03-49 - [verifyingDisplayTypeFilterFunctionality_Tablet_21-03-49] Within safeFindElement method
21:06:15 [TestNG-test-Test-1] INFO  verifyingDisplayTypeFilterFunctionality_Tablet_21-03-49 - [verifyingDisplayTypeFilterFunctionality_Tablet_21-03-49]Found the element returning it ,element ->[[ChromeDriver: chrome on windows (d29da8f50220042dd5c7bb6155fa1d5a)] -> xpath: //span[@class='a-size-base a-color-base puis-bold-weight-text' and text()='Display Type']]
21:06:15 [TestNG-test-Test-1] INFO  verifyingDisplayTypeFilterFunctionality_Tablet_21-03-49 - [verifyingDisplayTypeFilterFunctionality_Tablet_21-03-49] Successfully scrolled to element: By.xpath: //span[@class='a-size-base a-color-base puis-bold-weight-text' and text()='Display Type']
21:06:15 [TestNG-test-Test-1] INFO  verifyingDisplayTypeFilterFunctionality_Tablet_21-03-49 - [verifyingDisplayTypeFilterFunctionality_Tablet_21-03-49] Within getMoreButtonByFilterTypeAndName method
21:06:15 [TestNG-test-Test-1] INFO  verifyingDisplayTypeFilterFunctionality_Tablet_21-03-49 - [verifyingDisplayTypeFilterFunctionality_Tablet_21-03-49] could not find more button
21:06:15 [TestNG-test-Test-1] INFO  verifyingDisplayTypeFilterFunctionality_Tablet_21-03-49 - [verifyingDisplayTypeFilterFunctionality_Tablet_21-03-49] Within getfilterByTypeAndName method
21:06:15 [TestNG-test-Test-1] INFO  verifyingDisplayTypeFilterFunctionality_Tablet_21-03-49 - [verifyingDisplayTypeFilterFunctionality_Tablet_21-03-49] Within smoothScrollToElement method
21:06:15 [TestNG-test-Test-1] INFO  verifyingDisplayTypeFilterFunctionality_Tablet_21-03-49 - [verifyingDisplayTypeFilterFunctionality_Tablet_21-03-49] Within safeFindElement method
21:06:15 [TestNG-test-Test-1] INFO  verifyingDisplayTypeFilterFunctionality_Tablet_21-03-49 - [verifyingDisplayTypeFilterFunctionality_Tablet_21-03-49]Found the element returning it ,element ->[[ChromeDriver: chrome on windows (d29da8f50220042dd5c7bb6155fa1d5a)] -> xpath: //span[@class='a-size-base a-color-base puis-bold-weight-text' and text()='Display Type']/parent::div/following-sibling::ul//span[@class='a-size-base a-color-base a-text-bold' and text()='LCD']]
21:06:15 [TestNG-test-Test-1] INFO  verifyingDisplayTypeFilterFunctionality_Tablet_21-03-49 - [verifyingDisplayTypeFilterFunctionality_Tablet_21-03-49] Successfully scrolled to element: By.xpath: //span[@class='a-size-base a-color-base puis-bold-weight-text' and text()='Display Type']/parent::div/following-sibling::ul//span[@class='a-size-base a-color-base a-text-bold' and text()='LCD']
21:06:15 [TestNG-test-Test-1] INFO  verifyingDisplayTypeFilterFunctionality_Tablet_21-03-49 - [verifyingDisplayTypeFilterFunctionality_Tablet_21-03-49] Clicked the element using safe click ,element is [[ChromeDriver: chrome on windows (d29da8f50220042dd5c7bb6155fa1d5a)] -> xpath: //span[@class='a-size-base a-color-base puis-bold-weight-text' and text()='Display Type']/parent::div/following-sibling::ul//span[@class='a-size-base a-color-base' and text()='LCD']]
21:06:15 [TestNG-test-Test-1] INFO  verifyingDisplayTypeFilterFunctionality_Tablet_21-03-49 - [verifyingDisplayTypeFilterFunctionality_Tablet_21-03-49] Within safeFindElements 
21:06:15 [TestNG-test-Test-1] INFO  verifyingDisplayTypeFilterFunctionality_Tablet_21-03-49 - [verifyingDisplayTypeFilterFunctionality_Tablet_21-03-49] Returning the  [[[ChromeDriver: chrome on windows (d29da8f50220042dd5c7bb6155fa1d5a)] -> xpath: //div[@data-cy='title-recipe']], [[ChromeDriver: chrome on windows (d29da8f50220042dd5c7bb6155fa1d5a)] -> xpath: //div[@data-cy='title-recipe']], [[ChromeDriver: chrome on windows (d29da8f50220042dd5c7bb6155fa1d5a)] -> xpath: //div[@data-cy='title-recipe']], [[ChromeDriver: chrome on windows (d29da8f50220042dd5c7bb6155fa1d5a)] -> xpath: //div[@data-cy='title-recipe']], [[ChromeDriver: chrome on windows (d29da8f50220042dd5c7bb6155fa1d5a)] -> xpath: //div[@data-cy='title-recipe']], [[ChromeDriver: chrome on windows (d29da8f50220042dd5c7bb6155fa1d5a)] -> xpath: //div[@data-cy='title-recipe']], [[ChromeDriver: chrome on windows (d29da8f50220042dd5c7bb6155fa1d5a)] -> xpath: //div[@data-cy='title-recipe']], [[ChromeDriver: chrome on windows (d29da8f50220042dd5c7bb6155fa1d5a)] -> xpath: //div[@data-cy='title-recipe']], [[ChromeDriver: chrome on windows (d29da8f50220042dd5c7bb6155fa1d5a)] -> xpath: //div[@data-cy='title-recipe']], [[ChromeDriver: chrome on windows (d29da8f50220042dd5c7bb6155fa1d5a)] -> xpath: //div[@data-cy='title-recipe']], [[ChromeDriver: chrome on windows (d29da8f50220042dd5c7bb6155fa1d5a)] -> xpath: //div[@data-cy='title-recipe']], [[ChromeDriver: chrome on windows (d29da8f50220042dd5c7bb6155fa1d5a)] -> xpath: //div[@data-cy='title-recipe']], [[ChromeDriver: chrome on windows (d29da8f50220042dd5c7bb6155fa1d5a)] -> xpath: //div[@data-cy='title-recipe']], [[ChromeDriver: chrome on windows (d29da8f50220042dd5c7bb6155fa1d5a)] -> xpath: //div[@data-cy='title-recipe']], [[ChromeDriver: chrome on windows (d29da8f50220042dd5c7bb6155fa1d5a)] -> xpath: //div[@data-cy='title-recipe']], [[ChromeDriver: chrome on windows (d29da8f50220042dd5c7bb6155fa1d5a)] -> xpath: //div[@data-cy='title-recipe']]] from the safeFindElements method
21:06:15 [TestNG-test-Test-1] INFO  verifyingDisplayTypeFilterFunctionality_Tablet_21-03-49 - [verifyingDisplayTypeFilterFunctionality_Tablet_21-03-49] Execution is scheduled type /CRON Job on CI Hence refering to CI keys from UtilData
21:06:15 [TestNG-test-Test-1] INFO  verifyingDisplayTypeFilterFunctionality_Tablet_21-03-49 - [verifyingDisplayTypeFilterFunctionality_Tablet_21-03-49] Within safeFindElements 
21:06:15 [TestNG-test-Test-1] INFO  verifyingDisplayTypeFilterFunctionality_Tablet_21-03-49 - [verifyingDisplayTypeFilterFunctionality_Tablet_21-03-49] Returning the  [[[ChromeDriver: chrome on windows (d29da8f50220042dd5c7bb6155fa1d5a)] -> xpath: //div[@data-cy='title-recipe']], [[ChromeDriver: chrome on windows (d29da8f50220042dd5c7bb6155fa1d5a)] -> xpath: //div[@data-cy='title-recipe']], [[ChromeDriver: chrome on windows (d29da8f50220042dd5c7bb6155fa1d5a)] -> xpath: //div[@data-cy='title-recipe']], [[ChromeDriver: chrome on windows (d29da8f50220042dd5c7bb6155fa1d5a)] -> xpath: //div[@data-cy='title-recipe']], [[ChromeDriver: chrome on windows (d29da8f50220042dd5c7bb6155fa1d5a)] -> xpath: //div[@data-cy='title-recipe']], [[ChromeDriver: chrome on windows (d29da8f50220042dd5c7bb6155fa1d5a)] -> xpath: //div[@data-cy='title-recipe']], [[ChromeDriver: chrome on windows (d29da8f50220042dd5c7bb6155fa1d5a)] -> xpath: //div[@data-cy='title-recipe']], [[ChromeDriver: chrome on windows (d29da8f50220042dd5c7bb6155fa1d5a)] -> xpath: //div[@data-cy='title-recipe']], [[ChromeDriver: chrome on windows (d29da8f50220042dd5c7bb6155fa1d5a)] -> xpath: //div[@data-cy='title-recipe']], [[ChromeDriver: chrome on windows (d29da8f50220042dd5c7bb6155fa1d5a)] -> xpath: //div[@data-cy='title-recipe']], [[ChromeDriver: chrome on windows (d29da8f50220042dd5c7bb6155fa1d5a)] -> xpath: //div[@data-cy='title-recipe']], [[ChromeDriver: chrome on windows (d29da8f50220042dd5c7bb6155fa1d5a)] -> xpath: //div[@data-cy='title-recipe']], [[ChromeDriver: chrome on windows (d29da8f50220042dd5c7bb6155fa1d5a)] -> xpath: //div[@data-cy='title-recipe']], [[ChromeDriver: chrome on windows (d29da8f50220042dd5c7bb6155fa1d5a)] -> xpath: //div[@data-cy='title-recipe']], [[ChromeDriver: chrome on windows (d29da8f50220042dd5c7bb6155fa1d5a)] -> xpath: //div[@data-cy='title-recipe']], [[ChromeDriver: chrome on windows (d29da8f50220042dd5c7bb6155fa1d5a)] -> xpath: //div[@data-cy='title-recipe']]] from the safeFindElements method
21:06:15 [TestNG-test-Test-1] INFO  verifyingDisplayTypeFilterFunctionality_Tablet_21-03-49 - [verifyingDisplayTypeFilterFunctionality_Tablet_21-03-49] Within productNameListingPage loop in applyFilterAndValidateProductsWithResult
21:06:15 [TestNG-test-Test-1] INFO  verifyingDisplayTypeFilterFunctionality_Tablet_21-03-49 - [verifyingDisplayTypeFilterFunctionality_Tablet_21-03-49] Within getProductByIndex method
21:06:15 [TestNG-test-Test-1] INFO  verifyingDisplayTypeFilterFunctionality_Tablet_21-03-49 - [verifyingDisplayTypeFilterFunctionality_Tablet_21-03-49] Within safeFindElement method
21:06:16 [TestNG-test-Test-1] INFO  verifyingDisplayTypeFilterFunctionality_Tablet_21-03-49 - [verifyingDisplayTypeFilterFunctionality_Tablet_21-03-49]Found the element returning it ,element ->[[ChromeDriver: chrome on windows (d29da8f50220042dd5c7bb6155fa1d5a)] -> xpath: (//div[@data-cy='title-recipe'])[1]]
21:06:16 [TestNG-test-Test-1] INFO  verifyingDisplayTypeFilterFunctionality_Tablet_21-03-49 - [verifyingDisplayTypeFilterFunctionality_Tablet_21-03-49] Within getProductByIndex method
21:06:16 [TestNG-test-Test-1] INFO  verifyingDisplayTypeFilterFunctionality_Tablet_21-03-49 - [verifyingDisplayTypeFilterFunctionality_Tablet_21-03-49] Within smoothScrollToElement method
21:06:16 [TestNG-test-Test-1] INFO  verifyingDisplayTypeFilterFunctionality_Tablet_21-03-49 - [verifyingDisplayTypeFilterFunctionality_Tablet_21-03-49] Within safeFindElement method
21:06:16 [TestNG-test-Test-1] INFO  verifyingDisplayTypeFilterFunctionality_Tablet_21-03-49 - [verifyingDisplayTypeFilterFunctionality_Tablet_21-03-49]Found the element returning it ,element ->[[ChromeDriver: chrome on windows (d29da8f50220042dd5c7bb6155fa1d5a)] -> xpath: (//div[@data-cy='title-recipe'])[1]]
21:06:16 [TestNG-test-Test-1] INFO  verifyingDisplayTypeFilterFunctionality_Tablet_21-03-49 - [verifyingDisplayTypeFilterFunctionality_Tablet_21-03-49] Successfully scrolled to element: By.xpath: (//div[@data-cy='title-recipe'])[1]
21:06:16 [TestNG-test-Test-1] INFO  verifyingDisplayTypeFilterFunctionality_Tablet_21-03-49 - [verifyingDisplayTypeFilterFunctionality_Tablet_21-03-49] Getting product by index in productNameListingPage loop
21:06:16 [TestNG-test-Test-1] INFO  verifyingDisplayTypeFilterFunctionality_Tablet_21-03-49 - [verifyingDisplayTypeFilterFunctionality_Tablet_21-03-49] Opened product in new tab via Ctrl+Click inside productNameListingPage loop
21:06:16 [TestNG-test-Test-1] INFO  verifyingDisplayTypeFilterFunctionality_Tablet_21-03-49 - [verifyingDisplayTypeFilterFunctionality_Tablet_21-03-49] Waiting for new window to open...
21:06:16 [TestNG-test-Test-1] INFO  verifyingDisplayTypeFilterFunctionality_Tablet_21-03-49 - [verifyingDisplayTypeFilterFunctionality_Tablet_21-03-49] Switched to new window -> 00BB723FDE1ABCD73EB84A11AC635CD7
21:06:16 [TestNG-test-Test-1] INFO  verifyingDisplayTypeFilterFunctionality_Tablet_21-03-49 - [verifyingDisplayTypeFilterFunctionality_Tablet_21-03-49] Swithcing to the new window  within productNameListingPage loop
21:06:16 [TestNG-test-Test-1] INFO  verifyingDisplayTypeFilterFunctionality_Tablet_21-03-49 - [verifyingDisplayTypeFilterFunctionality_Tablet_21-03-49] Clicked product name to open in new tab from productNameListingPage loop
21:06:16 [TestNG-test-Test-1] INFO  verifyingDisplayTypeFilterFunctionality_Tablet_21-03-49 - [verifyingDisplayTypeFilterFunctionality_Tablet_21-03-49] Waiting until element is visible in viewport
21:06:19 [TestNG-test-Test-1] WARN  verifyingDisplayTypeFilterFunctionality_Tablet_21-03-49 - [verifyingDisplayTypeFilterFunctionality_Tablet_21-03-49] Product detail page did not load for index 1 filter 'LCD'; skipping detail scrape to avoid redundant retries/timeouts
21:06:19 [TestNG-test-Test-1] INFO  verifyingDisplayTypeFilterFunctionality_Tablet_21-03-49 - [verifyingDisplayTypeFilterFunctionality_Tablet_21-03-49] Within closeCurrentWindowAndSwitchBack method
21:06:19 [TestNG-test-Test-1] INFO  verifyingDisplayTypeFilterFunctionality_Tablet_21-03-49 - [verifyingDisplayTypeFilterFunctionality_Tablet_21-03-49] Total open windows/tabs count -> 2
21:06:19 [TestNG-test-Test-1] INFO  verifyingDisplayTypeFilterFunctionality_Tablet_21-03-49 - [verifyingDisplayTypeFilterFunctionality_Tablet_21-03-49] Original window handle -> 010E3A3AD5DF7B279A27341D797C4235
21:06:19 [TestNG-test-Test-1] INFO  verifyingDisplayTypeFilterFunctionality_Tablet_21-03-49 - [verifyingDisplayTypeFilterFunctionality_Tablet_21-03-49] Found new tab/window handle -> 00BB723FDE1ABCD73EB84A11AC635CD7 (will be closed)
21:06:19 [TestNG-test-Test-1] INFO  verifyingDisplayTypeFilterFunctionality_Tablet_21-03-49 - [verifyingDisplayTypeFilterFunctionality_Tablet_21-03-49] Successfully switched to new tab/window -> 00BB723FDE1ABCD73EB84A11AC635CD7
21:06:19 [TestNG-test-Test-1] INFO  verifyingDisplayTypeFilterFunctionality_Tablet_21-03-49 - [verifyingDisplayTypeFilterFunctionality_Tablet_21-03-49] Closed the newly opened tab/window -> 00BB723FDE1ABCD73EB84A11AC635CD7
21:06:19 [TestNG-test-Test-1] INFO  verifyingDisplayTypeFilterFunctionality_Tablet_21-03-49 - [verifyingDisplayTypeFilterFunctionality_Tablet_21-03-49] Switched back to the original window -> 010E3A3AD5DF7B279A27341D797C4235
21:06:19 [TestNG-test-Test-1] INFO  verifyingDisplayTypeFilterFunctionality_Tablet_21-03-49 - [verifyingDisplayTypeFilterFunctionality_Tablet_21-03-49]  going back to product listing via closeCurrentWindowAndSwitchBack 
21:06:19 [TestNG-test-Test-1] INFO  verifyingDisplayTypeFilterFunctionality_Tablet_21-03-49 - [verifyingDisplayTypeFilterFunctionality_Tablet_21-03-49]  Added 'filter','title','keyFeatures', 'about', 'techDetails' into the Map -> productResult
21:06:19 [TestNG-test-Test-1] INFO  verifyingDisplayTypeFilterFunctionality_Tablet_21-03-49 - [verifyingDisplayTypeFilterFunctionality_Tablet_21-03-49]  Added 'productResult' Map into the 'results' i.e list of maps 
21:06:19 [TestNG-test-Test-1] INFO  verifyingDisplayTypeFilterFunctionality_Tablet_21-03-49 - [verifyingDisplayTypeFilterFunctionality_Tablet_21-03-49]==========================================================================================================
21:06:19 [TestNG-test-Test-1] INFO  verifyingDisplayTypeFilterFunctionality_Tablet_21-03-49 - [verifyingDisplayTypeFilterFunctionality_Tablet_21-03-49] Within safeFindElements 
21:06:19 [TestNG-test-Test-1] INFO  verifyingDisplayTypeFilterFunctionality_Tablet_21-03-49 - [verifyingDisplayTypeFilterFunctionality_Tablet_21-03-49] Returning the  [[[ChromeDriver: chrome on windows (d29da8f50220042dd5c7bb6155fa1d5a)] -> xpath: //div[@data-cy='title-recipe']], [[ChromeDriver: chrome on windows (d29da8f50220042dd5c7bb6155fa1d5a)] -> xpath: //div[@data-cy='title-recipe']], [[ChromeDriver: chrome on windows (d29da8f50220042dd5c7bb6155fa1d5a)] -> xpath: //div[@data-cy='title-recipe']], [[ChromeDriver: chrome on windows (d29da8f50220042dd5c7bb6155fa1d5a)] -> xpath: //div[@data-cy='title-recipe']], [[ChromeDriver: chrome on windows (d29da8f50220042dd5c7bb6155fa1d5a)] -> xpath: //div[@data-cy='title-recipe']], [[ChromeDriver: chrome on windows (d29da8f50220042dd5c7bb6155fa1d5a)] -> xpath: //div[@data-cy='title-recipe']], [[ChromeDriver: chrome on windows (d29da8f50220042dd5c7bb6155fa1d5a)] -> xpath: //div[@data-cy='title-recipe']], [[ChromeDriver: chrome on windows (d29da8f50220042dd5c7bb6155fa1d5a)] -> xpath: //div[@data-cy='title-recipe']], [[ChromeDriver: chrome on windows (d29da8f50220042dd5c7bb6155fa1d5a)] -> xpath: //div[@data-cy='title-recipe']], [[ChromeDriver: chrome on windows (d29da8f50220042dd5c7bb6155fa1d5a)] -> xpath: //div[@data-cy='title-recipe']], [[ChromeDriver: chrome on windows (d29da8f50220042dd5c7bb6155fa1d5a)] -> xpath: //div[@data-cy='title-recipe']], [[ChromeDriver: chrome on windows (d29da8f50220042dd5c7bb6155fa1d5a)] -> xpath: //div[@data-cy='title-recipe']], [[ChromeDriver: chrome on windows (d29da8f50220042dd5c7bb6155fa1d5a)] -> xpath: //div[@data-cy='title-recipe']], [[ChromeDriver: chrome on windows (d29da8f50220042dd5c7bb6155fa1d5a)] -> xpath: //div[@data-cy='title-recipe']], [[ChromeDriver: chrome on windows (d29da8f50220042dd5c7bb6155fa1d5a)] -> xpath: //div[@data-cy='title-recipe']], [[ChromeDriver: chrome on windows (d29da8f50220042dd5c7bb6155fa1d5a)] -> xpath: //div[@data-cy='title-recipe']]] from the safeFindElements method
21:06:19 [TestNG-test-Test-1] INFO  verifyingDisplayTypeFilterFunctionality_Tablet_21-03-49 - [verifyingDisplayTypeFilterFunctionality_Tablet_21-03-49] Within productNameListingPage loop in applyFilterAndValidateProductsWithResult
21:06:19 [TestNG-test-Test-1] INFO  verifyingDisplayTypeFilterFunctionality_Tablet_21-03-49 - [verifyingDisplayTypeFilterFunctionality_Tablet_21-03-49] Within getProductByIndex method
21:06:19 [TestNG-test-Test-1] INFO  verifyingDisplayTypeFilterFunctionality_Tablet_21-03-49 - [verifyingDisplayTypeFilterFunctionality_Tablet_21-03-49] Within safeFindElement method
21:06:19 [TestNG-test-Test-1] INFO  verifyingDisplayTypeFilterFunctionality_Tablet_21-03-49 - [verifyingDisplayTypeFilterFunctionality_Tablet_21-03-49]Found the element returning it ,element ->[[ChromeDriver: chrome on windows (d29da8f50220042dd5c7bb6155fa1d5a)] -> xpath: (//div[@data-cy='title-recipe'])[2]]
21:06:19 [TestNG-test-Test-1] INFO  verifyingDisplayTypeFilterFunctionality_Tablet_21-03-49 - [verifyingDisplayTypeFilterFunctionality_Tablet_21-03-49] Within getProductByIndex method
21:06:19 [TestNG-test-Test-1] INFO  verifyingDisplayTypeFilterFunctionality_Tablet_21-03-49 - [verifyingDisplayTypeFilterFunctionality_Tablet_21-03-49] Within smoothScrollToElement method
21:06:19 [TestNG-test-Test-1] INFO  verifyingDisplayTypeFilterFunctionality_Tablet_21-03-49 - [verifyingDisplayTypeFilterFunctionality_Tablet_21-03-49] Within safeFindElement method
21:06:19 [TestNG-test-Test-1] INFO  verifyingDisplayTypeFilterFunctionality_Tablet_21-03-49 - [verifyingDisplayTypeFilterFunctionality_Tablet_21-03-49]Found the element returning it ,element ->[[ChromeDriver: chrome on windows (d29da8f50220042dd5c7bb6155fa1d5a)] -> xpath: (//div[@data-cy='title-recipe'])[2]]
21:06:19 [TestNG-test-Test-1] INFO  verifyingDisplayTypeFilterFunctionality_Tablet_21-03-49 - [verifyingDisplayTypeFilterFunctionality_Tablet_21-03-49] Successfully scrolled to element: By.xpath: (//div[@data-cy='title-recipe'])[2]
21:06:19 [TestNG-test-Test-1] INFO  verifyingDisplayTypeFilterFunctionality_Tablet_21-03-49 - [verifyingDisplayTypeFilterFunctionality_Tablet_21-03-49] Getting product by index in productNameListingPage loop
21:06:19 [TestNG-test-Test-1] INFO  verifyingDisplayTypeFilterFunctionality_Tablet_21-03-49 - [verifyingDisplayTypeFilterFunctionality_Tablet_21-03-49] Opened product in new tab via Ctrl+Click inside productNameListingPage loop
21:06:19 [TestNG-test-Test-1] INFO  verifyingDisplayTypeFilterFunctionality_Tablet_21-03-49 - [verifyingDisplayTypeFilterFunctionality_Tablet_21-03-49] Waiting for new window to open...
21:06:19 [TestNG-test-Test-1] INFO  verifyingDisplayTypeFilterFunctionality_Tablet_21-03-49 - [verifyingDisplayTypeFilterFunctionality_Tablet_21-03-49] Switched to new window -> A8A789EA8E0E5D8DCDA2225610FEFF86
21:06:19 [TestNG-test-Test-1] INFO  verifyingDisplayTypeFilterFunctionality_Tablet_21-03-49 - [verifyingDisplayTypeFilterFunctionality_Tablet_21-03-49] Swithcing to the new window  within productNameListingPage loop
21:06:19 [TestNG-test-Test-1] INFO  verifyingDisplayTypeFilterFunctionality_Tablet_21-03-49 - [verifyingDisplayTypeFilterFunctionality_Tablet_21-03-49] Clicked product name to open in new tab from productNameListingPage loop
21:06:19 [TestNG-test-Test-1] INFO  verifyingDisplayTypeFilterFunctionality_Tablet_21-03-49 - [verifyingDisplayTypeFilterFunctionality_Tablet_21-03-49] Waiting until element is visible in viewport
21:06:23 [TestNG-test-Test-1] WARN  verifyingDisplayTypeFilterFunctionality_Tablet_21-03-49 - [verifyingDisplayTypeFilterFunctionality_Tablet_21-03-49] Product detail page did not load for index 2 filter 'LCD'; skipping detail scrape to avoid redundant retries/timeouts
21:06:23 [TestNG-test-Test-1] INFO  verifyingDisplayTypeFilterFunctionality_Tablet_21-03-49 - [verifyingDisplayTypeFilterFunctionality_Tablet_21-03-49] Within closeCurrentWindowAndSwitchBack method
21:06:23 [TestNG-test-Test-1] INFO  verifyingDisplayTypeFilterFunctionality_Tablet_21-03-49 - [verifyingDisplayTypeFilterFunctionality_Tablet_21-03-49] Total open windows/tabs count -> 2
21:06:23 [TestNG-test-Test-1] INFO  verifyingDisplayTypeFilterFunctionality_Tablet_21-03-49 - [verifyingDisplayTypeFilterFunctionality_Tablet_21-03-49] Original window handle -> 010E3A3AD5DF7B279A27341D797C4235
21:06:23 [TestNG-test-Test-1] INFO  verifyingDisplayTypeFilterFunctionality_Tablet_21-03-49 - [verifyingDisplayTypeFilterFunctionality_Tablet_21-03-49] Found new tab/window handle -> A8A789EA8E0E5D8DCDA2225610FEFF86 (will be closed)
21:06:23 [TestNG-test-Test-1] INFO  verifyingDisplayTypeFilterFunctionality_Tablet_21-03-49 - [verifyingDisplayTypeFilterFunctionality_Tablet_21-03-49] Successfully switched to new tab/window -> A8A789EA8E0E5D8DCDA2225610FEFF86
21:06:23 [TestNG-test-Test-1] INFO  verifyingDisplayTypeFilterFunctionality_Tablet_21-03-49 - [verifyingDisplayTypeFilterFunctionality_Tablet_21-03-49] Closed the newly opened tab/window -> A8A789EA8E0E5D8DCDA2225610FEFF86
21:06:23 [TestNG-test-Test-1] INFO  verifyingDisplayTypeFilterFunctionality_Tablet_21-03-49 - [verifyingDisplayTypeFilterFunctionality_Tablet_21-03-49] Switched back to the original window -> 010E3A3AD5DF7B279A27341D797C4235
21:06:23 [TestNG-test-Test-1] INFO  verifyingDisplayTypeFilterFunctionality_Tablet_21-03-49 - [verifyingDisplayTypeFilterFunctionality_Tablet_21-03-49]  going back to product listing via closeCurrentWindowAndSwitchBack 
21:06:23 [TestNG-test-Test-1] INFO  verifyingDisplayTypeFilterFunctionality_Tablet_21-03-49 - [verifyingDisplayTypeFilterFunctionality_Tablet_21-03-49]  Added 'filter','title','keyFeatures', 'about', 'techDetails' into the Map -> productResult
21:06:23 [TestNG-test-Test-1] INFO  verifyingDisplayTypeFilterFunctionality_Tablet_21-03-49 - [verifyingDisplayTypeFilterFunctionality_Tablet_21-03-49]  Added 'productResult' Map into the 'results' i.e list of maps 
21:06:23 [TestNG-test-Test-1] INFO  verifyingDisplayTypeFilterFunctionality_Tablet_21-03-49 - [verifyingDisplayTypeFilterFunctionality_Tablet_21-03-49]==========================================================================================================
21:06:23 [TestNG-test-Test-1] INFO  verifyingDisplayTypeFilterFunctionality_Tablet_21-03-49 - [verifyingDisplayTypeFilterFunctionality_Tablet_21-03-49] Within safeFindElements 
21:06:23 [TestNG-test-Test-1] INFO  verifyingDisplayTypeFilterFunctionality_Tablet_21-03-49 - [verifyingDisplayTypeFilterFunctionality_Tablet_21-03-49] Returning the  [[[ChromeDriver: chrome on windows (d29da8f50220042dd5c7bb6155fa1d5a)] -> xpath: //div[@data-cy='title-recipe']], [[ChromeDriver: chrome on windows (d29da8f50220042dd5c7bb6155fa1d5a)] -> xpath: //div[@data-cy='title-recipe']], [[ChromeDriver: chrome on windows (d29da8f50220042dd5c7bb6155fa1d5a)] -> xpath: //div[@data-cy='title-recipe']], [[ChromeDriver: chrome on windows (d29da8f50220042dd5c7bb6155fa1d5a)] -> xpath: //div[@data-cy='title-recipe']], [[ChromeDriver: chrome on windows (d29da8f50220042dd5c7bb6155fa1d5a)] -> xpath: //div[@data-cy='title-recipe']], [[ChromeDriver: chrome on windows (d29da8f50220042dd5c7bb6155fa1d5a)] -> xpath: //div[@data-cy='title-recipe']], [[ChromeDriver: chrome on windows (d29da8f50220042dd5c7bb6155fa1d5a)] -> xpath: //div[@data-cy='title-recipe']], [[ChromeDriver: chrome on windows (d29da8f50220042dd5c7bb6155fa1d5a)] -> xpath: //div[@data-cy='title-recipe']], [[ChromeDriver: chrome on windows (d29da8f50220042dd5c7bb6155fa1d5a)] -> xpath: //div[@data-cy='title-recipe']], [[ChromeDriver: chrome on windows (d29da8f50220042dd5c7bb6155fa1d5a)] -> xpath: //div[@data-cy='title-recipe']], [[ChromeDriver: chrome on windows (d29da8f50220042dd5c7bb6155fa1d5a)] -> xpath: //div[@data-cy='title-recipe']], [[ChromeDriver: chrome on windows (d29da8f50220042dd5c7bb6155fa1d5a)] -> xpath: //div[@data-cy='title-recipe']], [[ChromeDriver: chrome on windows (d29da8f50220042dd5c7bb6155fa1d5a)] -> xpath: //div[@data-cy='title-recipe']], [[ChromeDriver: chrome on windows (d29da8f50220042dd5c7bb6155fa1d5a)] -> xpath: //div[@data-cy='title-recipe']], [[ChromeDriver: chrome on windows (d29da8f50220042dd5c7bb6155fa1d5a)] -> xpath: //div[@data-cy='title-recipe']], [[ChromeDriver: chrome on windows (d29da8f50220042dd5c7bb6155fa1d5a)] -> xpath: //div[@data-cy='title-recipe']]] from the safeFindElements method
21:06:23 [TestNG-test-Test-1] INFO  verifyingDisplayTypeFilterFunctionality_Tablet_21-03-49 - [verifyingDisplayTypeFilterFunctionality_Tablet_21-03-49] Within productNameListingPage loop in applyFilterAndValidateProductsWithResult
21:06:23 [TestNG-test-Test-1] INFO  verifyingDisplayTypeFilterFunctionality_Tablet_21-03-49 - [verifyingDisplayTypeFilterFunctionality_Tablet_21-03-49] Within getProductByIndex method
21:06:23 [TestNG-test-Test-1] INFO  verifyingDisplayTypeFilterFunctionality_Tablet_21-03-49 - [verifyingDisplayTypeFilterFunctionality_Tablet_21-03-49] Within safeFindElement method
21:06:23 [TestNG-test-Test-1] INFO  verifyingDisplayTypeFilterFunctionality_Tablet_21-03-49 - [verifyingDisplayTypeFilterFunctionality_Tablet_21-03-49]Found the element returning it ,element ->[[ChromeDriver: chrome on windows (d29da8f50220042dd5c7bb6155fa1d5a)] -> xpath: (//div[@data-cy='title-recipe'])[3]]
21:06:23 [TestNG-test-Test-1] INFO  verifyingDisplayTypeFilterFunctionality_Tablet_21-03-49 - [verifyingDisplayTypeFilterFunctionality_Tablet_21-03-49] Within getProductByIndex method
21:06:23 [TestNG-test-Test-1] INFO  verifyingDisplayTypeFilterFunctionality_Tablet_21-03-49 - [verifyingDisplayTypeFilterFunctionality_Tablet_21-03-49] Within smoothScrollToElement method
21:06:23 [TestNG-test-Test-1] INFO  verifyingDisplayTypeFilterFunctionality_Tablet_21-03-49 - [verifyingDisplayTypeFilterFunctionality_Tablet_21-03-49] Within safeFindElement method
21:06:24 [TestNG-test-Test-1] INFO  verifyingDisplayTypeFilterFunctionality_Tablet_21-03-49 - [verifyingDisplayTypeFilterFunctionality_Tablet_21-03-49]Found the element returning it ,element ->[[ChromeDriver: chrome on windows (d29da8f50220042dd5c7bb6155fa1d5a)] -> xpath: (//div[@data-cy='title-recipe'])[3]]
21:06:24 [TestNG-test-Test-1] INFO  verifyingDisplayTypeFilterFunctionality_Tablet_21-03-49 - [verifyingDisplayTypeFilterFunctionality_Tablet_21-03-49] Successfully scrolled to element: By.xpath: (//div[@data-cy='title-recipe'])[3]
21:06:24 [TestNG-test-Test-1] INFO  verifyingDisplayTypeFilterFunctionality_Tablet_21-03-49 - [verifyingDisplayTypeFilterFunctionality_Tablet_21-03-49] Getting product by index in productNameListingPage loop
21:06:24 [TestNG-test-Test-1] INFO  verifyingDisplayTypeFilterFunctionality_Tablet_21-03-49 - [verifyingDisplayTypeFilterFunctionality_Tablet_21-03-49] Opened product in new tab via Ctrl+Click inside productNameListingPage loop
21:06:24 [TestNG-test-Test-1] INFO  verifyingDisplayTypeFilterFunctionality_Tablet_21-03-49 - [verifyingDisplayTypeFilterFunctionality_Tablet_21-03-49] Waiting for new window to open...
21:06:24 [TestNG-test-Test-1] INFO  verifyingDisplayTypeFilterFunctionality_Tablet_21-03-49 - [verifyingDisplayTypeFilterFunctionality_Tablet_21-03-49] Switched to new window -> 399B1579EEDDC74B0B89371A38B3C66C
21:06:24 [TestNG-test-Test-1] INFO  verifyingDisplayTypeFilterFunctionality_Tablet_21-03-49 - [verifyingDisplayTypeFilterFunctionality_Tablet_21-03-49] Swithcing to the new window  within productNameListingPage loop
21:06:24 [TestNG-test-Test-1] INFO  verifyingDisplayTypeFilterFunctionality_Tablet_21-03-49 - [verifyingDisplayTypeFilterFunctionality_Tablet_21-03-49] Clicked product name to open in new tab from productNameListingPage loop
21:06:24 [TestNG-test-Test-1] INFO  verifyingDisplayTypeFilterFunctionality_Tablet_21-03-49 - [verifyingDisplayTypeFilterFunctionality_Tablet_21-03-49] Waiting until element is visible in viewport
21:06:28 [TestNG-test-Test-1] WARN  verifyingDisplayTypeFilterFunctionality_Tablet_21-03-49 - [verifyingDisplayTypeFilterFunctionality_Tablet_21-03-49] Product detail page did not load for index 3 filter 'LCD'; skipping detail scrape to avoid redundant retries/timeouts
21:06:28 [TestNG-test-Test-1] INFO  verifyingDisplayTypeFilterFunctionality_Tablet_21-03-49 - [verifyingDisplayTypeFilterFunctionality_Tablet_21-03-49] Within closeCurrentWindowAndSwitchBack method
21:06:28 [TestNG-test-Test-1] INFO  verifyingDisplayTypeFilterFunctionality_Tablet_21-03-49 - [verifyingDisplayTypeFilterFunctionality_Tablet_21-03-49] Total open windows/tabs count -> 2
21:06:28 [TestNG-test-Test-1] INFO  verifyingDisplayTypeFilterFunctionality_Tablet_21-03-49 - [verifyingDisplayTypeFilterFunctionality_Tablet_21-03-49] Original window handle -> 010E3A3AD5DF7B279A27341D797C4235
21:06:28 [TestNG-test-Test-1] INFO  verifyingDisplayTypeFilterFunctionality_Tablet_21-03-49 - [verifyingDisplayTypeFilterFunctionality_Tablet_21-03-49] Found new tab/window handle -> 399B1579EEDDC74B0B89371A38B3C66C (will be closed)
21:06:28 [TestNG-test-Test-1] INFO  verifyingDisplayTypeFilterFunctionality_Tablet_21-03-49 - [verifyingDisplayTypeFilterFunctionality_Tablet_21-03-49] Successfully switched to new tab/window -> 399B1579EEDDC74B0B89371A38B3C66C
21:06:28 [TestNG-test-Test-1] INFO  verifyingDisplayTypeFilterFunctionality_Tablet_21-03-49 - [verifyingDisplayTypeFilterFunctionality_Tablet_21-03-49] Closed the newly opened tab/window -> 399B1579EEDDC74B0B89371A38B3C66C
21:06:28 [TestNG-test-Test-1] INFO  verifyingDisplayTypeFilterFunctionality_Tablet_21-03-49 - [verifyingDisplayTypeFilterFunctionality_Tablet_21-03-49] Switched back to the original window -> 010E3A3AD5DF7B279A27341D797C4235
21:06:28 [TestNG-test-Test-1] INFO  verifyingDisplayTypeFilterFunctionality_Tablet_21-03-49 - [verifyingDisplayTypeFilterFunctionality_Tablet_21-03-49]  going back to product listing via closeCurrentWindowAndSwitchBack 
21:06:28 [TestNG-test-Test-1] INFO  verifyingDisplayTypeFilterFunctionality_Tablet_21-03-49 - [verifyingDisplayTypeFilterFunctionality_Tablet_21-03-49]  Added 'filter','title','keyFeatures', 'about', 'techDetails' into the Map -> productResult
21:06:28 [TestNG-test-Test-1] INFO  verifyingDisplayTypeFilterFunctionality_Tablet_21-03-49 - [verifyingDisplayTypeFilterFunctionality_Tablet_21-03-49]  Added 'productResult' Map into the 'results' i.e list of maps 
21:06:28 [TestNG-test-Test-1] INFO  verifyingDisplayTypeFilterFunctionality_Tablet_21-03-49 - [verifyingDisplayTypeFilterFunctionality_Tablet_21-03-49]==========================================================================================================
21:06:28 [TestNG-test-Test-1] INFO  verifyingDisplayTypeFilterFunctionality_Tablet_21-03-49 - [verifyingDisplayTypeFilterFunctionality_Tablet_21-03-49] Within safeFindElements 
21:06:28 [TestNG-test-Test-1] INFO  verifyingDisplayTypeFilterFunctionality_Tablet_21-03-49 - [verifyingDisplayTypeFilterFunctionality_Tablet_21-03-49] Returning the  [[[ChromeDriver: chrome on windows (d29da8f50220042dd5c7bb6155fa1d5a)] -> xpath: //div[@data-cy='title-recipe']], [[ChromeDriver: chrome on windows (d29da8f50220042dd5c7bb6155fa1d5a)] -> xpath: //div[@data-cy='title-recipe']], [[ChromeDriver: chrome on windows (d29da8f50220042dd5c7bb6155fa1d5a)] -> xpath: //div[@data-cy='title-recipe']], [[ChromeDriver: chrome on windows (d29da8f50220042dd5c7bb6155fa1d5a)] -> xpath: //div[@data-cy='title-recipe']], [[ChromeDriver: chrome on windows (d29da8f50220042dd5c7bb6155fa1d5a)] -> xpath: //div[@data-cy='title-recipe']], [[ChromeDriver: chrome on windows (d29da8f50220042dd5c7bb6155fa1d5a)] -> xpath: //div[@data-cy='title-recipe']], [[ChromeDriver: chrome on windows (d29da8f50220042dd5c7bb6155fa1d5a)] -> xpath: //div[@data-cy='title-recipe']], [[ChromeDriver: chrome on windows (d29da8f50220042dd5c7bb6155fa1d5a)] -> xpath: //div[@data-cy='title-recipe']], [[ChromeDriver: chrome on windows (d29da8f50220042dd5c7bb6155fa1d5a)] -> xpath: //div[@data-cy='title-recipe']], [[ChromeDriver: chrome on windows (d29da8f50220042dd5c7bb6155fa1d5a)] -> xpath: //div[@data-cy='title-recipe']], [[ChromeDriver: chrome on windows (d29da8f50220042dd5c7bb6155fa1d5a)] -> xpath: //div[@data-cy='title-recipe']], [[ChromeDriver: chrome on windows (d29da8f50220042dd5c7bb6155fa1d5a)] -> xpath: //div[@data-cy='title-recipe']], [[ChromeDriver: chrome on windows (d29da8f50220042dd5c7bb6155fa1d5a)] -> xpath: //div[@data-cy='title-recipe']], [[ChromeDriver: chrome on windows (d29da8f50220042dd5c7bb6155fa1d5a)] -> xpath: //div[@data-cy='title-recipe']], [[ChromeDriver: chrome on windows (d29da8f50220042dd5c7bb6155fa1d5a)] -> xpath: //div[@data-cy='title-recipe']], [[ChromeDriver: chrome on windows (d29da8f50220042dd5c7bb6155fa1d5a)] -> xpath: //div[@data-cy='title-recipe']]] from the safeFindElements method
21:06:28 [TestNG-test-Test-1] INFO  verifyingDisplayTypeFilterFunctionality_Tablet_21-03-49 - [verifyingDisplayTypeFilterFunctionality_Tablet_21-03-49] Within productNameListingPage loop in applyFilterAndValidateProductsWithResult
21:06:28 [TestNG-test-Test-1] INFO  verifyingDisplayTypeFilterFunctionality_Tablet_21-03-49 - [verifyingDisplayTypeFilterFunctionality_Tablet_21-03-49] Within getProductByIndex method
21:06:28 [TestNG-test-Test-1] INFO  verifyingDisplayTypeFilterFunctionality_Tablet_21-03-49 - [verifyingDisplayTypeFilterFunctionality_Tablet_21-03-49] Within safeFindElement method
21:06:28 [TestNG-test-Test-1] INFO  verifyingDisplayTypeFilterFunctionality_Tablet_21-03-49 - [verifyingDisplayTypeFilterFunctionality_Tablet_21-03-49]Found the element returning it ,element ->[[ChromeDriver: chrome on windows (d29da8f50220042dd5c7bb6155fa1d5a)] -> xpath: (//div[@data-cy='title-recipe'])[4]]
21:06:28 [TestNG-test-Test-1] INFO  verifyingDisplayTypeFilterFunctionality_Tablet_21-03-49 - [verifyingDisplayTypeFilterFunctionality_Tablet_21-03-49] Within getProductByIndex method
21:06:28 [TestNG-test-Test-1] INFO  verifyingDisplayTypeFilterFunctionality_Tablet_21-03-49 - [verifyingDisplayTypeFilterFunctionality_Tablet_21-03-49] Within smoothScrollToElement method
21:06:28 [TestNG-test-Test-1] INFO  verifyingDisplayTypeFilterFunctionality_Tablet_21-03-49 - [verifyingDisplayTypeFilterFunctionality_Tablet_21-03-49] Within safeFindElement method
21:06:28 [TestNG-test-Test-1] INFO  verifyingDisplayTypeFilterFunctionality_Tablet_21-03-49 - [verifyingDisplayTypeFilterFunctionality_Tablet_21-03-49]Found the element returning it ,element ->[[ChromeDriver: chrome on windows (d29da8f50220042dd5c7bb6155fa1d5a)] -> xpath: (//div[@data-cy='title-recipe'])[4]]
21:06:28 [TestNG-test-Test-1] INFO  verifyingDisplayTypeFilterFunctionality_Tablet_21-03-49 - [verifyingDisplayTypeFilterFunctionality_Tablet_21-03-49] Successfully scrolled to element: By.xpath: (//div[@data-cy='title-recipe'])[4]
21:06:28 [TestNG-test-Test-1] INFO  verifyingDisplayTypeFilterFunctionality_Tablet_21-03-49 - [verifyingDisplayTypeFilterFunctionality_Tablet_21-03-49] Getting product by index in productNameListingPage loop
21:06:29 [TestNG-test-Test-1] INFO  verifyingDisplayTypeFilterFunctionality_Tablet_21-03-49 - [verifyingDisplayTypeFilterFunctionality_Tablet_21-03-49] Opened product in new tab via Ctrl+Click inside productNameListingPage loop
21:06:29 [TestNG-test-Test-1] INFO  verifyingDisplayTypeFilterFunctionality_Tablet_21-03-49 - [verifyingDisplayTypeFilterFunctionality_Tablet_21-03-49] Waiting for new window to open...
21:06:29 [TestNG-test-Test-1] INFO  verifyingDisplayTypeFilterFunctionality_Tablet_21-03-49 - [verifyingDisplayTypeFilterFunctionality_Tablet_21-03-49] Switched to new window -> 664026846775EC492D72B2CB16E4BC74
21:06:29 [TestNG-test-Test-1] INFO  verifyingDisplayTypeFilterFunctionality_Tablet_21-03-49 - [verifyingDisplayTypeFilterFunctionality_Tablet_21-03-49] Swithcing to the new window  within productNameListingPage loop
21:06:29 [TestNG-test-Test-1] INFO  verifyingDisplayTypeFilterFunctionality_Tablet_21-03-49 - [verifyingDisplayTypeFilterFunctionality_Tablet_21-03-49] Clicked product name to open in new tab from productNameListingPage loop
21:06:29 [TestNG-test-Test-1] INFO  verifyingDisplayTypeFilterFunctionality_Tablet_21-03-49 - [verifyingDisplayTypeFilterFunctionality_Tablet_21-03-49] Waiting until element is visible in viewport
21:06:32 [TestNG-test-Test-1] INFO  verifyingDisplayTypeFilterFunctionality_Tablet_21-03-49 - [verifyingDisplayTypeFilterFunctionality_Tablet_21-03-49] Within safeFindElement method
21:06:32 [TestNG-test-Test-1] INFO  verifyingDisplayTypeFilterFunctionality_Tablet_21-03-49 - [verifyingDisplayTypeFilterFunctionality_Tablet_21-03-49]Found the element returning it ,element ->[[ChromeDriver: chrome on windows (d29da8f50220042dd5c7bb6155fa1d5a)] -> xpath: //span[@id='productTitle']]
21:06:32 [TestNG-test-Test-1] INFO  verifyingDisplayTypeFilterFunctionality_Tablet_21-03-49 - [verifyingDisplayTypeFilterFunctionality_Tablet_21-03-49] Within safeFindElement method
21:06:32 [TestNG-test-Test-1] INFO  verifyingDisplayTypeFilterFunctionality_Tablet_21-03-49 - [verifyingDisplayTypeFilterFunctionality_Tablet_21-03-49]Found the element returning it ,element ->[[ChromeDriver: chrome on windows (d29da8f50220042dd5c7bb6155fa1d5a)] -> xpath: //div[@class='a-section a-spacing-small a-spacing-top-small']]
21:06:32 [TestNG-test-Test-1] INFO  verifyingDisplayTypeFilterFunctionality_Tablet_21-03-49 - [verifyingDisplayTypeFilterFunctionality_Tablet_21-03-49] Within safeFindElement method
21:06:33 [TestNG-test-Test-1] INFO  verifyingDisplayTypeFilterFunctionality_Tablet_21-03-49 - [verifyingDisplayTypeFilterFunctionality_Tablet_21-03-49]Found the element returning it ,element ->[[ChromeDriver: chrome on windows (d29da8f50220042dd5c7bb6155fa1d5a)] -> xpath: //div[@id='feature-bullets']]
21:06:33 [TestNG-test-Test-1] INFO  verifyingDisplayTypeFilterFunctionality_Tablet_21-03-49 - [verifyingDisplayTypeFilterFunctionality_Tablet_21-03-49] Within safeFindElement method
21:06:33 [TestNG-test-Test-1] INFO  verifyingDisplayTypeFilterFunctionality_Tablet_21-03-49 - [verifyingDisplayTypeFilterFunctionality_Tablet_21-03-49]Found the element returning it ,element ->[[ChromeDriver: chrome on windows (d29da8f50220042dd5c7bb6155fa1d5a)] -> xpath: //div[@id='prodDetails']]
21:06:33 [TestNG-test-Test-1] INFO  verifyingDisplayTypeFilterFunctionality_Tablet_21-03-49 - [verifyingDisplayTypeFilterFunctionality_Tablet_21-03-49] Extracting 'name' , 'keyFeatures', 'about' , 'techDetails' within productNameListingPage loop
21:06:33 [TestNG-test-Test-1] INFO  verifyingDisplayTypeFilterFunctionality_Tablet_21-03-49 - [verifyingDisplayTypeFilterFunctionality_Tablet_21-03-49] Waiting until element is visible in viewport
21:06:43 [TestNG-test-Test-1] INFO  verifyingDisplayTypeFilterFunctionality_Tablet_21-03-49 - [verifyingDisplayTypeFilterFunctionality_Tablet_21-03-49] Within smoothScrollToElement method
21:06:43 [TestNG-test-Test-1] INFO  verifyingDisplayTypeFilterFunctionality_Tablet_21-03-49 - [verifyingDisplayTypeFilterFunctionality_Tablet_21-03-49] Within safeFindElement method
21:06:43 [TestNG-test-Test-1] INFO  verifyingDisplayTypeFilterFunctionality_Tablet_21-03-49 - [verifyingDisplayTypeFilterFunctionality_Tablet_21-03-49]Found the element returning it ,element ->[[ChromeDriver: chrome on windows (d29da8f50220042dd5c7bb6155fa1d5a)] -> xpath: //a[@id='seeMoreDetailsLink']]
21:06:43 [TestNG-test-Test-1] INFO  verifyingDisplayTypeFilterFunctionality_Tablet_21-03-49 - [verifyingDisplayTypeFilterFunctionality_Tablet_21-03-49] Successfully scrolled to element: By.xpath: //a[@id='seeMoreDetailsLink']
21:06:43 [TestNG-test-Test-1] INFO  verifyingDisplayTypeFilterFunctionality_Tablet_21-03-49 - [verifyingDisplayTypeFilterFunctionality_Tablet_21-03-49] Within safeClick method
21:06:44 [TestNG-test-Test-1] INFO  verifyingDisplayTypeFilterFunctionality_Tablet_21-03-49 - [verifyingDisplayTypeFilterFunctionality_Tablet_21-03-49] Clicked the  [[ChromeDriver: chrome on windows (d29da8f50220042dd5c7bb6155fa1d5a)] -> xpath: //a[@id='seeMoreDetailsLink']]   using safeClick
21:06:44 [TestNG-test-Test-1] INFO  verifyingDisplayTypeFilterFunctionality_Tablet_21-03-49 - [verifyingDisplayTypeFilterFunctionality_Tablet_21-03-49] Within try block for clicking see more deatils within productNameListingPage loop
21:06:44 [TestNG-test-Test-1] INFO  verifyingDisplayTypeFilterFunctionality_Tablet_21-03-49 - [verifyingDisplayTypeFilterFunctionality_Tablet_21-03-49] Within closeCurrentWindowAndSwitchBack method
21:06:44 [TestNG-test-Test-1] INFO  verifyingDisplayTypeFilterFunctionality_Tablet_21-03-49 - [verifyingDisplayTypeFilterFunctionality_Tablet_21-03-49] Total open windows/tabs count -> 2
21:06:44 [TestNG-test-Test-1] INFO  verifyingDisplayTypeFilterFunctionality_Tablet_21-03-49 - [verifyingDisplayTypeFilterFunctionality_Tablet_21-03-49] Original window handle -> 010E3A3AD5DF7B279A27341D797C4235
21:06:44 [TestNG-test-Test-1] INFO  verifyingDisplayTypeFilterFunctionality_Tablet_21-03-49 - [verifyingDisplayTypeFilterFunctionality_Tablet_21-03-49] Found new tab/window handle -> 664026846775EC492D72B2CB16E4BC74 (will be closed)
21:06:44 [TestNG-test-Test-1] INFO  verifyingDisplayTypeFilterFunctionality_Tablet_21-03-49 - [verifyingDisplayTypeFilterFunctionality_Tablet_21-03-49] Successfully switched to new tab/window -> 664026846775EC492D72B2CB16E4BC74
21:06:44 [TestNG-test-Test-1] INFO  verifyingDisplayTypeFilterFunctionality_Tablet_21-03-49 - [verifyingDisplayTypeFilterFunctionality_Tablet_21-03-49] Closed the newly opened tab/window -> 664026846775EC492D72B2CB16E4BC74
21:06:45 [TestNG-test-Test-1] INFO  verifyingDisplayTypeFilterFunctionality_Tablet_21-03-49 - [verifyingDisplayTypeFilterFunctionality_Tablet_21-03-49] Switched back to the original window -> 010E3A3AD5DF7B279A27341D797C4235
21:06:45 [TestNG-test-Test-1] INFO  verifyingDisplayTypeFilterFunctionality_Tablet_21-03-49 - [verifyingDisplayTypeFilterFunctionality_Tablet_21-03-49]  going back to product listing via closeCurrentWindowAndSwitchBack 
21:06:45 [TestNG-test-Test-1] INFO  verifyingDisplayTypeFilterFunctionality_Tablet_21-03-49 - [verifyingDisplayTypeFilterFunctionality_Tablet_21-03-49]  Added 'filter','title','keyFeatures', 'about', 'techDetails' into the Map -> productResult
21:06:45 [TestNG-test-Test-1] INFO  verifyingDisplayTypeFilterFunctionality_Tablet_21-03-49 - [verifyingDisplayTypeFilterFunctionality_Tablet_21-03-49]  Added 'productResult' Map into the 'results' i.e list of maps 
21:06:45 [TestNG-test-Test-1] INFO  verifyingDisplayTypeFilterFunctionality_Tablet_21-03-49 - [verifyingDisplayTypeFilterFunctionality_Tablet_21-03-49]==========================================================================================================
21:06:45 [TestNG-test-Test-1] INFO  verifyingDisplayTypeFilterFunctionality_Tablet_21-03-49 - [verifyingDisplayTypeFilterFunctionality_Tablet_21-03-49] Within safeFindElements 
21:06:45 [TestNG-test-Test-1] INFO  verifyingDisplayTypeFilterFunctionality_Tablet_21-03-49 - [verifyingDisplayTypeFilterFunctionality_Tablet_21-03-49] Returning the  [[[ChromeDriver: chrome on windows (d29da8f50220042dd5c7bb6155fa1d5a)] -> xpath: //div[@data-cy='title-recipe']], [[ChromeDriver: chrome on windows (d29da8f50220042dd5c7bb6155fa1d5a)] -> xpath: //div[@data-cy='title-recipe']], [[ChromeDriver: chrome on windows (d29da8f50220042dd5c7bb6155fa1d5a)] -> xpath: //div[@data-cy='title-recipe']], [[ChromeDriver: chrome on windows (d29da8f50220042dd5c7bb6155fa1d5a)] -> xpath: //div[@data-cy='title-recipe']], [[ChromeDriver: chrome on windows (d29da8f50220042dd5c7bb6155fa1d5a)] -> xpath: //div[@data-cy='title-recipe']], [[ChromeDriver: chrome on windows (d29da8f50220042dd5c7bb6155fa1d5a)] -> xpath: //div[@data-cy='title-recipe']], [[ChromeDriver: chrome on windows (d29da8f50220042dd5c7bb6155fa1d5a)] -> xpath: //div[@data-cy='title-recipe']], [[ChromeDriver: chrome on windows (d29da8f50220042dd5c7bb6155fa1d5a)] -> xpath: //div[@data-cy='title-recipe']], [[ChromeDriver: chrome on windows (d29da8f50220042dd5c7bb6155fa1d5a)] -> xpath: //div[@data-cy='title-recipe']], [[ChromeDriver: chrome on windows (d29da8f50220042dd5c7bb6155fa1d5a)] -> xpath: //div[@data-cy='title-recipe']], [[ChromeDriver: chrome on windows (d29da8f50220042dd5c7bb6155fa1d5a)] -> xpath: //div[@data-cy='title-recipe']], [[ChromeDriver: chrome on windows (d29da8f50220042dd5c7bb6155fa1d5a)] -> xpath: //div[@data-cy='title-recipe']], [[ChromeDriver: chrome on windows (d29da8f50220042dd5c7bb6155fa1d5a)] -> xpath: //div[@data-cy='title-recipe']], [[ChromeDriver: chrome on windows (d29da8f50220042dd5c7bb6155fa1d5a)] -> xpath: //div[@data-cy='title-recipe']], [[ChromeDriver: chrome on windows (d29da8f50220042dd5c7bb6155fa1d5a)] -> xpath: //div[@data-cy='title-recipe']], [[ChromeDriver: chrome on windows (d29da8f50220042dd5c7bb6155fa1d5a)] -> xpath: //div[@data-cy='title-recipe']]] from the safeFindElements method
21:06:45 [TestNG-test-Test-1] INFO  verifyingDisplayTypeFilterFunctionality_Tablet_21-03-49 - [verifyingDisplayTypeFilterFunctionality_Tablet_21-03-49] Within productNameListingPage loop in applyFilterAndValidateProductsWithResult
21:06:45 [TestNG-test-Test-1] INFO  verifyingDisplayTypeFilterFunctionality_Tablet_21-03-49 - [verifyingDisplayTypeFilterFunctionality_Tablet_21-03-49] Within getProductByIndex method
21:06:45 [TestNG-test-Test-1] INFO  verifyingDisplayTypeFilterFunctionality_Tablet_21-03-49 - [verifyingDisplayTypeFilterFunctionality_Tablet_21-03-49] Within safeFindElement method
21:06:45 [TestNG-test-Test-1] INFO  verifyingDisplayTypeFilterFunctionality_Tablet_21-03-49 - [verifyingDisplayTypeFilterFunctionality_Tablet_21-03-49]Found the element returning it ,element ->[[ChromeDriver: chrome on windows (d29da8f50220042dd5c7bb6155fa1d5a)] -> xpath: (//div[@data-cy='title-recipe'])[5]]
21:06:45 [TestNG-test-Test-1] INFO  verifyingDisplayTypeFilterFunctionality_Tablet_21-03-49 - [verifyingDisplayTypeFilterFunctionality_Tablet_21-03-49] Within getProductByIndex method
21:06:45 [TestNG-test-Test-1] INFO  verifyingDisplayTypeFilterFunctionality_Tablet_21-03-49 - [verifyingDisplayTypeFilterFunctionality_Tablet_21-03-49] Within smoothScrollToElement method
21:06:45 [TestNG-test-Test-1] INFO  verifyingDisplayTypeFilterFunctionality_Tablet_21-03-49 - [verifyingDisplayTypeFilterFunctionality_Tablet_21-03-49] Within safeFindElement method
21:06:45 [TestNG-test-Test-1] INFO  verifyingDisplayTypeFilterFunctionality_Tablet_21-03-49 - [verifyingDisplayTypeFilterFunctionality_Tablet_21-03-49]Found the element returning it ,element ->[[ChromeDriver: chrome on windows (d29da8f50220042dd5c7bb6155fa1d5a)] -> xpath: (//div[@data-cy='title-recipe'])[5]]
21:06:45 [TestNG-test-Test-1] INFO  verifyingDisplayTypeFilterFunctionality_Tablet_21-03-49 - [verifyingDisplayTypeFilterFunctionality_Tablet_21-03-49] Successfully scrolled to element: By.xpath: (//div[@data-cy='title-recipe'])[5]
21:06:45 [TestNG-test-Test-1] INFO  verifyingDisplayTypeFilterFunctionality_Tablet_21-03-49 - [verifyingDisplayTypeFilterFunctionality_Tablet_21-03-49] Getting product by index in productNameListingPage loop
21:06:45 [TestNG-test-Test-1] INFO  verifyingDisplayTypeFilterFunctionality_Tablet_21-03-49 - [verifyingDisplayTypeFilterFunctionality_Tablet_21-03-49] Opened product in new tab via Ctrl+Click inside productNameListingPage loop
21:06:45 [TestNG-test-Test-1] INFO  verifyingDisplayTypeFilterFunctionality_Tablet_21-03-49 - [verifyingDisplayTypeFilterFunctionality_Tablet_21-03-49] Waiting for new window to open...
21:06:45 [TestNG-test-Test-1] INFO  verifyingDisplayTypeFilterFunctionality_Tablet_21-03-49 - [verifyingDisplayTypeFilterFunctionality_Tablet_21-03-49] Switched to new window -> EB6F930367127616D5EE711E5ECE3FFF
21:06:45 [TestNG-test-Test-1] INFO  verifyingDisplayTypeFilterFunctionality_Tablet_21-03-49 - [verifyingDisplayTypeFilterFunctionality_Tablet_21-03-49] Swithcing to the new window  within productNameListingPage loop
21:06:45 [TestNG-test-Test-1] INFO  verifyingDisplayTypeFilterFunctionality_Tablet_21-03-49 - [verifyingDisplayTypeFilterFunctionality_Tablet_21-03-49] Clicked product name to open in new tab from productNameListingPage loop
21:06:45 [TestNG-test-Test-1] INFO  verifyingDisplayTypeFilterFunctionality_Tablet_21-03-49 - [verifyingDisplayTypeFilterFunctionality_Tablet_21-03-49] Waiting until element is visible in viewport
21:06:49 [TestNG-test-Test-1] WARN  verifyingDisplayTypeFilterFunctionality_Tablet_21-03-49 - [verifyingDisplayTypeFilterFunctionality_Tablet_21-03-49] Product detail page did not load for index 5 filter 'LCD'; skipping detail scrape to avoid redundant retries/timeouts
21:06:49 [TestNG-test-Test-1] INFO  verifyingDisplayTypeFilterFunctionality_Tablet_21-03-49 - [verifyingDisplayTypeFilterFunctionality_Tablet_21-03-49] Within closeCurrentWindowAndSwitchBack method
21:06:49 [TestNG-test-Test-1] INFO  verifyingDisplayTypeFilterFunctionality_Tablet_21-03-49 - [verifyingDisplayTypeFilterFunctionality_Tablet_21-03-49] Total open windows/tabs count -> 2
21:06:49 [TestNG-test-Test-1] INFO  verifyingDisplayTypeFilterFunctionality_Tablet_21-03-49 - [verifyingDisplayTypeFilterFunctionality_Tablet_21-03-49] Original window handle -> 010E3A3AD5DF7B279A27341D797C4235
21:06:49 [TestNG-test-Test-1] INFO  verifyingDisplayTypeFilterFunctionality_Tablet_21-03-49 - [verifyingDisplayTypeFilterFunctionality_Tablet_21-03-49] Found new tab/window handle -> EB6F930367127616D5EE711E5ECE3FFF (will be closed)
21:06:49 [TestNG-test-Test-1] INFO  verifyingDisplayTypeFilterFunctionality_Tablet_21-03-49 - [verifyingDisplayTypeFilterFunctionality_Tablet_21-03-49] Successfully switched to new tab/window -> EB6F930367127616D5EE711E5ECE3FFF
21:06:49 [TestNG-test-Test-1] INFO  verifyingDisplayTypeFilterFunctionality_Tablet_21-03-49 - [verifyingDisplayTypeFilterFunctionality_Tablet_21-03-49] Closed the newly opened tab/window -> EB6F930367127616D5EE711E5ECE3FFF
21:06:49 [TestNG-test-Test-1] INFO  verifyingDisplayTypeFilterFunctionality_Tablet_21-03-49 - [verifyingDisplayTypeFilterFunctionality_Tablet_21-03-49] Switched back to the original window -> 010E3A3AD5DF7B279A27341D797C4235
21:06:49 [TestNG-test-Test-1] INFO  verifyingDisplayTypeFilterFunctionality_Tablet_21-03-49 - [verifyingDisplayTypeFilterFunctionality_Tablet_21-03-49]  going back to product listing via closeCurrentWindowAndSwitchBack 
21:06:49 [TestNG-test-Test-1] INFO  verifyingDisplayTypeFilterFunctionality_Tablet_21-03-49 - [verifyingDisplayTypeFilterFunctionality_Tablet_21-03-49]  Added 'filter','title','keyFeatures', 'about', 'techDetails' into the Map -> productResult
21:06:49 [TestNG-test-Test-1] INFO  verifyingDisplayTypeFilterFunctionality_Tablet_21-03-49 - [verifyingDisplayTypeFilterFunctionality_Tablet_21-03-49]  Added 'productResult' Map into the 'results' i.e list of maps 
21:06:49 [TestNG-test-Test-1] INFO  verifyingDisplayTypeFilterFunctionality_Tablet_21-03-49 - [verifyingDisplayTypeFilterFunctionality_Tablet_21-03-49]==========================================================================================================
21:06:49 [TestNG-test-Test-1] INFO  verifyingDisplayTypeFilterFunctionality_Tablet_21-03-49 - [verifyingDisplayTypeFilterFunctionality_Tablet_21-03-49] Within safeFindElements 
21:06:49 [TestNG-test-Test-1] INFO  verifyingDisplayTypeFilterFunctionality_Tablet_21-03-49 - [verifyingDisplayTypeFilterFunctionality_Tablet_21-03-49] Returning the  [[[ChromeDriver: chrome on windows (d29da8f50220042dd5c7bb6155fa1d5a)] -> xpath: //div[@data-cy='title-recipe']], [[ChromeDriver: chrome on windows (d29da8f50220042dd5c7bb6155fa1d5a)] -> xpath: //div[@data-cy='title-recipe']], [[ChromeDriver: chrome on windows (d29da8f50220042dd5c7bb6155fa1d5a)] -> xpath: //div[@data-cy='title-recipe']], [[ChromeDriver: chrome on windows (d29da8f50220042dd5c7bb6155fa1d5a)] -> xpath: //div[@data-cy='title-recipe']], [[ChromeDriver: chrome on windows (d29da8f50220042dd5c7bb6155fa1d5a)] -> xpath: //div[@data-cy='title-recipe']], [[ChromeDriver: chrome on windows (d29da8f50220042dd5c7bb6155fa1d5a)] -> xpath: //div[@data-cy='title-recipe']], [[ChromeDriver: chrome on windows (d29da8f50220042dd5c7bb6155fa1d5a)] -> xpath: //div[@data-cy='title-recipe']], [[ChromeDriver: chrome on windows (d29da8f50220042dd5c7bb6155fa1d5a)] -> xpath: //div[@data-cy='title-recipe']], [[ChromeDriver: chrome on windows (d29da8f50220042dd5c7bb6155fa1d5a)] -> xpath: //div[@data-cy='title-recipe']], [[ChromeDriver: chrome on windows (d29da8f50220042dd5c7bb6155fa1d5a)] -> xpath: //div[@data-cy='title-recipe']], [[ChromeDriver: chrome on windows (d29da8f50220042dd5c7bb6155fa1d5a)] -> xpath: //div[@data-cy='title-recipe']], [[ChromeDriver: chrome on windows (d29da8f50220042dd5c7bb6155fa1d5a)] -> xpath: //div[@data-cy='title-recipe']], [[ChromeDriver: chrome on windows (d29da8f50220042dd5c7bb6155fa1d5a)] -> xpath: //div[@data-cy='title-recipe']], [[ChromeDriver: chrome on windows (d29da8f50220042dd5c7bb6155fa1d5a)] -> xpath: //div[@data-cy='title-recipe']], [[ChromeDriver: chrome on windows (d29da8f50220042dd5c7bb6155fa1d5a)] -> xpath: //div[@data-cy='title-recipe']], [[ChromeDriver: chrome on windows (d29da8f50220042dd5c7bb6155fa1d5a)] -> xpath: //div[@data-cy='title-recipe']]] from the safeFindElements method
21:06:49 [TestNG-test-Test-1] INFO  verifyingDisplayTypeFilterFunctionality_Tablet_21-03-49 - [verifyingDisplayTypeFilterFunctionality_Tablet_21-03-49] Within productNameListingPage loop in applyFilterAndValidateProductsWithResult
21:06:49 [TestNG-test-Test-1] INFO  verifyingDisplayTypeFilterFunctionality_Tablet_21-03-49 - [verifyingDisplayTypeFilterFunctionality_Tablet_21-03-49] Within getProductByIndex method
21:06:49 [TestNG-test-Test-1] INFO  verifyingDisplayTypeFilterFunctionality_Tablet_21-03-49 - [verifyingDisplayTypeFilterFunctionality_Tablet_21-03-49] Within safeFindElement method
21:06:49 [TestNG-test-Test-1] INFO  verifyingDisplayTypeFilterFunctionality_Tablet_21-03-49 - [verifyingDisplayTypeFilterFunctionality_Tablet_21-03-49]Found the element returning it ,element ->[[ChromeDriver: chrome on windows (d29da8f50220042dd5c7bb6155fa1d5a)] -> xpath: (//div[@data-cy='title-recipe'])[6]]
21:06:49 [TestNG-test-Test-1] INFO  verifyingDisplayTypeFilterFunctionality_Tablet_21-03-49 - [verifyingDisplayTypeFilterFunctionality_Tablet_21-03-49] Within getProductByIndex method
21:06:49 [TestNG-test-Test-1] INFO  verifyingDisplayTypeFilterFunctionality_Tablet_21-03-49 - [verifyingDisplayTypeFilterFunctionality_Tablet_21-03-49] Within smoothScrollToElement method
21:06:49 [TestNG-test-Test-1] INFO  verifyingDisplayTypeFilterFunctionality_Tablet_21-03-49 - [verifyingDisplayTypeFilterFunctionality_Tablet_21-03-49] Within safeFindElement method
21:06:49 [TestNG-test-Test-1] INFO  verifyingDisplayTypeFilterFunctionality_Tablet_21-03-49 - [verifyingDisplayTypeFilterFunctionality_Tablet_21-03-49]Found the element returning it ,element ->[[ChromeDriver: chrome on windows (d29da8f50220042dd5c7bb6155fa1d5a)] -> xpath: (//div[@data-cy='title-recipe'])[6]]
21:06:49 [TestNG-test-Test-1] INFO  verifyingDisplayTypeFilterFunctionality_Tablet_21-03-49 - [verifyingDisplayTypeFilterFunctionality_Tablet_21-03-49] Successfully scrolled to element: By.xpath: (//div[@data-cy='title-recipe'])[6]
21:06:49 [TestNG-test-Test-1] INFO  verifyingDisplayTypeFilterFunctionality_Tablet_21-03-49 - [verifyingDisplayTypeFilterFunctionality_Tablet_21-03-49] Getting product by index in productNameListingPage loop
21:06:50 [TestNG-test-Test-1] INFO  verifyingDisplayTypeFilterFunctionality_Tablet_21-03-49 - [verifyingDisplayTypeFilterFunctionality_Tablet_21-03-49] Opened product in new tab via Ctrl+Click inside productNameListingPage loop
21:06:50 [TestNG-test-Test-1] INFO  verifyingDisplayTypeFilterFunctionality_Tablet_21-03-49 - [verifyingDisplayTypeFilterFunctionality_Tablet_21-03-49] Waiting for new window to open...
21:06:50 [TestNG-test-Test-1] INFO  verifyingDisplayTypeFilterFunctionality_Tablet_21-03-49 - [verifyingDisplayTypeFilterFunctionality_Tablet_21-03-49] Switched to new window -> A7D9CE1FC712E93C13B5C60F0A263729
21:06:50 [TestNG-test-Test-1] INFO  verifyingDisplayTypeFilterFunctionality_Tablet_21-03-49 - [verifyingDisplayTypeFilterFunctionality_Tablet_21-03-49] Swithcing to the new window  within productNameListingPage loop
21:06:50 [TestNG-test-Test-1] INFO  verifyingDisplayTypeFilterFunctionality_Tablet_21-03-49 - [verifyingDisplayTypeFilterFunctionality_Tablet_21-03-49] Clicked product name to open in new tab from productNameListingPage loop
21:06:50 [TestNG-test-Test-1] INFO  verifyingDisplayTypeFilterFunctionality_Tablet_21-03-49 - [verifyingDisplayTypeFilterFunctionality_Tablet_21-03-49] Waiting until element is visible in viewport
21:06:52 [TestNG-test-Test-1] INFO  verifyingDisplayTypeFilterFunctionality_Tablet_21-03-49 - [verifyingDisplayTypeFilterFunctionality_Tablet_21-03-49] Within safeFindElement method
21:06:53 [TestNG-test-Test-1] INFO  verifyingDisplayTypeFilterFunctionality_Tablet_21-03-49 - [verifyingDisplayTypeFilterFunctionality_Tablet_21-03-49]Found the element returning it ,element ->[[ChromeDriver: chrome on windows (d29da8f50220042dd5c7bb6155fa1d5a)] -> xpath: //span[@id='productTitle']]
21:06:53 [TestNG-test-Test-1] INFO  verifyingDisplayTypeFilterFunctionality_Tablet_21-03-49 - [verifyingDisplayTypeFilterFunctionality_Tablet_21-03-49] Within safeFindElement method
21:06:53 [TestNG-test-Test-1] INFO  verifyingDisplayTypeFilterFunctionality_Tablet_21-03-49 - [verifyingDisplayTypeFilterFunctionality_Tablet_21-03-49]Found the element returning it ,element ->[[ChromeDriver: chrome on windows (d29da8f50220042dd5c7bb6155fa1d5a)] -> xpath: //div[@class='a-section a-spacing-small a-spacing-top-small']]
21:06:53 [TestNG-test-Test-1] INFO  verifyingDisplayTypeFilterFunctionality_Tablet_21-03-49 - [verifyingDisplayTypeFilterFunctionality_Tablet_21-03-49] Within safeFindElement method
21:06:53 [TestNG-test-Test-1] INFO  verifyingDisplayTypeFilterFunctionality_Tablet_21-03-49 - [verifyingDisplayTypeFilterFunctionality_Tablet_21-03-49]Found the element returning it ,element ->[[ChromeDriver: chrome on windows (d29da8f50220042dd5c7bb6155fa1d5a)] -> xpath: //div[@id='feature-bullets']]
21:06:53 [TestNG-test-Test-1] INFO  verifyingDisplayTypeFilterFunctionality_Tablet_21-03-49 - [verifyingDisplayTypeFilterFunctionality_Tablet_21-03-49] Within safeFindElement method
21:06:53 [TestNG-test-Test-1] INFO  verifyingDisplayTypeFilterFunctionality_Tablet_21-03-49 - [verifyingDisplayTypeFilterFunctionality_Tablet_21-03-49]Found the element returning it ,element ->[[ChromeDriver: chrome on windows (d29da8f50220042dd5c7bb6155fa1d5a)] -> xpath: //div[@id='prodDetails']]
21:06:53 [TestNG-test-Test-1] INFO  verifyingDisplayTypeFilterFunctionality_Tablet_21-03-49 - [verifyingDisplayTypeFilterFunctionality_Tablet_21-03-49] Extracting 'name' , 'keyFeatures', 'about' , 'techDetails' within productNameListingPage loop
21:06:53 [TestNG-test-Test-1] INFO  verifyingDisplayTypeFilterFunctionality_Tablet_21-03-49 - [verifyingDisplayTypeFilterFunctionality_Tablet_21-03-49] Waiting until element is visible in viewport
21:07:03 [TestNG-test-Test-1] INFO  verifyingDisplayTypeFilterFunctionality_Tablet_21-03-49 - [verifyingDisplayTypeFilterFunctionality_Tablet_21-03-49] Within smoothScrollToElement method
21:07:03 [TestNG-test-Test-1] INFO  verifyingDisplayTypeFilterFunctionality_Tablet_21-03-49 - [verifyingDisplayTypeFilterFunctionality_Tablet_21-03-49] Within safeFindElement method
21:07:03 [TestNG-test-Test-1] INFO  verifyingDisplayTypeFilterFunctionality_Tablet_21-03-49 - [verifyingDisplayTypeFilterFunctionality_Tablet_21-03-49]Found the element returning it ,element ->[[ChromeDriver: chrome on windows (d29da8f50220042dd5c7bb6155fa1d5a)] -> xpath: //a[@id='seeMoreDetailsLink']]
21:07:04 [TestNG-test-Test-1] INFO  verifyingDisplayTypeFilterFunctionality_Tablet_21-03-49 - [verifyingDisplayTypeFilterFunctionality_Tablet_21-03-49] Successfully scrolled to element: By.xpath: //a[@id='seeMoreDetailsLink']
21:07:04 [TestNG-test-Test-1] INFO  verifyingDisplayTypeFilterFunctionality_Tablet_21-03-49 - [verifyingDisplayTypeFilterFunctionality_Tablet_21-03-49] Within safeClick method
21:07:04 [TestNG-test-Test-1] INFO  verifyingDisplayTypeFilterFunctionality_Tablet_21-03-49 - [verifyingDisplayTypeFilterFunctionality_Tablet_21-03-49] Clicked the  [[ChromeDriver: chrome on windows (d29da8f50220042dd5c7bb6155fa1d5a)] -> xpath: //a[@id='seeMoreDetailsLink']]   using safeClick
21:07:04 [TestNG-test-Test-1] INFO  verifyingDisplayTypeFilterFunctionality_Tablet_21-03-49 - [verifyingDisplayTypeFilterFunctionality_Tablet_21-03-49] Within try block for clicking see more deatils within productNameListingPage loop
21:07:04 [TestNG-test-Test-1] INFO  verifyingDisplayTypeFilterFunctionality_Tablet_21-03-49 - [verifyingDisplayTypeFilterFunctionality_Tablet_21-03-49] Within closeCurrentWindowAndSwitchBack method
21:07:04 [TestNG-test-Test-1] INFO  verifyingDisplayTypeFilterFunctionality_Tablet_21-03-49 - [verifyingDisplayTypeFilterFunctionality_Tablet_21-03-49] Total open windows/tabs count -> 2
21:07:04 [TestNG-test-Test-1] INFO  verifyingDisplayTypeFilterFunctionality_Tablet_21-03-49 - [verifyingDisplayTypeFilterFunctionality_Tablet_21-03-49] Original window handle -> 010E3A3AD5DF7B279A27341D797C4235
21:07:04 [TestNG-test-Test-1] INFO  verifyingDisplayTypeFilterFunctionality_Tablet_21-03-49 - [verifyingDisplayTypeFilterFunctionality_Tablet_21-03-49] Found new tab/window handle -> A7D9CE1FC712E93C13B5C60F0A263729 (will be closed)
21:07:04 [TestNG-test-Test-1] INFO  verifyingDisplayTypeFilterFunctionality_Tablet_21-03-49 - [verifyingDisplayTypeFilterFunctionality_Tablet_21-03-49] Successfully switched to new tab/window -> A7D9CE1FC712E93C13B5C60F0A263729
21:07:05 [TestNG-test-Test-1] INFO  verifyingDisplayTypeFilterFunctionality_Tablet_21-03-49 - [verifyingDisplayTypeFilterFunctionality_Tablet_21-03-49] Closed the newly opened tab/window -> A7D9CE1FC712E93C13B5C60F0A263729
21:07:05 [TestNG-test-Test-1] INFO  verifyingDisplayTypeFilterFunctionality_Tablet_21-03-49 - [verifyingDisplayTypeFilterFunctionality_Tablet_21-03-49] Switched back to the original window -> 010E3A3AD5DF7B279A27341D797C4235
21:07:05 [TestNG-test-Test-1] INFO  verifyingDisplayTypeFilterFunctionality_Tablet_21-03-49 - [verifyingDisplayTypeFilterFunctionality_Tablet_21-03-49]  going back to product listing via closeCurrentWindowAndSwitchBack 
21:07:05 [TestNG-test-Test-1] INFO  verifyingDisplayTypeFilterFunctionality_Tablet_21-03-49 - [verifyingDisplayTypeFilterFunctionality_Tablet_21-03-49]  Added 'filter','title','keyFeatures', 'about', 'techDetails' into the Map -> productResult
21:07:05 [TestNG-test-Test-1] INFO  verifyingDisplayTypeFilterFunctionality_Tablet_21-03-49 - [verifyingDisplayTypeFilterFunctionality_Tablet_21-03-49]  Added 'productResult' Map into the 'results' i.e list of maps 
21:07:05 [TestNG-test-Test-1] INFO  verifyingDisplayTypeFilterFunctionality_Tablet_21-03-49 - [verifyingDisplayTypeFilterFunctionality_Tablet_21-03-49]==========================================================================================================
21:07:05 [TestNG-test-Test-1] INFO  verifyingDisplayTypeFilterFunctionality_Tablet_21-03-49 - [verifyingDisplayTypeFilterFunctionality_Tablet_21-03-49] Within safeFindElements 
21:07:05 [TestNG-test-Test-1] INFO  verifyingDisplayTypeFilterFunctionality_Tablet_21-03-49 - [verifyingDisplayTypeFilterFunctionality_Tablet_21-03-49] Returning the  [[[ChromeDriver: chrome on windows (d29da8f50220042dd5c7bb6155fa1d5a)] -> xpath: //div[@data-cy='title-recipe']], [[ChromeDriver: chrome on windows (d29da8f50220042dd5c7bb6155fa1d5a)] -> xpath: //div[@data-cy='title-recipe']], [[ChromeDriver: chrome on windows (d29da8f50220042dd5c7bb6155fa1d5a)] -> xpath: //div[@data-cy='title-recipe']], [[ChromeDriver: chrome on windows (d29da8f50220042dd5c7bb6155fa1d5a)] -> xpath: //div[@data-cy='title-recipe']], [[ChromeDriver: chrome on windows (d29da8f50220042dd5c7bb6155fa1d5a)] -> xpath: //div[@data-cy='title-recipe']], [[ChromeDriver: chrome on windows (d29da8f50220042dd5c7bb6155fa1d5a)] -> xpath: //div[@data-cy='title-recipe']], [[ChromeDriver: chrome on windows (d29da8f50220042dd5c7bb6155fa1d5a)] -> xpath: //div[@data-cy='title-recipe']], [[ChromeDriver: chrome on windows (d29da8f50220042dd5c7bb6155fa1d5a)] -> xpath: //div[@data-cy='title-recipe']], [[ChromeDriver: chrome on windows (d29da8f50220042dd5c7bb6155fa1d5a)] -> xpath: //div[@data-cy='title-recipe']], [[ChromeDriver: chrome on windows (d29da8f50220042dd5c7bb6155fa1d5a)] -> xpath: //div[@data-cy='title-recipe']], [[ChromeDriver: chrome on windows (d29da8f50220042dd5c7bb6155fa1d5a)] -> xpath: //div[@data-cy='title-recipe']], [[ChromeDriver: chrome on windows (d29da8f50220042dd5c7bb6155fa1d5a)] -> xpath: //div[@data-cy='title-recipe']], [[ChromeDriver: chrome on windows (d29da8f50220042dd5c7bb6155fa1d5a)] -> xpath: //div[@data-cy='title-recipe']], [[ChromeDriver: chrome on windows (d29da8f50220042dd5c7bb6155fa1d5a)] -> xpath: //div[@data-cy='title-recipe']], [[ChromeDriver: chrome on windows (d29da8f50220042dd5c7bb6155fa1d5a)] -> xpath: //div[@data-cy='title-recipe']], [[ChromeDriver: chrome on windows (d29da8f50220042dd5c7bb6155fa1d5a)] -> xpath: //div[@data-cy='title-recipe']]] from the safeFindElements method
21:07:05 [TestNG-test-Test-1] INFO  verifyingDisplayTypeFilterFunctionality_Tablet_21-03-49 - [verifyingDisplayTypeFilterFunctionality_Tablet_21-03-49] Within productNameListingPage loop in applyFilterAndValidateProductsWithResult
21:07:05 [TestNG-test-Test-1] INFO  verifyingDisplayTypeFilterFunctionality_Tablet_21-03-49 - [verifyingDisplayTypeFilterFunctionality_Tablet_21-03-49] Within getProductByIndex method
21:07:05 [TestNG-test-Test-1] INFO  verifyingDisplayTypeFilterFunctionality_Tablet_21-03-49 - [verifyingDisplayTypeFilterFunctionality_Tablet_21-03-49] Within safeFindElement method
21:07:05 [TestNG-test-Test-1] INFO  verifyingDisplayTypeFilterFunctionality_Tablet_21-03-49 - [verifyingDisplayTypeFilterFunctionality_Tablet_21-03-49]Found the element returning it ,element ->[[ChromeDriver: chrome on windows (d29da8f50220042dd5c7bb6155fa1d5a)] -> xpath: (//div[@data-cy='title-recipe'])[7]]
21:07:05 [TestNG-test-Test-1] INFO  verifyingDisplayTypeFilterFunctionality_Tablet_21-03-49 - [verifyingDisplayTypeFilterFunctionality_Tablet_21-03-49] Within getProductByIndex method
21:07:05 [TestNG-test-Test-1] INFO  verifyingDisplayTypeFilterFunctionality_Tablet_21-03-49 - [verifyingDisplayTypeFilterFunctionality_Tablet_21-03-49] Within smoothScrollToElement method
21:07:05 [TestNG-test-Test-1] INFO  verifyingDisplayTypeFilterFunctionality_Tablet_21-03-49 - [verifyingDisplayTypeFilterFunctionality_Tablet_21-03-49] Within safeFindElement method
21:07:05 [TestNG-test-Test-1] INFO  verifyingDisplayTypeFilterFunctionality_Tablet_21-03-49 - [verifyingDisplayTypeFilterFunctionality_Tablet_21-03-49]Found the element returning it ,element ->[[ChromeDriver: chrome on windows (d29da8f50220042dd5c7bb6155fa1d5a)] -> xpath: (//div[@data-cy='title-recipe'])[7]]
21:07:05 [TestNG-test-Test-1] INFO  verifyingDisplayTypeFilterFunctionality_Tablet_21-03-49 - [verifyingDisplayTypeFilterFunctionality_Tablet_21-03-49] Successfully scrolled to element: By.xpath: (//div[@data-cy='title-recipe'])[7]
21:07:05 [TestNG-test-Test-1] INFO  verifyingDisplayTypeFilterFunctionality_Tablet_21-03-49 - [verifyingDisplayTypeFilterFunctionality_Tablet_21-03-49] Getting product by index in productNameListingPage loop
21:07:05 [TestNG-test-Test-1] INFO  verifyingDisplayTypeFilterFunctionality_Tablet_21-03-49 - [verifyingDisplayTypeFilterFunctionality_Tablet_21-03-49] Opened product in new tab via Ctrl+Click inside productNameListingPage loop
21:07:05 [TestNG-test-Test-1] INFO  verifyingDisplayTypeFilterFunctionality_Tablet_21-03-49 - [verifyingDisplayTypeFilterFunctionality_Tablet_21-03-49] Waiting for new window to open...
21:07:05 [TestNG-test-Test-1] INFO  verifyingDisplayTypeFilterFunctionality_Tablet_21-03-49 - [verifyingDisplayTypeFilterFunctionality_Tablet_21-03-49] Switched to new window -> A8A89DFCB76E3F1D84835890EC209875
21:07:05 [TestNG-test-Test-1] INFO  verifyingDisplayTypeFilterFunctionality_Tablet_21-03-49 - [verifyingDisplayTypeFilterFunctionality_Tablet_21-03-49] Swithcing to the new window  within productNameListingPage loop
21:07:05 [TestNG-test-Test-1] INFO  verifyingDisplayTypeFilterFunctionality_Tablet_21-03-49 - [verifyingDisplayTypeFilterFunctionality_Tablet_21-03-49] Clicked product name to open in new tab from productNameListingPage loop
21:07:05 [TestNG-test-Test-1] INFO  verifyingDisplayTypeFilterFunctionality_Tablet_21-03-49 - [verifyingDisplayTypeFilterFunctionality_Tablet_21-03-49] Waiting until element is visible in viewport
21:07:09 [TestNG-test-Test-1] WARN  verifyingDisplayTypeFilterFunctionality_Tablet_21-03-49 - [verifyingDisplayTypeFilterFunctionality_Tablet_21-03-49] Product detail page did not load for index 7 filter 'LCD'; skipping detail scrape to avoid redundant retries/timeouts
21:07:09 [TestNG-test-Test-1] INFO  verifyingDisplayTypeFilterFunctionality_Tablet_21-03-49 - [verifyingDisplayTypeFilterFunctionality_Tablet_21-03-49] Within closeCurrentWindowAndSwitchBack method
21:07:09 [TestNG-test-Test-1] INFO  verifyingDisplayTypeFilterFunctionality_Tablet_21-03-49 - [verifyingDisplayTypeFilterFunctionality_Tablet_21-03-49] Total open windows/tabs count -> 2
21:07:09 [TestNG-test-Test-1] INFO  verifyingDisplayTypeFilterFunctionality_Tablet_21-03-49 - [verifyingDisplayTypeFilterFunctionality_Tablet_21-03-49] Original window handle -> 010E3A3AD5DF7B279A27341D797C4235
21:07:09 [TestNG-test-Test-1] INFO  verifyingDisplayTypeFilterFunctionality_Tablet_21-03-49 - [verifyingDisplayTypeFilterFunctionality_Tablet_21-03-49] Found new tab/window handle -> A8A89DFCB76E3F1D84835890EC209875 (will be closed)
21:07:09 [TestNG-test-Test-1] INFO  verifyingDisplayTypeFilterFunctionality_Tablet_21-03-49 - [verifyingDisplayTypeFilterFunctionality_Tablet_21-03-49] Successfully switched to new tab/window -> A8A89DFCB76E3F1D84835890EC209875
21:07:09 [TestNG-test-Test-1] INFO  verifyingDisplayTypeFilterFunctionality_Tablet_21-03-49 - [verifyingDisplayTypeFilterFunctionality_Tablet_21-03-49] Closed the newly opened tab/window -> A8A89DFCB76E3F1D84835890EC209875
21:07:09 [TestNG-test-Test-1] INFO  verifyingDisplayTypeFilterFunctionality_Tablet_21-03-49 - [verifyingDisplayTypeFilterFunctionality_Tablet_21-03-49] Switched back to the original window -> 010E3A3AD5DF7B279A27341D797C4235
21:07:09 [TestNG-test-Test-1] INFO  verifyingDisplayTypeFilterFunctionality_Tablet_21-03-49 - [verifyingDisplayTypeFilterFunctionality_Tablet_21-03-49]  going back to product listing via closeCurrentWindowAndSwitchBack 
21:07:09 [TestNG-test-Test-1] INFO  verifyingDisplayTypeFilterFunctionality_Tablet_21-03-49 - [verifyingDisplayTypeFilterFunctionality_Tablet_21-03-49]  Added 'filter','title','keyFeatures', 'about', 'techDetails' into the Map -> productResult
21:07:09 [TestNG-test-Test-1] INFO  verifyingDisplayTypeFilterFunctionality_Tablet_21-03-49 - [verifyingDisplayTypeFilterFunctionality_Tablet_21-03-49]  Added 'productResult' Map into the 'results' i.e list of maps 
21:07:09 [TestNG-test-Test-1] INFO  verifyingDisplayTypeFilterFunctionality_Tablet_21-03-49 - [verifyingDisplayTypeFilterFunctionality_Tablet_21-03-49]==========================================================================================================
21:07:09 [TestNG-test-Test-1] INFO  verifyingDisplayTypeFilterFunctionality_Tablet_21-03-49 - [verifyingDisplayTypeFilterFunctionality_Tablet_21-03-49] Within safeFindElements 
21:07:09 [TestNG-test-Test-1] INFO  verifyingDisplayTypeFilterFunctionality_Tablet_21-03-49 - [verifyingDisplayTypeFilterFunctionality_Tablet_21-03-49] Returning the  [[[ChromeDriver: chrome on windows (d29da8f50220042dd5c7bb6155fa1d5a)] -> xpath: //div[@data-cy='title-recipe']], [[ChromeDriver: chrome on windows (d29da8f50220042dd5c7bb6155fa1d5a)] -> xpath: //div[@data-cy='title-recipe']], [[ChromeDriver: chrome on windows (d29da8f50220042dd5c7bb6155fa1d5a)] -> xpath: //div[@data-cy='title-recipe']], [[ChromeDriver: chrome on windows (d29da8f50220042dd5c7bb6155fa1d5a)] -> xpath: //div[@data-cy='title-recipe']], [[ChromeDriver: chrome on windows (d29da8f50220042dd5c7bb6155fa1d5a)] -> xpath: //div[@data-cy='title-recipe']], [[ChromeDriver: chrome on windows (d29da8f50220042dd5c7bb6155fa1d5a)] -> xpath: //div[@data-cy='title-recipe']], [[ChromeDriver: chrome on windows (d29da8f50220042dd5c7bb6155fa1d5a)] -> xpath: //div[@data-cy='title-recipe']], [[ChromeDriver: chrome on windows (d29da8f50220042dd5c7bb6155fa1d5a)] -> xpath: //div[@data-cy='title-recipe']], [[ChromeDriver: chrome on windows (d29da8f50220042dd5c7bb6155fa1d5a)] -> xpath: //div[@data-cy='title-recipe']], [[ChromeDriver: chrome on windows (d29da8f50220042dd5c7bb6155fa1d5a)] -> xpath: //div[@data-cy='title-recipe']], [[ChromeDriver: chrome on windows (d29da8f50220042dd5c7bb6155fa1d5a)] -> xpath: //div[@data-cy='title-recipe']], [[ChromeDriver: chrome on windows (d29da8f50220042dd5c7bb6155fa1d5a)] -> xpath: //div[@data-cy='title-recipe']], [[ChromeDriver: chrome on windows (d29da8f50220042dd5c7bb6155fa1d5a)] -> xpath: //div[@data-cy='title-recipe']], [[ChromeDriver: chrome on windows (d29da8f50220042dd5c7bb6155fa1d5a)] -> xpath: //div[@data-cy='title-recipe']], [[ChromeDriver: chrome on windows (d29da8f50220042dd5c7bb6155fa1d5a)] -> xpath: //div[@data-cy='title-recipe']], [[ChromeDriver: chrome on windows (d29da8f50220042dd5c7bb6155fa1d5a)] -> xpath: //div[@data-cy='title-recipe']]] from the safeFindElements method
21:07:09 [TestNG-test-Test-1] INFO  verifyingDisplayTypeFilterFunctionality_Tablet_21-03-49 - [verifyingDisplayTypeFilterFunctionality_Tablet_21-03-49] Within productNameListingPage loop in applyFilterAndValidateProductsWithResult
21:07:09 [TestNG-test-Test-1] INFO  verifyingDisplayTypeFilterFunctionality_Tablet_21-03-49 - [verifyingDisplayTypeFilterFunctionality_Tablet_21-03-49] Within getProductByIndex method
21:07:09 [TestNG-test-Test-1] INFO  verifyingDisplayTypeFilterFunctionality_Tablet_21-03-49 - [verifyingDisplayTypeFilterFunctionality_Tablet_21-03-49] Within safeFindElement method
21:07:09 [TestNG-test-Test-1] INFO  verifyingDisplayTypeFilterFunctionality_Tablet_21-03-49 - [verifyingDisplayTypeFilterFunctionality_Tablet_21-03-49]Found the element returning it ,element ->[[ChromeDriver: chrome on windows (d29da8f50220042dd5c7bb6155fa1d5a)] -> xpath: (//div[@data-cy='title-recipe'])[8]]
21:07:09 [TestNG-test-Test-1] INFO  verifyingDisplayTypeFilterFunctionality_Tablet_21-03-49 - [verifyingDisplayTypeFilterFunctionality_Tablet_21-03-49] Within getProductByIndex method
21:07:09 [TestNG-test-Test-1] INFO  verifyingDisplayTypeFilterFunctionality_Tablet_21-03-49 - [verifyingDisplayTypeFilterFunctionality_Tablet_21-03-49] Within smoothScrollToElement method
21:07:09 [TestNG-test-Test-1] INFO  verifyingDisplayTypeFilterFunctionality_Tablet_21-03-49 - [verifyingDisplayTypeFilterFunctionality_Tablet_21-03-49] Within safeFindElement method
21:07:09 [TestNG-test-Test-1] INFO  verifyingDisplayTypeFilterFunctionality_Tablet_21-03-49 - [verifyingDisplayTypeFilterFunctionality_Tablet_21-03-49]Found the element returning it ,element ->[[ChromeDriver: chrome on windows (d29da8f50220042dd5c7bb6155fa1d5a)] -> xpath: (//div[@data-cy='title-recipe'])[8]]
21:07:09 [TestNG-test-Test-1] INFO  verifyingDisplayTypeFilterFunctionality_Tablet_21-03-49 - [verifyingDisplayTypeFilterFunctionality_Tablet_21-03-49] Successfully scrolled to element: By.xpath: (//div[@data-cy='title-recipe'])[8]
21:07:09 [TestNG-test-Test-1] INFO  verifyingDisplayTypeFilterFunctionality_Tablet_21-03-49 - [verifyingDisplayTypeFilterFunctionality_Tablet_21-03-49] Getting product by index in productNameListingPage loop
21:07:09 [TestNG-test-Test-1] INFO  verifyingDisplayTypeFilterFunctionality_Tablet_21-03-49 - [verifyingDisplayTypeFilterFunctionality_Tablet_21-03-49] Opened product in new tab via Ctrl+Click inside productNameListingPage loop
21:07:09 [TestNG-test-Test-1] INFO  verifyingDisplayTypeFilterFunctionality_Tablet_21-03-49 - [verifyingDisplayTypeFilterFunctionality_Tablet_21-03-49] Waiting for new window to open...
21:07:09 [TestNG-test-Test-1] INFO  verifyingDisplayTypeFilterFunctionality_Tablet_21-03-49 - [verifyingDisplayTypeFilterFunctionality_Tablet_21-03-49] Switched to new window -> 6B8BB0F235904F94B120CA262AFCA381
21:07:09 [TestNG-test-Test-1] INFO  verifyingDisplayTypeFilterFunctionality_Tablet_21-03-49 - [verifyingDisplayTypeFilterFunctionality_Tablet_21-03-49] Swithcing to the new window  within productNameListingPage loop
21:07:09 [TestNG-test-Test-1] INFO  verifyingDisplayTypeFilterFunctionality_Tablet_21-03-49 - [verifyingDisplayTypeFilterFunctionality_Tablet_21-03-49] Clicked product name to open in new tab from productNameListingPage loop
21:07:09 [TestNG-test-Test-1] INFO  verifyingDisplayTypeFilterFunctionality_Tablet_21-03-49 - [verifyingDisplayTypeFilterFunctionality_Tablet_21-03-49] Waiting until element is visible in viewport
21:07:12 [TestNG-test-Test-1] WARN  verifyingDisplayTypeFilterFunctionality_Tablet_21-03-49 - [verifyingDisplayTypeFilterFunctionality_Tablet_21-03-49] Product detail page did not load for index 8 filter 'LCD'; skipping detail scrape to avoid redundant retries/timeouts
21:07:12 [TestNG-test-Test-1] INFO  verifyingDisplayTypeFilterFunctionality_Tablet_21-03-49 - [verifyingDisplayTypeFilterFunctionality_Tablet_21-03-49] Within closeCurrentWindowAndSwitchBack method
21:07:12 [TestNG-test-Test-1] INFO  verifyingDisplayTypeFilterFunctionality_Tablet_21-03-49 - [verifyingDisplayTypeFilterFunctionality_Tablet_21-03-49] Total open windows/tabs count -> 2
21:07:12 [TestNG-test-Test-1] INFO  verifyingDisplayTypeFilterFunctionality_Tablet_21-03-49 - [verifyingDisplayTypeFilterFunctionality_Tablet_21-03-49] Original window handle -> 010E3A3AD5DF7B279A27341D797C4235
21:07:12 [TestNG-test-Test-1] INFO  verifyingDisplayTypeFilterFunctionality_Tablet_21-03-49 - [verifyingDisplayTypeFilterFunctionality_Tablet_21-03-49] Found new tab/window handle -> 6B8BB0F235904F94B120CA262AFCA381 (will be closed)
21:07:12 [TestNG-test-Test-1] INFO  verifyingDisplayTypeFilterFunctionality_Tablet_21-03-49 - [verifyingDisplayTypeFilterFunctionality_Tablet_21-03-49] Successfully switched to new tab/window -> 6B8BB0F235904F94B120CA262AFCA381
21:07:12 [TestNG-test-Test-1] INFO  verifyingDisplayTypeFilterFunctionality_Tablet_21-03-49 - [verifyingDisplayTypeFilterFunctionality_Tablet_21-03-49] Closed the newly opened tab/window -> 6B8BB0F235904F94B120CA262AFCA381
21:07:12 [TestNG-test-Test-1] INFO  verifyingDisplayTypeFilterFunctionality_Tablet_21-03-49 - [verifyingDisplayTypeFilterFunctionality_Tablet_21-03-49] Switched back to the original window -> 010E3A3AD5DF7B279A27341D797C4235
21:07:12 [TestNG-test-Test-1] INFO  verifyingDisplayTypeFilterFunctionality_Tablet_21-03-49 - [verifyingDisplayTypeFilterFunctionality_Tablet_21-03-49]  going back to product listing via closeCurrentWindowAndSwitchBack 
21:07:12 [TestNG-test-Test-1] INFO  verifyingDisplayTypeFilterFunctionality_Tablet_21-03-49 - [verifyingDisplayTypeFilterFunctionality_Tablet_21-03-49]  Added 'filter','title','keyFeatures', 'about', 'techDetails' into the Map -> productResult
21:07:12 [TestNG-test-Test-1] INFO  verifyingDisplayTypeFilterFunctionality_Tablet_21-03-49 - [verifyingDisplayTypeFilterFunctionality_Tablet_21-03-49]  Added 'productResult' Map into the 'results' i.e list of maps 
21:07:12 [TestNG-test-Test-1] INFO  verifyingDisplayTypeFilterFunctionality_Tablet_21-03-49 - [verifyingDisplayTypeFilterFunctionality_Tablet_21-03-49]==========================================================================================================
21:07:12 [TestNG-test-Test-1] INFO  verifyingDisplayTypeFilterFunctionality_Tablet_21-03-49 - [verifyingDisplayTypeFilterFunctionality_Tablet_21-03-49] Within safeFindElements 
21:07:12 [TestNG-test-Test-1] INFO  verifyingDisplayTypeFilterFunctionality_Tablet_21-03-49 - [verifyingDisplayTypeFilterFunctionality_Tablet_21-03-49] Returning the  [[[ChromeDriver: chrome on windows (d29da8f50220042dd5c7bb6155fa1d5a)] -> xpath: //div[@data-cy='title-recipe']], [[ChromeDriver: chrome on windows (d29da8f50220042dd5c7bb6155fa1d5a)] -> xpath: //div[@data-cy='title-recipe']], [[ChromeDriver: chrome on windows (d29da8f50220042dd5c7bb6155fa1d5a)] -> xpath: //div[@data-cy='title-recipe']], [[ChromeDriver: chrome on windows (d29da8f50220042dd5c7bb6155fa1d5a)] -> xpath: //div[@data-cy='title-recipe']], [[ChromeDriver: chrome on windows (d29da8f50220042dd5c7bb6155fa1d5a)] -> xpath: //div[@data-cy='title-recipe']], [[ChromeDriver: chrome on windows (d29da8f50220042dd5c7bb6155fa1d5a)] -> xpath: //div[@data-cy='title-recipe']], [[ChromeDriver: chrome on windows (d29da8f50220042dd5c7bb6155fa1d5a)] -> xpath: //div[@data-cy='title-recipe']], [[ChromeDriver: chrome on windows (d29da8f50220042dd5c7bb6155fa1d5a)] -> xpath: //div[@data-cy='title-recipe']], [[ChromeDriver: chrome on windows (d29da8f50220042dd5c7bb6155fa1d5a)] -> xpath: //div[@data-cy='title-recipe']], [[ChromeDriver: chrome on windows (d29da8f50220042dd5c7bb6155fa1d5a)] -> xpath: //div[@data-cy='title-recipe']], [[ChromeDriver: chrome on windows (d29da8f50220042dd5c7bb6155fa1d5a)] -> xpath: //div[@data-cy='title-recipe']], [[ChromeDriver: chrome on windows (d29da8f50220042dd5c7bb6155fa1d5a)] -> xpath: //div[@data-cy='title-recipe']], [[ChromeDriver: chrome on windows (d29da8f50220042dd5c7bb6155fa1d5a)] -> xpath: //div[@data-cy='title-recipe']], [[ChromeDriver: chrome on windows (d29da8f50220042dd5c7bb6155fa1d5a)] -> xpath: //div[@data-cy='title-recipe']], [[ChromeDriver: chrome on windows (d29da8f50220042dd5c7bb6155fa1d5a)] -> xpath: //div[@data-cy='title-recipe']], [[ChromeDriver: chrome on windows (d29da8f50220042dd5c7bb6155fa1d5a)] -> xpath: //div[@data-cy='title-recipe']]] from the safeFindElements method
21:07:12 [TestNG-test-Test-1] INFO  verifyingDisplayTypeFilterFunctionality_Tablet_21-03-49 - [verifyingDisplayTypeFilterFunctionality_Tablet_21-03-49] Within productNameListingPage loop in applyFilterAndValidateProductsWithResult
21:07:12 [TestNG-test-Test-1] INFO  verifyingDisplayTypeFilterFunctionality_Tablet_21-03-49 - [verifyingDisplayTypeFilterFunctionality_Tablet_21-03-49] Within getProductByIndex method
21:07:12 [TestNG-test-Test-1] INFO  verifyingDisplayTypeFilterFunctionality_Tablet_21-03-49 - [verifyingDisplayTypeFilterFunctionality_Tablet_21-03-49] Within safeFindElement method
21:07:12 [TestNG-test-Test-1] INFO  verifyingDisplayTypeFilterFunctionality_Tablet_21-03-49 - [verifyingDisplayTypeFilterFunctionality_Tablet_21-03-49]Found the element returning it ,element ->[[ChromeDriver: chrome on windows (d29da8f50220042dd5c7bb6155fa1d5a)] -> xpath: (//div[@data-cy='title-recipe'])[9]]
21:07:12 [TestNG-test-Test-1] INFO  verifyingDisplayTypeFilterFunctionality_Tablet_21-03-49 - [verifyingDisplayTypeFilterFunctionality_Tablet_21-03-49] Within getProductByIndex method
21:07:12 [TestNG-test-Test-1] INFO  verifyingDisplayTypeFilterFunctionality_Tablet_21-03-49 - [verifyingDisplayTypeFilterFunctionality_Tablet_21-03-49] Within smoothScrollToElement method
21:07:12 [TestNG-test-Test-1] INFO  verifyingDisplayTypeFilterFunctionality_Tablet_21-03-49 - [verifyingDisplayTypeFilterFunctionality_Tablet_21-03-49] Within safeFindElement method
21:07:12 [TestNG-test-Test-1] INFO  verifyingDisplayTypeFilterFunctionality_Tablet_21-03-49 - [verifyingDisplayTypeFilterFunctionality_Tablet_21-03-49]Found the element returning it ,element ->[[ChromeDriver: chrome on windows (d29da8f50220042dd5c7bb6155fa1d5a)] -> xpath: (//div[@data-cy='title-recipe'])[9]]
21:07:12 [TestNG-test-Test-1] INFO  verifyingDisplayTypeFilterFunctionality_Tablet_21-03-49 - [verifyingDisplayTypeFilterFunctionality_Tablet_21-03-49] Successfully scrolled to element: By.xpath: (//div[@data-cy='title-recipe'])[9]
21:07:12 [TestNG-test-Test-1] INFO  verifyingDisplayTypeFilterFunctionality_Tablet_21-03-49 - [verifyingDisplayTypeFilterFunctionality_Tablet_21-03-49] Getting product by index in productNameListingPage loop
21:07:13 [TestNG-test-Test-1] INFO  verifyingDisplayTypeFilterFunctionality_Tablet_21-03-49 - [verifyingDisplayTypeFilterFunctionality_Tablet_21-03-49] Opened product in new tab via Ctrl+Click inside productNameListingPage loop
21:07:13 [TestNG-test-Test-1] INFO  verifyingDisplayTypeFilterFunctionality_Tablet_21-03-49 - [verifyingDisplayTypeFilterFunctionality_Tablet_21-03-49] Waiting for new window to open...
21:07:13 [TestNG-test-Test-1] INFO  verifyingDisplayTypeFilterFunctionality_Tablet_21-03-49 - [verifyingDisplayTypeFilterFunctionality_Tablet_21-03-49] Switched to new window -> 3B93509C01D01D6397F46791747CB269
21:07:13 [TestNG-test-Test-1] INFO  verifyingDisplayTypeFilterFunctionality_Tablet_21-03-49 - [verifyingDisplayTypeFilterFunctionality_Tablet_21-03-49] Swithcing to the new window  within productNameListingPage loop
21:07:13 [TestNG-test-Test-1] INFO  verifyingDisplayTypeFilterFunctionality_Tablet_21-03-49 - [verifyingDisplayTypeFilterFunctionality_Tablet_21-03-49] Clicked product name to open in new tab from productNameListingPage loop
21:07:13 [TestNG-test-Test-1] INFO  verifyingDisplayTypeFilterFunctionality_Tablet_21-03-49 - [verifyingDisplayTypeFilterFunctionality_Tablet_21-03-49] Waiting until element is visible in viewport
21:07:16 [TestNG-test-Test-1] WARN  verifyingDisplayTypeFilterFunctionality_Tablet_21-03-49 - [verifyingDisplayTypeFilterFunctionality_Tablet_21-03-49] Product detail page did not load for index 9 filter 'LCD'; skipping detail scrape to avoid redundant retries/timeouts
21:07:16 [TestNG-test-Test-1] INFO  verifyingDisplayTypeFilterFunctionality_Tablet_21-03-49 - [verifyingDisplayTypeFilterFunctionality_Tablet_21-03-49] Within closeCurrentWindowAndSwitchBack method
21:07:16 [TestNG-test-Test-1] INFO  verifyingDisplayTypeFilterFunctionality_Tablet_21-03-49 - [verifyingDisplayTypeFilterFunctionality_Tablet_21-03-49] Total open windows/tabs count -> 2
21:07:16 [TestNG-test-Test-1] INFO  verifyingDisplayTypeFilterFunctionality_Tablet_21-03-49 - [verifyingDisplayTypeFilterFunctionality_Tablet_21-03-49] Original window handle -> 010E3A3AD5DF7B279A27341D797C4235
21:07:16 [TestNG-test-Test-1] INFO  verifyingDisplayTypeFilterFunctionality_Tablet_21-03-49 - [verifyingDisplayTypeFilterFunctionality_Tablet_21-03-49] Found new tab/window handle -> 3B93509C01D01D6397F46791747CB269 (will be closed)
21:07:16 [TestNG-test-Test-1] INFO  verifyingDisplayTypeFilterFunctionality_Tablet_21-03-49 - [verifyingDisplayTypeFilterFunctionality_Tablet_21-03-49] Successfully switched to new tab/window -> 3B93509C01D01D6397F46791747CB269
21:07:16 [TestNG-test-Test-1] INFO  verifyingDisplayTypeFilterFunctionality_Tablet_21-03-49 - [verifyingDisplayTypeFilterFunctionality_Tablet_21-03-49] Closed the newly opened tab/window -> 3B93509C01D01D6397F46791747CB269
21:07:16 [TestNG-test-Test-1] INFO  verifyingDisplayTypeFilterFunctionality_Tablet_21-03-49 - [verifyingDisplayTypeFilterFunctionality_Tablet_21-03-49] Switched back to the original window -> 010E3A3AD5DF7B279A27341D797C4235
21:07:16 [TestNG-test-Test-1] INFO  verifyingDisplayTypeFilterFunctionality_Tablet_21-03-49 - [verifyingDisplayTypeFilterFunctionality_Tablet_21-03-49]  going back to product listing via closeCurrentWindowAndSwitchBack 
21:07:16 [TestNG-test-Test-1] INFO  verifyingDisplayTypeFilterFunctionality_Tablet_21-03-49 - [verifyingDisplayTypeFilterFunctionality_Tablet_21-03-49]  Added 'filter','title','keyFeatures', 'about', 'techDetails' into the Map -> productResult
21:07:16 [TestNG-test-Test-1] INFO  verifyingDisplayTypeFilterFunctionality_Tablet_21-03-49 - [verifyingDisplayTypeFilterFunctionality_Tablet_21-03-49]  Added 'productResult' Map into the 'results' i.e list of maps 
21:07:16 [TestNG-test-Test-1] INFO  verifyingDisplayTypeFilterFunctionality_Tablet_21-03-49 - [verifyingDisplayTypeFilterFunctionality_Tablet_21-03-49]==========================================================================================================
21:07:16 [TestNG-test-Test-1] INFO  verifyingDisplayTypeFilterFunctionality_Tablet_21-03-49 - [verifyingDisplayTypeFilterFunctionality_Tablet_21-03-49] Within safeFindElements 
21:07:16 [TestNG-test-Test-1] INFO  verifyingDisplayTypeFilterFunctionality_Tablet_21-03-49 - [verifyingDisplayTypeFilterFunctionality_Tablet_21-03-49] Returning the  [[[ChromeDriver: chrome on windows (d29da8f50220042dd5c7bb6155fa1d5a)] -> xpath: //div[@data-cy='title-recipe']], [[ChromeDriver: chrome on windows (d29da8f50220042dd5c7bb6155fa1d5a)] -> xpath: //div[@data-cy='title-recipe']], [[ChromeDriver: chrome on windows (d29da8f50220042dd5c7bb6155fa1d5a)] -> xpath: //div[@data-cy='title-recipe']], [[ChromeDriver: chrome on windows (d29da8f50220042dd5c7bb6155fa1d5a)] -> xpath: //div[@data-cy='title-recipe']], [[ChromeDriver: chrome on windows (d29da8f50220042dd5c7bb6155fa1d5a)] -> xpath: //div[@data-cy='title-recipe']], [[ChromeDriver: chrome on windows (d29da8f50220042dd5c7bb6155fa1d5a)] -> xpath: //div[@data-cy='title-recipe']], [[ChromeDriver: chrome on windows (d29da8f50220042dd5c7bb6155fa1d5a)] -> xpath: //div[@data-cy='title-recipe']], [[ChromeDriver: chrome on windows (d29da8f50220042dd5c7bb6155fa1d5a)] -> xpath: //div[@data-cy='title-recipe']], [[ChromeDriver: chrome on windows (d29da8f50220042dd5c7bb6155fa1d5a)] -> xpath: //div[@data-cy='title-recipe']], [[ChromeDriver: chrome on windows (d29da8f50220042dd5c7bb6155fa1d5a)] -> xpath: //div[@data-cy='title-recipe']], [[ChromeDriver: chrome on windows (d29da8f50220042dd5c7bb6155fa1d5a)] -> xpath: //div[@data-cy='title-recipe']], [[ChromeDriver: chrome on windows (d29da8f50220042dd5c7bb6155fa1d5a)] -> xpath: //div[@data-cy='title-recipe']], [[ChromeDriver: chrome on windows (d29da8f50220042dd5c7bb6155fa1d5a)] -> xpath: //div[@data-cy='title-recipe']], [[ChromeDriver: chrome on windows (d29da8f50220042dd5c7bb6155fa1d5a)] -> xpath: //div[@data-cy='title-recipe']], [[ChromeDriver: chrome on windows (d29da8f50220042dd5c7bb6155fa1d5a)] -> xpath: //div[@data-cy='title-recipe']], [[ChromeDriver: chrome on windows (d29da8f50220042dd5c7bb6155fa1d5a)] -> xpath: //div[@data-cy='title-recipe']]] from the safeFindElements method
21:07:16 [TestNG-test-Test-1] INFO  verifyingDisplayTypeFilterFunctionality_Tablet_21-03-49 - [verifyingDisplayTypeFilterFunctionality_Tablet_21-03-49] Within productNameListingPage loop in applyFilterAndValidateProductsWithResult
21:07:16 [TestNG-test-Test-1] INFO  verifyingDisplayTypeFilterFunctionality_Tablet_21-03-49 - [verifyingDisplayTypeFilterFunctionality_Tablet_21-03-49] Within getProductByIndex method
21:07:16 [TestNG-test-Test-1] INFO  verifyingDisplayTypeFilterFunctionality_Tablet_21-03-49 - [verifyingDisplayTypeFilterFunctionality_Tablet_21-03-49] Within safeFindElement method
21:07:16 [TestNG-test-Test-1] INFO  verifyingDisplayTypeFilterFunctionality_Tablet_21-03-49 - [verifyingDisplayTypeFilterFunctionality_Tablet_21-03-49]Found the element returning it ,element ->[[ChromeDriver: chrome on windows (d29da8f50220042dd5c7bb6155fa1d5a)] -> xpath: (//div[@data-cy='title-recipe'])[10]]
21:07:16 [TestNG-test-Test-1] INFO  verifyingDisplayTypeFilterFunctionality_Tablet_21-03-49 - [verifyingDisplayTypeFilterFunctionality_Tablet_21-03-49] Within getProductByIndex method
21:07:16 [TestNG-test-Test-1] INFO  verifyingDisplayTypeFilterFunctionality_Tablet_21-03-49 - [verifyingDisplayTypeFilterFunctionality_Tablet_21-03-49] Within smoothScrollToElement method
21:07:16 [TestNG-test-Test-1] INFO  verifyingDisplayTypeFilterFunctionality_Tablet_21-03-49 - [verifyingDisplayTypeFilterFunctionality_Tablet_21-03-49] Within safeFindElement method
21:07:16 [TestNG-test-Test-1] INFO  verifyingDisplayTypeFilterFunctionality_Tablet_21-03-49 - [verifyingDisplayTypeFilterFunctionality_Tablet_21-03-49]Found the element returning it ,element ->[[ChromeDriver: chrome on windows (d29da8f50220042dd5c7bb6155fa1d5a)] -> xpath: (//div[@data-cy='title-recipe'])[10]]
21:07:16 [TestNG-test-Test-1] INFO  verifyingDisplayTypeFilterFunctionality_Tablet_21-03-49 - [verifyingDisplayTypeFilterFunctionality_Tablet_21-03-49] Successfully scrolled to element: By.xpath: (//div[@data-cy='title-recipe'])[10]
21:07:16 [TestNG-test-Test-1] INFO  verifyingDisplayTypeFilterFunctionality_Tablet_21-03-49 - [verifyingDisplayTypeFilterFunctionality_Tablet_21-03-49] Getting product by index in productNameListingPage loop
21:07:16 [TestNG-test-Test-1] INFO  verifyingDisplayTypeFilterFunctionality_Tablet_21-03-49 - [verifyingDisplayTypeFilterFunctionality_Tablet_21-03-49] Opened product in new tab via Ctrl+Click inside productNameListingPage loop
21:07:16 [TestNG-test-Test-1] INFO  verifyingDisplayTypeFilterFunctionality_Tablet_21-03-49 - [verifyingDisplayTypeFilterFunctionality_Tablet_21-03-49] Waiting for new window to open...
21:07:16 [TestNG-test-Test-1] INFO  verifyingDisplayTypeFilterFunctionality_Tablet_21-03-49 - [verifyingDisplayTypeFilterFunctionality_Tablet_21-03-49] Switched to new window -> 90FA73817E6F32DF6B5EDB7C74DFAD4E
21:07:16 [TestNG-test-Test-1] INFO  verifyingDisplayTypeFilterFunctionality_Tablet_21-03-49 - [verifyingDisplayTypeFilterFunctionality_Tablet_21-03-49] Swithcing to the new window  within productNameListingPage loop
21:07:16 [TestNG-test-Test-1] INFO  verifyingDisplayTypeFilterFunctionality_Tablet_21-03-49 - [verifyingDisplayTypeFilterFunctionality_Tablet_21-03-49] Clicked product name to open in new tab from productNameListingPage loop
21:07:16 [TestNG-test-Test-1] INFO  verifyingDisplayTypeFilterFunctionality_Tablet_21-03-49 - [verifyingDisplayTypeFilterFunctionality_Tablet_21-03-49] Waiting until element is visible in viewport
21:07:20 [TestNG-test-Test-1] WARN  verifyingDisplayTypeFilterFunctionality_Tablet_21-03-49 - [verifyingDisplayTypeFilterFunctionality_Tablet_21-03-49] Product detail page did not load for index 10 filter 'LCD'; skipping detail scrape to avoid redundant retries/timeouts
21:07:20 [TestNG-test-Test-1] INFO  verifyingDisplayTypeFilterFunctionality_Tablet_21-03-49 - [verifyingDisplayTypeFilterFunctionality_Tablet_21-03-49] Within closeCurrentWindowAndSwitchBack method
21:07:20 [TestNG-test-Test-1] INFO  verifyingDisplayTypeFilterFunctionality_Tablet_21-03-49 - [verifyingDisplayTypeFilterFunctionality_Tablet_21-03-49] Total open windows/tabs count -> 2
21:07:20 [TestNG-test-Test-1] INFO  verifyingDisplayTypeFilterFunctionality_Tablet_21-03-49 - [verifyingDisplayTypeFilterFunctionality_Tablet_21-03-49] Original window handle -> 010E3A3AD5DF7B279A27341D797C4235
21:07:20 [TestNG-test-Test-1] INFO  verifyingDisplayTypeFilterFunctionality_Tablet_21-03-49 - [verifyingDisplayTypeFilterFunctionality_Tablet_21-03-49] Found new tab/window handle -> 90FA73817E6F32DF6B5EDB7C74DFAD4E (will be closed)
21:07:20 [TestNG-test-Test-1] INFO  verifyingDisplayTypeFilterFunctionality_Tablet_21-03-49 - [verifyingDisplayTypeFilterFunctionality_Tablet_21-03-49] Successfully switched to new tab/window -> 90FA73817E6F32DF6B5EDB7C74DFAD4E
21:07:21 [TestNG-test-Test-1] INFO  verifyingDisplayTypeFilterFunctionality_Tablet_21-03-49 - [verifyingDisplayTypeFilterFunctionality_Tablet_21-03-49] Closed the newly opened tab/window -> 90FA73817E6F32DF6B5EDB7C74DFAD4E
21:07:21 [TestNG-test-Test-1] INFO  verifyingDisplayTypeFilterFunctionality_Tablet_21-03-49 - [verifyingDisplayTypeFilterFunctionality_Tablet_21-03-49] Switched back to the original window -> 010E3A3AD5DF7B279A27341D797C4235
21:07:21 [TestNG-test-Test-1] INFO  verifyingDisplayTypeFilterFunctionality_Tablet_21-03-49 - [verifyingDisplayTypeFilterFunctionality_Tablet_21-03-49]  going back to product listing via closeCurrentWindowAndSwitchBack 
21:07:21 [TestNG-test-Test-1] INFO  verifyingDisplayTypeFilterFunctionality_Tablet_21-03-49 - [verifyingDisplayTypeFilterFunctionality_Tablet_21-03-49]  Added 'filter','title','keyFeatures', 'about', 'techDetails' into the Map -> productResult
21:07:21 [TestNG-test-Test-1] INFO  verifyingDisplayTypeFilterFunctionality_Tablet_21-03-49 - [verifyingDisplayTypeFilterFunctionality_Tablet_21-03-49]  Added 'productResult' Map into the 'results' i.e list of maps 
21:07:21 [TestNG-test-Test-1] INFO  verifyingDisplayTypeFilterFunctionality_Tablet_21-03-49 - [verifyingDisplayTypeFilterFunctionality_Tablet_21-03-49]==========================================================================================================
21:07:21 [TestNG-test-Test-1] INFO  verifyingDisplayTypeFilterFunctionality_Tablet_21-03-49 - [verifyingDisplayTypeFilterFunctionality_Tablet_21-03-49] Within safeFindElements 
21:07:21 [TestNG-test-Test-1] INFO  verifyingDisplayTypeFilterFunctionality_Tablet_21-03-49 - [verifyingDisplayTypeFilterFunctionality_Tablet_21-03-49] Returning the  [[[ChromeDriver: chrome on windows (d29da8f50220042dd5c7bb6155fa1d5a)] -> xpath: //div[@data-cy='title-recipe']], [[ChromeDriver: chrome on windows (d29da8f50220042dd5c7bb6155fa1d5a)] -> xpath: //div[@data-cy='title-recipe']], [[ChromeDriver: chrome on windows (d29da8f50220042dd5c7bb6155fa1d5a)] -> xpath: //div[@data-cy='title-recipe']], [[ChromeDriver: chrome on windows (d29da8f50220042dd5c7bb6155fa1d5a)] -> xpath: //div[@data-cy='title-recipe']], [[ChromeDriver: chrome on windows (d29da8f50220042dd5c7bb6155fa1d5a)] -> xpath: //div[@data-cy='title-recipe']], [[ChromeDriver: chrome on windows (d29da8f50220042dd5c7bb6155fa1d5a)] -> xpath: //div[@data-cy='title-recipe']], [[ChromeDriver: chrome on windows (d29da8f50220042dd5c7bb6155fa1d5a)] -> xpath: //div[@data-cy='title-recipe']], [[ChromeDriver: chrome on windows (d29da8f50220042dd5c7bb6155fa1d5a)] -> xpath: //div[@data-cy='title-recipe']], [[ChromeDriver: chrome on windows (d29da8f50220042dd5c7bb6155fa1d5a)] -> xpath: //div[@data-cy='title-recipe']], [[ChromeDriver: chrome on windows (d29da8f50220042dd5c7bb6155fa1d5a)] -> xpath: //div[@data-cy='title-recipe']], [[ChromeDriver: chrome on windows (d29da8f50220042dd5c7bb6155fa1d5a)] -> xpath: //div[@data-cy='title-recipe']], [[ChromeDriver: chrome on windows (d29da8f50220042dd5c7bb6155fa1d5a)] -> xpath: //div[@data-cy='title-recipe']], [[ChromeDriver: chrome on windows (d29da8f50220042dd5c7bb6155fa1d5a)] -> xpath: //div[@data-cy='title-recipe']], [[ChromeDriver: chrome on windows (d29da8f50220042dd5c7bb6155fa1d5a)] -> xpath: //div[@data-cy='title-recipe']], [[ChromeDriver: chrome on windows (d29da8f50220042dd5c7bb6155fa1d5a)] -> xpath: //div[@data-cy='title-recipe']], [[ChromeDriver: chrome on windows (d29da8f50220042dd5c7bb6155fa1d5a)] -> xpath: //div[@data-cy='title-recipe']]] from the safeFindElements method
21:07:21 [TestNG-test-Test-1] INFO  verifyingDisplayTypeFilterFunctionality_Tablet_21-03-49 - [verifyingDisplayTypeFilterFunctionality_Tablet_21-03-49] Within productNameListingPage loop in applyFilterAndValidateProductsWithResult
21:07:21 [TestNG-test-Test-1] INFO  verifyingDisplayTypeFilterFunctionality_Tablet_21-03-49 - [verifyingDisplayTypeFilterFunctionality_Tablet_21-03-49] Within getProductByIndex method
21:07:21 [TestNG-test-Test-1] INFO  verifyingDisplayTypeFilterFunctionality_Tablet_21-03-49 - [verifyingDisplayTypeFilterFunctionality_Tablet_21-03-49] Within safeFindElement method
21:07:21 [TestNG-test-Test-1] INFO  verifyingDisplayTypeFilterFunctionality_Tablet_21-03-49 - [verifyingDisplayTypeFilterFunctionality_Tablet_21-03-49]Found the element returning it ,element ->[[ChromeDriver: chrome on windows (d29da8f50220042dd5c7bb6155fa1d5a)] -> xpath: (//div[@data-cy='title-recipe'])[11]]
21:07:21 [TestNG-test-Test-1] INFO  verifyingDisplayTypeFilterFunctionality_Tablet_21-03-49 - [verifyingDisplayTypeFilterFunctionality_Tablet_21-03-49] Within getProductByIndex method
21:07:21 [TestNG-test-Test-1] INFO  verifyingDisplayTypeFilterFunctionality_Tablet_21-03-49 - [verifyingDisplayTypeFilterFunctionality_Tablet_21-03-49] Within smoothScrollToElement method
21:07:21 [TestNG-test-Test-1] INFO  verifyingDisplayTypeFilterFunctionality_Tablet_21-03-49 - [verifyingDisplayTypeFilterFunctionality_Tablet_21-03-49] Within safeFindElement method
21:07:21 [TestNG-test-Test-1] INFO  verifyingDisplayTypeFilterFunctionality_Tablet_21-03-49 - [verifyingDisplayTypeFilterFunctionality_Tablet_21-03-49]Found the element returning it ,element ->[[ChromeDriver: chrome on windows (d29da8f50220042dd5c7bb6155fa1d5a)] -> xpath: (//div[@data-cy='title-recipe'])[11]]
21:07:21 [TestNG-test-Test-1] INFO  verifyingDisplayTypeFilterFunctionality_Tablet_21-03-49 - [verifyingDisplayTypeFilterFunctionality_Tablet_21-03-49] Successfully scrolled to element: By.xpath: (//div[@data-cy='title-recipe'])[11]
21:07:21 [TestNG-test-Test-1] INFO  verifyingDisplayTypeFilterFunctionality_Tablet_21-03-49 - [verifyingDisplayTypeFilterFunctionality_Tablet_21-03-49] Getting product by index in productNameListingPage loop
21:07:21 [TestNG-test-Test-1] INFO  verifyingDisplayTypeFilterFunctionality_Tablet_21-03-49 - [verifyingDisplayTypeFilterFunctionality_Tablet_21-03-49] Opened product in new tab via Ctrl+Click inside productNameListingPage loop
21:07:21 [TestNG-test-Test-1] INFO  verifyingDisplayTypeFilterFunctionality_Tablet_21-03-49 - [verifyingDisplayTypeFilterFunctionality_Tablet_21-03-49] Waiting for new window to open...
21:07:21 [TestNG-test-Test-1] INFO  verifyingDisplayTypeFilterFunctionality_Tablet_21-03-49 - [verifyingDisplayTypeFilterFunctionality_Tablet_21-03-49] Switched to new window -> 82A1AC16471D42F58705503CA8307D0B
21:07:21 [TestNG-test-Test-1] INFO  verifyingDisplayTypeFilterFunctionality_Tablet_21-03-49 - [verifyingDisplayTypeFilterFunctionality_Tablet_21-03-49] Swithcing to the new window  within productNameListingPage loop
21:07:21 [TestNG-test-Test-1] INFO  verifyingDisplayTypeFilterFunctionality_Tablet_21-03-49 - [verifyingDisplayTypeFilterFunctionality_Tablet_21-03-49] Clicked product name to open in new tab from productNameListingPage loop
21:07:21 [TestNG-test-Test-1] INFO  verifyingDisplayTypeFilterFunctionality_Tablet_21-03-49 - [verifyingDisplayTypeFilterFunctionality_Tablet_21-03-49] Waiting until element is visible in viewport
21:07:25 [TestNG-test-Test-1] INFO  verifyingDisplayTypeFilterFunctionality_Tablet_21-03-49 - [verifyingDisplayTypeFilterFunctionality_Tablet_21-03-49] Within safeFindElement method
21:07:25 [TestNG-test-Test-1] INFO  verifyingDisplayTypeFilterFunctionality_Tablet_21-03-49 - [verifyingDisplayTypeFilterFunctionality_Tablet_21-03-49]Found the element returning it ,element ->[[ChromeDriver: chrome on windows (d29da8f50220042dd5c7bb6155fa1d5a)] -> xpath: //span[@id='productTitle']]
21:07:25 [TestNG-test-Test-1] INFO  verifyingDisplayTypeFilterFunctionality_Tablet_21-03-49 - [verifyingDisplayTypeFilterFunctionality_Tablet_21-03-49] Within safeFindElement method
21:07:25 [TestNG-test-Test-1] INFO  verifyingDisplayTypeFilterFunctionality_Tablet_21-03-49 - [verifyingDisplayTypeFilterFunctionality_Tablet_21-03-49]Found the element returning it ,element ->[[ChromeDriver: chrome on windows (d29da8f50220042dd5c7bb6155fa1d5a)] -> xpath: //div[@class='a-section a-spacing-small a-spacing-top-small']]
21:07:25 [TestNG-test-Test-1] INFO  verifyingDisplayTypeFilterFunctionality_Tablet_21-03-49 - [verifyingDisplayTypeFilterFunctionality_Tablet_21-03-49] Within safeFindElement method
21:07:25 [TestNG-test-Test-1] INFO  verifyingDisplayTypeFilterFunctionality_Tablet_21-03-49 - [verifyingDisplayTypeFilterFunctionality_Tablet_21-03-49]Found the element returning it ,element ->[[ChromeDriver: chrome on windows (d29da8f50220042dd5c7bb6155fa1d5a)] -> xpath: //div[@id='feature-bullets']]
21:07:25 [TestNG-test-Test-1] INFO  verifyingDisplayTypeFilterFunctionality_Tablet_21-03-49 - [verifyingDisplayTypeFilterFunctionality_Tablet_21-03-49] Within safeFindElement method
21:07:25 [TestNG-test-Test-1] INFO  verifyingDisplayTypeFilterFunctionality_Tablet_21-03-49 - [verifyingDisplayTypeFilterFunctionality_Tablet_21-03-49]Found the element returning it ,element ->[[ChromeDriver: chrome on windows (d29da8f50220042dd5c7bb6155fa1d5a)] -> xpath: //div[@id='prodDetails']]
21:07:25 [TestNG-test-Test-1] INFO  verifyingDisplayTypeFilterFunctionality_Tablet_21-03-49 - [verifyingDisplayTypeFilterFunctionality_Tablet_21-03-49] Extracting 'name' , 'keyFeatures', 'about' , 'techDetails' within productNameListingPage loop
21:07:25 [TestNG-test-Test-1] INFO  verifyingDisplayTypeFilterFunctionality_Tablet_21-03-49 - [verifyingDisplayTypeFilterFunctionality_Tablet_21-03-49] Waiting until element is visible in viewport
21:07:36 [TestNG-test-Test-1] INFO  verifyingDisplayTypeFilterFunctionality_Tablet_21-03-49 - [verifyingDisplayTypeFilterFunctionality_Tablet_21-03-49] Within smoothScrollToElement method
21:07:36 [TestNG-test-Test-1] INFO  verifyingDisplayTypeFilterFunctionality_Tablet_21-03-49 - [verifyingDisplayTypeFilterFunctionality_Tablet_21-03-49] Within safeFindElement method
21:07:36 [TestNG-test-Test-1] INFO  verifyingDisplayTypeFilterFunctionality_Tablet_21-03-49 - [verifyingDisplayTypeFilterFunctionality_Tablet_21-03-49]Found the element returning it ,element ->[[ChromeDriver: chrome on windows (d29da8f50220042dd5c7bb6155fa1d5a)] -> xpath: //a[@id='seeMoreDetailsLink']]
21:07:36 [TestNG-test-Test-1] INFO  verifyingDisplayTypeFilterFunctionality_Tablet_21-03-49 - [verifyingDisplayTypeFilterFunctionality_Tablet_21-03-49] Successfully scrolled to element: By.xpath: //a[@id='seeMoreDetailsLink']
21:07:36 [TestNG-test-Test-1] INFO  verifyingDisplayTypeFilterFunctionality_Tablet_21-03-49 - [verifyingDisplayTypeFilterFunctionality_Tablet_21-03-49] Within safeClick method
21:07:36 [TestNG-test-Test-1] INFO  verifyingDisplayTypeFilterFunctionality_Tablet_21-03-49 - [verifyingDisplayTypeFilterFunctionality_Tablet_21-03-49] Clicked the  [[ChromeDriver: chrome on windows (d29da8f50220042dd5c7bb6155fa1d5a)] -> xpath: //a[@id='seeMoreDetailsLink']]   using safeClick
21:07:36 [TestNG-test-Test-1] INFO  verifyingDisplayTypeFilterFunctionality_Tablet_21-03-49 - [verifyingDisplayTypeFilterFunctionality_Tablet_21-03-49] Within try block for clicking see more deatils within productNameListingPage loop
21:07:36 [TestNG-test-Test-1] INFO  verifyingDisplayTypeFilterFunctionality_Tablet_21-03-49 - [verifyingDisplayTypeFilterFunctionality_Tablet_21-03-49] Within closeCurrentWindowAndSwitchBack method
21:07:36 [TestNG-test-Test-1] INFO  verifyingDisplayTypeFilterFunctionality_Tablet_21-03-49 - [verifyingDisplayTypeFilterFunctionality_Tablet_21-03-49] Total open windows/tabs count -> 2
21:07:36 [TestNG-test-Test-1] INFO  verifyingDisplayTypeFilterFunctionality_Tablet_21-03-49 - [verifyingDisplayTypeFilterFunctionality_Tablet_21-03-49] Original window handle -> 010E3A3AD5DF7B279A27341D797C4235
21:07:36 [TestNG-test-Test-1] INFO  verifyingDisplayTypeFilterFunctionality_Tablet_21-03-49 - [verifyingDisplayTypeFilterFunctionality_Tablet_21-03-49] Found new tab/window handle -> 82A1AC16471D42F58705503CA8307D0B (will be closed)
21:07:37 [TestNG-test-Test-1] INFO  verifyingDisplayTypeFilterFunctionality_Tablet_21-03-49 - [verifyingDisplayTypeFilterFunctionality_Tablet_21-03-49] Successfully switched to new tab/window -> 82A1AC16471D42F58705503CA8307D0B
21:07:37 [TestNG-test-Test-1] INFO  verifyingDisplayTypeFilterFunctionality_Tablet_21-03-49 - [verifyingDisplayTypeFilterFunctionality_Tablet_21-03-49] Closed the newly opened tab/window -> 82A1AC16471D42F58705503CA8307D0B
21:07:37 [TestNG-test-Test-1] INFO  verifyingDisplayTypeFilterFunctionality_Tablet_21-03-49 - [verifyingDisplayTypeFilterFunctionality_Tablet_21-03-49] Switched back to the original window -> 010E3A3AD5DF7B279A27341D797C4235
21:07:37 [TestNG-test-Test-1] INFO  verifyingDisplayTypeFilterFunctionality_Tablet_21-03-49 - [verifyingDisplayTypeFilterFunctionality_Tablet_21-03-49]  going back to product listing via closeCurrentWindowAndSwitchBack 
21:07:37 [TestNG-test-Test-1] INFO  verifyingDisplayTypeFilterFunctionality_Tablet_21-03-49 - [verifyingDisplayTypeFilterFunctionality_Tablet_21-03-49]  Added 'filter','title','keyFeatures', 'about', 'techDetails' into the Map -> productResult
21:07:37 [TestNG-test-Test-1] INFO  verifyingDisplayTypeFilterFunctionality_Tablet_21-03-49 - [verifyingDisplayTypeFilterFunctionality_Tablet_21-03-49]  Added 'productResult' Map into the 'results' i.e list of maps 
21:07:37 [TestNG-test-Test-1] INFO  verifyingDisplayTypeFilterFunctionality_Tablet_21-03-49 - [verifyingDisplayTypeFilterFunctionality_Tablet_21-03-49]==========================================================================================================
21:07:37 [TestNG-test-Test-1] INFO  verifyingDisplayTypeFilterFunctionality_Tablet_21-03-49 - [verifyingDisplayTypeFilterFunctionality_Tablet_21-03-49] Within safeFindElements 
21:07:37 [TestNG-test-Test-1] INFO  verifyingDisplayTypeFilterFunctionality_Tablet_21-03-49 - [verifyingDisplayTypeFilterFunctionality_Tablet_21-03-49] Returning the  [[[ChromeDriver: chrome on windows (d29da8f50220042dd5c7bb6155fa1d5a)] -> xpath: //div[@data-cy='title-recipe']], [[ChromeDriver: chrome on windows (d29da8f50220042dd5c7bb6155fa1d5a)] -> xpath: //div[@data-cy='title-recipe']], [[ChromeDriver: chrome on windows (d29da8f50220042dd5c7bb6155fa1d5a)] -> xpath: //div[@data-cy='title-recipe']], [[ChromeDriver: chrome on windows (d29da8f50220042dd5c7bb6155fa1d5a)] -> xpath: //div[@data-cy='title-recipe']], [[ChromeDriver: chrome on windows (d29da8f50220042dd5c7bb6155fa1d5a)] -> xpath: //div[@data-cy='title-recipe']], [[ChromeDriver: chrome on windows (d29da8f50220042dd5c7bb6155fa1d5a)] -> xpath: //div[@data-cy='title-recipe']], [[ChromeDriver: chrome on windows (d29da8f50220042dd5c7bb6155fa1d5a)] -> xpath: //div[@data-cy='title-recipe']], [[ChromeDriver: chrome on windows (d29da8f50220042dd5c7bb6155fa1d5a)] -> xpath: //div[@data-cy='title-recipe']], [[ChromeDriver: chrome on windows (d29da8f50220042dd5c7bb6155fa1d5a)] -> xpath: //div[@data-cy='title-recipe']], [[ChromeDriver: chrome on windows (d29da8f50220042dd5c7bb6155fa1d5a)] -> xpath: //div[@data-cy='title-recipe']], [[ChromeDriver: chrome on windows (d29da8f50220042dd5c7bb6155fa1d5a)] -> xpath: //div[@data-cy='title-recipe']], [[ChromeDriver: chrome on windows (d29da8f50220042dd5c7bb6155fa1d5a)] -> xpath: //div[@data-cy='title-recipe']], [[ChromeDriver: chrome on windows (d29da8f50220042dd5c7bb6155fa1d5a)] -> xpath: //div[@data-cy='title-recipe']], [[ChromeDriver: chrome on windows (d29da8f50220042dd5c7bb6155fa1d5a)] -> xpath: //div[@data-cy='title-recipe']], [[ChromeDriver: chrome on windows (d29da8f50220042dd5c7bb6155fa1d5a)] -> xpath: //div[@data-cy='title-recipe']], [[ChromeDriver: chrome on windows (d29da8f50220042dd5c7bb6155fa1d5a)] -> xpath: //div[@data-cy='title-recipe']]] from the safeFindElements method
21:07:37 [TestNG-test-Test-1] INFO  verifyingDisplayTypeFilterFunctionality_Tablet_21-03-49 - [verifyingDisplayTypeFilterFunctionality_Tablet_21-03-49] Within productNameListingPage loop in applyFilterAndValidateProductsWithResult
21:07:37 [TestNG-test-Test-1] INFO  verifyingDisplayTypeFilterFunctionality_Tablet_21-03-49 - [verifyingDisplayTypeFilterFunctionality_Tablet_21-03-49] Within getProductByIndex method
21:07:37 [TestNG-test-Test-1] INFO  verifyingDisplayTypeFilterFunctionality_Tablet_21-03-49 - [verifyingDisplayTypeFilterFunctionality_Tablet_21-03-49] Within safeFindElement method
21:07:37 [TestNG-test-Test-1] INFO  verifyingDisplayTypeFilterFunctionality_Tablet_21-03-49 - [verifyingDisplayTypeFilterFunctionality_Tablet_21-03-49]Found the element returning it ,element ->[[ChromeDriver: chrome on windows (d29da8f50220042dd5c7bb6155fa1d5a)] -> xpath: (//div[@data-cy='title-recipe'])[12]]
21:07:37 [TestNG-test-Test-1] INFO  verifyingDisplayTypeFilterFunctionality_Tablet_21-03-49 - [verifyingDisplayTypeFilterFunctionality_Tablet_21-03-49] Within getProductByIndex method
21:07:37 [TestNG-test-Test-1] INFO  verifyingDisplayTypeFilterFunctionality_Tablet_21-03-49 - [verifyingDisplayTypeFilterFunctionality_Tablet_21-03-49] Within smoothScrollToElement method
21:07:37 [TestNG-test-Test-1] INFO  verifyingDisplayTypeFilterFunctionality_Tablet_21-03-49 - [verifyingDisplayTypeFilterFunctionality_Tablet_21-03-49] Within safeFindElement method
21:07:37 [TestNG-test-Test-1] INFO  verifyingDisplayTypeFilterFunctionality_Tablet_21-03-49 - [verifyingDisplayTypeFilterFunctionality_Tablet_21-03-49]Found the element returning it ,element ->[[ChromeDriver: chrome on windows (d29da8f50220042dd5c7bb6155fa1d5a)] -> xpath: (//div[@data-cy='title-recipe'])[12]]
21:07:37 [TestNG-test-Test-1] INFO  verifyingDisplayTypeFilterFunctionality_Tablet_21-03-49 - [verifyingDisplayTypeFilterFunctionality_Tablet_21-03-49] Successfully scrolled to element: By.xpath: (//div[@data-cy='title-recipe'])[12]
21:07:37 [TestNG-test-Test-1] INFO  verifyingDisplayTypeFilterFunctionality_Tablet_21-03-49 - [verifyingDisplayTypeFilterFunctionality_Tablet_21-03-49] Getting product by index in productNameListingPage loop
21:07:37 [TestNG-test-Test-1] INFO  verifyingDisplayTypeFilterFunctionality_Tablet_21-03-49 - [verifyingDisplayTypeFilterFunctionality_Tablet_21-03-49] Opened product in new tab via Ctrl+Click inside productNameListingPage loop
21:07:37 [TestNG-test-Test-1] INFO  verifyingDisplayTypeFilterFunctionality_Tablet_21-03-49 - [verifyingDisplayTypeFilterFunctionality_Tablet_21-03-49] Waiting for new window to open...
21:07:37 [TestNG-test-Test-1] INFO  verifyingDisplayTypeFilterFunctionality_Tablet_21-03-49 - [verifyingDisplayTypeFilterFunctionality_Tablet_21-03-49] Switched to new window -> 12231B59E4958B35629ED72970AE69AB
21:07:37 [TestNG-test-Test-1] INFO  verifyingDisplayTypeFilterFunctionality_Tablet_21-03-49 - [verifyingDisplayTypeFilterFunctionality_Tablet_21-03-49] Swithcing to the new window  within productNameListingPage loop
21:07:37 [TestNG-test-Test-1] INFO  verifyingDisplayTypeFilterFunctionality_Tablet_21-03-49 - [verifyingDisplayTypeFilterFunctionality_Tablet_21-03-49] Clicked product name to open in new tab from productNameListingPage loop
21:07:37 [TestNG-test-Test-1] INFO  verifyingDisplayTypeFilterFunctionality_Tablet_21-03-49 - [verifyingDisplayTypeFilterFunctionality_Tablet_21-03-49] Waiting until element is visible in viewport
21:07:40 [TestNG-test-Test-1] INFO  verifyingDisplayTypeFilterFunctionality_Tablet_21-03-49 - [verifyingDisplayTypeFilterFunctionality_Tablet_21-03-49] Within safeFindElement method
21:07:40 [TestNG-test-Test-1] INFO  verifyingDisplayTypeFilterFunctionality_Tablet_21-03-49 - [verifyingDisplayTypeFilterFunctionality_Tablet_21-03-49]Found the element returning it ,element ->[[ChromeDriver: chrome on windows (d29da8f50220042dd5c7bb6155fa1d5a)] -> xpath: //span[@id='productTitle']]
21:07:40 [TestNG-test-Test-1] INFO  verifyingDisplayTypeFilterFunctionality_Tablet_21-03-49 - [verifyingDisplayTypeFilterFunctionality_Tablet_21-03-49] Within safeFindElement method
21:07:40 [TestNG-test-Test-1] INFO  verifyingDisplayTypeFilterFunctionality_Tablet_21-03-49 - [verifyingDisplayTypeFilterFunctionality_Tablet_21-03-49]Found the element returning it ,element ->[[ChromeDriver: chrome on windows (d29da8f50220042dd5c7bb6155fa1d5a)] -> xpath: //div[@class='a-section a-spacing-small a-spacing-top-small']]
21:07:40 [TestNG-test-Test-1] INFO  verifyingDisplayTypeFilterFunctionality_Tablet_21-03-49 - [verifyingDisplayTypeFilterFunctionality_Tablet_21-03-49] Within safeFindElement method
21:07:41 [TestNG-test-Test-1] INFO  verifyingDisplayTypeFilterFunctionality_Tablet_21-03-49 - [verifyingDisplayTypeFilterFunctionality_Tablet_21-03-49]Found the element returning it ,element ->[[ChromeDriver: chrome on windows (d29da8f50220042dd5c7bb6155fa1d5a)] -> xpath: //div[@id='feature-bullets']]
21:07:41 [TestNG-test-Test-1] INFO  verifyingDisplayTypeFilterFunctionality_Tablet_21-03-49 - [verifyingDisplayTypeFilterFunctionality_Tablet_21-03-49] Within safeFindElement method
21:07:41 [TestNG-test-Test-1] INFO  verifyingDisplayTypeFilterFunctionality_Tablet_21-03-49 - [verifyingDisplayTypeFilterFunctionality_Tablet_21-03-49]Found the element returning it ,element ->[[ChromeDriver: chrome on windows (d29da8f50220042dd5c7bb6155fa1d5a)] -> xpath: //div[@id='prodDetails']]
21:07:41 [TestNG-test-Test-1] INFO  verifyingDisplayTypeFilterFunctionality_Tablet_21-03-49 - [verifyingDisplayTypeFilterFunctionality_Tablet_21-03-49] Extracting 'name' , 'keyFeatures', 'about' , 'techDetails' within productNameListingPage loop
21:07:41 [TestNG-test-Test-1] INFO  verifyingDisplayTypeFilterFunctionality_Tablet_21-03-49 - [verifyingDisplayTypeFilterFunctionality_Tablet_21-03-49] Waiting until element is visible in viewport
21:07:51 [TestNG-test-Test-1] INFO  verifyingDisplayTypeFilterFunctionality_Tablet_21-03-49 - [verifyingDisplayTypeFilterFunctionality_Tablet_21-03-49] Within smoothScrollToElement method
21:07:51 [TestNG-test-Test-1] INFO  verifyingDisplayTypeFilterFunctionality_Tablet_21-03-49 - [verifyingDisplayTypeFilterFunctionality_Tablet_21-03-49] Within safeFindElement method
21:07:51 [TestNG-test-Test-1] INFO  verifyingDisplayTypeFilterFunctionality_Tablet_21-03-49 - [verifyingDisplayTypeFilterFunctionality_Tablet_21-03-49]Found the element returning it ,element ->[[ChromeDriver: chrome on windows (d29da8f50220042dd5c7bb6155fa1d5a)] -> xpath: //a[@id='seeMoreDetailsLink']]
21:07:51 [TestNG-test-Test-1] INFO  verifyingDisplayTypeFilterFunctionality_Tablet_21-03-49 - [verifyingDisplayTypeFilterFunctionality_Tablet_21-03-49] Successfully scrolled to element: By.xpath: //a[@id='seeMoreDetailsLink']
21:07:51 [TestNG-test-Test-1] INFO  verifyingDisplayTypeFilterFunctionality_Tablet_21-03-49 - [verifyingDisplayTypeFilterFunctionality_Tablet_21-03-49] Within safeClick method
21:07:52 [TestNG-test-Test-1] INFO  verifyingDisplayTypeFilterFunctionality_Tablet_21-03-49 - [verifyingDisplayTypeFilterFunctionality_Tablet_21-03-49] Clicked the  [[ChromeDriver: chrome on windows (d29da8f50220042dd5c7bb6155fa1d5a)] -> xpath: //a[@id='seeMoreDetailsLink']]   using safeClick
21:07:52 [TestNG-test-Test-1] INFO  verifyingDisplayTypeFilterFunctionality_Tablet_21-03-49 - [verifyingDisplayTypeFilterFunctionality_Tablet_21-03-49] Within try block for clicking see more deatils within productNameListingPage loop
21:07:52 [TestNG-test-Test-1] INFO  verifyingDisplayTypeFilterFunctionality_Tablet_21-03-49 - [verifyingDisplayTypeFilterFunctionality_Tablet_21-03-49] Within closeCurrentWindowAndSwitchBack method
21:07:52 [TestNG-test-Test-1] INFO  verifyingDisplayTypeFilterFunctionality_Tablet_21-03-49 - [verifyingDisplayTypeFilterFunctionality_Tablet_21-03-49] Total open windows/tabs count -> 2
21:07:52 [TestNG-test-Test-1] INFO  verifyingDisplayTypeFilterFunctionality_Tablet_21-03-49 - [verifyingDisplayTypeFilterFunctionality_Tablet_21-03-49] Original window handle -> 010E3A3AD5DF7B279A27341D797C4235
21:07:52 [TestNG-test-Test-1] INFO  verifyingDisplayTypeFilterFunctionality_Tablet_21-03-49 - [verifyingDisplayTypeFilterFunctionality_Tablet_21-03-49] Found new tab/window handle -> 12231B59E4958B35629ED72970AE69AB (will be closed)
21:07:52 [TestNG-test-Test-1] INFO  verifyingDisplayTypeFilterFunctionality_Tablet_21-03-49 - [verifyingDisplayTypeFilterFunctionality_Tablet_21-03-49] Successfully switched to new tab/window -> 12231B59E4958B35629ED72970AE69AB
21:07:52 [TestNG-test-Test-1] INFO  verifyingDisplayTypeFilterFunctionality_Tablet_21-03-49 - [verifyingDisplayTypeFilterFunctionality_Tablet_21-03-49] Closed the newly opened tab/window -> 12231B59E4958B35629ED72970AE69AB
21:07:52 [TestNG-test-Test-1] INFO  verifyingDisplayTypeFilterFunctionality_Tablet_21-03-49 - [verifyingDisplayTypeFilterFunctionality_Tablet_21-03-49] Switched back to the original window -> 010E3A3AD5DF7B279A27341D797C4235
21:07:52 [TestNG-test-Test-1] INFO  verifyingDisplayTypeFilterFunctionality_Tablet_21-03-49 - [verifyingDisplayTypeFilterFunctionality_Tablet_21-03-49]  going back to product listing via closeCurrentWindowAndSwitchBack 
21:07:52 [TestNG-test-Test-1] INFO  verifyingDisplayTypeFilterFunctionality_Tablet_21-03-49 - [verifyingDisplayTypeFilterFunctionality_Tablet_21-03-49]  Added 'filter','title','keyFeatures', 'about', 'techDetails' into the Map -> productResult
21:07:52 [TestNG-test-Test-1] INFO  verifyingDisplayTypeFilterFunctionality_Tablet_21-03-49 - [verifyingDisplayTypeFilterFunctionality_Tablet_21-03-49]  Added 'productResult' Map into the 'results' i.e list of maps 
21:07:52 [TestNG-test-Test-1] INFO  verifyingDisplayTypeFilterFunctionality_Tablet_21-03-49 - [verifyingDisplayTypeFilterFunctionality_Tablet_21-03-49]==========================================================================================================
21:07:52 [TestNG-test-Test-1] INFO  verifyingDisplayTypeFilterFunctionality_Tablet_21-03-49 - [verifyingDisplayTypeFilterFunctionality_Tablet_21-03-49] Within safeFindElements 
21:07:52 [TestNG-test-Test-1] INFO  verifyingDisplayTypeFilterFunctionality_Tablet_21-03-49 - [verifyingDisplayTypeFilterFunctionality_Tablet_21-03-49] Returning the  [[[ChromeDriver: chrome on windows (d29da8f50220042dd5c7bb6155fa1d5a)] -> xpath: //div[@data-cy='title-recipe']], [[ChromeDriver: chrome on windows (d29da8f50220042dd5c7bb6155fa1d5a)] -> xpath: //div[@data-cy='title-recipe']], [[ChromeDriver: chrome on windows (d29da8f50220042dd5c7bb6155fa1d5a)] -> xpath: //div[@data-cy='title-recipe']], [[ChromeDriver: chrome on windows (d29da8f50220042dd5c7bb6155fa1d5a)] -> xpath: //div[@data-cy='title-recipe']], [[ChromeDriver: chrome on windows (d29da8f50220042dd5c7bb6155fa1d5a)] -> xpath: //div[@data-cy='title-recipe']], [[ChromeDriver: chrome on windows (d29da8f50220042dd5c7bb6155fa1d5a)] -> xpath: //div[@data-cy='title-recipe']], [[ChromeDriver: chrome on windows (d29da8f50220042dd5c7bb6155fa1d5a)] -> xpath: //div[@data-cy='title-recipe']], [[ChromeDriver: chrome on windows (d29da8f50220042dd5c7bb6155fa1d5a)] -> xpath: //div[@data-cy='title-recipe']], [[ChromeDriver: chrome on windows (d29da8f50220042dd5c7bb6155fa1d5a)] -> xpath: //div[@data-cy='title-recipe']], [[ChromeDriver: chrome on windows (d29da8f50220042dd5c7bb6155fa1d5a)] -> xpath: //div[@data-cy='title-recipe']], [[ChromeDriver: chrome on windows (d29da8f50220042dd5c7bb6155fa1d5a)] -> xpath: //div[@data-cy='title-recipe']], [[ChromeDriver: chrome on windows (d29da8f50220042dd5c7bb6155fa1d5a)] -> xpath: //div[@data-cy='title-recipe']], [[ChromeDriver: chrome on windows (d29da8f50220042dd5c7bb6155fa1d5a)] -> xpath: //div[@data-cy='title-recipe']], [[ChromeDriver: chrome on windows (d29da8f50220042dd5c7bb6155fa1d5a)] -> xpath: //div[@data-cy='title-recipe']], [[ChromeDriver: chrome on windows (d29da8f50220042dd5c7bb6155fa1d5a)] -> xpath: //div[@data-cy='title-recipe']], [[ChromeDriver: chrome on windows (d29da8f50220042dd5c7bb6155fa1d5a)] -> xpath: //div[@data-cy='title-recipe']]] from the safeFindElements method
21:07:52 [TestNG-test-Test-1] INFO  verifyingDisplayTypeFilterFunctionality_Tablet_21-03-49 - [verifyingDisplayTypeFilterFunctionality_Tablet_21-03-49] Within productNameListingPage loop in applyFilterAndValidateProductsWithResult
21:07:52 [TestNG-test-Test-1] INFO  verifyingDisplayTypeFilterFunctionality_Tablet_21-03-49 - [verifyingDisplayTypeFilterFunctionality_Tablet_21-03-49] Within getProductByIndex method
21:07:52 [TestNG-test-Test-1] INFO  verifyingDisplayTypeFilterFunctionality_Tablet_21-03-49 - [verifyingDisplayTypeFilterFunctionality_Tablet_21-03-49] Within safeFindElement method
21:07:52 [TestNG-test-Test-1] INFO  verifyingDisplayTypeFilterFunctionality_Tablet_21-03-49 - [verifyingDisplayTypeFilterFunctionality_Tablet_21-03-49]Found the element returning it ,element ->[[ChromeDriver: chrome on windows (d29da8f50220042dd5c7bb6155fa1d5a)] -> xpath: (//div[@data-cy='title-recipe'])[13]]
21:07:52 [TestNG-test-Test-1] INFO  verifyingDisplayTypeFilterFunctionality_Tablet_21-03-49 - [verifyingDisplayTypeFilterFunctionality_Tablet_21-03-49] Within getProductByIndex method
21:07:52 [TestNG-test-Test-1] INFO  verifyingDisplayTypeFilterFunctionality_Tablet_21-03-49 - [verifyingDisplayTypeFilterFunctionality_Tablet_21-03-49] Within smoothScrollToElement method
21:07:52 [TestNG-test-Test-1] INFO  verifyingDisplayTypeFilterFunctionality_Tablet_21-03-49 - [verifyingDisplayTypeFilterFunctionality_Tablet_21-03-49] Within safeFindElement method
21:07:52 [TestNG-test-Test-1] INFO  verifyingDisplayTypeFilterFunctionality_Tablet_21-03-49 - [verifyingDisplayTypeFilterFunctionality_Tablet_21-03-49]Found the element returning it ,element ->[[ChromeDriver: chrome on windows (d29da8f50220042dd5c7bb6155fa1d5a)] -> xpath: (//div[@data-cy='title-recipe'])[13]]
21:07:52 [TestNG-test-Test-1] INFO  verifyingDisplayTypeFilterFunctionality_Tablet_21-03-49 - [verifyingDisplayTypeFilterFunctionality_Tablet_21-03-49] Successfully scrolled to element: By.xpath: (//div[@data-cy='title-recipe'])[13]
21:07:52 [TestNG-test-Test-1] INFO  verifyingDisplayTypeFilterFunctionality_Tablet_21-03-49 - [verifyingDisplayTypeFilterFunctionality_Tablet_21-03-49] Getting product by index in productNameListingPage loop
21:07:52 [TestNG-test-Test-1] INFO  verifyingDisplayTypeFilterFunctionality_Tablet_21-03-49 - [verifyingDisplayTypeFilterFunctionality_Tablet_21-03-49] Opened product in new tab via Ctrl+Click inside productNameListingPage loop
21:07:52 [TestNG-test-Test-1] INFO  verifyingDisplayTypeFilterFunctionality_Tablet_21-03-49 - [verifyingDisplayTypeFilterFunctionality_Tablet_21-03-49] Waiting for new window to open...
21:07:52 [TestNG-test-Test-1] INFO  verifyingDisplayTypeFilterFunctionality_Tablet_21-03-49 - [verifyingDisplayTypeFilterFunctionality_Tablet_21-03-49] Switched to new window -> CDA514090BE14A4077E17C369A7B2539
21:07:52 [TestNG-test-Test-1] INFO  verifyingDisplayTypeFilterFunctionality_Tablet_21-03-49 - [verifyingDisplayTypeFilterFunctionality_Tablet_21-03-49] Swithcing to the new window  within productNameListingPage loop
21:07:52 [TestNG-test-Test-1] INFO  verifyingDisplayTypeFilterFunctionality_Tablet_21-03-49 - [verifyingDisplayTypeFilterFunctionality_Tablet_21-03-49] Clicked product name to open in new tab from productNameListingPage loop
21:07:52 [TestNG-test-Test-1] INFO  verifyingDisplayTypeFilterFunctionality_Tablet_21-03-49 - [verifyingDisplayTypeFilterFunctionality_Tablet_21-03-49] Waiting until element is visible in viewport
21:07:55 [TestNG-test-Test-1] WARN  verifyingDisplayTypeFilterFunctionality_Tablet_21-03-49 - [verifyingDisplayTypeFilterFunctionality_Tablet_21-03-49] Product detail page did not load for index 13 filter 'LCD'; skipping detail scrape to avoid redundant retries/timeouts
21:07:55 [TestNG-test-Test-1] INFO  verifyingDisplayTypeFilterFunctionality_Tablet_21-03-49 - [verifyingDisplayTypeFilterFunctionality_Tablet_21-03-49] Within closeCurrentWindowAndSwitchBack method
21:07:55 [TestNG-test-Test-1] INFO  verifyingDisplayTypeFilterFunctionality_Tablet_21-03-49 - [verifyingDisplayTypeFilterFunctionality_Tablet_21-03-49] Total open windows/tabs count -> 2
21:07:55 [TestNG-test-Test-1] INFO  verifyingDisplayTypeFilterFunctionality_Tablet_21-03-49 - [verifyingDisplayTypeFilterFunctionality_Tablet_21-03-49] Original window handle -> 010E3A3AD5DF7B279A27341D797C4235
21:07:55 [TestNG-test-Test-1] INFO  verifyingDisplayTypeFilterFunctionality_Tablet_21-03-49 - [verifyingDisplayTypeFilterFunctionality_Tablet_21-03-49] Found new tab/window handle -> CDA514090BE14A4077E17C369A7B2539 (will be closed)
21:07:55 [TestNG-test-Test-1] INFO  verifyingDisplayTypeFilterFunctionality_Tablet_21-03-49 - [verifyingDisplayTypeFilterFunctionality_Tablet_21-03-49] Successfully switched to new tab/window -> CDA514090BE14A4077E17C369A7B2539
21:07:55 [TestNG-test-Test-1] INFO  verifyingDisplayTypeFilterFunctionality_Tablet_21-03-49 - [verifyingDisplayTypeFilterFunctionality_Tablet_21-03-49] Closed the newly opened tab/window -> CDA514090BE14A4077E17C369A7B2539
21:07:55 [TestNG-test-Test-1] INFO  verifyingDisplayTypeFilterFunctionality_Tablet_21-03-49 - [verifyingDisplayTypeFilterFunctionality_Tablet_21-03-49] Switched back to the original window -> 010E3A3AD5DF7B279A27341D797C4235
21:07:55 [TestNG-test-Test-1] INFO  verifyingDisplayTypeFilterFunctionality_Tablet_21-03-49 - [verifyingDisplayTypeFilterFunctionality_Tablet_21-03-49]  going back to product listing via closeCurrentWindowAndSwitchBack 
21:07:55 [TestNG-test-Test-1] INFO  verifyingDisplayTypeFilterFunctionality_Tablet_21-03-49 - [verifyingDisplayTypeFilterFunctionality_Tablet_21-03-49]  Added 'filter','title','keyFeatures', 'about', 'techDetails' into the Map -> productResult
21:07:55 [TestNG-test-Test-1] INFO  verifyingDisplayTypeFilterFunctionality_Tablet_21-03-49 - [verifyingDisplayTypeFilterFunctionality_Tablet_21-03-49]  Added 'productResult' Map into the 'results' i.e list of maps 
21:07:55 [TestNG-test-Test-1] INFO  verifyingDisplayTypeFilterFunctionality_Tablet_21-03-49 - [verifyingDisplayTypeFilterFunctionality_Tablet_21-03-49]==========================================================================================================
21:07:55 [TestNG-test-Test-1] INFO  verifyingDisplayTypeFilterFunctionality_Tablet_21-03-49 - [verifyingDisplayTypeFilterFunctionality_Tablet_21-03-49] Within safeFindElements 
21:07:55 [TestNG-test-Test-1] INFO  verifyingDisplayTypeFilterFunctionality_Tablet_21-03-49 - [verifyingDisplayTypeFilterFunctionality_Tablet_21-03-49] Returning the  [[[ChromeDriver: chrome on windows (d29da8f50220042dd5c7bb6155fa1d5a)] -> xpath: //div[@data-cy='title-recipe']], [[ChromeDriver: chrome on windows (d29da8f50220042dd5c7bb6155fa1d5a)] -> xpath: //div[@data-cy='title-recipe']], [[ChromeDriver: chrome on windows (d29da8f50220042dd5c7bb6155fa1d5a)] -> xpath: //div[@data-cy='title-recipe']], [[ChromeDriver: chrome on windows (d29da8f50220042dd5c7bb6155fa1d5a)] -> xpath: //div[@data-cy='title-recipe']], [[ChromeDriver: chrome on windows (d29da8f50220042dd5c7bb6155fa1d5a)] -> xpath: //div[@data-cy='title-recipe']], [[ChromeDriver: chrome on windows (d29da8f50220042dd5c7bb6155fa1d5a)] -> xpath: //div[@data-cy='title-recipe']], [[ChromeDriver: chrome on windows (d29da8f50220042dd5c7bb6155fa1d5a)] -> xpath: //div[@data-cy='title-recipe']], [[ChromeDriver: chrome on windows (d29da8f50220042dd5c7bb6155fa1d5a)] -> xpath: //div[@data-cy='title-recipe']], [[ChromeDriver: chrome on windows (d29da8f50220042dd5c7bb6155fa1d5a)] -> xpath: //div[@data-cy='title-recipe']], [[ChromeDriver: chrome on windows (d29da8f50220042dd5c7bb6155fa1d5a)] -> xpath: //div[@data-cy='title-recipe']], [[ChromeDriver: chrome on windows (d29da8f50220042dd5c7bb6155fa1d5a)] -> xpath: //div[@data-cy='title-recipe']], [[ChromeDriver: chrome on windows (d29da8f50220042dd5c7bb6155fa1d5a)] -> xpath: //div[@data-cy='title-recipe']], [[ChromeDriver: chrome on windows (d29da8f50220042dd5c7bb6155fa1d5a)] -> xpath: //div[@data-cy='title-recipe']], [[ChromeDriver: chrome on windows (d29da8f50220042dd5c7bb6155fa1d5a)] -> xpath: //div[@data-cy='title-recipe']], [[ChromeDriver: chrome on windows (d29da8f50220042dd5c7bb6155fa1d5a)] -> xpath: //div[@data-cy='title-recipe']], [[ChromeDriver: chrome on windows (d29da8f50220042dd5c7bb6155fa1d5a)] -> xpath: //div[@data-cy='title-recipe']]] from the safeFindElements method
21:07:55 [TestNG-test-Test-1] INFO  verifyingDisplayTypeFilterFunctionality_Tablet_21-03-49 - [verifyingDisplayTypeFilterFunctionality_Tablet_21-03-49] Within productNameListingPage loop in applyFilterAndValidateProductsWithResult
21:07:55 [TestNG-test-Test-1] INFO  verifyingDisplayTypeFilterFunctionality_Tablet_21-03-49 - [verifyingDisplayTypeFilterFunctionality_Tablet_21-03-49] Within getProductByIndex method
21:07:55 [TestNG-test-Test-1] INFO  verifyingDisplayTypeFilterFunctionality_Tablet_21-03-49 - [verifyingDisplayTypeFilterFunctionality_Tablet_21-03-49] Within safeFindElement method
21:07:55 [TestNG-test-Test-1] INFO  verifyingDisplayTypeFilterFunctionality_Tablet_21-03-49 - [verifyingDisplayTypeFilterFunctionality_Tablet_21-03-49]Found the element returning it ,element ->[[ChromeDriver: chrome on windows (d29da8f50220042dd5c7bb6155fa1d5a)] -> xpath: (//div[@data-cy='title-recipe'])[14]]
21:07:55 [TestNG-test-Test-1] INFO  verifyingDisplayTypeFilterFunctionality_Tablet_21-03-49 - [verifyingDisplayTypeFilterFunctionality_Tablet_21-03-49] Within getProductByIndex method
21:07:55 [TestNG-test-Test-1] INFO  verifyingDisplayTypeFilterFunctionality_Tablet_21-03-49 - [verifyingDisplayTypeFilterFunctionality_Tablet_21-03-49] Within smoothScrollToElement method
21:07:55 [TestNG-test-Test-1] INFO  verifyingDisplayTypeFilterFunctionality_Tablet_21-03-49 - [verifyingDisplayTypeFilterFunctionality_Tablet_21-03-49] Within safeFindElement method
21:07:55 [TestNG-test-Test-1] INFO  verifyingDisplayTypeFilterFunctionality_Tablet_21-03-49 - [verifyingDisplayTypeFilterFunctionality_Tablet_21-03-49]Found the element returning it ,element ->[[ChromeDriver: chrome on windows (d29da8f50220042dd5c7bb6155fa1d5a)] -> xpath: (//div[@data-cy='title-recipe'])[14]]
21:07:55 [TestNG-test-Test-1] INFO  verifyingDisplayTypeFilterFunctionality_Tablet_21-03-49 - [verifyingDisplayTypeFilterFunctionality_Tablet_21-03-49] Successfully scrolled to element: By.xpath: (//div[@data-cy='title-recipe'])[14]
21:07:55 [TestNG-test-Test-1] INFO  verifyingDisplayTypeFilterFunctionality_Tablet_21-03-49 - [verifyingDisplayTypeFilterFunctionality_Tablet_21-03-49] Getting product by index in productNameListingPage loop
21:07:55 [TestNG-test-Test-1] INFO  verifyingDisplayTypeFilterFunctionality_Tablet_21-03-49 - [verifyingDisplayTypeFilterFunctionality_Tablet_21-03-49] Opened product in new tab via Ctrl+Click inside productNameListingPage loop
21:07:55 [TestNG-test-Test-1] INFO  verifyingDisplayTypeFilterFunctionality_Tablet_21-03-49 - [verifyingDisplayTypeFilterFunctionality_Tablet_21-03-49] Waiting for new window to open...
21:07:55 [TestNG-test-Test-1] INFO  verifyingDisplayTypeFilterFunctionality_Tablet_21-03-49 - [verifyingDisplayTypeFilterFunctionality_Tablet_21-03-49] Switched to new window -> 9642FBEEE084D9E652556ABCEC92023B
21:07:55 [TestNG-test-Test-1] INFO  verifyingDisplayTypeFilterFunctionality_Tablet_21-03-49 - [verifyingDisplayTypeFilterFunctionality_Tablet_21-03-49] Swithcing to the new window  within productNameListingPage loop
21:07:55 [TestNG-test-Test-1] INFO  verifyingDisplayTypeFilterFunctionality_Tablet_21-03-49 - [verifyingDisplayTypeFilterFunctionality_Tablet_21-03-49] Clicked product name to open in new tab from productNameListingPage loop
21:07:55 [TestNG-test-Test-1] INFO  verifyingDisplayTypeFilterFunctionality_Tablet_21-03-49 - [verifyingDisplayTypeFilterFunctionality_Tablet_21-03-49] Waiting until element is visible in viewport
21:07:58 [TestNG-test-Test-1] WARN  verifyingDisplayTypeFilterFunctionality_Tablet_21-03-49 - [verifyingDisplayTypeFilterFunctionality_Tablet_21-03-49] Product detail page did not load for index 14 filter 'LCD'; skipping detail scrape to avoid redundant retries/timeouts
21:07:58 [TestNG-test-Test-1] INFO  verifyingDisplayTypeFilterFunctionality_Tablet_21-03-49 - [verifyingDisplayTypeFilterFunctionality_Tablet_21-03-49] Within closeCurrentWindowAndSwitchBack method
21:07:58 [TestNG-test-Test-1] INFO  verifyingDisplayTypeFilterFunctionality_Tablet_21-03-49 - [verifyingDisplayTypeFilterFunctionality_Tablet_21-03-49] Total open windows/tabs count -> 2
21:07:58 [TestNG-test-Test-1] INFO  verifyingDisplayTypeFilterFunctionality_Tablet_21-03-49 - [verifyingDisplayTypeFilterFunctionality_Tablet_21-03-49] Original window handle -> 010E3A3AD5DF7B279A27341D797C4235
21:07:58 [TestNG-test-Test-1] INFO  verifyingDisplayTypeFilterFunctionality_Tablet_21-03-49 - [verifyingDisplayTypeFilterFunctionality_Tablet_21-03-49] Found new tab/window handle -> 9642FBEEE084D9E652556ABCEC92023B (will be closed)
21:07:58 [TestNG-test-Test-1] INFO  verifyingDisplayTypeFilterFunctionality_Tablet_21-03-49 - [verifyingDisplayTypeFilterFunctionality_Tablet_21-03-49] Successfully switched to new tab/window -> 9642FBEEE084D9E652556ABCEC92023B
21:07:58 [TestNG-test-Test-1] INFO  verifyingDisplayTypeFilterFunctionality_Tablet_21-03-49 - [verifyingDisplayTypeFilterFunctionality_Tablet_21-03-49] Closed the newly opened tab/window -> 9642FBEEE084D9E652556ABCEC92023B
21:07:58 [TestNG-test-Test-1] INFO  verifyingDisplayTypeFilterFunctionality_Tablet_21-03-49 - [verifyingDisplayTypeFilterFunctionality_Tablet_21-03-49] Switched back to the original window -> 010E3A3AD5DF7B279A27341D797C4235
21:07:58 [TestNG-test-Test-1] INFO  verifyingDisplayTypeFilterFunctionality_Tablet_21-03-49 - [verifyingDisplayTypeFilterFunctionality_Tablet_21-03-49]  going back to product listing via closeCurrentWindowAndSwitchBack 
21:07:58 [TestNG-test-Test-1] INFO  verifyingDisplayTypeFilterFunctionality_Tablet_21-03-49 - [verifyingDisplayTypeFilterFunctionality_Tablet_21-03-49]  Added 'filter','title','keyFeatures', 'about', 'techDetails' into the Map -> productResult
21:07:58 [TestNG-test-Test-1] INFO  verifyingDisplayTypeFilterFunctionality_Tablet_21-03-49 - [verifyingDisplayTypeFilterFunctionality_Tablet_21-03-49]  Added 'productResult' Map into the 'results' i.e list of maps 
21:07:58 [TestNG-test-Test-1] INFO  verifyingDisplayTypeFilterFunctionality_Tablet_21-03-49 - [verifyingDisplayTypeFilterFunctionality_Tablet_21-03-49]==========================================================================================================
21:07:58 [TestNG-test-Test-1] INFO  verifyingDisplayTypeFilterFunctionality_Tablet_21-03-49 - [verifyingDisplayTypeFilterFunctionality_Tablet_21-03-49] Within safeFindElements 
21:07:58 [TestNG-test-Test-1] INFO  verifyingDisplayTypeFilterFunctionality_Tablet_21-03-49 - [verifyingDisplayTypeFilterFunctionality_Tablet_21-03-49] Returning the  [[[ChromeDriver: chrome on windows (d29da8f50220042dd5c7bb6155fa1d5a)] -> xpath: //div[@data-cy='title-recipe']], [[ChromeDriver: chrome on windows (d29da8f50220042dd5c7bb6155fa1d5a)] -> xpath: //div[@data-cy='title-recipe']], [[ChromeDriver: chrome on windows (d29da8f50220042dd5c7bb6155fa1d5a)] -> xpath: //div[@data-cy='title-recipe']], [[ChromeDriver: chrome on windows (d29da8f50220042dd5c7bb6155fa1d5a)] -> xpath: //div[@data-cy='title-recipe']], [[ChromeDriver: chrome on windows (d29da8f50220042dd5c7bb6155fa1d5a)] -> xpath: //div[@data-cy='title-recipe']], [[ChromeDriver: chrome on windows (d29da8f50220042dd5c7bb6155fa1d5a)] -> xpath: //div[@data-cy='title-recipe']], [[ChromeDriver: chrome on windows (d29da8f50220042dd5c7bb6155fa1d5a)] -> xpath: //div[@data-cy='title-recipe']], [[ChromeDriver: chrome on windows (d29da8f50220042dd5c7bb6155fa1d5a)] -> xpath: //div[@data-cy='title-recipe']], [[ChromeDriver: chrome on windows (d29da8f50220042dd5c7bb6155fa1d5a)] -> xpath: //div[@data-cy='title-recipe']], [[ChromeDriver: chrome on windows (d29da8f50220042dd5c7bb6155fa1d5a)] -> xpath: //div[@data-cy='title-recipe']], [[ChromeDriver: chrome on windows (d29da8f50220042dd5c7bb6155fa1d5a)] -> xpath: //div[@data-cy='title-recipe']], [[ChromeDriver: chrome on windows (d29da8f50220042dd5c7bb6155fa1d5a)] -> xpath: //div[@data-cy='title-recipe']], [[ChromeDriver: chrome on windows (d29da8f50220042dd5c7bb6155fa1d5a)] -> xpath: //div[@data-cy='title-recipe']], [[ChromeDriver: chrome on windows (d29da8f50220042dd5c7bb6155fa1d5a)] -> xpath: //div[@data-cy='title-recipe']], [[ChromeDriver: chrome on windows (d29da8f50220042dd5c7bb6155fa1d5a)] -> xpath: //div[@data-cy='title-recipe']], [[ChromeDriver: chrome on windows (d29da8f50220042dd5c7bb6155fa1d5a)] -> xpath: //div[@data-cy='title-recipe']]] from the safeFindElements method
21:07:58 [TestNG-test-Test-1] INFO  verifyingDisplayTypeFilterFunctionality_Tablet_21-03-49 - [verifyingDisplayTypeFilterFunctionality_Tablet_21-03-49] Within productNameListingPage loop in applyFilterAndValidateProductsWithResult
21:07:58 [TestNG-test-Test-1] INFO  verifyingDisplayTypeFilterFunctionality_Tablet_21-03-49 - [verifyingDisplayTypeFilterFunctionality_Tablet_21-03-49] Within getProductByIndex method
21:07:58 [TestNG-test-Test-1] INFO  verifyingDisplayTypeFilterFunctionality_Tablet_21-03-49 - [verifyingDisplayTypeFilterFunctionality_Tablet_21-03-49] Within safeFindElement method
21:07:58 [TestNG-test-Test-1] INFO  verifyingDisplayTypeFilterFunctionality_Tablet_21-03-49 - [verifyingDisplayTypeFilterFunctionality_Tablet_21-03-49]Found the element returning it ,element ->[[ChromeDriver: chrome on windows (d29da8f50220042dd5c7bb6155fa1d5a)] -> xpath: (//div[@data-cy='title-recipe'])[15]]
21:07:58 [TestNG-test-Test-1] INFO  verifyingDisplayTypeFilterFunctionality_Tablet_21-03-49 - [verifyingDisplayTypeFilterFunctionality_Tablet_21-03-49] Within getProductByIndex method
21:07:58 [TestNG-test-Test-1] INFO  verifyingDisplayTypeFilterFunctionality_Tablet_21-03-49 - [verifyingDisplayTypeFilterFunctionality_Tablet_21-03-49] Within smoothScrollToElement method
21:07:58 [TestNG-test-Test-1] INFO  verifyingDisplayTypeFilterFunctionality_Tablet_21-03-49 - [verifyingDisplayTypeFilterFunctionality_Tablet_21-03-49] Within safeFindElement method
21:07:58 [TestNG-test-Test-1] INFO  verifyingDisplayTypeFilterFunctionality_Tablet_21-03-49 - [verifyingDisplayTypeFilterFunctionality_Tablet_21-03-49]Found the element returning it ,element ->[[ChromeDriver: chrome on windows (d29da8f50220042dd5c7bb6155fa1d5a)] -> xpath: (//div[@data-cy='title-recipe'])[15]]
21:07:58 [TestNG-test-Test-1] INFO  verifyingDisplayTypeFilterFunctionality_Tablet_21-03-49 - [verifyingDisplayTypeFilterFunctionality_Tablet_21-03-49] Successfully scrolled to element: By.xpath: (//div[@data-cy='title-recipe'])[15]
21:07:58 [TestNG-test-Test-1] INFO  verifyingDisplayTypeFilterFunctionality_Tablet_21-03-49 - [verifyingDisplayTypeFilterFunctionality_Tablet_21-03-49] Getting product by index in productNameListingPage loop
21:07:58 [TestNG-test-Test-1] INFO  verifyingDisplayTypeFilterFunctionality_Tablet_21-03-49 - [verifyingDisplayTypeFilterFunctionality_Tablet_21-03-49] Opened product in new tab via Ctrl+Click inside productNameListingPage loop
21:07:58 [TestNG-test-Test-1] INFO  verifyingDisplayTypeFilterFunctionality_Tablet_21-03-49 - [verifyingDisplayTypeFilterFunctionality_Tablet_21-03-49] Waiting for new window to open...
21:07:58 [TestNG-test-Test-1] INFO  verifyingDisplayTypeFilterFunctionality_Tablet_21-03-49 - [verifyingDisplayTypeFilterFunctionality_Tablet_21-03-49] Switched to new window -> A3F29034302BC7DF5B331BFB40AD3768
21:07:58 [TestNG-test-Test-1] INFO  verifyingDisplayTypeFilterFunctionality_Tablet_21-03-49 - [verifyingDisplayTypeFilterFunctionality_Tablet_21-03-49] Swithcing to the new window  within productNameListingPage loop
21:07:58 [TestNG-test-Test-1] INFO  verifyingDisplayTypeFilterFunctionality_Tablet_21-03-49 - [verifyingDisplayTypeFilterFunctionality_Tablet_21-03-49] Clicked product name to open in new tab from productNameListingPage loop
21:07:58 [TestNG-test-Test-1] INFO  verifyingDisplayTypeFilterFunctionality_Tablet_21-03-49 - [verifyingDisplayTypeFilterFunctionality_Tablet_21-03-49] Waiting until element is visible in viewport
21:08:01 [TestNG-test-Test-1] INFO  verifyingDisplayTypeFilterFunctionality_Tablet_21-03-49 - [verifyingDisplayTypeFilterFunctionality_Tablet_21-03-49] Within safeFindElement method
21:08:01 [TestNG-test-Test-1] INFO  verifyingDisplayTypeFilterFunctionality_Tablet_21-03-49 - [verifyingDisplayTypeFilterFunctionality_Tablet_21-03-49]Found the element returning it ,element ->[[ChromeDriver: chrome on windows (d29da8f50220042dd5c7bb6155fa1d5a)] -> xpath: //span[@id='productTitle']]
21:08:01 [TestNG-test-Test-1] INFO  verifyingDisplayTypeFilterFunctionality_Tablet_21-03-49 - [verifyingDisplayTypeFilterFunctionality_Tablet_21-03-49] Within safeFindElement method
21:08:01 [TestNG-test-Test-1] INFO  verifyingDisplayTypeFilterFunctionality_Tablet_21-03-49 - [verifyingDisplayTypeFilterFunctionality_Tablet_21-03-49]Found the element returning it ,element ->[[ChromeDriver: chrome on windows (d29da8f50220042dd5c7bb6155fa1d5a)] -> xpath: //div[@class='a-section a-spacing-small a-spacing-top-small']]
21:08:01 [TestNG-test-Test-1] INFO  verifyingDisplayTypeFilterFunctionality_Tablet_21-03-49 - [verifyingDisplayTypeFilterFunctionality_Tablet_21-03-49] Within safeFindElement method
21:08:01 [TestNG-test-Test-1] INFO  verifyingDisplayTypeFilterFunctionality_Tablet_21-03-49 - [verifyingDisplayTypeFilterFunctionality_Tablet_21-03-49]Found the element returning it ,element ->[[ChromeDriver: chrome on windows (d29da8f50220042dd5c7bb6155fa1d5a)] -> xpath: //div[@id='feature-bullets']]
21:08:01 [TestNG-test-Test-1] INFO  verifyingDisplayTypeFilterFunctionality_Tablet_21-03-49 - [verifyingDisplayTypeFilterFunctionality_Tablet_21-03-49] Within safeFindElement method
21:08:01 [TestNG-test-Test-1] INFO  verifyingDisplayTypeFilterFunctionality_Tablet_21-03-49 - [verifyingDisplayTypeFilterFunctionality_Tablet_21-03-49]Found the element returning it ,element ->[[ChromeDriver: chrome on windows (d29da8f50220042dd5c7bb6155fa1d5a)] -> xpath: //div[@id='prodDetails']]
21:08:01 [TestNG-test-Test-1] INFO  verifyingDisplayTypeFilterFunctionality_Tablet_21-03-49 - [verifyingDisplayTypeFilterFunctionality_Tablet_21-03-49] Extracting 'name' , 'keyFeatures', 'about' , 'techDetails' within productNameListingPage loop
21:08:01 [TestNG-test-Test-1] INFO  verifyingDisplayTypeFilterFunctionality_Tablet_21-03-49 - [verifyingDisplayTypeFilterFunctionality_Tablet_21-03-49] Waiting until element is visible in viewport
21:08:12 [TestNG-test-Test-1] INFO  verifyingDisplayTypeFilterFunctionality_Tablet_21-03-49 - [verifyingDisplayTypeFilterFunctionality_Tablet_21-03-49] Within smoothScrollToElement method
21:08:12 [TestNG-test-Test-1] INFO  verifyingDisplayTypeFilterFunctionality_Tablet_21-03-49 - [verifyingDisplayTypeFilterFunctionality_Tablet_21-03-49] Within safeFindElement method
21:08:12 [TestNG-test-Test-1] INFO  verifyingDisplayTypeFilterFunctionality_Tablet_21-03-49 - [verifyingDisplayTypeFilterFunctionality_Tablet_21-03-49]Found the element returning it ,element ->[[ChromeDriver: chrome on windows (d29da8f50220042dd5c7bb6155fa1d5a)] -> xpath: //a[@id='seeMoreDetailsLink']]
21:08:12 [TestNG-test-Test-1] INFO  verifyingDisplayTypeFilterFunctionality_Tablet_21-03-49 - [verifyingDisplayTypeFilterFunctionality_Tablet_21-03-49] Successfully scrolled to element: By.xpath: //a[@id='seeMoreDetailsLink']
21:08:12 [TestNG-test-Test-1] INFO  verifyingDisplayTypeFilterFunctionality_Tablet_21-03-49 - [verifyingDisplayTypeFilterFunctionality_Tablet_21-03-49] Within safeClick method
21:08:12 [TestNG-test-Test-1] INFO  verifyingDisplayTypeFilterFunctionality_Tablet_21-03-49 - [verifyingDisplayTypeFilterFunctionality_Tablet_21-03-49] Clicked the  [[ChromeDriver: chrome on windows (d29da8f50220042dd5c7bb6155fa1d5a)] -> xpath: //a[@id='seeMoreDetailsLink']]   using safeClick
21:08:12 [TestNG-test-Test-1] INFO  verifyingDisplayTypeFilterFunctionality_Tablet_21-03-49 - [verifyingDisplayTypeFilterFunctionality_Tablet_21-03-49] Within try block for clicking see more deatils within productNameListingPage loop
21:08:12 [TestNG-test-Test-1] INFO  verifyingDisplayTypeFilterFunctionality_Tablet_21-03-49 - [verifyingDisplayTypeFilterFunctionality_Tablet_21-03-49] Within closeCurrentWindowAndSwitchBack method
21:08:12 [TestNG-test-Test-1] INFO  verifyingDisplayTypeFilterFunctionality_Tablet_21-03-49 - [verifyingDisplayTypeFilterFunctionality_Tablet_21-03-49] Total open windows/tabs count -> 2
21:08:12 [TestNG-test-Test-1] INFO  verifyingDisplayTypeFilterFunctionality_Tablet_21-03-49 - [verifyingDisplayTypeFilterFunctionality_Tablet_21-03-49] Original window handle -> 010E3A3AD5DF7B279A27341D797C4235
21:08:12 [TestNG-test-Test-1] INFO  verifyingDisplayTypeFilterFunctionality_Tablet_21-03-49 - [verifyingDisplayTypeFilterFunctionality_Tablet_21-03-49] Found new tab/window handle -> A3F29034302BC7DF5B331BFB40AD3768 (will be closed)
21:08:12 [TestNG-test-Test-1] INFO  verifyingDisplayTypeFilterFunctionality_Tablet_21-03-49 - [verifyingDisplayTypeFilterFunctionality_Tablet_21-03-49] Successfully switched to new tab/window -> A3F29034302BC7DF5B331BFB40AD3768
21:08:12 [TestNG-test-Test-1] INFO  verifyingDisplayTypeFilterFunctionality_Tablet_21-03-49 - [verifyingDisplayTypeFilterFunctionality_Tablet_21-03-49] Closed the newly opened tab/window -> A3F29034302BC7DF5B331BFB40AD3768
21:08:12 [TestNG-test-Test-1] INFO  verifyingDisplayTypeFilterFunctionality_Tablet_21-03-49 - [verifyingDisplayTypeFilterFunctionality_Tablet_21-03-49] Switched back to the original window -> 010E3A3AD5DF7B279A27341D797C4235
21:08:12 [TestNG-test-Test-1] INFO  verifyingDisplayTypeFilterFunctionality_Tablet_21-03-49 - [verifyingDisplayTypeFilterFunctionality_Tablet_21-03-49]  going back to product listing via closeCurrentWindowAndSwitchBack 
21:08:12 [TestNG-test-Test-1] INFO  verifyingDisplayTypeFilterFunctionality_Tablet_21-03-49 - [verifyingDisplayTypeFilterFunctionality_Tablet_21-03-49]  Added 'filter','title','keyFeatures', 'about', 'techDetails' into the Map -> productResult
21:08:12 [TestNG-test-Test-1] INFO  verifyingDisplayTypeFilterFunctionality_Tablet_21-03-49 - [verifyingDisplayTypeFilterFunctionality_Tablet_21-03-49]  Added 'productResult' Map into the 'results' i.e list of maps 
21:08:12 [TestNG-test-Test-1] INFO  verifyingDisplayTypeFilterFunctionality_Tablet_21-03-49 - [verifyingDisplayTypeFilterFunctionality_Tablet_21-03-49]==========================================================================================================
21:08:12 [TestNG-test-Test-1] INFO  verifyingDisplayTypeFilterFunctionality_Tablet_21-03-49 - [verifyingDisplayTypeFilterFunctionality_Tablet_21-03-49] Within safeClick method
21:08:14 [TestNG-test-Test-1] INFO  verifyingDisplayTypeFilterFunctionality_Tablet_21-03-49 - [verifyingDisplayTypeFilterFunctionality_Tablet_21-03-49] Cannot click the butto using safeClick, trying again
21:08:16 [TestNG-test-Test-1] INFO  verifyingDisplayTypeFilterFunctionality_Tablet_21-03-49 - [verifyingDisplayTypeFilterFunctionality_Tablet_21-03-49] Cannot click the butto using safeClick, trying again
21:08:18 [TestNG-test-Test-1] INFO  verifyingDisplayTypeFilterFunctionality_Tablet_21-03-49 - [verifyingDisplayTypeFilterFunctionality_Tablet_21-03-49] Skipping click action: Element not clickable after- 2
21:08:18 [TestNG-test-Test-1] INFO  verifyingDisplayTypeFilterFunctionality_Tablet_21-03-49 - [verifyingDisplayTypeFilterFunctionality_Tablet_21-03-49] Clearing the filter value ->LCDwithin productNameListingPage loop
21:08:18 [TestNG-test-Test-1] INFO  verifyingDisplayTypeFilterFunctionality_Tablet_21-03-49 - [verifyingDisplayTypeFilterFunctionality_Tablet_21-03-49]==========================================================================================================
21:08:18 [TestNG-test-Test-1] INFO  verifyingDisplayTypeFilterFunctionality_Tablet_21-03-49 - [verifyingDisplayTypeFilterFunctionality_Tablet_21-03-49]==========================================================================================================
21:08:18 [TestNG-test-Test-1] INFO  verifyingDisplayTypeFilterFunctionality_Tablet_21-03-49 - [verifyingDisplayTypeFilterFunctionality_Tablet_21-03-49] Within filterOptions loop in applyFilterAndValidateProductsWithResult
21:08:18 [TestNG-test-Test-1] INFO  verifyingDisplayTypeFilterFunctionality_Tablet_21-03-49 - [verifyingDisplayTypeFilterFunctionality_Tablet_21-03-49] Within safeFindElements 
21:08:18 [TestNG-test-Test-1] INFO  verifyingDisplayTypeFilterFunctionality_Tablet_21-03-49 - [verifyingDisplayTypeFilterFunctionality_Tablet_21-03-49] Returning the  [[[ChromeDriver: chrome on windows (d29da8f50220042dd5c7bb6155fa1d5a)] -> xpath: //span[@class='a-size-base a-color-base puis-bold-weight-text' and text()='Display Type']/parent::div/following-sibling::ul//span[@class='a-size-base a-color-base']], [[ChromeDriver: chrome on windows (d29da8f50220042dd5c7bb6155fa1d5a)] -> xpath: //span[@class='a-size-base a-color-base puis-bold-weight-text' and text()='Display Type']/parent::div/following-sibling::ul//span[@class='a-size-base a-color-base']]] from the safeFindElements method
21:08:18 [TestNG-test-Test-1] INFO  verifyingDisplayTypeFilterFunctionality_Tablet_21-03-49 - [verifyingDisplayTypeFilterFunctionality_Tablet_21-03-49] Limiting traversal to in-loop size to prevent IndexOutOfBoundsException in applyFilterAndValidateProductsWithResult
21:08:18 [TestNG-test-Test-1] ERROR verifyingDisplayTypeFilterFunctionality_Tablet_21-03-49 - [verifyingDisplayTypeFilterFunctionality_Tablet_21-03-49] Mismatch found for filter 'ips' on product ''
21:08:18 [TestNG-test-Test-1] INFO  verifyingDisplayTypeFilterFunctionality_Tablet_21-03-49 - [verifyingDisplayTypeFilterFunctionality_Tablet_21-03-49]  Filter 'ips' matched in at least one section.
21:08:18 [TestNG-test-Test-1] ERROR verifyingDisplayTypeFilterFunctionality_Tablet_21-03-49 - [verifyingDisplayTypeFilterFunctionality_Tablet_21-03-49] Mismatch found for filter 'ips' on product ''
21:08:18 [TestNG-test-Test-1] ERROR verifyingDisplayTypeFilterFunctionality_Tablet_21-03-49 - [verifyingDisplayTypeFilterFunctionality_Tablet_21-03-49] Mismatch found for filter 'ips' on product ''
21:08:18 [TestNG-test-Test-1] ERROR verifyingDisplayTypeFilterFunctionality_Tablet_21-03-49 - [verifyingDisplayTypeFilterFunctionality_Tablet_21-03-49] Mismatch found for filter 'ips' on product ''
21:08:18 [TestNG-test-Test-1] ERROR verifyingDisplayTypeFilterFunctionality_Tablet_21-03-49 - [verifyingDisplayTypeFilterFunctionality_Tablet_21-03-49] Mismatch found for filter 'ips' on product ''
21:08:18 [TestNG-test-Test-1] INFO  verifyingDisplayTypeFilterFunctionality_Tablet_21-03-49 - [verifyingDisplayTypeFilterFunctionality_Tablet_21-03-49]  Filter 'ips' matched in at least one section.
21:08:18 [TestNG-test-Test-1] ERROR verifyingDisplayTypeFilterFunctionality_Tablet_21-03-49 - [verifyingDisplayTypeFilterFunctionality_Tablet_21-03-49] Mismatch found for filter 'ips' on product 'ikall n16 tablet (8-inch hd display, 3gb ram, 32gb rom, 2.4ghz octa core & android 12, 4g calling, 4000mah battery, 8mp rear and 5mp front camera, wi-fi+voice calling, grey)'
21:08:18 [TestNG-test-Test-1] ERROR verifyingDisplayTypeFilterFunctionality_Tablet_21-03-49 - [verifyingDisplayTypeFilterFunctionality_Tablet_21-03-49] Mismatch found for filter 'ips' on product ''
21:08:18 [TestNG-test-Test-1] INFO  verifyingDisplayTypeFilterFunctionality_Tablet_21-03-49 - [verifyingDisplayTypeFilterFunctionality_Tablet_21-03-49]  Filter 'ips' matched in at least one section.
21:08:18 [TestNG-test-Test-1] ERROR verifyingDisplayTypeFilterFunctionality_Tablet_21-03-49 - [verifyingDisplayTypeFilterFunctionality_Tablet_21-03-49] Mismatch found for filter 'ips' on product ''
21:08:18 [TestNG-test-Test-1] ERROR verifyingDisplayTypeFilterFunctionality_Tablet_21-03-49 - [verifyingDisplayTypeFilterFunctionality_Tablet_21-03-49] Mismatch found for filter 'ips' on product ''
21:08:18 [TestNG-test-Test-1] ERROR verifyingDisplayTypeFilterFunctionality_Tablet_21-03-49 - [verifyingDisplayTypeFilterFunctionality_Tablet_21-03-49] Mismatch found for filter 'ips' on product ''
21:08:18 [TestNG-test-Test-1] INFO  verifyingDisplayTypeFilterFunctionality_Tablet_21-03-49 - [verifyingDisplayTypeFilterFunctionality_Tablet_21-03-49]  Filter 'ips' matched in at least one section.
21:08:18 [TestNG-test-Test-1] ERROR verifyingDisplayTypeFilterFunctionality_Tablet_21-03-49 - [verifyingDisplayTypeFilterFunctionality_Tablet_21-03-49] Mismatch found for filter 'ips' on product 'lenovo idea tab 11" tablet with pen - dimensity 6300-8gb ram - 128 gb storage - android 15-2.5k - 90 hz - luna grey (zafr0928us)'
21:08:18 [TestNG-test-Test-1] ERROR verifyingDisplayTypeFilterFunctionality_Tablet_21-03-49 - [verifyingDisplayTypeFilterFunctionality_Tablet_21-03-49] Mismatch found for filter 'lcd' on product ''
21:08:18 [TestNG-test-Test-1] ERROR verifyingDisplayTypeFilterFunctionality_Tablet_21-03-49 - [verifyingDisplayTypeFilterFunctionality_Tablet_21-03-49] Mismatch found for filter 'lcd' on product ''
21:08:18 [TestNG-test-Test-1] ERROR verifyingDisplayTypeFilterFunctionality_Tablet_21-03-49 - [verifyingDisplayTypeFilterFunctionality_Tablet_21-03-49] Mismatch found for filter 'lcd' on product ''
21:08:18 [TestNG-test-Test-1] INFO  verifyingDisplayTypeFilterFunctionality_Tablet_21-03-49 - [verifyingDisplayTypeFilterFunctionality_Tablet_21-03-49]  Filter 'lcd' matched in at least one section.
21:08:18 [TestNG-test-Test-1] ERROR verifyingDisplayTypeFilterFunctionality_Tablet_21-03-49 - [verifyingDisplayTypeFilterFunctionality_Tablet_21-03-49] Mismatch found for filter 'lcd' on product ''
21:08:18 [TestNG-test-Test-1] INFO  verifyingDisplayTypeFilterFunctionality_Tablet_21-03-49 - [verifyingDisplayTypeFilterFunctionality_Tablet_21-03-49]  Filter 'lcd' matched in at least one section.
21:08:18 [TestNG-test-Test-1] ERROR verifyingDisplayTypeFilterFunctionality_Tablet_21-03-49 - [verifyingDisplayTypeFilterFunctionality_Tablet_21-03-49] Mismatch found for filter 'lcd' on product ''
21:08:18 [TestNG-test-Test-1] ERROR verifyingDisplayTypeFilterFunctionality_Tablet_21-03-49 - [verifyingDisplayTypeFilterFunctionality_Tablet_21-03-49] Mismatch found for filter 'lcd' on product ''
21:08:18 [TestNG-test-Test-1] ERROR verifyingDisplayTypeFilterFunctionality_Tablet_21-03-49 - [verifyingDisplayTypeFilterFunctionality_Tablet_21-03-49] Mismatch found for filter 'lcd' on product ''
21:08:18 [TestNG-test-Test-1] ERROR verifyingDisplayTypeFilterFunctionality_Tablet_21-03-49 - [verifyingDisplayTypeFilterFunctionality_Tablet_21-03-49] Mismatch found for filter 'lcd' on product ''
21:08:18 [TestNG-test-Test-1] INFO  verifyingDisplayTypeFilterFunctionality_Tablet_21-03-49 - [verifyingDisplayTypeFilterFunctionality_Tablet_21-03-49]  Filter 'lcd' matched in at least one section.
21:08:18 [TestNG-test-Test-1] ERROR verifyingDisplayTypeFilterFunctionality_Tablet_21-03-49 - [verifyingDisplayTypeFilterFunctionality_Tablet_21-03-49] Mismatch found for filter 'lcd' on product 'ikall n12 - android wi-fi tablet, 3gb ram, 16gb storage, 7" display, 3000mah battery, dual camera, compact & lightweight tablet for entertainment & learning (black)'
21:08:18 [TestNG-test-Test-1] ERROR verifyingDisplayTypeFilterFunctionality_Tablet_21-03-49 - [verifyingDisplayTypeFilterFunctionality_Tablet_21-03-49] Mismatch found for filter 'lcd' on product ''
21:08:18 [TestNG-test-Test-1] ERROR verifyingDisplayTypeFilterFunctionality_Tablet_21-03-49 - [verifyingDisplayTypeFilterFunctionality_Tablet_21-03-49] Mismatch found for filter 'lcd' on product ''
21:08:18 [TestNG-test-Test-1] ERROR verifyingDisplayTypeFilterFunctionality_Tablet_21-03-49 - [verifyingDisplayTypeFilterFunctionality_Tablet_21-03-49] Mismatch found for filter 'lcd' on product 'cupeisi android 13 tablet 10 inch 12gb ram+128gb rom/1tb expandable tablet, bluetooth, wi-fi, 2024 newest 2 in 1 tablets with keyboard case, mouse capacitive pen, 2.0 quad core cpu'
21:08:18 [TestNG-test-Test-1] INFO  verifyingDisplayTypeFilterFunctionality_Tablet_21-03-49 - [verifyingDisplayTypeFilterFunctionality_Tablet_21-03-49]  Final assertion for display type filter validation...
