11:35:22 [TestNG-test-Test-2] INFO  verifyingDiscountFilterFunctionality_Tablet_11-35-22 - No existing WebDriver found for current thread. Initializing a new ChromeDriver...
11:35:22 [TestNG-test-Test-2] INFO  verifyingDiscountFilterFunctionality_Tablet_11-35-22 - WebDriverManager: chromedriver setup OK
11:35:25 [TestNG-test-Test-2] INFO  verifyingDiscountFilterFunctionality_Tablet_11-35-22 - ChromeDriver initialized successfully for thread: 35
11:35:38 [TestNG-test-Test-2] INFO  verifyingDiscountFilterFunctionality_Tablet_11-35-22 - [verifyingDiscountFilterFunctionality_Tablet_11-35-22] Opening amazon Landing page
11:35:38 [TestNG-test-Test-2] INFO  verifyingDiscountFilterFunctionality_Tablet_11-35-22 - [verifyingDiscountFilterFunctionality_Tablet_11-35-22] Within safeFindElement method
11:35:38 [TestNG-test-Test-2] INFO  verifyingDiscountFilterFunctionality_Tablet_11-35-22 - [verifyingDiscountFilterFunctionality_Tablet_11-35-22]Found the element returning it ,element ->[[ChromeDriver: chrome on windows (ee290ec8437c3d384d2322a50832d285)] -> xpath: //a[@id='nav-logo-sprites']]
11:35:39 [TestNG-test-Test-2] INFO  verifyingDiscountFilterFunctionality_Tablet_11-35-22 - [verifyingDiscountFilterFunctionality_Tablet_11-35-22] Giving input within the search bar
11:35:39 [TestNG-test-Test-2] INFO  verifyingDiscountFilterFunctionality_Tablet_11-35-22 - [verifyingDiscountFilterFunctionality_Tablet_11-35-22] Within safeClick method
11:35:52 [TestNG-test-Test-2] INFO  verifyingDiscountFilterFunctionality_Tablet_11-35-22 - [verifyingDiscountFilterFunctionality_Tablet_11-35-22] Clicked the  [[ChromeDriver: chrome on windows (ee290ec8437c3d384d2322a50832d285)] -> xpath: //input[@id='nav-search-submit-button']]   using safeClick
11:35:52 [TestNG-test-Test-2] INFO  verifyingDiscountFilterFunctionality_Tablet_11-35-22 - [verifyingDiscountFilterFunctionality_Tablet_11-35-22] Clicking on the submit in the search bar
11:35:53 [TestNG-test-Test-2] INFO  verifyingDiscountFilterFunctionality_Tablet_11-35-22 - [verifyingDiscountFilterFunctionality_Tablet_11-35-22] Within filterCheckUnderList method
11:35:53 [TestNG-test-Test-2] INFO  verifyingDiscountFilterFunctionality_Tablet_11-35-22 - [verifyingDiscountFilterFunctionality_Tablet_11-35-22] Found the Filter within the filter check List
11:35:53 [TestNG-test-Test-2] INFO  verifyingDiscountFilterFunctionality_Tablet_11-35-22 - [verifyingDiscountFilterFunctionality_Tablet_11-35-22] Within applyFilterAndValidateProductsWithResult method
11:35:53 [TestNG-test-Test-2] INFO  verifyingDiscountFilterFunctionality_Tablet_11-35-22 - [verifyingDiscountFilterFunctionality_Tablet_11-35-22] Within safeFindElements 
11:35:53 [TestNG-test-Test-2] INFO  verifyingDiscountFilterFunctionality_Tablet_11-35-22 - [verifyingDiscountFilterFunctionality_Tablet_11-35-22] Returning the  [[[ChromeDriver: chrome on windows (ee290ec8437c3d384d2322a50832d285)] -> xpath: //span[@class='a-size-base a-color-base puis-bold-weight-text' and text()='Discount']/parent::div/following-sibling::ul//span[@class='a-size-base a-color-base']], [[ChromeDriver: chrome on windows (ee290ec8437c3d384d2322a50832d285)] -> xpath: //span[@class='a-size-base a-color-base puis-bold-weight-text' and text()='Discount']/parent::div/following-sibling::ul//span[@class='a-size-base a-color-base']], [[ChromeDriver: chrome on windows (ee290ec8437c3d384d2322a50832d285)] -> xpath: //span[@class='a-size-base a-color-base puis-bold-weight-text' and text()='Discount']/parent::div/following-sibling::ul//span[@class='a-size-base a-color-base']], [[ChromeDriver: chrome on windows (ee290ec8437c3d384d2322a50832d285)] -> xpath: //span[@class='a-size-base a-color-base puis-bold-weight-text' and text()='Discount']/parent::div/following-sibling::ul//span[@class='a-size-base a-color-base']], [[ChromeDriver: chrome on windows (ee290ec8437c3d384d2322a50832d285)] -> xpath: //span[@class='a-size-base a-color-base puis-bold-weight-text' and text()='Discount']/parent::div/following-sibling::ul//span[@class='a-size-base a-color-base']], [[ChromeDriver: chrome on windows (ee290ec8437c3d384d2322a50832d285)] -> xpath: //span[@class='a-size-base a-color-base puis-bold-weight-text' and text()='Discount']/parent::div/following-sibling::ul//span[@class='a-size-base a-color-base']]] from the safeFindElements method
11:35:53 [TestNG-test-Test-2] INFO  verifyingDiscountFilterFunctionality_Tablet_11-35-22 - [verifyingDiscountFilterFunctionality_Tablet_11-35-22] Within applyFilterAndValidateProductsWithResult filterOptions size is -> 6
11:35:53 [TestNG-test-Test-2] INFO  verifyingDiscountFilterFunctionality_Tablet_11-35-22 - [verifyingDiscountFilterFunctionality_Tablet_11-35-22] Execution is Not CRON Job Hence refering to normal keys from UtilData
11:35:53 [TestNG-test-Test-2] INFO  verifyingDiscountFilterFunctionality_Tablet_11-35-22 - [verifyingDiscountFilterFunctionality_Tablet_11-35-22] Within filterOptions loop in applyFilterAndValidateProductsWithResult
11:35:53 [TestNG-test-Test-2] INFO  verifyingDiscountFilterFunctionality_Tablet_11-35-22 - [verifyingDiscountFilterFunctionality_Tablet_11-35-22] Within safeFindElements 
11:35:53 [TestNG-test-Test-2] INFO  verifyingDiscountFilterFunctionality_Tablet_11-35-22 - [verifyingDiscountFilterFunctionality_Tablet_11-35-22] Returning the  [[[ChromeDriver: chrome on windows (ee290ec8437c3d384d2322a50832d285)] -> xpath: //span[@class='a-size-base a-color-base puis-bold-weight-text' and text()='Discount']/parent::div/following-sibling::ul//span[@class='a-size-base a-color-base']], [[ChromeDriver: chrome on windows (ee290ec8437c3d384d2322a50832d285)] -> xpath: //span[@class='a-size-base a-color-base puis-bold-weight-text' and text()='Discount']/parent::div/following-sibling::ul//span[@class='a-size-base a-color-base']], [[ChromeDriver: chrome on windows (ee290ec8437c3d384d2322a50832d285)] -> xpath: //span[@class='a-size-base a-color-base puis-bold-weight-text' and text()='Discount']/parent::div/following-sibling::ul//span[@class='a-size-base a-color-base']], [[ChromeDriver: chrome on windows (ee290ec8437c3d384d2322a50832d285)] -> xpath: //span[@class='a-size-base a-color-base puis-bold-weight-text' and text()='Discount']/parent::div/following-sibling::ul//span[@class='a-size-base a-color-base']], [[ChromeDriver: chrome on windows (ee290ec8437c3d384d2322a50832d285)] -> xpath: //span[@class='a-size-base a-color-base puis-bold-weight-text' and text()='Discount']/parent::div/following-sibling::ul//span[@class='a-size-base a-color-base']], [[ChromeDriver: chrome on windows (ee290ec8437c3d384d2322a50832d285)] -> xpath: //span[@class='a-size-base a-color-base puis-bold-weight-text' and text()='Discount']/parent::div/following-sibling::ul//span[@class='a-size-base a-color-base']]] from the safeFindElements method
11:35:53 [TestNG-test-Test-2] INFO  verifyingDiscountFilterFunctionality_Tablet_11-35-22 - [verifyingDiscountFilterFunctionality_Tablet_11-35-22] Trying to read filter option 0 (attempt 1/3)
11:35:53 [TestNG-test-Test-2] INFO  verifyingDiscountFilterFunctionality_Tablet_11-35-22 - [verifyingDiscountFilterFunctionality_Tablet_11-35-22] Successfully read filter option 0 = '10% Off or more'
11:35:53 [TestNG-test-Test-2] INFO  verifyingDiscountFilterFunctionality_Tablet_11-35-22 - [verifyingDiscountFilterFunctionality_Tablet_11-35-22] Within getfilterByTypeAndName method
11:35:53 [TestNG-test-Test-2] INFO  verifyingDiscountFilterFunctionality_Tablet_11-35-22 - [verifyingDiscountFilterFunctionality_Tablet_11-35-22] Within safeClickBooleanWithScreenShot method
11:35:53 [TestNG-test-Test-2] INFO  verifyingDiscountFilterFunctionality_Tablet_11-35-22 - [verifyingDiscountFilterFunctionality_Tablet_11-35-22] Within getAppliedfilterByTypeAndName method
11:35:53 [TestNG-test-Test-2] INFO  verifyingDiscountFilterFunctionality_Tablet_11-35-22 - [verifyingDiscountFilterFunctionality_Tablet_11-35-22] Within smoothScrollToElement method
11:35:53 [TestNG-test-Test-2] INFO  verifyingDiscountFilterFunctionality_Tablet_11-35-22 - [verifyingDiscountFilterFunctionality_Tablet_11-35-22] Within safeFindElement method
11:35:53 [TestNG-test-Test-2] INFO  verifyingDiscountFilterFunctionality_Tablet_11-35-22 - [verifyingDiscountFilterFunctionality_Tablet_11-35-22]Found the element returning it ,element ->[[ChromeDriver: chrome on windows (ee290ec8437c3d384d2322a50832d285)] -> xpath: //span[@class='a-size-base a-color-base puis-bold-weight-text' and text()='Discount']]
11:35:53 [TestNG-test-Test-2] INFO  verifyingDiscountFilterFunctionality_Tablet_11-35-22 - [verifyingDiscountFilterFunctionality_Tablet_11-35-22] Successfully scrolled to element: By.xpath: //span[@class='a-size-base a-color-base puis-bold-weight-text' and text()='Discount']
11:35:53 [TestNG-test-Test-2] INFO  verifyingDiscountFilterFunctionality_Tablet_11-35-22 - [verifyingDiscountFilterFunctionality_Tablet_11-35-22] Within getMoreButtonByFilterTypeAndName method
11:35:53 [TestNG-test-Test-2] INFO  verifyingDiscountFilterFunctionality_Tablet_11-35-22 - [verifyingDiscountFilterFunctionality_Tablet_11-35-22] could not find more button
11:35:53 [TestNG-test-Test-2] INFO  verifyingDiscountFilterFunctionality_Tablet_11-35-22 - [verifyingDiscountFilterFunctionality_Tablet_11-35-22] Within getAppliedfilterByTypeAndName method
11:35:53 [TestNG-test-Test-2] INFO  verifyingDiscountFilterFunctionality_Tablet_11-35-22 - [verifyingDiscountFilterFunctionality_Tablet_11-35-22] Within smoothScrollToElement method
11:35:53 [TestNG-test-Test-2] INFO  verifyingDiscountFilterFunctionality_Tablet_11-35-22 - [verifyingDiscountFilterFunctionality_Tablet_11-35-22] Within safeFindElement method
11:35:55 [TestNG-test-Test-2] INFO  verifyingDiscountFilterFunctionality_Tablet_11-35-22 - [verifyingDiscountFilterFunctionality_Tablet_11-35-22]Found the element returning it ,element ->[[ChromeDriver: chrome on windows (ee290ec8437c3d384d2322a50832d285)] -> xpath: //span[@class='a-size-base a-color-base puis-bold-weight-text' and text()='Discount']]
11:35:55 [TestNG-test-Test-2] INFO  verifyingDiscountFilterFunctionality_Tablet_11-35-22 - [verifyingDiscountFilterFunctionality_Tablet_11-35-22] Successfully scrolled to element: By.xpath: //span[@class='a-size-base a-color-base puis-bold-weight-text' and text()='Discount']
11:35:55 [TestNG-test-Test-2] INFO  verifyingDiscountFilterFunctionality_Tablet_11-35-22 - [verifyingDiscountFilterFunctionality_Tablet_11-35-22] Within getMoreButtonByFilterTypeAndName method
11:35:55 [TestNG-test-Test-2] INFO  verifyingDiscountFilterFunctionality_Tablet_11-35-22 - [verifyingDiscountFilterFunctionality_Tablet_11-35-22] could not find more button
11:35:55 [TestNG-test-Test-2] INFO  verifyingDiscountFilterFunctionality_Tablet_11-35-22 - [verifyingDiscountFilterFunctionality_Tablet_11-35-22] Within getfilterByTypeAndName method
11:35:55 [TestNG-test-Test-2] INFO  verifyingDiscountFilterFunctionality_Tablet_11-35-22 - [verifyingDiscountFilterFunctionality_Tablet_11-35-22] Within smoothScrollToElement method
11:35:55 [TestNG-test-Test-2] INFO  verifyingDiscountFilterFunctionality_Tablet_11-35-22 - [verifyingDiscountFilterFunctionality_Tablet_11-35-22] Within safeFindElement method
11:35:55 [TestNG-test-Test-2] INFO  verifyingDiscountFilterFunctionality_Tablet_11-35-22 - [verifyingDiscountFilterFunctionality_Tablet_11-35-22]Found the element returning it ,element ->[[ChromeDriver: chrome on windows (ee290ec8437c3d384d2322a50832d285)] -> xpath: //span[@class='a-size-base a-color-base puis-bold-weight-text' and text()='Discount']/parent::div/following-sibling::ul//span[@class='a-size-base a-color-base a-text-bold' and text()='10% Off or more']]
11:35:55 [TestNG-test-Test-2] INFO  verifyingDiscountFilterFunctionality_Tablet_11-35-22 - [verifyingDiscountFilterFunctionality_Tablet_11-35-22] Successfully scrolled to element: By.xpath: //span[@class='a-size-base a-color-base puis-bold-weight-text' and text()='Discount']/parent::div/following-sibling::ul//span[@class='a-size-base a-color-base a-text-bold' and text()='10% Off or more']
11:35:55 [TestNG-test-Test-2] INFO  verifyingDiscountFilterFunctionality_Tablet_11-35-22 - [verifyingDiscountFilterFunctionality_Tablet_11-35-22] Clicked the element using safe click ,element is [[ChromeDriver: chrome on windows (ee290ec8437c3d384d2322a50832d285)] -> xpath: //span[@class='a-size-base a-color-base puis-bold-weight-text' and text()='Discount']/parent::div/following-sibling::ul//span[@class='a-size-base a-color-base' and text()='10% Off or more']]
11:35:55 [TestNG-test-Test-2] INFO  verifyingDiscountFilterFunctionality_Tablet_11-35-22 - [verifyingDiscountFilterFunctionality_Tablet_11-35-22] Within safeFindElements 
11:35:55 [TestNG-test-Test-2] INFO  verifyingDiscountFilterFunctionality_Tablet_11-35-22 - [verifyingDiscountFilterFunctionality_Tablet_11-35-22] Returning the  [[[ChromeDriver: chrome on windows (ee290ec8437c3d384d2322a50832d285)] -> xpath: //div[@data-cy='title-recipe']], [[ChromeDriver: chrome on windows (ee290ec8437c3d384d2322a50832d285)] -> xpath: //div[@data-cy='title-recipe']], [[ChromeDriver: chrome on windows (ee290ec8437c3d384d2322a50832d285)] -> xpath: //div[@data-cy='title-recipe']], [[ChromeDriver: chrome on windows (ee290ec8437c3d384d2322a50832d285)] -> xpath: //div[@data-cy='title-recipe']], [[ChromeDriver: chrome on windows (ee290ec8437c3d384d2322a50832d285)] -> xpath: //div[@data-cy='title-recipe']], [[ChromeDriver: chrome on windows (ee290ec8437c3d384d2322a50832d285)] -> xpath: //div[@data-cy='title-recipe']], [[ChromeDriver: chrome on windows (ee290ec8437c3d384d2322a50832d285)] -> xpath: //div[@data-cy='title-recipe']], [[ChromeDriver: chrome on windows (ee290ec8437c3d384d2322a50832d285)] -> xpath: //div[@data-cy='title-recipe']], [[ChromeDriver: chrome on windows (ee290ec8437c3d384d2322a50832d285)] -> xpath: //div[@data-cy='title-recipe']], [[ChromeDriver: chrome on windows (ee290ec8437c3d384d2322a50832d285)] -> xpath: //div[@data-cy='title-recipe']], [[ChromeDriver: chrome on windows (ee290ec8437c3d384d2322a50832d285)] -> xpath: //div[@data-cy='title-recipe']], [[ChromeDriver: chrome on windows (ee290ec8437c3d384d2322a50832d285)] -> xpath: //div[@data-cy='title-recipe']], [[ChromeDriver: chrome on windows (ee290ec8437c3d384d2322a50832d285)] -> xpath: //div[@data-cy='title-recipe']], [[ChromeDriver: chrome on windows (ee290ec8437c3d384d2322a50832d285)] -> xpath: //div[@data-cy='title-recipe']], [[ChromeDriver: chrome on windows (ee290ec8437c3d384d2322a50832d285)] -> xpath: //div[@data-cy='title-recipe']], [[ChromeDriver: chrome on windows (ee290ec8437c3d384d2322a50832d285)] -> xpath: //div[@data-cy='title-recipe']]] from the safeFindElements method
11:35:55 [TestNG-test-Test-2] INFO  verifyingDiscountFilterFunctionality_Tablet_11-35-22 - [verifyingDiscountFilterFunctionality_Tablet_11-35-22] Execution is Not CRON Job Hence refering to normal keys from UtilData
11:35:55 [TestNG-test-Test-2] INFO  verifyingDiscountFilterFunctionality_Tablet_11-35-22 - [verifyingDiscountFilterFunctionality_Tablet_11-35-22] Within safeFindElements 
11:35:55 [TestNG-test-Test-2] INFO  verifyingDiscountFilterFunctionality_Tablet_11-35-22 - [verifyingDiscountFilterFunctionality_Tablet_11-35-22] Returning the  [[[ChromeDriver: chrome on windows (ee290ec8437c3d384d2322a50832d285)] -> xpath: //div[@data-cy='title-recipe']], [[ChromeDriver: chrome on windows (ee290ec8437c3d384d2322a50832d285)] -> xpath: //div[@data-cy='title-recipe']], [[ChromeDriver: chrome on windows (ee290ec8437c3d384d2322a50832d285)] -> xpath: //div[@data-cy='title-recipe']], [[ChromeDriver: chrome on windows (ee290ec8437c3d384d2322a50832d285)] -> xpath: //div[@data-cy='title-recipe']], [[ChromeDriver: chrome on windows (ee290ec8437c3d384d2322a50832d285)] -> xpath: //div[@data-cy='title-recipe']], [[ChromeDriver: chrome on windows (ee290ec8437c3d384d2322a50832d285)] -> xpath: //div[@data-cy='title-recipe']], [[ChromeDriver: chrome on windows (ee290ec8437c3d384d2322a50832d285)] -> xpath: //div[@data-cy='title-recipe']], [[ChromeDriver: chrome on windows (ee290ec8437c3d384d2322a50832d285)] -> xpath: //div[@data-cy='title-recipe']], [[ChromeDriver: chrome on windows (ee290ec8437c3d384d2322a50832d285)] -> xpath: //div[@data-cy='title-recipe']], [[ChromeDriver: chrome on windows (ee290ec8437c3d384d2322a50832d285)] -> xpath: //div[@data-cy='title-recipe']], [[ChromeDriver: chrome on windows (ee290ec8437c3d384d2322a50832d285)] -> xpath: //div[@data-cy='title-recipe']], [[ChromeDriver: chrome on windows (ee290ec8437c3d384d2322a50832d285)] -> xpath: //div[@data-cy='title-recipe']], [[ChromeDriver: chrome on windows (ee290ec8437c3d384d2322a50832d285)] -> xpath: //div[@data-cy='title-recipe']], [[ChromeDriver: chrome on windows (ee290ec8437c3d384d2322a50832d285)] -> xpath: //div[@data-cy='title-recipe']], [[ChromeDriver: chrome on windows (ee290ec8437c3d384d2322a50832d285)] -> xpath: //div[@data-cy='title-recipe']], [[ChromeDriver: chrome on windows (ee290ec8437c3d384d2322a50832d285)] -> xpath: //div[@data-cy='title-recipe']]] from the safeFindElements method
11:35:55 [TestNG-test-Test-2] INFO  verifyingDiscountFilterFunctionality_Tablet_11-35-22 - [verifyingDiscountFilterFunctionality_Tablet_11-35-22] Within productNameListingPage loop in applyFilterAndValidateProductsWithResult
11:35:55 [TestNG-test-Test-2] INFO  verifyingDiscountFilterFunctionality_Tablet_11-35-22 - [verifyingDiscountFilterFunctionality_Tablet_11-35-22] Within getProductByIndex method
11:35:55 [TestNG-test-Test-2] INFO  verifyingDiscountFilterFunctionality_Tablet_11-35-22 - [verifyingDiscountFilterFunctionality_Tablet_11-35-22] Within safeFindElement method
11:35:56 [TestNG-test-Test-2] INFO  verifyingDiscountFilterFunctionality_Tablet_11-35-22 - [verifyingDiscountFilterFunctionality_Tablet_11-35-22]Found the element returning it ,element ->[[ChromeDriver: chrome on windows (ee290ec8437c3d384d2322a50832d285)] -> xpath: (//div[@data-cy='title-recipe'])[1]]
11:35:56 [TestNG-test-Test-2] INFO  verifyingDiscountFilterFunctionality_Tablet_11-35-22 - [verifyingDiscountFilterFunctionality_Tablet_11-35-22] Within getProductByIndex method
11:35:56 [TestNG-test-Test-2] INFO  verifyingDiscountFilterFunctionality_Tablet_11-35-22 - [verifyingDiscountFilterFunctionality_Tablet_11-35-22] Within smoothScrollToElement method
11:35:56 [TestNG-test-Test-2] INFO  verifyingDiscountFilterFunctionality_Tablet_11-35-22 - [verifyingDiscountFilterFunctionality_Tablet_11-35-22] Within safeFindElement method
11:35:56 [TestNG-test-Test-2] INFO  verifyingDiscountFilterFunctionality_Tablet_11-35-22 - [verifyingDiscountFilterFunctionality_Tablet_11-35-22]Found the element returning it ,element ->[[ChromeDriver: chrome on windows (ee290ec8437c3d384d2322a50832d285)] -> xpath: (//div[@data-cy='title-recipe'])[1]]
11:35:56 [TestNG-test-Test-2] INFO  verifyingDiscountFilterFunctionality_Tablet_11-35-22 - [verifyingDiscountFilterFunctionality_Tablet_11-35-22] Successfully scrolled to element: By.xpath: (//div[@data-cy='title-recipe'])[1]
11:35:56 [TestNG-test-Test-2] INFO  verifyingDiscountFilterFunctionality_Tablet_11-35-22 - [verifyingDiscountFilterFunctionality_Tablet_11-35-22] Getting product by index in productNameListingPage loop
11:35:56 [TestNG-test-Test-2] INFO  verifyingDiscountFilterFunctionality_Tablet_11-35-22 - [verifyingDiscountFilterFunctionality_Tablet_11-35-22] Opened product in new tab via Ctrl+Click inside productNameListingPage loop
11:35:56 [TestNG-test-Test-2] INFO  verifyingDiscountFilterFunctionality_Tablet_11-35-22 - [verifyingDiscountFilterFunctionality_Tablet_11-35-22] Waiting for new window to open...
11:35:56 [TestNG-test-Test-2] INFO  verifyingDiscountFilterFunctionality_Tablet_11-35-22 - [verifyingDiscountFilterFunctionality_Tablet_11-35-22] Switched to new window -> 2AC01E7AE37ED9EAF130C2737C089221
11:35:56 [TestNG-test-Test-2] INFO  verifyingDiscountFilterFunctionality_Tablet_11-35-22 - [verifyingDiscountFilterFunctionality_Tablet_11-35-22] Swithcing to the new window  within productNameListingPage loop
11:35:56 [TestNG-test-Test-2] INFO  verifyingDiscountFilterFunctionality_Tablet_11-35-22 - [verifyingDiscountFilterFunctionality_Tablet_11-35-22] Clicked product name to open in new tab from productNameListingPage loop
11:35:56 [TestNG-test-Test-2] INFO  verifyingDiscountFilterFunctionality_Tablet_11-35-22 - [verifyingDiscountFilterFunctionality_Tablet_11-35-22] Within safeFindElement method
11:36:14 [TestNG-test-Test-2] INFO  verifyingDiscountFilterFunctionality_Tablet_11-35-22 - [verifyingDiscountFilterFunctionality_Tablet_11-35-22]Found the element returning it ,element ->[[ChromeDriver: chrome on windows (ee290ec8437c3d384d2322a50832d285)] -> xpath: //span[@id='productTitle']]
11:36:14 [TestNG-test-Test-2] INFO  verifyingDiscountFilterFunctionality_Tablet_11-35-22 - [verifyingDiscountFilterFunctionality_Tablet_11-35-22] Within safeFindElement method
11:36:14 [TestNG-test-Test-2] INFO  verifyingDiscountFilterFunctionality_Tablet_11-35-22 - [verifyingDiscountFilterFunctionality_Tablet_11-35-22]Found the element returning it ,element ->[[ChromeDriver: chrome on windows (ee290ec8437c3d384d2322a50832d285)] -> xpath: //div[@class='a-section a-spacing-small a-spacing-top-small']]
11:36:14 [TestNG-test-Test-2] INFO  verifyingDiscountFilterFunctionality_Tablet_11-35-22 - [verifyingDiscountFilterFunctionality_Tablet_11-35-22] Within safeFindElement method
11:36:14 [TestNG-test-Test-2] INFO  verifyingDiscountFilterFunctionality_Tablet_11-35-22 - [verifyingDiscountFilterFunctionality_Tablet_11-35-22]Found the element returning it ,element ->[[ChromeDriver: chrome on windows (ee290ec8437c3d384d2322a50832d285)] -> xpath: //div[@id='feature-bullets']]
11:36:14 [TestNG-test-Test-2] INFO  verifyingDiscountFilterFunctionality_Tablet_11-35-22 - [verifyingDiscountFilterFunctionality_Tablet_11-35-22] Within safeFindElement method
11:36:14 [TestNG-test-Test-2] INFO  verifyingDiscountFilterFunctionality_Tablet_11-35-22 - [verifyingDiscountFilterFunctionality_Tablet_11-35-22]Found the element returning it ,element ->[[ChromeDriver: chrome on windows (ee290ec8437c3d384d2322a50832d285)] -> xpath: //div[@id='prodDetails']]
11:36:14 [TestNG-test-Test-2] INFO  verifyingDiscountFilterFunctionality_Tablet_11-35-22 - [verifyingDiscountFilterFunctionality_Tablet_11-35-22] Extracting 'name' , 'keyFeatures', 'about' , 'techDetails' within productNameListingPage loop
11:36:14 [TestNG-test-Test-2] INFO  verifyingDiscountFilterFunctionality_Tablet_11-35-22 - [verifyingDiscountFilterFunctionality_Tablet_11-35-22] Waiting until element is visible in viewport
11:36:24 [TestNG-test-Test-2] INFO  verifyingDiscountFilterFunctionality_Tablet_11-35-22 - [verifyingDiscountFilterFunctionality_Tablet_11-35-22] Within smoothScrollToElement method
11:36:24 [TestNG-test-Test-2] INFO  verifyingDiscountFilterFunctionality_Tablet_11-35-22 - [verifyingDiscountFilterFunctionality_Tablet_11-35-22] Within safeFindElement method
11:36:24 [TestNG-test-Test-2] INFO  verifyingDiscountFilterFunctionality_Tablet_11-35-22 - [verifyingDiscountFilterFunctionality_Tablet_11-35-22]Found the element returning it ,element ->[[ChromeDriver: chrome on windows (ee290ec8437c3d384d2322a50832d285)] -> xpath: //a[@id='seeMoreDetailsLink']]
11:36:24 [TestNG-test-Test-2] INFO  verifyingDiscountFilterFunctionality_Tablet_11-35-22 - [verifyingDiscountFilterFunctionality_Tablet_11-35-22] Successfully scrolled to element: By.xpath: //a[@id='seeMoreDetailsLink']
11:36:24 [TestNG-test-Test-2] INFO  verifyingDiscountFilterFunctionality_Tablet_11-35-22 - [verifyingDiscountFilterFunctionality_Tablet_11-35-22] Within safeClick method
11:36:24 [TestNG-test-Test-2] INFO  verifyingDiscountFilterFunctionality_Tablet_11-35-22 - [verifyingDiscountFilterFunctionality_Tablet_11-35-22] Clicked the  [[ChromeDriver: chrome on windows (ee290ec8437c3d384d2322a50832d285)] -> xpath: //a[@id='seeMoreDetailsLink']]   using safeClick
11:36:24 [TestNG-test-Test-2] INFO  verifyingDiscountFilterFunctionality_Tablet_11-35-22 - [verifyingDiscountFilterFunctionality_Tablet_11-35-22] Within try block for clicking see more deatils within productNameListingPage loop
11:36:24 [TestNG-test-Test-2] INFO  verifyingDiscountFilterFunctionality_Tablet_11-35-22 - [verifyingDiscountFilterFunctionality_Tablet_11-35-22] Within closeCurrentWindowAndSwitchBack method
11:36:25 [TestNG-test-Test-2] INFO  verifyingDiscountFilterFunctionality_Tablet_11-35-22 - [verifyingDiscountFilterFunctionality_Tablet_11-35-22] Total open windows/tabs count -> 2
11:36:25 [TestNG-test-Test-2] INFO  verifyingDiscountFilterFunctionality_Tablet_11-35-22 - [verifyingDiscountFilterFunctionality_Tablet_11-35-22] Original window handle -> A901958FABEDC6226D8CB0356C41773D
11:36:25 [TestNG-test-Test-2] INFO  verifyingDiscountFilterFunctionality_Tablet_11-35-22 - [verifyingDiscountFilterFunctionality_Tablet_11-35-22] Found new tab/window handle -> 2AC01E7AE37ED9EAF130C2737C089221 (will be closed)
11:36:25 [TestNG-test-Test-2] INFO  verifyingDiscountFilterFunctionality_Tablet_11-35-22 - [verifyingDiscountFilterFunctionality_Tablet_11-35-22] Successfully switched to new tab/window -> 2AC01E7AE37ED9EAF130C2737C089221
11:36:25 [TestNG-test-Test-2] INFO  verifyingDiscountFilterFunctionality_Tablet_11-35-22 - [verifyingDiscountFilterFunctionality_Tablet_11-35-22] Closed the newly opened tab/window -> 2AC01E7AE37ED9EAF130C2737C089221
11:36:25 [TestNG-test-Test-2] INFO  verifyingDiscountFilterFunctionality_Tablet_11-35-22 - [verifyingDiscountFilterFunctionality_Tablet_11-35-22] Switched back to the original window -> A901958FABEDC6226D8CB0356C41773D
11:36:25 [TestNG-test-Test-2] INFO  verifyingDiscountFilterFunctionality_Tablet_11-35-22 - [verifyingDiscountFilterFunctionality_Tablet_11-35-22]  going back to product listing via closeCurrentWindowAndSwitchBack 
11:36:25 [TestNG-test-Test-2] INFO  verifyingDiscountFilterFunctionality_Tablet_11-35-22 - [verifyingDiscountFilterFunctionality_Tablet_11-35-22]  Added 'filter','title','keyFeatures', 'about', 'techDetails' into the Map -> productResult
11:36:25 [TestNG-test-Test-2] INFO  verifyingDiscountFilterFunctionality_Tablet_11-35-22 - [verifyingDiscountFilterFunctionality_Tablet_11-35-22]  Added 'productResult' Map into the 'results' i.e list of maps 
11:36:25 [TestNG-test-Test-2] INFO  verifyingDiscountFilterFunctionality_Tablet_11-35-22 - [verifyingDiscountFilterFunctionality_Tablet_11-35-22]==========================================================================================================
11:36:25 [TestNG-test-Test-2] INFO  verifyingDiscountFilterFunctionality_Tablet_11-35-22 - [verifyingDiscountFilterFunctionality_Tablet_11-35-22] Within safeFindElements 
11:36:25 [TestNG-test-Test-2] INFO  verifyingDiscountFilterFunctionality_Tablet_11-35-22 - [verifyingDiscountFilterFunctionality_Tablet_11-35-22] Returning the  [[[ChromeDriver: chrome on windows (ee290ec8437c3d384d2322a50832d285)] -> xpath: //div[@data-cy='title-recipe']], [[ChromeDriver: chrome on windows (ee290ec8437c3d384d2322a50832d285)] -> xpath: //div[@data-cy='title-recipe']], [[ChromeDriver: chrome on windows (ee290ec8437c3d384d2322a50832d285)] -> xpath: //div[@data-cy='title-recipe']], [[ChromeDriver: chrome on windows (ee290ec8437c3d384d2322a50832d285)] -> xpath: //div[@data-cy='title-recipe']], [[ChromeDriver: chrome on windows (ee290ec8437c3d384d2322a50832d285)] -> xpath: //div[@data-cy='title-recipe']], [[ChromeDriver: chrome on windows (ee290ec8437c3d384d2322a50832d285)] -> xpath: //div[@data-cy='title-recipe']], [[ChromeDriver: chrome on windows (ee290ec8437c3d384d2322a50832d285)] -> xpath: //div[@data-cy='title-recipe']], [[ChromeDriver: chrome on windows (ee290ec8437c3d384d2322a50832d285)] -> xpath: //div[@data-cy='title-recipe']], [[ChromeDriver: chrome on windows (ee290ec8437c3d384d2322a50832d285)] -> xpath: //div[@data-cy='title-recipe']], [[ChromeDriver: chrome on windows (ee290ec8437c3d384d2322a50832d285)] -> xpath: //div[@data-cy='title-recipe']], [[ChromeDriver: chrome on windows (ee290ec8437c3d384d2322a50832d285)] -> xpath: //div[@data-cy='title-recipe']], [[ChromeDriver: chrome on windows (ee290ec8437c3d384d2322a50832d285)] -> xpath: //div[@data-cy='title-recipe']], [[ChromeDriver: chrome on windows (ee290ec8437c3d384d2322a50832d285)] -> xpath: //div[@data-cy='title-recipe']], [[ChromeDriver: chrome on windows (ee290ec8437c3d384d2322a50832d285)] -> xpath: //div[@data-cy='title-recipe']], [[ChromeDriver: chrome on windows (ee290ec8437c3d384d2322a50832d285)] -> xpath: //div[@data-cy='title-recipe']], [[ChromeDriver: chrome on windows (ee290ec8437c3d384d2322a50832d285)] -> xpath: //div[@data-cy='title-recipe']]] from the safeFindElements method
11:36:25 [TestNG-test-Test-2] INFO  verifyingDiscountFilterFunctionality_Tablet_11-35-22 - [verifyingDiscountFilterFunctionality_Tablet_11-35-22] Within productNameListingPage loop in applyFilterAndValidateProductsWithResult
11:36:25 [TestNG-test-Test-2] INFO  verifyingDiscountFilterFunctionality_Tablet_11-35-22 - [verifyingDiscountFilterFunctionality_Tablet_11-35-22] Within getProductByIndex method
11:36:25 [TestNG-test-Test-2] INFO  verifyingDiscountFilterFunctionality_Tablet_11-35-22 - [verifyingDiscountFilterFunctionality_Tablet_11-35-22] Within safeFindElement method
11:36:25 [TestNG-test-Test-2] INFO  verifyingDiscountFilterFunctionality_Tablet_11-35-22 - [verifyingDiscountFilterFunctionality_Tablet_11-35-22]Found the element returning it ,element ->[[ChromeDriver: chrome on windows (ee290ec8437c3d384d2322a50832d285)] -> xpath: (//div[@data-cy='title-recipe'])[2]]
11:36:25 [TestNG-test-Test-2] INFO  verifyingDiscountFilterFunctionality_Tablet_11-35-22 - [verifyingDiscountFilterFunctionality_Tablet_11-35-22] Within getProductByIndex method
11:36:25 [TestNG-test-Test-2] INFO  verifyingDiscountFilterFunctionality_Tablet_11-35-22 - [verifyingDiscountFilterFunctionality_Tablet_11-35-22] Within smoothScrollToElement method
11:36:25 [TestNG-test-Test-2] INFO  verifyingDiscountFilterFunctionality_Tablet_11-35-22 - [verifyingDiscountFilterFunctionality_Tablet_11-35-22] Within safeFindElement method
11:36:25 [TestNG-test-Test-2] INFO  verifyingDiscountFilterFunctionality_Tablet_11-35-22 - [verifyingDiscountFilterFunctionality_Tablet_11-35-22]Found the element returning it ,element ->[[ChromeDriver: chrome on windows (ee290ec8437c3d384d2322a50832d285)] -> xpath: (//div[@data-cy='title-recipe'])[2]]
11:36:25 [TestNG-test-Test-2] INFO  verifyingDiscountFilterFunctionality_Tablet_11-35-22 - [verifyingDiscountFilterFunctionality_Tablet_11-35-22] Successfully scrolled to element: By.xpath: (//div[@data-cy='title-recipe'])[2]
11:36:25 [TestNG-test-Test-2] INFO  verifyingDiscountFilterFunctionality_Tablet_11-35-22 - [verifyingDiscountFilterFunctionality_Tablet_11-35-22] Getting product by index in productNameListingPage loop
11:36:25 [TestNG-test-Test-2] INFO  verifyingDiscountFilterFunctionality_Tablet_11-35-22 - [verifyingDiscountFilterFunctionality_Tablet_11-35-22] Opened product in new tab via Ctrl+Click inside productNameListingPage loop
11:36:25 [TestNG-test-Test-2] INFO  verifyingDiscountFilterFunctionality_Tablet_11-35-22 - [verifyingDiscountFilterFunctionality_Tablet_11-35-22] Waiting for new window to open...
11:36:25 [TestNG-test-Test-2] INFO  verifyingDiscountFilterFunctionality_Tablet_11-35-22 - [verifyingDiscountFilterFunctionality_Tablet_11-35-22] Switched to new window -> E54DC562F8A1F1E39ECB4F562E7A9BD4
11:36:25 [TestNG-test-Test-2] INFO  verifyingDiscountFilterFunctionality_Tablet_11-35-22 - [verifyingDiscountFilterFunctionality_Tablet_11-35-22] Swithcing to the new window  within productNameListingPage loop
11:36:25 [TestNG-test-Test-2] INFO  verifyingDiscountFilterFunctionality_Tablet_11-35-22 - [verifyingDiscountFilterFunctionality_Tablet_11-35-22] Clicked product name to open in new tab from productNameListingPage loop
11:36:25 [TestNG-test-Test-2] INFO  verifyingDiscountFilterFunctionality_Tablet_11-35-22 - [verifyingDiscountFilterFunctionality_Tablet_11-35-22] Within safeFindElement method
11:36:31 [TestNG-test-Test-2] INFO  verifyingDiscountFilterFunctionality_Tablet_11-35-22 - [verifyingDiscountFilterFunctionality_Tablet_11-35-22]Found the element returning it ,element ->[[ChromeDriver: chrome on windows (ee290ec8437c3d384d2322a50832d285)] -> xpath: //span[@id='productTitle']]
11:36:31 [TestNG-test-Test-2] INFO  verifyingDiscountFilterFunctionality_Tablet_11-35-22 - [verifyingDiscountFilterFunctionality_Tablet_11-35-22] Within safeFindElement method
11:36:31 [TestNG-test-Test-2] INFO  verifyingDiscountFilterFunctionality_Tablet_11-35-22 - [verifyingDiscountFilterFunctionality_Tablet_11-35-22]Found the element returning it ,element ->[[ChromeDriver: chrome on windows (ee290ec8437c3d384d2322a50832d285)] -> xpath: //div[@class='a-section a-spacing-small a-spacing-top-small']]
11:36:31 [TestNG-test-Test-2] INFO  verifyingDiscountFilterFunctionality_Tablet_11-35-22 - [verifyingDiscountFilterFunctionality_Tablet_11-35-22] Within safeFindElement method
11:36:31 [TestNG-test-Test-2] INFO  verifyingDiscountFilterFunctionality_Tablet_11-35-22 - [verifyingDiscountFilterFunctionality_Tablet_11-35-22]Found the element returning it ,element ->[[ChromeDriver: chrome on windows (ee290ec8437c3d384d2322a50832d285)] -> xpath: //div[@id='feature-bullets']]
11:36:31 [TestNG-test-Test-2] INFO  verifyingDiscountFilterFunctionality_Tablet_11-35-22 - [verifyingDiscountFilterFunctionality_Tablet_11-35-22] Within safeFindElement method
11:36:31 [TestNG-test-Test-2] INFO  verifyingDiscountFilterFunctionality_Tablet_11-35-22 - [verifyingDiscountFilterFunctionality_Tablet_11-35-22]Found the element returning it ,element ->[[ChromeDriver: chrome on windows (ee290ec8437c3d384d2322a50832d285)] -> xpath: //div[@id='prodDetails']]
11:36:31 [TestNG-test-Test-2] INFO  verifyingDiscountFilterFunctionality_Tablet_11-35-22 - [verifyingDiscountFilterFunctionality_Tablet_11-35-22] Extracting 'name' , 'keyFeatures', 'about' , 'techDetails' within productNameListingPage loop
11:36:31 [TestNG-test-Test-2] INFO  verifyingDiscountFilterFunctionality_Tablet_11-35-22 - [verifyingDiscountFilterFunctionality_Tablet_11-35-22] Waiting until element is visible in viewport
11:36:41 [TestNG-test-Test-2] INFO  verifyingDiscountFilterFunctionality_Tablet_11-35-22 - [verifyingDiscountFilterFunctionality_Tablet_11-35-22] Within smoothScrollToElement method
11:36:41 [TestNG-test-Test-2] INFO  verifyingDiscountFilterFunctionality_Tablet_11-35-22 - [verifyingDiscountFilterFunctionality_Tablet_11-35-22] Within safeFindElement method
11:36:41 [TestNG-test-Test-2] INFO  verifyingDiscountFilterFunctionality_Tablet_11-35-22 - [verifyingDiscountFilterFunctionality_Tablet_11-35-22]Found the element returning it ,element ->[[ChromeDriver: chrome on windows (ee290ec8437c3d384d2322a50832d285)] -> xpath: //a[@id='seeMoreDetailsLink']]
11:36:41 [TestNG-test-Test-2] INFO  verifyingDiscountFilterFunctionality_Tablet_11-35-22 - [verifyingDiscountFilterFunctionality_Tablet_11-35-22] Successfully scrolled to element: By.xpath: //a[@id='seeMoreDetailsLink']
11:36:41 [TestNG-test-Test-2] INFO  verifyingDiscountFilterFunctionality_Tablet_11-35-22 - [verifyingDiscountFilterFunctionality_Tablet_11-35-22] Within safeClick method
11:36:42 [TestNG-test-Test-2] INFO  verifyingDiscountFilterFunctionality_Tablet_11-35-22 - [verifyingDiscountFilterFunctionality_Tablet_11-35-22] Clicked the  [[ChromeDriver: chrome on windows (ee290ec8437c3d384d2322a50832d285)] -> xpath: //a[@id='seeMoreDetailsLink']]   using safeClick
11:36:42 [TestNG-test-Test-2] INFO  verifyingDiscountFilterFunctionality_Tablet_11-35-22 - [verifyingDiscountFilterFunctionality_Tablet_11-35-22] Within try block for clicking see more deatils within productNameListingPage loop
11:36:42 [TestNG-test-Test-2] INFO  verifyingDiscountFilterFunctionality_Tablet_11-35-22 - [verifyingDiscountFilterFunctionality_Tablet_11-35-22] Within closeCurrentWindowAndSwitchBack method
11:36:42 [TestNG-test-Test-2] INFO  verifyingDiscountFilterFunctionality_Tablet_11-35-22 - [verifyingDiscountFilterFunctionality_Tablet_11-35-22] Total open windows/tabs count -> 2
11:36:42 [TestNG-test-Test-2] INFO  verifyingDiscountFilterFunctionality_Tablet_11-35-22 - [verifyingDiscountFilterFunctionality_Tablet_11-35-22] Original window handle -> A901958FABEDC6226D8CB0356C41773D
11:36:42 [TestNG-test-Test-2] INFO  verifyingDiscountFilterFunctionality_Tablet_11-35-22 - [verifyingDiscountFilterFunctionality_Tablet_11-35-22] Found new tab/window handle -> E54DC562F8A1F1E39ECB4F562E7A9BD4 (will be closed)
11:36:42 [TestNG-test-Test-2] INFO  verifyingDiscountFilterFunctionality_Tablet_11-35-22 - [verifyingDiscountFilterFunctionality_Tablet_11-35-22] Successfully switched to new tab/window -> E54DC562F8A1F1E39ECB4F562E7A9BD4
11:36:42 [TestNG-test-Test-2] INFO  verifyingDiscountFilterFunctionality_Tablet_11-35-22 - [verifyingDiscountFilterFunctionality_Tablet_11-35-22] Closed the newly opened tab/window -> E54DC562F8A1F1E39ECB4F562E7A9BD4
11:36:42 [TestNG-test-Test-2] INFO  verifyingDiscountFilterFunctionality_Tablet_11-35-22 - [verifyingDiscountFilterFunctionality_Tablet_11-35-22] Switched back to the original window -> A901958FABEDC6226D8CB0356C41773D
11:36:42 [TestNG-test-Test-2] INFO  verifyingDiscountFilterFunctionality_Tablet_11-35-22 - [verifyingDiscountFilterFunctionality_Tablet_11-35-22]  going back to product listing via closeCurrentWindowAndSwitchBack 
11:36:42 [TestNG-test-Test-2] INFO  verifyingDiscountFilterFunctionality_Tablet_11-35-22 - [verifyingDiscountFilterFunctionality_Tablet_11-35-22]  Added 'filter','title','keyFeatures', 'about', 'techDetails' into the Map -> productResult
11:36:42 [TestNG-test-Test-2] INFO  verifyingDiscountFilterFunctionality_Tablet_11-35-22 - [verifyingDiscountFilterFunctionality_Tablet_11-35-22]  Added 'productResult' Map into the 'results' i.e list of maps 
11:36:42 [TestNG-test-Test-2] INFO  verifyingDiscountFilterFunctionality_Tablet_11-35-22 - [verifyingDiscountFilterFunctionality_Tablet_11-35-22]==========================================================================================================
11:36:42 [TestNG-test-Test-2] INFO  verifyingDiscountFilterFunctionality_Tablet_11-35-22 - [verifyingDiscountFilterFunctionality_Tablet_11-35-22] Within safeClick method
11:36:42 [TestNG-test-Test-2] INFO  verifyingDiscountFilterFunctionality_Tablet_11-35-22 - [verifyingDiscountFilterFunctionality_Tablet_11-35-22] Clicked the  [[ChromeDriver: chrome on windows (ee290ec8437c3d384d2322a50832d285)] -> xpath: //span[@class='a-size-base a-color-base' and text()='Clear']]   using safeClick
11:36:42 [TestNG-test-Test-2] INFO  verifyingDiscountFilterFunctionality_Tablet_11-35-22 - [verifyingDiscountFilterFunctionality_Tablet_11-35-22] Clearing the filter value ->10% Off or morewithin productNameListingPage loop
11:36:42 [TestNG-test-Test-2] INFO  verifyingDiscountFilterFunctionality_Tablet_11-35-22 - [verifyingDiscountFilterFunctionality_Tablet_11-35-22]==========================================================================================================
11:36:42 [TestNG-test-Test-2] INFO  verifyingDiscountFilterFunctionality_Tablet_11-35-22 - [verifyingDiscountFilterFunctionality_Tablet_11-35-22]==========================================================================================================
11:36:42 [TestNG-test-Test-2] INFO  verifyingDiscountFilterFunctionality_Tablet_11-35-22 - [verifyingDiscountFilterFunctionality_Tablet_11-35-22] Within filterOptions loop in applyFilterAndValidateProductsWithResult
11:36:42 [TestNG-test-Test-2] INFO  verifyingDiscountFilterFunctionality_Tablet_11-35-22 - [verifyingDiscountFilterFunctionality_Tablet_11-35-22] Within safeFindElements 
11:36:43 [TestNG-test-Test-2] INFO  verifyingDiscountFilterFunctionality_Tablet_11-35-22 - [verifyingDiscountFilterFunctionality_Tablet_11-35-22] Returning the  [[[ChromeDriver: chrome on windows (ee290ec8437c3d384d2322a50832d285)] -> xpath: //span[@class='a-size-base a-color-base puis-bold-weight-text' and text()='Discount']/parent::div/following-sibling::ul//span[@class='a-size-base a-color-base']], [[ChromeDriver: chrome on windows (ee290ec8437c3d384d2322a50832d285)] -> xpath: //span[@class='a-size-base a-color-base puis-bold-weight-text' and text()='Discount']/parent::div/following-sibling::ul//span[@class='a-size-base a-color-base']], [[ChromeDriver: chrome on windows (ee290ec8437c3d384d2322a50832d285)] -> xpath: //span[@class='a-size-base a-color-base puis-bold-weight-text' and text()='Discount']/parent::div/following-sibling::ul//span[@class='a-size-base a-color-base']], [[ChromeDriver: chrome on windows (ee290ec8437c3d384d2322a50832d285)] -> xpath: //span[@class='a-size-base a-color-base puis-bold-weight-text' and text()='Discount']/parent::div/following-sibling::ul//span[@class='a-size-base a-color-base']], [[ChromeDriver: chrome on windows (ee290ec8437c3d384d2322a50832d285)] -> xpath: //span[@class='a-size-base a-color-base puis-bold-weight-text' and text()='Discount']/parent::div/following-sibling::ul//span[@class='a-size-base a-color-base']], [[ChromeDriver: chrome on windows (ee290ec8437c3d384d2322a50832d285)] -> xpath: //span[@class='a-size-base a-color-base puis-bold-weight-text' and text()='Discount']/parent::div/following-sibling::ul//span[@class='a-size-base a-color-base']]] from the safeFindElements method
11:36:43 [TestNG-test-Test-2] INFO  verifyingDiscountFilterFunctionality_Tablet_11-35-22 - [verifyingDiscountFilterFunctionality_Tablet_11-35-22] Trying to read filter option 1 (attempt 1/3)
11:36:43 [TestNG-test-Test-2] INFO  verifyingDiscountFilterFunctionality_Tablet_11-35-22 - [verifyingDiscountFilterFunctionality_Tablet_11-35-22] Successfully read filter option 1 = '25% Off or more'
11:36:43 [TestNG-test-Test-2] INFO  verifyingDiscountFilterFunctionality_Tablet_11-35-22 - [verifyingDiscountFilterFunctionality_Tablet_11-35-22] Within getfilterByTypeAndName method
11:36:43 [TestNG-test-Test-2] INFO  verifyingDiscountFilterFunctionality_Tablet_11-35-22 - [verifyingDiscountFilterFunctionality_Tablet_11-35-22] Within safeClickBooleanWithScreenShot method
11:36:43 [TestNG-test-Test-2] INFO  verifyingDiscountFilterFunctionality_Tablet_11-35-22 - [verifyingDiscountFilterFunctionality_Tablet_11-35-22] Within getAppliedfilterByTypeAndName method
11:36:43 [TestNG-test-Test-2] INFO  verifyingDiscountFilterFunctionality_Tablet_11-35-22 - [verifyingDiscountFilterFunctionality_Tablet_11-35-22] Within smoothScrollToElement method
11:36:43 [TestNG-test-Test-2] INFO  verifyingDiscountFilterFunctionality_Tablet_11-35-22 - [verifyingDiscountFilterFunctionality_Tablet_11-35-22] Within safeFindElement method
11:36:43 [TestNG-test-Test-2] INFO  verifyingDiscountFilterFunctionality_Tablet_11-35-22 - [verifyingDiscountFilterFunctionality_Tablet_11-35-22]Found the element returning it ,element ->[[ChromeDriver: chrome on windows (ee290ec8437c3d384d2322a50832d285)] -> xpath: //span[@class='a-size-base a-color-base puis-bold-weight-text' and text()='Discount']]
11:36:43 [TestNG-test-Test-2] INFO  verifyingDiscountFilterFunctionality_Tablet_11-35-22 - [verifyingDiscountFilterFunctionality_Tablet_11-35-22] Successfully scrolled to element: By.xpath: //span[@class='a-size-base a-color-base puis-bold-weight-text' and text()='Discount']
11:36:43 [TestNG-test-Test-2] INFO  verifyingDiscountFilterFunctionality_Tablet_11-35-22 - [verifyingDiscountFilterFunctionality_Tablet_11-35-22] Within getMoreButtonByFilterTypeAndName method
11:36:43 [TestNG-test-Test-2] INFO  verifyingDiscountFilterFunctionality_Tablet_11-35-22 - [verifyingDiscountFilterFunctionality_Tablet_11-35-22] could not find more button
11:36:43 [TestNG-test-Test-2] INFO  verifyingDiscountFilterFunctionality_Tablet_11-35-22 - [verifyingDiscountFilterFunctionality_Tablet_11-35-22] Within getAppliedfilterByTypeAndName method
11:36:43 [TestNG-test-Test-2] INFO  verifyingDiscountFilterFunctionality_Tablet_11-35-22 - [verifyingDiscountFilterFunctionality_Tablet_11-35-22] Within smoothScrollToElement method
11:36:43 [TestNG-test-Test-2] INFO  verifyingDiscountFilterFunctionality_Tablet_11-35-22 - [verifyingDiscountFilterFunctionality_Tablet_11-35-22] Within safeFindElement method
11:36:45 [TestNG-test-Test-2] INFO  verifyingDiscountFilterFunctionality_Tablet_11-35-22 - [verifyingDiscountFilterFunctionality_Tablet_11-35-22]Found the element returning it ,element ->[[ChromeDriver: chrome on windows (ee290ec8437c3d384d2322a50832d285)] -> xpath: //span[@class='a-size-base a-color-base puis-bold-weight-text' and text()='Discount']]
11:36:45 [TestNG-test-Test-2] INFO  verifyingDiscountFilterFunctionality_Tablet_11-35-22 - [verifyingDiscountFilterFunctionality_Tablet_11-35-22] Successfully scrolled to element: By.xpath: //span[@class='a-size-base a-color-base puis-bold-weight-text' and text()='Discount']
11:36:45 [TestNG-test-Test-2] INFO  verifyingDiscountFilterFunctionality_Tablet_11-35-22 - [verifyingDiscountFilterFunctionality_Tablet_11-35-22] Within getMoreButtonByFilterTypeAndName method
11:36:45 [TestNG-test-Test-2] INFO  verifyingDiscountFilterFunctionality_Tablet_11-35-22 - [verifyingDiscountFilterFunctionality_Tablet_11-35-22] could not find more button
11:36:45 [TestNG-test-Test-2] INFO  verifyingDiscountFilterFunctionality_Tablet_11-35-22 - [verifyingDiscountFilterFunctionality_Tablet_11-35-22] Within getfilterByTypeAndName method
11:36:45 [TestNG-test-Test-2] INFO  verifyingDiscountFilterFunctionality_Tablet_11-35-22 - [verifyingDiscountFilterFunctionality_Tablet_11-35-22] Within smoothScrollToElement method
11:36:45 [TestNG-test-Test-2] INFO  verifyingDiscountFilterFunctionality_Tablet_11-35-22 - [verifyingDiscountFilterFunctionality_Tablet_11-35-22] Within safeFindElement method
11:36:45 [TestNG-test-Test-2] INFO  verifyingDiscountFilterFunctionality_Tablet_11-35-22 - [verifyingDiscountFilterFunctionality_Tablet_11-35-22]Found the element returning it ,element ->[[ChromeDriver: chrome on windows (ee290ec8437c3d384d2322a50832d285)] -> xpath: //span[@class='a-size-base a-color-base puis-bold-weight-text' and text()='Discount']/parent::div/following-sibling::ul//span[@class='a-size-base a-color-base a-text-bold' and text()='25% Off or more']]
11:36:45 [TestNG-test-Test-2] INFO  verifyingDiscountFilterFunctionality_Tablet_11-35-22 - [verifyingDiscountFilterFunctionality_Tablet_11-35-22] Successfully scrolled to element: By.xpath: //span[@class='a-size-base a-color-base puis-bold-weight-text' and text()='Discount']/parent::div/following-sibling::ul//span[@class='a-size-base a-color-base a-text-bold' and text()='25% Off or more']
11:36:45 [TestNG-test-Test-2] INFO  verifyingDiscountFilterFunctionality_Tablet_11-35-22 - [verifyingDiscountFilterFunctionality_Tablet_11-35-22] Clicked the element using safe click ,element is [[ChromeDriver: chrome on windows (ee290ec8437c3d384d2322a50832d285)] -> xpath: //span[@class='a-size-base a-color-base puis-bold-weight-text' and text()='Discount']/parent::div/following-sibling::ul//span[@class='a-size-base a-color-base' and text()='25% Off or more']]
11:36:46 [TestNG-test-Test-2] INFO  verifyingDiscountFilterFunctionality_Tablet_11-35-22 - [verifyingDiscountFilterFunctionality_Tablet_11-35-22] Within safeFindElements 
11:36:46 [TestNG-test-Test-2] INFO  verifyingDiscountFilterFunctionality_Tablet_11-35-22 - [verifyingDiscountFilterFunctionality_Tablet_11-35-22] Returning the  [[[ChromeDriver: chrome on windows (ee290ec8437c3d384d2322a50832d285)] -> xpath: //div[@data-cy='title-recipe']], [[ChromeDriver: chrome on windows (ee290ec8437c3d384d2322a50832d285)] -> xpath: //div[@data-cy='title-recipe']], [[ChromeDriver: chrome on windows (ee290ec8437c3d384d2322a50832d285)] -> xpath: //div[@data-cy='title-recipe']], [[ChromeDriver: chrome on windows (ee290ec8437c3d384d2322a50832d285)] -> xpath: //div[@data-cy='title-recipe']], [[ChromeDriver: chrome on windows (ee290ec8437c3d384d2322a50832d285)] -> xpath: //div[@data-cy='title-recipe']], [[ChromeDriver: chrome on windows (ee290ec8437c3d384d2322a50832d285)] -> xpath: //div[@data-cy='title-recipe']], [[ChromeDriver: chrome on windows (ee290ec8437c3d384d2322a50832d285)] -> xpath: //div[@data-cy='title-recipe']], [[ChromeDriver: chrome on windows (ee290ec8437c3d384d2322a50832d285)] -> xpath: //div[@data-cy='title-recipe']], [[ChromeDriver: chrome on windows (ee290ec8437c3d384d2322a50832d285)] -> xpath: //div[@data-cy='title-recipe']], [[ChromeDriver: chrome on windows (ee290ec8437c3d384d2322a50832d285)] -> xpath: //div[@data-cy='title-recipe']], [[ChromeDriver: chrome on windows (ee290ec8437c3d384d2322a50832d285)] -> xpath: //div[@data-cy='title-recipe']], [[ChromeDriver: chrome on windows (ee290ec8437c3d384d2322a50832d285)] -> xpath: //div[@data-cy='title-recipe']], [[ChromeDriver: chrome on windows (ee290ec8437c3d384d2322a50832d285)] -> xpath: //div[@data-cy='title-recipe']], [[ChromeDriver: chrome on windows (ee290ec8437c3d384d2322a50832d285)] -> xpath: //div[@data-cy='title-recipe']], [[ChromeDriver: chrome on windows (ee290ec8437c3d384d2322a50832d285)] -> xpath: //div[@data-cy='title-recipe']], [[ChromeDriver: chrome on windows (ee290ec8437c3d384d2322a50832d285)] -> xpath: //div[@data-cy='title-recipe']]] from the safeFindElements method
11:36:46 [TestNG-test-Test-2] INFO  verifyingDiscountFilterFunctionality_Tablet_11-35-22 - [verifyingDiscountFilterFunctionality_Tablet_11-35-22] Execution is Not CRON Job Hence refering to normal keys from UtilData
11:36:46 [TestNG-test-Test-2] INFO  verifyingDiscountFilterFunctionality_Tablet_11-35-22 - [verifyingDiscountFilterFunctionality_Tablet_11-35-22] Within safeFindElements 
11:36:46 [TestNG-test-Test-2] INFO  verifyingDiscountFilterFunctionality_Tablet_11-35-22 - [verifyingDiscountFilterFunctionality_Tablet_11-35-22] Returning the  [[[ChromeDriver: chrome on windows (ee290ec8437c3d384d2322a50832d285)] -> xpath: //div[@data-cy='title-recipe']], [[ChromeDriver: chrome on windows (ee290ec8437c3d384d2322a50832d285)] -> xpath: //div[@data-cy='title-recipe']], [[ChromeDriver: chrome on windows (ee290ec8437c3d384d2322a50832d285)] -> xpath: //div[@data-cy='title-recipe']], [[ChromeDriver: chrome on windows (ee290ec8437c3d384d2322a50832d285)] -> xpath: //div[@data-cy='title-recipe']], [[ChromeDriver: chrome on windows (ee290ec8437c3d384d2322a50832d285)] -> xpath: //div[@data-cy='title-recipe']], [[ChromeDriver: chrome on windows (ee290ec8437c3d384d2322a50832d285)] -> xpath: //div[@data-cy='title-recipe']], [[ChromeDriver: chrome on windows (ee290ec8437c3d384d2322a50832d285)] -> xpath: //div[@data-cy='title-recipe']], [[ChromeDriver: chrome on windows (ee290ec8437c3d384d2322a50832d285)] -> xpath: //div[@data-cy='title-recipe']], [[ChromeDriver: chrome on windows (ee290ec8437c3d384d2322a50832d285)] -> xpath: //div[@data-cy='title-recipe']], [[ChromeDriver: chrome on windows (ee290ec8437c3d384d2322a50832d285)] -> xpath: //div[@data-cy='title-recipe']], [[ChromeDriver: chrome on windows (ee290ec8437c3d384d2322a50832d285)] -> xpath: //div[@data-cy='title-recipe']], [[ChromeDriver: chrome on windows (ee290ec8437c3d384d2322a50832d285)] -> xpath: //div[@data-cy='title-recipe']], [[ChromeDriver: chrome on windows (ee290ec8437c3d384d2322a50832d285)] -> xpath: //div[@data-cy='title-recipe']], [[ChromeDriver: chrome on windows (ee290ec8437c3d384d2322a50832d285)] -> xpath: //div[@data-cy='title-recipe']], [[ChromeDriver: chrome on windows (ee290ec8437c3d384d2322a50832d285)] -> xpath: //div[@data-cy='title-recipe']], [[ChromeDriver: chrome on windows (ee290ec8437c3d384d2322a50832d285)] -> xpath: //div[@data-cy='title-recipe']]] from the safeFindElements method
11:36:46 [TestNG-test-Test-2] INFO  verifyingDiscountFilterFunctionality_Tablet_11-35-22 - [verifyingDiscountFilterFunctionality_Tablet_11-35-22] Within productNameListingPage loop in applyFilterAndValidateProductsWithResult
11:36:46 [TestNG-test-Test-2] INFO  verifyingDiscountFilterFunctionality_Tablet_11-35-22 - [verifyingDiscountFilterFunctionality_Tablet_11-35-22] Within getProductByIndex method
11:36:46 [TestNG-test-Test-2] INFO  verifyingDiscountFilterFunctionality_Tablet_11-35-22 - [verifyingDiscountFilterFunctionality_Tablet_11-35-22] Within safeFindElement method
11:36:46 [TestNG-test-Test-2] INFO  verifyingDiscountFilterFunctionality_Tablet_11-35-22 - [verifyingDiscountFilterFunctionality_Tablet_11-35-22]Found the element returning it ,element ->[[ChromeDriver: chrome on windows (ee290ec8437c3d384d2322a50832d285)] -> xpath: (//div[@data-cy='title-recipe'])[1]]
11:36:46 [TestNG-test-Test-2] INFO  verifyingDiscountFilterFunctionality_Tablet_11-35-22 - [verifyingDiscountFilterFunctionality_Tablet_11-35-22] Within getProductByIndex method
11:36:46 [TestNG-test-Test-2] INFO  verifyingDiscountFilterFunctionality_Tablet_11-35-22 - [verifyingDiscountFilterFunctionality_Tablet_11-35-22] Within smoothScrollToElement method
11:36:46 [TestNG-test-Test-2] INFO  verifyingDiscountFilterFunctionality_Tablet_11-35-22 - [verifyingDiscountFilterFunctionality_Tablet_11-35-22] Within safeFindElement method
11:36:46 [TestNG-test-Test-2] INFO  verifyingDiscountFilterFunctionality_Tablet_11-35-22 - [verifyingDiscountFilterFunctionality_Tablet_11-35-22]Found the element returning it ,element ->[[ChromeDriver: chrome on windows (ee290ec8437c3d384d2322a50832d285)] -> xpath: (//div[@data-cy='title-recipe'])[1]]
11:36:46 [TestNG-test-Test-2] INFO  verifyingDiscountFilterFunctionality_Tablet_11-35-22 - [verifyingDiscountFilterFunctionality_Tablet_11-35-22] Successfully scrolled to element: By.xpath: (//div[@data-cy='title-recipe'])[1]
11:36:46 [TestNG-test-Test-2] INFO  verifyingDiscountFilterFunctionality_Tablet_11-35-22 - [verifyingDiscountFilterFunctionality_Tablet_11-35-22] Getting product by index in productNameListingPage loop
11:36:46 [TestNG-test-Test-2] INFO  verifyingDiscountFilterFunctionality_Tablet_11-35-22 - [verifyingDiscountFilterFunctionality_Tablet_11-35-22] Opened product in new tab via Ctrl+Click inside productNameListingPage loop
11:36:46 [TestNG-test-Test-2] INFO  verifyingDiscountFilterFunctionality_Tablet_11-35-22 - [verifyingDiscountFilterFunctionality_Tablet_11-35-22] Waiting for new window to open...
11:36:46 [TestNG-test-Test-2] INFO  verifyingDiscountFilterFunctionality_Tablet_11-35-22 - [verifyingDiscountFilterFunctionality_Tablet_11-35-22] Switched to new window -> 923A5BB0669062A88A383418CAE7C78E
11:36:46 [TestNG-test-Test-2] INFO  verifyingDiscountFilterFunctionality_Tablet_11-35-22 - [verifyingDiscountFilterFunctionality_Tablet_11-35-22] Swithcing to the new window  within productNameListingPage loop
11:36:46 [TestNG-test-Test-2] INFO  verifyingDiscountFilterFunctionality_Tablet_11-35-22 - [verifyingDiscountFilterFunctionality_Tablet_11-35-22] Clicked product name to open in new tab from productNameListingPage loop
11:36:46 [TestNG-test-Test-2] INFO  verifyingDiscountFilterFunctionality_Tablet_11-35-22 - [verifyingDiscountFilterFunctionality_Tablet_11-35-22] Within safeFindElement method
11:36:50 [TestNG-test-Test-2] INFO  verifyingDiscountFilterFunctionality_Tablet_11-35-22 - [verifyingDiscountFilterFunctionality_Tablet_11-35-22]Found the element returning it ,element ->[[ChromeDriver: chrome on windows (ee290ec8437c3d384d2322a50832d285)] -> xpath: //span[@id='productTitle']]
11:36:50 [TestNG-test-Test-2] INFO  verifyingDiscountFilterFunctionality_Tablet_11-35-22 - [verifyingDiscountFilterFunctionality_Tablet_11-35-22] Within safeFindElement method
11:36:50 [TestNG-test-Test-2] INFO  verifyingDiscountFilterFunctionality_Tablet_11-35-22 - [verifyingDiscountFilterFunctionality_Tablet_11-35-22]Found the element returning it ,element ->[[ChromeDriver: chrome on windows (ee290ec8437c3d384d2322a50832d285)] -> xpath: //div[@class='a-section a-spacing-small a-spacing-top-small']]
11:36:50 [TestNG-test-Test-2] INFO  verifyingDiscountFilterFunctionality_Tablet_11-35-22 - [verifyingDiscountFilterFunctionality_Tablet_11-35-22] Within safeFindElement method
11:36:50 [TestNG-test-Test-2] INFO  verifyingDiscountFilterFunctionality_Tablet_11-35-22 - [verifyingDiscountFilterFunctionality_Tablet_11-35-22]Found the element returning it ,element ->[[ChromeDriver: chrome on windows (ee290ec8437c3d384d2322a50832d285)] -> xpath: //div[@id='feature-bullets']]
11:36:50 [TestNG-test-Test-2] INFO  verifyingDiscountFilterFunctionality_Tablet_11-35-22 - [verifyingDiscountFilterFunctionality_Tablet_11-35-22] Within safeFindElement method
11:36:50 [TestNG-test-Test-2] INFO  verifyingDiscountFilterFunctionality_Tablet_11-35-22 - [verifyingDiscountFilterFunctionality_Tablet_11-35-22]Found the element returning it ,element ->[[ChromeDriver: chrome on windows (ee290ec8437c3d384d2322a50832d285)] -> xpath: //div[@id='prodDetails']]
11:36:50 [TestNG-test-Test-2] INFO  verifyingDiscountFilterFunctionality_Tablet_11-35-22 - [verifyingDiscountFilterFunctionality_Tablet_11-35-22] Extracting 'name' , 'keyFeatures', 'about' , 'techDetails' within productNameListingPage loop
11:36:50 [TestNG-test-Test-2] INFO  verifyingDiscountFilterFunctionality_Tablet_11-35-22 - [verifyingDiscountFilterFunctionality_Tablet_11-35-22] Waiting until element is visible in viewport
11:37:01 [TestNG-test-Test-2] INFO  verifyingDiscountFilterFunctionality_Tablet_11-35-22 - [verifyingDiscountFilterFunctionality_Tablet_11-35-22] Within smoothScrollToElement method
11:37:01 [TestNG-test-Test-2] INFO  verifyingDiscountFilterFunctionality_Tablet_11-35-22 - [verifyingDiscountFilterFunctionality_Tablet_11-35-22] Within safeFindElement method
11:37:01 [TestNG-test-Test-2] INFO  verifyingDiscountFilterFunctionality_Tablet_11-35-22 - [verifyingDiscountFilterFunctionality_Tablet_11-35-22]Found the element returning it ,element ->[[ChromeDriver: chrome on windows (ee290ec8437c3d384d2322a50832d285)] -> xpath: //a[@id='seeMoreDetailsLink']]
11:37:01 [TestNG-test-Test-2] INFO  verifyingDiscountFilterFunctionality_Tablet_11-35-22 - [verifyingDiscountFilterFunctionality_Tablet_11-35-22] Successfully scrolled to element: By.xpath: //a[@id='seeMoreDetailsLink']
11:37:01 [TestNG-test-Test-2] INFO  verifyingDiscountFilterFunctionality_Tablet_11-35-22 - [verifyingDiscountFilterFunctionality_Tablet_11-35-22] Within safeClick method
11:37:01 [TestNG-test-Test-2] INFO  verifyingDiscountFilterFunctionality_Tablet_11-35-22 - [verifyingDiscountFilterFunctionality_Tablet_11-35-22] Clicked the  [[ChromeDriver: chrome on windows (ee290ec8437c3d384d2322a50832d285)] -> xpath: //a[@id='seeMoreDetailsLink']]   using safeClick
11:37:01 [TestNG-test-Test-2] INFO  verifyingDiscountFilterFunctionality_Tablet_11-35-22 - [verifyingDiscountFilterFunctionality_Tablet_11-35-22] Within try block for clicking see more deatils within productNameListingPage loop
11:37:01 [TestNG-test-Test-2] INFO  verifyingDiscountFilterFunctionality_Tablet_11-35-22 - [verifyingDiscountFilterFunctionality_Tablet_11-35-22] Within closeCurrentWindowAndSwitchBack method
11:37:01 [TestNG-test-Test-2] INFO  verifyingDiscountFilterFunctionality_Tablet_11-35-22 - [verifyingDiscountFilterFunctionality_Tablet_11-35-22] Total open windows/tabs count -> 2
11:37:01 [TestNG-test-Test-2] INFO  verifyingDiscountFilterFunctionality_Tablet_11-35-22 - [verifyingDiscountFilterFunctionality_Tablet_11-35-22] Original window handle -> A901958FABEDC6226D8CB0356C41773D
11:37:01 [TestNG-test-Test-2] INFO  verifyingDiscountFilterFunctionality_Tablet_11-35-22 - [verifyingDiscountFilterFunctionality_Tablet_11-35-22] Found new tab/window handle -> 923A5BB0669062A88A383418CAE7C78E (will be closed)
11:37:01 [TestNG-test-Test-2] INFO  verifyingDiscountFilterFunctionality_Tablet_11-35-22 - [verifyingDiscountFilterFunctionality_Tablet_11-35-22] Successfully switched to new tab/window -> 923A5BB0669062A88A383418CAE7C78E
11:37:01 [TestNG-test-Test-2] INFO  verifyingDiscountFilterFunctionality_Tablet_11-35-22 - [verifyingDiscountFilterFunctionality_Tablet_11-35-22] Closed the newly opened tab/window -> 923A5BB0669062A88A383418CAE7C78E
11:37:01 [TestNG-test-Test-2] INFO  verifyingDiscountFilterFunctionality_Tablet_11-35-22 - [verifyingDiscountFilterFunctionality_Tablet_11-35-22] Switched back to the original window -> A901958FABEDC6226D8CB0356C41773D
11:37:01 [TestNG-test-Test-2] INFO  verifyingDiscountFilterFunctionality_Tablet_11-35-22 - [verifyingDiscountFilterFunctionality_Tablet_11-35-22]  going back to product listing via closeCurrentWindowAndSwitchBack 
11:37:01 [TestNG-test-Test-2] INFO  verifyingDiscountFilterFunctionality_Tablet_11-35-22 - [verifyingDiscountFilterFunctionality_Tablet_11-35-22]  Added 'filter','title','keyFeatures', 'about', 'techDetails' into the Map -> productResult
11:37:01 [TestNG-test-Test-2] INFO  verifyingDiscountFilterFunctionality_Tablet_11-35-22 - [verifyingDiscountFilterFunctionality_Tablet_11-35-22]  Added 'productResult' Map into the 'results' i.e list of maps 
11:37:01 [TestNG-test-Test-2] INFO  verifyingDiscountFilterFunctionality_Tablet_11-35-22 - [verifyingDiscountFilterFunctionality_Tablet_11-35-22]==========================================================================================================
11:37:01 [TestNG-test-Test-2] INFO  verifyingDiscountFilterFunctionality_Tablet_11-35-22 - [verifyingDiscountFilterFunctionality_Tablet_11-35-22] Within safeFindElements 
11:37:01 [TestNG-test-Test-2] INFO  verifyingDiscountFilterFunctionality_Tablet_11-35-22 - [verifyingDiscountFilterFunctionality_Tablet_11-35-22] Returning the  [[[ChromeDriver: chrome on windows (ee290ec8437c3d384d2322a50832d285)] -> xpath: //div[@data-cy='title-recipe']], [[ChromeDriver: chrome on windows (ee290ec8437c3d384d2322a50832d285)] -> xpath: //div[@data-cy='title-recipe']], [[ChromeDriver: chrome on windows (ee290ec8437c3d384d2322a50832d285)] -> xpath: //div[@data-cy='title-recipe']], [[ChromeDriver: chrome on windows (ee290ec8437c3d384d2322a50832d285)] -> xpath: //div[@data-cy='title-recipe']], [[ChromeDriver: chrome on windows (ee290ec8437c3d384d2322a50832d285)] -> xpath: //div[@data-cy='title-recipe']], [[ChromeDriver: chrome on windows (ee290ec8437c3d384d2322a50832d285)] -> xpath: //div[@data-cy='title-recipe']], [[ChromeDriver: chrome on windows (ee290ec8437c3d384d2322a50832d285)] -> xpath: //div[@data-cy='title-recipe']], [[ChromeDriver: chrome on windows (ee290ec8437c3d384d2322a50832d285)] -> xpath: //div[@data-cy='title-recipe']], [[ChromeDriver: chrome on windows (ee290ec8437c3d384d2322a50832d285)] -> xpath: //div[@data-cy='title-recipe']], [[ChromeDriver: chrome on windows (ee290ec8437c3d384d2322a50832d285)] -> xpath: //div[@data-cy='title-recipe']], [[ChromeDriver: chrome on windows (ee290ec8437c3d384d2322a50832d285)] -> xpath: //div[@data-cy='title-recipe']], [[ChromeDriver: chrome on windows (ee290ec8437c3d384d2322a50832d285)] -> xpath: //div[@data-cy='title-recipe']], [[ChromeDriver: chrome on windows (ee290ec8437c3d384d2322a50832d285)] -> xpath: //div[@data-cy='title-recipe']], [[ChromeDriver: chrome on windows (ee290ec8437c3d384d2322a50832d285)] -> xpath: //div[@data-cy='title-recipe']], [[ChromeDriver: chrome on windows (ee290ec8437c3d384d2322a50832d285)] -> xpath: //div[@data-cy='title-recipe']], [[ChromeDriver: chrome on windows (ee290ec8437c3d384d2322a50832d285)] -> xpath: //div[@data-cy='title-recipe']]] from the safeFindElements method
11:37:01 [TestNG-test-Test-2] INFO  verifyingDiscountFilterFunctionality_Tablet_11-35-22 - [verifyingDiscountFilterFunctionality_Tablet_11-35-22] Within productNameListingPage loop in applyFilterAndValidateProductsWithResult
11:37:01 [TestNG-test-Test-2] INFO  verifyingDiscountFilterFunctionality_Tablet_11-35-22 - [verifyingDiscountFilterFunctionality_Tablet_11-35-22] Within getProductByIndex method
11:37:01 [TestNG-test-Test-2] INFO  verifyingDiscountFilterFunctionality_Tablet_11-35-22 - [verifyingDiscountFilterFunctionality_Tablet_11-35-22] Within safeFindElement method
11:37:01 [TestNG-test-Test-2] INFO  verifyingDiscountFilterFunctionality_Tablet_11-35-22 - [verifyingDiscountFilterFunctionality_Tablet_11-35-22]Found the element returning it ,element ->[[ChromeDriver: chrome on windows (ee290ec8437c3d384d2322a50832d285)] -> xpath: (//div[@data-cy='title-recipe'])[2]]
11:37:01 [TestNG-test-Test-2] INFO  verifyingDiscountFilterFunctionality_Tablet_11-35-22 - [verifyingDiscountFilterFunctionality_Tablet_11-35-22] Within getProductByIndex method
11:37:01 [TestNG-test-Test-2] INFO  verifyingDiscountFilterFunctionality_Tablet_11-35-22 - [verifyingDiscountFilterFunctionality_Tablet_11-35-22] Within smoothScrollToElement method
11:37:01 [TestNG-test-Test-2] INFO  verifyingDiscountFilterFunctionality_Tablet_11-35-22 - [verifyingDiscountFilterFunctionality_Tablet_11-35-22] Within safeFindElement method
11:37:01 [TestNG-test-Test-2] INFO  verifyingDiscountFilterFunctionality_Tablet_11-35-22 - [verifyingDiscountFilterFunctionality_Tablet_11-35-22]Found the element returning it ,element ->[[ChromeDriver: chrome on windows (ee290ec8437c3d384d2322a50832d285)] -> xpath: (//div[@data-cy='title-recipe'])[2]]
11:37:01 [TestNG-test-Test-2] INFO  verifyingDiscountFilterFunctionality_Tablet_11-35-22 - [verifyingDiscountFilterFunctionality_Tablet_11-35-22] Successfully scrolled to element: By.xpath: (//div[@data-cy='title-recipe'])[2]
11:37:01 [TestNG-test-Test-2] INFO  verifyingDiscountFilterFunctionality_Tablet_11-35-22 - [verifyingDiscountFilterFunctionality_Tablet_11-35-22] Getting product by index in productNameListingPage loop
11:37:02 [TestNG-test-Test-2] INFO  verifyingDiscountFilterFunctionality_Tablet_11-35-22 - [verifyingDiscountFilterFunctionality_Tablet_11-35-22] Opened product in new tab via Ctrl+Click inside productNameListingPage loop
11:37:02 [TestNG-test-Test-2] INFO  verifyingDiscountFilterFunctionality_Tablet_11-35-22 - [verifyingDiscountFilterFunctionality_Tablet_11-35-22] Waiting for new window to open...
11:37:02 [TestNG-test-Test-2] INFO  verifyingDiscountFilterFunctionality_Tablet_11-35-22 - [verifyingDiscountFilterFunctionality_Tablet_11-35-22] Switched to new window -> FA25D4FF4B20613800DAC05E7E13BF2E
11:37:02 [TestNG-test-Test-2] INFO  verifyingDiscountFilterFunctionality_Tablet_11-35-22 - [verifyingDiscountFilterFunctionality_Tablet_11-35-22] Swithcing to the new window  within productNameListingPage loop
11:37:02 [TestNG-test-Test-2] INFO  verifyingDiscountFilterFunctionality_Tablet_11-35-22 - [verifyingDiscountFilterFunctionality_Tablet_11-35-22] Clicked product name to open in new tab from productNameListingPage loop
11:37:02 [TestNG-test-Test-2] INFO  verifyingDiscountFilterFunctionality_Tablet_11-35-22 - [verifyingDiscountFilterFunctionality_Tablet_11-35-22] Within safeFindElement method
11:37:06 [TestNG-test-Test-2] INFO  verifyingDiscountFilterFunctionality_Tablet_11-35-22 - [verifyingDiscountFilterFunctionality_Tablet_11-35-22]Found the element returning it ,element ->[[ChromeDriver: chrome on windows (ee290ec8437c3d384d2322a50832d285)] -> xpath: //span[@id='productTitle']]
11:37:06 [TestNG-test-Test-2] INFO  verifyingDiscountFilterFunctionality_Tablet_11-35-22 - [verifyingDiscountFilterFunctionality_Tablet_11-35-22] Within safeFindElement method
11:37:06 [TestNG-test-Test-2] INFO  verifyingDiscountFilterFunctionality_Tablet_11-35-22 - [verifyingDiscountFilterFunctionality_Tablet_11-35-22]Found the element returning it ,element ->[[ChromeDriver: chrome on windows (ee290ec8437c3d384d2322a50832d285)] -> xpath: //div[@class='a-section a-spacing-small a-spacing-top-small']]
11:37:06 [TestNG-test-Test-2] INFO  verifyingDiscountFilterFunctionality_Tablet_11-35-22 - [verifyingDiscountFilterFunctionality_Tablet_11-35-22] Within safeFindElement method
11:37:06 [TestNG-test-Test-2] INFO  verifyingDiscountFilterFunctionality_Tablet_11-35-22 - [verifyingDiscountFilterFunctionality_Tablet_11-35-22]Found the element returning it ,element ->[[ChromeDriver: chrome on windows (ee290ec8437c3d384d2322a50832d285)] -> xpath: //div[@id='feature-bullets']]
11:37:06 [TestNG-test-Test-2] INFO  verifyingDiscountFilterFunctionality_Tablet_11-35-22 - [verifyingDiscountFilterFunctionality_Tablet_11-35-22] Within safeFindElement method
11:37:06 [TestNG-test-Test-2] INFO  verifyingDiscountFilterFunctionality_Tablet_11-35-22 - [verifyingDiscountFilterFunctionality_Tablet_11-35-22]Found the element returning it ,element ->[[ChromeDriver: chrome on windows (ee290ec8437c3d384d2322a50832d285)] -> xpath: //div[@id='prodDetails']]
11:37:06 [TestNG-test-Test-2] INFO  verifyingDiscountFilterFunctionality_Tablet_11-35-22 - [verifyingDiscountFilterFunctionality_Tablet_11-35-22] Extracting 'name' , 'keyFeatures', 'about' , 'techDetails' within productNameListingPage loop
11:37:06 [TestNG-test-Test-2] INFO  verifyingDiscountFilterFunctionality_Tablet_11-35-22 - [verifyingDiscountFilterFunctionality_Tablet_11-35-22] Waiting until element is visible in viewport
11:37:16 [TestNG-test-Test-2] INFO  verifyingDiscountFilterFunctionality_Tablet_11-35-22 - [verifyingDiscountFilterFunctionality_Tablet_11-35-22] Within smoothScrollToElement method
11:37:16 [TestNG-test-Test-2] INFO  verifyingDiscountFilterFunctionality_Tablet_11-35-22 - [verifyingDiscountFilterFunctionality_Tablet_11-35-22] Within safeFindElement method
11:37:16 [TestNG-test-Test-2] INFO  verifyingDiscountFilterFunctionality_Tablet_11-35-22 - [verifyingDiscountFilterFunctionality_Tablet_11-35-22]Found the element returning it ,element ->[[ChromeDriver: chrome on windows (ee290ec8437c3d384d2322a50832d285)] -> xpath: //a[@id='seeMoreDetailsLink']]
11:37:16 [TestNG-test-Test-2] INFO  verifyingDiscountFilterFunctionality_Tablet_11-35-22 - [verifyingDiscountFilterFunctionality_Tablet_11-35-22] Successfully scrolled to element: By.xpath: //a[@id='seeMoreDetailsLink']
11:37:16 [TestNG-test-Test-2] INFO  verifyingDiscountFilterFunctionality_Tablet_11-35-22 - [verifyingDiscountFilterFunctionality_Tablet_11-35-22] Within safeClick method
11:37:16 [TestNG-test-Test-2] INFO  verifyingDiscountFilterFunctionality_Tablet_11-35-22 - [verifyingDiscountFilterFunctionality_Tablet_11-35-22] Clicked the  [[ChromeDriver: chrome on windows (ee290ec8437c3d384d2322a50832d285)] -> xpath: //a[@id='seeMoreDetailsLink']]   using safeClick
11:37:16 [TestNG-test-Test-2] INFO  verifyingDiscountFilterFunctionality_Tablet_11-35-22 - [verifyingDiscountFilterFunctionality_Tablet_11-35-22] Within try block for clicking see more deatils within productNameListingPage loop
11:37:16 [TestNG-test-Test-2] INFO  verifyingDiscountFilterFunctionality_Tablet_11-35-22 - [verifyingDiscountFilterFunctionality_Tablet_11-35-22] Within closeCurrentWindowAndSwitchBack method
11:37:16 [TestNG-test-Test-2] INFO  verifyingDiscountFilterFunctionality_Tablet_11-35-22 - [verifyingDiscountFilterFunctionality_Tablet_11-35-22] Total open windows/tabs count -> 2
11:37:16 [TestNG-test-Test-2] INFO  verifyingDiscountFilterFunctionality_Tablet_11-35-22 - [verifyingDiscountFilterFunctionality_Tablet_11-35-22] Original window handle -> A901958FABEDC6226D8CB0356C41773D
11:37:16 [TestNG-test-Test-2] INFO  verifyingDiscountFilterFunctionality_Tablet_11-35-22 - [verifyingDiscountFilterFunctionality_Tablet_11-35-22] Found new tab/window handle -> FA25D4FF4B20613800DAC05E7E13BF2E (will be closed)
11:37:16 [TestNG-test-Test-2] INFO  verifyingDiscountFilterFunctionality_Tablet_11-35-22 - [verifyingDiscountFilterFunctionality_Tablet_11-35-22] Successfully switched to new tab/window -> FA25D4FF4B20613800DAC05E7E13BF2E
11:37:16 [TestNG-test-Test-2] INFO  verifyingDiscountFilterFunctionality_Tablet_11-35-22 - [verifyingDiscountFilterFunctionality_Tablet_11-35-22] Closed the newly opened tab/window -> FA25D4FF4B20613800DAC05E7E13BF2E
11:37:16 [TestNG-test-Test-2] INFO  verifyingDiscountFilterFunctionality_Tablet_11-35-22 - [verifyingDiscountFilterFunctionality_Tablet_11-35-22] Switched back to the original window -> A901958FABEDC6226D8CB0356C41773D
11:37:16 [TestNG-test-Test-2] INFO  verifyingDiscountFilterFunctionality_Tablet_11-35-22 - [verifyingDiscountFilterFunctionality_Tablet_11-35-22]  going back to product listing via closeCurrentWindowAndSwitchBack 
11:37:16 [TestNG-test-Test-2] INFO  verifyingDiscountFilterFunctionality_Tablet_11-35-22 - [verifyingDiscountFilterFunctionality_Tablet_11-35-22]  Added 'filter','title','keyFeatures', 'about', 'techDetails' into the Map -> productResult
11:37:16 [TestNG-test-Test-2] INFO  verifyingDiscountFilterFunctionality_Tablet_11-35-22 - [verifyingDiscountFilterFunctionality_Tablet_11-35-22]  Added 'productResult' Map into the 'results' i.e list of maps 
11:37:16 [TestNG-test-Test-2] INFO  verifyingDiscountFilterFunctionality_Tablet_11-35-22 - [verifyingDiscountFilterFunctionality_Tablet_11-35-22]==========================================================================================================
11:37:16 [TestNG-test-Test-2] INFO  verifyingDiscountFilterFunctionality_Tablet_11-35-22 - [verifyingDiscountFilterFunctionality_Tablet_11-35-22] Within safeClick method
11:37:17 [TestNG-test-Test-2] INFO  verifyingDiscountFilterFunctionality_Tablet_11-35-22 - [verifyingDiscountFilterFunctionality_Tablet_11-35-22] Clicked the  [[ChromeDriver: chrome on windows (ee290ec8437c3d384d2322a50832d285)] -> xpath: //span[@class='a-size-base a-color-base' and text()='Clear']]   using safeClick
11:37:17 [TestNG-test-Test-2] INFO  verifyingDiscountFilterFunctionality_Tablet_11-35-22 - [verifyingDiscountFilterFunctionality_Tablet_11-35-22] Clearing the filter value ->25% Off or morewithin productNameListingPage loop
11:37:17 [TestNG-test-Test-2] INFO  verifyingDiscountFilterFunctionality_Tablet_11-35-22 - [verifyingDiscountFilterFunctionality_Tablet_11-35-22]==========================================================================================================
11:37:17 [TestNG-test-Test-2] INFO  verifyingDiscountFilterFunctionality_Tablet_11-35-22 - [verifyingDiscountFilterFunctionality_Tablet_11-35-22]==========================================================================================================
11:37:17 [TestNG-test-Test-2] INFO  verifyingDiscountFilterFunctionality_Tablet_11-35-22 - [verifyingDiscountFilterFunctionality_Tablet_11-35-22] Within filterOptions loop in applyFilterAndValidateProductsWithResult
11:37:17 [TestNG-test-Test-2] INFO  verifyingDiscountFilterFunctionality_Tablet_11-35-22 - [verifyingDiscountFilterFunctionality_Tablet_11-35-22] Within safeFindElements 
11:37:18 [TestNG-test-Test-2] INFO  verifyingDiscountFilterFunctionality_Tablet_11-35-22 - [verifyingDiscountFilterFunctionality_Tablet_11-35-22] Returning the  [[[ChromeDriver: chrome on windows (ee290ec8437c3d384d2322a50832d285)] -> xpath: //span[@class='a-size-base a-color-base puis-bold-weight-text' and text()='Discount']/parent::div/following-sibling::ul//span[@class='a-size-base a-color-base']], [[ChromeDriver: chrome on windows (ee290ec8437c3d384d2322a50832d285)] -> xpath: //span[@class='a-size-base a-color-base puis-bold-weight-text' and text()='Discount']/parent::div/following-sibling::ul//span[@class='a-size-base a-color-base']], [[ChromeDriver: chrome on windows (ee290ec8437c3d384d2322a50832d285)] -> xpath: //span[@class='a-size-base a-color-base puis-bold-weight-text' and text()='Discount']/parent::div/following-sibling::ul//span[@class='a-size-base a-color-base']], [[ChromeDriver: chrome on windows (ee290ec8437c3d384d2322a50832d285)] -> xpath: //span[@class='a-size-base a-color-base puis-bold-weight-text' and text()='Discount']/parent::div/following-sibling::ul//span[@class='a-size-base a-color-base']], [[ChromeDriver: chrome on windows (ee290ec8437c3d384d2322a50832d285)] -> xpath: //span[@class='a-size-base a-color-base puis-bold-weight-text' and text()='Discount']/parent::div/following-sibling::ul//span[@class='a-size-base a-color-base']], [[ChromeDriver: chrome on windows (ee290ec8437c3d384d2322a50832d285)] -> xpath: //span[@class='a-size-base a-color-base puis-bold-weight-text' and text()='Discount']/parent::div/following-sibling::ul//span[@class='a-size-base a-color-base']]] from the safeFindElements method
11:37:18 [TestNG-test-Test-2] INFO  verifyingDiscountFilterFunctionality_Tablet_11-35-22 - [verifyingDiscountFilterFunctionality_Tablet_11-35-22] Trying to read filter option 2 (attempt 1/3)
11:37:18 [TestNG-test-Test-2] INFO  verifyingDiscountFilterFunctionality_Tablet_11-35-22 - [verifyingDiscountFilterFunctionality_Tablet_11-35-22] Successfully read filter option 2 = '35% Off or more'
11:37:18 [TestNG-test-Test-2] INFO  verifyingDiscountFilterFunctionality_Tablet_11-35-22 - [verifyingDiscountFilterFunctionality_Tablet_11-35-22] Within getfilterByTypeAndName method
11:37:18 [TestNG-test-Test-2] INFO  verifyingDiscountFilterFunctionality_Tablet_11-35-22 - [verifyingDiscountFilterFunctionality_Tablet_11-35-22] Within safeClickBooleanWithScreenShot method
11:37:18 [TestNG-test-Test-2] INFO  verifyingDiscountFilterFunctionality_Tablet_11-35-22 - [verifyingDiscountFilterFunctionality_Tablet_11-35-22] Within getAppliedfilterByTypeAndName method
11:37:18 [TestNG-test-Test-2] INFO  verifyingDiscountFilterFunctionality_Tablet_11-35-22 - [verifyingDiscountFilterFunctionality_Tablet_11-35-22] Within smoothScrollToElement method
11:37:18 [TestNG-test-Test-2] INFO  verifyingDiscountFilterFunctionality_Tablet_11-35-22 - [verifyingDiscountFilterFunctionality_Tablet_11-35-22] Within safeFindElement method
11:37:18 [TestNG-test-Test-2] INFO  verifyingDiscountFilterFunctionality_Tablet_11-35-22 - [verifyingDiscountFilterFunctionality_Tablet_11-35-22]Found the element returning it ,element ->[[ChromeDriver: chrome on windows (ee290ec8437c3d384d2322a50832d285)] -> xpath: //span[@class='a-size-base a-color-base puis-bold-weight-text' and text()='Discount']]
11:37:18 [TestNG-test-Test-2] INFO  verifyingDiscountFilterFunctionality_Tablet_11-35-22 - [verifyingDiscountFilterFunctionality_Tablet_11-35-22] Successfully scrolled to element: By.xpath: //span[@class='a-size-base a-color-base puis-bold-weight-text' and text()='Discount']
11:37:18 [TestNG-test-Test-2] INFO  verifyingDiscountFilterFunctionality_Tablet_11-35-22 - [verifyingDiscountFilterFunctionality_Tablet_11-35-22] Within getMoreButtonByFilterTypeAndName method
11:37:18 [TestNG-test-Test-2] INFO  verifyingDiscountFilterFunctionality_Tablet_11-35-22 - [verifyingDiscountFilterFunctionality_Tablet_11-35-22] could not find more button
11:37:18 [TestNG-test-Test-2] INFO  verifyingDiscountFilterFunctionality_Tablet_11-35-22 - [verifyingDiscountFilterFunctionality_Tablet_11-35-22] Within getAppliedfilterByTypeAndName method
11:37:18 [TestNG-test-Test-2] INFO  verifyingDiscountFilterFunctionality_Tablet_11-35-22 - [verifyingDiscountFilterFunctionality_Tablet_11-35-22] Within smoothScrollToElement method
11:37:18 [TestNG-test-Test-2] INFO  verifyingDiscountFilterFunctionality_Tablet_11-35-22 - [verifyingDiscountFilterFunctionality_Tablet_11-35-22] Within safeFindElement method
11:37:20 [TestNG-test-Test-2] INFO  verifyingDiscountFilterFunctionality_Tablet_11-35-22 - [verifyingDiscountFilterFunctionality_Tablet_11-35-22]Found the element returning it ,element ->[[ChromeDriver: chrome on windows (ee290ec8437c3d384d2322a50832d285)] -> xpath: //span[@class='a-size-base a-color-base puis-bold-weight-text' and text()='Discount']]
11:37:20 [TestNG-test-Test-2] INFO  verifyingDiscountFilterFunctionality_Tablet_11-35-22 - [verifyingDiscountFilterFunctionality_Tablet_11-35-22] Successfully scrolled to element: By.xpath: //span[@class='a-size-base a-color-base puis-bold-weight-text' and text()='Discount']
11:37:20 [TestNG-test-Test-2] INFO  verifyingDiscountFilterFunctionality_Tablet_11-35-22 - [verifyingDiscountFilterFunctionality_Tablet_11-35-22] Within getMoreButtonByFilterTypeAndName method
11:37:20 [TestNG-test-Test-2] INFO  verifyingDiscountFilterFunctionality_Tablet_11-35-22 - [verifyingDiscountFilterFunctionality_Tablet_11-35-22] could not find more button
11:37:20 [TestNG-test-Test-2] INFO  verifyingDiscountFilterFunctionality_Tablet_11-35-22 - [verifyingDiscountFilterFunctionality_Tablet_11-35-22] Within getfilterByTypeAndName method
11:37:20 [TestNG-test-Test-2] INFO  verifyingDiscountFilterFunctionality_Tablet_11-35-22 - [verifyingDiscountFilterFunctionality_Tablet_11-35-22] Within smoothScrollToElement method
11:37:20 [TestNG-test-Test-2] INFO  verifyingDiscountFilterFunctionality_Tablet_11-35-22 - [verifyingDiscountFilterFunctionality_Tablet_11-35-22] Within safeFindElement method
11:37:20 [TestNG-test-Test-2] INFO  verifyingDiscountFilterFunctionality_Tablet_11-35-22 - [verifyingDiscountFilterFunctionality_Tablet_11-35-22]Found the element returning it ,element ->[[ChromeDriver: chrome on windows (ee290ec8437c3d384d2322a50832d285)] -> xpath: //span[@class='a-size-base a-color-base puis-bold-weight-text' and text()='Discount']/parent::div/following-sibling::ul//span[@class='a-size-base a-color-base a-text-bold' and text()='35% Off or more']]
11:37:20 [TestNG-test-Test-2] INFO  verifyingDiscountFilterFunctionality_Tablet_11-35-22 - [verifyingDiscountFilterFunctionality_Tablet_11-35-22] Successfully scrolled to element: By.xpath: //span[@class='a-size-base a-color-base puis-bold-weight-text' and text()='Discount']/parent::div/following-sibling::ul//span[@class='a-size-base a-color-base a-text-bold' and text()='35% Off or more']
11:37:20 [TestNG-test-Test-2] INFO  verifyingDiscountFilterFunctionality_Tablet_11-35-22 - [verifyingDiscountFilterFunctionality_Tablet_11-35-22] Clicked the element using safe click ,element is [[ChromeDriver: chrome on windows (ee290ec8437c3d384d2322a50832d285)] -> xpath: //span[@class='a-size-base a-color-base puis-bold-weight-text' and text()='Discount']/parent::div/following-sibling::ul//span[@class='a-size-base a-color-base' and text()='35% Off or more']]
11:37:20 [TestNG-test-Test-2] INFO  verifyingDiscountFilterFunctionality_Tablet_11-35-22 - [verifyingDiscountFilterFunctionality_Tablet_11-35-22] Within safeFindElements 
11:37:20 [TestNG-test-Test-2] INFO  verifyingDiscountFilterFunctionality_Tablet_11-35-22 - [verifyingDiscountFilterFunctionality_Tablet_11-35-22] Returning the  [[[ChromeDriver: chrome on windows (ee290ec8437c3d384d2322a50832d285)] -> xpath: //div[@data-cy='title-recipe']], [[ChromeDriver: chrome on windows (ee290ec8437c3d384d2322a50832d285)] -> xpath: //div[@data-cy='title-recipe']], [[ChromeDriver: chrome on windows (ee290ec8437c3d384d2322a50832d285)] -> xpath: //div[@data-cy='title-recipe']], [[ChromeDriver: chrome on windows (ee290ec8437c3d384d2322a50832d285)] -> xpath: //div[@data-cy='title-recipe']], [[ChromeDriver: chrome on windows (ee290ec8437c3d384d2322a50832d285)] -> xpath: //div[@data-cy='title-recipe']], [[ChromeDriver: chrome on windows (ee290ec8437c3d384d2322a50832d285)] -> xpath: //div[@data-cy='title-recipe']], [[ChromeDriver: chrome on windows (ee290ec8437c3d384d2322a50832d285)] -> xpath: //div[@data-cy='title-recipe']], [[ChromeDriver: chrome on windows (ee290ec8437c3d384d2322a50832d285)] -> xpath: //div[@data-cy='title-recipe']], [[ChromeDriver: chrome on windows (ee290ec8437c3d384d2322a50832d285)] -> xpath: //div[@data-cy='title-recipe']], [[ChromeDriver: chrome on windows (ee290ec8437c3d384d2322a50832d285)] -> xpath: //div[@data-cy='title-recipe']], [[ChromeDriver: chrome on windows (ee290ec8437c3d384d2322a50832d285)] -> xpath: //div[@data-cy='title-recipe']], [[ChromeDriver: chrome on windows (ee290ec8437c3d384d2322a50832d285)] -> xpath: //div[@data-cy='title-recipe']], [[ChromeDriver: chrome on windows (ee290ec8437c3d384d2322a50832d285)] -> xpath: //div[@data-cy='title-recipe']], [[ChromeDriver: chrome on windows (ee290ec8437c3d384d2322a50832d285)] -> xpath: //div[@data-cy='title-recipe']], [[ChromeDriver: chrome on windows (ee290ec8437c3d384d2322a50832d285)] -> xpath: //div[@data-cy='title-recipe']], [[ChromeDriver: chrome on windows (ee290ec8437c3d384d2322a50832d285)] -> xpath: //div[@data-cy='title-recipe']]] from the safeFindElements method
11:37:20 [TestNG-test-Test-2] INFO  verifyingDiscountFilterFunctionality_Tablet_11-35-22 - [verifyingDiscountFilterFunctionality_Tablet_11-35-22] Execution is Not CRON Job Hence refering to normal keys from UtilData
11:37:20 [TestNG-test-Test-2] INFO  verifyingDiscountFilterFunctionality_Tablet_11-35-22 - [verifyingDiscountFilterFunctionality_Tablet_11-35-22] Within safeFindElements 
11:37:20 [TestNG-test-Test-2] INFO  verifyingDiscountFilterFunctionality_Tablet_11-35-22 - [verifyingDiscountFilterFunctionality_Tablet_11-35-22] Returning the  [[[ChromeDriver: chrome on windows (ee290ec8437c3d384d2322a50832d285)] -> xpath: //div[@data-cy='title-recipe']], [[ChromeDriver: chrome on windows (ee290ec8437c3d384d2322a50832d285)] -> xpath: //div[@data-cy='title-recipe']], [[ChromeDriver: chrome on windows (ee290ec8437c3d384d2322a50832d285)] -> xpath: //div[@data-cy='title-recipe']], [[ChromeDriver: chrome on windows (ee290ec8437c3d384d2322a50832d285)] -> xpath: //div[@data-cy='title-recipe']], [[ChromeDriver: chrome on windows (ee290ec8437c3d384d2322a50832d285)] -> xpath: //div[@data-cy='title-recipe']], [[ChromeDriver: chrome on windows (ee290ec8437c3d384d2322a50832d285)] -> xpath: //div[@data-cy='title-recipe']], [[ChromeDriver: chrome on windows (ee290ec8437c3d384d2322a50832d285)] -> xpath: //div[@data-cy='title-recipe']], [[ChromeDriver: chrome on windows (ee290ec8437c3d384d2322a50832d285)] -> xpath: //div[@data-cy='title-recipe']], [[ChromeDriver: chrome on windows (ee290ec8437c3d384d2322a50832d285)] -> xpath: //div[@data-cy='title-recipe']], [[ChromeDriver: chrome on windows (ee290ec8437c3d384d2322a50832d285)] -> xpath: //div[@data-cy='title-recipe']], [[ChromeDriver: chrome on windows (ee290ec8437c3d384d2322a50832d285)] -> xpath: //div[@data-cy='title-recipe']], [[ChromeDriver: chrome on windows (ee290ec8437c3d384d2322a50832d285)] -> xpath: //div[@data-cy='title-recipe']], [[ChromeDriver: chrome on windows (ee290ec8437c3d384d2322a50832d285)] -> xpath: //div[@data-cy='title-recipe']], [[ChromeDriver: chrome on windows (ee290ec8437c3d384d2322a50832d285)] -> xpath: //div[@data-cy='title-recipe']], [[ChromeDriver: chrome on windows (ee290ec8437c3d384d2322a50832d285)] -> xpath: //div[@data-cy='title-recipe']], [[ChromeDriver: chrome on windows (ee290ec8437c3d384d2322a50832d285)] -> xpath: //div[@data-cy='title-recipe']]] from the safeFindElements method
11:37:20 [TestNG-test-Test-2] INFO  verifyingDiscountFilterFunctionality_Tablet_11-35-22 - [verifyingDiscountFilterFunctionality_Tablet_11-35-22] Within productNameListingPage loop in applyFilterAndValidateProductsWithResult
11:37:20 [TestNG-test-Test-2] INFO  verifyingDiscountFilterFunctionality_Tablet_11-35-22 - [verifyingDiscountFilterFunctionality_Tablet_11-35-22] Within getProductByIndex method
11:37:20 [TestNG-test-Test-2] INFO  verifyingDiscountFilterFunctionality_Tablet_11-35-22 - [verifyingDiscountFilterFunctionality_Tablet_11-35-22] Within safeFindElement method
11:37:20 [TestNG-test-Test-2] INFO  verifyingDiscountFilterFunctionality_Tablet_11-35-22 - [verifyingDiscountFilterFunctionality_Tablet_11-35-22]Found the element returning it ,element ->[[ChromeDriver: chrome on windows (ee290ec8437c3d384d2322a50832d285)] -> xpath: (//div[@data-cy='title-recipe'])[1]]
11:37:20 [TestNG-test-Test-2] INFO  verifyingDiscountFilterFunctionality_Tablet_11-35-22 - [verifyingDiscountFilterFunctionality_Tablet_11-35-22] Within getProductByIndex method
11:37:20 [TestNG-test-Test-2] INFO  verifyingDiscountFilterFunctionality_Tablet_11-35-22 - [verifyingDiscountFilterFunctionality_Tablet_11-35-22] Within smoothScrollToElement method
11:37:20 [TestNG-test-Test-2] INFO  verifyingDiscountFilterFunctionality_Tablet_11-35-22 - [verifyingDiscountFilterFunctionality_Tablet_11-35-22] Within safeFindElement method
11:37:20 [TestNG-test-Test-2] INFO  verifyingDiscountFilterFunctionality_Tablet_11-35-22 - [verifyingDiscountFilterFunctionality_Tablet_11-35-22]Found the element returning it ,element ->[[ChromeDriver: chrome on windows (ee290ec8437c3d384d2322a50832d285)] -> xpath: (//div[@data-cy='title-recipe'])[1]]
11:37:20 [TestNG-test-Test-2] INFO  verifyingDiscountFilterFunctionality_Tablet_11-35-22 - [verifyingDiscountFilterFunctionality_Tablet_11-35-22] Successfully scrolled to element: By.xpath: (//div[@data-cy='title-recipe'])[1]
11:37:20 [TestNG-test-Test-2] INFO  verifyingDiscountFilterFunctionality_Tablet_11-35-22 - [verifyingDiscountFilterFunctionality_Tablet_11-35-22] Getting product by index in productNameListingPage loop
11:37:20 [TestNG-test-Test-2] INFO  verifyingDiscountFilterFunctionality_Tablet_11-35-22 - [verifyingDiscountFilterFunctionality_Tablet_11-35-22] Opened product in new tab via Ctrl+Click inside productNameListingPage loop
11:37:20 [TestNG-test-Test-2] INFO  verifyingDiscountFilterFunctionality_Tablet_11-35-22 - [verifyingDiscountFilterFunctionality_Tablet_11-35-22] Waiting for new window to open...
11:37:20 [TestNG-test-Test-2] INFO  verifyingDiscountFilterFunctionality_Tablet_11-35-22 - [verifyingDiscountFilterFunctionality_Tablet_11-35-22] Switched to new window -> 2380162D0C8DAC6F8D02F1CE0EA9C69B
11:37:20 [TestNG-test-Test-2] INFO  verifyingDiscountFilterFunctionality_Tablet_11-35-22 - [verifyingDiscountFilterFunctionality_Tablet_11-35-22] Swithcing to the new window  within productNameListingPage loop
11:37:20 [TestNG-test-Test-2] INFO  verifyingDiscountFilterFunctionality_Tablet_11-35-22 - [verifyingDiscountFilterFunctionality_Tablet_11-35-22] Clicked product name to open in new tab from productNameListingPage loop
11:37:20 [TestNG-test-Test-2] INFO  verifyingDiscountFilterFunctionality_Tablet_11-35-22 - [verifyingDiscountFilterFunctionality_Tablet_11-35-22] Within safeFindElement method
11:37:24 [TestNG-test-Test-2] INFO  verifyingDiscountFilterFunctionality_Tablet_11-35-22 - [verifyingDiscountFilterFunctionality_Tablet_11-35-22]Found the element returning it ,element ->[[ChromeDriver: chrome on windows (ee290ec8437c3d384d2322a50832d285)] -> xpath: //span[@id='productTitle']]
11:37:24 [TestNG-test-Test-2] INFO  verifyingDiscountFilterFunctionality_Tablet_11-35-22 - [verifyingDiscountFilterFunctionality_Tablet_11-35-22] Within safeFindElement method
11:37:25 [TestNG-test-Test-2] INFO  verifyingDiscountFilterFunctionality_Tablet_11-35-22 - [verifyingDiscountFilterFunctionality_Tablet_11-35-22]Found the element returning it ,element ->[[ChromeDriver: chrome on windows (ee290ec8437c3d384d2322a50832d285)] -> xpath: //div[@class='a-section a-spacing-small a-spacing-top-small']]
11:37:25 [TestNG-test-Test-2] INFO  verifyingDiscountFilterFunctionality_Tablet_11-35-22 - [verifyingDiscountFilterFunctionality_Tablet_11-35-22] Within safeFindElement method
11:37:25 [TestNG-test-Test-2] INFO  verifyingDiscountFilterFunctionality_Tablet_11-35-22 - [verifyingDiscountFilterFunctionality_Tablet_11-35-22]Found the element returning it ,element ->[[ChromeDriver: chrome on windows (ee290ec8437c3d384d2322a50832d285)] -> xpath: //div[@id='feature-bullets']]
11:37:25 [TestNG-test-Test-2] INFO  verifyingDiscountFilterFunctionality_Tablet_11-35-22 - [verifyingDiscountFilterFunctionality_Tablet_11-35-22] Within safeFindElement method
11:37:25 [TestNG-test-Test-2] INFO  verifyingDiscountFilterFunctionality_Tablet_11-35-22 - [verifyingDiscountFilterFunctionality_Tablet_11-35-22]Found the element returning it ,element ->[[ChromeDriver: chrome on windows (ee290ec8437c3d384d2322a50832d285)] -> xpath: //div[@id='prodDetails']]
11:37:25 [TestNG-test-Test-2] INFO  verifyingDiscountFilterFunctionality_Tablet_11-35-22 - [verifyingDiscountFilterFunctionality_Tablet_11-35-22] Extracting 'name' , 'keyFeatures', 'about' , 'techDetails' within productNameListingPage loop
11:37:25 [TestNG-test-Test-2] INFO  verifyingDiscountFilterFunctionality_Tablet_11-35-22 - [verifyingDiscountFilterFunctionality_Tablet_11-35-22] Waiting until element is visible in viewport
11:37:35 [TestNG-test-Test-2] INFO  verifyingDiscountFilterFunctionality_Tablet_11-35-22 - [verifyingDiscountFilterFunctionality_Tablet_11-35-22] Within smoothScrollToElement method
11:37:35 [TestNG-test-Test-2] INFO  verifyingDiscountFilterFunctionality_Tablet_11-35-22 - [verifyingDiscountFilterFunctionality_Tablet_11-35-22] Within safeFindElement method
11:37:35 [TestNG-test-Test-2] INFO  verifyingDiscountFilterFunctionality_Tablet_11-35-22 - [verifyingDiscountFilterFunctionality_Tablet_11-35-22]Found the element returning it ,element ->[[ChromeDriver: chrome on windows (ee290ec8437c3d384d2322a50832d285)] -> xpath: //a[@id='seeMoreDetailsLink']]
11:37:35 [TestNG-test-Test-2] INFO  verifyingDiscountFilterFunctionality_Tablet_11-35-22 - [verifyingDiscountFilterFunctionality_Tablet_11-35-22] Successfully scrolled to element: By.xpath: //a[@id='seeMoreDetailsLink']
11:37:35 [TestNG-test-Test-2] INFO  verifyingDiscountFilterFunctionality_Tablet_11-35-22 - [verifyingDiscountFilterFunctionality_Tablet_11-35-22] Within safeClick method
11:37:35 [TestNG-test-Test-2] INFO  verifyingDiscountFilterFunctionality_Tablet_11-35-22 - [verifyingDiscountFilterFunctionality_Tablet_11-35-22] Clicked the  [[ChromeDriver: chrome on windows (ee290ec8437c3d384d2322a50832d285)] -> xpath: //a[@id='seeMoreDetailsLink']]   using safeClick
11:37:35 [TestNG-test-Test-2] INFO  verifyingDiscountFilterFunctionality_Tablet_11-35-22 - [verifyingDiscountFilterFunctionality_Tablet_11-35-22] Within try block for clicking see more deatils within productNameListingPage loop
11:37:35 [TestNG-test-Test-2] INFO  verifyingDiscountFilterFunctionality_Tablet_11-35-22 - [verifyingDiscountFilterFunctionality_Tablet_11-35-22] Within closeCurrentWindowAndSwitchBack method
11:37:35 [TestNG-test-Test-2] INFO  verifyingDiscountFilterFunctionality_Tablet_11-35-22 - [verifyingDiscountFilterFunctionality_Tablet_11-35-22] Total open windows/tabs count -> 2
11:37:35 [TestNG-test-Test-2] INFO  verifyingDiscountFilterFunctionality_Tablet_11-35-22 - [verifyingDiscountFilterFunctionality_Tablet_11-35-22] Original window handle -> A901958FABEDC6226D8CB0356C41773D
11:37:35 [TestNG-test-Test-2] INFO  verifyingDiscountFilterFunctionality_Tablet_11-35-22 - [verifyingDiscountFilterFunctionality_Tablet_11-35-22] Found new tab/window handle -> 2380162D0C8DAC6F8D02F1CE0EA9C69B (will be closed)
11:37:35 [TestNG-test-Test-2] INFO  verifyingDiscountFilterFunctionality_Tablet_11-35-22 - [verifyingDiscountFilterFunctionality_Tablet_11-35-22] Successfully switched to new tab/window -> 2380162D0C8DAC6F8D02F1CE0EA9C69B
11:37:35 [TestNG-test-Test-2] INFO  verifyingDiscountFilterFunctionality_Tablet_11-35-22 - [verifyingDiscountFilterFunctionality_Tablet_11-35-22] Closed the newly opened tab/window -> 2380162D0C8DAC6F8D02F1CE0EA9C69B
11:37:35 [TestNG-test-Test-2] INFO  verifyingDiscountFilterFunctionality_Tablet_11-35-22 - [verifyingDiscountFilterFunctionality_Tablet_11-35-22] Switched back to the original window -> A901958FABEDC6226D8CB0356C41773D
11:37:35 [TestNG-test-Test-2] INFO  verifyingDiscountFilterFunctionality_Tablet_11-35-22 - [verifyingDiscountFilterFunctionality_Tablet_11-35-22]  going back to product listing via closeCurrentWindowAndSwitchBack 
11:37:35 [TestNG-test-Test-2] INFO  verifyingDiscountFilterFunctionality_Tablet_11-35-22 - [verifyingDiscountFilterFunctionality_Tablet_11-35-22]  Added 'filter','title','keyFeatures', 'about', 'techDetails' into the Map -> productResult
11:37:35 [TestNG-test-Test-2] INFO  verifyingDiscountFilterFunctionality_Tablet_11-35-22 - [verifyingDiscountFilterFunctionality_Tablet_11-35-22]  Added 'productResult' Map into the 'results' i.e list of maps 
11:37:35 [TestNG-test-Test-2] INFO  verifyingDiscountFilterFunctionality_Tablet_11-35-22 - [verifyingDiscountFilterFunctionality_Tablet_11-35-22]==========================================================================================================
11:37:35 [TestNG-test-Test-2] INFO  verifyingDiscountFilterFunctionality_Tablet_11-35-22 - [verifyingDiscountFilterFunctionality_Tablet_11-35-22] Within safeFindElements 
11:37:35 [TestNG-test-Test-2] INFO  verifyingDiscountFilterFunctionality_Tablet_11-35-22 - [verifyingDiscountFilterFunctionality_Tablet_11-35-22] Returning the  [[[ChromeDriver: chrome on windows (ee290ec8437c3d384d2322a50832d285)] -> xpath: //div[@data-cy='title-recipe']], [[ChromeDriver: chrome on windows (ee290ec8437c3d384d2322a50832d285)] -> xpath: //div[@data-cy='title-recipe']], [[ChromeDriver: chrome on windows (ee290ec8437c3d384d2322a50832d285)] -> xpath: //div[@data-cy='title-recipe']], [[ChromeDriver: chrome on windows (ee290ec8437c3d384d2322a50832d285)] -> xpath: //div[@data-cy='title-recipe']], [[ChromeDriver: chrome on windows (ee290ec8437c3d384d2322a50832d285)] -> xpath: //div[@data-cy='title-recipe']], [[ChromeDriver: chrome on windows (ee290ec8437c3d384d2322a50832d285)] -> xpath: //div[@data-cy='title-recipe']], [[ChromeDriver: chrome on windows (ee290ec8437c3d384d2322a50832d285)] -> xpath: //div[@data-cy='title-recipe']], [[ChromeDriver: chrome on windows (ee290ec8437c3d384d2322a50832d285)] -> xpath: //div[@data-cy='title-recipe']], [[ChromeDriver: chrome on windows (ee290ec8437c3d384d2322a50832d285)] -> xpath: //div[@data-cy='title-recipe']], [[ChromeDriver: chrome on windows (ee290ec8437c3d384d2322a50832d285)] -> xpath: //div[@data-cy='title-recipe']], [[ChromeDriver: chrome on windows (ee290ec8437c3d384d2322a50832d285)] -> xpath: //div[@data-cy='title-recipe']], [[ChromeDriver: chrome on windows (ee290ec8437c3d384d2322a50832d285)] -> xpath: //div[@data-cy='title-recipe']], [[ChromeDriver: chrome on windows (ee290ec8437c3d384d2322a50832d285)] -> xpath: //div[@data-cy='title-recipe']], [[ChromeDriver: chrome on windows (ee290ec8437c3d384d2322a50832d285)] -> xpath: //div[@data-cy='title-recipe']], [[ChromeDriver: chrome on windows (ee290ec8437c3d384d2322a50832d285)] -> xpath: //div[@data-cy='title-recipe']], [[ChromeDriver: chrome on windows (ee290ec8437c3d384d2322a50832d285)] -> xpath: //div[@data-cy='title-recipe']]] from the safeFindElements method
11:37:35 [TestNG-test-Test-2] INFO  verifyingDiscountFilterFunctionality_Tablet_11-35-22 - [verifyingDiscountFilterFunctionality_Tablet_11-35-22] Within productNameListingPage loop in applyFilterAndValidateProductsWithResult
11:37:35 [TestNG-test-Test-2] INFO  verifyingDiscountFilterFunctionality_Tablet_11-35-22 - [verifyingDiscountFilterFunctionality_Tablet_11-35-22] Within getProductByIndex method
11:37:35 [TestNG-test-Test-2] INFO  verifyingDiscountFilterFunctionality_Tablet_11-35-22 - [verifyingDiscountFilterFunctionality_Tablet_11-35-22] Within safeFindElement method
11:37:36 [TestNG-test-Test-2] INFO  verifyingDiscountFilterFunctionality_Tablet_11-35-22 - [verifyingDiscountFilterFunctionality_Tablet_11-35-22]Found the element returning it ,element ->[[ChromeDriver: chrome on windows (ee290ec8437c3d384d2322a50832d285)] -> xpath: (//div[@data-cy='title-recipe'])[2]]
11:37:36 [TestNG-test-Test-2] INFO  verifyingDiscountFilterFunctionality_Tablet_11-35-22 - [verifyingDiscountFilterFunctionality_Tablet_11-35-22] Within getProductByIndex method
11:37:36 [TestNG-test-Test-2] INFO  verifyingDiscountFilterFunctionality_Tablet_11-35-22 - [verifyingDiscountFilterFunctionality_Tablet_11-35-22] Within smoothScrollToElement method
11:37:36 [TestNG-test-Test-2] INFO  verifyingDiscountFilterFunctionality_Tablet_11-35-22 - [verifyingDiscountFilterFunctionality_Tablet_11-35-22] Within safeFindElement method
11:37:36 [TestNG-test-Test-2] INFO  verifyingDiscountFilterFunctionality_Tablet_11-35-22 - [verifyingDiscountFilterFunctionality_Tablet_11-35-22]Found the element returning it ,element ->[[ChromeDriver: chrome on windows (ee290ec8437c3d384d2322a50832d285)] -> xpath: (//div[@data-cy='title-recipe'])[2]]
11:37:36 [TestNG-test-Test-2] INFO  verifyingDiscountFilterFunctionality_Tablet_11-35-22 - [verifyingDiscountFilterFunctionality_Tablet_11-35-22] Successfully scrolled to element: By.xpath: (//div[@data-cy='title-recipe'])[2]
11:37:36 [TestNG-test-Test-2] INFO  verifyingDiscountFilterFunctionality_Tablet_11-35-22 - [verifyingDiscountFilterFunctionality_Tablet_11-35-22] Getting product by index in productNameListingPage loop
11:37:36 [TestNG-test-Test-2] INFO  verifyingDiscountFilterFunctionality_Tablet_11-35-22 - [verifyingDiscountFilterFunctionality_Tablet_11-35-22] Opened product in new tab via Ctrl+Click inside productNameListingPage loop
11:37:36 [TestNG-test-Test-2] INFO  verifyingDiscountFilterFunctionality_Tablet_11-35-22 - [verifyingDiscountFilterFunctionality_Tablet_11-35-22] Waiting for new window to open...
11:37:36 [TestNG-test-Test-2] INFO  verifyingDiscountFilterFunctionality_Tablet_11-35-22 - [verifyingDiscountFilterFunctionality_Tablet_11-35-22] Switched to new window -> A2F2DDD757A971489E12AEFB21007778
11:37:36 [TestNG-test-Test-2] INFO  verifyingDiscountFilterFunctionality_Tablet_11-35-22 - [verifyingDiscountFilterFunctionality_Tablet_11-35-22] Swithcing to the new window  within productNameListingPage loop
11:37:36 [TestNG-test-Test-2] INFO  verifyingDiscountFilterFunctionality_Tablet_11-35-22 - [verifyingDiscountFilterFunctionality_Tablet_11-35-22] Clicked product name to open in new tab from productNameListingPage loop
11:37:36 [TestNG-test-Test-2] INFO  verifyingDiscountFilterFunctionality_Tablet_11-35-22 - [verifyingDiscountFilterFunctionality_Tablet_11-35-22] Within safeFindElement method
11:37:39 [TestNG-test-Test-2] INFO  verifyingDiscountFilterFunctionality_Tablet_11-35-22 - [verifyingDiscountFilterFunctionality_Tablet_11-35-22]Found the element returning it ,element ->[[ChromeDriver: chrome on windows (ee290ec8437c3d384d2322a50832d285)] -> xpath: //span[@id='productTitle']]
11:37:39 [TestNG-test-Test-2] INFO  verifyingDiscountFilterFunctionality_Tablet_11-35-22 - [verifyingDiscountFilterFunctionality_Tablet_11-35-22] Within safeFindElement method
11:37:40 [TestNG-test-Test-2] INFO  verifyingDiscountFilterFunctionality_Tablet_11-35-22 - [verifyingDiscountFilterFunctionality_Tablet_11-35-22]Found the element returning it ,element ->[[ChromeDriver: chrome on windows (ee290ec8437c3d384d2322a50832d285)] -> xpath: //div[@class='a-section a-spacing-small a-spacing-top-small']]
11:37:40 [TestNG-test-Test-2] INFO  verifyingDiscountFilterFunctionality_Tablet_11-35-22 - [verifyingDiscountFilterFunctionality_Tablet_11-35-22] Within safeFindElement method
11:37:40 [TestNG-test-Test-2] INFO  verifyingDiscountFilterFunctionality_Tablet_11-35-22 - [verifyingDiscountFilterFunctionality_Tablet_11-35-22]Found the element returning it ,element ->[[ChromeDriver: chrome on windows (ee290ec8437c3d384d2322a50832d285)] -> xpath: //div[@id='feature-bullets']]
11:37:40 [TestNG-test-Test-2] INFO  verifyingDiscountFilterFunctionality_Tablet_11-35-22 - [verifyingDiscountFilterFunctionality_Tablet_11-35-22] Within safeFindElement method
11:37:40 [TestNG-test-Test-2] INFO  verifyingDiscountFilterFunctionality_Tablet_11-35-22 - [verifyingDiscountFilterFunctionality_Tablet_11-35-22]Found the element returning it ,element ->[[ChromeDriver: chrome on windows (ee290ec8437c3d384d2322a50832d285)] -> xpath: //div[@id='prodDetails']]
11:37:40 [TestNG-test-Test-2] INFO  verifyingDiscountFilterFunctionality_Tablet_11-35-22 - [verifyingDiscountFilterFunctionality_Tablet_11-35-22] Extracting 'name' , 'keyFeatures', 'about' , 'techDetails' within productNameListingPage loop
11:37:40 [TestNG-test-Test-2] INFO  verifyingDiscountFilterFunctionality_Tablet_11-35-22 - [verifyingDiscountFilterFunctionality_Tablet_11-35-22] Waiting until element is visible in viewport
11:37:50 [TestNG-test-Test-2] INFO  verifyingDiscountFilterFunctionality_Tablet_11-35-22 - [verifyingDiscountFilterFunctionality_Tablet_11-35-22] Within smoothScrollToElement method
11:37:50 [TestNG-test-Test-2] INFO  verifyingDiscountFilterFunctionality_Tablet_11-35-22 - [verifyingDiscountFilterFunctionality_Tablet_11-35-22] Within safeFindElement method
11:37:50 [TestNG-test-Test-2] INFO  verifyingDiscountFilterFunctionality_Tablet_11-35-22 - [verifyingDiscountFilterFunctionality_Tablet_11-35-22]Found the element returning it ,element ->[[ChromeDriver: chrome on windows (ee290ec8437c3d384d2322a50832d285)] -> xpath: //a[@id='seeMoreDetailsLink']]
11:37:50 [TestNG-test-Test-2] INFO  verifyingDiscountFilterFunctionality_Tablet_11-35-22 - [verifyingDiscountFilterFunctionality_Tablet_11-35-22] Successfully scrolled to element: By.xpath: //a[@id='seeMoreDetailsLink']
11:37:50 [TestNG-test-Test-2] INFO  verifyingDiscountFilterFunctionality_Tablet_11-35-22 - [verifyingDiscountFilterFunctionality_Tablet_11-35-22] Within safeClick method
11:37:50 [TestNG-test-Test-2] INFO  verifyingDiscountFilterFunctionality_Tablet_11-35-22 - [verifyingDiscountFilterFunctionality_Tablet_11-35-22] Clicked the  [[ChromeDriver: chrome on windows (ee290ec8437c3d384d2322a50832d285)] -> xpath: //a[@id='seeMoreDetailsLink']]   using safeClick
11:37:50 [TestNG-test-Test-2] INFO  verifyingDiscountFilterFunctionality_Tablet_11-35-22 - [verifyingDiscountFilterFunctionality_Tablet_11-35-22] Within try block for clicking see more deatils within productNameListingPage loop
11:37:50 [TestNG-test-Test-2] INFO  verifyingDiscountFilterFunctionality_Tablet_11-35-22 - [verifyingDiscountFilterFunctionality_Tablet_11-35-22] Within closeCurrentWindowAndSwitchBack method
11:37:50 [TestNG-test-Test-2] INFO  verifyingDiscountFilterFunctionality_Tablet_11-35-22 - [verifyingDiscountFilterFunctionality_Tablet_11-35-22] Total open windows/tabs count -> 2
11:37:50 [TestNG-test-Test-2] INFO  verifyingDiscountFilterFunctionality_Tablet_11-35-22 - [verifyingDiscountFilterFunctionality_Tablet_11-35-22] Original window handle -> A901958FABEDC6226D8CB0356C41773D
11:37:50 [TestNG-test-Test-2] INFO  verifyingDiscountFilterFunctionality_Tablet_11-35-22 - [verifyingDiscountFilterFunctionality_Tablet_11-35-22] Found new tab/window handle -> A2F2DDD757A971489E12AEFB21007778 (will be closed)
11:37:50 [TestNG-test-Test-2] INFO  verifyingDiscountFilterFunctionality_Tablet_11-35-22 - [verifyingDiscountFilterFunctionality_Tablet_11-35-22] Successfully switched to new tab/window -> A2F2DDD757A971489E12AEFB21007778
11:37:50 [TestNG-test-Test-2] INFO  verifyingDiscountFilterFunctionality_Tablet_11-35-22 - [verifyingDiscountFilterFunctionality_Tablet_11-35-22] Closed the newly opened tab/window -> A2F2DDD757A971489E12AEFB21007778
11:37:50 [TestNG-test-Test-2] INFO  verifyingDiscountFilterFunctionality_Tablet_11-35-22 - [verifyingDiscountFilterFunctionality_Tablet_11-35-22] Switched back to the original window -> A901958FABEDC6226D8CB0356C41773D
11:37:50 [TestNG-test-Test-2] INFO  verifyingDiscountFilterFunctionality_Tablet_11-35-22 - [verifyingDiscountFilterFunctionality_Tablet_11-35-22]  going back to product listing via closeCurrentWindowAndSwitchBack 
11:37:50 [TestNG-test-Test-2] INFO  verifyingDiscountFilterFunctionality_Tablet_11-35-22 - [verifyingDiscountFilterFunctionality_Tablet_11-35-22]  Added 'filter','title','keyFeatures', 'about', 'techDetails' into the Map -> productResult
11:37:50 [TestNG-test-Test-2] INFO  verifyingDiscountFilterFunctionality_Tablet_11-35-22 - [verifyingDiscountFilterFunctionality_Tablet_11-35-22]  Added 'productResult' Map into the 'results' i.e list of maps 
11:37:50 [TestNG-test-Test-2] INFO  verifyingDiscountFilterFunctionality_Tablet_11-35-22 - [verifyingDiscountFilterFunctionality_Tablet_11-35-22]==========================================================================================================
11:37:50 [TestNG-test-Test-2] INFO  verifyingDiscountFilterFunctionality_Tablet_11-35-22 - [verifyingDiscountFilterFunctionality_Tablet_11-35-22] Within safeClick method
11:37:50 [TestNG-test-Test-2] INFO  verifyingDiscountFilterFunctionality_Tablet_11-35-22 - [verifyingDiscountFilterFunctionality_Tablet_11-35-22] Clicked the  [[ChromeDriver: chrome on windows (ee290ec8437c3d384d2322a50832d285)] -> xpath: //span[@class='a-size-base a-color-base' and text()='Clear']]   using safeClick
11:37:50 [TestNG-test-Test-2] INFO  verifyingDiscountFilterFunctionality_Tablet_11-35-22 - [verifyingDiscountFilterFunctionality_Tablet_11-35-22] Clearing the filter value ->35% Off or morewithin productNameListingPage loop
11:37:50 [TestNG-test-Test-2] INFO  verifyingDiscountFilterFunctionality_Tablet_11-35-22 - [verifyingDiscountFilterFunctionality_Tablet_11-35-22]==========================================================================================================
11:37:50 [TestNG-test-Test-2] INFO  verifyingDiscountFilterFunctionality_Tablet_11-35-22 - [verifyingDiscountFilterFunctionality_Tablet_11-35-22]==========================================================================================================
11:37:50 [TestNG-test-Test-2] INFO  verifyingDiscountFilterFunctionality_Tablet_11-35-22 - [verifyingDiscountFilterFunctionality_Tablet_11-35-22] returning the 'results' i.e list of Maps
11:37:50 [TestNG-test-Test-2] ERROR verifyingDiscountFilterFunctionality_Tablet_11-35-22 - [verifyingDiscountFilterFunctionality_Tablet_11-35-22] Text Not present within Under containsCheck Method, text checked is  10%
11:37:50 [TestNG-test-Test-2] ERROR verifyingDiscountFilterFunctionality_Tablet_11-35-22 - [verifyingDiscountFilterFunctionality_Tablet_11-35-22] Text Not present within Under containsCheck Method, text checked is  off
11:37:50 [TestNG-test-Test-2] ERROR verifyingDiscountFilterFunctionality_Tablet_11-35-22 - [verifyingDiscountFilterFunctionality_Tablet_11-35-22] Text present within Under containsCheck Method, text checked is  or
11:37:50 [TestNG-test-Test-2] ERROR verifyingDiscountFilterFunctionality_Tablet_11-35-22 - [verifyingDiscountFilterFunctionality_Tablet_11-35-22] Text present within Under containsCheck Method, text checked is  more
11:37:50 [TestNG-test-Test-2] ERROR verifyingDiscountFilterFunctionality_Tablet_11-35-22 - [verifyingDiscountFilterFunctionality_Tablet_11-35-22] Text Not present within Under containsCheck Method, text checked is  10%
11:37:50 [TestNG-test-Test-2] ERROR verifyingDiscountFilterFunctionality_Tablet_11-35-22 - [verifyingDiscountFilterFunctionality_Tablet_11-35-22] Text Not present within Under containsCheck Method, text checked is  off
11:37:50 [TestNG-test-Test-2] ERROR verifyingDiscountFilterFunctionality_Tablet_11-35-22 - [verifyingDiscountFilterFunctionality_Tablet_11-35-22] Text present within Under containsCheck Method, text checked is  or
11:37:50 [TestNG-test-Test-2] ERROR verifyingDiscountFilterFunctionality_Tablet_11-35-22 - [verifyingDiscountFilterFunctionality_Tablet_11-35-22] Text Not present within Under containsCheck Method, text checked is  more
11:37:50 [TestNG-test-Test-2] ERROR verifyingDiscountFilterFunctionality_Tablet_11-35-22 - [verifyingDiscountFilterFunctionality_Tablet_11-35-22] Text Not present within Under containsCheck Method, text checked is  10%
11:37:50 [TestNG-test-Test-2] ERROR verifyingDiscountFilterFunctionality_Tablet_11-35-22 - [verifyingDiscountFilterFunctionality_Tablet_11-35-22] Text Not present within Under containsCheck Method, text checked is  off
11:37:50 [TestNG-test-Test-2] ERROR verifyingDiscountFilterFunctionality_Tablet_11-35-22 - [verifyingDiscountFilterFunctionality_Tablet_11-35-22] Text present within Under containsCheck Method, text checked is  or
11:37:50 [TestNG-test-Test-2] ERROR verifyingDiscountFilterFunctionality_Tablet_11-35-22 - [verifyingDiscountFilterFunctionality_Tablet_11-35-22] Text present within Under containsCheck Method, text checked is  more
11:37:50 [TestNG-test-Test-2] ERROR verifyingDiscountFilterFunctionality_Tablet_11-35-22 - [verifyingDiscountFilterFunctionality_Tablet_11-35-22] Text Not present within Under containsCheck Method, text checked is  10%
11:37:50 [TestNG-test-Test-2] ERROR verifyingDiscountFilterFunctionality_Tablet_11-35-22 - [verifyingDiscountFilterFunctionality_Tablet_11-35-22] Text Not present within Under containsCheck Method, text checked is  off
11:37:50 [TestNG-test-Test-2] ERROR verifyingDiscountFilterFunctionality_Tablet_11-35-22 - [verifyingDiscountFilterFunctionality_Tablet_11-35-22] Text present within Under containsCheck Method, text checked is  or
11:37:50 [TestNG-test-Test-2] ERROR verifyingDiscountFilterFunctionality_Tablet_11-35-22 - [verifyingDiscountFilterFunctionality_Tablet_11-35-22] Text Not present within Under containsCheck Method, text checked is  more
11:37:50 [TestNG-test-Test-2] ERROR verifyingDiscountFilterFunctionality_Tablet_11-35-22 - [verifyingDiscountFilterFunctionality_Tablet_11-35-22] Mismatch found for filter '10% off or more' on product 'redmi pad 2, wifi active pen support, 27.94cm(11") model, 2.5k sharp & clear display, 4gb, 128gb, all day & more 9000mah battery, ai-enabled, dolby atmos, hyperos 2, graphite grey'
11:37:50 [TestNG-test-Test-2] ERROR verifyingDiscountFilterFunctionality_Tablet_11-35-22 - [verifyingDiscountFilterFunctionality_Tablet_11-35-22] Text Not present within Under containsCheck Method, text checked is  10%
11:37:50 [TestNG-test-Test-2] ERROR verifyingDiscountFilterFunctionality_Tablet_11-35-22 - [verifyingDiscountFilterFunctionality_Tablet_11-35-22] Text Not present within Under containsCheck Method, text checked is  off
11:37:50 [TestNG-test-Test-2] ERROR verifyingDiscountFilterFunctionality_Tablet_11-35-22 - [verifyingDiscountFilterFunctionality_Tablet_11-35-22] Text present within Under containsCheck Method, text checked is  or
11:37:50 [TestNG-test-Test-2] ERROR verifyingDiscountFilterFunctionality_Tablet_11-35-22 - [verifyingDiscountFilterFunctionality_Tablet_11-35-22] Text Not present within Under containsCheck Method, text checked is  more
11:37:50 [TestNG-test-Test-2] ERROR verifyingDiscountFilterFunctionality_Tablet_11-35-22 - [verifyingDiscountFilterFunctionality_Tablet_11-35-22] Text Not present within Under containsCheck Method, text checked is  10%
11:37:50 [TestNG-test-Test-2] ERROR verifyingDiscountFilterFunctionality_Tablet_11-35-22 - [verifyingDiscountFilterFunctionality_Tablet_11-35-22] Text Not present within Under containsCheck Method, text checked is  off
11:37:50 [TestNG-test-Test-2] ERROR verifyingDiscountFilterFunctionality_Tablet_11-35-22 - [verifyingDiscountFilterFunctionality_Tablet_11-35-22] Text present within Under containsCheck Method, text checked is  or
11:37:50 [TestNG-test-Test-2] ERROR verifyingDiscountFilterFunctionality_Tablet_11-35-22 - [verifyingDiscountFilterFunctionality_Tablet_11-35-22] Text Not present within Under containsCheck Method, text checked is  more
11:37:50 [TestNG-test-Test-2] ERROR verifyingDiscountFilterFunctionality_Tablet_11-35-22 - [verifyingDiscountFilterFunctionality_Tablet_11-35-22] Text Not present within Under containsCheck Method, text checked is  10%
11:37:50 [TestNG-test-Test-2] ERROR verifyingDiscountFilterFunctionality_Tablet_11-35-22 - [verifyingDiscountFilterFunctionality_Tablet_11-35-22] Text Not present within Under containsCheck Method, text checked is  off
11:37:50 [TestNG-test-Test-2] ERROR verifyingDiscountFilterFunctionality_Tablet_11-35-22 - [verifyingDiscountFilterFunctionality_Tablet_11-35-22] Text present within Under containsCheck Method, text checked is  or
11:37:50 [TestNG-test-Test-2] ERROR verifyingDiscountFilterFunctionality_Tablet_11-35-22 - [verifyingDiscountFilterFunctionality_Tablet_11-35-22] Text present within Under containsCheck Method, text checked is  more
11:37:50 [TestNG-test-Test-2] ERROR verifyingDiscountFilterFunctionality_Tablet_11-35-22 - [verifyingDiscountFilterFunctionality_Tablet_11-35-22] Text Not present within Under containsCheck Method, text checked is  10%
11:37:50 [TestNG-test-Test-2] ERROR verifyingDiscountFilterFunctionality_Tablet_11-35-22 - [verifyingDiscountFilterFunctionality_Tablet_11-35-22] Text Not present within Under containsCheck Method, text checked is  off
11:37:50 [TestNG-test-Test-2] ERROR verifyingDiscountFilterFunctionality_Tablet_11-35-22 - [verifyingDiscountFilterFunctionality_Tablet_11-35-22] Text present within Under containsCheck Method, text checked is  or
11:37:50 [TestNG-test-Test-2] ERROR verifyingDiscountFilterFunctionality_Tablet_11-35-22 - [verifyingDiscountFilterFunctionality_Tablet_11-35-22] Text Not present within Under containsCheck Method, text checked is  more
11:37:50 [TestNG-test-Test-2] ERROR verifyingDiscountFilterFunctionality_Tablet_11-35-22 - [verifyingDiscountFilterFunctionality_Tablet_11-35-22] Mismatch found for filter '10% off or more' on product 'domo slate sl40 2c tablet for students foundation exams, 10 inch android tablet, ips display, 4g dual sim, 4gb ram, 32gb storage (expandable to 1tb), octa-core processor, gps, wifi, bluetooth (grey)'
11:37:50 [TestNG-test-Test-2] ERROR verifyingDiscountFilterFunctionality_Tablet_11-35-22 - [verifyingDiscountFilterFunctionality_Tablet_11-35-22] Text Not present within Under containsCheck Method, text checked is  25%
11:37:50 [TestNG-test-Test-2] ERROR verifyingDiscountFilterFunctionality_Tablet_11-35-22 - [verifyingDiscountFilterFunctionality_Tablet_11-35-22] Text Not present within Under containsCheck Method, text checked is  off
11:37:50 [TestNG-test-Test-2] ERROR verifyingDiscountFilterFunctionality_Tablet_11-35-22 - [verifyingDiscountFilterFunctionality_Tablet_11-35-22] Text present within Under containsCheck Method, text checked is  or
11:37:50 [TestNG-test-Test-2] ERROR verifyingDiscountFilterFunctionality_Tablet_11-35-22 - [verifyingDiscountFilterFunctionality_Tablet_11-35-22] Text present within Under containsCheck Method, text checked is  more
11:37:50 [TestNG-test-Test-2] ERROR verifyingDiscountFilterFunctionality_Tablet_11-35-22 - [verifyingDiscountFilterFunctionality_Tablet_11-35-22] Text Not present within Under containsCheck Method, text checked is  25%
11:37:50 [TestNG-test-Test-2] ERROR verifyingDiscountFilterFunctionality_Tablet_11-35-22 - [verifyingDiscountFilterFunctionality_Tablet_11-35-22] Text Not present within Under containsCheck Method, text checked is  off
11:37:50 [TestNG-test-Test-2] ERROR verifyingDiscountFilterFunctionality_Tablet_11-35-22 - [verifyingDiscountFilterFunctionality_Tablet_11-35-22] Text present within Under containsCheck Method, text checked is  or
11:37:50 [TestNG-test-Test-2] ERROR verifyingDiscountFilterFunctionality_Tablet_11-35-22 - [verifyingDiscountFilterFunctionality_Tablet_11-35-22] Text Not present within Under containsCheck Method, text checked is  more
11:37:50 [TestNG-test-Test-2] ERROR verifyingDiscountFilterFunctionality_Tablet_11-35-22 - [verifyingDiscountFilterFunctionality_Tablet_11-35-22] Text Not present within Under containsCheck Method, text checked is  25%
11:37:50 [TestNG-test-Test-2] ERROR verifyingDiscountFilterFunctionality_Tablet_11-35-22 - [verifyingDiscountFilterFunctionality_Tablet_11-35-22] Text Not present within Under containsCheck Method, text checked is  off
11:37:50 [TestNG-test-Test-2] ERROR verifyingDiscountFilterFunctionality_Tablet_11-35-22 - [verifyingDiscountFilterFunctionality_Tablet_11-35-22] Text present within Under containsCheck Method, text checked is  or
11:37:50 [TestNG-test-Test-2] ERROR verifyingDiscountFilterFunctionality_Tablet_11-35-22 - [verifyingDiscountFilterFunctionality_Tablet_11-35-22] Text present within Under containsCheck Method, text checked is  more
11:37:50 [TestNG-test-Test-2] ERROR verifyingDiscountFilterFunctionality_Tablet_11-35-22 - [verifyingDiscountFilterFunctionality_Tablet_11-35-22] Text Not present within Under containsCheck Method, text checked is  25%
11:37:50 [TestNG-test-Test-2] ERROR verifyingDiscountFilterFunctionality_Tablet_11-35-22 - [verifyingDiscountFilterFunctionality_Tablet_11-35-22] Text Not present within Under containsCheck Method, text checked is  off
11:37:50 [TestNG-test-Test-2] ERROR verifyingDiscountFilterFunctionality_Tablet_11-35-22 - [verifyingDiscountFilterFunctionality_Tablet_11-35-22] Text present within Under containsCheck Method, text checked is  or
11:37:50 [TestNG-test-Test-2] ERROR verifyingDiscountFilterFunctionality_Tablet_11-35-22 - [verifyingDiscountFilterFunctionality_Tablet_11-35-22] Text Not present within Under containsCheck Method, text checked is  more
11:37:50 [TestNG-test-Test-2] ERROR verifyingDiscountFilterFunctionality_Tablet_11-35-22 - [verifyingDiscountFilterFunctionality_Tablet_11-35-22] Mismatch found for filter '25% off or more' on product 'redmi pad 2, wifi active pen support, 27.94cm(11") model, 2.5k sharp & clear display, 4gb, 128gb, all day & more 9000mah battery, ai-enabled, dolby atmos, hyperos 2, graphite grey'
11:37:50 [TestNG-test-Test-2] ERROR verifyingDiscountFilterFunctionality_Tablet_11-35-22 - [verifyingDiscountFilterFunctionality_Tablet_11-35-22] Text Not present within Under containsCheck Method, text checked is  25%
11:37:50 [TestNG-test-Test-2] ERROR verifyingDiscountFilterFunctionality_Tablet_11-35-22 - [verifyingDiscountFilterFunctionality_Tablet_11-35-22] Text Not present within Under containsCheck Method, text checked is  off
11:37:50 [TestNG-test-Test-2] ERROR verifyingDiscountFilterFunctionality_Tablet_11-35-22 - [verifyingDiscountFilterFunctionality_Tablet_11-35-22] Text Not present within Under containsCheck Method, text checked is  or
11:37:50 [TestNG-test-Test-2] ERROR verifyingDiscountFilterFunctionality_Tablet_11-35-22 - [verifyingDiscountFilterFunctionality_Tablet_11-35-22] Text Not present within Under containsCheck Method, text checked is  more
11:37:50 [TestNG-test-Test-2] ERROR verifyingDiscountFilterFunctionality_Tablet_11-35-22 - [verifyingDiscountFilterFunctionality_Tablet_11-35-22] Text Not present within Under containsCheck Method, text checked is  25%
11:37:50 [TestNG-test-Test-2] ERROR verifyingDiscountFilterFunctionality_Tablet_11-35-22 - [verifyingDiscountFilterFunctionality_Tablet_11-35-22] Text Not present within Under containsCheck Method, text checked is  off
11:37:50 [TestNG-test-Test-2] ERROR verifyingDiscountFilterFunctionality_Tablet_11-35-22 - [verifyingDiscountFilterFunctionality_Tablet_11-35-22] Text present within Under containsCheck Method, text checked is  or
11:37:50 [TestNG-test-Test-2] ERROR verifyingDiscountFilterFunctionality_Tablet_11-35-22 - [verifyingDiscountFilterFunctionality_Tablet_11-35-22] Text Not present within Under containsCheck Method, text checked is  more
11:37:50 [TestNG-test-Test-2] ERROR verifyingDiscountFilterFunctionality_Tablet_11-35-22 - [verifyingDiscountFilterFunctionality_Tablet_11-35-22] Text Not present within Under containsCheck Method, text checked is  25%
11:37:50 [TestNG-test-Test-2] ERROR verifyingDiscountFilterFunctionality_Tablet_11-35-22 - [verifyingDiscountFilterFunctionality_Tablet_11-35-22] Text Not present within Under containsCheck Method, text checked is  off
11:37:50 [TestNG-test-Test-2] ERROR verifyingDiscountFilterFunctionality_Tablet_11-35-22 - [verifyingDiscountFilterFunctionality_Tablet_11-35-22] Text present within Under containsCheck Method, text checked is  or
11:37:50 [TestNG-test-Test-2] ERROR verifyingDiscountFilterFunctionality_Tablet_11-35-22 - [verifyingDiscountFilterFunctionality_Tablet_11-35-22] Text present within Under containsCheck Method, text checked is  more
11:37:50 [TestNG-test-Test-2] ERROR verifyingDiscountFilterFunctionality_Tablet_11-35-22 - [verifyingDiscountFilterFunctionality_Tablet_11-35-22] Text Not present within Under containsCheck Method, text checked is  25%
11:37:50 [TestNG-test-Test-2] ERROR verifyingDiscountFilterFunctionality_Tablet_11-35-22 - [verifyingDiscountFilterFunctionality_Tablet_11-35-22] Text Not present within Under containsCheck Method, text checked is  off
11:37:50 [TestNG-test-Test-2] ERROR verifyingDiscountFilterFunctionality_Tablet_11-35-22 - [verifyingDiscountFilterFunctionality_Tablet_11-35-22] Text present within Under containsCheck Method, text checked is  or
11:37:50 [TestNG-test-Test-2] ERROR verifyingDiscountFilterFunctionality_Tablet_11-35-22 - [verifyingDiscountFilterFunctionality_Tablet_11-35-22] Text Not present within Under containsCheck Method, text checked is  more
11:37:50 [TestNG-test-Test-2] ERROR verifyingDiscountFilterFunctionality_Tablet_11-35-22 - [verifyingDiscountFilterFunctionality_Tablet_11-35-22] Mismatch found for filter '25% off or more' on product 'samsung galaxy tab s10 lite [smartchoice], 10.9-inch (27.7 cm), lcd display, 6gb ram, 128gb rom, wi-fi, dual speakers, s pen, gray, ai enabled'
11:37:50 [TestNG-test-Test-2] ERROR verifyingDiscountFilterFunctionality_Tablet_11-35-22 - [verifyingDiscountFilterFunctionality_Tablet_11-35-22] Text Not present within Under containsCheck Method, text checked is  35%
11:37:50 [TestNG-test-Test-2] ERROR verifyingDiscountFilterFunctionality_Tablet_11-35-22 - [verifyingDiscountFilterFunctionality_Tablet_11-35-22] Text Not present within Under containsCheck Method, text checked is  off
11:37:50 [TestNG-test-Test-2] ERROR verifyingDiscountFilterFunctionality_Tablet_11-35-22 - [verifyingDiscountFilterFunctionality_Tablet_11-35-22] Text Not present within Under containsCheck Method, text checked is  or
11:37:50 [TestNG-test-Test-2] ERROR verifyingDiscountFilterFunctionality_Tablet_11-35-22 - [verifyingDiscountFilterFunctionality_Tablet_11-35-22] Text Not present within Under containsCheck Method, text checked is  more
11:37:50 [TestNG-test-Test-2] ERROR verifyingDiscountFilterFunctionality_Tablet_11-35-22 - [verifyingDiscountFilterFunctionality_Tablet_11-35-22] Text Not present within Under containsCheck Method, text checked is  35%
11:37:50 [TestNG-test-Test-2] ERROR verifyingDiscountFilterFunctionality_Tablet_11-35-22 - [verifyingDiscountFilterFunctionality_Tablet_11-35-22] Text Not present within Under containsCheck Method, text checked is  off
11:37:50 [TestNG-test-Test-2] ERROR verifyingDiscountFilterFunctionality_Tablet_11-35-22 - [verifyingDiscountFilterFunctionality_Tablet_11-35-22] Text present within Under containsCheck Method, text checked is  or
11:37:50 [TestNG-test-Test-2] ERROR verifyingDiscountFilterFunctionality_Tablet_11-35-22 - [verifyingDiscountFilterFunctionality_Tablet_11-35-22] Text Not present within Under containsCheck Method, text checked is  more
11:37:50 [TestNG-test-Test-2] ERROR verifyingDiscountFilterFunctionality_Tablet_11-35-22 - [verifyingDiscountFilterFunctionality_Tablet_11-35-22] Text Not present within Under containsCheck Method, text checked is  35%
11:37:50 [TestNG-test-Test-2] ERROR verifyingDiscountFilterFunctionality_Tablet_11-35-22 - [verifyingDiscountFilterFunctionality_Tablet_11-35-22] Text present within Under containsCheck Method, text checked is  off
11:37:50 [TestNG-test-Test-2] ERROR verifyingDiscountFilterFunctionality_Tablet_11-35-22 - [verifyingDiscountFilterFunctionality_Tablet_11-35-22] Text present within Under containsCheck Method, text checked is  or
11:37:50 [TestNG-test-Test-2] ERROR verifyingDiscountFilterFunctionality_Tablet_11-35-22 - [verifyingDiscountFilterFunctionality_Tablet_11-35-22] Text present within Under containsCheck Method, text checked is  more
11:37:50 [TestNG-test-Test-2] ERROR verifyingDiscountFilterFunctionality_Tablet_11-35-22 - [verifyingDiscountFilterFunctionality_Tablet_11-35-22] Text Not present within Under containsCheck Method, text checked is  35%
11:37:50 [TestNG-test-Test-2] ERROR verifyingDiscountFilterFunctionality_Tablet_11-35-22 - [verifyingDiscountFilterFunctionality_Tablet_11-35-22] Text Not present within Under containsCheck Method, text checked is  off
11:37:50 [TestNG-test-Test-2] ERROR verifyingDiscountFilterFunctionality_Tablet_11-35-22 - [verifyingDiscountFilterFunctionality_Tablet_11-35-22] Text present within Under containsCheck Method, text checked is  or
11:37:50 [TestNG-test-Test-2] ERROR verifyingDiscountFilterFunctionality_Tablet_11-35-22 - [verifyingDiscountFilterFunctionality_Tablet_11-35-22] Text Not present within Under containsCheck Method, text checked is  more
11:37:50 [TestNG-test-Test-2] ERROR verifyingDiscountFilterFunctionality_Tablet_11-35-22 - [verifyingDiscountFilterFunctionality_Tablet_11-35-22] Mismatch found for filter '35% off or more' on product 'lenovo {smartchoice} idea tab pro with pen plus|12.7" 3k display|144 hz refresh|8 gb ram, 128 gb rom|ai-enabled| mediatek dimensity 8300| quad jbl speakers| 10200 mah battery with 45 w charger|wifi 6e'
11:37:50 [TestNG-test-Test-2] ERROR verifyingDiscountFilterFunctionality_Tablet_11-35-22 - [verifyingDiscountFilterFunctionality_Tablet_11-35-22] Text Not present within Under containsCheck Method, text checked is  35%
11:37:50 [TestNG-test-Test-2] ERROR verifyingDiscountFilterFunctionality_Tablet_11-35-22 - [verifyingDiscountFilterFunctionality_Tablet_11-35-22] Text Not present within Under containsCheck Method, text checked is  off
11:37:50 [TestNG-test-Test-2] ERROR verifyingDiscountFilterFunctionality_Tablet_11-35-22 - [verifyingDiscountFilterFunctionality_Tablet_11-35-22] Text Not present within Under containsCheck Method, text checked is  or
11:37:50 [TestNG-test-Test-2] ERROR verifyingDiscountFilterFunctionality_Tablet_11-35-22 - [verifyingDiscountFilterFunctionality_Tablet_11-35-22] Text Not present within Under containsCheck Method, text checked is  more
11:37:50 [TestNG-test-Test-2] ERROR verifyingDiscountFilterFunctionality_Tablet_11-35-22 - [verifyingDiscountFilterFunctionality_Tablet_11-35-22] Text Not present within Under containsCheck Method, text checked is  35%
11:37:50 [TestNG-test-Test-2] ERROR verifyingDiscountFilterFunctionality_Tablet_11-35-22 - [verifyingDiscountFilterFunctionality_Tablet_11-35-22] Text Not present within Under containsCheck Method, text checked is  off
11:37:50 [TestNG-test-Test-2] ERROR verifyingDiscountFilterFunctionality_Tablet_11-35-22 - [verifyingDiscountFilterFunctionality_Tablet_11-35-22] Text present within Under containsCheck Method, text checked is  or
11:37:50 [TestNG-test-Test-2] ERROR verifyingDiscountFilterFunctionality_Tablet_11-35-22 - [verifyingDiscountFilterFunctionality_Tablet_11-35-22] Text Not present within Under containsCheck Method, text checked is  more
11:37:50 [TestNG-test-Test-2] ERROR verifyingDiscountFilterFunctionality_Tablet_11-35-22 - [verifyingDiscountFilterFunctionality_Tablet_11-35-22] Text Not present within Under containsCheck Method, text checked is  35%
11:37:50 [TestNG-test-Test-2] ERROR verifyingDiscountFilterFunctionality_Tablet_11-35-22 - [verifyingDiscountFilterFunctionality_Tablet_11-35-22] Text Not present within Under containsCheck Method, text checked is  off
11:37:50 [TestNG-test-Test-2] ERROR verifyingDiscountFilterFunctionality_Tablet_11-35-22 - [verifyingDiscountFilterFunctionality_Tablet_11-35-22] Text present within Under containsCheck Method, text checked is  or
11:37:50 [TestNG-test-Test-2] ERROR verifyingDiscountFilterFunctionality_Tablet_11-35-22 - [verifyingDiscountFilterFunctionality_Tablet_11-35-22] Text present within Under containsCheck Method, text checked is  more
11:37:50 [TestNG-test-Test-2] ERROR verifyingDiscountFilterFunctionality_Tablet_11-35-22 - [verifyingDiscountFilterFunctionality_Tablet_11-35-22] Text Not present within Under containsCheck Method, text checked is  35%
11:37:50 [TestNG-test-Test-2] ERROR verifyingDiscountFilterFunctionality_Tablet_11-35-22 - [verifyingDiscountFilterFunctionality_Tablet_11-35-22] Text Not present within Under containsCheck Method, text checked is  off
11:37:50 [TestNG-test-Test-2] ERROR verifyingDiscountFilterFunctionality_Tablet_11-35-22 - [verifyingDiscountFilterFunctionality_Tablet_11-35-22] Text present within Under containsCheck Method, text checked is  or
11:37:50 [TestNG-test-Test-2] ERROR verifyingDiscountFilterFunctionality_Tablet_11-35-22 - [verifyingDiscountFilterFunctionality_Tablet_11-35-22] Text Not present within Under containsCheck Method, text checked is  more
11:37:50 [TestNG-test-Test-2] ERROR verifyingDiscountFilterFunctionality_Tablet_11-35-22 - [verifyingDiscountFilterFunctionality_Tablet_11-35-22] Mismatch found for filter '35% off or more' on product 'samsung galaxy tab s10 lite [smartchoice], 10.9-inch (27.7 cm), lcd display, 6gb ram, 128gb rom, wi-fi, dual speakers, s pen, gray, ai enabled'
11:37:50 [TestNG-test-Test-2] INFO  verifyingDiscountFilterFunctionality_Tablet_11-35-22 - [verifyingDiscountFilterFunctionality_Tablet_11-35-22]  Final assertion for Discount filter validation...
